listing_id	category_slug	genre	region	category_ordinal	listed_name	prefecture	area_text	tabelog_url	tabelog_id	source_url	category_official_count
HYK2020-0001	bread_tokyo	パン	TOKYO	1	ジャンティーユ	東京都	東京都 目黒駅	https://tabelog.com/tokyo/A1316/A131601/13044382/	13044382	https://award.tabelog.com/hyakumeiten/bread_tokyo/2020	100
HYK2020-0002	bread_tokyo	パン	TOKYO	2	リンデ 吉祥寺本店	東京都	東京都 吉祥寺駅	https://tabelog.com/tokyo/A1320/A132001/13005831/	13005831	https://award.tabelog.com/hyakumeiten/bread_tokyo/2020	100
HYK2020-0003	bread_tokyo	パン	TOKYO	3	ブーランジェリー・イアナック	東京都	東京都 西日暮里駅	https://tabelog.com/tokyo/A1311/A131105/13048516/	13048516	https://award.tabelog.com/hyakumeiten/bread_tokyo/2020	100
HYK2020-0004	bread_tokyo	パン	TOKYO	4	レフェクトワール	東京都	東京都 明治神宮前駅	https://tabelog.com/tokyo/A1306/A130601/13149666/	13149666	https://award.tabelog.com/hyakumeiten/bread_tokyo/2020	100
HYK2020-0005	bread_tokyo	パン	TOKYO	5	ル・グルニエ・ア・パン アトレ恵比寿店	東京都	東京都 恵比寿駅	https://tabelog.com/tokyo/A1303/A130302/13194633/	13194633	https://award.tabelog.com/hyakumeiten/bread_tokyo/2020	100
HYK2020-0006	bread_tokyo	パン	TOKYO	6	パン オ フゥ	東京都	東京都 五反田駅	https://tabelog.com/tokyo/A1316/A131603/13120288/	13120288	https://award.tabelog.com/hyakumeiten/bread_tokyo/2020	100
HYK2020-0007	bread_tokyo	パン	TOKYO	7	ブーランジェリー ボネダンヌ	東京都	東京都 三軒茶屋駅	https://tabelog.com/tokyo/A1317/A131705/13158722/	13158722	https://award.tabelog.com/hyakumeiten/bread_tokyo/2020	100
HYK2020-0008	bread_tokyo	パン	TOKYO	8	亀井堂	東京都	東京都 神楽坂駅	https://tabelog.com/tokyo/A1309/A130905/13000473/	13000473	https://award.tabelog.com/hyakumeiten/bread_tokyo/2020	100
HYK2020-0009	bread_tokyo	パン	TOKYO	9	セル・オ・ブレ	東京都	東京都 武蔵小山駅	https://tabelog.com/tokyo/A1317/A131710/13044661/	13044661	https://award.tabelog.com/hyakumeiten/bread_tokyo/2020	100
HYK2020-0010	bread_tokyo	パン	TOKYO	10	ネモ・ベーカリー＆カフェ 武蔵小山 本店	東京都	東京都 武蔵小山駅	https://tabelog.com/tokyo/A1317/A131710/13045550/	13045550	https://award.tabelog.com/hyakumeiten/bread_tokyo/2020	100
HYK2020-0011	bread_tokyo	パン	TOKYO	11	ラトリエ･デュ･パン	東京都	東京都 六本木駅	https://tabelog.com/tokyo/A1307/A130701/13147689/	13147689	https://award.tabelog.com/hyakumeiten/bread_tokyo/2020	100
HYK2020-0012	bread_tokyo	パン	TOKYO	12	ル・プチメック 日比谷店	東京都	東京都 日比谷駅	https://tabelog.com/tokyo/A1301/A130102/13219670/	13219670	https://award.tabelog.com/hyakumeiten/bread_tokyo/2020	100
HYK2020-0013	bread_tokyo	パン	TOKYO	13	ラ ブティック ドゥ ジョエル・ロブション 恵比寿ガーデンプレイス店	東京都	東京都 恵比寿駅	https://tabelog.com/tokyo/A1303/A130302/13014064/	13014064	https://award.tabelog.com/hyakumeiten/bread_tokyo/2020	100
HYK2020-0014	bread_tokyo	パン	TOKYO	14	ブーランジェリー セイジアサクラ	東京都	東京都 高輪台駅	https://tabelog.com/tokyo/A1316/A131603/13055881/	13055881	https://award.tabelog.com/hyakumeiten/bread_tokyo/2020	100
HYK2020-0015	bread_tokyo	パン	TOKYO	15	アルチザン・ブーランジェ・クピド	東京都	東京都 奥沢駅	https://tabelog.com/tokyo/A1317/A131711/13035704/	13035704	https://award.tabelog.com/hyakumeiten/bread_tokyo/2020	100
HYK2020-0016	bread_tokyo	パン	TOKYO	16	ジャン・フランソワ Echika表参道	東京都	東京都 表参道駅	https://tabelog.com/tokyo/A1306/A130602/13020396/	13020396	https://award.tabelog.com/hyakumeiten/bread_tokyo/2020	100
HYK2020-0017	bread_tokyo	パン	TOKYO	17	えんツコ堂 製パン	東京都	東京都 西荻窪駅	https://tabelog.com/tokyo/A1319/A131907/13060088/	13060088	https://award.tabelog.com/hyakumeiten/bread_tokyo/2020	100
HYK2020-0018	bread_tokyo	パン	TOKYO	18	空と麦と	東京都	東京都 代官山駅	https://tabelog.com/tokyo/A1303/A130302/13164057/	13164057	https://award.tabelog.com/hyakumeiten/bread_tokyo/2020	100
HYK2020-0019	bread_tokyo	パン	TOKYO	19	ヒンメル	東京都	東京都 大岡山駅	https://tabelog.com/tokyo/A1317/A131711/13048813/	13048813	https://award.tabelog.com/hyakumeiten/bread_tokyo/2020	100
HYK2020-0020	bread_tokyo	パン	TOKYO	20	パーラー江古田	東京都	東京都 新桜台駅	https://tabelog.com/tokyo/A1321/A132101/13185945/	13185945	https://award.tabelog.com/hyakumeiten/bread_tokyo/2020	100
HYK2020-0021	bread_tokyo	パン	TOKYO	21	ジャン・フランソワ 渋谷マークシティ	東京都	東京都 渋谷駅	https://tabelog.com/tokyo/A1303/A130301/13099225/	13099225	https://award.tabelog.com/hyakumeiten/bread_tokyo/2020	100
HYK2020-0022	bread_tokyo	パン	TOKYO	22	ファクトリー	東京都	東京都 市ケ谷駅	https://tabelog.com/tokyo/A1309/A130904/13093265/	13093265	https://award.tabelog.com/hyakumeiten/bread_tokyo/2020	100
HYK2020-0023	bread_tokyo	パン	TOKYO	23	パンとエスプレッソと	東京都	東京都 表参道駅	https://tabelog.com/tokyo/A1306/A130602/13090477/	13090477	https://award.tabelog.com/hyakumeiten/bread_tokyo/2020	100
HYK2020-0024	bread_tokyo	パン	TOKYO	24	トロ コーヒーアンドベーカリー	東京都	東京都 世田谷代田駅	https://tabelog.com/tokyo/A1318/A131812/13118819/	13118819	https://award.tabelog.com/hyakumeiten/bread_tokyo/2020	100
HYK2020-0025	bread_tokyo	パン	TOKYO	25	カタネベーカリー	東京都	東京都 代々木上原駅	https://tabelog.com/tokyo/A1318/A131811/13020931/	13020931	https://award.tabelog.com/hyakumeiten/bread_tokyo/2020	100
HYK2020-0026	bread_tokyo	パン	TOKYO	26	ラトリエ ドゥ プレジール	東京都	東京都 祖師ケ谷大蔵駅	https://tabelog.com/tokyo/A1318/A131814/13050412/	13050412	https://award.tabelog.com/hyakumeiten/bread_tokyo/2020	100
HYK2020-0027	bread_tokyo	パン	TOKYO	27	ルヴァン 富ヶ谷店	東京都	東京都 代々木八幡駅	https://tabelog.com/tokyo/A1318/A131810/13001841/	13001841	https://award.tabelog.com/hyakumeiten/bread_tokyo/2020	100
HYK2020-0028	bread_tokyo	パン	TOKYO	28	ブーランジェリーブルディガラ 広尾店	東京都	東京都 広尾駅	https://tabelog.com/tokyo/A1307/A130703/13000523/	13000523	https://award.tabelog.com/hyakumeiten/bread_tokyo/2020	100
HYK2020-0029	bread_tokyo	パン	TOKYO	29	メゾン・イチ 代官山	東京都	東京都 代官山駅	https://tabelog.com/tokyo/A1303/A130303/13099140/	13099140	https://award.tabelog.com/hyakumeiten/bread_tokyo/2020	100
HYK2020-0030	bread_tokyo	パン	TOKYO	30	ル パン ドゥ ジョエル・ロブション 渋谷ヒカリエShinQs店	東京都	東京都 渋谷駅	https://tabelog.com/tokyo/A1303/A130301/13140263/	13140263	https://award.tabelog.com/hyakumeiten/bread_tokyo/2020	100
HYK2020-0031	bread_tokyo	パン	TOKYO	31	カフェむぎわらい	東京都	東京都 三ノ輪橋駅	https://tabelog.com/tokyo/A1311/A131104/13056511/	13056511	https://award.tabelog.com/hyakumeiten/bread_tokyo/2020	100
HYK2020-0032	bread_tokyo	パン	TOKYO	32	ポワンタージュ	東京都	東京都 麻布十番駅	https://tabelog.com/tokyo/A1307/A130702/13004566/	13004566	https://award.tabelog.com/hyakumeiten/bread_tokyo/2020	100
HYK2020-0033	bread_tokyo	パン	TOKYO	33	VIRON	東京都	東京都 東京駅	https://tabelog.com/tokyo/A1302/A130201/13043904/	13043904	https://award.tabelog.com/hyakumeiten/bread_tokyo/2020	100
HYK2020-0034	bread_tokyo	パン	TOKYO	34	とらやベーカリー	東京都	東京都 金町駅	https://tabelog.com/tokyo/A1324/A132403/13050971/	13050971	https://award.tabelog.com/hyakumeiten/bread_tokyo/2020	100
HYK2020-0035	bread_tokyo	パン	TOKYO	35	ビゴの店	東京都	東京都 銀座一丁目駅	https://tabelog.com/tokyo/A1301/A130101/13002489/	13002489	https://award.tabelog.com/hyakumeiten/bread_tokyo/2020	100
HYK2020-0036	bread_tokyo	パン	TOKYO	36	チクテベーカリー	東京都	東京都 南大沢駅	https://tabelog.com/tokyo/A1329/A132904/13153557/	13153557	https://award.tabelog.com/hyakumeiten/bread_tokyo/2020	100
HYK2020-0037	bread_tokyo	パン	TOKYO	37	パサージュ ア ニヴォ	東京都	東京都 武蔵境駅	https://tabelog.com/tokyo/A1320/A132003/13056438/	13056438	https://award.tabelog.com/hyakumeiten/bread_tokyo/2020	100
HYK2020-0038	bread_tokyo	パン	TOKYO	38	エムサイズ	東京都	東京都 学芸大学駅	https://tabelog.com/tokyo/A1317/A131702/13024601/	13024601	https://award.tabelog.com/hyakumeiten/bread_tokyo/2020	100
HYK2020-0039	bread_tokyo	パン	TOKYO	39	メゾン・ランドゥメンヌ 麻布台	東京都	東京都 六本木一丁目駅	https://tabelog.com/tokyo/A1307/A130701/13180316/	13180316	https://award.tabelog.com/hyakumeiten/bread_tokyo/2020	100
HYK2020-0040	bread_tokyo	パン	TOKYO	40	墨繪パン 新宿店	東京都	東京都 新宿駅	https://tabelog.com/tokyo/A1304/A130401/13000762/	13000762	https://award.tabelog.com/hyakumeiten/bread_tokyo/2020	100
HYK2020-0041	bread_tokyo	パン	TOKYO	41	エスプリ・ド・ビゴ	東京都	東京都 九品仏駅	https://tabelog.com/tokyo/A1317/A131703/13003252/	13003252	https://award.tabelog.com/hyakumeiten/bread_tokyo/2020	100
HYK2020-0042	bread_tokyo	パン	TOKYO	42	カーラ・アウレリア 大丸東京店	東京都	東京都 東京駅	https://tabelog.com/tokyo/A1302/A130201/13044993/	13044993	https://award.tabelog.com/hyakumeiten/bread_tokyo/2020	100
HYK2020-0043	bread_tokyo	パン	TOKYO	43	ジャン フランコ	東京都	東京都 用賀駅	https://tabelog.com/tokyo/A1317/A131707/13169306/	13169306	https://award.tabelog.com/hyakumeiten/bread_tokyo/2020	100
HYK2020-0044	bread_tokyo	パン	TOKYO	44	BAGEL STANDARD	東京都	東京都 中目黒駅	https://tabelog.com/tokyo/A1317/A131701/13108159/	13108159	https://award.tabelog.com/hyakumeiten/bread_tokyo/2020	100
HYK2020-0045	bread_tokyo	パン	TOKYO	45	ダンディゾン	東京都	東京都 吉祥寺駅	https://tabelog.com/tokyo/A1320/A132001/13005834/	13005834	https://award.tabelog.com/hyakumeiten/bread_tokyo/2020	100
HYK2020-0046	bread_tokyo	パン	TOKYO	46	ル・ルソール	東京都	東京都 駒場東大前駅	https://tabelog.com/tokyo/A1318/A131801/13026653/	13026653	https://award.tabelog.com/hyakumeiten/bread_tokyo/2020	100
HYK2020-0047	bread_tokyo	パン	TOKYO	47	シニフィアン シニフィエ 世田谷本店	東京都	東京都 三軒茶屋駅	https://tabelog.com/tokyo/A1317/A131706/13030788/	13030788	https://award.tabelog.com/hyakumeiten/bread_tokyo/2020	100
HYK2020-0048	bread_tokyo	パン	TOKYO	48	ポム・ド・テール	東京都	東京都 西荻窪駅	https://tabelog.com/tokyo/A1319/A131907/13009237/	13009237	https://award.tabelog.com/hyakumeiten/bread_tokyo/2020	100
HYK2020-0049	bread_tokyo	パン	TOKYO	49	AOSAN	東京都	東京都 仙川駅	https://tabelog.com/tokyo/A1326/A132601/13047751/	13047751	https://award.tabelog.com/hyakumeiten/bread_tokyo/2020	100
HYK2020-0050	bread_tokyo	パン	TOKYO	50	VIRON 渋谷店	東京都	東京都 神泉駅	https://tabelog.com/tokyo/A1303/A130301/13004626/	13004626	https://award.tabelog.com/hyakumeiten/bread_tokyo/2020	100
HYK2020-0051	bread_tokyo	パン	TOKYO	51	ザ・シティ・ベーカリー 東急プラザ銀座店	東京都	東京都 銀座駅	https://tabelog.com/tokyo/A1301/A130101/13193897/	13193897	https://award.tabelog.com/hyakumeiten/bread_tokyo/2020	100
HYK2020-0052	bread_tokyo	パン	TOKYO	52	ラ ブティック ドゥ ジョエル・ロブション 六本木ヒルズ店	東京都	東京都 六本木駅	https://tabelog.com/tokyo/A1307/A130701/13020237/	13020237	https://award.tabelog.com/hyakumeiten/bread_tokyo/2020	100
HYK2020-0053	bread_tokyo	パン	TOKYO	53	365日	東京都	東京都 代々木公園駅	https://tabelog.com/tokyo/A1318/A131810/13164031/	13164031	https://award.tabelog.com/hyakumeiten/bread_tokyo/2020	100
HYK2020-0054	bread_tokyo	パン	TOKYO	54	プルクル	東京都	東京都 代々木駅	https://tabelog.com/tokyo/A1304/A130403/13133746/	13133746	https://award.tabelog.com/hyakumeiten/bread_tokyo/2020	100
HYK2020-0055	bread_tokyo	パン	TOKYO	55	ブレッド&タパス 沢村 広尾	東京都	東京都 広尾駅	https://tabelog.com/tokyo/A1307/A130703/13128350/	13128350	https://award.tabelog.com/hyakumeiten/bread_tokyo/2020	100
HYK2020-0056	bread_tokyo	パン	TOKYO	56	ブランジュリー パリの空の下	東京都	東京都 若林駅	https://tabelog.com/tokyo/A1317/A131709/13100024/	13100024	https://award.tabelog.com/hyakumeiten/bread_tokyo/2020	100
HYK2020-0057	bread_tokyo	パン	TOKYO	57	ラ ブティック ドゥ ジョエル・ロブション 丸の内ブリックスクエア店	東京都	東京都 二重橋前駅	https://tabelog.com/tokyo/A1302/A130201/13096409/	13096409	https://award.tabelog.com/hyakumeiten/bread_tokyo/2020	100
HYK2020-0058	bread_tokyo	パン	TOKYO	58	パン・デ・フィロゾフ	東京都	東京都 神楽坂駅	https://tabelog.com/tokyo/A1309/A130905/13213156/	13213156	https://award.tabelog.com/hyakumeiten/bread_tokyo/2020	100
HYK2020-0059	bread_tokyo	パン	TOKYO	59	メゾン・イチ 西馬込店	東京都	東京都 西馬込駅	https://tabelog.com/tokyo/A1317/A131713/13048505/	13048505	https://award.tabelog.com/hyakumeiten/bread_tokyo/2020	100
HYK2020-0060	bread_tokyo	パン	TOKYO	60	ぶーる・ぶーる・ぶらんじぇり	東京都	東京都 八王子駅	https://tabelog.com/tokyo/A1329/A132904/13048885/	13048885	https://award.tabelog.com/hyakumeiten/bread_tokyo/2020	100
HYK2020-0061	bread_tokyo	パン	TOKYO	61	ザ・シティ・ベーカリー 品川	東京都	東京都 品川駅	https://tabelog.com/tokyo/A1314/A131403/13162267/	13162267	https://award.tabelog.com/hyakumeiten/bread_tokyo/2020	100
HYK2020-0062	bread_tokyo	パン	TOKYO	62	ヴァン ドゥ リュド 尾山台店	東京都	東京都 尾山台駅	https://tabelog.com/tokyo/A1317/A131715/13140110/	13140110	https://award.tabelog.com/hyakumeiten/bread_tokyo/2020	100
HYK2020-0063	bread_tokyo	パン	TOKYO	63	カイソ	東京都	東京都 世田谷代田駅	https://tabelog.com/tokyo/A1318/A131812/13129587/	13129587	https://award.tabelog.com/hyakumeiten/bread_tokyo/2020	100
HYK2020-0064	bread_tokyo	パン	TOKYO	64	粉花	東京都	東京都 浅草（つくばＥＸＰ）駅	https://tabelog.com/tokyo/A1311/A131102/13057726/	13057726	https://award.tabelog.com/hyakumeiten/bread_tokyo/2020	100
HYK2020-0065	bread_tokyo	パン	TOKYO	65	ル・グルニエ・ア・パン	東京都	東京都 半蔵門駅	https://tabelog.com/tokyo/A1308/A130803/13011374/	13011374	https://award.tabelog.com/hyakumeiten/bread_tokyo/2020	100
HYK2020-0066	bread_tokyo	パン	TOKYO	66	breadworks エキュート品川	東京都	東京都 品川駅	https://tabelog.com/tokyo/A1314/A131403/13155677/	13155677	https://award.tabelog.com/hyakumeiten/bread_tokyo/2020	100
HYK2020-0067	bread_tokyo	パン	TOKYO	67	パネッテリア・アリエッタ 五反田本店	東京都	東京都 五反田駅	https://tabelog.com/tokyo/A1316/A131603/13019888/	13019888	https://award.tabelog.com/hyakumeiten/bread_tokyo/2020	100
HYK2020-0068	bread_tokyo	パン	TOKYO	68	小麦と酵母 満 ecute品川店	東京都	東京都 品川駅	https://tabelog.com/tokyo/A1314/A131403/13022775/	13022775	https://award.tabelog.com/hyakumeiten/bread_tokyo/2020	100
HYK2020-0069	bread_tokyo	パン	TOKYO	69	パン・オ・スリール	東京都	東京都 渋谷駅	https://tabelog.com/tokyo/A1306/A130602/13147336/	13147336	https://award.tabelog.com/hyakumeiten/bread_tokyo/2020	100
HYK2020-0070	bread_tokyo	パン	TOKYO	70	ブーランジェリーレカン	東京都	東京都 東銀座駅	https://tabelog.com/tokyo/A1301/A130101/13175684/	13175684	https://award.tabelog.com/hyakumeiten/bread_tokyo/2020	100
HYK2020-0071	bread_tokyo	パン	TOKYO	71	モンシェール 東陽町工場	東京都	東京都 東陽町駅	https://tabelog.com/tokyo/A1313/A131303/13024396/	13024396	https://award.tabelog.com/hyakumeiten/bread_tokyo/2020	100
HYK2020-0072	bread_tokyo	パン	TOKYO	72	イエンセン	東京都	東京都 代々木八幡駅	https://tabelog.com/tokyo/A1318/A131810/13007309/	13007309	https://award.tabelog.com/hyakumeiten/bread_tokyo/2020	100
HYK2020-0073	bread_tokyo	パン	TOKYO	73	俺のBakery&Cafe 恵比寿	東京都	東京都 恵比寿駅	https://tabelog.com/tokyo/A1303/A130302/13201307/	13201307	https://award.tabelog.com/hyakumeiten/bread_tokyo/2020	100
HYK2020-0074	bread_tokyo	パン	TOKYO	74	ベッカライ・ブロートハイム	東京都	東京都 桜新町駅	https://tabelog.com/tokyo/A1317/A131707/13001529/	13001529	https://award.tabelog.com/hyakumeiten/bread_tokyo/2020	100
HYK2020-0075	bread_tokyo	パン	TOKYO	75	パンのペリカン	東京都	東京都 田原町駅	https://tabelog.com/tokyo/A1311/A131102/13003662/	13003662	https://award.tabelog.com/hyakumeiten/bread_tokyo/2020	100
HYK2020-0076	bread_tokyo	パン	TOKYO	76	ベーカリー&レストラン 沢村 新宿	東京都	東京都 新宿駅	https://tabelog.com/tokyo/A1304/A130403/13193553/	13193553	https://award.tabelog.com/hyakumeiten/bread_tokyo/2020	100
HYK2020-0077	bread_tokyo	パン	TOKYO	77	ブーランジェリー スドウ	東京都	東京都 松陰神社前駅	https://tabelog.com/tokyo/A1317/A131709/13098861/	13098861	https://award.tabelog.com/hyakumeiten/bread_tokyo/2020	100
HYK2020-0078	bread_tokyo	パン	TOKYO	78	小麦と酵母 濱田家 三軒茶屋本店	東京都	東京都 西太子堂駅	https://tabelog.com/tokyo/A1317/A131706/13005398/	13005398	https://award.tabelog.com/hyakumeiten/bread_tokyo/2020	100
HYK2020-0079	bread_tokyo	パン	TOKYO	79	エディアールベーカリー 新宿本店	東京都	東京都 新宿三丁目駅	https://tabelog.com/tokyo/A1304/A130401/13012061/	13012061	https://award.tabelog.com/hyakumeiten/bread_tokyo/2020	100
HYK2020-0080	bread_tokyo	パン	TOKYO	80	オリミネベーカーズ 築地七丁目店	東京都	東京都 築地駅	https://tabelog.com/tokyo/A1313/A131301/13124863/	13124863	https://award.tabelog.com/hyakumeiten/bread_tokyo/2020	100
HYK2020-0081	bread_tokyo	パン	TOKYO	81	ブーランジェリー&カフェ マンマーノ	東京都	東京都 代々木上原駅	https://tabelog.com/tokyo/A1318/A131811/13059417/	13059417	https://award.tabelog.com/hyakumeiten/bread_tokyo/2020	100
HYK2020-0082	bread_tokyo	パン	TOKYO	82	ユヌクレ	東京都	東京都 豪徳寺駅	https://tabelog.com/tokyo/A1318/A131813/13132250/	13132250	https://award.tabelog.com/hyakumeiten/bread_tokyo/2020	100
HYK2020-0083	bread_tokyo	パン	TOKYO	83	セントル ザ・ベーカリー	東京都	東京都 銀座一丁目駅	https://tabelog.com/tokyo/A1301/A130101/13157424/	13157424	https://award.tabelog.com/hyakumeiten/bread_tokyo/2020	100
HYK2020-0084	bread_tokyo	パン	TOKYO	84	トラスパレンテ 学芸大学	東京都	東京都 学芸大学駅	https://tabelog.com/tokyo/A1317/A131702/13129736/	13129736	https://award.tabelog.com/hyakumeiten/bread_tokyo/2020	100
HYK2020-0085	bread_tokyo	パン	TOKYO	85	ピエール・ガニェール パン・エ・ガトー	東京都	東京都 六本木一丁目駅	https://tabelog.com/tokyo/A1308/A130802/13114277/	13114277	https://award.tabelog.com/hyakumeiten/bread_tokyo/2020	100
HYK2020-0086	bread_tokyo	パン	TOKYO	86	TOLO PAN TOKYO	東京都	東京都 池尻大橋駅	https://tabelog.com/tokyo/A1317/A131705/13093803/	13093803	https://award.tabelog.com/hyakumeiten/bread_tokyo/2020	100
HYK2020-0087	bread_tokyo	パン	TOKYO	87	シニフィアン シニフィエ 日本橋タカシマヤ店	東京都	東京都 日本橋駅	https://tabelog.com/tokyo/A1302/A130202/13054419/	13054419	https://award.tabelog.com/hyakumeiten/bread_tokyo/2020	100
HYK2020-0088	bread_tokyo	パン	TOKYO	88	テコナ　ベーグルワークス	東京都	東京都 代々木公園駅	https://tabelog.com/tokyo/A1318/A131810/13061492/	13061492	https://award.tabelog.com/hyakumeiten/bread_tokyo/2020	100
HYK2020-0089	bread_tokyo	パン	TOKYO	89	イトキト	東京都	東京都 大岡山駅	https://tabelog.com/tokyo/A1317/A131711/13048404/	13048404	https://award.tabelog.com/hyakumeiten/bread_tokyo/2020	100
HYK2020-0090	bread_tokyo	パン	TOKYO	90	パン工房 ブランジェリーケン	東京都	東京都 下赤塚駅	https://tabelog.com/tokyo/A1322/A132204/13046260/	13046260	https://award.tabelog.com/hyakumeiten/bread_tokyo/2020	100
HYK2020-0091	bread_tokyo	パン	TOKYO	91	ル パン ドゥ ジョエル･ロブション ニュウマン新宿店	東京都	東京都 新宿駅	https://tabelog.com/tokyo/A1304/A130401/13193559/	13193559	https://award.tabelog.com/hyakumeiten/bread_tokyo/2020	100
HYK2020-0092	bread_tokyo	パン	TOKYO	92	ブティック・トロワグロ 小田急百貨店　新宿店	東京都	東京都 新宿駅	https://tabelog.com/tokyo/A1304/A130401/13004211/	13004211	https://award.tabelog.com/hyakumeiten/bread_tokyo/2020	100
HYK2020-0093	bread_tokyo	パン	TOKYO	93	ショーマッカー	東京都	東京都 大岡山駅	https://tabelog.com/tokyo/A1317/A131711/13045113/	13045113	https://award.tabelog.com/hyakumeiten/bread_tokyo/2020	100
HYK2020-0094	bread_tokyo	パン	TOKYO	94	まちのパーラー	東京都	東京都 小竹向原駅	https://tabelog.com/tokyo/A1321/A132101/13126515/	13126515	https://award.tabelog.com/hyakumeiten/bread_tokyo/2020	100
HYK2020-0095	bread_tokyo	パン	TOKYO	95	パン家のどん助	東京都	東京都 東新宿駅	https://tabelog.com/tokyo/A1304/A130401/13020179/	13020179	https://award.tabelog.com/hyakumeiten/bread_tokyo/2020	100
HYK2020-0096	bread_tokyo	パン	TOKYO	96	金麦	東京都	東京都 白金台駅	https://tabelog.com/tokyo/A1316/A131602/13005477/	13005477	https://award.tabelog.com/hyakumeiten/bread_tokyo/2020	100
HYK2020-0097	bread_tokyo	パン	TOKYO	97	マルイチベーグル	東京都	東京都 白金高輪駅	https://tabelog.com/tokyo/A1316/A131602/13010793/	13010793	https://award.tabelog.com/hyakumeiten/bread_tokyo/2020	100
HYK2020-0098	bread_tokyo	パン	TOKYO	98	SONKA	東京都	東京都 南阿佐ケ谷駅	https://tabelog.com/tokyo/A1319/A131905/13174215/	13174215	https://award.tabelog.com/hyakumeiten/bread_tokyo/2020	100
HYK2020-0099	bread_tokyo	パン	TOKYO	99	ポワンエリーニュ	東京都	東京都 大手町駅	https://tabelog.com/tokyo/A1302/A130201/13038468/	13038468	https://award.tabelog.com/hyakumeiten/bread_tokyo/2020	100
HYK2020-0100	bread_tokyo	パン	TOKYO	100	ヒルサイドパントリー 代官山	東京都	東京都 代官山駅	https://tabelog.com/tokyo/A1303/A130303/13002071/	13002071	https://award.tabelog.com/hyakumeiten/bread_tokyo/2020	100
HYK2020-0101	bread_east	パン	EAST	1	ブレドール	神奈川県	神奈川県 三浦郡葉山町	https://tabelog.com/kanagawa/A1406/A140602/14002514/	14002514	https://award.tabelog.com/hyakumeiten/bread_east/2020	100
HYK2020-0102	bread_east	パン	EAST	2	ベッカライ・ブロートツァイト	茨城県	茨城県 つくば市	https://tabelog.com/ibaraki/A0802/A080201/8001938/	8001938	https://award.tabelog.com/hyakumeiten/bread_east/2020	100
HYK2020-0103	bread_east	パン	EAST	3	Boulangerie Queue	千葉県	千葉県 船橋日大前駅	https://tabelog.com/chiba/A1202/A120201/12021059/	12021059	https://award.tabelog.com/hyakumeiten/bread_east/2020	100
HYK2020-0104	bread_east	パン	EAST	4	トラン・ブルー	岐阜県	岐阜県 高山市	https://tabelog.com/gifu/A2104/A210401/21000586/	21000586	https://award.tabelog.com/hyakumeiten/bread_east/2020	100
HYK2020-0105	bread_east	パン	EAST	5	芦名ベーカリー 芦兵衛	神奈川県	神奈川県 横須賀市	https://tabelog.com/kanagawa/A1406/A140601/14052229/	14052229	https://award.tabelog.com/hyakumeiten/bread_east/2020	100
HYK2020-0106	bread_east	パン	EAST	6	テトラ コンタ	愛知県	愛知県 尼ケ坂駅	https://tabelog.com/aichi/A2301/A230104/23037293/	23037293	https://award.tabelog.com/hyakumeiten/bread_east/2020	100
HYK2020-0107	bread_east	パン	EAST	7	オンザディッシュ	神奈川県	神奈川県 山手駅	https://tabelog.com/kanagawa/A1401/A140106/14041169/	14041169	https://award.tabelog.com/hyakumeiten/bread_east/2020	100
HYK2020-0108	bread_east	パン	EAST	8	ブーランジェリー　ジン	北海道	北海道 虻田郡真狩村	https://tabelog.com/hokkaido/A0106/A010603/1004625/	1004625	https://award.tabelog.com/hyakumeiten/bread_east/2020	100
HYK2020-0109	bread_east	パン	EAST	9	渡邊ベーカリー	神奈川県	神奈川県 宮ノ下駅	https://tabelog.com/kanagawa/A1410/A141001/14003548/	14003548	https://award.tabelog.com/hyakumeiten/bread_east/2020	100
HYK2020-0110	bread_east	パン	EAST	10	ブーランジェリー パティスリー トレトゥール アダチ	神奈川県	神奈川県 センター南駅	https://tabelog.com/kanagawa/A1401/A140203/14070721/	14070721	https://award.tabelog.com/hyakumeiten/bread_east/2020	100
HYK2020-0111	bread_east	パン	EAST	11	ブーランジェリー メチエ パークシティ武蔵小杉ザ・ガーデン	神奈川県	神奈川県 武蔵小杉駅	https://tabelog.com/kanagawa/A1405/A140504/14071269/	14071269	https://award.tabelog.com/hyakumeiten/bread_east/2020	100
HYK2020-0112	bread_east	パン	EAST	12	パンの店　ポルカ	愛知県	愛知県 尾張旭市	https://tabelog.com/aichi/A2303/A230302/23008648/	23008648	https://award.tabelog.com/hyakumeiten/bread_east/2020	100
HYK2020-0113	bread_east	パン	EAST	13	ル・プレジール・デュ・パン 東山本店	愛知県	愛知県 東山公園駅	https://tabelog.com/aichi/A2301/A230107/23039677/	23039677	https://award.tabelog.com/hyakumeiten/bread_east/2020	100
HYK2020-0114	bread_east	パン	EAST	14	ベーカリー＆テーブル 東府や	静岡県	静岡県 伊豆市	https://tabelog.com/shizuoka/A2205/A220504/22021103/	22021103	https://award.tabelog.com/hyakumeiten/bread_east/2020	100
HYK2020-0115	bread_east	パン	EAST	15	オープンオーブン	千葉県	千葉県 市川駅	https://tabelog.com/chiba/A1202/A120202/12000978/	12000978	https://award.tabelog.com/hyakumeiten/bread_east/2020	100
HYK2020-0116	bread_east	パン	EAST	16	トツゼン ベーカーズ キッチン	神奈川県	神奈川県 大倉山駅	https://tabelog.com/kanagawa/A1401/A140204/14004443/	14004443	https://award.tabelog.com/hyakumeiten/bread_east/2020	100
HYK2020-0117	bread_east	パン	EAST	17	ウチキパン	神奈川県	神奈川県 元町・中華街駅	https://tabelog.com/kanagawa/A1401/A140105/14001139/	14001139	https://award.tabelog.com/hyakumeiten/bread_east/2020	100
HYK2020-0118	bread_east	パン	EAST	18	大須ベーカリー	愛知県	愛知県 上前津駅	https://tabelog.com/aichi/A2301/A230105/23005844/	23005844	https://award.tabelog.com/hyakumeiten/bread_east/2020	100
HYK2020-0119	bread_east	パン	EAST	19	ルヴァン 信州上田店	長野県	長野県 上田市	https://tabelog.com/nagano/A2004/A200401/20000537/	20000537	https://award.tabelog.com/hyakumeiten/bread_east/2020	100
HYK2020-0120	bread_east	パン	EAST	20	cimai	埼玉県	埼玉県 幸手市	https://tabelog.com/saitama/A1104/A110402/11012294/	11012294	https://award.tabelog.com/hyakumeiten/bread_east/2020	100
HYK2020-0121	bread_east	パン	EAST	21	ル シュプレーム ジェイアール名古屋高島屋店	愛知県	愛知県 名鉄名古屋駅	https://tabelog.com/aichi/A2301/A230101/23052895/	23052895	https://award.tabelog.com/hyakumeiten/bread_east/2020	100
HYK2020-0122	bread_east	パン	EAST	22	鎌倉 利々庵	神奈川県	神奈川県 鎌倉駅	https://tabelog.com/kanagawa/A1404/A140402/14046895/	14046895	https://award.tabelog.com/hyakumeiten/bread_east/2020	100
HYK2020-0123	bread_east	パン	EAST	23	NAOZO	栃木県	栃木県 那須塩原市	https://tabelog.com/tochigi/A0905/A090501/9002708/	9002708	https://award.tabelog.com/hyakumeiten/bread_east/2020	100
HYK2020-0124	bread_east	パン	EAST	24	ハルタ 軽井沢	長野県	長野県 北佐久郡軽井沢町	https://tabelog.com/nagano/A2003/A200301/20011411/	20011411	https://award.tabelog.com/hyakumeiten/bread_east/2020	100
HYK2020-0125	bread_east	パン	EAST	25	ダヴィッド パン	茨城県	茨城県 つくば市	https://tabelog.com/ibaraki/A0803/A080302/8000928/	8000928	https://award.tabelog.com/hyakumeiten/bread_east/2020	100
HYK2020-0126	bread_east	パン	EAST	26	バックシュトゥーベ ツオップ	千葉県	千葉県 松戸市	https://tabelog.com/chiba/A1203/A120302/12000514/	12000514	https://award.tabelog.com/hyakumeiten/bread_east/2020	100
HYK2020-0127	bread_east	パン	EAST	27	ベッカライ徳多朗 Yotsubako	神奈川県	神奈川県 センター北駅	https://tabelog.com/kanagawa/A1401/A140203/14043497/	14043497	https://award.tabelog.com/hyakumeiten/bread_east/2020	100
HYK2020-0128	bread_east	パン	EAST	28	アサカベーカリー 本町店	埼玉県	埼玉県 朝霞駅	https://tabelog.com/saitama/A1103/A110301/11006122/	11006122	https://award.tabelog.com/hyakumeiten/bread_east/2020	100
HYK2020-0129	bread_east	パン	EAST	29	小春日和	埼玉県	埼玉県 北大宮駅	https://tabelog.com/saitama/A1101/A110101/11004747/	11004747	https://award.tabelog.com/hyakumeiten/bread_east/2020	100
HYK2020-0130	bread_east	パン	EAST	30	エスプラン	神奈川県	神奈川県 京急鶴見駅	https://tabelog.com/kanagawa/A1401/A140210/14012214/	14012214	https://award.tabelog.com/hyakumeiten/bread_east/2020	100
HYK2020-0131	bread_east	パン	EAST	31	zacro	神奈川県	神奈川県 横須賀市	https://tabelog.com/kanagawa/A1406/A140601/14012394/	14012394	https://award.tabelog.com/hyakumeiten/bread_east/2020	100
HYK2020-0132	bread_east	パン	EAST	32	中屋パン	愛知県	愛知県 今池駅	https://tabelog.com/aichi/A2301/A230106/23004452/	23004452	https://award.tabelog.com/hyakumeiten/bread_east/2020	100
HYK2020-0133	bread_east	パン	EAST	33	Boulanger ペイザン	岐阜県	岐阜県 関市	https://tabelog.com/gifu/A2102/A210204/21000884/	21000884	https://award.tabelog.com/hyakumeiten/bread_east/2020	100
HYK2020-0134	bread_east	パン	EAST	34	ベルテコ	埼玉県	埼玉県 東所沢駅	https://tabelog.com/saitama/A1106/A110601/11003447/	11003447	https://award.tabelog.com/hyakumeiten/bread_east/2020	100
HYK2020-0135	bread_east	パン	EAST	35	ペニー・レイン 那須店	栃木県	栃木県 那須郡那須町	https://tabelog.com/tochigi/A0905/A090501/9000301/	9000301	https://award.tabelog.com/hyakumeiten/bread_east/2020	100
HYK2020-0136	bread_east	パン	EAST	36	セテュヌ ボンニデー	神奈川県	神奈川県 向ケ丘遊園駅	https://tabelog.com/kanagawa/A1405/A140506/14053039/	14053039	https://award.tabelog.com/hyakumeiten/bread_east/2020	100
HYK2020-0137	bread_east	パン	EAST	37	ブランジェリー ぱぴ・ぱん	愛知県	愛知県 植田（名古屋市営）駅	https://tabelog.com/aichi/A2301/A230111/23004064/	23004064	https://award.tabelog.com/hyakumeiten/bread_east/2020	100
HYK2020-0138	bread_east	パン	EAST	38	ブーランジェリー コロン 本店	北海道	北海道 バスセンター前駅	https://tabelog.com/hokkaido/A0101/A010102/1040487/	1040487	https://award.tabelog.com/hyakumeiten/bread_east/2020	100
HYK2020-0139	bread_east	パン	EAST	39	mbs 46.7	神奈川県	神奈川県 鎌倉駅	https://tabelog.com/kanagawa/A1404/A140402/14042523/	14042523	https://award.tabelog.com/hyakumeiten/bread_east/2020	100
HYK2020-0140	bread_east	パン	EAST	40	ムール ア ラ ムール	神奈川県	神奈川県 伊勢原市	https://tabelog.com/kanagawa/A1408/A140803/14035775/	14035775	https://award.tabelog.com/hyakumeiten/bread_east/2020	100
HYK2020-0141	bread_east	パン	EAST	41	美瑛選果 新千歳空港店	北海道	北海道 千歳市	https://tabelog.com/hokkaido/A0107/A010701/1034722/	1034722	https://award.tabelog.com/hyakumeiten/bread_east/2020	100
HYK2020-0142	bread_east	パン	EAST	42	ドーレ	神奈川県	神奈川県 横浜駅	https://tabelog.com/kanagawa/A1401/A140101/14000421/	14000421	https://award.tabelog.com/hyakumeiten/bread_east/2020	100
HYK2020-0143	bread_east	パン	EAST	43	ブーランジェリー 14区	神奈川県	神奈川県 妙蓮寺駅	https://tabelog.com/kanagawa/A1401/A140205/14049332/	14049332	https://award.tabelog.com/hyakumeiten/bread_east/2020	100
HYK2020-0144	bread_east	パン	EAST	44	充麦	神奈川県	神奈川県 三浦市	https://tabelog.com/kanagawa/A1406/A140603/14015303/	14015303	https://award.tabelog.com/hyakumeiten/bread_east/2020	100
HYK2020-0145	bread_east	パン	EAST	45	エグ・ヴィヴ	北海道	北海道 小樽市	https://tabelog.com/hokkaido/A0106/A010601/1004949/	1004949	https://award.tabelog.com/hyakumeiten/bread_east/2020	100
HYK2020-0146	bread_east	パン	EAST	46	麦音	北海道	北海道 帯広市	https://tabelog.com/hokkaido/A0111/A011101/1021428/	1021428	https://award.tabelog.com/hyakumeiten/bread_east/2020	100
HYK2020-0147	bread_east	パン	EAST	47	アサカベーカリー 朝霞台店	埼玉県	埼玉県 朝霞台駅	https://tabelog.com/saitama/A1103/A110301/11003063/	11003063	https://award.tabelog.com/hyakumeiten/bread_east/2020	100
HYK2020-0148	bread_east	パン	EAST	48	ベーグルショップ vivant	埼玉県	埼玉県 武蔵浦和駅	https://tabelog.com/saitama/A1101/A110102/11003565/	11003565	https://award.tabelog.com/hyakumeiten/bread_east/2020	100
HYK2020-0149	bread_east	パン	EAST	49	VANITOY BAGEL 蔵づくり本店	埼玉県	埼玉県 川越市	https://tabelog.com/saitama/A1103/A110303/11003096/	11003096	https://award.tabelog.com/hyakumeiten/bread_east/2020	100
HYK2020-0150	bread_east	パン	EAST	50	プーフレカンテ	愛知県	愛知県 瑞穂運動場西駅	https://tabelog.com/aichi/A2301/A230112/23002593/	23002593	https://award.tabelog.com/hyakumeiten/bread_east/2020	100
HYK2020-0151	bread_east	パン	EAST	51	シャン ド ブレ	神奈川県	神奈川県 新横浜駅	https://tabelog.com/kanagawa/A1401/A140206/14004229/	14004229	https://award.tabelog.com/hyakumeiten/bread_east/2020	100
HYK2020-0152	bread_east	パン	EAST	52	パリゼット	埼玉県	埼玉県	https://tabelog.com/saitama/A1104/A110401/11028894/	11028894	https://award.tabelog.com/hyakumeiten/bread_east/2020	100
HYK2020-0153	bread_east	パン	EAST	53	nichinichi	神奈川県	神奈川県 新百合ケ丘駅	https://tabelog.com/kanagawa/A1405/A140508/14065922/	14065922	https://award.tabelog.com/hyakumeiten/bread_east/2020	100
HYK2020-0154	bread_east	パン	EAST	54	みやび亭	埼玉県	埼玉県 羽生市	https://tabelog.com/saitama/A1104/A110403/11035931/	11035931	https://award.tabelog.com/hyakumeiten/bread_east/2020	100
HYK2020-0155	bread_east	パン	EAST	55	おかめや 工場直販店	北海道	北海道 札幌市西区	https://tabelog.com/hokkaido/A0101/A010204/1025633/	1025633	https://award.tabelog.com/hyakumeiten/bread_east/2020	100
HYK2020-0156	bread_east	パン	EAST	56	スーリープー	愛知県	愛知県 鶴舞駅	https://tabelog.com/aichi/A2301/A230105/23031040/	23031040	https://award.tabelog.com/hyakumeiten/bread_east/2020	100
HYK2020-0157	bread_east	パン	EAST	57	フランスベ－カリー	長野県	長野県 北佐久郡軽井沢町	https://tabelog.com/nagano/A2003/A200301/20000200/	20000200	https://award.tabelog.com/hyakumeiten/bread_east/2020	100
HYK2020-0158	bread_east	パン	EAST	58	川越ベーカリー 楽楽	埼玉県	埼玉県 川越市	https://tabelog.com/saitama/A1103/A110303/11005320/	11005320	https://award.tabelog.com/hyakumeiten/bread_east/2020	100
HYK2020-0159	bread_east	パン	EAST	59	穂の香 あざみ野	神奈川県	神奈川県 あざみ野駅	https://tabelog.com/kanagawa/A1401/A140201/14011303/	14011303	https://award.tabelog.com/hyakumeiten/bread_east/2020	100
HYK2020-0160	bread_east	パン	EAST	60	クーネルベーカリー	埼玉県	埼玉県 浦和駅	https://tabelog.com/saitama/A1101/A110102/11028957/	11028957	https://award.tabelog.com/hyakumeiten/bread_east/2020	100
HYK2020-0161	bread_east	パン	EAST	61	ブレッド＆サーカス	神奈川県	神奈川県 湯河原駅	https://tabelog.com/kanagawa/A1410/A141002/14004024/	14004024	https://award.tabelog.com/hyakumeiten/bread_east/2020	100
HYK2020-0162	bread_east	パン	EAST	62	ポンレヴェック	愛知県	愛知県 海部郡蟹江町	https://tabelog.com/aichi/A2302/A230202/23003662/	23003662	https://award.tabelog.com/hyakumeiten/bread_east/2020	100
HYK2020-0163	bread_east	パン	EAST	63	福田パン 長田町本店	岩手県	岩手県 盛岡市	https://tabelog.com/iwate/A0301/A030101/3001022/	3001022	https://award.tabelog.com/hyakumeiten/bread_east/2020	100
HYK2020-0164	bread_east	パン	EAST	64	ジャン・フランソワ 横浜ポルタ	神奈川県	神奈川県 横浜駅	https://tabelog.com/kanagawa/A1401/A140101/14043136/	14043136	https://award.tabelog.com/hyakumeiten/bread_east/2020	100
HYK2020-0165	bread_east	パン	EAST	65	Le Supreme. 栄生本店	愛知県	愛知県 栄生駅	https://tabelog.com/aichi/A2301/A230113/23005960/	23005960	https://award.tabelog.com/hyakumeiten/bread_east/2020	100
HYK2020-0166	bread_east	パン	EAST	66	テーラ・テール	愛知県	愛知県 高岳駅	https://tabelog.com/aichi/A2301/A230104/23050735/	23050735	https://award.tabelog.com/hyakumeiten/bread_east/2020	100
HYK2020-0167	bread_east	パン	EAST	67	バゲット ラビット	愛知県	愛知県 一社駅	https://tabelog.com/aichi/A2301/A230111/23058942/	23058942	https://award.tabelog.com/hyakumeiten/bread_east/2020	100
HYK2020-0168	bread_east	パン	EAST	68	ブーランジェリー エス	神奈川県	神奈川県 逗子駅	https://tabelog.com/kanagawa/A1406/A140602/14008269/	14008269	https://award.tabelog.com/hyakumeiten/bread_east/2020	100
HYK2020-0169	bread_east	パン	EAST	69	プルクワ	神奈川県	神奈川県 藤沢市	https://tabelog.com/kanagawa/A1404/A140404/14004623/	14004623	https://award.tabelog.com/hyakumeiten/bread_east/2020	100
HYK2020-0170	bread_east	パン	EAST	70	モン・ペシェ・ミニョン	神奈川県	神奈川県 鎌倉市	https://tabelog.com/kanagawa/A1404/A140402/14041555/	14041555	https://award.tabelog.com/hyakumeiten/bread_east/2020	100
HYK2020-0171	bread_east	パン	EAST	71	エコモ ベーカリー ヨコハマ モトマチ	神奈川県	神奈川県 元町・中華街駅	https://tabelog.com/kanagawa/A1401/A140105/14059688/	14059688	https://award.tabelog.com/hyakumeiten/bread_east/2020	100
HYK2020-0172	bread_east	パン	EAST	72	ル・フィヤージュ	静岡県	静岡県 伊東市	https://tabelog.com/shizuoka/A2205/A220503/22003252/	22003252	https://award.tabelog.com/hyakumeiten/bread_east/2020	100
HYK2020-0173	bread_east	パン	EAST	73	前田パン	神奈川県	神奈川県 横浜市青葉区	https://tabelog.com/kanagawa/A1401/A140201/14041192/	14041192	https://award.tabelog.com/hyakumeiten/bread_east/2020	100
HYK2020-0174	bread_east	パン	EAST	74	ブラフベーカリー	神奈川県	神奈川県 元町・中華街駅	https://tabelog.com/kanagawa/A1401/A140105/14038740/	14038740	https://award.tabelog.com/hyakumeiten/bread_east/2020	100
HYK2020-0175	bread_east	パン	EAST	75	Petit Riche	埼玉県	埼玉県 南浦和駅	https://tabelog.com/saitama/A1101/A110102/11024415/	11024415	https://award.tabelog.com/hyakumeiten/bread_east/2020	100
HYK2020-0176	bread_east	パン	EAST	76	ベッカライ 徳多朗 元石川本店	神奈川県	神奈川県 横浜市青葉区	https://tabelog.com/kanagawa/A1401/A140201/14042306/	14042306	https://award.tabelog.com/hyakumeiten/bread_east/2020	100
HYK2020-0177	bread_east	パン	EAST	77	ブーランジェリー オンニ	神奈川県	神奈川県 上大岡駅	https://tabelog.com/kanagawa/A1401/A140307/14060669/	14060669	https://award.tabelog.com/hyakumeiten/bread_east/2020	100
HYK2020-0178	bread_east	パン	EAST	78	アドゥマン	宮城県	宮城県 泉中央駅	https://tabelog.com/miyagi/A0401/A040104/4012831/	4012831	https://award.tabelog.com/hyakumeiten/bread_east/2020	100
HYK2020-0179	bread_east	パン	EAST	79	天然酵母パン工房 KIBIYAベーカリー 段葛店	神奈川県	神奈川県 鎌倉駅	https://tabelog.com/kanagawa/A1404/A140402/14004671/	14004671	https://award.tabelog.com/hyakumeiten/bread_east/2020	100
HYK2020-0180	bread_east	パン	EAST	80	白楽ベーグル	神奈川県	神奈川県 白楽駅	https://tabelog.com/kanagawa/A1401/A140205/14034186/	14034186	https://award.tabelog.com/hyakumeiten/bread_east/2020	100
HYK2020-0181	bread_east	パン	EAST	81	boulangerie Matsuoka	埼玉県	埼玉県 熊谷駅	https://tabelog.com/saitama/A1105/A110501/11003805/	11003805	https://award.tabelog.com/hyakumeiten/bread_east/2020	100
HYK2020-0182	bread_east	パン	EAST	82	のり蔵	神奈川県	神奈川県 元町・中華街駅	https://tabelog.com/kanagawa/A1401/A140105/14057349/	14057349	https://award.tabelog.com/hyakumeiten/bread_east/2020	100
HYK2020-0183	bread_east	パン	EAST	83	ラパン ノワール くろうさぎ	埼玉県	埼玉県 西武秩父駅	https://tabelog.com/saitama/A1107/A110701/11003478/	11003478	https://award.tabelog.com/hyakumeiten/bread_east/2020	100
HYK2020-0184	bread_east	パン	EAST	84	守谷製パン店	神奈川県	神奈川県 小田原駅	https://tabelog.com/kanagawa/A1409/A140901/14003916/	14003916	https://award.tabelog.com/hyakumeiten/bread_east/2020	100
HYK2020-0185	bread_east	パン	EAST	85	ラ ベルコリーヌ	神奈川県	神奈川県 たまプラーザ駅	https://tabelog.com/kanagawa/A1401/A140201/14000431/	14000431	https://award.tabelog.com/hyakumeiten/bread_east/2020	100
HYK2020-0186	bread_east	パン	EAST	86	ラフォレ・エ・ラターブル	神奈川県	神奈川県 和田塚駅	https://tabelog.com/kanagawa/A1404/A140402/14050307/	14050307	https://award.tabelog.com/hyakumeiten/bread_east/2020	100
HYK2020-0187	bread_east	パン	EAST	87	ピコット 本店	神奈川県	神奈川県 宮ノ下駅	https://tabelog.com/kanagawa/A1410/A141001/14007490/	14007490	https://award.tabelog.com/hyakumeiten/bread_east/2020	100
HYK2020-0188	bread_east	パン	EAST	88	アーブル	埼玉県	埼玉県 朝霞駅	https://tabelog.com/saitama/A1103/A110301/11022163/	11022163	https://award.tabelog.com/hyakumeiten/bread_east/2020	100
HYK2020-0189	bread_east	パン	EAST	89	人舟	千葉県	千葉県 長生郡長生村	https://tabelog.com/chiba/A1205/A120504/12001352/	12001352	https://award.tabelog.com/hyakumeiten/bread_east/2020	100
HYK2020-0190	bread_east	パン	EAST	90	トースト ネイバーフッド ベイカリー	神奈川県	神奈川県 山手駅	https://tabelog.com/kanagawa/A1401/A140106/14037517/	14037517	https://award.tabelog.com/hyakumeiten/bread_east/2020	100
HYK2020-0191	bread_east	パン	EAST	91	カマクラ 24セッキ	神奈川県	神奈川県 鎌倉市	https://tabelog.com/kanagawa/A1404/A140402/14040510/	14040510	https://award.tabelog.com/hyakumeiten/bread_east/2020	100
HYK2020-0192	bread_east	パン	EAST	92	サカエパン	岐阜県	岐阜県 岐阜市	https://tabelog.com/gifu/A2101/A210101/21000648/	21000648	https://award.tabelog.com/hyakumeiten/bread_east/2020	100
HYK2020-0193	bread_east	パン	EAST	93	ブランジェリー ラ・フォンティヌ・ドゥ・ルルド	北海道	北海道 札幌市中央区	https://tabelog.com/hokkaido/A0101/A010105/1007040/	1007040	https://award.tabelog.com/hyakumeiten/bread_east/2020	100
HYK2020-0194	bread_east	パン	EAST	94	キビヤベーカリー	神奈川県	神奈川県 鎌倉駅	https://tabelog.com/kanagawa/A1404/A140402/14014244/	14014244	https://award.tabelog.com/hyakumeiten/bread_east/2020	100
HYK2020-0195	bread_east	パン	EAST	95	マダムルージュ	神奈川県	神奈川県 藤沢駅	https://tabelog.com/kanagawa/A1404/A140404/14046435/	14046435	https://award.tabelog.com/hyakumeiten/bread_east/2020	100
HYK2020-0196	bread_east	パン	EAST	96	ココペライ	北海道	北海道 桑園駅	https://tabelog.com/hokkaido/A0101/A010102/1008888/	1008888	https://award.tabelog.com/hyakumeiten/bread_east/2020	100
HYK2020-0197	bread_east	パン	EAST	97	ぱん吉	北海道	北海道 札幌（ＪＲ）駅	https://tabelog.com/hokkaido/A0101/A010101/1001468/	1001468	https://award.tabelog.com/hyakumeiten/bread_east/2020	100
HYK2020-0198	bread_east	パン	EAST	98	nico	神奈川県	神奈川県 平塚駅	https://tabelog.com/kanagawa/A1404/A140407/14054459/	14054459	https://award.tabelog.com/hyakumeiten/bread_east/2020	100
HYK2020-0199	bread_east	パン	EAST	99	ベッカライサカツジ	埼玉県	埼玉県 三郷市	https://tabelog.com/saitama/A1102/A110205/11034449/	11034449	https://award.tabelog.com/hyakumeiten/bread_east/2020	100
HYK2020-0200	bread_east	パン	EAST	100	パンヤコット	神奈川県	神奈川県 逗子市	https://tabelog.com/kanagawa/A1406/A140602/14009181/	14009181	https://award.tabelog.com/hyakumeiten/bread_east/2020	100
HYK2020-0201	bread_west	パン	WEST	1	泉北堂 本店	大阪府	大阪府 泉ケ丘駅	https://tabelog.com/osaka/A2705/A270501/27014335/	27014335	https://award.tabelog.com/hyakumeiten/bread_west/2020	100
HYK2020-0202	bread_west	パン	WEST	2	グランディール  堀川店	京都府	京都府 北大路駅	https://tabelog.com/kyoto/A2601/A260503/26005570/	26005570	https://award.tabelog.com/hyakumeiten/bread_west/2020	100
HYK2020-0203	bread_west	パン	WEST	3	フリップアップ	京都府	京都府 烏丸御池駅	https://tabelog.com/kyoto/A2601/A260202/26004579/	26004579	https://award.tabelog.com/hyakumeiten/bread_west/2020	100
HYK2020-0204	bread_west	パン	WEST	4	トミーズ 三宮店	兵庫県	兵庫県 神戸三宮（阪急）駅	https://tabelog.com/hyogo/A2801/A280101/28002135/	28002135	https://award.tabelog.com/hyakumeiten/bread_west/2020	100
HYK2020-0205	bread_west	パン	WEST	5	フォション 京都高島屋店	京都府	京都府 京都河原町駅	https://tabelog.com/kyoto/A2601/A260201/26005569/	26005569	https://award.tabelog.com/hyakumeiten/bread_west/2020	100
HYK2020-0206	bread_west	パン	WEST	6	アップルの発音	大阪府	大阪府 平野（大阪メトロ）駅	https://tabelog.com/osaka/A2701/A270405/27044053/	27044053	https://award.tabelog.com/hyakumeiten/bread_west/2020	100
HYK2020-0207	bread_west	パン	WEST	7	パリアッシュ	大阪府	大阪府 渡辺橋駅	https://tabelog.com/osaka/A2701/A270108/27074010/	27074010	https://award.tabelog.com/hyakumeiten/bread_west/2020	100
HYK2020-0208	bread_west	パン	WEST	8	まん福ベーカリー	大阪府	大阪府 北浜駅	https://tabelog.com/osaka/A2701/A270102/27060424/	27060424	https://award.tabelog.com/hyakumeiten/bread_west/2020	100
HYK2020-0209	bread_west	パン	WEST	9	エズ ブルー	京都府	京都府 出町柳駅	https://tabelog.com/kyoto/A2601/A260302/26002639/	26002639	https://award.tabelog.com/hyakumeiten/bread_west/2020	100
HYK2020-0210	bread_west	パン	WEST	10	マリーフランス 北山店	京都府	京都府 北山駅	https://tabelog.com/kyoto/A2601/A260503/26004491/	26004491	https://award.tabelog.com/hyakumeiten/bread_west/2020	100
HYK2020-0211	bread_west	パン	WEST	11	ル・シュクレクール	大阪府	大阪府 大江橋駅	https://tabelog.com/osaka/A2701/A270101/27092018/	27092018	https://award.tabelog.com/hyakumeiten/bread_west/2020	100
HYK2020-0212	bread_west	パン	WEST	12	しろはとベーカリー	京都府	京都府 烏丸御池駅	https://tabelog.com/kyoto/A2601/A260202/26021765/	26021765	https://award.tabelog.com/hyakumeiten/bread_west/2020	100
HYK2020-0213	bread_west	パン	WEST	13	フロイン堂	兵庫県	兵庫県 岡本駅	https://tabelog.com/hyogo/A2801/A280105/28001078/	28001078	https://award.tabelog.com/hyakumeiten/bread_west/2020	100
HYK2020-0214	bread_west	パン	WEST	14	コム・シノワ 高島屋大阪店	大阪府	大阪府 難波（南海）駅	https://tabelog.com/osaka/A2701/A270202/27014893/	27014893	https://award.tabelog.com/hyakumeiten/bread_west/2020	100
HYK2020-0215	bread_west	パン	WEST	15	トリコ	兵庫県	兵庫県 夙川駅	https://tabelog.com/hyogo/A2803/A280301/28031160/	28031160	https://award.tabelog.com/hyakumeiten/bread_west/2020	100
HYK2020-0216	bread_west	パン	WEST	16	ameen’s oven	兵庫県	兵庫県 夙川駅	https://tabelog.com/hyogo/A2803/A280301/28006379/	28006379	https://award.tabelog.com/hyakumeiten/bread_west/2020	100
HYK2020-0217	bread_west	パン	WEST	17	ココロ	大阪府	大阪府 大阪上本町駅	https://tabelog.com/osaka/A2701/A270205/27015189/	27015189	https://award.tabelog.com/hyakumeiten/bread_west/2020	100
HYK2020-0218	bread_west	パン	WEST	18	ナカガワ小麦店	京都府	京都府 京都市左京区	https://tabelog.com/kyoto/A2601/A260302/26019004/	26019004	https://award.tabelog.com/hyakumeiten/bread_west/2020	100
HYK2020-0219	bread_west	パン	WEST	19	ザ シティ ベーカリー UMEDA	大阪府	大阪府 大阪駅	https://tabelog.com/osaka/A2701/A270101/27072545/	27072545	https://award.tabelog.com/hyakumeiten/bread_west/2020	100
HYK2020-0220	bread_west	パン	WEST	20	プレザン	大阪府	大阪府 高槻駅	https://tabelog.com/osaka/A2706/A270604/27017741/	27017741	https://award.tabelog.com/hyakumeiten/bread_west/2020	100
HYK2020-0221	bread_west	パン	WEST	21	ベッカライ ビオブロート	兵庫県	兵庫県 芦屋（ＪＲ）駅	https://tabelog.com/hyogo/A2803/A280302/28001945/	28001945	https://award.tabelog.com/hyakumeiten/bread_west/2020	100
HYK2020-0222	bread_west	パン	WEST	22	パネ・ポルチーニ	大阪府	大阪府 福島駅	https://tabelog.com/osaka/A2701/A270108/27049674/	27049674	https://award.tabelog.com/hyakumeiten/bread_west/2020	100
HYK2020-0223	bread_west	パン	WEST	23	ブランジュリ P&B	大阪府	大阪府 西大橋駅	https://tabelog.com/osaka/A2701/A270105/27010111/	27010111	https://award.tabelog.com/hyakumeiten/bread_west/2020	100
HYK2020-0224	bread_west	パン	WEST	24	手作りパン工房 コネルヤ	京都府	京都府 二条駅	https://tabelog.com/kyoto/A2601/A260203/26002695/	26002695	https://award.tabelog.com/hyakumeiten/bread_west/2020	100
HYK2020-0225	bread_west	パン	WEST	25	生瀬ヒュッテ	兵庫県	兵庫県 生瀬駅	https://tabelog.com/hyogo/A2803/A280303/28045372/	28045372	https://award.tabelog.com/hyakumeiten/bread_west/2020	100
HYK2020-0226	bread_west	パン	WEST	26	パンデュース	大阪府	大阪府 本町駅	https://tabelog.com/osaka/A2701/A270106/27003262/	27003262	https://award.tabelog.com/hyakumeiten/bread_west/2020	100
HYK2020-0227	bread_west	パン	WEST	27	ラ バゲット ド パリ ヨシカワ	兵庫県	兵庫県 苦楽園口駅	https://tabelog.com/hyogo/A2803/A280301/28018035/	28018035	https://award.tabelog.com/hyakumeiten/bread_west/2020	100
HYK2020-0228	bread_west	パン	WEST	28	クロア	京都府	京都府 京都市北区	https://tabelog.com/kyoto/A2601/A260503/26002694/	26002694	https://award.tabelog.com/hyakumeiten/bread_west/2020	100
HYK2020-0229	bread_west	パン	WEST	29	サイラー	福岡県	福岡県 福岡市南区	https://tabelog.com/fukuoka/A4001/A400202/40000552/	40000552	https://award.tabelog.com/hyakumeiten/bread_west/2020	100
HYK2020-0230	bread_west	パン	WEST	30	ROUTE271 梅田本店	大阪府	大阪府 大阪梅田（阪急）駅	https://tabelog.com/osaka/A2701/A270101/27087157/	27087157	https://award.tabelog.com/hyakumeiten/bread_west/2020	100
HYK2020-0231	bread_west	パン	WEST	31	オレノ パン オクムラ 京都駅店	京都府	京都府 京都駅	https://tabelog.com/kyoto/A2601/A260101/26014187/	26014187	https://award.tabelog.com/hyakumeiten/bread_west/2020	100
HYK2020-0232	bread_west	パン	WEST	32	ル・プチメック 御池店	京都府	京都府 烏丸御池駅	https://tabelog.com/kyoto/A2601/A260202/26005029/	26005029	https://award.tabelog.com/hyakumeiten/bread_west/2020	100
HYK2020-0233	bread_west	パン	WEST	33	ル・ブーランジェ・ドゥ・モンジュ うめだ阪急店	大阪府	大阪府 梅田駅	https://tabelog.com/osaka/A2701/A270101/27068669/	27068669	https://award.tabelog.com/hyakumeiten/bread_west/2020	100
HYK2020-0234	bread_west	パン	WEST	34	ブーランジュリー グウ	大阪府	大阪府 谷町六丁目駅	https://tabelog.com/osaka/A2701/A270204/27014650/	27014650	https://award.tabelog.com/hyakumeiten/bread_west/2020	100
HYK2020-0235	bread_west	パン	WEST	35	ブーランジュリー&カフェ グウ	大阪府	大阪府 谷町四丁目駅	https://tabelog.com/osaka/A2701/A270104/27075014/	27075014	https://award.tabelog.com/hyakumeiten/bread_west/2020	100
HYK2020-0236	bread_west	パン	WEST	36	ビゴの店 神戸国際会館店	兵庫県	兵庫県 三宮・花時計前駅	https://tabelog.com/hyogo/A2801/A280101/28003325/	28003325	https://award.tabelog.com/hyakumeiten/bread_west/2020	100
HYK2020-0237	bread_west	パン	WEST	37	ベッカライ・ペルケオ・アルト・ハイデルベルク	京都府	京都府 京都市左京区	https://tabelog.com/kyoto/A2601/A260301/26014599/	26014599	https://award.tabelog.com/hyakumeiten/bread_west/2020	100
HYK2020-0238	bread_west	パン	WEST	38	ボン・ボランテ	京都府	京都府 神宮丸太町駅	https://tabelog.com/kyoto/A2601/A260302/26002684/	26002684	https://award.tabelog.com/hyakumeiten/bread_west/2020	100
HYK2020-0239	bread_west	パン	WEST	39	トロワ	大阪府	大阪府 平野（大阪メトロ）駅	https://tabelog.com/osaka/A2701/A270405/27054996/	27054996	https://award.tabelog.com/hyakumeiten/bread_west/2020	100
HYK2020-0240	bread_west	パン	WEST	40	ブーランジェリエ デ ラ リベルテ	京都府	京都府 京都市役所前駅	https://tabelog.com/kyoto/A2601/A260201/26014258/	26014258	https://award.tabelog.com/hyakumeiten/bread_west/2020	100
HYK2020-0241	bread_west	パン	WEST	41	ミシェルズベーグル	京都府	京都府 鞍馬口駅	https://tabelog.com/kyoto/A2601/A260503/26007648/	26007648	https://award.tabelog.com/hyakumeiten/bread_west/2020	100
HYK2020-0242	bread_west	パン	WEST	42	ラ・フルネ	大阪府	大阪府 肥後橋駅	https://tabelog.com/osaka/A2701/A270102/27081942/	27081942	https://award.tabelog.com/hyakumeiten/bread_west/2020	100
HYK2020-0243	bread_west	パン	WEST	43	パンストック	福岡県	福岡県 箱崎九大前駅	https://tabelog.com/fukuoka/A4001/A400201/40024379/	40024379	https://award.tabelog.com/hyakumeiten/bread_west/2020	100
HYK2020-0244	bread_west	パン	WEST	44	eight	京都府	京都府 藤森駅	https://tabelog.com/kyoto/A2601/A260601/26018675/	26018675	https://award.tabelog.com/hyakumeiten/bread_west/2020	100
HYK2020-0245	bread_west	パン	WEST	45	un peu de	兵庫県	兵庫県 甲南山手駅	https://tabelog.com/hyogo/A2801/A280105/28025630/	28025630	https://award.tabelog.com/hyakumeiten/bread_west/2020	100
HYK2020-0246	bread_west	パン	WEST	46	ビゴの店 本店	兵庫県	兵庫県 芦屋（ＪＲ）駅	https://tabelog.com/hyogo/A2803/A280302/28001784/	28001784	https://award.tabelog.com/hyakumeiten/bread_west/2020	100
HYK2020-0247	bread_west	パン	WEST	47	ジュエ ボワット	大阪府	大阪府 高槻市駅	https://tabelog.com/osaka/A2706/A270604/27012984/	27012984	https://award.tabelog.com/hyakumeiten/bread_west/2020	100
HYK2020-0248	bread_west	パン	WEST	48	パン・ドゥ・マルシェ	滋賀県	滋賀県 草津市	https://tabelog.com/shiga/A2502/A250201/25001153/	25001153	https://award.tabelog.com/hyakumeiten/bread_west/2020	100
HYK2020-0249	bread_west	パン	WEST	49	ゴジュウニチョウメベーカリー	大阪府	大阪府 谷町四丁目駅	https://tabelog.com/osaka/A2701/A270104/27059169/	27059169	https://award.tabelog.com/hyakumeiten/bread_west/2020	100
HYK2020-0250	bread_west	パン	WEST	50	マンハッタン	京都府	京都府 丹波口駅	https://tabelog.com/kyoto/A2601/A260203/26014268/	26014268	https://award.tabelog.com/hyakumeiten/bread_west/2020	100
HYK2020-0251	bread_west	パン	WEST	51	ル・プチメック OMAKE	京都府	京都府 烏丸駅	https://tabelog.com/kyoto/A2601/A260201/26025036/	26025036	https://award.tabelog.com/hyakumeiten/bread_west/2020	100
HYK2020-0252	bread_west	パン	WEST	52	まるき製パン所	京都府	京都府 四条大宮駅	https://tabelog.com/kyoto/A2601/A260203/26003237/	26003237	https://award.tabelog.com/hyakumeiten/bread_west/2020	100
HYK2020-0253	bread_west	パン	WEST	53	イシノウエ	大阪府	大阪府 中百舌鳥（南海・泉北）駅	https://tabelog.com/osaka/A2705/A270501/27046308/	27046308	https://award.tabelog.com/hyakumeiten/bread_west/2020	100
HYK2020-0254	bread_west	パン	WEST	54	グラン マーブル ファクトリー店	京都府	京都府 上鳥羽口駅	https://tabelog.com/kyoto/A2601/A260604/26006683/	26006683	https://award.tabelog.com/hyakumeiten/bread_west/2020	100
HYK2020-0255	bread_west	パン	WEST	55	ファイブラン	京都府	京都府 烏丸御池駅	https://tabelog.com/kyoto/A2601/A260202/26026337/	26026337	https://award.tabelog.com/hyakumeiten/bread_west/2020	100
HYK2020-0256	bread_west	パン	WEST	56	ブーランジェリー ブルディガラ 大阪店	大阪府	大阪府 西梅田駅	https://tabelog.com/osaka/A2701/A270101/27009000/	27009000	https://award.tabelog.com/hyakumeiten/bread_west/2020	100
HYK2020-0257	bread_west	パン	WEST	57	ハッピーキャンパーベーグル	大阪府	大阪府 扇町駅	https://tabelog.com/osaka/A2701/A270103/27071749/	27071749	https://award.tabelog.com/hyakumeiten/bread_west/2020	100
HYK2020-0258	bread_west	パン	WEST	58	レディオベーグル	京都府	京都府 北山駅	https://tabelog.com/kyoto/A2601/A260503/26007367/	26007367	https://award.tabelog.com/hyakumeiten/bread_west/2020	100
HYK2020-0259	bread_west	パン	WEST	59	ハナカゴ	京都府	京都府 烏丸駅	https://tabelog.com/kyoto/A2601/A260202/26025406/	26025406	https://award.tabelog.com/hyakumeiten/bread_west/2020	100
HYK2020-0260	bread_west	パン	WEST	60	キルシュブリューテ	大阪府	大阪府 西長堀駅	https://tabelog.com/osaka/A2701/A270105/27059403/	27059403	https://award.tabelog.com/hyakumeiten/bread_west/2020	100
HYK2020-0261	bread_west	パン	WEST	61	アルチザナル	京都府	京都府 出町柳駅	https://tabelog.com/kyoto/A2601/A260302/26020779/	26020779	https://award.tabelog.com/hyakumeiten/bread_west/2020	100
HYK2020-0262	bread_west	パン	WEST	62	エス・ブーランジュリー	兵庫県	兵庫県 ウッディタウン中央駅	https://tabelog.com/hyogo/A2807/A280703/28009524/	28009524	https://award.tabelog.com/hyakumeiten/bread_west/2020	100
HYK2020-0263	bread_west	パン	WEST	63	ル・シュクレクール 岸部	大阪府	大阪府 吹田市	https://tabelog.com/osaka/A2706/A270602/27003426/	27003426	https://award.tabelog.com/hyakumeiten/bread_west/2020	100
HYK2020-0264	bread_west	パン	WEST	64	プラス ドゥ パスト	兵庫県	兵庫県 高速神戸駅	https://tabelog.com/hyogo/A2801/A280102/28002212/	28002212	https://award.tabelog.com/hyakumeiten/bread_west/2020	100
HYK2020-0265	bread_west	パン	WEST	65	めるころ	熊本県	熊本県 阿蘇郡南阿蘇村	https://tabelog.com/kumamoto/A4302/A430202/43001344/	43001344	https://award.tabelog.com/hyakumeiten/bread_west/2020	100
HYK2020-0266	bread_west	パン	WEST	66	ブーランジェリー ミヤナガ	兵庫県	兵庫県 夙川駅	https://tabelog.com/hyogo/A2803/A280301/28026569/	28026569	https://award.tabelog.com/hyakumeiten/bread_west/2020	100
HYK2020-0267	bread_west	パン	WEST	67	ブーランジェリー パリゴ	大阪府	大阪府 四天王寺前夕陽ケ丘駅	https://tabelog.com/osaka/A2701/A270205/27007052/	27007052	https://award.tabelog.com/hyakumeiten/bread_west/2020	100
HYK2020-0268	bread_west	パン	WEST	68	デ・トゥット・パンデュース エキマルシェ大阪店	大阪府	大阪府 大阪梅田（阪神）駅	https://tabelog.com/osaka/A2701/A270101/27068845/	27068845	https://award.tabelog.com/hyakumeiten/bread_west/2020	100
HYK2020-0269	bread_west	パン	WEST	69	パン工房　フルニエ	大阪府	大阪府 和泉市	https://tabelog.com/osaka/A2705/A270502/27016975/	27016975	https://award.tabelog.com/hyakumeiten/bread_west/2020	100
HYK2020-0270	bread_west	パン	WEST	70	ブリアン 北山本店	京都府	京都府 北山駅	https://tabelog.com/kyoto/A2601/A260503/26004348/	26004348	https://award.tabelog.com/hyakumeiten/bread_west/2020	100
HYK2020-0271	bread_west	パン	WEST	71	グリム	兵庫県	兵庫県 伊丹（阪急）駅	https://tabelog.com/hyogo/A2803/A280306/28005935/	28005935	https://award.tabelog.com/hyakumeiten/bread_west/2020	100
HYK2020-0272	bread_west	パン	WEST	72	wada	兵庫県	兵庫県 芦屋川駅	https://tabelog.com/hyogo/A2803/A280302/28028120/	28028120	https://award.tabelog.com/hyakumeiten/bread_west/2020	100
HYK2020-0273	bread_west	パン	WEST	73	Croix-Rousse	京都府	京都府 四条（京都市営）駅	https://tabelog.com/kyoto/A2601/A260201/26007737/	26007737	https://award.tabelog.com/hyakumeiten/bread_west/2020	100
HYK2020-0274	bread_west	パン	WEST	74	グランディール 下鴨店	京都府	京都府 北山駅	https://tabelog.com/kyoto/A2601/A260503/26002312/	26002312	https://award.tabelog.com/hyakumeiten/bread_west/2020	100
HYK2020-0275	bread_west	パン	WEST	75	クラブハリエ ジュブリルタン	滋賀県	滋賀県 彦根市	https://tabelog.com/shiga/A2503/A250303/25004738/	25004738	https://award.tabelog.com/hyakumeiten/bread_west/2020	100
HYK2020-0276	bread_west	パン	WEST	76	マッシュキョウト	京都府	京都府 四条（京都市営）駅	https://tabelog.com/kyoto/A2601/A260201/26006051/	26006051	https://award.tabelog.com/hyakumeiten/bread_west/2020	100
HYK2020-0277	bread_west	パン	WEST	77	コンセントマーケット	兵庫県	兵庫県 夙川駅	https://tabelog.com/hyogo/A2803/A280301/28025424/	28025424	https://award.tabelog.com/hyakumeiten/bread_west/2020	100
HYK2020-0278	bread_west	パン	WEST	78	アド・パンデュース	大阪府	大阪府 淀屋橋駅	https://tabelog.com/osaka/A2701/A270102/27015191/	27015191	https://award.tabelog.com/hyakumeiten/bread_west/2020	100
HYK2020-0279	bread_west	パン	WEST	79	パンやきどころ RIKI	兵庫県	兵庫県 元町（阪神）駅	https://tabelog.com/hyogo/A2801/A280102/28038627/	28038627	https://award.tabelog.com/hyakumeiten/bread_west/2020	100
HYK2020-0280	bread_west	パン	WEST	80	ブランジェリー タカギ	大阪府	大阪府 肥後橋駅	https://tabelog.com/osaka/A2701/A270102/27002376/	27002376	https://award.tabelog.com/hyakumeiten/bread_west/2020	100
HYK2020-0281	bread_west	パン	WEST	81	ワルダー	京都府	京都府 京都河原町駅	https://tabelog.com/kyoto/A2601/A260201/26004637/	26004637	https://award.tabelog.com/hyakumeiten/bread_west/2020	100
HYK2020-0282	bread_west	パン	WEST	82	ル・ディマンシュ トアロード店	兵庫県	兵庫県 旧居留地・大丸前駅	https://tabelog.com/hyogo/A2801/A280102/28002012/	28002012	https://award.tabelog.com/hyakumeiten/bread_west/2020	100
HYK2020-0283	bread_west	パン	WEST	83	グランディール 御池店	京都府	京都府 京都市役所前駅	https://tabelog.com/kyoto/A2601/A260201/26023110/	26023110	https://award.tabelog.com/hyakumeiten/bread_west/2020	100
HYK2020-0284	bread_west	パン	WEST	84	ROUTE271 高槻店	大阪府	大阪府 高槻駅	https://tabelog.com/osaka/A2706/A270604/27056279/	27056279	https://award.tabelog.com/hyakumeiten/bread_west/2020	100
HYK2020-0285	bread_west	パン	WEST	85	ブーランジェ エス・カガワ	大阪府	大阪府 中崎町駅	https://tabelog.com/osaka/A2701/A270101/27059555/	27059555	https://award.tabelog.com/hyakumeiten/bread_west/2020	100
HYK2020-0286	bread_west	パン	WEST	86	パン屋航路	広島県	広島県 尾道市	https://tabelog.com/hiroshima/A3406/A340302/34014537/	34014537	https://award.tabelog.com/hyakumeiten/bread_west/2020	100
HYK2020-0287	bread_west	パン	WEST	87	コム・シノワ	兵庫県	兵庫県 三宮・花時計前駅	https://tabelog.com/hyogo/A2801/A280101/28004087/	28004087	https://award.tabelog.com/hyakumeiten/bread_west/2020	100
HYK2020-0288	bread_west	パン	WEST	88	モグモグベーカリー	京都府	京都府 宇治（ＪＲ）駅	https://tabelog.com/kyoto/A2607/A260701/26006153/	26006153	https://award.tabelog.com/hyakumeiten/bread_west/2020	100
HYK2020-0289	bread_west	パン	WEST	89	ル・プチメック 大丸京都店	京都府	京都府 烏丸駅	https://tabelog.com/kyoto/A2601/A260201/26023941/	26023941	https://award.tabelog.com/hyakumeiten/bread_west/2020	100
HYK2020-0290	bread_west	パン	WEST	90	食パン工房　ラミ 福島本店	大阪府	大阪府 新福島駅	https://tabelog.com/osaka/A2701/A270108/27017967/	27017967	https://award.tabelog.com/hyakumeiten/bread_west/2020	100
HYK2020-0291	bread_west	パン	WEST	91	カンテ・グランデ ベーカリー	大阪府	大阪府 中津（阪急）駅	https://tabelog.com/osaka/A2701/A270101/27005149/	27005149	https://award.tabelog.com/hyakumeiten/bread_west/2020	100
HYK2020-0292	bread_west	パン	WEST	92	ベーカリー柳月堂	京都府	京都府 出町柳駅	https://tabelog.com/kyoto/A2601/A260302/26001108/	26001108	https://award.tabelog.com/hyakumeiten/bread_west/2020	100
HYK2020-0293	bread_west	パン	WEST	93	たま木亭	京都府	京都府 黄檗（ＪＲ）駅	https://tabelog.com/kyoto/A2607/A260701/26025957/	26025957	https://award.tabelog.com/hyakumeiten/bread_west/2020	100
HYK2020-0294	bread_west	パン	WEST	94	サ・マーシュ	兵庫県	兵庫県 三宮（神戸市営）駅	https://tabelog.com/hyogo/A2801/A280101/28027356/	28027356	https://award.tabelog.com/hyakumeiten/bread_west/2020	100
HYK2020-0295	bread_west	パン	WEST	95	ルルット	大阪府	大阪府 中之島駅	https://tabelog.com/osaka/A2701/A270102/27075939/	27075939	https://award.tabelog.com/hyakumeiten/bread_west/2020	100
HYK2020-0296	bread_west	パン	WEST	96	ル・プチメック 今出川店	京都府	京都府 京都市上京区	https://tabelog.com/kyoto/A2601/A260202/26000210/	26000210	https://award.tabelog.com/hyakumeiten/bread_west/2020	100
HYK2020-0297	bread_west	パン	WEST	97	パンスケープ 二条駅前店	京都府	京都府 二条駅	https://tabelog.com/kyoto/A2601/A260203/26017091/	26017091	https://award.tabelog.com/hyakumeiten/bread_west/2020	100
HYK2020-0298	bread_west	パン	WEST	98	オーガニックパン工房　それいゆ	大阪府	大阪府 姫松駅	https://tabelog.com/osaka/A2701/A270203/27062806/	27062806	https://award.tabelog.com/hyakumeiten/bread_west/2020	100
HYK2020-0299	bread_west	パン	WEST	99	レガル	京都府	京都府 木津川市	https://tabelog.com/kyoto/A2607/A260705/26005980/	26005980	https://award.tabelog.com/hyakumeiten/bread_west/2020	100
HYK2020-0300	bread_west	パン	WEST	100	リョウイチヤマウチ	兵庫県	兵庫県 苦楽園口駅	https://tabelog.com/hyogo/A2803/A280301/28006731/	28006731	https://award.tabelog.com/hyakumeiten/bread_west/2020	100
HYK2020-0301	curry_tokyo	カレー	TOKYO	1	ガヴィアル	東京都	東京都 神保町駅	https://tabelog.com/tokyo/A1310/A131003/13000358/	13000358	https://award.tabelog.com/hyakumeiten/curry_tokyo/2020	100
HYK2020-0302	curry_tokyo	カレー	TOKYO	2	とんかつ檍のカレー屋いっぺこっぺ	東京都	東京都 蒲田駅	https://tabelog.com/tokyo/A1315/A131503/13178494/	13178494	https://award.tabelog.com/hyakumeiten/curry_tokyo/2020	100
HYK2020-0303	curry_tokyo	カレー	TOKYO	3	パンチマハル	東京都	東京都 神保町駅	https://tabelog.com/tokyo/A1310/A131003/13026681/	13026681	https://award.tabelog.com/hyakumeiten/curry_tokyo/2020	100
HYK2020-0304	curry_tokyo	カレー	TOKYO	4	カリ～ アンド スパイスバル カリ～ビト	東京都	東京都 飯田橋駅	https://tabelog.com/tokyo/A1309/A130905/13186472/	13186472	https://award.tabelog.com/hyakumeiten/curry_tokyo/2020	100
HYK2020-0305	curry_tokyo	カレー	TOKYO	5	サンサール 新宿店	東京都	東京都 東新宿駅	https://tabelog.com/tokyo/A1304/A130401/13006805/	13006805	https://award.tabelog.com/hyakumeiten/curry_tokyo/2020	100
HYK2020-0306	curry_tokyo	カレー	TOKYO	6	スープカレー屋 鴻 神田駿河台店	東京都	東京都 神保町駅	https://tabelog.com/tokyo/A1310/A131003/13040204/	13040204	https://award.tabelog.com/hyakumeiten/curry_tokyo/2020	100
HYK2020-0307	curry_tokyo	カレー	TOKYO	7	共栄堂	東京都	東京都 神保町駅	https://tabelog.com/tokyo/A1310/A131003/13000596/	13000596	https://award.tabelog.com/hyakumeiten/curry_tokyo/2020	100
HYK2020-0308	curry_tokyo	カレー	TOKYO	8	ハレギンザ	東京都	東京都 銀座駅	https://tabelog.com/tokyo/A1301/A130101/13000576/	13000576	https://award.tabelog.com/hyakumeiten/curry_tokyo/2020	100
HYK2020-0309	curry_tokyo	カレー	TOKYO	9	ニルヴァーナ ニューヨーク 東京ミッドタウン	東京都	東京都 乃木坂駅	https://tabelog.com/tokyo/A1307/A130701/13037327/	13037327	https://award.tabelog.com/hyakumeiten/curry_tokyo/2020	100
HYK2020-0310	curry_tokyo	カレー	TOKYO	10	すぱいす	東京都	東京都 荻窪駅	https://tabelog.com/tokyo/A1319/A131906/13004379/	13004379	https://award.tabelog.com/hyakumeiten/curry_tokyo/2020	100
HYK2020-0311	curry_tokyo	カレー	TOKYO	11	ヘンドリクス カリー バー	東京都	東京都 国立競技場駅	https://tabelog.com/tokyo/A1309/A130901/13007422/	13007422	https://award.tabelog.com/hyakumeiten/curry_tokyo/2020	100
HYK2020-0312	curry_tokyo	カレー	TOKYO	12	南印度ダイニング ポンディバワン 武蔵新田	東京都	東京都 武蔵新田駅	https://tabelog.com/tokyo/A1317/A131716/13105113/	13105113	https://award.tabelog.com/hyakumeiten/curry_tokyo/2020	100
HYK2020-0313	curry_tokyo	カレー	TOKYO	13	サンバレーホテル	東京都	東京都 三軒茶屋駅	https://tabelog.com/tokyo/A1317/A131706/13195313/	13195313	https://award.tabelog.com/hyakumeiten/curry_tokyo/2020	100
HYK2020-0314	curry_tokyo	カレー	TOKYO	14	カッチャル バッチャル	東京都	東京都 新大塚駅	https://tabelog.com/tokyo/A1323/A132302/13120294/	13120294	https://award.tabelog.com/hyakumeiten/curry_tokyo/2020	100
HYK2020-0315	curry_tokyo	カレー	TOKYO	15	フレンチカレー スプーン	東京都	東京都 西荻窪駅	https://tabelog.com/tokyo/A1319/A131907/13093699/	13093699	https://award.tabelog.com/hyakumeiten/curry_tokyo/2020	100
HYK2020-0316	curry_tokyo	カレー	TOKYO	16	やっぱりインディア	東京都	東京都 大塚駅	https://tabelog.com/tokyo/A1323/A132302/13207605/	13207605	https://award.tabelog.com/hyakumeiten/curry_tokyo/2020	100
HYK2020-0317	curry_tokyo	カレー	TOKYO	17	アーンドラ・キッチン	東京都	東京都 御徒町駅	https://tabelog.com/tokyo/A1311/A131101/13096305/	13096305	https://award.tabelog.com/hyakumeiten/curry_tokyo/2020	100
HYK2020-0318	curry_tokyo	カレー	TOKYO	18	かえる食堂	東京都	東京都 要町駅	https://tabelog.com/tokyo/A1322/A132202/13030312/	13030312	https://award.tabelog.com/hyakumeiten/curry_tokyo/2020	100
HYK2020-0319	curry_tokyo	カレー	TOKYO	19	カレーの店 プーさん	東京都	東京都 武蔵小金井駅	https://tabelog.com/tokyo/A1325/A132501/13005962/	13005962	https://award.tabelog.com/hyakumeiten/curry_tokyo/2020	100
HYK2020-0320	curry_tokyo	カレー	TOKYO	20	ベンガルカレーファクトリー	東京都	東京都 神田駅	https://tabelog.com/tokyo/A1310/A131002/13220519/	13220519	https://award.tabelog.com/hyakumeiten/curry_tokyo/2020	100
HYK2020-0321	curry_tokyo	カレー	TOKYO	21	ムルギー	東京都	東京都 神泉駅	https://tabelog.com/tokyo/A1303/A130301/13001732/	13001732	https://award.tabelog.com/hyakumeiten/curry_tokyo/2020	100
HYK2020-0322	curry_tokyo	カレー	TOKYO	22	curry 草枕	東京都	東京都 新宿御苑前駅	https://tabelog.com/tokyo/A1304/A130402/13042970/	13042970	https://award.tabelog.com/hyakumeiten/curry_tokyo/2020	100
HYK2020-0323	curry_tokyo	カレー	TOKYO	23	ニルワナム 神谷町店	東京都	東京都 神谷町駅	https://tabelog.com/tokyo/A1307/A130704/13019915/	13019915	https://award.tabelog.com/hyakumeiten/curry_tokyo/2020	100
HYK2020-0324	curry_tokyo	カレー	TOKYO	24	ハリマ・ケバブ・ビリヤニ	東京都	東京都 稲荷町駅	https://tabelog.com/tokyo/A1311/A131101/13168753/	13168753	https://award.tabelog.com/hyakumeiten/curry_tokyo/2020	100
HYK2020-0325	curry_tokyo	カレー	TOKYO	25	トマト	東京都	東京都 荻窪駅	https://tabelog.com/tokyo/A1319/A131906/13001113/	13001113	https://award.tabelog.com/hyakumeiten/curry_tokyo/2020	100
HYK2020-0326	curry_tokyo	カレー	TOKYO	26	ムーナ	東京都	東京都 下北沢駅	https://tabelog.com/tokyo/A1318/A131802/13048166/	13048166	https://award.tabelog.com/hyakumeiten/curry_tokyo/2020	100
HYK2020-0327	curry_tokyo	カレー	TOKYO	27	シバカリーワラ	東京都	東京都 三軒茶屋駅	https://tabelog.com/tokyo/A1317/A131706/13151738/	13151738	https://award.tabelog.com/hyakumeiten/curry_tokyo/2020	100
HYK2020-0328	curry_tokyo	カレー	TOKYO	28	ガラムマサラ	東京都	東京都 経堂駅	https://tabelog.com/tokyo/A1318/A131813/13013124/	13013124	https://award.tabelog.com/hyakumeiten/curry_tokyo/2020	100
HYK2020-0329	curry_tokyo	カレー	TOKYO	29	新川デリー	東京都	東京都 八丁堀駅	https://tabelog.com/tokyo/A1302/A130203/13000644/	13000644	https://award.tabelog.com/hyakumeiten/curry_tokyo/2020	100
HYK2020-0330	curry_tokyo	カレー	TOKYO	30	インド料理 想いの木	東京都	東京都 牛込神楽坂駅	https://tabelog.com/tokyo/A1309/A130905/13023967/	13023967	https://award.tabelog.com/hyakumeiten/curry_tokyo/2020	100
HYK2020-0331	curry_tokyo	カレー	TOKYO	31	吉田カレー	東京都	東京都 荻窪駅	https://tabelog.com/tokyo/A1319/A131906/13132405/	13132405	https://award.tabelog.com/hyakumeiten/curry_tokyo/2020	100
HYK2020-0332	curry_tokyo	カレー	TOKYO	32	SPICY CURRY 魯珈	東京都	東京都 大久保駅	https://tabelog.com/tokyo/A1304/A130404/13203027/	13203027	https://award.tabelog.com/hyakumeiten/curry_tokyo/2020	100
HYK2020-0333	curry_tokyo	カレー	TOKYO	33	まめ蔵	東京都	東京都 吉祥寺駅	https://tabelog.com/tokyo/A1320/A132001/13005789/	13005789	https://award.tabelog.com/hyakumeiten/curry_tokyo/2020	100
HYK2020-0334	curry_tokyo	カレー	TOKYO	34	カリーライス専門店エチオピア 本店	東京都	東京都 神保町駅	https://tabelog.com/tokyo/A1310/A131003/13000638/	13000638	https://award.tabelog.com/hyakumeiten/curry_tokyo/2020	100
HYK2020-0335	curry_tokyo	カレー	TOKYO	35	南インド料理ダクシン 八重洲店	東京都	東京都 京橋駅	https://tabelog.com/tokyo/A1302/A130202/13117635/	13117635	https://award.tabelog.com/hyakumeiten/curry_tokyo/2020	100
HYK2020-0336	curry_tokyo	カレー	TOKYO	36	奥芝商店 八王子田代城	東京都	東京都 八王子駅	https://tabelog.com/tokyo/A1329/A132904/13048177/	13048177	https://award.tabelog.com/hyakumeiten/curry_tokyo/2020	100
HYK2020-0337	curry_tokyo	カレー	TOKYO	37	初台スパイス食堂 和魂印才たんどーる	東京都	東京都 初台駅	https://tabelog.com/tokyo/A1318/A131807/13195398/	13195398	https://award.tabelog.com/hyakumeiten/curry_tokyo/2020	100
HYK2020-0338	curry_tokyo	カレー	TOKYO	38	メーヤウ	東京都	東京都 信濃町駅	https://tabelog.com/tokyo/A1309/A130901/13000930/	13000930	https://award.tabelog.com/hyakumeiten/curry_tokyo/2020	100
HYK2020-0339	curry_tokyo	カレー	TOKYO	39	ナイルレストラン	東京都	東京都 東銀座駅	https://tabelog.com/tokyo/A1301/A130101/13002329/	13002329	https://award.tabelog.com/hyakumeiten/curry_tokyo/2020	100
HYK2020-0340	curry_tokyo	カレー	TOKYO	40	カレー食堂 リトルスパイス	東京都	東京都 吉祥寺駅	https://tabelog.com/tokyo/A1320/A132001/13009943/	13009943	https://award.tabelog.com/hyakumeiten/curry_tokyo/2020	100
HYK2020-0341	curry_tokyo	カレー	TOKYO	41	リッチなカレーの店 アサノ	東京都	東京都 町田駅	https://tabelog.com/tokyo/A1327/A132701/13006035/	13006035	https://award.tabelog.com/hyakumeiten/curry_tokyo/2020	100
HYK2020-0342	curry_tokyo	カレー	TOKYO	42	バンゲラズ キッチン	東京都	東京都 有楽町駅	https://tabelog.com/tokyo/A1301/A130101/13217211/	13217211	https://award.tabelog.com/hyakumeiten/curry_tokyo/2020	100
HYK2020-0343	curry_tokyo	カレー	TOKYO	43	トプカ 神田本店	東京都	東京都 淡路町駅	https://tabelog.com/tokyo/A1310/A131002/13000377/	13000377	https://award.tabelog.com/hyakumeiten/curry_tokyo/2020	100
HYK2020-0344	curry_tokyo	カレー	TOKYO	44	インディアンレストラン アールティ	東京都	東京都 岩本町駅	https://tabelog.com/tokyo/A1310/A131001/13091984/	13091984	https://award.tabelog.com/hyakumeiten/curry_tokyo/2020	100
HYK2020-0345	curry_tokyo	カレー	TOKYO	45	スパイスカフェ	東京都	東京都 押上駅	https://tabelog.com/tokyo/A1312/A131203/13002935/	13002935	https://award.tabelog.com/hyakumeiten/curry_tokyo/2020	100
HYK2020-0346	curry_tokyo	カレー	TOKYO	46	砂の岬	東京都	東京都 桜新町駅	https://tabelog.com/tokyo/A1317/A131707/13120204/	13120204	https://award.tabelog.com/hyakumeiten/curry_tokyo/2020	100
HYK2020-0347	curry_tokyo	カレー	TOKYO	47	デリー 上野店	東京都	東京都 上野広小路駅	https://tabelog.com/tokyo/A1311/A131101/13003605/	13003605	https://award.tabelog.com/hyakumeiten/curry_tokyo/2020	100
HYK2020-0348	curry_tokyo	カレー	TOKYO	48	スパイスバル コザブロ	東京都	東京都 本駒込駅	https://tabelog.com/tokyo/A1323/A132301/13207647/	13207647	https://award.tabelog.com/hyakumeiten/curry_tokyo/2020	100
HYK2020-0349	curry_tokyo	カレー	TOKYO	49	ゼロワンカレーA.o.D	東京都	東京都 三田駅	https://tabelog.com/tokyo/A1314/A131402/13239329/	13239329	https://award.tabelog.com/hyakumeiten/curry_tokyo/2020	100
HYK2020-0350	curry_tokyo	カレー	TOKYO	50	東京 京橋屋カレー	東京都	東京都 銀座一丁目駅	https://tabelog.com/tokyo/A1302/A130202/13027104/	13027104	https://award.tabelog.com/hyakumeiten/curry_tokyo/2020	100
HYK2020-0351	curry_tokyo	カレー	TOKYO	51	スパイスボックス	東京都	東京都 小川町駅	https://tabelog.com/tokyo/A1310/A131002/13191118/	13191118	https://award.tabelog.com/hyakumeiten/curry_tokyo/2020	100
HYK2020-0352	curry_tokyo	カレー	TOKYO	52	カレーライス専門店 ブラザー	東京都	東京都 高田馬場駅	https://tabelog.com/tokyo/A1305/A130503/13212319/	13212319	https://award.tabelog.com/hyakumeiten/curry_tokyo/2020	100
HYK2020-0353	curry_tokyo	カレー	TOKYO	53	カーン・ケバブ・ビリヤニ	東京都	東京都 新橋駅	https://tabelog.com/tokyo/A1301/A130103/13170211/	13170211	https://award.tabelog.com/hyakumeiten/curry_tokyo/2020	100
HYK2020-0354	curry_tokyo	カレー	TOKYO	54	サンサール 小岩店	東京都	東京都 小岩駅	https://tabelog.com/tokyo/A1312/A131204/13009589/	13009589	https://award.tabelog.com/hyakumeiten/curry_tokyo/2020	100
HYK2020-0355	curry_tokyo	カレー	TOKYO	55	南インド料理ダクシン 東日本橋店	東京都	東京都 馬喰町駅	https://tabelog.com/tokyo/A1302/A130204/13060858/	13060858	https://award.tabelog.com/hyakumeiten/curry_tokyo/2020	100
HYK2020-0356	curry_tokyo	カレー	TOKYO	56	ディルセ	東京都	東京都 千駄ケ谷駅	https://tabelog.com/tokyo/A1309/A130901/13131028/	13131028	https://award.tabelog.com/hyakumeiten/curry_tokyo/2020	100
HYK2020-0357	curry_tokyo	カレー	TOKYO	57	ブラウニー	東京都	東京都 末広町駅	https://tabelog.com/tokyo/A1311/A131101/13006343/	13006343	https://award.tabelog.com/hyakumeiten/curry_tokyo/2020	100
HYK2020-0358	curry_tokyo	カレー	TOKYO	58	欧風カレー ボンディ 神保町本店	東京都	東京都 神保町駅	https://tabelog.com/tokyo/A1310/A131003/13000439/	13000439	https://award.tabelog.com/hyakumeiten/curry_tokyo/2020	100
HYK2020-0359	curry_tokyo	カレー	TOKYO	59	ベジキッチン	東京都	東京都 仲御徒町駅	https://tabelog.com/tokyo/A1311/A131101/13168026/	13168026	https://award.tabelog.com/hyakumeiten/curry_tokyo/2020	100
HYK2020-0360	curry_tokyo	カレー	TOKYO	60	フジヤ	東京都	東京都 三越前駅	https://tabelog.com/tokyo/A1302/A130202/13006311/	13006311	https://award.tabelog.com/hyakumeiten/curry_tokyo/2020	100
HYK2020-0361	curry_tokyo	カレー	TOKYO	61	プティフ・ア・ラ・カンパーニュ	東京都	東京都 半蔵門駅	https://tabelog.com/tokyo/A1308/A130803/13000254/	13000254	https://award.tabelog.com/hyakumeiten/curry_tokyo/2020	100
HYK2020-0362	curry_tokyo	カレー	TOKYO	62	３丁目のカレー屋さん	東京都	東京都 宝町駅	https://tabelog.com/tokyo/A1302/A130202/13025962/	13025962	https://award.tabelog.com/hyakumeiten/curry_tokyo/2020	100
HYK2020-0363	curry_tokyo	カレー	TOKYO	63	アジャンタ	東京都	東京都 麹町駅	https://tabelog.com/tokyo/A1308/A130803/13000438/	13000438	https://award.tabelog.com/hyakumeiten/curry_tokyo/2020	100
HYK2020-0364	curry_tokyo	カレー	TOKYO	64	アーンドラ・ダイニング 銀座	東京都	東京都 銀座一丁目駅	https://tabelog.com/tokyo/A1301/A130101/13136701/	13136701	https://award.tabelog.com/hyakumeiten/curry_tokyo/2020	100
HYK2020-0365	curry_tokyo	カレー	TOKYO	65	エリックサウス 東京ガーデンテラス店	東京都	東京都 永田町駅	https://tabelog.com/tokyo/A1308/A130801/13195343/	13195343	https://award.tabelog.com/hyakumeiten/curry_tokyo/2020	100
HYK2020-0366	curry_tokyo	カレー	TOKYO	66	グルガオン	東京都	東京都 銀座一丁目駅	https://tabelog.com/tokyo/A1301/A130101/13002457/	13002457	https://award.tabelog.com/hyakumeiten/curry_tokyo/2020	100
HYK2020-0367	curry_tokyo	カレー	TOKYO	67	ヴェヌス サウス インディアン ダイニング 錦糸町店	東京都	東京都 錦糸町駅	https://tabelog.com/tokyo/A1312/A131201/13183010/	13183010	https://award.tabelog.com/hyakumeiten/curry_tokyo/2020	100
HYK2020-0368	curry_tokyo	カレー	TOKYO	68	イエローカンパニー 恵比寿本店	東京都	東京都 恵比寿駅	https://tabelog.com/tokyo/A1303/A130302/13014312/	13014312	https://award.tabelog.com/hyakumeiten/curry_tokyo/2020	100
HYK2020-0369	curry_tokyo	カレー	TOKYO	69	ネパリコ 渋谷店	東京都	東京都 渋谷駅	https://tabelog.com/tokyo/A1303/A130301/13116418/	13116418	https://award.tabelog.com/hyakumeiten/curry_tokyo/2020	100
HYK2020-0370	curry_tokyo	カレー	TOKYO	70	デリー 銀座店	東京都	東京都 銀座駅	https://tabelog.com/tokyo/A1301/A130101/13002616/	13002616	https://award.tabelog.com/hyakumeiten/curry_tokyo/2020	100
HYK2020-0371	curry_tokyo	カレー	TOKYO	71	葡萄舎	東京都	東京都 神田駅	https://tabelog.com/tokyo/A1310/A131002/13036906/	13036906	https://award.tabelog.com/hyakumeiten/curry_tokyo/2020	100
HYK2020-0372	curry_tokyo	カレー	TOKYO	72	タイカリーピキヌー	東京都	東京都 駒沢大学駅	https://tabelog.com/tokyo/A1317/A131707/13001446/	13001446	https://award.tabelog.com/hyakumeiten/curry_tokyo/2020	100
HYK2020-0373	curry_tokyo	カレー	TOKYO	73	タンドール料理ひつじや 日比谷店	東京都	東京都 日比谷駅	https://tabelog.com/tokyo/A1301/A130102/13007608/	13007608	https://award.tabelog.com/hyakumeiten/curry_tokyo/2020	100
HYK2020-0374	curry_tokyo	カレー	TOKYO	74	CURRY BAL くじら	東京都	東京都 高円寺駅	https://tabelog.com/tokyo/A1319/A131904/13149528/	13149528	https://award.tabelog.com/hyakumeiten/curry_tokyo/2020	100
HYK2020-0375	curry_tokyo	カレー	TOKYO	75	旧ヤム邸  シモキタ荘	東京都	東京都 下北沢駅	https://tabelog.com/tokyo/A1318/A131802/13211142/	13211142	https://award.tabelog.com/hyakumeiten/curry_tokyo/2020	100
HYK2020-0376	curry_tokyo	カレー	TOKYO	76	本石亭	東京都	東京都 新日本橋駅	https://tabelog.com/tokyo/A1302/A130202/13046781/	13046781	https://award.tabelog.com/hyakumeiten/curry_tokyo/2020	100
HYK2020-0377	curry_tokyo	カレー	TOKYO	77	ガネー舎	東京都	東京都 汐留駅	https://tabelog.com/tokyo/A1301/A130103/13001507/	13001507	https://award.tabelog.com/hyakumeiten/curry_tokyo/2020	100
HYK2020-0378	curry_tokyo	カレー	TOKYO	78	ベンガル料理プージャー	東京都	東京都 町屋駅前駅	https://tabelog.com/tokyo/A1324/A132401/13036794/	13036794	https://award.tabelog.com/hyakumeiten/curry_tokyo/2020	100
HYK2020-0379	curry_tokyo	カレー	TOKYO	79	カレーライス ディラン	東京都	東京都 新御茶ノ水駅	https://tabelog.com/tokyo/A1310/A131002/13158580/	13158580	https://award.tabelog.com/hyakumeiten/curry_tokyo/2020	100
HYK2020-0380	curry_tokyo	カレー	TOKYO	80	みのりんご	東京都	東京都 原宿駅	https://tabelog.com/tokyo/A1306/A130601/13108716/	13108716	https://award.tabelog.com/hyakumeiten/curry_tokyo/2020	100
HYK2020-0381	curry_tokyo	カレー	TOKYO	81	カルパシ	東京都	東京都 千歳船橋駅	https://tabelog.com/tokyo/A1318/A131813/13202529/	13202529	https://award.tabelog.com/hyakumeiten/curry_tokyo/2020	100
HYK2020-0382	curry_tokyo	カレー	TOKYO	82	ビートイート	東京都	東京都 喜多見駅	https://tabelog.com/tokyo/A1318/A131814/13196455/	13196455	https://award.tabelog.com/hyakumeiten/curry_tokyo/2020	100
HYK2020-0383	curry_tokyo	カレー	TOKYO	83	MOKUBAZA	東京都	東京都 北参道駅	https://tabelog.com/tokyo/A1309/A130901/13154685/	13154685	https://award.tabelog.com/hyakumeiten/curry_tokyo/2020	100
HYK2020-0384	curry_tokyo	カレー	TOKYO	84	かれーの店 うどん	東京都	東京都 大崎広小路駅	https://tabelog.com/tokyo/A1316/A131603/13004531/	13004531	https://award.tabelog.com/hyakumeiten/curry_tokyo/2020	100
HYK2020-0385	curry_tokyo	カレー	TOKYO	85	シターラ 青山店	東京都	東京都 表参道駅	https://tabelog.com/tokyo/A1306/A130602/13009705/	13009705	https://award.tabelog.com/hyakumeiten/curry_tokyo/2020	100
HYK2020-0386	curry_tokyo	カレー	TOKYO	86	インドカレーカーマ	東京都	東京都 神保町駅	https://tabelog.com/tokyo/A1310/A131003/13000243/	13000243	https://award.tabelog.com/hyakumeiten/curry_tokyo/2020	100
HYK2020-0387	curry_tokyo	カレー	TOKYO	87	サイーファ ケバブ アンド ビリヤニ	東京都	東京都 六本木駅	https://tabelog.com/tokyo/A1307/A130701/13144423/	13144423	https://award.tabelog.com/hyakumeiten/curry_tokyo/2020	100
HYK2020-0388	curry_tokyo	カレー	TOKYO	88	エリックサウス 八重洲店	東京都	東京都 京橋駅	https://tabelog.com/tokyo/A1302/A130202/13130363/	13130363	https://award.tabelog.com/hyakumeiten/curry_tokyo/2020	100
HYK2020-0389	curry_tokyo	カレー	TOKYO	89	タンドールバル カマルプール	東京都	東京都 木場駅	https://tabelog.com/tokyo/A1313/A131303/13128960/	13128960	https://award.tabelog.com/hyakumeiten/curry_tokyo/2020	100
HYK2020-0390	curry_tokyo	カレー	TOKYO	90	アヒリヤ 代々木店	東京都	東京都 代々木駅	https://tabelog.com/tokyo/A1304/A130403/13009222/	13009222	https://award.tabelog.com/hyakumeiten/curry_tokyo/2020	100
HYK2020-0391	curry_tokyo	カレー	TOKYO	91	ザ・カリ	東京都	東京都 御成門駅	https://tabelog.com/tokyo/A1301/A130103/13007129/	13007129	https://award.tabelog.com/hyakumeiten/curry_tokyo/2020	100
HYK2020-0392	curry_tokyo	カレー	TOKYO	92	サルマ ティッカアンドビリヤニ	東京都	東京都 品川駅	https://tabelog.com/tokyo/A1314/A131403/13037862/	13037862	https://award.tabelog.com/hyakumeiten/curry_tokyo/2020	100
HYK2020-0393	curry_tokyo	カレー	TOKYO	93	コチン ニヴァース	東京都	東京都 西新宿五丁目駅	https://tabelog.com/tokyo/A1304/A130401/13056242/	13056242	https://award.tabelog.com/hyakumeiten/curry_tokyo/2020	100
HYK2020-0394	curry_tokyo	カレー	TOKYO	94	ロダン	東京都	東京都 宝町駅	https://tabelog.com/tokyo/A1302/A130203/13048485/	13048485	https://award.tabelog.com/hyakumeiten/curry_tokyo/2020	100
HYK2020-0395	curry_tokyo	カレー	TOKYO	95	ダバ インディア	東京都	東京都 京橋駅	https://tabelog.com/tokyo/A1302/A130202/13000506/	13000506	https://award.tabelog.com/hyakumeiten/curry_tokyo/2020	100
HYK2020-0396	curry_tokyo	カレー	TOKYO	96	ビストロべっぴん舍 お茶の水	東京都	東京都 神保町駅	https://tabelog.com/tokyo/A1310/A131002/13198751/	13198751	https://award.tabelog.com/hyakumeiten/curry_tokyo/2020	100
HYK2020-0397	curry_tokyo	カレー	TOKYO	97	カレー&オリエンタルバル 桃の実 水道橋店	東京都	東京都 水道橋駅	https://tabelog.com/tokyo/A1310/A131003/13204150/	13204150	https://award.tabelog.com/hyakumeiten/curry_tokyo/2020	100
HYK2020-0398	curry_tokyo	カレー	TOKYO	98	ヨゴロウ	東京都	東京都 国立競技場駅	https://tabelog.com/tokyo/A1306/A130601/13076645/	13076645	https://award.tabelog.com/hyakumeiten/curry_tokyo/2020	100
HYK2020-0399	curry_tokyo	カレー	TOKYO	99	アジアカレーハウス	東京都	東京都 錦糸町駅	https://tabelog.com/tokyo/A1312/A131201/13168072/	13168072	https://award.tabelog.com/hyakumeiten/curry_tokyo/2020	100
HYK2020-0400	curry_tokyo	カレー	TOKYO	100	ガンジー	東京都	東京都 新宿三丁目駅	https://tabelog.com/tokyo/A1304/A130401/13000880/	13000880	https://award.tabelog.com/hyakumeiten/curry_tokyo/2020	100
HYK2020-0401	curry_east	カレー	EAST	1	木多郎 澄川本店	北海道	北海道 澄川駅	https://tabelog.com/hokkaido/A0101/A010305/1000174/	1000174	https://award.tabelog.com/hyakumeiten/curry_east/2020	100
HYK2020-0402	curry_east	カレー	EAST	2	アーユーボーワン	千葉県	千葉県 柏駅	https://tabelog.com/chiba/A1203/A120301/12033520/	12033520	https://award.tabelog.com/hyakumeiten/curry_east/2020	100
HYK2020-0403	curry_east	カレー	EAST	3	スープカレー トムトムキキル	北海道	北海道 札幌市清田区	https://tabelog.com/hokkaido/A0101/A010304/1037079/	1037079	https://award.tabelog.com/hyakumeiten/curry_east/2020	100
HYK2020-0404	curry_east	カレー	EAST	4	欧風カレーKEN	北海道	北海道 北１３条東駅	https://tabelog.com/hokkaido/A0101/A010202/1041827/	1041827	https://award.tabelog.com/hyakumeiten/curry_east/2020	100
HYK2020-0405	curry_east	カレー	EAST	5	ボンベイ	神奈川県	神奈川県 厚木市	https://tabelog.com/kanagawa/A1408/A140802/14003773/	14003773	https://award.tabelog.com/hyakumeiten/curry_east/2020	100
HYK2020-0406	curry_east	カレー	EAST	6	カレー気分	北海道	北海道 札幌市清田区	https://tabelog.com/hokkaido/A0101/A010304/1000874/	1000874	https://award.tabelog.com/hyakumeiten/curry_east/2020	100
HYK2020-0407	curry_east	カレー	EAST	7	印度料理シタール	千葉県	千葉県 検見川駅	https://tabelog.com/chiba/A1201/A120104/12000109/	12000109	https://award.tabelog.com/hyakumeiten/curry_east/2020	100
HYK2020-0408	curry_east	カレー	EAST	8	ガンディー	千葉県	千葉県 京成船橋駅	https://tabelog.com/chiba/A1202/A120201/12000107/	12000107	https://award.tabelog.com/hyakumeiten/curry_east/2020	100
HYK2020-0409	curry_east	カレー	EAST	9	SAKURA BROWN	北海道	北海道 琴似（札幌市営）駅	https://tabelog.com/hokkaido/A0101/A010204/1044404/	1044404	https://award.tabelog.com/hyakumeiten/curry_east/2020	100
HYK2020-0410	curry_east	カレー	EAST	10	エイト カリー	北海道	北海道 中の島駅	https://tabelog.com/hokkaido/A0101/A010303/1052435/	1052435	https://award.tabelog.com/hyakumeiten/curry_east/2020	100
HYK2020-0411	curry_east	カレー	EAST	11	タイガーカレー	北海道	北海道 北２４条駅	https://tabelog.com/hokkaido/A0101/A010201/1003065/	1003065	https://award.tabelog.com/hyakumeiten/curry_east/2020	100
HYK2020-0412	curry_east	カレー	EAST	12	ハイ，ハウ アー ユー	神奈川県	神奈川県 日吉駅	https://tabelog.com/kanagawa/A1401/A140204/14040637/	14040637	https://award.tabelog.com/hyakumeiten/curry_east/2020	100
HYK2020-0413	curry_east	カレー	EAST	13	エリックサウス KITTE名古屋店	愛知県	愛知県 名古屋駅	https://tabelog.com/aichi/A2301/A230101/23060430/	23060430	https://award.tabelog.com/hyakumeiten/curry_east/2020	100
HYK2020-0414	curry_east	カレー	EAST	14	SOUP CURRY KING セントラル	北海道	北海道 狸小路駅	https://tabelog.com/hokkaido/A0101/A010102/1055662/	1055662	https://award.tabelog.com/hyakumeiten/curry_east/2020	100
HYK2020-0415	curry_east	カレー	EAST	15	黒岩_哩飯店	北海道	北海道 西８丁目駅	https://tabelog.com/hokkaido/A0101/A010102/1049128/	1049128	https://award.tabelog.com/hyakumeiten/curry_east/2020	100
HYK2020-0416	curry_east	カレー	EAST	16	イムイェム	神奈川県	神奈川県 川崎市宮前区	https://tabelog.com/kanagawa/A1405/A140507/14003331/	14003331	https://award.tabelog.com/hyakumeiten/curry_east/2020	100
HYK2020-0417	curry_east	カレー	EAST	17	コジコジ	茨城県	茨城県 水戸市	https://tabelog.com/ibaraki/A0801/A080101/8014163/	8014163	https://award.tabelog.com/hyakumeiten/curry_east/2020	100
HYK2020-0418	curry_east	カレー	EAST	18	イエロー	北海道	北海道 豊水すすきの駅	https://tabelog.com/hokkaido/A0101/A010103/1002181/	1002181	https://award.tabelog.com/hyakumeiten/curry_east/2020	100
HYK2020-0419	curry_east	カレー	EAST	19	オクシモロン コマチ	神奈川県	神奈川県 鎌倉駅	https://tabelog.com/kanagawa/A1404/A140402/14014612/	14014612	https://award.tabelog.com/hyakumeiten/curry_east/2020	100
HYK2020-0420	curry_east	カレー	EAST	20	村上カレー店・プルプル	北海道	北海道 中央区役所前駅	https://tabelog.com/hokkaido/A0101/A010102/1000476/	1000476	https://award.tabelog.com/hyakumeiten/curry_east/2020	100
HYK2020-0421	curry_east	カレー	EAST	21	SOUP CURRY KING 本店	北海道	北海道 南平岸駅	https://tabelog.com/hokkaido/A0101/A010303/1006357/	1006357	https://award.tabelog.com/hyakumeiten/curry_east/2020	100
HYK2020-0422	curry_east	カレー	EAST	22	さっぽろルーカレーNAGAMIYA	北海道	北海道 西１５丁目駅	https://tabelog.com/hokkaido/A0101/A010102/1048553/	1048553	https://award.tabelog.com/hyakumeiten/curry_east/2020	100
HYK2020-0423	curry_east	カレー	EAST	23	Rojiura Curry SAMURAI. さくら店	北海道	北海道 資生館小学校前駅	https://tabelog.com/hokkaido/A0101/A010103/1031790/	1031790	https://award.tabelog.com/hyakumeiten/curry_east/2020	100
HYK2020-0424	curry_east	カレー	EAST	24	スパイス	北海道	北海道 北１８条駅	https://tabelog.com/hokkaido/A0101/A010201/1035826/	1035826	https://award.tabelog.com/hyakumeiten/curry_east/2020	100
HYK2020-0425	curry_east	カレー	EAST	25	ベンガルタイガー	千葉県	千葉県 千葉駅	https://tabelog.com/chiba/A1201/A120101/12043752/	12043752	https://award.tabelog.com/hyakumeiten/curry_east/2020	100
HYK2020-0426	curry_east	カレー	EAST	26	ベンベラ・ネットワークカンパニー	北海道	北海道 西８丁目駅	https://tabelog.com/hokkaido/A0101/A010102/1000587/	1000587	https://award.tabelog.com/hyakumeiten/curry_east/2020	100
HYK2020-0427	curry_east	カレー	EAST	27	オクシモロン onari	神奈川県	神奈川県 鎌倉駅	https://tabelog.com/kanagawa/A1404/A140402/14060276/	14060276	https://award.tabelog.com/hyakumeiten/curry_east/2020	100
HYK2020-0428	curry_east	カレー	EAST	28	唯我独尊	北海道	北海道 富良野市	https://tabelog.com/hokkaido/A0104/A010403/1000063/	1000063	https://award.tabelog.com/hyakumeiten/curry_east/2020	100
HYK2020-0429	curry_east	カレー	EAST	29	ONSEN食堂	北海道	北海道 札幌市南区	https://tabelog.com/hokkaido/A0101/A010305/1000167/	1000167	https://award.tabelog.com/hyakumeiten/curry_east/2020	100
HYK2020-0430	curry_east	カレー	EAST	30	ZORA	北海道	北海道 西８丁目駅	https://tabelog.com/hokkaido/A0101/A010102/1024540/	1024540	https://award.tabelog.com/hyakumeiten/curry_east/2020	100
HYK2020-0431	curry_east	カレー	EAST	31	ラマイ 横浜伊勢佐木モール店	神奈川県	神奈川県 関内駅	https://tabelog.com/kanagawa/A1401/A140104/14045095/	14045095	https://award.tabelog.com/hyakumeiten/curry_east/2020	100
HYK2020-0432	curry_east	カレー	EAST	32	アリアナレストラン	愛知県	愛知県 車道駅	https://tabelog.com/aichi/A2301/A230106/23000471/	23000471	https://award.tabelog.com/hyakumeiten/curry_east/2020	100
HYK2020-0433	curry_east	カレー	EAST	33	アジャンタ 総本家	北海道	北海道 元町（札幌）駅	https://tabelog.com/hokkaido/A0101/A010202/1006509/	1006509	https://award.tabelog.com/hyakumeiten/curry_east/2020	100
HYK2020-0434	curry_east	カレー	EAST	34	らっきょ	北海道	北海道 琴似（ＪＲ）駅	https://tabelog.com/hokkaido/A0101/A010204/1000164/	1000164	https://award.tabelog.com/hyakumeiten/curry_east/2020	100
HYK2020-0435	curry_east	カレー	EAST	35	カレーハウス 横浜 ボンベイ	神奈川県	神奈川県 戸塚駅	https://tabelog.com/kanagawa/A1401/A140305/14000620/	14000620	https://award.tabelog.com/hyakumeiten/curry_east/2020	100
HYK2020-0436	curry_east	カレー	EAST	36	デリー 札幌店	北海道	北海道 狸小路駅	https://tabelog.com/hokkaido/A0101/A010103/1006116/	1006116	https://award.tabelog.com/hyakumeiten/curry_east/2020	100
HYK2020-0437	curry_east	カレー	EAST	37	Spice&mill	北海道	北海道 南郷１３丁目駅	https://tabelog.com/hokkaido/A0101/A010301/1050715/	1050715	https://award.tabelog.com/hyakumeiten/curry_east/2020	100
HYK2020-0438	curry_east	カレー	EAST	38	カリーハウス コロンボ	北海道	北海道 さっぽろ（札幌市営）駅	https://tabelog.com/hokkaido/A0101/A010101/1004447/	1004447	https://award.tabelog.com/hyakumeiten/curry_east/2020	100
HYK2020-0439	curry_east	カレー	EAST	39	カオスヘブン 札幌店	北海道	北海道 豊水すすきの駅	https://tabelog.com/hokkaido/A0101/A010103/1042039/	1042039	https://award.tabelog.com/hyakumeiten/curry_east/2020	100
HYK2020-0440	curry_east	カレー	EAST	40	南インド家庭料理 カルナータカー	愛知県	愛知県 藤が丘駅	https://tabelog.com/aichi/A2301/A230111/23044940/	23044940	https://award.tabelog.com/hyakumeiten/curry_east/2020	100
HYK2020-0441	curry_east	カレー	EAST	41	ルッカパイパイ	北海道	北海道 平岸（札幌市営）駅	https://tabelog.com/hokkaido/A0101/A010303/1000683/	1000683	https://award.tabelog.com/hyakumeiten/curry_east/2020	100
HYK2020-0442	curry_east	カレー	EAST	42	アジアンスープカリー べす	北海道	北海道 白石（ＪＲ北海道）駅	https://tabelog.com/hokkaido/A0101/A010301/1049808/	1049808	https://award.tabelog.com/hyakumeiten/curry_east/2020	100
HYK2020-0443	curry_east	カレー	EAST	43	コスギカレー	神奈川県	神奈川県 新丸子駅	https://tabelog.com/kanagawa/A1405/A140504/14042207/	14042207	https://award.tabelog.com/hyakumeiten/curry_east/2020	100
HYK2020-0444	curry_east	カレー	EAST	44	らっきょ＆Star	神奈川県	神奈川県 綱島駅	https://tabelog.com/kanagawa/A1401/A140204/14009431/	14009431	https://award.tabelog.com/hyakumeiten/curry_east/2020	100
HYK2020-0445	curry_east	カレー	EAST	45	カラバト・カリー	北海道	北海道 札幌市南区	https://tabelog.com/hokkaido/A0101/A010305/1002186/	1002186	https://award.tabelog.com/hyakumeiten/curry_east/2020	100
HYK2020-0446	curry_east	カレー	EAST	46	南インド料理 葉菜	千葉県	千葉県 勝田台駅	https://tabelog.com/chiba/A1202/A120204/12012667/	12012667	https://award.tabelog.com/hyakumeiten/curry_east/2020	100
HYK2020-0447	curry_east	カレー	EAST	47	カフェパハナ	愛知県	愛知県 金山駅	https://tabelog.com/aichi/A2301/A230105/23037973/	23037973	https://award.tabelog.com/hyakumeiten/curry_east/2020	100
HYK2020-0448	curry_east	カレー	EAST	48	マジックスパイス 札幌本店	北海道	北海道 南郷７丁目駅	https://tabelog.com/hokkaido/A0101/A010301/1000163/	1000163	https://award.tabelog.com/hyakumeiten/curry_east/2020	100
HYK2020-0449	curry_east	カレー	EAST	49	ラム	北海道	北海道 北３４条駅	https://tabelog.com/hokkaido/A0101/A010201/1004045/	1004045	https://award.tabelog.com/hyakumeiten/curry_east/2020	100
HYK2020-0450	curry_east	カレー	EAST	50	五○堂	北海道	北海道 山鼻９条駅	https://tabelog.com/hokkaido/A0101/A010104/1029487/	1029487	https://award.tabelog.com/hyakumeiten/curry_east/2020	100
HYK2020-0451	curry_east	カレー	EAST	51	スパイスカレー モクロミ	埼玉県	埼玉県 せんげん台駅	https://tabelog.com/saitama/A1102/A110203/11045458/	11045458	https://award.tabelog.com/hyakumeiten/curry_east/2020	100
HYK2020-0452	curry_east	カレー	EAST	52	カレーレストラン シバ	千葉県	千葉県 稲毛駅	https://tabelog.com/chiba/A1201/A120104/12000017/	12000017	https://award.tabelog.com/hyakumeiten/curry_east/2020	100
HYK2020-0453	curry_east	カレー	EAST	53	DEWAN 幕張店	千葉県	千葉県 千葉市美浜区	https://tabelog.com/chiba/A1201/A120102/12000695/	12000695	https://award.tabelog.com/hyakumeiten/curry_east/2020	100
HYK2020-0454	curry_east	カレー	EAST	54	gopのアナグラ	北海道	北海道 札幌市西区	https://tabelog.com/hokkaido/A0101/A010204/1000635/	1000635	https://award.tabelog.com/hyakumeiten/curry_east/2020	100
HYK2020-0455	curry_east	カレー	EAST	55	元祖インドカレー 小いけ	北海道	北海道 函館市	https://tabelog.com/hokkaido/A0105/A010501/1008130/	1008130	https://award.tabelog.com/hyakumeiten/curry_east/2020	100
HYK2020-0456	curry_east	カレー	EAST	56	スープカリー ヒリヒリ2号	北海道	北海道 さっぽろ（札幌市営）駅	https://tabelog.com/hokkaido/A0101/A010101/1004285/	1004285	https://award.tabelog.com/hyakumeiten/curry_east/2020	100
HYK2020-0457	curry_east	カレー	EAST	57	天竺 札幌清田本店	北海道	北海道 札幌市清田区	https://tabelog.com/hokkaido/A0101/A010304/1039442/	1039442	https://award.tabelog.com/hyakumeiten/curry_east/2020	100
HYK2020-0458	curry_east	カレー	EAST	58	西屯田通りスープカレー本舗	北海道	北海道 西線９条旭山公園通駅	https://tabelog.com/hokkaido/A0101/A010104/1007981/	1007981	https://award.tabelog.com/hyakumeiten/curry_east/2020	100
HYK2020-0459	curry_east	カレー	EAST	59	スープカリー スアゲ プラス 本店	北海道	北海道 すすきの（市電）駅	https://tabelog.com/hokkaido/A0101/A010103/1006004/	1006004	https://award.tabelog.com/hyakumeiten/curry_east/2020	100
HYK2020-0460	curry_east	カレー	EAST	60	曉	北海道	北海道 中央区役所前駅	https://tabelog.com/hokkaido/A0101/A010102/1050112/	1050112	https://award.tabelog.com/hyakumeiten/curry_east/2020	100
HYK2020-0461	curry_east	カレー	EAST	61	こうひいはうす	北海道	北海道 ロープウェイ入口駅	https://tabelog.com/hokkaido/A0101/A010104/1002169/	1002169	https://award.tabelog.com/hyakumeiten/curry_east/2020	100
HYK2020-0462	curry_east	カレー	EAST	62	マタレー 円山店	北海道	北海道 円山公園駅	https://tabelog.com/hokkaido/A0101/A010105/1025101/	1025101	https://award.tabelog.com/hyakumeiten/curry_east/2020	100
HYK2020-0463	curry_east	カレー	EAST	63	スパイス ポット	北海道	北海道 菊水駅	https://tabelog.com/hokkaido/A0101/A010301/1025000/	1025000	https://award.tabelog.com/hyakumeiten/curry_east/2020	100
HYK2020-0464	curry_east	カレー	EAST	64	カレー専門店 KEN	神奈川県	神奈川県 青葉台駅	https://tabelog.com/kanagawa/A1401/A140202/14010409/	14010409	https://award.tabelog.com/hyakumeiten/curry_east/2020	100
HYK2020-0465	curry_east	カレー	EAST	65	カレーのふらのや	北海道	北海道 森林公園駅	https://tabelog.com/hokkaido/A0101/A010302/1031618/	1031618	https://award.tabelog.com/hyakumeiten/curry_east/2020	100
HYK2020-0466	curry_east	カレー	EAST	66	Handi レストラン	千葉県	千葉県 野田市	https://tabelog.com/chiba/A1203/A120305/12026828/	12026828	https://award.tabelog.com/hyakumeiten/curry_east/2020	100
HYK2020-0467	curry_east	カレー	EAST	67	スパイス・ツリー	神奈川県	神奈川県 逗子駅	https://tabelog.com/kanagawa/A1406/A140602/14053565/	14053565	https://award.tabelog.com/hyakumeiten/curry_east/2020	100
HYK2020-0468	curry_east	カレー	EAST	68	Rojiura Curry SAMURAI. 平岸総本店	北海道	北海道 豊平公園駅	https://tabelog.com/hokkaido/A0101/A010303/1005698/	1005698	https://award.tabelog.com/hyakumeiten/curry_east/2020	100
HYK2020-0469	curry_east	カレー	EAST	69	ガネーシュ	神奈川県	神奈川県 能見台駅	https://tabelog.com/kanagawa/A1401/A140310/14012113/	14012113	https://award.tabelog.com/hyakumeiten/curry_east/2020	100
HYK2020-0470	curry_east	カレー	EAST	70	カレーの店 マボロシ	神奈川県	神奈川県 相模原市中央区	https://tabelog.com/kanagawa/A1407/A140701/14040492/	14040492	https://award.tabelog.com/hyakumeiten/curry_east/2020	100
HYK2020-0471	curry_east	カレー	EAST	71	ひげ男爵	北海道	北海道 バスセンター前駅	https://tabelog.com/hokkaido/A0101/A010102/1005374/	1005374	https://award.tabelog.com/hyakumeiten/curry_east/2020	100
HYK2020-0472	curry_east	カレー	EAST	72	ニュールドリ	埼玉県	埼玉県 谷塚駅	https://tabelog.com/saitama/A1102/A110203/11035816/	11035816	https://award.tabelog.com/hyakumeiten/curry_east/2020	100
HYK2020-0473	curry_east	カレー	EAST	73	STAR	北海道	北海道 小樽市	https://tabelog.com/hokkaido/A0106/A010601/1042370/	1042370	https://award.tabelog.com/hyakumeiten/curry_east/2020	100
HYK2020-0474	curry_east	カレー	EAST	74	ラマイ 札幌中央店	北海道	北海道 中央区役所前駅	https://tabelog.com/hokkaido/A0101/A010102/1029827/	1029827	https://award.tabelog.com/hyakumeiten/curry_east/2020	100
HYK2020-0475	curry_east	カレー	EAST	75	メディスンマン	北海道	北海道 中島公園通駅	https://tabelog.com/hokkaido/A0101/A010104/1003072/	1003072	https://award.tabelog.com/hyakumeiten/curry_east/2020	100
HYK2020-0476	curry_east	カレー	EAST	76	ラマイ 札幌本店	北海道	北海道 札幌市豊平区	https://tabelog.com/hokkaido/A0101/A010303/1001470/	1001470	https://award.tabelog.com/hyakumeiten/curry_east/2020	100
HYK2020-0477	curry_east	カレー	EAST	77	Kikuya Curry	神奈川県	神奈川県 日ノ出町駅	https://tabelog.com/kanagawa/A1401/A140102/14004143/	14004143	https://award.tabelog.com/hyakumeiten/curry_east/2020	100
HYK2020-0478	curry_east	カレー	EAST	78	kanakoのスープカレー屋さん 札幌大通店	北海道	北海道 西４丁目駅	https://tabelog.com/hokkaido/A0101/A010102/1026119/	1026119	https://award.tabelog.com/hyakumeiten/curry_east/2020	100
HYK2020-0479	curry_east	カレー	EAST	79	札幌スープカレー専門店エスパーイトウ 八軒総本店	北海道	北海道 八軒駅	https://tabelog.com/hokkaido/A0101/A010204/1009667/	1009667	https://award.tabelog.com/hyakumeiten/curry_east/2020	100
HYK2020-0480	curry_east	カレー	EAST	80	ポレポレ	北海道	北海道 南郷１８丁目駅	https://tabelog.com/hokkaido/A0101/A010301/1002197/	1002197	https://award.tabelog.com/hyakumeiten/curry_east/2020	100
HYK2020-0481	curry_east	カレー	EAST	81	カレー専門店cafe New Delhi	愛知県	愛知県 岩塚駅	https://tabelog.com/aichi/A2301/A230113/23007998/	23007998	https://award.tabelog.com/hyakumeiten/curry_east/2020	100
HYK2020-0482	curry_east	カレー	EAST	82	未来カレー こりす	北海道	北海道 資生館小学校前駅	https://tabelog.com/hokkaido/A0101/A010103/1035490/	1035490	https://award.tabelog.com/hyakumeiten/curry_east/2020	100
HYK2020-0483	curry_east	カレー	EAST	83	一文字カリー店	北海道	北海道 南郷１８丁目駅	https://tabelog.com/hokkaido/A0101/A010301/1024063/	1024063	https://award.tabelog.com/hyakumeiten/curry_east/2020	100
HYK2020-0484	curry_east	カレー	EAST	84	マドラスミールス	神奈川県	神奈川県 新丸子駅	https://tabelog.com/kanagawa/A1405/A140504/14043719/	14043719	https://award.tabelog.com/hyakumeiten/curry_east/2020	100
HYK2020-0485	curry_east	カレー	EAST	85	スープカレーディップ	北海道	北海道 北３４条駅	https://tabelog.com/hokkaido/A0101/A010201/1055946/	1055946	https://award.tabelog.com/hyakumeiten/curry_east/2020	100
HYK2020-0486	curry_east	カレー	EAST	86	サールナート	千葉県	千葉県 大神宮下駅	https://tabelog.com/chiba/A1202/A120201/12000128/	12000128	https://award.tabelog.com/hyakumeiten/curry_east/2020	100
HYK2020-0487	curry_east	カレー	EAST	87	カリーヤ！コング	北海道	北海道 静修学園前駅	https://tabelog.com/hokkaido/A0101/A010104/1029696/	1029696	https://award.tabelog.com/hyakumeiten/curry_east/2020	100
HYK2020-0488	curry_east	カレー	EAST	88	ターラ	北海道	北海道 西４丁目駅	https://tabelog.com/hokkaido/A0101/A010102/1001916/	1001916	https://award.tabelog.com/hyakumeiten/curry_east/2020	100
HYK2020-0489	curry_east	カレー	EAST	89	ラマイ 札幌北33条店	北海道	北海道 北３４条駅	https://tabelog.com/hokkaido/A0101/A010202/1007585/	1007585	https://award.tabelog.com/hyakumeiten/curry_east/2020	100
HYK2020-0490	curry_east	カレー	EAST	90	バンチャガル	愛知県	愛知県 星ケ丘駅	https://tabelog.com/aichi/A2301/A230111/23009012/	23009012	https://award.tabelog.com/hyakumeiten/curry_east/2020	100
HYK2020-0491	curry_east	カレー	EAST	91	negombo33	埼玉県	埼玉県 西所沢駅	https://tabelog.com/saitama/A1106/A110601/11015014/	11015014	https://award.tabelog.com/hyakumeiten/curry_east/2020	100
HYK2020-0492	curry_east	カレー	EAST	92	カレーの店 ボンベイ 本店	千葉県	千葉県 柏駅	https://tabelog.com/chiba/A1203/A120301/12026182/	12026182	https://award.tabelog.com/hyakumeiten/curry_east/2020	100
HYK2020-0493	curry_east	カレー	EAST	93	カラチの空	埼玉県	埼玉県 八潮市	https://tabelog.com/saitama/A1102/A110205/11020803/	11020803	https://award.tabelog.com/hyakumeiten/curry_east/2020	100
HYK2020-0494	curry_east	カレー	EAST	94	ピカンティ	北海道	北海道 北１２条駅	https://tabelog.com/hokkaido/A0101/A010201/1000060/	1000060	https://award.tabelog.com/hyakumeiten/curry_east/2020	100
HYK2020-0495	curry_east	カレー	EAST	95	べいらっきょ	神奈川県	神奈川県 馬車道駅	https://tabelog.com/kanagawa/A1401/A140104/14000111/	14000111	https://award.tabelog.com/hyakumeiten/curry_east/2020	100
HYK2020-0496	curry_east	カレー	EAST	96	ミルチ	北海道	北海道 西線６条駅	https://tabelog.com/hokkaido/A0101/A010102/1000166/	1000166	https://award.tabelog.com/hyakumeiten/curry_east/2020	100
HYK2020-0497	curry_east	カレー	EAST	97	アルペンジロー 本店	神奈川県	神奈川県 阪東橋駅	https://tabelog.com/kanagawa/A1401/A140104/14000553/	14000553	https://award.tabelog.com/hyakumeiten/curry_east/2020	100
HYK2020-0498	curry_east	カレー	EAST	98	カレー リーブス	北海道	北海道 札幌市豊平区	https://tabelog.com/hokkaido/A0101/A010303/1000687/	1000687	https://award.tabelog.com/hyakumeiten/curry_east/2020	100
HYK2020-0499	curry_east	カレー	EAST	99	レッドチリ	北海道	北海道 西２８丁目駅	https://tabelog.com/hokkaido/A0101/A010105/1003320/	1003320	https://award.tabelog.com/hyakumeiten/curry_east/2020	100
HYK2020-0500	curry_east	カレー	EAST	100	クロック	北海道	北海道 札幌市中央区	https://tabelog.com/hokkaido/A0101/A010105/1000162/	1000162	https://award.tabelog.com/hyakumeiten/curry_east/2020	100
HYK2020-0501	curry_west	カレー	WEST	1	ヴァスコ・ダ・ガマ 本店	大阪府	大阪府 高槻駅	https://tabelog.com/osaka/A2706/A270604/27059288/	27059288	https://award.tabelog.com/hyakumeiten/curry_west/2020	100
HYK2020-0502	curry_west	カレー	WEST	2	シンズキッチン	大阪府	大阪府 近鉄日本橋駅	https://tabelog.com/osaka/A2701/A270202/27044516/	27044516	https://award.tabelog.com/hyakumeiten/curry_west/2020	100
HYK2020-0503	curry_west	カレー	WEST	3	アジャンタ 京都店	京都府	京都府 清水五条駅	https://tabelog.com/kyoto/A2601/A260201/26000970/	26000970	https://award.tabelog.com/hyakumeiten/curry_west/2020	100
HYK2020-0504	curry_west	カレー	WEST	4	辛来飯	大阪府	大阪府 堺筋本町駅	https://tabelog.com/osaka/A2701/A270106/27000068/	27000068	https://award.tabelog.com/hyakumeiten/curry_west/2020	100
HYK2020-0505	curry_west	カレー	WEST	5	コロンビア エイト 北浜本店	大阪府	大阪府 北浜駅	https://tabelog.com/osaka/A2701/A270102/27015618/	27015618	https://award.tabelog.com/hyakumeiten/curry_west/2020	100
HYK2020-0506	curry_west	カレー	WEST	6	モリ商店	大阪府	大阪府 なにわ橋駅	https://tabelog.com/osaka/A2701/A270103/27046303/	27046303	https://award.tabelog.com/hyakumeiten/curry_west/2020	100
HYK2020-0507	curry_west	カレー	WEST	7	106 サウスインディアン 福岡天神店	福岡県	福岡県 西鉄福岡（天神）駅	https://tabelog.com/fukuoka/A4001/A400103/40041110/	40041110	https://award.tabelog.com/hyakumeiten/curry_west/2020	100
HYK2020-0508	curry_west	カレー	WEST	8	太陽カレー	京都府	京都府 西院（京福）駅	https://tabelog.com/kyoto/A2601/A260401/26022669/	26022669	https://award.tabelog.com/hyakumeiten/curry_west/2020	100
HYK2020-0509	curry_west	カレー	WEST	9	カマル	京都府	京都府 烏丸御池駅	https://tabelog.com/kyoto/A2601/A260202/26019639/	26019639	https://award.tabelog.com/hyakumeiten/curry_west/2020	100
HYK2020-0510	curry_west	カレー	WEST	10	アングル	兵庫県	兵庫県 塚口（阪急）駅	https://tabelog.com/hyogo/A2803/A280304/28000142/	28000142	https://award.tabelog.com/hyakumeiten/curry_west/2020	100
HYK2020-0511	curry_west	カレー	WEST	11	シナジー	大阪府	大阪府 北新地駅	https://tabelog.com/osaka/A2701/A270101/27074379/	27074379	https://award.tabelog.com/hyakumeiten/curry_west/2020	100
HYK2020-0512	curry_west	カレー	WEST	12	旧ヤム邸 中之島洋館	大阪府	大阪府 渡辺橋駅	https://tabelog.com/osaka/A2701/A270108/27073991/	27073991	https://award.tabelog.com/hyakumeiten/curry_west/2020	100
HYK2020-0513	curry_west	カレー	WEST	13	マダム・カリー	大阪府	大阪府 北浜駅	https://tabelog.com/osaka/A2701/A270102/27050578/	27050578	https://award.tabelog.com/hyakumeiten/curry_west/2020	100
HYK2020-0514	curry_west	カレー	WEST	14	旧ヤム鐵道	大阪府	大阪府 大阪駅	https://tabelog.com/osaka/A2701/A270101/27084538/	27084538	https://award.tabelog.com/hyakumeiten/curry_west/2020	100
HYK2020-0515	curry_west	カレー	WEST	15	ラーマ	大阪府	大阪府 中之島駅	https://tabelog.com/osaka/A2701/A270105/27089469/	27089469	https://award.tabelog.com/hyakumeiten/curry_west/2020	100
HYK2020-0516	curry_west	カレー	WEST	16	アイリッシュ カレー 中津店	大阪府	大阪府 中津（大阪メトロ）駅	https://tabelog.com/osaka/A2701/A270101/27017872/	27017872	https://award.tabelog.com/hyakumeiten/curry_west/2020	100
HYK2020-0517	curry_west	カレー	WEST	17	スパイスカリー 大陸	大阪府	大阪府 新福島駅	https://tabelog.com/osaka/A2701/A270108/27093666/	27093666	https://award.tabelog.com/hyakumeiten/curry_west/2020	100
HYK2020-0518	curry_west	カレー	WEST	18	Spice&Dining KALA	福岡県	福岡県 中間市	https://tabelog.com/fukuoka/A4006/A400603/40035804/	40035804	https://award.tabelog.com/hyakumeiten/curry_west/2020	100
HYK2020-0519	curry_west	カレー	WEST	19	カルータラ	大阪府	大阪府 肥後橋駅	https://tabelog.com/osaka/A2701/A270102/27002839/	27002839	https://award.tabelog.com/hyakumeiten/curry_west/2020	100
HYK2020-0520	curry_west	カレー	WEST	20	いずみバーグ	大阪府	大阪府 九条（阪神）駅	https://tabelog.com/osaka/A2701/A270401/27013033/	27013033	https://award.tabelog.com/hyakumeiten/curry_west/2020	100
HYK2020-0521	curry_west	カレー	WEST	21	カシミール	富山県	富山県 射水市	https://tabelog.com/toyama/A1604/A160401/16000629/	16000629	https://award.tabelog.com/hyakumeiten/curry_west/2020	100
HYK2020-0522	curry_west	カレー	WEST	22	セイロンカリー	大阪府	大阪府 長堀橋駅	https://tabelog.com/osaka/A2701/A270106/27072653/	27072653	https://award.tabelog.com/hyakumeiten/curry_west/2020	100
HYK2020-0523	curry_west	カレー	WEST	23	タンダーパニー	大阪府	大阪府 関大前駅	https://tabelog.com/osaka/A2706/A270602/27001142/	27001142	https://award.tabelog.com/hyakumeiten/curry_west/2020	100
HYK2020-0524	curry_west	カレー	WEST	24	SOMA	大阪府	大阪府 中津（阪急）駅	https://tabelog.com/osaka/A2701/A270101/27065233/	27065233	https://award.tabelog.com/hyakumeiten/curry_west/2020	100
HYK2020-0525	curry_west	カレー	WEST	25	スパイスカリー バビルの塔	大阪府	大阪府 谷町四丁目駅	https://tabelog.com/osaka/A2701/A270104/27064588/	27064588	https://award.tabelog.com/hyakumeiten/curry_west/2020	100
HYK2020-0526	curry_west	カレー	WEST	26	アアベルカレー	大阪府	大阪府 九条（大阪メトロ）駅	https://tabelog.com/osaka/A2701/A270401/27091414/	27091414	https://award.tabelog.com/hyakumeiten/curry_west/2020	100
HYK2020-0527	curry_west	カレー	WEST	27	カレー屋バンバン	大阪府	大阪府 大阪難波駅	https://tabelog.com/osaka/A2701/A270202/27092161/	27092161	https://award.tabelog.com/hyakumeiten/curry_west/2020	100
HYK2020-0528	curry_west	カレー	WEST	28	SIMBA	大阪府	大阪府 大阪難波駅	https://tabelog.com/osaka/A2701/A270201/27051373/	27051373	https://award.tabelog.com/hyakumeiten/curry_west/2020	100
HYK2020-0529	curry_west	カレー	WEST	29	辛口飯屋 森元	大阪府	大阪府 なにわ橋駅	https://tabelog.com/osaka/A2701/A270103/27087911/	27087911	https://award.tabelog.com/hyakumeiten/curry_west/2020	100
HYK2020-0530	curry_west	カレー	WEST	30	ボタニカリー	大阪府	大阪府 本町駅	https://tabelog.com/osaka/A2701/A270102/27073555/	27073555	https://award.tabelog.com/hyakumeiten/curry_west/2020	100
HYK2020-0531	curry_west	カレー	WEST	31	さぼてん食堂	大阪府	大阪府 肥後橋駅	https://tabelog.com/osaka/A2701/A270102/27080580/	27080580	https://award.tabelog.com/hyakumeiten/curry_west/2020	100
HYK2020-0532	curry_west	カレー	WEST	32	コロンビアエイト 堺筋本町店	大阪府	大阪府 堺筋本町駅	https://tabelog.com/osaka/A2701/A270106/27050088/	27050088	https://award.tabelog.com/hyakumeiten/curry_west/2020	100
HYK2020-0533	curry_west	カレー	WEST	33	ハラールフードマルハバ	福岡県	福岡県 箱崎駅	https://tabelog.com/fukuoka/A4001/A400201/40034419/	40034419	https://award.tabelog.com/hyakumeiten/curry_west/2020	100
HYK2020-0534	curry_west	カレー	WEST	34	渡邊カリー 梅田本店	大阪府	大阪府 北新地駅	https://tabelog.com/osaka/A2701/A270101/27091294/	27091294	https://award.tabelog.com/hyakumeiten/curry_west/2020	100
HYK2020-0535	curry_west	カレー	WEST	35	バンブルビー	大阪府	大阪府 本町駅	https://tabelog.com/osaka/A2701/A270106/27007862/	27007862	https://award.tabelog.com/hyakumeiten/curry_west/2020	100
HYK2020-0536	curry_west	カレー	WEST	36	スパイスチャンバー	京都府	京都府 四条（京都市営）駅	https://tabelog.com/kyoto/A2601/A260201/26015938/	26015938	https://award.tabelog.com/hyakumeiten/curry_west/2020	100
HYK2020-0537	curry_west	カレー	WEST	37	ダルバート食堂	大阪府	大阪府 谷町六丁目駅	https://tabelog.com/osaka/A2701/A270104/27085329/	27085329	https://award.tabelog.com/hyakumeiten/curry_west/2020	100
HYK2020-0538	curry_west	カレー	WEST	38	不思議香菜 ツナパハ	福岡県	福岡県 西鉄福岡（天神）駅	https://tabelog.com/fukuoka/A4001/A400103/40000116/	40000116	https://award.tabelog.com/hyakumeiten/curry_west/2020	100
HYK2020-0539	curry_west	カレー	WEST	39	ラヴィリンス	大阪府	大阪府 西大橋駅	https://tabelog.com/osaka/A2701/A270201/27051602/	27051602	https://award.tabelog.com/hyakumeiten/curry_west/2020	100
HYK2020-0540	curry_west	カレー	WEST	40	ネパール&インド料理 Manakamana	大阪府	大阪府 北浜駅	https://tabelog.com/osaka/A2701/A270102/27009454/	27009454	https://award.tabelog.com/hyakumeiten/curry_west/2020	100
HYK2020-0541	curry_west	カレー	WEST	41	王様のスプーン	大阪府	大阪府 南森町駅	https://tabelog.com/osaka/A2701/A270103/27017245/	27017245	https://award.tabelog.com/hyakumeiten/curry_west/2020	100
HYK2020-0542	curry_west	カレー	WEST	42	スパイスれすとらん cardamom	徳島県	徳島県 徳島市	https://tabelog.com/tokushima/A3601/A360101/36000907/	36000907	https://award.tabelog.com/hyakumeiten/curry_west/2020	100
HYK2020-0543	curry_west	カレー	WEST	43	カンティプール 天五店	大阪府	大阪府 天神橋筋六丁目駅	https://tabelog.com/osaka/A2701/A270103/27000526/	27000526	https://award.tabelog.com/hyakumeiten/curry_west/2020	100
HYK2020-0544	curry_west	カレー	WEST	44	curry&cafe Warung	大阪府	大阪府 西長堀駅	https://tabelog.com/osaka/A2701/A270105/27074470/	27074470	https://award.tabelog.com/hyakumeiten/curry_west/2020	100
HYK2020-0545	curry_west	カレー	WEST	45	月と亀	福岡県	福岡県 朝倉市	https://tabelog.com/fukuoka/A4008/A400802/40036916/	40036916	https://award.tabelog.com/hyakumeiten/curry_west/2020	100
HYK2020-0546	curry_west	カレー	WEST	46	大阪ハラールレストラン	大阪府	大阪府 千船駅	https://tabelog.com/osaka/A2701/A270407/27072992/	27072992	https://award.tabelog.com/hyakumeiten/curry_west/2020	100
HYK2020-0547	curry_west	カレー	WEST	47	SAVOY	兵庫県	兵庫県 神戸三宮（阪急）駅	https://tabelog.com/hyogo/A2801/A280101/28000095/	28000095	https://award.tabelog.com/hyakumeiten/curry_west/2020	100
HYK2020-0548	curry_west	カレー	WEST	48	白銀亭	大阪府	大阪府 本町駅	https://tabelog.com/osaka/A2701/A270106/27012545/	27012545	https://award.tabelog.com/hyakumeiten/curry_west/2020	100
HYK2020-0549	curry_west	カレー	WEST	49	ヤタラ スパイス	大阪府	大阪府 大正駅	https://tabelog.com/osaka/A2701/A270401/27092688/	27092688	https://award.tabelog.com/hyakumeiten/curry_west/2020	100
HYK2020-0550	curry_west	カレー	WEST	50	curry bar nidomi	大阪府	大阪府 谷町四丁目駅	https://tabelog.com/osaka/A2701/A270104/27062194/	27062194	https://award.tabelog.com/hyakumeiten/curry_west/2020	100
HYK2020-0551	curry_west	カレー	WEST	51	ザエカ	福岡県	福岡県 赤坂駅	https://tabelog.com/fukuoka/A4001/A400104/40005367/	40005367	https://award.tabelog.com/hyakumeiten/curry_west/2020	100
HYK2020-0552	curry_west	カレー	WEST	52	インド料理 ショナ・ルパ	兵庫県	兵庫県 神戸三宮（阪急）駅	https://tabelog.com/hyogo/A2801/A280101/28000424/	28000424	https://award.tabelog.com/hyakumeiten/curry_west/2020	100
HYK2020-0553	curry_west	カレー	WEST	53	スパイスカレーまるせ	大阪府	大阪府 中津（大阪メトロ）駅	https://tabelog.com/osaka/A2701/A270101/27076552/	27076552	https://award.tabelog.com/hyakumeiten/curry_west/2020	100
HYK2020-0554	curry_west	カレー	WEST	54	ノムソン カリー	大阪府	大阪府 四天王寺前夕陽ケ丘駅	https://tabelog.com/osaka/A2701/A270202/27086130/	27086130	https://award.tabelog.com/hyakumeiten/curry_west/2020	100
HYK2020-0555	curry_west	カレー	WEST	55	あいまい	大阪府	大阪府 大阪天満宮駅	https://tabelog.com/osaka/A2701/A270103/27082162/	27082162	https://award.tabelog.com/hyakumeiten/curry_west/2020	100
HYK2020-0556	curry_west	カレー	WEST	56	辛激屋	大阪府	大阪府 長堀橋駅	https://tabelog.com/osaka/A2701/A270201/27011492/	27011492	https://award.tabelog.com/hyakumeiten/curry_west/2020	100
HYK2020-0557	curry_west	カレー	WEST	57	カレー コンドル	大阪府	大阪府 西大橋駅	https://tabelog.com/osaka/A2701/A270201/27059870/	27059870	https://award.tabelog.com/hyakumeiten/curry_west/2020	100
HYK2020-0558	curry_west	カレー	WEST	58	ボナボナ	大阪府	大阪府 西大橋駅	https://tabelog.com/osaka/A2701/A270201/27005018/	27005018	https://award.tabelog.com/hyakumeiten/curry_west/2020	100
HYK2020-0559	curry_west	カレー	WEST	59	ガネーシュ N 大阪天満宮店	大阪府	大阪府 大阪天満宮駅	https://tabelog.com/osaka/A2701/A270103/27065938/	27065938	https://award.tabelog.com/hyakumeiten/curry_west/2020	100
HYK2020-0560	curry_west	カレー	WEST	60	ラッキーガーデン	奈良県	奈良県 生駒市	https://tabelog.com/nara/A2902/A290201/29000010/	29000010	https://award.tabelog.com/hyakumeiten/curry_west/2020	100
HYK2020-0561	curry_west	カレー	WEST	61	タリカロ	奈良県	奈良県 奈良市	https://tabelog.com/nara/A2901/A290101/29008701/	29008701	https://award.tabelog.com/hyakumeiten/curry_west/2020	100
HYK2020-0562	curry_west	カレー	WEST	62	和レー屋 南船場ゴヤクラ	大阪府	大阪府 松屋町駅	https://tabelog.com/osaka/A2701/A270201/27015562/	27015562	https://award.tabelog.com/hyakumeiten/curry_west/2020	100
HYK2020-0563	curry_west	カレー	WEST	63	もりやま屋	大阪府	大阪府 大江橋駅	https://tabelog.com/osaka/A2701/A270102/27002387/	27002387	https://award.tabelog.com/hyakumeiten/curry_west/2020	100
HYK2020-0564	curry_west	カレー	WEST	64	創作カレー ツキノワ	大阪府	大阪府 松屋町駅	https://tabelog.com/osaka/A2701/A270106/27092078/	27092078	https://award.tabelog.com/hyakumeiten/curry_west/2020	100
HYK2020-0565	curry_west	カレー	WEST	65	ガネーシュ m 北浜店	大阪府	大阪府 北浜駅	https://tabelog.com/osaka/A2701/A270102/27083172/	27083172	https://award.tabelog.com/hyakumeiten/curry_west/2020	100
HYK2020-0566	curry_west	カレー	WEST	66	スパイス料理ナッラマナム	大阪府	大阪府 堺筋本町駅	https://tabelog.com/osaka/A2701/A270106/27090916/	27090916	https://award.tabelog.com/hyakumeiten/curry_west/2020	100
HYK2020-0567	curry_west	カレー	WEST	67	カレーや デッカオ	大阪府	大阪府 心斎橋駅	https://tabelog.com/osaka/A2701/A270201/27091309/	27091309	https://award.tabelog.com/hyakumeiten/curry_west/2020	100
HYK2020-0568	curry_west	カレー	WEST	68	カシミール	大阪府	大阪府 北浜駅	https://tabelog.com/osaka/A2701/A270102/27003694/	27003694	https://award.tabelog.com/hyakumeiten/curry_west/2020	100
HYK2020-0569	curry_west	カレー	WEST	69	アンナプルナ	大阪府	大阪府 大阪天満宮駅	https://tabelog.com/osaka/A2701/A270103/27042046/	27042046	https://award.tabelog.com/hyakumeiten/curry_west/2020	100
HYK2020-0570	curry_west	カレー	WEST	70	カレイヤー	大阪府	大阪府 心斎橋駅	https://tabelog.com/osaka/A2701/A270201/27073790/	27073790	https://award.tabelog.com/hyakumeiten/curry_west/2020	100
HYK2020-0571	curry_west	カレー	WEST	71	ヤドカリー 天満橋店	大阪府	大阪府 天満橋駅	https://tabelog.com/osaka/A2701/A270104/27072330/	27072330	https://award.tabelog.com/hyakumeiten/curry_west/2020	100
HYK2020-0572	curry_west	カレー	WEST	72	谷口カレー	大阪府	大阪府 北浜駅	https://tabelog.com/osaka/A2701/A270102/27088233/	27088233	https://award.tabelog.com/hyakumeiten/curry_west/2020	100
HYK2020-0573	curry_west	カレー	WEST	73	カレー屋ヌンクイ	大阪府	大阪府 七道駅	https://tabelog.com/osaka/A2705/A270501/27071545/	27071545	https://award.tabelog.com/hyakumeiten/curry_west/2020	100
HYK2020-0574	curry_west	カレー	WEST	74	サッチェズカリー	大阪府	大阪府 中崎町駅	https://tabelog.com/osaka/A2701/A270101/27085130/	27085130	https://award.tabelog.com/hyakumeiten/curry_west/2020	100
HYK2020-0575	curry_west	カレー	WEST	75	カラピンチャ	兵庫県	兵庫県 王子公園駅	https://tabelog.com/hyogo/A2801/A280103/28038103/	28038103	https://award.tabelog.com/hyakumeiten/curry_west/2020	100
HYK2020-0576	curry_west	カレー	WEST	76	和レー屋 丁子	大阪府	大阪府 北浜駅	https://tabelog.com/osaka/A2701/A270102/27092176/	27092176	https://award.tabelog.com/hyakumeiten/curry_west/2020	100
HYK2020-0577	curry_west	カレー	WEST	77	カレーちゃん家	大阪府	大阪府 寺田町駅	https://tabelog.com/osaka/A2701/A270306/27063137/	27063137	https://award.tabelog.com/hyakumeiten/curry_west/2020	100
HYK2020-0578	curry_west	カレー	WEST	78	Tiki	福岡県	福岡県 天神南駅	https://tabelog.com/fukuoka/A4001/A400103/40032551/	40032551	https://award.tabelog.com/hyakumeiten/curry_west/2020	100
HYK2020-0579	curry_west	カレー	WEST	79	虹の仏	大阪府	大阪府 四天王寺前夕陽ケ丘駅	https://tabelog.com/osaka/A2701/A270203/27066977/	27066977	https://award.tabelog.com/hyakumeiten/curry_west/2020	100
HYK2020-0580	curry_west	カレー	WEST	80	山口カリー	大阪府	大阪府 大阪天満宮駅	https://tabelog.com/osaka/A2701/A270103/27086717/	27086717	https://award.tabelog.com/hyakumeiten/curry_west/2020	100
HYK2020-0581	curry_west	カレー	WEST	81	スパイス食堂 ニッキ	大阪府	大阪府 西大橋駅	https://tabelog.com/osaka/A2701/A270106/27093085/	27093085	https://award.tabelog.com/hyakumeiten/curry_west/2020	100
HYK2020-0582	curry_west	カレー	WEST	82	ポンガラカレー 阪急サン広場店	大阪府	大阪府 梅田駅	https://tabelog.com/osaka/A2701/A270101/27091267/	27091267	https://award.tabelog.com/hyakumeiten/curry_west/2020	100
HYK2020-0583	curry_west	カレー	WEST	83	東方遊酒菜ヌワラエリヤ	福岡県	福岡県 赤坂駅	https://tabelog.com/fukuoka/A4001/A400104/40000407/	40000407	https://award.tabelog.com/hyakumeiten/curry_west/2020	100
HYK2020-0584	curry_west	カレー	WEST	84	アララギ	大阪府	大阪府 松屋町駅	https://tabelog.com/osaka/A2701/A270204/27053896/	27053896	https://award.tabelog.com/hyakumeiten/curry_west/2020	100
HYK2020-0585	curry_west	カレー	WEST	85	らくしゅみ	大阪府	大阪府 西大橋駅	https://tabelog.com/osaka/A2701/A270201/27004574/	27004574	https://award.tabelog.com/hyakumeiten/curry_west/2020	100
HYK2020-0586	curry_west	カレー	WEST	86	森林食堂	京都府	京都府 二条駅	https://tabelog.com/kyoto/A2601/A260203/26020410/	26020410	https://award.tabelog.com/hyakumeiten/curry_west/2020	100
HYK2020-0587	curry_west	カレー	WEST	87	ナミニノカレー	大阪府	大阪府 天神橋筋六丁目駅	https://tabelog.com/osaka/A2701/A270103/27096795/	27096795	https://award.tabelog.com/hyakumeiten/curry_west/2020	100
HYK2020-0588	curry_west	カレー	WEST	88	旧ヤム邸 空堀店	大阪府	大阪府 谷町六丁目駅	https://tabelog.com/osaka/A2701/A270204/27060944/	27060944	https://award.tabelog.com/hyakumeiten/curry_west/2020	100
HYK2020-0589	curry_west	カレー	WEST	89	アリーズ キッチン	大阪府	大阪府 心斎橋駅	https://tabelog.com/osaka/A2701/A270201/27045608/	27045608	https://award.tabelog.com/hyakumeiten/curry_west/2020	100
HYK2020-0590	curry_west	カレー	WEST	90	ロッダグループ	大阪府	大阪府 ドーム前千代崎駅	https://tabelog.com/osaka/A2701/A270401/27056190/	27056190	https://award.tabelog.com/hyakumeiten/curry_west/2020	100
HYK2020-0591	curry_west	カレー	WEST	91	レベルカレー	大阪府	大阪府 本町駅	https://tabelog.com/osaka/A2701/A270106/27082257/	27082257	https://award.tabelog.com/hyakumeiten/curry_west/2020	100
HYK2020-0592	curry_west	カレー	WEST	92	ぶはら	兵庫県	兵庫県 摂津本山駅	https://tabelog.com/hyogo/A2801/A280105/28000646/	28000646	https://award.tabelog.com/hyakumeiten/curry_west/2020	100
HYK2020-0593	curry_west	カレー	WEST	93	定食堂 金剛石	大阪府	大阪府 松屋町駅	https://tabelog.com/osaka/A2701/A270204/27097683/	27097683	https://award.tabelog.com/hyakumeiten/curry_west/2020	100
HYK2020-0594	curry_west	カレー	WEST	94	Ghar	大阪府	大阪府 肥後橋駅	https://tabelog.com/osaka/A2701/A270102/27066220/	27066220	https://award.tabelog.com/hyakumeiten/curry_west/2020	100
HYK2020-0595	curry_west	カレー	WEST	95	curry restaurant BRUNO HEP NAVIO店	大阪府	大阪府 梅田駅	https://tabelog.com/osaka/A2701/A270101/27001963/	27001963	https://award.tabelog.com/hyakumeiten/curry_west/2020	100
HYK2020-0596	curry_west	カレー	WEST	96	ヌワラ カデ	大阪府	大阪府 阿波座駅	https://tabelog.com/osaka/A2701/A270105/27085952/	27085952	https://award.tabelog.com/hyakumeiten/curry_west/2020	100
HYK2020-0597	curry_west	カレー	WEST	97	カルダモン．	大阪府	大阪府 天神橋筋六丁目駅	https://tabelog.com/osaka/A2701/A270103/27004332/	27004332	https://award.tabelog.com/hyakumeiten/curry_west/2020	100
HYK2020-0598	curry_west	カレー	WEST	98	ナヤ インディア ヌール	京都府	京都府 鞍馬口駅	https://tabelog.com/kyoto/A2601/A260503/26021825/	26021825	https://award.tabelog.com/hyakumeiten/curry_west/2020	100
HYK2020-0599	curry_west	カレー	WEST	99	GARAM	福岡県	福岡県 渡辺通駅	https://tabelog.com/fukuoka/A4001/A400103/40032412/	40032412	https://award.tabelog.com/hyakumeiten/curry_west/2020	100
HYK2020-0600	curry_west	カレー	WEST	100	インド食堂TADKA	京都府	京都府 烏丸御池駅	https://tabelog.com/kyoto/A2601/A260202/26019333/	26019333	https://award.tabelog.com/hyakumeiten/curry_west/2020	100
HYK2020-0601	ramen_tokyo	ラーメン	TOKYO	1	新橋 纏	東京都	東京都 新橋駅	https://tabelog.com/tokyo/A1301/A130103/13156937/	13156937	https://award.tabelog.com/hyakumeiten/ramen_tokyo/2020	100
HYK2020-0602	ramen_tokyo	ラーメン	TOKYO	2	超純水採麺 天国屋	東京都	東京都 町田市	https://tabelog.com/tokyo/A1327/A132701/13162732/	13162732	https://award.tabelog.com/hyakumeiten/ramen_tokyo/2020	100
HYK2020-0603	ramen_tokyo	ラーメン	TOKYO	3	メンドコロ キナリ	東京都	東京都 東中野駅	https://tabelog.com/tokyo/A1319/A131901/13221001/	13221001	https://award.tabelog.com/hyakumeiten/ramen_tokyo/2020	100
HYK2020-0604	ramen_tokyo	ラーメン	TOKYO	4	寿製麺 よしかわ 西台駅前店	東京都	東京都 西台駅	https://tabelog.com/tokyo/A1322/A132205/13228611/	13228611	https://award.tabelog.com/hyakumeiten/ramen_tokyo/2020	100
HYK2020-0605	ramen_tokyo	ラーメン	TOKYO	5	勝本 水道橋店	東京都	東京都 水道橋駅	https://tabelog.com/tokyo/A1310/A131003/13179757/	13179757	https://award.tabelog.com/hyakumeiten/ramen_tokyo/2020	100
HYK2020-0606	ramen_tokyo	ラーメン	TOKYO	6	六厘舎	東京都	東京都 東京駅	https://tabelog.com/tokyo/A1302/A130201/13093047/	13093047	https://award.tabelog.com/hyakumeiten/ramen_tokyo/2020	100
HYK2020-0607	ramen_tokyo	ラーメン	TOKYO	7	手打式超多加水麺 ののくら	東京都	東京都 亀有駅	https://tabelog.com/tokyo/A1324/A132403/13215713/	13215713	https://award.tabelog.com/hyakumeiten/ramen_tokyo/2020	100
HYK2020-0608	ramen_tokyo	ラーメン	TOKYO	8	キング製麺	東京都	東京都 王子駅前駅	https://tabelog.com/tokyo/A1323/A132303/13232817/	13232817	https://award.tabelog.com/hyakumeiten/ramen_tokyo/2020	100
HYK2020-0609	ramen_tokyo	ラーメン	TOKYO	9	町田汁場 しおらーめん進化 本店	東京都	東京都 町田市	https://tabelog.com/tokyo/A1327/A132701/13050023/	13050023	https://award.tabelog.com/hyakumeiten/ramen_tokyo/2020	100
HYK2020-0610	ramen_tokyo	ラーメン	TOKYO	10	麺屋 翔 本店	東京都	東京都 西武新宿駅	https://tabelog.com/tokyo/A1304/A130401/13040181/	13040181	https://award.tabelog.com/hyakumeiten/ramen_tokyo/2020	100
HYK2020-0611	ramen_tokyo	ラーメン	TOKYO	11	麺処 銀笹	東京都	東京都 築地市場駅	https://tabelog.com/tokyo/A1301/A130103/13119563/	13119563	https://award.tabelog.com/hyakumeiten/ramen_tokyo/2020	100
HYK2020-0612	ramen_tokyo	ラーメン	TOKYO	12	RAMEN GOTTSU	東京都	東京都 練馬駅	https://tabelog.com/tokyo/A1321/A132102/13153294/	13153294	https://award.tabelog.com/hyakumeiten/ramen_tokyo/2020	100
HYK2020-0613	ramen_tokyo	ラーメン	TOKYO	13	中華ソバ 伊吹	東京都	東京都 志村坂上駅	https://tabelog.com/tokyo/A1322/A132205/13163874/	13163874	https://award.tabelog.com/hyakumeiten/ramen_tokyo/2020	100
HYK2020-0614	ramen_tokyo	ラーメン	TOKYO	14	SOBA HOUSE 金色不如帰 新宿御苑本店	東京都	東京都 新宿御苑前駅	https://tabelog.com/tokyo/A1304/A130402/13222172/	13222172	https://award.tabelog.com/hyakumeiten/ramen_tokyo/2020	100
HYK2020-0615	ramen_tokyo	ラーメン	TOKYO	15	こうかいぼう	東京都	東京都 門前仲町駅	https://tabelog.com/tokyo/A1313/A131303/13005052/	13005052	https://award.tabelog.com/hyakumeiten/ramen_tokyo/2020	100
HYK2020-0616	ramen_tokyo	ラーメン	TOKYO	16	らぁめん小池	東京都	東京都 上北沢駅	https://tabelog.com/tokyo/A1318/A131809/13172994/	13172994	https://award.tabelog.com/hyakumeiten/ramen_tokyo/2020	100
HYK2020-0617	ramen_tokyo	ラーメン	TOKYO	17	中華そば べんてん	東京都	東京都 地下鉄成増駅	https://tabelog.com/tokyo/A1322/A132204/13200351/	13200351	https://award.tabelog.com/hyakumeiten/ramen_tokyo/2020	100
HYK2020-0618	ramen_tokyo	ラーメン	TOKYO	18	スパイス・ラー麺 卍力 西葛西店	東京都	東京都 西葛西駅	https://tabelog.com/tokyo/A1313/A131305/13168253/	13168253	https://award.tabelog.com/hyakumeiten/ramen_tokyo/2020	100
HYK2020-0619	ramen_tokyo	ラーメン	TOKYO	19	中華そば ふくみみ	東京都	東京都 分倍河原駅	https://tabelog.com/tokyo/A1326/A132602/13016486/	13016486	https://award.tabelog.com/hyakumeiten/ramen_tokyo/2020	100
HYK2020-0620	ramen_tokyo	ラーメン	TOKYO	20	らぁめん 葉月	東京都	東京都 雪が谷大塚駅	https://tabelog.com/tokyo/A1317/A131714/13008248/	13008248	https://award.tabelog.com/hyakumeiten/ramen_tokyo/2020	100
HYK2020-0621	ramen_tokyo	ラーメン	TOKYO	21	ラーメン屋 トイ・ボックス	東京都	東京都 三ノ輪橋駅	https://tabelog.com/tokyo/A1324/A132401/13162973/	13162973	https://award.tabelog.com/hyakumeiten/ramen_tokyo/2020	100
HYK2020-0622	ramen_tokyo	ラーメン	TOKYO	22	中華そば 西川	東京都	東京都 千歳船橋駅	https://tabelog.com/tokyo/A1318/A131813/13213036/	13213036	https://award.tabelog.com/hyakumeiten/ramen_tokyo/2020	100
HYK2020-0623	ramen_tokyo	ラーメン	TOKYO	23	Ramen　にじゅうぶんのいち	東京都	東京都 東尾久三丁目駅	https://tabelog.com/tokyo/A1324/A132401/13147594/	13147594	https://award.tabelog.com/hyakumeiten/ramen_tokyo/2020	100
HYK2020-0624	ramen_tokyo	ラーメン	TOKYO	24	麺処 ほん田 秋葉原本店	東京都	東京都 秋葉原駅	https://tabelog.com/tokyo/A1310/A131001/13246285/	13246285	https://award.tabelog.com/hyakumeiten/ramen_tokyo/2020	100
HYK2020-0625	ramen_tokyo	ラーメン	TOKYO	25	田中商店 本店	東京都	東京都 六町駅	https://tabelog.com/tokyo/A1324/A132404/13003726/	13003726	https://award.tabelog.com/hyakumeiten/ramen_tokyo/2020	100
HYK2020-0626	ramen_tokyo	ラーメン	TOKYO	26	はつね	東京都	東京都 西荻窪駅	https://tabelog.com/tokyo/A1319/A131907/13000717/	13000717	https://award.tabelog.com/hyakumeiten/ramen_tokyo/2020	100
HYK2020-0627	ramen_tokyo	ラーメン	TOKYO	27	ラーメン 健やか	東京都	東京都 三鷹駅	https://tabelog.com/tokyo/A1320/A132002/13207054/	13207054	https://award.tabelog.com/hyakumeiten/ramen_tokyo/2020	100
HYK2020-0628	ramen_tokyo	ラーメン	TOKYO	28	宍道湖しじみ中華蕎麦 琥珀	東京都	東京都 雑色駅	https://tabelog.com/tokyo/A1315/A131503/13234195/	13234195	https://award.tabelog.com/hyakumeiten/ramen_tokyo/2020	100
HYK2020-0629	ramen_tokyo	ラーメン	TOKYO	29	創作麺工房 鳴龍	東京都	東京都 新大塚駅	https://tabelog.com/tokyo/A1323/A132302/13141302/	13141302	https://award.tabelog.com/hyakumeiten/ramen_tokyo/2020	100
HYK2020-0630	ramen_tokyo	ラーメン	TOKYO	30	麺庵ちとせ	東京都	東京都 若松河田駅	https://tabelog.com/tokyo/A1305/A130504/13182327/	13182327	https://award.tabelog.com/hyakumeiten/ramen_tokyo/2020	100
HYK2020-0631	ramen_tokyo	ラーメン	TOKYO	31	むぎとオリーブ 銀座店	東京都	東京都 東銀座駅	https://tabelog.com/tokyo/A1301/A130101/13164932/	13164932	https://award.tabelog.com/hyakumeiten/ramen_tokyo/2020	100
HYK2020-0632	ramen_tokyo	ラーメン	TOKYO	32	中華そば 多賀野	東京都	東京都 荏原中延駅	https://tabelog.com/tokyo/A1317/A131712/13003421/	13003421	https://award.tabelog.com/hyakumeiten/ramen_tokyo/2020	100
HYK2020-0633	ramen_tokyo	ラーメン	TOKYO	33	銀座 朧月	東京都	東京都 銀座駅	https://tabelog.com/tokyo/A1301/A130101/13118141/	13118141	https://award.tabelog.com/hyakumeiten/ramen_tokyo/2020	100
HYK2020-0634	ramen_tokyo	ラーメン	TOKYO	34	麺屋一燈	東京都	東京都 新小岩駅	https://tabelog.com/tokyo/A1312/A131204/13111737/	13111737	https://award.tabelog.com/hyakumeiten/ramen_tokyo/2020	100
HYK2020-0635	ramen_tokyo	ラーメン	TOKYO	35	麺処 篠はら	東京都	東京都 要町駅	https://tabelog.com/tokyo/A1322/A132202/13188419/	13188419	https://award.tabelog.com/hyakumeiten/ramen_tokyo/2020	100
HYK2020-0636	ramen_tokyo	ラーメン	TOKYO	36	饗 くろ喜	東京都	東京都 浅草橋駅	https://tabelog.com/tokyo/A1310/A131001/13127743/	13127743	https://award.tabelog.com/hyakumeiten/ramen_tokyo/2020	100
HYK2020-0637	ramen_tokyo	ラーメン	TOKYO	37	迂直	東京都	東京都 荻窪駅	https://tabelog.com/tokyo/A1319/A131906/13229952/	13229952	https://award.tabelog.com/hyakumeiten/ramen_tokyo/2020	100
HYK2020-0638	ramen_tokyo	ラーメン	TOKYO	38	麺処 びぎ屋	東京都	東京都 学芸大学駅	https://tabelog.com/tokyo/A1317/A131702/13093976/	13093976	https://award.tabelog.com/hyakumeiten/ramen_tokyo/2020	100
HYK2020-0639	ramen_tokyo	ラーメン	TOKYO	39	鶏こく中華 すず喜	東京都	東京都 三鷹駅	https://tabelog.com/tokyo/A1320/A132002/13215409/	13215409	https://award.tabelog.com/hyakumeiten/ramen_tokyo/2020	100
HYK2020-0640	ramen_tokyo	ラーメン	TOKYO	40	らぁ麺 はやし田 新宿本店	東京都	東京都 新宿三丁目駅	https://tabelog.com/tokyo/A1304/A130401/13216496/	13216496	https://award.tabelog.com/hyakumeiten/ramen_tokyo/2020	100
HYK2020-0641	ramen_tokyo	ラーメン	TOKYO	41	麺処 晴	東京都	東京都 入谷駅	https://tabelog.com/tokyo/A1311/A131104/13143115/	13143115	https://award.tabelog.com/hyakumeiten/ramen_tokyo/2020	100
HYK2020-0642	ramen_tokyo	ラーメン	TOKYO	42	燦燦斗	東京都	東京都 東十条駅	https://tabelog.com/tokyo/A1323/A132304/13038064/	13038064	https://award.tabelog.com/hyakumeiten/ramen_tokyo/2020	100
HYK2020-0643	ramen_tokyo	ラーメン	TOKYO	43	MENSHO	東京都	東京都 護国寺駅	https://tabelog.com/tokyo/A1323/A132302/13203848/	13203848	https://award.tabelog.com/hyakumeiten/ramen_tokyo/2020	100
HYK2020-0644	ramen_tokyo	ラーメン	TOKYO	44	ラーメン二郎 三田本店	東京都	東京都 三田駅	https://tabelog.com/tokyo/A1314/A131402/13006051/	13006051	https://award.tabelog.com/hyakumeiten/ramen_tokyo/2020	100
HYK2020-0645	ramen_tokyo	ラーメン	TOKYO	45	中華そば しば田	東京都	東京都 仙川駅	https://tabelog.com/tokyo/A1326/A132601/13162681/	13162681	https://award.tabelog.com/hyakumeiten/ramen_tokyo/2020	100
HYK2020-0646	ramen_tokyo	ラーメン	TOKYO	46	ほっこり中華そば もつけ	東京都	東京都 八王子駅	https://tabelog.com/tokyo/A1329/A132904/13192847/	13192847	https://award.tabelog.com/hyakumeiten/ramen_tokyo/2020	100
HYK2020-0647	ramen_tokyo	ラーメン	TOKYO	47	麺屋 はし本	東京都	東京都 中野駅	https://tabelog.com/tokyo/A1319/A131902/13205769/	13205769	https://award.tabelog.com/hyakumeiten/ramen_tokyo/2020	100
HYK2020-0648	ramen_tokyo	ラーメン	TOKYO	48	つけ麺 五ノ神製作所 新宿店	東京都	東京都 新宿三丁目駅	https://tabelog.com/tokyo/A1304/A130401/13120708/	13120708	https://award.tabelog.com/hyakumeiten/ramen_tokyo/2020	100
HYK2020-0649	ramen_tokyo	ラーメン	TOKYO	49	かしわぎ	東京都	東京都 東中野駅	https://tabelog.com/tokyo/A1319/A131901/13209326/	13209326	https://award.tabelog.com/hyakumeiten/ramen_tokyo/2020	100
HYK2020-0650	ramen_tokyo	ラーメン	TOKYO	50	一番いちばん	東京都	東京都 町田駅	https://tabelog.com/tokyo/A1327/A132701/13001469/	13001469	https://award.tabelog.com/hyakumeiten/ramen_tokyo/2020	100
HYK2020-0651	ramen_tokyo	ラーメン	TOKYO	51	らぁ麺やまぐち	東京都	東京都 面影橋駅	https://tabelog.com/tokyo/A1305/A130504/13151200/	13151200	https://award.tabelog.com/hyakumeiten/ramen_tokyo/2020	100
HYK2020-0652	ramen_tokyo	ラーメン	TOKYO	52	自家製中華そば としおか	東京都	東京都 早稲田（メトロ）駅	https://tabelog.com/tokyo/A1305/A130504/13182315/	13182315	https://award.tabelog.com/hyakumeiten/ramen_tokyo/2020	100
HYK2020-0653	ramen_tokyo	ラーメン	TOKYO	53	煮干しつけ麺 宮元	東京都	東京都 蒲田駅	https://tabelog.com/tokyo/A1315/A131503/13180862/	13180862	https://award.tabelog.com/hyakumeiten/ramen_tokyo/2020	100
HYK2020-0654	ramen_tokyo	ラーメン	TOKYO	54	つけ麺 道	東京都	東京都 亀有駅	https://tabelog.com/tokyo/A1324/A132403/13094595/	13094595	https://award.tabelog.com/hyakumeiten/ramen_tokyo/2020	100
HYK2020-0655	ramen_tokyo	ラーメン	TOKYO	55	ラーメン巌哲	東京都	東京都 早稲田（都電）駅	https://tabelog.com/tokyo/A1305/A130504/13167439/	13167439	https://award.tabelog.com/hyakumeiten/ramen_tokyo/2020	100
HYK2020-0656	ramen_tokyo	ラーメン	TOKYO	56	青島食堂 秋葉原店	東京都	東京都 岩本町駅	https://tabelog.com/tokyo/A1310/A131001/13094776/	13094776	https://award.tabelog.com/hyakumeiten/ramen_tokyo/2020	100
HYK2020-0657	ramen_tokyo	ラーメン	TOKYO	57	麺屋 Hulu-lu	東京都	東京都 池袋駅	https://tabelog.com/tokyo/A1305/A130501/13136428/	13136428	https://award.tabelog.com/hyakumeiten/ramen_tokyo/2020	100
HYK2020-0658	ramen_tokyo	ラーメン	TOKYO	58	麺屋 さくら井	東京都	東京都 三鷹駅	https://tabelog.com/tokyo/A1320/A132002/13202438/	13202438	https://award.tabelog.com/hyakumeiten/ramen_tokyo/2020	100
HYK2020-0659	ramen_tokyo	ラーメン	TOKYO	59	らーめんMAIKAGURA	東京都	東京都 千歳船橋駅	https://tabelog.com/tokyo/A1318/A131813/13218425/	13218425	https://award.tabelog.com/hyakumeiten/ramen_tokyo/2020	100
HYK2020-0660	ramen_tokyo	ラーメン	TOKYO	60	風雲児	東京都	東京都 南新宿駅	https://tabelog.com/tokyo/A1304/A130401/13044091/	13044091	https://award.tabelog.com/hyakumeiten/ramen_tokyo/2020	100
HYK2020-0661	ramen_tokyo	ラーメン	TOKYO	61	煮干そば 流。	東京都	東京都 十条駅	https://tabelog.com/tokyo/A1323/A132304/13175140/	13175140	https://award.tabelog.com/hyakumeiten/ramen_tokyo/2020	100
HYK2020-0662	ramen_tokyo	ラーメン	TOKYO	62	四川担担麺 阿吽 湯島本店	東京都	東京都 湯島駅	https://tabelog.com/tokyo/A1311/A131101/13042564/	13042564	https://award.tabelog.com/hyakumeiten/ramen_tokyo/2020	100
HYK2020-0663	ramen_tokyo	ラーメン	TOKYO	63	中華蕎麦にし乃	東京都	東京都 本郷三丁目駅	https://tabelog.com/tokyo/A1310/A131004/13218311/	13218311	https://award.tabelog.com/hyakumeiten/ramen_tokyo/2020	100
HYK2020-0664	ramen_tokyo	ラーメン	TOKYO	64	中華そば屋 伊藤	東京都	東京都 王子神谷駅	https://tabelog.com/tokyo/A1323/A132304/13008779/	13008779	https://award.tabelog.com/hyakumeiten/ramen_tokyo/2020	100
HYK2020-0665	ramen_tokyo	ラーメン	TOKYO	65	神保町 黒須	東京都	東京都 神保町駅	https://tabelog.com/tokyo/A1310/A131003/13201888/	13201888	https://award.tabelog.com/hyakumeiten/ramen_tokyo/2020	100
HYK2020-0666	ramen_tokyo	ラーメン	TOKYO	66	麺や 七彩	東京都	東京都 八丁堀駅	https://tabelog.com/tokyo/A1302/A130203/13184399/	13184399	https://award.tabelog.com/hyakumeiten/ramen_tokyo/2020	100
HYK2020-0667	ramen_tokyo	ラーメン	TOKYO	67	純手打ち だるま	東京都	東京都 中野富士見町駅	https://tabelog.com/tokyo/A1319/A131903/13218715/	13218715	https://award.tabelog.com/hyakumeiten/ramen_tokyo/2020	100
HYK2020-0668	ramen_tokyo	ラーメン	TOKYO	68	麺 みつヰ	東京都	東京都 浅草（つくばＥＸＰ）駅	https://tabelog.com/tokyo/A1311/A131102/13203387/	13203387	https://award.tabelog.com/hyakumeiten/ramen_tokyo/2020	100
HYK2020-0669	ramen_tokyo	ラーメン	TOKYO	69	麺尊 RAGE	東京都	東京都 西荻窪駅	https://tabelog.com/tokyo/A1319/A131907/13178309/	13178309	https://award.tabelog.com/hyakumeiten/ramen_tokyo/2020	100
HYK2020-0670	ramen_tokyo	ラーメン	TOKYO	70	中華蕎麦 蘭鋳	東京都	東京都 方南町駅	https://tabelog.com/tokyo/A1319/A131903/13113532/	13113532	https://award.tabelog.com/hyakumeiten/ramen_tokyo/2020	100
HYK2020-0671	ramen_tokyo	ラーメン	TOKYO	71	たんたん亭	東京都	東京都 浜田山駅	https://tabelog.com/tokyo/A1318/A131805/13000705/	13000705	https://award.tabelog.com/hyakumeiten/ramen_tokyo/2020	100
HYK2020-0672	ramen_tokyo	ラーメン	TOKYO	72	クラム＆ボニート 貝節麺ライク	東京都	東京都 方南町駅	https://tabelog.com/tokyo/A1319/A131903/13219341/	13219341	https://award.tabelog.com/hyakumeiten/ramen_tokyo/2020	100
HYK2020-0673	ramen_tokyo	ラーメン	TOKYO	73	らーめん改	東京都	東京都 蔵前駅	https://tabelog.com/tokyo/A1311/A131103/13191776/	13191776	https://award.tabelog.com/hyakumeiten/ramen_tokyo/2020	100
HYK2020-0674	ramen_tokyo	ラーメン	TOKYO	74	喜楽	東京都	東京都 神泉駅	https://tabelog.com/tokyo/A1303/A130301/13001705/	13001705	https://award.tabelog.com/hyakumeiten/ramen_tokyo/2020	100
HYK2020-0675	ramen_tokyo	ラーメン	TOKYO	75	神名備	東京都	東京都 西日暮里駅	https://tabelog.com/tokyo/A1311/A131105/13006070/	13006070	https://award.tabelog.com/hyakumeiten/ramen_tokyo/2020	100
HYK2020-0676	ramen_tokyo	ラーメン	TOKYO	76	はやし	東京都	東京都 渋谷駅	https://tabelog.com/tokyo/A1303/A130301/13003367/	13003367	https://award.tabelog.com/hyakumeiten/ramen_tokyo/2020	100
HYK2020-0677	ramen_tokyo	ラーメン	TOKYO	77	麺処 しろくろ	東京都	東京都 八幡山駅	https://tabelog.com/tokyo/A1318/A131809/13242508/	13242508	https://award.tabelog.com/hyakumeiten/ramen_tokyo/2020	100
HYK2020-0678	ramen_tokyo	ラーメン	TOKYO	78	中華そば うお青	東京都	東京都 万願寺駅	https://tabelog.com/tokyo/A1329/A132903/13229181/	13229181	https://award.tabelog.com/hyakumeiten/ramen_tokyo/2020	100
HYK2020-0679	ramen_tokyo	ラーメン	TOKYO	79	麺屋吉左右	東京都	東京都 木場駅	https://tabelog.com/tokyo/A1313/A131303/13021140/	13021140	https://award.tabelog.com/hyakumeiten/ramen_tokyo/2020	100
HYK2020-0680	ramen_tokyo	ラーメン	TOKYO	80	中華そば　堀川	東京都	東京都 自由が丘駅	https://tabelog.com/tokyo/A1317/A131703/13243173/	13243173	https://award.tabelog.com/hyakumeiten/ramen_tokyo/2020	100
HYK2020-0681	ramen_tokyo	ラーメン	TOKYO	81	竹末東京Premium	東京都	東京都 押上駅	https://tabelog.com/tokyo/A1312/A131203/13167920/	13167920	https://award.tabelog.com/hyakumeiten/ramen_tokyo/2020	100
HYK2020-0682	ramen_tokyo	ラーメン	TOKYO	82	中華そば 和渦 TOKYO	東京都	東京都 北品川駅	https://tabelog.com/tokyo/A1314/A131405/13233678/	13233678	https://award.tabelog.com/hyakumeiten/ramen_tokyo/2020	100
HYK2020-0683	ramen_tokyo	ラーメン	TOKYO	83	麺屋ひょっとこ 交通会館店	東京都	東京都 有楽町駅	https://tabelog.com/tokyo/A1301/A130102/13046637/	13046637	https://award.tabelog.com/hyakumeiten/ramen_tokyo/2020	100
HYK2020-0684	ramen_tokyo	ラーメン	TOKYO	84	銀座 八五	東京都	東京都 東銀座駅	https://tabelog.com/tokyo/A1301/A130101/13228602/	13228602	https://award.tabelog.com/hyakumeiten/ramen_tokyo/2020	100
HYK2020-0685	ramen_tokyo	ラーメン	TOKYO	85	月曜日は煮干rabo	東京都	東京都 永福町駅	https://tabelog.com/tokyo/A1318/A131805/13229593/	13229593	https://award.tabelog.com/hyakumeiten/ramen_tokyo/2020	100
HYK2020-0686	ramen_tokyo	ラーメン	TOKYO	86	らーめん飛粋	東京都	東京都 蒲田駅	https://tabelog.com/tokyo/A1315/A131503/13217922/	13217922	https://award.tabelog.com/hyakumeiten/ramen_tokyo/2020	100
HYK2020-0687	ramen_tokyo	ラーメン	TOKYO	87	RAMEN CiQUE	東京都	東京都 南阿佐ケ谷駅	https://tabelog.com/tokyo/A1319/A131905/13048520/	13048520	https://award.tabelog.com/hyakumeiten/ramen_tokyo/2020	100
HYK2020-0688	ramen_tokyo	ラーメン	TOKYO	88	純手打ち 麺と未来	東京都	東京都 下北沢駅	https://tabelog.com/tokyo/A1318/A131802/13221486/	13221486	https://award.tabelog.com/hyakumeiten/ramen_tokyo/2020	100
HYK2020-0689	ramen_tokyo	ラーメン	TOKYO	89	中華そば 児ノ木	東京都	東京都 落合駅	https://tabelog.com/tokyo/A1319/A131901/13154006/	13154006	https://award.tabelog.com/hyakumeiten/ramen_tokyo/2020	100
HYK2020-0690	ramen_tokyo	ラーメン	TOKYO	90	麺屋海神 新宿店	東京都	東京都 新宿駅	https://tabelog.com/tokyo/A1304/A130401/13045287/	13045287	https://award.tabelog.com/hyakumeiten/ramen_tokyo/2020	100
HYK2020-0691	ramen_tokyo	ラーメン	TOKYO	91	八咫烏	東京都	東京都 九段下駅	https://tabelog.com/tokyo/A1309/A130906/13198710/	13198710	https://award.tabelog.com/hyakumeiten/ramen_tokyo/2020	100
HYK2020-0692	ramen_tokyo	ラーメン	TOKYO	92	ラーメン大至	東京都	東京都 御茶ノ水駅	https://tabelog.com/tokyo/A1310/A131002/13042832/	13042832	https://award.tabelog.com/hyakumeiten/ramen_tokyo/2020	100
HYK2020-0693	ramen_tokyo	ラーメン	TOKYO	93	煮干鰮らーめん 圓 八王子本店	東京都	東京都 京王八王子駅	https://tabelog.com/tokyo/A1329/A132904/13091258/	13091258	https://award.tabelog.com/hyakumeiten/ramen_tokyo/2020	100
HYK2020-0694	ramen_tokyo	ラーメン	TOKYO	94	スープメン	東京都	東京都 ときわ台駅	https://tabelog.com/tokyo/A1322/A132203/13227469/	13227469	https://award.tabelog.com/hyakumeiten/ramen_tokyo/2020	100
HYK2020-0695	ramen_tokyo	ラーメン	TOKYO	95	中華そば 満鶏軒	東京都	東京都 錦糸町駅	https://tabelog.com/tokyo/A1312/A131201/13220773/	13220773	https://award.tabelog.com/hyakumeiten/ramen_tokyo/2020	100
HYK2020-0696	ramen_tokyo	ラーメン	TOKYO	96	麺や金時	東京都	東京都 江古田駅	https://tabelog.com/tokyo/A1321/A132101/13139195/	13139195	https://award.tabelog.com/hyakumeiten/ramen_tokyo/2020	100
HYK2020-0697	ramen_tokyo	ラーメン	TOKYO	97	らぁめん山と樹	東京都	東京都 高円寺駅	https://tabelog.com/tokyo/A1319/A131904/13204607/	13204607	https://award.tabelog.com/hyakumeiten/ramen_tokyo/2020	100
HYK2020-0698	ramen_tokyo	ラーメン	TOKYO	98	鶏そば  ムタヒロ 2号店	東京都	東京都 国分寺駅	https://tabelog.com/tokyo/A1325/A132502/13147068/	13147068	https://award.tabelog.com/hyakumeiten/ramen_tokyo/2020	100
HYK2020-0699	ramen_tokyo	ラーメン	TOKYO	99	八雲	東京都	東京都 池尻大橋駅	https://tabelog.com/tokyo/A1317/A131705/13204333/	13204333	https://award.tabelog.com/hyakumeiten/ramen_tokyo/2020	100
HYK2020-0700	ramen_tokyo	ラーメン	TOKYO	100	食堂七彩	東京都	東京都 都立家政駅	https://tabelog.com/tokyo/A1321/A132104/13145418/	13145418	https://award.tabelog.com/hyakumeiten/ramen_tokyo/2020	100
HYK2020-0701	ramen_east	ラーメン	EAST	1	麺処 有彩	埼玉県	埼玉県 西川口駅	https://tabelog.com/saitama/A1102/A110201/11038476/	11038476	https://award.tabelog.com/hyakumeiten/ramen_east/2020	100
HYK2020-0702	ramen_east	ラーメン	EAST	2	麺屋 ようすけ	栃木県	栃木県 佐野市	https://tabelog.com/tochigi/A0902/A090202/9012617/	9012617	https://award.tabelog.com/hyakumeiten/ramen_east/2020	100
HYK2020-0703	ramen_east	ラーメン	EAST	3	ラーメン 木曜日	北海道	北海道 西線９条旭山公園通駅	https://tabelog.com/hokkaido/A0101/A010104/1038229/	1038229	https://award.tabelog.com/hyakumeiten/ramen_east/2020	100
HYK2020-0704	ramen_east	ラーメン	EAST	4	狼スープ	北海道	北海道 中島公園駅	https://tabelog.com/hokkaido/A0101/A010104/1000799/	1000799	https://award.tabelog.com/hyakumeiten/ramen_east/2020	100
HYK2020-0705	ramen_east	ラーメン	EAST	5	麺や 麗	北海道	北海道 千歳市	https://tabelog.com/hokkaido/A0107/A010701/1026411/	1026411	https://award.tabelog.com/hyakumeiten/ramen_east/2020	100
HYK2020-0706	ramen_east	ラーメン	EAST	6	厚木本丸亭	神奈川県	神奈川県 本厚木駅	https://tabelog.com/kanagawa/A1408/A140802/14000181/	14000181	https://award.tabelog.com/hyakumeiten/ramen_east/2020	100
HYK2020-0707	ramen_east	ラーメン	EAST	7	からみそラーメン ふくろう 本店	愛知県	愛知県 上飯田駅	https://tabelog.com/aichi/A2301/A230110/23050032/	23050032	https://award.tabelog.com/hyakumeiten/ramen_east/2020	100
HYK2020-0708	ramen_east	ラーメン	EAST	8	らーめん　かねかつ	埼玉県	埼玉県 川口駅	https://tabelog.com/saitama/A1102/A110201/11034385/	11034385	https://award.tabelog.com/hyakumeiten/ramen_east/2020	100
HYK2020-0709	ramen_east	ラーメン	EAST	9	らーめん奏	愛知県	愛知県 吹上駅	https://tabelog.com/aichi/A2301/A230106/23056955/	23056955	https://award.tabelog.com/hyakumeiten/ramen_east/2020	100
HYK2020-0710	ramen_east	ラーメン	EAST	10	麺屋 高橋	北海道	北海道 札幌市豊平区	https://tabelog.com/hokkaido/A0101/A010303/1009886/	1009886	https://award.tabelog.com/hyakumeiten/ramen_east/2020	100
HYK2020-0711	ramen_east	ラーメン	EAST	11	兎に角 松戸本店	千葉県	千葉県 松戸駅	https://tabelog.com/chiba/A1203/A120302/12001198/	12001198	https://award.tabelog.com/hyakumeiten/ramen_east/2020	100
HYK2020-0712	ramen_east	ラーメン	EAST	12	家系ラーメン とらきち家	神奈川県	神奈川県 東白楽駅	https://tabelog.com/kanagawa/A1401/A140205/14053454/	14053454	https://award.tabelog.com/hyakumeiten/ramen_east/2020	100
HYK2020-0713	ramen_east	ラーメン	EAST	13	喜元門 研究学園駅前店	茨城県	茨城県 つくば市	https://tabelog.com/ibaraki/A0802/A080201/8013639/	8013639	https://award.tabelog.com/hyakumeiten/ramen_east/2020	100
HYK2020-0714	ramen_east	ラーメン	EAST	14	我流麺舞 飛燕	北海道	北海道 札幌市豊平区	https://tabelog.com/hokkaido/A0101/A010303/1026753/	1026753	https://award.tabelog.com/hyakumeiten/ramen_east/2020	100
HYK2020-0715	ramen_east	ラーメン	EAST	15	らぁめん 喜乃壺	茨城県	茨城県 つくば市	https://tabelog.com/ibaraki/A0802/A080201/8010935/	8010935	https://award.tabelog.com/hyakumeiten/ramen_east/2020	100
HYK2020-0716	ramen_east	ラーメン	EAST	16	麺や けせらせら	北海道	北海道 百合が原駅	https://tabelog.com/hokkaido/A0101/A010201/1009525/	1009525	https://award.tabelog.com/hyakumeiten/ramen_east/2020	100
HYK2020-0717	ramen_east	ラーメン	EAST	17	中華蕎麦 時雨	神奈川県	神奈川県 伊勢佐木長者町駅	https://tabelog.com/kanagawa/A1401/A140104/14067138/	14067138	https://award.tabelog.com/hyakumeiten/ramen_east/2020	100
HYK2020-0718	ramen_east	ラーメン	EAST	18	次念序	埼玉県	埼玉県 鴻巣駅	https://tabelog.com/saitama/A1104/A110401/11001881/	11001881	https://award.tabelog.com/hyakumeiten/ramen_east/2020	100
HYK2020-0719	ramen_east	ラーメン	EAST	19	煮干乱舞	埼玉県	埼玉県 武里駅	https://tabelog.com/saitama/A1102/A110204/11043059/	11043059	https://award.tabelog.com/hyakumeiten/ramen_east/2020	100
HYK2020-0720	ramen_east	ラーメン	EAST	20	らぁ麺 飛鶏	愛知県	愛知県 春日井市	https://tabelog.com/aichi/A2303/A230301/23051026/	23051026	https://award.tabelog.com/hyakumeiten/ramen_east/2020	100
HYK2020-0721	ramen_east	ラーメン	EAST	21	麺家獅子丸	愛知県	愛知県 亀島駅	https://tabelog.com/aichi/A2301/A230101/23060674/	23060674	https://award.tabelog.com/hyakumeiten/ramen_east/2020	100
HYK2020-0722	ramen_east	ラーメン	EAST	22	ラーメン専門店 徳川町 如水	愛知県	愛知県 森下駅	https://tabelog.com/aichi/A2301/A230110/23000971/	23000971	https://award.tabelog.com/hyakumeiten/ramen_east/2020	100
HYK2020-0723	ramen_east	ラーメン	EAST	23	ラーメン フリーバーズ	神奈川県	神奈川県 本郷台駅	https://tabelog.com/kanagawa/A1401/A140309/14072025/	14072025	https://award.tabelog.com/hyakumeiten/ramen_east/2020	100
HYK2020-0724	ramen_east	ラーメン	EAST	24	拉麺 大公 南太田本店	神奈川県	神奈川県 南太田駅	https://tabelog.com/kanagawa/A1401/A140306/14050344/	14050344	https://award.tabelog.com/hyakumeiten/ramen_east/2020	100
HYK2020-0725	ramen_east	ラーメン	EAST	25	貝ガラ屋	神奈川県	神奈川県 相模原市中央区	https://tabelog.com/kanagawa/A1407/A140701/14056997/	14056997	https://award.tabelog.com/hyakumeiten/ramen_east/2020	100
HYK2020-0726	ramen_east	ラーメン	EAST	26	らぁめん夢	神奈川県	神奈川県 東神奈川駅	https://tabelog.com/kanagawa/A1401/A140212/14053385/	14053385	https://award.tabelog.com/hyakumeiten/ramen_east/2020	100
HYK2020-0727	ramen_east	ラーメン	EAST	27	中村麺三郎商店	神奈川県	神奈川県 淵野辺駅	https://tabelog.com/kanagawa/A1407/A140701/14063423/	14063423	https://award.tabelog.com/hyakumeiten/ramen_east/2020	100
HYK2020-0728	ramen_east	ラーメン	EAST	28	らーめん森や。	神奈川県	神奈川県 横浜市栄区	https://tabelog.com/kanagawa/A1401/A140309/14055421/	14055421	https://award.tabelog.com/hyakumeiten/ramen_east/2020	100
HYK2020-0729	ramen_east	ラーメン	EAST	29	支那そばや 本店	神奈川県	神奈川県 戸塚駅	https://tabelog.com/kanagawa/A1401/A140305/14014445/	14014445	https://award.tabelog.com/hyakumeiten/ramen_east/2020	100
HYK2020-0730	ramen_east	ラーメン	EAST	30	食堂なまえ	福島県	福島県 喜多方市	https://tabelog.com/fukushima/A0706/A070601/7000006/	7000006	https://award.tabelog.com/hyakumeiten/ramen_east/2020	100
HYK2020-0731	ramen_east	ラーメン	EAST	31	家系総本山 吉村家	神奈川県	神奈川県 平沼橋駅	https://tabelog.com/kanagawa/A1401/A140101/14000059/	14000059	https://award.tabelog.com/hyakumeiten/ramen_east/2020	100
HYK2020-0732	ramen_east	ラーメン	EAST	32	煮干中華ソバ イチカワ	茨城県	茨城県 つくば市	https://tabelog.com/ibaraki/A0802/A080201/8014295/	8014295	https://award.tabelog.com/hyakumeiten/ramen_east/2020	100
HYK2020-0733	ramen_east	ラーメン	EAST	33	櫻井中華そば店	神奈川県	神奈川県 保土ケ谷駅	https://tabelog.com/kanagawa/A1401/A140301/14068897/	14068897	https://award.tabelog.com/hyakumeiten/ramen_east/2020	100
HYK2020-0734	ramen_east	ラーメン	EAST	34	オランダ軒	埼玉県	埼玉県 東岩槻駅	https://tabelog.com/saitama/A1101/A110103/11043376/	11043376	https://award.tabelog.com/hyakumeiten/ramen_east/2020	100
HYK2020-0735	ramen_east	ラーメン	EAST	35	寿々喜家	神奈川県	神奈川県 上星川駅	https://tabelog.com/kanagawa/A1401/A140302/14000063/	14000063	https://award.tabelog.com/hyakumeiten/ramen_east/2020	100
HYK2020-0736	ramen_east	ラーメン	EAST	36	らぁめん鴇	神奈川県	神奈川県 藤沢駅	https://tabelog.com/kanagawa/A1404/A140404/14059192/	14059192	https://award.tabelog.com/hyakumeiten/ramen_east/2020	100
HYK2020-0737	ramen_east	ラーメン	EAST	37	杉田家 千葉店	千葉県	千葉県 東千葉駅	https://tabelog.com/chiba/A1201/A120101/12025333/	12025333	https://award.tabelog.com/hyakumeiten/ramen_east/2020	100
HYK2020-0738	ramen_east	ラーメン	EAST	38	ぜんや	埼玉県	埼玉県 新座駅	https://tabelog.com/saitama/A1103/A110301/11000014/	11000014	https://award.tabelog.com/hyakumeiten/ramen_east/2020	100
HYK2020-0739	ramen_east	ラーメン	EAST	39	狼煙 本店	埼玉県	埼玉県 鉄道博物館駅	https://tabelog.com/saitama/A1101/A110101/11004115/	11004115	https://award.tabelog.com/hyakumeiten/ramen_east/2020	100
HYK2020-0740	ramen_east	ラーメン	EAST	40	らぁ麺や 汐そば雫	愛知県	愛知県 堀田（名鉄）駅	https://tabelog.com/aichi/A2301/A230112/23050560/	23050560	https://award.tabelog.com/hyakumeiten/ramen_east/2020	100
HYK2020-0741	ramen_east	ラーメン	EAST	41	中華蕎麦 とみ田	千葉県	千葉県 松戸駅	https://tabelog.com/chiba/A1203/A120302/12000422/	12000422	https://award.tabelog.com/hyakumeiten/ramen_east/2020	100
HYK2020-0742	ramen_east	ラーメン	EAST	42	中華そば 華丸	愛知県	愛知県 一宮市	https://tabelog.com/aichi/A2302/A230201/23007195/	23007195	https://award.tabelog.com/hyakumeiten/ramen_east/2020	100
HYK2020-0743	ramen_east	ラーメン	EAST	43	ラーメン 末廣家	神奈川県	神奈川県 白楽駅	https://tabelog.com/kanagawa/A1401/A140205/14051496/	14051496	https://award.tabelog.com/hyakumeiten/ramen_east/2020	100
HYK2020-0744	ramen_east	ラーメン	EAST	44	とら食堂 松戸分店	千葉県	千葉県 松飛台駅	https://tabelog.com/chiba/A1203/A120302/12026940/	12026940	https://award.tabelog.com/hyakumeiten/ramen_east/2020	100
HYK2020-0745	ramen_east	ラーメン	EAST	45	うまいヨゆうちゃんラーメン	神奈川県	神奈川県 大和駅	https://tabelog.com/kanagawa/A1407/A140702/14057313/	14057313	https://award.tabelog.com/hyakumeiten/ramen_east/2020	100
HYK2020-0746	ramen_east	ラーメン	EAST	46	ラーメン二郎 横浜関内店	神奈川県	神奈川県 伊勢佐木長者町駅	https://tabelog.com/kanagawa/A1401/A140104/14001518/	14001518	https://award.tabelog.com/hyakumeiten/ramen_east/2020	100
HYK2020-0747	ramen_east	ラーメン	EAST	47	麺処 秋もと	神奈川県	神奈川県 市が尾駅	https://tabelog.com/kanagawa/A1401/A140201/14058820/	14058820	https://award.tabelog.com/hyakumeiten/ramen_east/2020	100
HYK2020-0748	ramen_east	ラーメン	EAST	48	ラーメン星印	神奈川県	神奈川県 反町駅	https://tabelog.com/kanagawa/A1401/A140205/14054005/	14054005	https://award.tabelog.com/hyakumeiten/ramen_east/2020	100
HYK2020-0749	ramen_east	ラーメン	EAST	49	麺処 懐や	神奈川県	神奈川県 鷺沼駅	https://tabelog.com/kanagawa/A1405/A140507/14049709/	14049709	https://award.tabelog.com/hyakumeiten/ramen_east/2020	100
HYK2020-0750	ramen_east	ラーメン	EAST	50	らーめん 鶏喰	神奈川県	神奈川県 吉野町駅	https://tabelog.com/kanagawa/A1401/A140306/14048864/	14048864	https://award.tabelog.com/hyakumeiten/ramen_east/2020	100
HYK2020-0751	ramen_east	ラーメン	EAST	51	寿製麺 よしかわ 川越店	埼玉県	埼玉県 川越市	https://tabelog.com/saitama/A1103/A110303/11040851/	11040851	https://award.tabelog.com/hyakumeiten/ramen_east/2020	100
HYK2020-0752	ramen_east	ラーメン	EAST	52	らーめん芝浜	群馬県	群馬県 桐生市	https://tabelog.com/gunma/A1002/A100201/10014488/	10014488	https://award.tabelog.com/hyakumeiten/ramen_east/2020	100
HYK2020-0753	ramen_east	ラーメン	EAST	53	麺屋 雪風 すすきの店	北海道	北海道 東本願寺前駅	https://tabelog.com/hokkaido/A0101/A010103/1004868/	1004868	https://award.tabelog.com/hyakumeiten/ramen_east/2020	100
HYK2020-0754	ramen_east	ラーメン	EAST	54	らぁ麺 飯田商店	神奈川県	神奈川県 湯河原駅	https://tabelog.com/kanagawa/A1410/A141002/14038776/	14038776	https://award.tabelog.com/hyakumeiten/ramen_east/2020	100
HYK2020-0755	ramen_east	ラーメン	EAST	55	横浜中華そば 維新商店 本店	神奈川県	神奈川県 平沼橋駅	https://tabelog.com/kanagawa/A1401/A140101/14051850/	14051850	https://award.tabelog.com/hyakumeiten/ramen_east/2020	100
HYK2020-0756	ramen_east	ラーメン	EAST	56	中村屋	神奈川県	神奈川県 海老名駅	https://tabelog.com/kanagawa/A1408/A140801/14000186/	14000186	https://award.tabelog.com/hyakumeiten/ramen_east/2020	100
HYK2020-0757	ramen_east	ラーメン	EAST	57	らーめんNageyari	岐阜県	岐阜県 各務原市	https://tabelog.com/gifu/A2101/A210102/21000295/	21000295	https://award.tabelog.com/hyakumeiten/ramen_east/2020	100
HYK2020-0758	ramen_east	ラーメン	EAST	58	Sagamihara 欅	神奈川県	神奈川県 小田急相模原駅	https://tabelog.com/kanagawa/A1407/A140701/14068944/	14068944	https://award.tabelog.com/hyakumeiten/ramen_east/2020	100
HYK2020-0759	ramen_east	ラーメン	EAST	59	濃麺 海月	千葉県	千葉県 東千葉駅	https://tabelog.com/chiba/A1201/A120101/12033982/	12033982	https://award.tabelog.com/hyakumeiten/ramen_east/2020	100
HYK2020-0760	ramen_east	ラーメン	EAST	60	ラーメン二郎 中山駅前店	神奈川県	神奈川県 中山駅	https://tabelog.com/kanagawa/A1401/A140207/14038422/	14038422	https://award.tabelog.com/hyakumeiten/ramen_east/2020	100
HYK2020-0761	ramen_east	ラーメン	EAST	61	杉田家	神奈川県	神奈川県 新杉田駅	https://tabelog.com/kanagawa/A1401/A140308/14000917/	14000917	https://award.tabelog.com/hyakumeiten/ramen_east/2020	100
HYK2020-0762	ramen_east	ラーメン	EAST	62	中華ソバ 篤々	千葉県	千葉県 勝田台駅	https://tabelog.com/chiba/A1202/A120204/12040080/	12040080	https://award.tabelog.com/hyakumeiten/ramen_east/2020	100
HYK2020-0763	ramen_east	ラーメン	EAST	63	丿貫 福富町本店	神奈川県	神奈川県 桜木町駅	https://tabelog.com/kanagawa/A1401/A140104/14062435/	14062435	https://award.tabelog.com/hyakumeiten/ramen_east/2020	100
HYK2020-0764	ramen_east	ラーメン	EAST	64	くり山	神奈川県	神奈川県 白楽駅	https://tabelog.com/kanagawa/A1401/A140205/14012001/	14012001	https://award.tabelog.com/hyakumeiten/ramen_east/2020	100
HYK2020-0765	ramen_east	ラーメン	EAST	65	Japanese Ramen Noodle Lab Q	北海道	北海道 さっぽろ（札幌市営）駅	https://tabelog.com/hokkaido/A0101/A010102/1057715/	1057715	https://award.tabelog.com/hyakumeiten/ramen_east/2020	100
HYK2020-0766	ramen_east	ラーメン	EAST	66	自家製手もみ麺 鈴ノ木	埼玉県	埼玉県 狭山ケ丘駅	https://tabelog.com/saitama/A1106/A110601/11048539/	11048539	https://award.tabelog.com/hyakumeiten/ramen_east/2020	100
HYK2020-0767	ramen_east	ラーメン	EAST	67	ZUND-BAR	神奈川県	神奈川県 厚木市	https://tabelog.com/kanagawa/A1408/A140802/14000184/	14000184	https://award.tabelog.com/hyakumeiten/ramen_east/2020	100
HYK2020-0768	ramen_east	ラーメン	EAST	68	とら食堂	福島県	福島県 白河市	https://tabelog.com/fukushima/A0703/A070301/7000016/	7000016	https://award.tabelog.com/hyakumeiten/ramen_east/2020	100
HYK2020-0769	ramen_east	ラーメン	EAST	69	支那蕎麦屋 藤花	神奈川県	神奈川県 横浜市都筑区	https://tabelog.com/kanagawa/A1401/A140207/14070248/	14070248	https://award.tabelog.com/hyakumeiten/ramen_east/2020	100
HYK2020-0770	ramen_east	ラーメン	EAST	70	啜磨専科	神奈川県	神奈川県 港南中央駅	https://tabelog.com/kanagawa/A1401/A140307/14043755/	14043755	https://award.tabelog.com/hyakumeiten/ramen_east/2020	100
HYK2020-0771	ramen_east	ラーメン	EAST	71	下前商店	神奈川県	神奈川県 元町・中華街駅	https://tabelog.com/kanagawa/A1401/A140105/14011334/	14011334	https://award.tabelog.com/hyakumeiten/ramen_east/2020	100
HYK2020-0772	ramen_east	ラーメン	EAST	72	味処 むさし野	千葉県	千葉県 上本郷駅	https://tabelog.com/chiba/A1203/A120302/12000080/	12000080	https://award.tabelog.com/hyakumeiten/ramen_east/2020	100
HYK2020-0773	ramen_east	ラーメン	EAST	73	麺家 喜多楽	愛知県	愛知県 東別院駅	https://tabelog.com/aichi/A2301/A230105/23000186/	23000186	https://award.tabelog.com/hyakumeiten/ramen_east/2020	100
HYK2020-0774	ramen_east	ラーメン	EAST	74	はりけんラーメン 本店	茨城県	茨城県 つくば市	https://tabelog.com/ibaraki/A0802/A080201/8012178/	8012178	https://award.tabelog.com/hyakumeiten/ramen_east/2020	100
HYK2020-0775	ramen_east	ラーメン	EAST	75	鶏そば　一瑳	埼玉県	埼玉県 浦和駅	https://tabelog.com/saitama/A1101/A110102/11026125/	11026125	https://award.tabelog.com/hyakumeiten/ramen_east/2020	100
HYK2020-0776	ramen_east	ラーメン	EAST	76	杭州飯店	新潟県	新潟県 燕市	https://tabelog.com/niigata/A1501/A150102/15000002/	15000002	https://award.tabelog.com/hyakumeiten/ramen_east/2020	100
HYK2020-0777	ramen_east	ラーメン	EAST	77	伊達屋	福島県	福島県 福島市	https://tabelog.com/fukushima/A0701/A070101/7001032/	7001032	https://award.tabelog.com/hyakumeiten/ramen_east/2020	100
HYK2020-0778	ramen_east	ラーメン	EAST	78	青竹手打ラーメン 日向屋	栃木県	栃木県 佐野市	https://tabelog.com/tochigi/A0902/A090202/9009352/	9009352	https://award.tabelog.com/hyakumeiten/ramen_east/2020	100
HYK2020-0779	ramen_east	ラーメン	EAST	79	なるとや	愛知県	愛知県 栄町駅	https://tabelog.com/aichi/A2301/A230104/23005819/	23005819	https://award.tabelog.com/hyakumeiten/ramen_east/2020	100
HYK2020-0780	ramen_east	ラーメン	EAST	80	ラーメン 厚木家	神奈川県	神奈川県 厚木市	https://tabelog.com/kanagawa/A1408/A140802/14013886/	14013886	https://award.tabelog.com/hyakumeiten/ramen_east/2020	100
HYK2020-0781	ramen_east	ラーメン	EAST	81	環2家	神奈川県	神奈川県 下永谷駅	https://tabelog.com/kanagawa/A1401/A140307/14000161/	14000161	https://award.tabelog.com/hyakumeiten/ramen_east/2020	100
HYK2020-0782	ramen_east	ラーメン	EAST	82	めん奏心	静岡県	静岡県 島田市	https://tabelog.com/shizuoka/A2203/A220302/22019502/	22019502	https://award.tabelog.com/hyakumeiten/ramen_east/2020	100
HYK2020-0783	ramen_east	ラーメン	EAST	83	頑者 本店	埼玉県	埼玉県 本川越駅	https://tabelog.com/saitama/A1103/A110303/11000150/	11000150	https://award.tabelog.com/hyakumeiten/ramen_east/2020	100
HYK2020-0784	ramen_east	ラーメン	EAST	84	らーめん佳	北海道	北海道 月寒中央駅	https://tabelog.com/hokkaido/A0101/A010303/1007919/	1007919	https://award.tabelog.com/hyakumeiten/ramen_east/2020	100
HYK2020-0785	ramen_east	ラーメン	EAST	85	らぁ麺 紫陽花	愛知県	愛知県 六番町駅	https://tabelog.com/aichi/A2301/A230112/23055953/	23055953	https://award.tabelog.com/hyakumeiten/ramen_east/2020	100
HYK2020-0786	ramen_east	ラーメン	EAST	86	中華そば 嘉一	宮城県	宮城県 勾当台公園駅	https://tabelog.com/miyagi/A0401/A040101/4009075/	4009075	https://award.tabelog.com/hyakumeiten/ramen_east/2020	100
HYK2020-0787	ramen_east	ラーメン	EAST	87	麺屋 彩未	北海道	北海道 美園駅	https://tabelog.com/hokkaido/A0101/A010303/1000018/	1000018	https://award.tabelog.com/hyakumeiten/ramen_east/2020	100
HYK2020-0788	ramen_east	ラーメン	EAST	88	さっぽろ純連 札幌店	北海道	北海道 澄川駅	https://tabelog.com/hokkaido/A0101/A010303/1000031/	1000031	https://award.tabelog.com/hyakumeiten/ramen_east/2020	100
HYK2020-0789	ramen_east	ラーメン	EAST	89	中華そば 四つ葉	埼玉県	埼玉県 比企郡川島町	https://tabelog.com/saitama/A1105/A110502/11034264/	11034264	https://award.tabelog.com/hyakumeiten/ramen_east/2020	100
HYK2020-0790	ramen_east	ラーメン	EAST	90	麺屋 菜々兵衛	北海道	北海道 平和駅	https://tabelog.com/hokkaido/A0101/A010301/1009634/	1009634	https://award.tabelog.com/hyakumeiten/ramen_east/2020	100
HYK2020-0791	ramen_east	ラーメン	EAST	91	和風楽麺 四代目 ひのでや	埼玉県	埼玉県 蓮田駅	https://tabelog.com/saitama/A1104/A110402/11030891/	11030891	https://award.tabelog.com/hyakumeiten/ramen_east/2020	100
HYK2020-0792	ramen_east	ラーメン	EAST	92	流星軒	神奈川県	神奈川県 吉野町駅	https://tabelog.com/kanagawa/A1401/A140306/14000569/	14000569	https://award.tabelog.com/hyakumeiten/ramen_east/2020	100
HYK2020-0793	ramen_east	ラーメン	EAST	93	MEN-EIJI HIRAGISHI BASE	北海道	北海道 南平岸駅	https://tabelog.com/hokkaido/A0101/A010303/1034678/	1034678	https://award.tabelog.com/hyakumeiten/ramen_east/2020	100
HYK2020-0794	ramen_east	ラーメン	EAST	94	地球の中華そば	神奈川県	神奈川県 伊勢佐木長者町駅	https://tabelog.com/kanagawa/A1401/A140104/14056490/	14056490	https://award.tabelog.com/hyakumeiten/ramen_east/2020	100
HYK2020-0795	ramen_east	ラーメン	EAST	95	中華そば 麺や食堂 本店	神奈川県	神奈川県 本厚木駅	https://tabelog.com/kanagawa/A1408/A140802/14001610/	14001610	https://award.tabelog.com/hyakumeiten/ramen_east/2020	100
HYK2020-0796	ramen_east	ラーメン	EAST	96	豚星。	神奈川県	神奈川県 元住吉駅	https://tabelog.com/kanagawa/A1405/A140504/14058333/	14058333	https://award.tabelog.com/hyakumeiten/ramen_east/2020	100
HYK2020-0797	ramen_east	ラーメン	EAST	97	中華そば よしかわ 上尾店	埼玉県	埼玉県 上尾市	https://tabelog.com/saitama/A1104/A110401/11036997/	11036997	https://award.tabelog.com/hyakumeiten/ramen_east/2020	100
HYK2020-0798	ramen_east	ラーメン	EAST	98	らーめん いのうえ	神奈川県	神奈川県 尻手駅	https://tabelog.com/kanagawa/A1401/A140210/14054147/	14054147	https://award.tabelog.com/hyakumeiten/ramen_east/2020	100
HYK2020-0799	ramen_east	ラーメン	EAST	99	いち井	新潟県	新潟県 長岡市	https://tabelog.com/niigata/A1502/A150201/15000043/	15000043	https://award.tabelog.com/hyakumeiten/ramen_east/2020	100
HYK2020-0800	ramen_east	ラーメン	EAST	100	坂内食堂	福島県	福島県 喜多方市	https://tabelog.com/fukushima/A0706/A070601/7000007/	7000007	https://award.tabelog.com/hyakumeiten/ramen_east/2020	100
HYK2020-0801	ramen_west	ラーメン	WEST	1	麺屋NOROMA	奈良県	奈良県 奈良市	https://tabelog.com/nara/A2901/A290101/29007675/	29007675	https://award.tabelog.com/hyakumeiten/ramen_west/2020	100
HYK2020-0802	ramen_west	ラーメン	WEST	2	らーめん鱗 西中島店	大阪府	大阪府 西中島南方駅	https://tabelog.com/osaka/A2701/A270301/27082871/	27082871	https://award.tabelog.com/hyakumeiten/ramen_west/2020	100
HYK2020-0803	ramen_west	ラーメン	WEST	3	中華そば ムタヒロ 大阪福島店	大阪府	大阪府 福島駅	https://tabelog.com/osaka/A2701/A270108/27082989/	27082989	https://award.tabelog.com/hyakumeiten/ramen_west/2020	100
HYK2020-0804	ramen_west	ラーメン	WEST	4	麺哲 豊中	大阪府	大阪府 豊中駅	https://tabelog.com/osaka/A2706/A270601/27004096/	27004096	https://award.tabelog.com/hyakumeiten/ramen_west/2020	100
HYK2020-0805	ramen_west	ラーメン	WEST	5	麺処 と市	奈良県	奈良県 橿原市	https://tabelog.com/nara/A2903/A290302/29006955/	29006955	https://award.tabelog.com/hyakumeiten/ramen_west/2020	100
HYK2020-0806	ramen_west	ラーメン	WEST	6	ラーメンにっこう	滋賀県	滋賀県 彦根市	https://tabelog.com/shiga/A2503/A250303/25000362/	25000362	https://award.tabelog.com/hyakumeiten/ramen_west/2020	100
HYK2020-0807	ramen_west	ラーメン	WEST	7	烈火 本店	大阪府	大阪府 庄内駅	https://tabelog.com/osaka/A2706/A270601/27059898/	27059898	https://award.tabelog.com/hyakumeiten/ramen_west/2020	100
HYK2020-0808	ramen_west	ラーメン	WEST	8	極汁美麺 umami	大阪府	大阪府 河内小阪駅	https://tabelog.com/osaka/A2707/A270703/27093539/	27093539	https://award.tabelog.com/hyakumeiten/ramen_west/2020	100
HYK2020-0809	ramen_west	ラーメン	WEST	9	和 dining 清乃 本店	和歌山県	和歌山県 有田市	https://tabelog.com/wakayama/A3002/A300202/30000653/	30000653	https://award.tabelog.com/hyakumeiten/ramen_west/2020	100
HYK2020-0810	ramen_west	ラーメン	WEST	10	ラーメン人生JET	大阪府	大阪府 福島駅	https://tabelog.com/osaka/A2701/A270108/27050827/	27050827	https://award.tabelog.com/hyakumeiten/ramen_west/2020	100
HYK2020-0811	ramen_west	ラーメン	WEST	11	麺のようじ	大阪府	大阪府 日本橋駅	https://tabelog.com/osaka/A2701/A270202/27072765/	27072765	https://award.tabelog.com/hyakumeiten/ramen_west/2020	100
HYK2020-0812	ramen_west	ラーメン	WEST	12	らーめんstyle JUNK STORY 本店	大阪府	大阪府 谷町九丁目駅	https://tabelog.com/osaka/A2701/A270205/27050596/	27050596	https://award.tabelog.com/hyakumeiten/ramen_west/2020	100
HYK2020-0813	ramen_west	ラーメン	WEST	13	つけ麺無心	奈良県	奈良県 奈良市	https://tabelog.com/nara/A2901/A290102/29004440/	29004440	https://award.tabelog.com/hyakumeiten/ramen_west/2020	100
HYK2020-0814	ramen_west	ラーメン	WEST	14	総大醤	大阪府	大阪府 天神橋筋六丁目駅	https://tabelog.com/osaka/A2701/A270103/27003383/	27003383	https://award.tabelog.com/hyakumeiten/ramen_west/2020	100
HYK2020-0815	ramen_west	ラーメン	WEST	15	フスマにかけろ 中崎壱丁 中崎商店會1-6-18号ラーメン	大阪府	大阪府 中崎町駅	https://tabelog.com/osaka/A2701/A270103/27056367/	27056367	https://award.tabelog.com/hyakumeiten/ramen_west/2020	100
HYK2020-0816	ramen_west	ラーメン	WEST	16	麺や福はら	大阪府	大阪府 今里（近鉄）駅	https://tabelog.com/osaka/A2701/A270306/27099659/	27099659	https://award.tabelog.com/hyakumeiten/ramen_west/2020	100
HYK2020-0817	ramen_west	ラーメン	WEST	17	がむしゃら 奈良	奈良県	奈良県 大和郡山市	https://tabelog.com/nara/A2902/A290202/29001411/	29001411	https://award.tabelog.com/hyakumeiten/ramen_west/2020	100
HYK2020-0818	ramen_west	ラーメン	WEST	18	中華そば 高安	京都府	京都府 一乗寺駅	https://tabelog.com/kyoto/A2601/A260303/26001199/	26001199	https://award.tabelog.com/hyakumeiten/ramen_west/2020	100
HYK2020-0819	ramen_west	ラーメン	WEST	19	新福菜館 本店	京都府	京都府 京都駅	https://tabelog.com/kyoto/A2601/A260101/26000791/	26000791	https://award.tabelog.com/hyakumeiten/ramen_west/2020	100
HYK2020-0820	ramen_west	ラーメン	WEST	20	中華蕎麦 葛	大阪府	大阪府 本町駅	https://tabelog.com/osaka/A2701/A270106/27087256/	27087256	https://award.tabelog.com/hyakumeiten/ramen_west/2020	100
HYK2020-0821	ramen_west	ラーメン	WEST	21	本家 第一旭 たかばし本店	京都府	京都府 京都駅	https://tabelog.com/kyoto/A2601/A260101/26000873/	26000873	https://award.tabelog.com/hyakumeiten/ramen_west/2020	100
HYK2020-0822	ramen_west	ラーメン	WEST	22	拳ラーメン	京都府	京都府 梅小路京都西駅	https://tabelog.com/kyoto/A2601/A260203/26017616/	26017616	https://award.tabelog.com/hyakumeiten/ramen_west/2020	100
HYK2020-0823	ramen_west	ラーメン	WEST	23	自然派ラーメン 神楽	石川県	石川県 金沢市	https://tabelog.com/ishikawa/A1701/A170101/17001321/	17001321	https://award.tabelog.com/hyakumeiten/ramen_west/2020	100
HYK2020-0824	ramen_west	ラーメン	WEST	24	麺と心 7	大阪府	大阪府 阿倍野駅	https://tabelog.com/osaka/A2701/A270203/27072629/	27072629	https://award.tabelog.com/hyakumeiten/ramen_west/2020	100
HYK2020-0825	ramen_west	ラーメン	WEST	25	らーめん専門 和心 武庫之荘店	兵庫県	兵庫県 武庫之荘駅	https://tabelog.com/hyogo/A2803/A280304/28042762/	28042762	https://award.tabelog.com/hyakumeiten/ramen_west/2020	100
HYK2020-0826	ramen_west	ラーメン	WEST	26	麺元素	大阪府	大阪府 天満駅	https://tabelog.com/osaka/A2701/A270103/27042439/	27042439	https://award.tabelog.com/hyakumeiten/ramen_west/2020	100
HYK2020-0827	ramen_west	ラーメン	WEST	27	麺屋 たけ井 R1店	京都府	京都府 八幡市	https://tabelog.com/kyoto/A2607/A260702/26023971/	26023971	https://award.tabelog.com/hyakumeiten/ramen_west/2020	100
HYK2020-0828	ramen_west	ラーメン	WEST	28	自己流ラーメン綿麺	大阪府	大阪府 松原市	https://tabelog.com/osaka/A2708/A270801/27007813/	27007813	https://award.tabelog.com/hyakumeiten/ramen_west/2020	100
HYK2020-0829	ramen_west	ラーメン	WEST	29	ストライク軒	大阪府	大阪府 天神橋筋六丁目駅	https://tabelog.com/osaka/A2701/A270103/27074457/	27074457	https://award.tabelog.com/hyakumeiten/ramen_west/2020	100
HYK2020-0830	ramen_west	ラーメン	WEST	30	らーめん香澄 阿波座本店	大阪府	大阪府 阿波座駅	https://tabelog.com/osaka/A2701/A270105/27065090/	27065090	https://award.tabelog.com/hyakumeiten/ramen_west/2020	100
HYK2020-0831	ramen_west	ラーメン	WEST	31	時屋	大阪府	大阪府 西中島南方駅	https://tabelog.com/osaka/A2701/A270301/27040424/	27040424	https://award.tabelog.com/hyakumeiten/ramen_west/2020	100
HYK2020-0832	ramen_west	ラーメン	WEST	32	手打ち麺 やす田	大阪府	大阪府 新大阪駅	https://tabelog.com/osaka/A2701/A270301/27060153/	27060153	https://award.tabelog.com/hyakumeiten/ramen_west/2020	100
HYK2020-0833	ramen_west	ラーメン	WEST	33	麺や高倉二条	京都府	京都府 丸太町（京都市営）駅	https://tabelog.com/kyoto/A2601/A260202/26003182/	26003182	https://award.tabelog.com/hyakumeiten/ramen_west/2020	100
HYK2020-0834	ramen_west	ラーメン	WEST	34	がふうあん	兵庫県	兵庫県 伊丹（阪急）駅	https://tabelog.com/hyogo/A2803/A280306/28022134/	28022134	https://award.tabelog.com/hyakumeiten/ramen_west/2020	100
HYK2020-0835	ramen_west	ラーメン	WEST	35	中華そば麦右衛門	兵庫県	兵庫県 揖保郡太子町	https://tabelog.com/hyogo/A2805/A280503/28037743/	28037743	https://award.tabelog.com/hyakumeiten/ramen_west/2020	100
HYK2020-0836	ramen_west	ラーメン	WEST	36	群青	大阪府	大阪府 天神橋筋六丁目駅	https://tabelog.com/osaka/A2701/A270103/27018753/	27018753	https://award.tabelog.com/hyakumeiten/ramen_west/2020	100
HYK2020-0837	ramen_west	ラーメン	WEST	37	洛二神	大阪府	大阪府 天神橋筋六丁目駅	https://tabelog.com/osaka/A2701/A270103/27000534/	27000534	https://award.tabelog.com/hyakumeiten/ramen_west/2020	100
HYK2020-0838	ramen_west	ラーメン	WEST	38	麺屋 えぐち	大阪府	大阪府 江坂駅	https://tabelog.com/osaka/A2706/A270602/27017957/	27017957	https://award.tabelog.com/hyakumeiten/ramen_west/2020	100
HYK2020-0839	ramen_west	ラーメン	WEST	39	らーめん颯人	大阪府	大阪府 南森町駅	https://tabelog.com/osaka/A2701/A270103/27083921/	27083921	https://award.tabelog.com/hyakumeiten/ramen_west/2020	100
HYK2020-0840	ramen_west	ラーメン	WEST	40	鶏Soba 座銀 にぼし店	大阪府	大阪府 心斎橋駅	https://tabelog.com/osaka/A2701/A270201/27086371/	27086371	https://award.tabelog.com/hyakumeiten/ramen_west/2020	100
HYK2020-0841	ramen_west	ラーメン	WEST	41	燃えよ麺助	大阪府	大阪府 福島駅	https://tabelog.com/osaka/A2701/A270108/27091454/	27091454	https://award.tabelog.com/hyakumeiten/ramen_west/2020	100
HYK2020-0842	ramen_west	ラーメン	WEST	42	自家製麺と自然派食材　晴耕雨読	京都府	京都府 宇治（ＪＲ）駅	https://tabelog.com/kyoto/A2607/A260701/26030760/	26030760	https://award.tabelog.com/hyakumeiten/ramen_west/2020	100
HYK2020-0843	ramen_west	ラーメン	WEST	43	らーめん鱗 茨木店	大阪府	大阪府 茨木市駅	https://tabelog.com/osaka/A2706/A270604/27077480/	27077480	https://award.tabelog.com/hyakumeiten/ramen_west/2020	100
HYK2020-0844	ramen_west	ラーメン	WEST	44	京都 麺屋たけ井 阪急梅田店	大阪府	大阪府 大阪梅田（阪急）駅	https://tabelog.com/osaka/A2701/A270101/27092383/	27092383	https://award.tabelog.com/hyakumeiten/ramen_west/2020	100
HYK2020-0845	ramen_west	ラーメン	WEST	45	彩色ラーメンきんせい 高槻駅前店	大阪府	大阪府 高槻市駅	https://tabelog.com/osaka/A2706/A270604/27040392/	27040392	https://award.tabelog.com/hyakumeiten/ramen_west/2020	100
HYK2020-0846	ramen_west	ラーメン	WEST	46	ラーメン人生JET600	大阪府	大阪府 玉造（ＪＲ）駅	https://tabelog.com/osaka/A2701/A270204/27059047/	27059047	https://award.tabelog.com/hyakumeiten/ramen_west/2020	100
HYK2020-0847	ramen_west	ラーメン	WEST	47	麺屋 丈六 なんば店	大阪府	大阪府 難波（南海）駅	https://tabelog.com/osaka/A2701/A270202/27084754/	27084754	https://award.tabelog.com/hyakumeiten/ramen_west/2020	100
HYK2020-0848	ramen_west	ラーメン	WEST	48	らーめん 鉢ノ葦葉	三重県	三重県 四日市市	https://tabelog.com/mie/A2402/A240201/24000851/	24000851	https://award.tabelog.com/hyakumeiten/ramen_west/2020	100
HYK2020-0849	ramen_west	ラーメン	WEST	49	あいつのラーメン かたぐるま	京都府	京都府 丹波口駅	https://tabelog.com/kyoto/A2601/A260203/26023737/	26023737	https://award.tabelog.com/hyakumeiten/ramen_west/2020	100
HYK2020-0850	ramen_west	ラーメン	WEST	50	人類みな麺類	大阪府	大阪府 南方駅	https://tabelog.com/osaka/A2701/A270301/27064584/	27064584	https://award.tabelog.com/hyakumeiten/ramen_west/2020	100
HYK2020-0851	ramen_west	ラーメン	WEST	51	麺～leads～なかの 大和高田本店	奈良県	奈良県 大和高田市	https://tabelog.com/nara/A2903/A290302/29009138/	29009138	https://award.tabelog.com/hyakumeiten/ramen_west/2020	100
HYK2020-0852	ramen_west	ラーメン	WEST	52	麺屋 はなぶさ	大阪府	大阪府 堺筋本町駅	https://tabelog.com/osaka/A2701/A270106/27071670/	27071670	https://award.tabelog.com/hyakumeiten/ramen_west/2020	100
HYK2020-0853	ramen_west	ラーメン	WEST	53	博多とんこつ 天神旗	大阪府	大阪府 上新庄駅	https://tabelog.com/osaka/A2701/A270307/27002613/	27002613	https://award.tabelog.com/hyakumeiten/ramen_west/2020	100
HYK2020-0854	ramen_west	ラーメン	WEST	54	らぁ麺 とうひち	京都府	京都府 京都市北区	https://tabelog.com/kyoto/A2601/A260503/26025306/	26025306	https://award.tabelog.com/hyakumeiten/ramen_west/2020	100
HYK2020-0855	ramen_west	ラーメン	WEST	55	中華そば いぶき	大阪府	大阪府 天神橋筋六丁目駅	https://tabelog.com/osaka/A2701/A270103/27062565/	27062565	https://award.tabelog.com/hyakumeiten/ramen_west/2020	100
HYK2020-0856	ramen_west	ラーメン	WEST	56	麺屋 たけ井 本店	京都府	京都府 長池駅	https://tabelog.com/kyoto/A2607/A260704/26017227/	26017227	https://award.tabelog.com/hyakumeiten/ramen_west/2020	100
HYK2020-0857	ramen_west	ラーメン	WEST	57	山崎麺二郎	京都府	京都府 円町駅	https://tabelog.com/kyoto/A2601/A260501/26008681/	26008681	https://award.tabelog.com/hyakumeiten/ramen_west/2020	100
HYK2020-0858	ramen_west	ラーメン	WEST	58	支那そば 王王軒 本店	徳島県	徳島県 板野郡藍住町	https://tabelog.com/tokushima/A3603/A360303/36000071/	36000071	https://award.tabelog.com/hyakumeiten/ramen_west/2020	100
HYK2020-0859	ramen_west	ラーメン	WEST	59	博多一双 博多駅東本店	福岡県	福岡県 博多駅	https://tabelog.com/fukuoka/A4001/A400101/40032701/	40032701	https://award.tabelog.com/hyakumeiten/ramen_west/2020	100
HYK2020-0860	ramen_west	ラーメン	WEST	60	いかれたヌードル フィッシュトンズ	大阪府	大阪府 西大橋駅	https://tabelog.com/osaka/A2701/A270201/27101904/	27101904	https://award.tabelog.com/hyakumeiten/ramen_west/2020	100
HYK2020-0861	ramen_west	ラーメン	WEST	61	ふく流らーめん 轍 本町本店	大阪府	大阪府 本町駅	https://tabelog.com/osaka/A2701/A270106/27077641/	27077641	https://award.tabelog.com/hyakumeiten/ramen_west/2020	100
HYK2020-0862	ramen_west	ラーメン	WEST	62	桐麺 本店	大阪府	大阪府 神崎川駅	https://tabelog.com/osaka/A2701/A270302/27082568/	27082568	https://award.tabelog.com/hyakumeiten/ramen_west/2020	100
HYK2020-0863	ramen_west	ラーメン	WEST	63	担担麺専門店 DAN DAN NOODLES. ENISHI	兵庫県	兵庫県 岩屋駅	https://tabelog.com/hyogo/A2801/A280103/28040621/	28040621	https://award.tabelog.com/hyakumeiten/ramen_west/2020	100
HYK2020-0864	ramen_west	ラーメン	WEST	64	らーめん弥七	大阪府	大阪府 中津（大阪メトロ）駅	https://tabelog.com/osaka/A2701/A270101/27003232/	27003232	https://award.tabelog.com/hyakumeiten/ramen_west/2020	100
HYK2020-0865	ramen_west	ラーメン	WEST	65	中華そば 無限	大阪府	大阪府 海老江駅	https://tabelog.com/osaka/A2701/A270108/27053626/	27053626	https://award.tabelog.com/hyakumeiten/ramen_west/2020	100
HYK2020-0866	ramen_west	ラーメン	WEST	66	とんぴととりの光龍益	大阪府	大阪府 桜ノ宮駅	https://tabelog.com/osaka/A2701/A270304/27015801/	27015801	https://award.tabelog.com/hyakumeiten/ramen_west/2020	100
HYK2020-0867	ramen_west	ラーメン	WEST	67	ラーメン家 みつ葉	奈良県	奈良県 奈良市	https://tabelog.com/nara/A2901/A290102/29006502/	29006502	https://award.tabelog.com/hyakumeiten/ramen_west/2020	100
HYK2020-0868	ramen_west	ラーメン	WEST	68	吟醸らーめん 久保田	京都府	京都府 五条（京都市営）駅	https://tabelog.com/kyoto/A2601/A260101/26004660/	26004660	https://award.tabelog.com/hyakumeiten/ramen_west/2020	100
HYK2020-0869	ramen_west	ラーメン	WEST	69	らーめん専門 和海	兵庫県	兵庫県 武庫川駅	https://tabelog.com/hyogo/A2803/A280304/28031755/	28031755	https://award.tabelog.com/hyakumeiten/ramen_west/2020	100
HYK2020-0870	ramen_west	ラーメン	WEST	70	三谷製麺所 鶴橋店	大阪府	大阪府 鶴橋駅	https://tabelog.com/osaka/A2701/A270306/27058724/	27058724	https://award.tabelog.com/hyakumeiten/ramen_west/2020	100
HYK2020-0871	ramen_west	ラーメン	WEST	71	中華そば 閃	大阪府	大阪府 あびこ駅	https://tabelog.com/osaka/A2701/A270404/27061126/	27061126	https://award.tabelog.com/hyakumeiten/ramen_west/2020	100
HYK2020-0872	ramen_west	ラーメン	WEST	72	無鉄砲  大阪店	大阪府	大阪府 今宮戎駅	https://tabelog.com/osaka/A2701/A270206/27005006/	27005006	https://award.tabelog.com/hyakumeiten/ramen_west/2020	100
HYK2020-0873	ramen_west	ラーメン	WEST	73	彩色ラーメン きんせい総本家 夢風	大阪府	大阪府 高槻市	https://tabelog.com/osaka/A2706/A270604/27002131/	27002131	https://award.tabelog.com/hyakumeiten/ramen_west/2020	100
HYK2020-0874	ramen_west	ラーメン	WEST	74	麦と麺助 新梅田中津店	大阪府	大阪府 中津（大阪メトロ）駅	https://tabelog.com/osaka/A2701/A270101/27104891/	27104891	https://award.tabelog.com/hyakumeiten/ramen_west/2020	100
HYK2020-0875	ramen_west	ラーメン	WEST	75	かしや	大阪府	大阪府 玉出駅	https://tabelog.com/osaka/A2701/A270406/27052519/	27052519	https://award.tabelog.com/hyakumeiten/ramen_west/2020	100
HYK2020-0876	ramen_west	ラーメン	WEST	76	麺屋 八海山	大阪府	大阪府 高槻駅	https://tabelog.com/osaka/A2706/A270604/27061072/	27061072	https://award.tabelog.com/hyakumeiten/ramen_west/2020	100
HYK2020-0877	ramen_west	ラーメン	WEST	77	麺や 紡	大阪府	大阪府 宇野辺駅	https://tabelog.com/osaka/A2706/A270604/27064537/	27064537	https://award.tabelog.com/hyakumeiten/ramen_west/2020	100
HYK2020-0878	ramen_west	ラーメン	WEST	78	世界一暇なラーメン屋	大阪府	大阪府 渡辺橋駅	https://tabelog.com/osaka/A2701/A270102/27077402/	27077402	https://award.tabelog.com/hyakumeiten/ramen_west/2020	100
HYK2020-0879	ramen_west	ラーメン	WEST	79	福島壱麺	大阪府	大阪府 福島駅	https://tabelog.com/osaka/A2701/A270108/27079245/	27079245	https://award.tabelog.com/hyakumeiten/ramen_west/2020	100
HYK2020-0880	ramen_west	ラーメン	WEST	80	みつ星製麺所 福島本店	大阪府	大阪府 福島駅	https://tabelog.com/osaka/A2701/A270108/27057392/	27057392	https://award.tabelog.com/hyakumeiten/ramen_west/2020	100
HYK2020-0881	ramen_west	ラーメン	WEST	81	貧瞋癡	富山県	富山県 氷見市	https://tabelog.com/toyama/A1604/A160402/16001104/	16001104	https://award.tabelog.com/hyakumeiten/ramen_west/2020	100
HYK2020-0882	ramen_west	ラーメン	WEST	82	セアブラノ神 壬生本店	京都府	京都府 四条大宮駅	https://tabelog.com/kyoto/A2601/A260203/26022456/	26022456	https://award.tabelog.com/hyakumeiten/ramen_west/2020	100
HYK2020-0883	ramen_west	ラーメン	WEST	83	ラーメン坊也哲	大阪府	大阪府 若江岩田駅	https://tabelog.com/osaka/A2707/A270703/27073370/	27073370	https://award.tabelog.com/hyakumeiten/ramen_west/2020	100
HYK2020-0884	ramen_west	ラーメン	WEST	84	麺や而今 大東本店	大阪府	大阪府 鴻池新田駅	https://tabelog.com/osaka/A2707/A270704/27054613/	27054613	https://award.tabelog.com/hyakumeiten/ramen_west/2020	100
HYK2020-0885	ramen_west	ラーメン	WEST	85	ロックンビリーS1	兵庫県	兵庫県 塚口（ＪＲ）駅	https://tabelog.com/hyogo/A2803/A280304/28040893/	28040893	https://award.tabelog.com/hyakumeiten/ramen_west/2020	100
HYK2020-0886	ramen_west	ラーメン	WEST	86	新宿めんや風花	京都府	京都府 四条（京都市営）駅	https://tabelog.com/kyoto/A2601/A260201/26000827/	26000827	https://award.tabelog.com/hyakumeiten/ramen_west/2020	100
HYK2020-0887	ramen_west	ラーメン	WEST	87	鶏 soba 座銀 本店	大阪府	大阪府 肥後橋駅	https://tabelog.com/osaka/A2701/A270102/27079112/	27079112	https://award.tabelog.com/hyakumeiten/ramen_west/2020	100
HYK2020-0888	ramen_west	ラーメン	WEST	88	烈志笑魚油 麺香房 三く	大阪府	大阪府 新福島駅	https://tabelog.com/osaka/A2701/A270108/27058993/	27058993	https://award.tabelog.com/hyakumeiten/ramen_west/2020	100
HYK2020-0889	ramen_west	ラーメン	WEST	89	はまんど	香川県	香川県 三豊市	https://tabelog.com/kagawa/A3703/A370303/37000174/	37000174	https://award.tabelog.com/hyakumeiten/ramen_west/2020	100
HYK2020-0890	ramen_west	ラーメン	WEST	90	麺屋 さん田	京都府	京都府 西院（阪急）駅	https://tabelog.com/kyoto/A2601/A260401/26029285/	26029285	https://award.tabelog.com/hyakumeiten/ramen_west/2020	100
HYK2020-0891	ramen_west	ラーメン	WEST	91	大阪麺哲	大阪府	大阪府 東梅田駅	https://tabelog.com/osaka/A2701/A270101/27080479/	27080479	https://award.tabelog.com/hyakumeiten/ramen_west/2020	100
HYK2020-0892	ramen_west	ラーメン	WEST	92	麺匠而今	大阪府	大阪府 滝井駅	https://tabelog.com/osaka/A2707/A270701/27078739/	27078739	https://award.tabelog.com/hyakumeiten/ramen_west/2020	100
HYK2020-0893	ramen_west	ラーメン	WEST	93	麺屋彩々 昭和町本店	大阪府	大阪府 昭和町駅	https://tabelog.com/osaka/A2701/A270203/27059500/	27059500	https://award.tabelog.com/hyakumeiten/ramen_west/2020	100
HYK2020-0894	ramen_west	ラーメン	WEST	94	博多元気一杯!!	福岡県	福岡県 呉服町駅	https://tabelog.com/fukuoka/A4001/A400106/40000488/	40000488	https://award.tabelog.com/hyakumeiten/ramen_west/2020	100
HYK2020-0895	ramen_west	ラーメン	WEST	95	麺一盃	大阪府	大阪府 塚本駅	https://tabelog.com/osaka/A2701/A270302/27052471/	27052471	https://award.tabelog.com/hyakumeiten/ramen_west/2020	100
HYK2020-0896	ramen_west	ラーメン	WEST	96	カドヤ食堂 本店	大阪府	大阪府 西長堀駅	https://tabelog.com/osaka/A2701/A270105/27001084/	27001084	https://award.tabelog.com/hyakumeiten/ramen_west/2020	100
HYK2020-0897	ramen_west	ラーメン	WEST	97	俺のラーメン あっぱれ屋	京都府	京都府 城陽市	https://tabelog.com/kyoto/A2607/A260704/26011617/	26011617	https://award.tabelog.com/hyakumeiten/ramen_west/2020	100
HYK2020-0898	ramen_west	ラーメン	WEST	98	麺屋 極鶏	京都府	京都府 一乗寺駅	https://tabelog.com/kyoto/A2601/A260303/26017870/	26017870	https://award.tabelog.com/hyakumeiten/ramen_west/2020	100
HYK2020-0899	ramen_west	ラーメン	WEST	99	中華そば うえまち	大阪府	大阪府 谷町六丁目駅	https://tabelog.com/osaka/A2701/A270204/27069769/	27069769	https://award.tabelog.com/hyakumeiten/ramen_west/2020	100
HYK2020-0900	ramen_west	ラーメン	WEST	100	無鉄砲 本店	京都府	京都府 木津川市	https://tabelog.com/kyoto/A2607/A260705/26002160/	26002160	https://award.tabelog.com/hyakumeiten/ramen_west/2020	100
HYK2020-0901	sweets_tokyo	スイーツ	TOKYO	1	アルノー・ラエール 広尾本店	東京都	東京都 広尾駅	https://tabelog.com/tokyo/A1307/A130703/13217253/	13217253	https://award.tabelog.com/hyakumeiten/sweets_tokyo/2020	100
HYK2020-0902	sweets_tokyo	スイーツ	TOKYO	2	和kitchen かんな	東京都	東京都 三軒茶屋駅	https://tabelog.com/tokyo/A1317/A131706/13156812/	13156812	https://award.tabelog.com/hyakumeiten/sweets_tokyo/2020	100
HYK2020-0903	sweets_tokyo	スイーツ	TOKYO	3	スタイルズケイクス＆カンパニー	東京都	東京都 神保町駅	https://tabelog.com/tokyo/A1310/A131003/13125138/	13125138	https://award.tabelog.com/hyakumeiten/sweets_tokyo/2020	100
HYK2020-0904	sweets_tokyo	スイーツ	TOKYO	4	チリムーロ	東京都	東京都 代官山駅	https://tabelog.com/tokyo/A1303/A130301/13164533/	13164533	https://award.tabelog.com/hyakumeiten/sweets_tokyo/2020	100
HYK2020-0905	sweets_tokyo	スイーツ	TOKYO	5	ナタ・デ・クリスチアノ	東京都	東京都 代々木公園駅	https://tabelog.com/tokyo/A1318/A131810/13153384/	13153384	https://award.tabelog.com/hyakumeiten/sweets_tokyo/2020	100
HYK2020-0906	sweets_tokyo	スイーツ	TOKYO	6	フレデリック カッセル 銀座三越	東京都	東京都 銀座駅	https://tabelog.com/tokyo/A1301/A130101/13116839/	13116839	https://award.tabelog.com/hyakumeiten/sweets_tokyo/2020	100
HYK2020-0907	sweets_tokyo	スイーツ	TOKYO	7	ちもと	東京都	東京都 都立大学駅	https://tabelog.com/tokyo/A1317/A131702/13003218/	13003218	https://award.tabelog.com/hyakumeiten/sweets_tokyo/2020	100
HYK2020-0908	sweets_tokyo	スイーツ	TOKYO	8	パティスリー ユウ ササゲ	東京都	東京都 千歳烏山駅	https://tabelog.com/tokyo/A1318/A131809/13155662/	13155662	https://award.tabelog.com/hyakumeiten/sweets_tokyo/2020	100
HYK2020-0909	sweets_tokyo	スイーツ	TOKYO	9	ホットケーキパーラー フルフル 赤坂店	東京都	東京都 赤坂駅	https://tabelog.com/tokyo/A1308/A130801/13155288/	13155288	https://award.tabelog.com/hyakumeiten/sweets_tokyo/2020	100
HYK2020-0910	sweets_tokyo	スイーツ	TOKYO	10	PATISSERIE ASAKO IWAYANAGI	東京都	東京都 等々力駅	https://tabelog.com/tokyo/A1317/A131715/13189509/	13189509	https://award.tabelog.com/hyakumeiten/sweets_tokyo/2020	100
HYK2020-0911	sweets_tokyo	スイーツ	TOKYO	11	リュードパッシー	東京都	東京都 学芸大学駅	https://tabelog.com/tokyo/A1317/A131702/13005155/	13005155	https://award.tabelog.com/hyakumeiten/sweets_tokyo/2020	100
HYK2020-0912	sweets_tokyo	スイーツ	TOKYO	12	フィオレンティーナ ペストリーブティック	東京都	東京都 六本木駅	https://tabelog.com/tokyo/A1307/A130701/13060521/	13060521	https://award.tabelog.com/hyakumeiten/sweets_tokyo/2020	100
HYK2020-0913	sweets_tokyo	スイーツ	TOKYO	13	パティスリー カカオエット・パリ	東京都	東京都 中目黒駅	https://tabelog.com/tokyo/A1317/A131701/13039525/	13039525	https://award.tabelog.com/hyakumeiten/sweets_tokyo/2020	100
HYK2020-0914	sweets_tokyo	スイーツ	TOKYO	14	ラ・ヴィエイユ・フランス 本店	東京都	東京都 千歳烏山駅	https://tabelog.com/tokyo/A1318/A131809/13043939/	13043939	https://award.tabelog.com/hyakumeiten/sweets_tokyo/2020	100
HYK2020-0915	sweets_tokyo	スイーツ	TOKYO	15	日本橋 長門	東京都	東京都 日本橋駅	https://tabelog.com/tokyo/A1302/A130202/13011481/	13011481	https://award.tabelog.com/hyakumeiten/sweets_tokyo/2020	100
HYK2020-0916	sweets_tokyo	スイーツ	TOKYO	16	クリオロ 中目黒店	東京都	東京都 中目黒駅	https://tabelog.com/tokyo/A1317/A131701/13077927/	13077927	https://award.tabelog.com/hyakumeiten/sweets_tokyo/2020	100
HYK2020-0917	sweets_tokyo	スイーツ	TOKYO	17	パティスリー レザネフォール 恵比寿本店	東京都	東京都 代官山駅	https://tabelog.com/tokyo/A1303/A130302/13149501/	13149501	https://award.tabelog.com/hyakumeiten/sweets_tokyo/2020	100
HYK2020-0918	sweets_tokyo	スイーツ	TOKYO	18	パティスリー・パリセヴェイユ	東京都	東京都 自由が丘駅	https://tabelog.com/tokyo/A1317/A131703/13005198/	13005198	https://award.tabelog.com/hyakumeiten/sweets_tokyo/2020	100
HYK2020-0919	sweets_tokyo	スイーツ	TOKYO	19	紀の善	東京都	東京都 飯田橋駅	https://tabelog.com/tokyo/A1309/A130905/13000478/	13000478	https://award.tabelog.com/hyakumeiten/sweets_tokyo/2020	100
HYK2020-0920	sweets_tokyo	スイーツ	TOKYO	20	ラ・ファミーユ	東京都	東京都 池袋駅	https://tabelog.com/tokyo/A1305/A130501/13005624/	13005624	https://award.tabelog.com/hyakumeiten/sweets_tokyo/2020	100
HYK2020-0921	sweets_tokyo	スイーツ	TOKYO	21	エーグルドゥース	東京都	東京都 目白駅	https://tabelog.com/tokyo/A1305/A130502/13005641/	13005641	https://award.tabelog.com/hyakumeiten/sweets_tokyo/2020	100
HYK2020-0922	sweets_tokyo	スイーツ	TOKYO	22	パティスリー プレジール	東京都	東京都 西太子堂駅	https://tabelog.com/tokyo/A1317/A131706/13045491/	13045491	https://award.tabelog.com/hyakumeiten/sweets_tokyo/2020	100
HYK2020-0923	sweets_tokyo	スイーツ	TOKYO	23	千葉屋	東京都	東京都 浅草（つくばＥＸＰ）駅	https://tabelog.com/tokyo/A1311/A131102/13008691/	13008691	https://award.tabelog.com/hyakumeiten/sweets_tokyo/2020	100
HYK2020-0924	sweets_tokyo	スイーツ	TOKYO	24	アステリスク	東京都	東京都 代々木上原駅	https://tabelog.com/tokyo/A1318/A131811/13140735/	13140735	https://award.tabelog.com/hyakumeiten/sweets_tokyo/2020	100
HYK2020-0925	sweets_tokyo	スイーツ	TOKYO	25	ジェラテリア シンチェリータ	東京都	東京都 阿佐ケ谷駅	https://tabelog.com/tokyo/A1319/A131905/13108556/	13108556	https://award.tabelog.com/hyakumeiten/sweets_tokyo/2020	100
HYK2020-0926	sweets_tokyo	スイーツ	TOKYO	26	パティスリー カーヴァンソン	東京都	東京都 飯田橋駅	https://tabelog.com/tokyo/A1309/A130905/13035194/	13035194	https://award.tabelog.com/hyakumeiten/sweets_tokyo/2020	100
HYK2020-0927	sweets_tokyo	スイーツ	TOKYO	27	ロートンヌ 中野店	東京都	東京都 新江古田駅	https://tabelog.com/tokyo/A1321/A132101/13118933/	13118933	https://award.tabelog.com/hyakumeiten/sweets_tokyo/2020	100
HYK2020-0928	sweets_tokyo	スイーツ	TOKYO	28	アテスウェイ	東京都	東京都 西荻窪駅	https://tabelog.com/tokyo/A1320/A132001/13005853/	13005853	https://award.tabelog.com/hyakumeiten/sweets_tokyo/2020	100
HYK2020-0929	sweets_tokyo	スイーツ	TOKYO	29	メゾン・ダーニ	東京都	東京都 白金高輪駅	https://tabelog.com/tokyo/A1316/A131602/13183428/	13183428	https://award.tabelog.com/hyakumeiten/sweets_tokyo/2020	100
HYK2020-0930	sweets_tokyo	スイーツ	TOKYO	30	マテリエル	東京都	東京都 大山駅	https://tabelog.com/tokyo/A1322/A132203/13110008/	13110008	https://award.tabelog.com/hyakumeiten/sweets_tokyo/2020	100
HYK2020-0931	sweets_tokyo	スイーツ	TOKYO	31	瑞穂	東京都	東京都 明治神宮前駅	https://tabelog.com/tokyo/A1306/A130601/13001154/	13001154	https://award.tabelog.com/hyakumeiten/sweets_tokyo/2020	100
HYK2020-0932	sweets_tokyo	スイーツ	TOKYO	32	リョウラ	東京都	東京都 用賀駅	https://tabelog.com/tokyo/A1317/A131707/13188208/	13188208	https://award.tabelog.com/hyakumeiten/sweets_tokyo/2020	100
HYK2020-0933	sweets_tokyo	スイーツ	TOKYO	33	パティスリー SATSUKI	東京都	東京都 麹町駅	https://tabelog.com/tokyo/A1308/A130803/13000178/	13000178	https://award.tabelog.com/hyakumeiten/sweets_tokyo/2020	100
HYK2020-0934	sweets_tokyo	スイーツ	TOKYO	34	Toshi Yoroizuka Mid Town	東京都	東京都 六本木駅	https://tabelog.com/tokyo/A1307/A130701/13037382/	13037382	https://award.tabelog.com/hyakumeiten/sweets_tokyo/2020	100
HYK2020-0935	sweets_tokyo	スイーツ	TOKYO	35	松島屋	東京都	東京都 泉岳寺駅	https://tabelog.com/tokyo/A1314/A131403/13007137/	13007137	https://award.tabelog.com/hyakumeiten/sweets_tokyo/2020	100
HYK2020-0936	sweets_tokyo	スイーツ	TOKYO	36	うさぎや	東京都	東京都 上野広小路駅	https://tabelog.com/tokyo/A1311/A131101/13003599/	13003599	https://award.tabelog.com/hyakumeiten/sweets_tokyo/2020	100
HYK2020-0937	sweets_tokyo	スイーツ	TOKYO	37	浅草浪花家	東京都	東京都 浅草（つくばＥＸＰ）駅	https://tabelog.com/tokyo/A1311/A131102/13120735/	13120735	https://award.tabelog.com/hyakumeiten/sweets_tokyo/2020	100
HYK2020-0938	sweets_tokyo	スイーツ	TOKYO	38	御菓子処 さゝま	東京都	東京都 神保町駅	https://tabelog.com/tokyo/A1310/A131003/13000627/	13000627	https://award.tabelog.com/hyakumeiten/sweets_tokyo/2020	100
HYK2020-0939	sweets_tokyo	スイーツ	TOKYO	39	ジェラテリア アクオリーナ	東京都	東京都 祐天寺駅	https://tabelog.com/tokyo/A1317/A131701/13141364/	13141364	https://award.tabelog.com/hyakumeiten/sweets_tokyo/2020	100
HYK2020-0940	sweets_tokyo	スイーツ	TOKYO	40	ハリッツ 上原店	東京都	東京都 代々木上原駅	https://tabelog.com/tokyo/A1318/A131811/13023466/	13023466	https://award.tabelog.com/hyakumeiten/sweets_tokyo/2020	100
HYK2020-0941	sweets_tokyo	スイーツ	TOKYO	41	パティスリィ ドゥ・ボン・クーフゥ 武蔵小山本店	東京都	東京都 武蔵小山駅	https://tabelog.com/tokyo/A1317/A131710/13032289/	13032289	https://award.tabelog.com/hyakumeiten/sweets_tokyo/2020	100
HYK2020-0942	sweets_tokyo	スイーツ	TOKYO	42	ひみつ堂	東京都	東京都 千駄木駅	https://tabelog.com/tokyo/A1311/A131106/13126796/	13126796	https://award.tabelog.com/hyakumeiten/sweets_tokyo/2020	100
HYK2020-0943	sweets_tokyo	スイーツ	TOKYO	43	パティスリー リョーコ	東京都	東京都 高輪台駅	https://tabelog.com/tokyo/A1316/A131603/13137010/	13137010	https://award.tabelog.com/hyakumeiten/sweets_tokyo/2020	100
HYK2020-0944	sweets_tokyo	スイーツ	TOKYO	44	パティスリーサロン・ドゥ・テ アミティエ	東京都	東京都 神楽坂駅	https://tabelog.com/tokyo/A1309/A130905/13047005/	13047005	https://award.tabelog.com/hyakumeiten/sweets_tokyo/2020	100
HYK2020-0945	sweets_tokyo	スイーツ	TOKYO	45	たいやき わかば	東京都	東京都 四ツ谷駅	https://tabelog.com/tokyo/A1309/A130902/13000848/	13000848	https://award.tabelog.com/hyakumeiten/sweets_tokyo/2020	100
HYK2020-0946	sweets_tokyo	スイーツ	TOKYO	46	エシレ・メゾン デュ ブール	東京都	東京都 二重橋前駅	https://tabelog.com/tokyo/A1302/A130201/13096439/	13096439	https://award.tabelog.com/hyakumeiten/sweets_tokyo/2020	100
HYK2020-0947	sweets_tokyo	スイーツ	TOKYO	47	ラ・プレシューズ 紀尾井町店	東京都	東京都 永田町駅	https://tabelog.com/tokyo/A1308/A130801/13198490/	13198490	https://award.tabelog.com/hyakumeiten/sweets_tokyo/2020	100
HYK2020-0948	sweets_tokyo	スイーツ	TOKYO	48	リベルターブル 赤坂店	東京都	東京都 赤坂駅	https://tabelog.com/tokyo/A1308/A130801/13160987/	13160987	https://award.tabelog.com/hyakumeiten/sweets_tokyo/2020	100
HYK2020-0949	sweets_tokyo	スイーツ	TOKYO	49	パティスリー ラブリコチエ	東京都	東京都 高円寺駅	https://tabelog.com/tokyo/A1319/A131904/13100828/	13100828	https://award.tabelog.com/hyakumeiten/sweets_tokyo/2020	100
HYK2020-0950	sweets_tokyo	スイーツ	TOKYO	50	ロートンヌ 秋津本店	東京都	東京都 新秋津駅	https://tabelog.com/tokyo/A1328/A132806/13005967/	13005967	https://award.tabelog.com/hyakumeiten/sweets_tokyo/2020	100
HYK2020-0951	sweets_tokyo	スイーツ	TOKYO	51	ショコラティエ パレ ド オール 東京	東京都	東京都 大手町駅	https://tabelog.com/tokyo/A1302/A130201/13038473/	13038473	https://award.tabelog.com/hyakumeiten/sweets_tokyo/2020	100
HYK2020-0952	sweets_tokyo	スイーツ	TOKYO	52	ラデュレ サロン・ド・テ 銀座三越店	東京都	東京都 銀座駅	https://tabelog.com/tokyo/A1301/A130101/13053865/	13053865	https://award.tabelog.com/hyakumeiten/sweets_tokyo/2020	100
HYK2020-0953	sweets_tokyo	スイーツ	TOKYO	53	亀十	東京都	東京都 浅草（東武・都営・メトロ）駅	https://tabelog.com/tokyo/A1311/A131102/13003655/	13003655	https://award.tabelog.com/hyakumeiten/sweets_tokyo/2020	100
HYK2020-0954	sweets_tokyo	スイーツ	TOKYO	54	廚 菓子 くろぎ	東京都	東京都 本郷三丁目駅	https://tabelog.com/tokyo/A1310/A131004/13167993/	13167993	https://award.tabelog.com/hyakumeiten/sweets_tokyo/2020	100
HYK2020-0955	sweets_tokyo	スイーツ	TOKYO	55	西洋菓子 しろたえ	東京都	東京都 赤坂見附駅	https://tabelog.com/tokyo/A1308/A130801/13002850/	13002850	https://award.tabelog.com/hyakumeiten/sweets_tokyo/2020	100
HYK2020-0956	sweets_tokyo	スイーツ	TOKYO	56	アルカション	東京都	東京都 保谷駅	https://tabelog.com/tokyo/A1328/A132801/13023168/	13023168	https://award.tabelog.com/hyakumeiten/sweets_tokyo/2020	100
HYK2020-0957	sweets_tokyo	スイーツ	TOKYO	57	フルーツカフェ フルータス	東京都	東京都 門前仲町駅	https://tabelog.com/tokyo/A1313/A131303/13056677/	13056677	https://award.tabelog.com/hyakumeiten/sweets_tokyo/2020	100
HYK2020-0958	sweets_tokyo	スイーツ	TOKYO	58	レ・カカオ	東京都	東京都 五反田駅	https://tabelog.com/tokyo/A1316/A131603/13203619/	13203619	https://award.tabelog.com/hyakumeiten/sweets_tokyo/2020	100
HYK2020-0959	sweets_tokyo	スイーツ	TOKYO	59	北斎茶房	東京都	東京都 錦糸町駅	https://tabelog.com/tokyo/A1312/A131201/13009563/	13009563	https://award.tabelog.com/hyakumeiten/sweets_tokyo/2020	100
HYK2020-0960	sweets_tokyo	スイーツ	TOKYO	60	清寿軒	東京都	東京都 小伝馬町駅	https://tabelog.com/tokyo/A1302/A130204/13213772/	13213772	https://award.tabelog.com/hyakumeiten/sweets_tokyo/2020	100
HYK2020-0961	sweets_tokyo	スイーツ	TOKYO	61	ラトリエ モトゾー	東京都	東京都 池尻大橋駅	https://tabelog.com/tokyo/A1317/A131705/13199223/	13199223	https://award.tabelog.com/hyakumeiten/sweets_tokyo/2020	100
HYK2020-0962	sweets_tokyo	スイーツ	TOKYO	62	モンサンクレール	東京都	東京都 自由が丘駅	https://tabelog.com/tokyo/A1317/A131703/13003221/	13003221	https://award.tabelog.com/hyakumeiten/sweets_tokyo/2020	100
HYK2020-0963	sweets_tokyo	スイーツ	TOKYO	63	フランス菓子 パティシエ ショコラティエ イナムラショウゾウ	東京都	東京都 日暮里駅	https://tabelog.com/tokyo/A1311/A131105/13047298/	13047298	https://award.tabelog.com/hyakumeiten/sweets_tokyo/2020	100
HYK2020-0964	sweets_tokyo	スイーツ	TOKYO	64	アトリエコータ 神楽坂店	東京都	東京都 神楽坂駅	https://tabelog.com/tokyo/A1309/A130905/13136823/	13136823	https://award.tabelog.com/hyakumeiten/sweets_tokyo/2020	100
HYK2020-0965	sweets_tokyo	スイーツ	TOKYO	65	うさぎや	東京都	東京都 阿佐ケ谷駅	https://tabelog.com/tokyo/A1319/A131905/13000731/	13000731	https://award.tabelog.com/hyakumeiten/sweets_tokyo/2020	100
HYK2020-0966	sweets_tokyo	スイーツ	TOKYO	66	パティスリー ジュンウジタ	東京都	東京都 都立大学駅	https://tabelog.com/tokyo/A1317/A131702/13133033/	13133033	https://award.tabelog.com/hyakumeiten/sweets_tokyo/2020	100
HYK2020-0967	sweets_tokyo	スイーツ	TOKYO	67	パティスリー タダシ ヤナギ 八雲店	東京都	東京都 都立大学駅	https://tabelog.com/tokyo/A1317/A131702/13019733/	13019733	https://award.tabelog.com/hyakumeiten/sweets_tokyo/2020	100
HYK2020-0968	sweets_tokyo	スイーツ	TOKYO	68	ラ･メゾン･デュ･ショコラ 丸の内店	東京都	東京都 有楽町駅	https://tabelog.com/tokyo/A1301/A130102/13000036/	13000036	https://award.tabelog.com/hyakumeiten/sweets_tokyo/2020	100
HYK2020-0969	sweets_tokyo	スイーツ	TOKYO	69	うさぎや 本店	東京都	東京都 日本橋駅	https://tabelog.com/tokyo/A1302/A130202/13003250/	13003250	https://award.tabelog.com/hyakumeiten/sweets_tokyo/2020	100
HYK2020-0970	sweets_tokyo	スイーツ	TOKYO	70	うさぎや 中央通り店	東京都	東京都 日本橋駅	https://tabelog.com/tokyo/A1302/A130202/13041161/	13041161	https://award.tabelog.com/hyakumeiten/sweets_tokyo/2020	100
HYK2020-0971	sweets_tokyo	スイーツ	TOKYO	71	アディクト オ シュクル	東京都	東京都 都立大学駅	https://tabelog.com/tokyo/A1317/A131702/13171753/	13171753	https://award.tabelog.com/hyakumeiten/sweets_tokyo/2020	100
HYK2020-0972	sweets_tokyo	スイーツ	TOKYO	72	一幸庵	東京都	東京都 茗荷谷駅	https://tabelog.com/tokyo/A1323/A132302/13005076/	13005076	https://award.tabelog.com/hyakumeiten/sweets_tokyo/2020	100
HYK2020-0973	sweets_tokyo	スイーツ	TOKYO	73	パティスリー・スリール	東京都	東京都 祐天寺駅	https://tabelog.com/tokyo/A1317/A131701/13018799/	13018799	https://award.tabelog.com/hyakumeiten/sweets_tokyo/2020	100
HYK2020-0974	sweets_tokyo	スイーツ	TOKYO	74	ホレンディッシェ・カカオシュトゥーベ 新宿伊勢丹店	東京都	東京都 新宿三丁目駅	https://tabelog.com/tokyo/A1304/A130401/13097078/	13097078	https://award.tabelog.com/hyakumeiten/sweets_tokyo/2020	100
HYK2020-0975	sweets_tokyo	スイーツ	TOKYO	75	だるまや餅菓子店	東京都	東京都 十条駅	https://tabelog.com/tokyo/A1323/A132304/13008769/	13008769	https://award.tabelog.com/hyakumeiten/sweets_tokyo/2020	100
HYK2020-0976	sweets_tokyo	スイーツ	TOKYO	76	たいやき ひいらぎ	東京都	東京都 恵比寿駅	https://tabelog.com/tokyo/A1303/A130302/13026096/	13026096	https://award.tabelog.com/hyakumeiten/sweets_tokyo/2020	100
HYK2020-0977	sweets_tokyo	スイーツ	TOKYO	77	浪花家総本店	東京都	東京都 麻布十番駅	https://tabelog.com/tokyo/A1307/A130702/13002775/	13002775	https://award.tabelog.com/hyakumeiten/sweets_tokyo/2020	100
HYK2020-0978	sweets_tokyo	スイーツ	TOKYO	78	和栗や 谷中店	東京都	東京都 千駄木駅	https://tabelog.com/tokyo/A1311/A131106/13130539/	13130539	https://award.tabelog.com/hyakumeiten/sweets_tokyo/2020	100
HYK2020-0979	sweets_tokyo	スイーツ	TOKYO	79	シュークリー	東京都	東京都 人形町駅	https://tabelog.com/tokyo/A1302/A130204/13050996/	13050996	https://award.tabelog.com/hyakumeiten/sweets_tokyo/2020	100
HYK2020-0980	sweets_tokyo	スイーツ	TOKYO	80	志むら	東京都	東京都 目白駅	https://tabelog.com/tokyo/A1305/A130502/13003855/	13003855	https://award.tabelog.com/hyakumeiten/sweets_tokyo/2020	100
HYK2020-0981	sweets_tokyo	スイーツ	TOKYO	81	パティスリー イル・プルー・シュル・ラ・セーヌ	東京都	東京都 代官山駅	https://tabelog.com/tokyo/A1303/A130303/13001912/	13001912	https://award.tabelog.com/hyakumeiten/sweets_tokyo/2020	100
HYK2020-0982	sweets_tokyo	スイーツ	TOKYO	82	オーボンヴュータン 日本橋高島屋店	東京都	東京都 日本橋駅	https://tabelog.com/tokyo/A1302/A130202/13023670/	13023670	https://award.tabelog.com/hyakumeiten/sweets_tokyo/2020	100
HYK2020-0983	sweets_tokyo	スイーツ	TOKYO	83	クリオロ 東京本店	東京都	東京都 小竹向原駅	https://tabelog.com/tokyo/A1322/A132202/13194959/	13194959	https://award.tabelog.com/hyakumeiten/sweets_tokyo/2020	100
HYK2020-0984	sweets_tokyo	スイーツ	TOKYO	84	すずめや	東京都	東京都 池袋駅	https://tabelog.com/tokyo/A1305/A130501/13009255/	13009255	https://award.tabelog.com/hyakumeiten/sweets_tokyo/2020	100
HYK2020-0985	sweets_tokyo	スイーツ	TOKYO	85	アヴランシュ・ゲネー	東京都	東京都 春日駅	https://tabelog.com/tokyo/A1310/A131004/13186450/	13186450	https://award.tabelog.com/hyakumeiten/sweets_tokyo/2020	100
HYK2020-0986	sweets_tokyo	スイーツ	TOKYO	86	ケンズカフェ東京	東京都	東京都 新宿御苑前駅	https://tabelog.com/tokyo/A1304/A130402/13024643/	13024643	https://award.tabelog.com/hyakumeiten/sweets_tokyo/2020	100
HYK2020-0987	sweets_tokyo	スイーツ	TOKYO	87	柳屋	東京都	東京都 人形町駅	https://tabelog.com/tokyo/A1302/A130204/13003065/	13003065	https://award.tabelog.com/hyakumeiten/sweets_tokyo/2020	100
HYK2020-0988	sweets_tokyo	スイーツ	TOKYO	88	フルーツパーラーフクナガ	東京都	東京都 四谷三丁目駅	https://tabelog.com/tokyo/A1309/A130903/13006765/	13006765	https://award.tabelog.com/hyakumeiten/sweets_tokyo/2020	100
HYK2020-0989	sweets_tokyo	スイーツ	TOKYO	89	パーラー ローレル	東京都	東京都 九品仏駅	https://tabelog.com/tokyo/A1317/A131715/13003097/	13003097	https://award.tabelog.com/hyakumeiten/sweets_tokyo/2020	100
HYK2020-0990	sweets_tokyo	スイーツ	TOKYO	90	イデミスギノ	東京都	東京都 京橋駅	https://tabelog.com/tokyo/A1302/A130202/13002285/	13002285	https://award.tabelog.com/hyakumeiten/sweets_tokyo/2020	100
HYK2020-0991	sweets_tokyo	スイーツ	TOKYO	91	草月	東京都	東京都 東十条駅	https://tabelog.com/tokyo/A1323/A132304/13003793/	13003793	https://award.tabelog.com/hyakumeiten/sweets_tokyo/2020	100
HYK2020-0992	sweets_tokyo	スイーツ	TOKYO	92	フルーツパーラーゴトー	東京都	東京都 浅草（つくばＥＸＰ）駅	https://tabelog.com/tokyo/A1311/A131102/13095672/	13095672	https://award.tabelog.com/hyakumeiten/sweets_tokyo/2020	100
HYK2020-0993	sweets_tokyo	スイーツ	TOKYO	93	空也	東京都	東京都 銀座駅	https://tabelog.com/tokyo/A1301/A130101/13002591/	13002591	https://award.tabelog.com/hyakumeiten/sweets_tokyo/2020	100
HYK2020-0994	sweets_tokyo	スイーツ	TOKYO	94	レピキュリアン	東京都	東京都 吉祥寺駅	https://tabelog.com/tokyo/A1320/A132001/13005891/	13005891	https://award.tabelog.com/hyakumeiten/sweets_tokyo/2020	100
HYK2020-0995	sweets_tokyo	スイーツ	TOKYO	95	ア コテ パティスリー	東京都	東京都 白金台駅	https://tabelog.com/tokyo/A1316/A131602/13051424/	13051424	https://award.tabelog.com/hyakumeiten/sweets_tokyo/2020	100
HYK2020-0996	sweets_tokyo	スイーツ	TOKYO	96	たちばな	東京都	東京都 新橋駅	https://tabelog.com/tokyo/A1301/A130103/13022189/	13022189	https://award.tabelog.com/hyakumeiten/sweets_tokyo/2020	100
HYK2020-0997	sweets_tokyo	スイーツ	TOKYO	97	梅むら	東京都	東京都 浅草（つくばＥＸＰ）駅	https://tabelog.com/tokyo/A1311/A131102/13008698/	13008698	https://award.tabelog.com/hyakumeiten/sweets_tokyo/2020	100
HYK2020-0998	sweets_tokyo	スイーツ	TOKYO	98	ツッカベッカライ カヤヌマ	東京都	東京都 溜池山王駅	https://tabelog.com/tokyo/A1308/A130802/13002756/	13002756	https://award.tabelog.com/hyakumeiten/sweets_tokyo/2020	100
HYK2020-0999	sweets_tokyo	スイーツ	TOKYO	99	群林堂	東京都	東京都 護国寺駅	https://tabelog.com/tokyo/A1323/A132302/13003816/	13003816	https://award.tabelog.com/hyakumeiten/sweets_tokyo/2020	100
HYK2020-1000	sweets_tokyo	スイーツ	TOKYO	100	オーボンヴュータン 尾山台店	東京都	東京都 尾山台駅	https://tabelog.com/tokyo/A1317/A131715/13181654/	13181654	https://award.tabelog.com/hyakumeiten/sweets_tokyo/2020	100
HYK2020-1001	sweets_east	スイーツ	EAST	1	アン・プチ・パケ	神奈川県	神奈川県 江田駅	https://tabelog.com/kanagawa/A1401/A140201/14000173/	14000173	https://award.tabelog.com/hyakumeiten/sweets_east/2020	100
HYK2020-1002	sweets_east	スイーツ	EAST	2	レナーズ 横浜ワールドポーターズ店	神奈川県	神奈川県 馬車道駅	https://tabelog.com/kanagawa/A1401/A140103/14014796/	14014796	https://award.tabelog.com/hyakumeiten/sweets_east/2020	100
HYK2020-1003	sweets_east	スイーツ	EAST	3	マーロウ そごう横浜店	神奈川県	神奈川県 横浜駅	https://tabelog.com/kanagawa/A1401/A140101/14000083/	14000083	https://award.tabelog.com/hyakumeiten/sweets_east/2020	100
HYK2020-1004	sweets_east	スイーツ	EAST	4	ティーハウスマユール 宮崎台店	神奈川県	神奈川県 宮崎台駅	https://tabelog.com/kanagawa/A1405/A140507/14009451/	14009451	https://award.tabelog.com/hyakumeiten/sweets_east/2020	100
HYK2020-1005	sweets_east	スイーツ	EAST	5	ピエールプレシュウズ 覚王山店	愛知県	愛知県 池下駅	https://tabelog.com/aichi/A2301/A230107/23052549/	23052549	https://award.tabelog.com/hyakumeiten/sweets_east/2020	100
HYK2020-1006	sweets_east	スイーツ	EAST	6	埜庵	神奈川県	神奈川県 鵠沼海岸駅	https://tabelog.com/kanagawa/A1404/A140403/14002792/	14002792	https://award.tabelog.com/hyakumeiten/sweets_east/2020	100
HYK2020-1007	sweets_east	スイーツ	EAST	7	ナッシュカッツェ	神奈川県	神奈川県 江田駅	https://tabelog.com/kanagawa/A1401/A140201/14010007/	14010007	https://award.tabelog.com/hyakumeiten/sweets_east/2020	100
HYK2020-1008	sweets_east	スイーツ	EAST	8	みのわ	神奈川県	神奈川県 鎌倉駅	https://tabelog.com/kanagawa/A1404/A140402/14002574/	14002574	https://award.tabelog.com/hyakumeiten/sweets_east/2020	100
HYK2020-1009	sweets_east	スイーツ	EAST	9	平五郎 本店	長野県	長野県 長野市	https://tabelog.com/nagano/A2001/A200101/20015759/	20015759	https://award.tabelog.com/hyakumeiten/sweets_east/2020	100
HYK2020-1010	sweets_east	スイーツ	EAST	10	川口屋	愛知県	愛知県 栄（名古屋）駅	https://tabelog.com/aichi/A2301/A230103/23027478/	23027478	https://award.tabelog.com/hyakumeiten/sweets_east/2020	100
HYK2020-1011	sweets_east	スイーツ	EAST	11	フォルテシモ アッシュ	愛知県	愛知県 池下駅	https://tabelog.com/aichi/A2301/A230106/23004369/	23004369	https://award.tabelog.com/hyakumeiten/sweets_east/2020	100
HYK2020-1012	sweets_east	スイーツ	EAST	12	フルーツパーラー 弘法屋 池下店	愛知県	愛知県 池下駅	https://tabelog.com/aichi/A2301/A230106/23020841/	23020841	https://award.tabelog.com/hyakumeiten/sweets_east/2020	100
HYK2020-1013	sweets_east	スイーツ	EAST	13	ツバメヤ 柳ヶ瀬本店	岐阜県	岐阜県 岐阜市	https://tabelog.com/gifu/A2101/A210101/21009683/	21009683	https://award.tabelog.com/hyakumeiten/sweets_east/2020	100
HYK2020-1014	sweets_east	スイーツ	EAST	14	アルカイク	埼玉県	埼玉県 川口市	https://tabelog.com/saitama/A1102/A110201/11000266/	11000266	https://award.tabelog.com/hyakumeiten/sweets_east/2020	100
HYK2020-1015	sweets_east	スイーツ	EAST	15	細井	埼玉県	埼玉県 春日部市	https://tabelog.com/saitama/A1102/A110204/11022003/	11022003	https://award.tabelog.com/hyakumeiten/sweets_east/2020	100
HYK2020-1016	sweets_east	スイーツ	EAST	16	ミッシェル・ブラン JR名古屋高島屋	愛知県	愛知県 名古屋駅	https://tabelog.com/aichi/A2301/A230101/23036323/	23036323	https://award.tabelog.com/hyakumeiten/sweets_east/2020	100
HYK2020-1017	sweets_east	スイーツ	EAST	17	山田家	山形県	山形県 山形市	https://tabelog.com/yamagata/A0601/A060101/6000124/	6000124	https://award.tabelog.com/hyakumeiten/sweets_east/2020	100
HYK2020-1018	sweets_east	スイーツ	EAST	18	ピエール マルコリーニ 名古屋	愛知県	愛知県 名鉄名古屋駅	https://tabelog.com/aichi/A2301/A230101/23004138/	23004138	https://award.tabelog.com/hyakumeiten/sweets_east/2020	100
HYK2020-1019	sweets_east	スイーツ	EAST	19	アトリエうかい たまプラーザ	神奈川県	神奈川県 たまプラーザ駅	https://tabelog.com/kanagawa/A1401/A140201/14054070/	14054070	https://award.tabelog.com/hyakumeiten/sweets_east/2020	100
HYK2020-1020	sweets_east	スイーツ	EAST	20	栗の木テラス 小布施店	長野県	長野県 上高井郡小布施町	https://tabelog.com/nagano/A2001/A200106/20000669/	20000669	https://award.tabelog.com/hyakumeiten/sweets_east/2020	100
HYK2020-1021	sweets_east	スイーツ	EAST	21	スイーツガーデン ユウジアジキ	神奈川県	神奈川県 北山田駅	https://tabelog.com/kanagawa/A1401/A140203/14035784/	14035784	https://award.tabelog.com/hyakumeiten/sweets_east/2020	100
HYK2020-1022	sweets_east	スイーツ	EAST	22	ピエールプレシュウズ 本店	愛知県	愛知県 長久手市	https://tabelog.com/aichi/A2303/A230302/23000859/	23000859	https://award.tabelog.com/hyakumeiten/sweets_east/2020	100
HYK2020-1023	sweets_east	スイーツ	EAST	23	芳光	愛知県	愛知県 森下駅	https://tabelog.com/aichi/A2301/A230110/23001413/	23001413	https://award.tabelog.com/hyakumeiten/sweets_east/2020	100
HYK2020-1024	sweets_east	スイーツ	EAST	24	Patisserie Rond-to	長野県	長野県 上高井郡小布施町	https://tabelog.com/nagano/A2001/A200106/20006070/	20006070	https://award.tabelog.com/hyakumeiten/sweets_east/2020	100
HYK2020-1025	sweets_east	スイーツ	EAST	25	ピネキ	千葉県	千葉県 館山市	https://tabelog.com/chiba/A1207/A120704/12005224/	12005224	https://award.tabelog.com/hyakumeiten/sweets_east/2020	100
HYK2020-1026	sweets_east	スイーツ	EAST	26	パティスリーアプラノス	埼玉県	埼玉県 武蔵浦和駅	https://tabelog.com/saitama/A1101/A110102/11027913/	11027913	https://award.tabelog.com/hyakumeiten/sweets_east/2020	100
HYK2020-1027	sweets_east	スイーツ	EAST	27	村上屋餅店	宮城県	宮城県 五橋駅	https://tabelog.com/miyagi/A0401/A040101/4000119/	4000119	https://award.tabelog.com/hyakumeiten/sweets_east/2020	100
HYK2020-1028	sweets_east	スイーツ	EAST	28	三日月氷菓店	千葉県	千葉県 柏駅	https://tabelog.com/chiba/A1203/A120301/12023093/	12023093	https://award.tabelog.com/hyakumeiten/sweets_east/2020	100
HYK2020-1029	sweets_east	スイーツ	EAST	29	ル・パティシエ ヨコヤマ 谷津店	千葉県	千葉県 谷津駅	https://tabelog.com/chiba/A1202/A120204/12000255/	12000255	https://award.tabelog.com/hyakumeiten/sweets_east/2020	100
HYK2020-1030	sweets_east	スイーツ	EAST	30	七福	岐阜県	岐阜県 中津川市	https://tabelog.com/gifu/A2103/A210303/21000992/	21000992	https://award.tabelog.com/hyakumeiten/sweets_east/2020	100
HYK2020-1031	sweets_east	スイーツ	EAST	31	シェ・シバタ 名古屋	愛知県	愛知県 覚王山駅	https://tabelog.com/aichi/A2301/A230107/23001565/	23001565	https://award.tabelog.com/hyakumeiten/sweets_east/2020	100
HYK2020-1032	sweets_east	スイーツ	EAST	32	フラノデリス	北海道	北海道 富良野市	https://tabelog.com/hokkaido/A0104/A010403/1000940/	1000940	https://award.tabelog.com/hyakumeiten/sweets_east/2020	100
HYK2020-1033	sweets_east	スイーツ	EAST	33	リリエンベルグ	神奈川県	神奈川県 川崎市麻生区	https://tabelog.com/kanagawa/A1405/A140508/14000034/	14000034	https://award.tabelog.com/hyakumeiten/sweets_east/2020	100
HYK2020-1034	sweets_east	スイーツ	EAST	34	ル・パティシエ ヨコヤマ 京成大久保店	千葉県	千葉県 京成大久保駅	https://tabelog.com/chiba/A1202/A120204/12000513/	12000513	https://award.tabelog.com/hyakumeiten/sweets_east/2020	100
HYK2020-1035	sweets_east	スイーツ	EAST	35	アンジェリック ヴォヤージュ	北海道	北海道 函館市	https://tabelog.com/hokkaido/A0105/A010501/1026155/	1026155	https://award.tabelog.com/hyakumeiten/sweets_east/2020	100
HYK2020-1036	sweets_east	スイーツ	EAST	36	パティスリーシイヤ	北海道	北海道 西２８丁目駅	https://tabelog.com/hokkaido/A0101/A010105/1000154/	1000154	https://award.tabelog.com/hyakumeiten/sweets_east/2020	100
HYK2020-1037	sweets_east	スイーツ	EAST	37	ツバメヤ 大名古屋ビルヂング店	愛知県	愛知県 名鉄名古屋駅	https://tabelog.com/aichi/A2301/A230101/23059315/	23059315	https://award.tabelog.com/hyakumeiten/sweets_east/2020	100
HYK2020-1038	sweets_east	スイーツ	EAST	38	フランス焼菓子 シャンドゥリエ	愛知県	愛知県 丸の内駅	https://tabelog.com/aichi/A2301/A230101/23037600/	23037600	https://award.tabelog.com/hyakumeiten/sweets_east/2020	100
HYK2020-1039	sweets_east	スイーツ	EAST	39	覚王山 吉芋 名古屋駅店	愛知県	愛知県 名鉄名古屋駅	https://tabelog.com/aichi/A2301/A230101/23031418/	23031418	https://award.tabelog.com/hyakumeiten/sweets_east/2020	100
HYK2020-1040	sweets_east	スイーツ	EAST	40	バニラビーンズ みなとみらい本店	神奈川県	神奈川県 馬車道駅	https://tabelog.com/kanagawa/A1401/A140103/14053382/	14053382	https://award.tabelog.com/hyakumeiten/sweets_east/2020	100
HYK2020-1041	sweets_east	スイーツ	EAST	41	パティスリー オランジュ	埼玉県	埼玉県 朝霞台駅	https://tabelog.com/saitama/A1103/A110301/11024456/	11024456	https://award.tabelog.com/hyakumeiten/sweets_east/2020	100
HYK2020-1042	sweets_east	スイーツ	EAST	42	パティスリーグラム	愛知県	愛知県 東山公園駅	https://tabelog.com/aichi/A2301/A230107/23042366/	23042366	https://award.tabelog.com/hyakumeiten/sweets_east/2020	100
HYK2020-1043	sweets_east	スイーツ	EAST	43	エチエンヌ	神奈川県	神奈川県 新百合ケ丘駅	https://tabelog.com/kanagawa/A1405/A140508/14042063/	14042063	https://award.tabelog.com/hyakumeiten/sweets_east/2020	100
HYK2020-1044	sweets_east	スイーツ	EAST	44	阿左美冷蔵 金崎本店	埼玉県	埼玉県 上長瀞駅	https://tabelog.com/saitama/A1107/A110704/11000259/	11000259	https://award.tabelog.com/hyakumeiten/sweets_east/2020	100
HYK2020-1045	sweets_east	スイーツ	EAST	45	歐林洞 鎌倉本店	神奈川県	神奈川県 鎌倉市	https://tabelog.com/kanagawa/A1404/A140402/14001686/	14001686	https://award.tabelog.com/hyakumeiten/sweets_east/2020	100
HYK2020-1046	sweets_east	スイーツ	EAST	46	シャンドワゾー	埼玉県	埼玉県 川口駅	https://tabelog.com/saitama/A1102/A110201/11025121/	11025121	https://award.tabelog.com/hyakumeiten/sweets_east/2020	100
HYK2020-1047	sweets_east	スイーツ	EAST	47	ミセスエリザベスマフィン ランドマークプラザ店	神奈川県	神奈川県 みなとみらい駅	https://tabelog.com/kanagawa/A1401/A140103/14002570/	14002570	https://award.tabelog.com/hyakumeiten/sweets_east/2020	100
HYK2020-1048	sweets_east	スイーツ	EAST	48	覚王山 吉芋 本店	愛知県	愛知県 覚王山駅	https://tabelog.com/aichi/A2301/A230107/23003953/	23003953	https://award.tabelog.com/hyakumeiten/sweets_east/2020	100
HYK2020-1049	sweets_east	スイーツ	EAST	49	ちもと 駅前通り店	神奈川県	神奈川県 箱根湯本駅	https://tabelog.com/kanagawa/A1410/A141001/14011112/	14011112	https://award.tabelog.com/hyakumeiten/sweets_east/2020	100
HYK2020-1050	sweets_east	スイーツ	EAST	50	茶屋赤鰐	岐阜県	岐阜県 岐阜市	https://tabelog.com/gifu/A2101/A210101/21000111/	21000111	https://award.tabelog.com/hyakumeiten/sweets_east/2020	100
HYK2020-1051	sweets_east	スイーツ	EAST	51	パティスリー アン	愛知県	愛知県 稲沢市	https://tabelog.com/aichi/A2302/A230201/23041407/	23041407	https://award.tabelog.com/hyakumeiten/sweets_east/2020	100
HYK2020-1052	sweets_east	スイーツ	EAST	52	ハッピーベリー	福島県	福島県 西白河郡矢吹町	https://tabelog.com/fukushima/A0703/A070301/7006158/	7006158	https://award.tabelog.com/hyakumeiten/sweets_east/2020	100
HYK2020-1053	sweets_east	スイーツ	EAST	53	ミルク村 SAPPORO本店	北海道	北海道 すすきの（市営）駅	https://tabelog.com/hokkaido/A0101/A010103/1000194/	1000194	https://award.tabelog.com/hyakumeiten/sweets_east/2020	100
HYK2020-1054	sweets_east	スイーツ	EAST	54	喜久家洋菓子舗	神奈川県	神奈川県 元町・中華街駅	https://tabelog.com/kanagawa/A1401/A140105/14002810/	14002810	https://award.tabelog.com/hyakumeiten/sweets_east/2020	100
HYK2020-1055	sweets_east	スイーツ	EAST	55	ケーキショップ コフレ	神奈川県	神奈川県 みなとみらい駅	https://tabelog.com/kanagawa/A1401/A140103/14000632/	14000632	https://award.tabelog.com/hyakumeiten/sweets_east/2020	100
HYK2020-1056	sweets_east	スイーツ	EAST	56	たい焼き なみへい	神奈川県	神奈川県 由比ケ浜駅	https://tabelog.com/kanagawa/A1404/A140402/14032944/	14032944	https://award.tabelog.com/hyakumeiten/sweets_east/2020	100
HYK2020-1057	sweets_east	スイーツ	EAST	57	オ・プティ・マタン	神奈川県	神奈川県 横浜市金沢区	https://tabelog.com/kanagawa/A1401/A140310/14011336/	14011336	https://award.tabelog.com/hyakumeiten/sweets_east/2020	100
HYK2020-1058	sweets_east	スイーツ	EAST	58	パティスリー イケダ	神奈川県	神奈川県 センター南駅	https://tabelog.com/kanagawa/A1401/A140203/14038154/	14038154	https://award.tabelog.com/hyakumeiten/sweets_east/2020	100
HYK2020-1059	sweets_east	スイーツ	EAST	59	梵くら	宮城県	宮城県 大町西公園駅	https://tabelog.com/miyagi/A0401/A040101/4013005/	4013005	https://award.tabelog.com/hyakumeiten/sweets_east/2020	100
HYK2020-1060	sweets_east	スイーツ	EAST	60	カズノリ イケダ アンディヴィデュエル 南町通店	宮城県	宮城県 青葉通一番町駅	https://tabelog.com/miyagi/A0401/A040101/4012124/	4012124	https://award.tabelog.com/hyakumeiten/sweets_east/2020	100
HYK2020-1061	sweets_east	スイーツ	EAST	61	ムラタ	宮城県	宮城県 多賀城市	https://tabelog.com/miyagi/A0404/A040404/4002939/	4002939	https://award.tabelog.com/hyakumeiten/sweets_east/2020	100
HYK2020-1062	sweets_east	スイーツ	EAST	62	CALVA	神奈川県	神奈川県 大船駅	https://tabelog.com/kanagawa/A1404/A140401/14030857/	14030857	https://award.tabelog.com/hyakumeiten/sweets_east/2020	100
HYK2020-1063	sweets_east	スイーツ	EAST	63	Paris パイ	新潟県	新潟県 長岡市	https://tabelog.com/niigata/A1502/A150201/15002650/	15002650	https://award.tabelog.com/hyakumeiten/sweets_east/2020	100
HYK2020-1064	sweets_east	スイーツ	EAST	64	オークウッド	埼玉県	埼玉県 春日部市	https://tabelog.com/saitama/A1102/A110204/11000265/	11000265	https://award.tabelog.com/hyakumeiten/sweets_east/2020	100
HYK2020-1065	sweets_east	スイーツ	EAST	65	アングランパ	埼玉県	埼玉県 さいたま新都心駅	https://tabelog.com/saitama/A1101/A110101/11035130/	11035130	https://award.tabelog.com/hyakumeiten/sweets_east/2020	100
HYK2020-1066	sweets_east	スイーツ	EAST	66	Bébé	愛知県	愛知県 愛知郡東郷町	https://tabelog.com/aichi/A2303/A230302/23044273/	23044273	https://award.tabelog.com/hyakumeiten/sweets_east/2020	100
HYK2020-1067	sweets_east	スイーツ	EAST	67	茶房 雲母	神奈川県	神奈川県 鎌倉駅	https://tabelog.com/kanagawa/A1404/A140402/14000248/	14000248	https://award.tabelog.com/hyakumeiten/sweets_east/2020	100
HYK2020-1068	sweets_east	スイーツ	EAST	68	栗きんとん本家 すや 本店	岐阜県	岐阜県 中津川市	https://tabelog.com/gifu/A2103/A210303/21000030/	21000030	https://award.tabelog.com/hyakumeiten/sweets_east/2020	100
HYK2020-1069	sweets_east	スイーツ	EAST	69	桔梗屋 本社	山梨県	山梨県 笛吹市	https://tabelog.com/yamanashi/A1901/A190103/19000866/	19000866	https://award.tabelog.com/hyakumeiten/sweets_east/2020	100
HYK2020-1070	sweets_east	スイーツ	EAST	70	ロア レギューム 朝霞本店	埼玉県	埼玉県 志木駅	https://tabelog.com/saitama/A1103/A110302/11000029/	11000029	https://award.tabelog.com/hyakumeiten/sweets_east/2020	100
HYK2020-1071	sweets_east	スイーツ	EAST	71	ジェラテリア・イル・ブリガンテ	神奈川県	神奈川県 鎌倉駅	https://tabelog.com/kanagawa/A1404/A140402/14011873/	14011873	https://award.tabelog.com/hyakumeiten/sweets_east/2020	100
HYK2020-1072	sweets_east	スイーツ	EAST	72	菓匠 花桔梗 本店	愛知県	愛知県 瑞穂区役所駅	https://tabelog.com/aichi/A2301/A230112/23001344/	23001344	https://award.tabelog.com/hyakumeiten/sweets_east/2020	100
HYK2020-1073	sweets_east	スイーツ	EAST	73	シュトラウス	青森県	青森県 青森市	https://tabelog.com/aomori/A0201/A020101/2000092/	2000092	https://award.tabelog.com/hyakumeiten/sweets_east/2020	100
HYK2020-1074	sweets_east	スイーツ	EAST	74	栗きんとん本家 すや JR名古屋高島屋・直営店	愛知県	愛知県 名古屋駅	https://tabelog.com/aichi/A2301/A230101/23009929/	23009929	https://award.tabelog.com/hyakumeiten/sweets_east/2020	100
HYK2020-1075	sweets_east	スイーツ	EAST	75	腰掛庵	山形県	山形県 天童市	https://tabelog.com/yamagata/A0605/A060501/6000084/	6000084	https://award.tabelog.com/hyakumeiten/sweets_east/2020	100
HYK2020-1076	sweets_east	スイーツ	EAST	76	SE1	神奈川県	神奈川県 江ノ島駅	https://tabelog.com/kanagawa/A1404/A140403/14029135/	14029135	https://award.tabelog.com/hyakumeiten/sweets_east/2020	100
HYK2020-1077	sweets_east	スイーツ	EAST	77	ハーベスト ナガイファーム 軽井沢店	長野県	長野県 北佐久郡軽井沢町	https://tabelog.com/nagano/A2003/A200301/20009286/	20009286	https://award.tabelog.com/hyakumeiten/sweets_east/2020	100
HYK2020-1078	sweets_east	スイーツ	EAST	78	アカシエ 浦和店	埼玉県	埼玉県 浦和駅	https://tabelog.com/saitama/A1101/A110102/11003500/	11003500	https://award.tabelog.com/hyakumeiten/sweets_east/2020	100
HYK2020-1079	sweets_east	スイーツ	EAST	79	シンフラ	埼玉県	埼玉県 柳瀬川駅	https://tabelog.com/saitama/A1103/A110302/11035335/	11035335	https://award.tabelog.com/hyakumeiten/sweets_east/2020	100
HYK2020-1080	sweets_east	スイーツ	EAST	80	とらや工房	静岡県	静岡県 御殿場市	https://tabelog.com/shizuoka/A2204/A220402/22004106/	22004106	https://award.tabelog.com/hyakumeiten/sweets_east/2020	100
HYK2020-1081	sweets_east	スイーツ	EAST	81	松月氷室	栃木県	栃木県 日光市	https://tabelog.com/tochigi/A0903/A090302/9003227/	9003227	https://award.tabelog.com/hyakumeiten/sweets_east/2020	100
HYK2020-1082	sweets_east	スイーツ	EAST	82	ベルグの４月 本店	神奈川県	神奈川県 たまプラーザ駅	https://tabelog.com/kanagawa/A1401/A140201/14000432/	14000432	https://award.tabelog.com/hyakumeiten/sweets_east/2020	100
HYK2020-1083	sweets_east	スイーツ	EAST	83	甘酒茶屋	神奈川県	神奈川県 足柄下郡箱根町	https://tabelog.com/kanagawa/A1410/A141001/14001260/	14001260	https://award.tabelog.com/hyakumeiten/sweets_east/2020	100
HYK2020-1084	sweets_east	スイーツ	EAST	84	すや 西木	岐阜県	岐阜県 中津川市	https://tabelog.com/gifu/A2103/A210303/21000352/	21000352	https://award.tabelog.com/hyakumeiten/sweets_east/2020	100
HYK2020-1085	sweets_east	スイーツ	EAST	85	ハウス オブ フレーバーズ	神奈川県	神奈川県 西鎌倉駅	https://tabelog.com/kanagawa/A1404/A140402/14001208/	14001208	https://award.tabelog.com/hyakumeiten/sweets_east/2020	100
HYK2020-1086	sweets_east	スイーツ	EAST	86	Patisserie 雪乃下  鎌倉本店	神奈川県	神奈川県 鎌倉駅	https://tabelog.com/kanagawa/A1404/A140402/14007483/	14007483	https://award.tabelog.com/hyakumeiten/sweets_east/2020	100
HYK2020-1087	sweets_east	スイーツ	EAST	87	パブロフ 元町本店	神奈川県	神奈川県 元町・中華街駅	https://tabelog.com/kanagawa/A1401/A140105/14046956/	14046956	https://award.tabelog.com/hyakumeiten/sweets_east/2020	100
HYK2020-1088	sweets_east	スイーツ	EAST	88	カプセルモンスター	北海道	北海道 西１５丁目駅	https://tabelog.com/hokkaido/A0101/A010102/1041432/	1041432	https://award.tabelog.com/hyakumeiten/sweets_east/2020	100
HYK2020-1089	sweets_east	スイーツ	EAST	89	一夜城 ヨロイヅカ・ファーム	神奈川県	神奈川県 小田原市	https://tabelog.com/kanagawa/A1409/A140901/14043156/	14043156	https://award.tabelog.com/hyakumeiten/sweets_east/2020	100
HYK2020-1090	sweets_east	スイーツ	EAST	90	パティスリー ロタンティック	埼玉県	埼玉県 南浦和駅	https://tabelog.com/saitama/A1101/A110102/11035023/	11035023	https://award.tabelog.com/hyakumeiten/sweets_east/2020	100
HYK2020-1091	sweets_east	スイーツ	EAST	91	パティスリー アヴァロン	愛知県	愛知県 八事駅	https://tabelog.com/aichi/A2301/A230108/23046476/	23046476	https://award.tabelog.com/hyakumeiten/sweets_east/2020	100
HYK2020-1092	sweets_east	スイーツ	EAST	92	小倉屋	茨城県	茨城県 水戸市	https://tabelog.com/ibaraki/A0801/A080101/8000238/	8000238	https://award.tabelog.com/hyakumeiten/sweets_east/2020	100
HYK2020-1093	sweets_east	スイーツ	EAST	93	川上屋 本店	岐阜県	岐阜県 中津川市	https://tabelog.com/gifu/A2103/A210303/21000034/	21000034	https://award.tabelog.com/hyakumeiten/sweets_east/2020	100
HYK2020-1094	sweets_east	スイーツ	EAST	94	赤福茶屋 ジェイアール名古屋タカシマヤ店	愛知県	愛知県 名古屋駅	https://tabelog.com/aichi/A2301/A230101/23000989/	23000989	https://award.tabelog.com/hyakumeiten/sweets_east/2020	100
HYK2020-1095	sweets_east	スイーツ	EAST	95	fika.	愛知県	愛知県 覚王山駅	https://tabelog.com/aichi/A2301/A230107/23009514/	23009514	https://award.tabelog.com/hyakumeiten/sweets_east/2020	100
HYK2020-1096	sweets_east	スイーツ	EAST	96	アボンドンス	静岡県	静岡県 浜松市中区	https://tabelog.com/shizuoka/A2202/A220201/22003393/	22003393	https://award.tabelog.com/hyakumeiten/sweets_east/2020	100
HYK2020-1097	sweets_east	スイーツ	EAST	97	納言志るこ店	神奈川県	神奈川県 鎌倉駅	https://tabelog.com/kanagawa/A1404/A140402/14001525/	14001525	https://award.tabelog.com/hyakumeiten/sweets_east/2020	100
HYK2020-1098	sweets_east	スイーツ	EAST	98	ピュイサンス	神奈川県	神奈川県 横浜市青葉区	https://tabelog.com/kanagawa/A1401/A140202/14003354/	14003354	https://award.tabelog.com/hyakumeiten/sweets_east/2020	100
HYK2020-1099	sweets_east	スイーツ	EAST	99	グランディール アンサンブル	神奈川県	神奈川県 鎌倉駅	https://tabelog.com/kanagawa/A1404/A140402/14061044/	14061044	https://award.tabelog.com/hyakumeiten/sweets_east/2020	100
HYK2020-1100	sweets_east	スイーツ	EAST	100	プレリュード 福光店	岐阜県	岐阜県 岐阜市	https://tabelog.com/gifu/A2101/A210101/21008360/	21008360	https://award.tabelog.com/hyakumeiten/sweets_east/2020	100
HYK2020-1101	sweets_west	スイーツ	WEST	1	マツシタキッチン	大阪府	大阪府 玉造（ＪＲ）駅	https://tabelog.com/osaka/A2701/A270204/27066981/	27066981	https://award.tabelog.com/hyakumeiten/sweets_west/2020	100
HYK2020-1102	sweets_west	スイーツ	WEST	2	パティスリー ショコラトリー オーディネール	大阪府	大阪府 桜川駅	https://tabelog.com/osaka/A2701/A270201/27076593/	27076593	https://award.tabelog.com/hyakumeiten/sweets_west/2020	100
HYK2020-1103	sweets_west	スイーツ	WEST	3	みやけ 旧鴻池邸表屋	奈良県	奈良県 奈良市	https://tabelog.com/nara/A2901/A290102/29004637/	29004637	https://award.tabelog.com/hyakumeiten/sweets_west/2020	100
HYK2020-1104	sweets_west	スイーツ	WEST	4	パティスリー タンドレス	京都府	京都府 一乗寺駅	https://tabelog.com/kyoto/A2601/A260303/26003706/	26003706	https://award.tabelog.com/hyakumeiten/sweets_west/2020	100
HYK2020-1105	sweets_west	スイーツ	WEST	5	出町ふたば	京都府	京都府 出町柳駅	https://tabelog.com/kyoto/A2601/A260302/26001520/	26001520	https://award.tabelog.com/hyakumeiten/sweets_west/2020	100
HYK2020-1106	sweets_west	スイーツ	WEST	6	茶房いせはん	京都府	京都府 出町柳駅	https://tabelog.com/kyoto/A2601/A260302/26001023/	26001023	https://award.tabelog.com/hyakumeiten/sweets_west/2020	100
HYK2020-1107	sweets_west	スイーツ	WEST	7	サロン・ド・テ・ジャマン	大阪府	大阪府 茨木市駅	https://tabelog.com/osaka/A2706/A270604/27012523/	27012523	https://award.tabelog.com/hyakumeiten/sweets_west/2020	100
HYK2020-1108	sweets_west	スイーツ	WEST	8	木と根	京都府	京都府 四条（京都市営）駅	https://tabelog.com/kyoto/A2601/A260201/26005984/	26005984	https://award.tabelog.com/hyakumeiten/sweets_west/2020	100
HYK2020-1109	sweets_west	スイーツ	WEST	9	サロン・ド・ロワイヤル 京都店	京都府	京都府 京都市役所前駅	https://tabelog.com/kyoto/A2601/A260202/26021798/	26021798	https://award.tabelog.com/hyakumeiten/sweets_west/2020	100
HYK2020-1110	sweets_west	スイーツ	WEST	10	甘納豆かわむら	石川県	石川県 金沢市	https://tabelog.com/ishikawa/A1701/A170101/17000514/	17000514	https://award.tabelog.com/hyakumeiten/sweets_west/2020	100
HYK2020-1111	sweets_west	スイーツ	WEST	11	嘯月	京都府	京都府 北大路駅	https://tabelog.com/kyoto/A2601/A260503/26001672/	26001672	https://award.tabelog.com/hyakumeiten/sweets_west/2020	100
HYK2020-1112	sweets_west	スイーツ	WEST	12	ジャック 大濠店	福岡県	福岡県 大濠公園駅	https://tabelog.com/fukuoka/A4001/A400105/40025283/	40025283	https://award.tabelog.com/hyakumeiten/sweets_west/2020	100
HYK2020-1113	sweets_west	スイーツ	WEST	13	フランス菓子16区	福岡県	福岡県 薬院大通駅	https://tabelog.com/fukuoka/A4001/A400104/40000550/	40000550	https://award.tabelog.com/hyakumeiten/sweets_west/2020	100
HYK2020-1114	sweets_west	スイーツ	WEST	14	かざりや	京都府	京都府 京都市北区	https://tabelog.com/kyoto/A2601/A260503/26001670/	26001670	https://award.tabelog.com/hyakumeiten/sweets_west/2020	100
HYK2020-1115	sweets_west	スイーツ	WEST	15	エシレ・マルシェ オ ブール	大阪府	大阪府 梅田駅	https://tabelog.com/osaka/A2701/A270101/27068734/	27068734	https://award.tabelog.com/hyakumeiten/sweets_west/2020	100
HYK2020-1116	sweets_west	スイーツ	WEST	16	ミッシェルバッハ	兵庫県	兵庫県 夙川駅	https://tabelog.com/hyogo/A2803/A280301/28001388/	28001388	https://award.tabelog.com/hyakumeiten/sweets_west/2020	100
HYK2020-1117	sweets_west	スイーツ	WEST	17	シェ・アガタ	京都府	京都府 三室戸駅	https://tabelog.com/kyoto/A2607/A260701/26009042/	26009042	https://award.tabelog.com/hyakumeiten/sweets_west/2020	100
HYK2020-1118	sweets_west	スイーツ	WEST	18	亀末廣	京都府	京都府 烏丸御池駅	https://tabelog.com/kyoto/A2601/A260202/26000641/	26000641	https://award.tabelog.com/hyakumeiten/sweets_west/2020	100
HYK2020-1119	sweets_west	スイーツ	WEST	19	サロン・ド・テ・アルション 法善寺本店	大阪府	大阪府 大阪難波駅	https://tabelog.com/osaka/A2701/A270202/27001538/	27001538	https://award.tabelog.com/hyakumeiten/sweets_west/2020	100
HYK2020-1120	sweets_west	スイーツ	WEST	20	洛叉庵	京都府	京都府 北大路駅	https://tabelog.com/kyoto/A2601/A260503/26012788/	26012788	https://award.tabelog.com/hyakumeiten/sweets_west/2020	100
HYK2020-1121	sweets_west	スイーツ	WEST	21	岩村もみじ屋	広島県	広島県 廿日市市	https://tabelog.com/hiroshima/A3402/A340202/34001087/	34001087	https://award.tabelog.com/hyakumeiten/sweets_west/2020	100
HYK2020-1122	sweets_west	スイーツ	WEST	22	大阪浪花家	大阪府	大阪府 中崎町駅	https://tabelog.com/osaka/A2701/A270101/27069919/	27069919	https://award.tabelog.com/hyakumeiten/sweets_west/2020	100
HYK2020-1123	sweets_west	スイーツ	WEST	23	カフェ フェイト	大阪府	大阪府 天神橋筋六丁目駅	https://tabelog.com/osaka/A2701/A270103/27076635/	27076635	https://award.tabelog.com/hyakumeiten/sweets_west/2020	100
HYK2020-1124	sweets_west	スイーツ	WEST	24	グラン・ヴァニーユ	京都府	京都府 烏丸御池駅	https://tabelog.com/kyoto/A2601/A260202/26017389/	26017389	https://award.tabelog.com/hyakumeiten/sweets_west/2020	100
HYK2020-1125	sweets_west	スイーツ	WEST	25	萬御菓子誂處 樫舎	奈良県	奈良県 奈良市	https://tabelog.com/nara/A2901/A290101/29002296/	29002296	https://award.tabelog.com/hyakumeiten/sweets_west/2020	100
HYK2020-1126	sweets_west	スイーツ	WEST	26	レ・プティット・パピヨット	大阪府	大阪府 肥後橋駅	https://tabelog.com/osaka/A2701/A270102/27064714/	27064714	https://award.tabelog.com/hyakumeiten/sweets_west/2020	100
HYK2020-1127	sweets_west	スイーツ	WEST	27	みつばち	京都府	京都府 出町柳駅	https://tabelog.com/kyoto/A2601/A260302/26002128/	26002128	https://award.tabelog.com/hyakumeiten/sweets_west/2020	100
HYK2020-1128	sweets_west	スイーツ	WEST	28	中村軒	京都府	京都府 桂駅	https://tabelog.com/kyoto/A2601/A260401/26001883/	26001883	https://award.tabelog.com/hyakumeiten/sweets_west/2020	100
HYK2020-1129	sweets_west	スイーツ	WEST	29	ショコラティエ パレ ド オール 大阪	大阪府	大阪府 西梅田駅	https://tabelog.com/osaka/A2701/A270101/27003190/	27003190	https://award.tabelog.com/hyakumeiten/sweets_west/2020	100
HYK2020-1130	sweets_west	スイーツ	WEST	30	クレープスタンド シャンデレール 梅田店	大阪府	大阪府 大阪梅田（阪急）駅	https://tabelog.com/osaka/A2701/A270101/27053125/	27053125	https://award.tabelog.com/hyakumeiten/sweets_west/2020	100
HYK2020-1131	sweets_west	スイーツ	WEST	31	クレープリー・アルション	大阪府	大阪府 大阪難波駅	https://tabelog.com/osaka/A2701/A270202/27003897/	27003897	https://award.tabelog.com/hyakumeiten/sweets_west/2020	100
HYK2020-1132	sweets_west	スイーツ	WEST	32	Poche du Reve	兵庫県	兵庫県 芦屋（阪神）駅	https://tabelog.com/hyogo/A2803/A280302/28012993/	28012993	https://award.tabelog.com/hyakumeiten/sweets_west/2020	100
HYK2020-1133	sweets_west	スイーツ	WEST	33	レ・グーテ	大阪府	大阪府 肥後橋駅	https://tabelog.com/osaka/A2701/A270102/27052440/	27052440	https://award.tabelog.com/hyakumeiten/sweets_west/2020	100
HYK2020-1134	sweets_west	スイーツ	WEST	34	遊形 サロン・ド・テ	京都府	京都府 京都市役所前駅	https://tabelog.com/kyoto/A2601/A260202/26005378/	26005378	https://award.tabelog.com/hyakumeiten/sweets_west/2020	100
HYK2020-1135	sweets_west	スイーツ	WEST	35	cocoo cafe	大阪府	大阪府 阿波座駅	https://tabelog.com/osaka/A2701/A270106/27031667/	27031667	https://award.tabelog.com/hyakumeiten/sweets_west/2020	100
HYK2020-1136	sweets_west	スイーツ	WEST	36	ぎおん徳屋	京都府	京都府 祇園四条駅	https://tabelog.com/kyoto/A2601/A260301/26002075/	26002075	https://award.tabelog.com/hyakumeiten/sweets_west/2020	100
HYK2020-1137	sweets_west	スイーツ	WEST	37	かん袋	大阪府	大阪府 寺地町駅	https://tabelog.com/osaka/A2705/A270501/27001078/	27001078	https://award.tabelog.com/hyakumeiten/sweets_west/2020	100
HYK2020-1138	sweets_west	スイーツ	WEST	38	ガトー・ド・ボワ A LA MAISON	奈良県	奈良県 奈良市	https://tabelog.com/nara/A2901/A290101/29000134/	29000134	https://award.tabelog.com/hyakumeiten/sweets_west/2020	100
HYK2020-1139	sweets_west	スイーツ	WEST	39	白熊菓琲	鹿児島県	鹿児島県 鹿児島市	https://tabelog.com/kagoshima/A4601/A460101/46000044/	46000044	https://award.tabelog.com/hyakumeiten/sweets_west/2020	100
HYK2020-1140	sweets_west	スイーツ	WEST	40	パティスリージラフ	富山県	富山県 富山市	https://tabelog.com/toyama/A1601/A160101/16000052/	16000052	https://award.tabelog.com/hyakumeiten/sweets_west/2020	100
HYK2020-1141	sweets_west	スイーツ	WEST	41	中谷堂	奈良県	奈良県 奈良市	https://tabelog.com/nara/A2901/A290101/29000222/	29000222	https://award.tabelog.com/hyakumeiten/sweets_west/2020	100
HYK2020-1142	sweets_west	スイーツ	WEST	42	ラヴニュー	兵庫県	兵庫県 三宮（神戸市営）駅	https://tabelog.com/hyogo/A2801/A280102/28033447/	28033447	https://award.tabelog.com/hyakumeiten/sweets_west/2020	100
HYK2020-1143	sweets_west	スイーツ	WEST	43	今西軒	京都府	京都府 五条（京都市営）駅	https://tabelog.com/kyoto/A2601/A260201/26002101/	26002101	https://award.tabelog.com/hyakumeiten/sweets_west/2020	100
HYK2020-1144	sweets_west	スイーツ	WEST	44	餅匠しづく 新町店	大阪府	大阪府 西大橋駅	https://tabelog.com/osaka/A2701/A270201/27024632/	27024632	https://award.tabelog.com/hyakumeiten/sweets_west/2020	100
HYK2020-1145	sweets_west	スイーツ	WEST	45	ラ・ヴァチュール	京都府	京都府 神宮丸太町駅	https://tabelog.com/kyoto/A2601/A260302/26001070/	26001070	https://award.tabelog.com/hyakumeiten/sweets_west/2020	100
HYK2020-1146	sweets_west	スイーツ	WEST	46	アシッドラシーヌ	大阪府	大阪府 天満橋駅	https://tabelog.com/osaka/A2701/A270104/27071315/	27071315	https://award.tabelog.com/hyakumeiten/sweets_west/2020	100
HYK2020-1147	sweets_west	スイーツ	WEST	47	祇園きなな 本店	京都府	京都府 祇園四条駅	https://tabelog.com/kyoto/A2601/A260301/26002500/	26002500	https://award.tabelog.com/hyakumeiten/sweets_west/2020	100
HYK2020-1148	sweets_west	スイーツ	WEST	48	茶菓円山	京都府	京都府 東山駅	https://tabelog.com/kyoto/A2601/A260301/26024782/	26024782	https://award.tabelog.com/hyakumeiten/sweets_west/2020	100
HYK2020-1149	sweets_west	スイーツ	WEST	49	アンオー	宮崎県	宮崎県 宮崎市	https://tabelog.com/miyazaki/A4501/A450101/45006780/	45006780	https://award.tabelog.com/hyakumeiten/sweets_west/2020	100
HYK2020-1150	sweets_west	スイーツ	WEST	50	ひつじ	京都府	京都府 丸太町（京都市営）駅	https://tabelog.com/kyoto/A2601/A260202/26018786/	26018786	https://award.tabelog.com/hyakumeiten/sweets_west/2020	100
HYK2020-1151	sweets_west	スイーツ	WEST	51	ドゥブルベ・ボレロ 守山本店	滋賀県	滋賀県 守山市	https://tabelog.com/shiga/A2502/A250203/25000747/	25000747	https://award.tabelog.com/hyakumeiten/sweets_west/2020	100
HYK2020-1152	sweets_west	スイーツ	WEST	52	鍵善良房 四条本店	京都府	京都府 祇園四条駅	https://tabelog.com/kyoto/A2601/A260301/26001887/	26001887	https://award.tabelog.com/hyakumeiten/sweets_west/2020	100
HYK2020-1153	sweets_west	スイーツ	WEST	53	パティスリー プラン	兵庫県	兵庫県 芦屋（ＪＲ）駅	https://tabelog.com/hyogo/A2803/A280302/28005628/	28005628	https://award.tabelog.com/hyakumeiten/sweets_west/2020	100
HYK2020-1154	sweets_west	スイーツ	WEST	54	夢菓房たから	香川県	香川県 高松市	https://tabelog.com/kagawa/A3701/A370101/37003380/	37003380	https://award.tabelog.com/hyakumeiten/sweets_west/2020	100
HYK2020-1155	sweets_west	スイーツ	WEST	55	宝泉 JR新幹線京都駅店	京都府	京都府 京都駅	https://tabelog.com/kyoto/A2601/A260101/26006790/	26006790	https://award.tabelog.com/hyakumeiten/sweets_west/2020	100
HYK2020-1156	sweets_west	スイーツ	WEST	56	ル ミュゼ ドゥ アッシュ 和倉店	石川県	石川県 七尾市	https://tabelog.com/ishikawa/A1703/A170302/17000223/	17000223	https://award.tabelog.com/hyakumeiten/sweets_west/2020	100
HYK2020-1157	sweets_west	スイーツ	WEST	57	カフェ ラインベック	京都府	京都府 今出川駅	https://tabelog.com/kyoto/A2601/A260202/26014941/	26014941	https://award.tabelog.com/hyakumeiten/sweets_west/2020	100
HYK2020-1158	sweets_west	スイーツ	WEST	58	PATISSERIE LACROIX	兵庫県	兵庫県 伊丹（ＪＲ）駅	https://tabelog.com/hyogo/A2803/A280306/28031988/	28031988	https://award.tabelog.com/hyakumeiten/sweets_west/2020	100
HYK2020-1159	sweets_west	スイーツ	WEST	59	ロトス洋菓子店	京都府	京都府 四条（京都市営）駅	https://tabelog.com/kyoto/A2601/A260201/26017308/	26017308	https://award.tabelog.com/hyakumeiten/sweets_west/2020	100
HYK2020-1160	sweets_west	スイーツ	WEST	60	神馬堂	京都府	京都府 京都市北区	https://tabelog.com/kyoto/A2601/A260503/26000370/	26000370	https://award.tabelog.com/hyakumeiten/sweets_west/2020	100
HYK2020-1161	sweets_west	スイーツ	WEST	61	パティシエ エス コヤマ	兵庫県	兵庫県 ウッディタウン中央駅	https://tabelog.com/hyogo/A2807/A280703/28001965/	28001965	https://award.tabelog.com/hyakumeiten/sweets_west/2020	100
HYK2020-1162	sweets_west	スイーツ	WEST	62	パティスリーエス	京都府	京都府 四条（京都市営）駅	https://tabelog.com/kyoto/A2601/A260201/26012808/	26012808	https://award.tabelog.com/hyakumeiten/sweets_west/2020	100
HYK2020-1163	sweets_west	スイーツ	WEST	63	大極殿本舗 六角店	京都府	京都府 烏丸御池駅	https://tabelog.com/kyoto/A2601/A260202/26004652/	26004652	https://award.tabelog.com/hyakumeiten/sweets_west/2020	100
HYK2020-1164	sweets_west	スイーツ	WEST	64	Patisserie Ravi,e relier	大阪府	大阪府 中崎町駅	https://tabelog.com/osaka/A2701/A270103/27044987/	27044987	https://award.tabelog.com/hyakumeiten/sweets_west/2020	100
HYK2020-1165	sweets_west	スイーツ	WEST	65	ジェラテリア チルコドーロ	大阪府	大阪府 谷町六丁目駅	https://tabelog.com/osaka/A2701/A270204/27009531/	27009531	https://award.tabelog.com/hyakumeiten/sweets_west/2020	100
HYK2020-1166	sweets_west	スイーツ	WEST	66	カカオサンパカ 大丸梅田店	大阪府	大阪府 大阪梅田（阪神）駅	https://tabelog.com/osaka/A2701/A270101/27055936/	27055936	https://award.tabelog.com/hyakumeiten/sweets_west/2020	100
HYK2020-1167	sweets_west	スイーツ	WEST	67	パスティチュリア・デリチュース 大阪店	大阪府	大阪府 大阪駅	https://tabelog.com/osaka/A2701/A270101/27010561/	27010561	https://award.tabelog.com/hyakumeiten/sweets_west/2020	100
HYK2020-1168	sweets_west	スイーツ	WEST	68	茶寮 宝泉	京都府	京都府 松ケ崎駅	https://tabelog.com/kyoto/A2601/A260503/26001872/	26001872	https://award.tabelog.com/hyakumeiten/sweets_west/2020	100
HYK2020-1169	sweets_west	スイーツ	WEST	69	なかたに亭	大阪府	大阪府 大阪上本町駅	https://tabelog.com/osaka/A2701/A270205/27000953/	27000953	https://award.tabelog.com/hyakumeiten/sweets_west/2020	100
HYK2020-1170	sweets_west	スイーツ	WEST	70	松寿軒	京都府	京都府 清水五条駅	https://tabelog.com/kyoto/A2601/A260301/26009387/	26009387	https://award.tabelog.com/hyakumeiten/sweets_west/2020	100
HYK2020-1171	sweets_west	スイーツ	WEST	71	川端道喜	京都府	京都府 北山駅	https://tabelog.com/kyoto/A2601/A260503/26001766/	26001766	https://award.tabelog.com/hyakumeiten/sweets_west/2020	100
HYK2020-1172	sweets_west	スイーツ	WEST	72	マリベル 京都本店	京都府	京都府 烏丸御池駅	https://tabelog.com/kyoto/A2601/A260202/26019937/	26019937	https://award.tabelog.com/hyakumeiten/sweets_west/2020	100
HYK2020-1173	sweets_west	スイーツ	WEST	73	塩芳軒	京都府	京都府 京都市上京区	https://tabelog.com/kyoto/A2601/A260202/26005963/	26005963	https://award.tabelog.com/hyakumeiten/sweets_west/2020	100
HYK2020-1174	sweets_west	スイーツ	WEST	74	かしや	京都府	京都府 三条京阪駅	https://tabelog.com/kyoto/A2601/A260301/26024343/	26024343	https://award.tabelog.com/hyakumeiten/sweets_west/2020	100
HYK2020-1175	sweets_west	スイーツ	WEST	75	ゼンカフェ	京都府	京都府 祇園四条駅	https://tabelog.com/kyoto/A2601/A260301/26021305/	26021305	https://award.tabelog.com/hyakumeiten/sweets_west/2020	100
HYK2020-1176	sweets_west	スイーツ	WEST	76	甘泉堂	京都府	京都府 祇園四条駅	https://tabelog.com/kyoto/A2601/A260301/26001392/	26001392	https://award.tabelog.com/hyakumeiten/sweets_west/2020	100
HYK2020-1177	sweets_west	スイーツ	WEST	77	パティスリー モンプリュ 本店	兵庫県	兵庫県 みなと元町駅	https://tabelog.com/hyogo/A2801/A280102/28002315/	28002315	https://award.tabelog.com/hyakumeiten/sweets_west/2020	100
HYK2020-1178	sweets_west	スイーツ	WEST	78	粟餅所・澤屋	京都府	京都府 北野白梅町駅	https://tabelog.com/kyoto/A2601/A260501/26001539/	26001539	https://award.tabelog.com/hyakumeiten/sweets_west/2020	100
HYK2020-1179	sweets_west	スイーツ	WEST	79	加茂みたらし茶屋	京都府	京都府 京都市左京区	https://tabelog.com/kyoto/A2601/A260503/26001758/	26001758	https://award.tabelog.com/hyakumeiten/sweets_west/2020	100
HYK2020-1180	sweets_west	スイーツ	WEST	80	こちかぜ	大阪府	大阪府 玉造（大阪メトロ）駅	https://tabelog.com/osaka/A2701/A270204/27009604/	27009604	https://award.tabelog.com/hyakumeiten/sweets_west/2020	100
HYK2020-1181	sweets_west	スイーツ	WEST	81	二條若狭屋 寺町店	京都府	京都府 京都市役所前駅	https://tabelog.com/kyoto/A2601/A260201/26022589/	26022589	https://award.tabelog.com/hyakumeiten/sweets_west/2020	100
HYK2020-1182	sweets_west	スイーツ	WEST	82	ル・ピノー 北堀江本店	大阪府	大阪府 西大橋駅	https://tabelog.com/osaka/A2701/A270201/27001030/	27001030	https://award.tabelog.com/hyakumeiten/sweets_west/2020	100
HYK2020-1183	sweets_west	スイーツ	WEST	83	五感 北浜本館	大阪府	大阪府 北浜駅	https://tabelog.com/osaka/A2701/A270102/27003404/	27003404	https://award.tabelog.com/hyakumeiten/sweets_west/2020	100
HYK2020-1184	sweets_west	スイーツ	WEST	84	一文字屋和輔	京都府	京都府 京都市北区	https://tabelog.com/kyoto/A2601/A260503/26001669/	26001669	https://award.tabelog.com/hyakumeiten/sweets_west/2020	100
HYK2020-1185	sweets_west	スイーツ	WEST	85	ル ミュゼ ドゥ アッシュ 金沢店	石川県	石川県 金沢市	https://tabelog.com/ishikawa/A1701/A170101/17001257/	17001257	https://award.tabelog.com/hyakumeiten/sweets_west/2020	100
HYK2020-1186	sweets_west	スイーツ	WEST	86	麩嘉 府庁前本店	京都府	京都府 丸太町（京都市営）駅	https://tabelog.com/kyoto/A2601/A260202/26001531/	26001531	https://award.tabelog.com/hyakumeiten/sweets_west/2020	100
HYK2020-1187	sweets_west	スイーツ	WEST	87	阿闍梨餅本舗 京菓子司 満月 本店	京都府	京都府 出町柳駅	https://tabelog.com/kyoto/A2601/A260302/26003917/	26003917	https://award.tabelog.com/hyakumeiten/sweets_west/2020	100
HYK2020-1188	sweets_west	スイーツ	WEST	88	エクチュア  からほり「蔵」本店	大阪府	大阪府 松屋町駅	https://tabelog.com/osaka/A2701/A270204/27000958/	27000958	https://award.tabelog.com/hyakumeiten/sweets_west/2020	100
HYK2020-1189	sweets_west	スイーツ	WEST	89	緑寿庵清水	京都府	京都府 出町柳駅	https://tabelog.com/kyoto/A2601/A260302/26005325/	26005325	https://award.tabelog.com/hyakumeiten/sweets_west/2020	100
HYK2020-1190	sweets_west	スイーツ	WEST	90	玉製家	大阪府	大阪府 日本橋駅	https://tabelog.com/osaka/A2701/A270202/27001576/	27001576	https://award.tabelog.com/hyakumeiten/sweets_west/2020	100
HYK2020-1191	sweets_west	スイーツ	WEST	91	デリチュース  箕面本店	大阪府	大阪府 箕面市	https://tabelog.com/osaka/A2706/A270603/27004930/	27004930	https://award.tabelog.com/hyakumeiten/sweets_west/2020	100
HYK2020-1192	sweets_west	スイーツ	WEST	92	ドゥブルベ・ボレロ 大阪本町店	大阪府	大阪府 本町駅	https://tabelog.com/osaka/A2701/A270102/27075194/	27075194	https://award.tabelog.com/hyakumeiten/sweets_west/2020	100
HYK2020-1193	sweets_west	スイーツ	WEST	93	パティシエ・エイジ・ニッタ	兵庫県	兵庫県 西宮北口駅	https://tabelog.com/hyogo/A2803/A280301/28002149/	28002149	https://award.tabelog.com/hyakumeiten/sweets_west/2020	100
HYK2020-1194	sweets_west	スイーツ	WEST	94	カファレル 神戸北野本店	兵庫県	兵庫県 三宮（神戸市営）駅	https://tabelog.com/hyogo/A2801/A280101/28002143/	28002143	https://award.tabelog.com/hyakumeiten/sweets_west/2020	100
HYK2020-1195	sweets_west	スイーツ	WEST	95	村上開新堂	京都府	京都府 京都市役所前駅	https://tabelog.com/kyoto/A2601/A260201/26004753/	26004753	https://award.tabelog.com/hyakumeiten/sweets_west/2020	100
HYK2020-1196	sweets_west	スイーツ	WEST	96	アッサンブラージュ カキモト	京都府	京都府 神宮丸太町駅	https://tabelog.com/kyoto/A2601/A260202/26027283/	26027283	https://award.tabelog.com/hyakumeiten/sweets_west/2020	100
HYK2020-1197	sweets_west	スイーツ	WEST	97	ツマガリ 甲陽園本店	兵庫県	兵庫県 甲陽園駅	https://tabelog.com/hyogo/A2803/A280301/28001357/	28001357	https://award.tabelog.com/hyakumeiten/sweets_west/2020	100
HYK2020-1198	sweets_west	スイーツ	WEST	98	聚洸	京都府	京都府 鞍馬口駅	https://tabelog.com/kyoto/A2601/A260503/26005468/	26005468	https://award.tabelog.com/hyakumeiten/sweets_west/2020	100
HYK2020-1199	sweets_west	スイーツ	WEST	99	本家月餅家直正	京都府	京都府 三条駅	https://tabelog.com/kyoto/A2601/A260202/26002393/	26002393	https://award.tabelog.com/hyakumeiten/sweets_west/2020	100
HYK2020-1200	sweets_west	スイーツ	WEST	100	ラ・ペッシュ	奈良県	奈良県 吉野郡大淀町	https://tabelog.com/nara/A2905/A290501/29004292/	29004292	https://award.tabelog.com/hyakumeiten/sweets_west/2020	100
HYK2020-1201	udon_tokyo	うどん	TOKYO	1	讃岐うどん いわい	東京都	東京都 十条駅	https://tabelog.com/tokyo/A1323/A132304/13141130/	13141130	https://award.tabelog.com/hyakumeiten/udon_tokyo/2020	100
HYK2020-1202	udon_tokyo	うどん	TOKYO	2	玉丁本店 八重洲店	東京都	東京都 東京駅	https://tabelog.com/tokyo/A1302/A130201/13015841/	13015841	https://award.tabelog.com/hyakumeiten/udon_tokyo/2020	100
HYK2020-1203	udon_tokyo	うどん	TOKYO	3	讃岐うどん 蔵之介	東京都	東京都 高田馬場駅	https://tabelog.com/tokyo/A1305/A130503/13049983/	13049983	https://award.tabelog.com/hyakumeiten/udon_tokyo/2020	100
HYK2020-1204	udon_tokyo	うどん	TOKYO	4	小平うどん 小平本店	東京都	東京都 小平市	https://tabelog.com/tokyo/A1328/A132804/13087964/	13087964	https://award.tabelog.com/hyakumeiten/udon_tokyo/2020	100
HYK2020-1205	udon_tokyo	うどん	TOKYO	5	村山 満月うどん	東京都	東京都 武蔵村山市	https://tabelog.com/tokyo/A1329/A132901/13026307/	13026307	https://award.tabelog.com/hyakumeiten/udon_tokyo/2020	100
HYK2020-1206	udon_tokyo	うどん	TOKYO	6	手打うどん すみた	東京都	東京都 赤羽岩淵駅	https://tabelog.com/tokyo/A1323/A132305/13003783/	13003783	https://award.tabelog.com/hyakumeiten/udon_tokyo/2020	100
HYK2020-1207	udon_tokyo	うどん	TOKYO	7	手打うどん いわしや 青山店	東京都	東京都 青山一丁目駅	https://tabelog.com/tokyo/A1306/A130603/13224471/	13224471	https://award.tabelog.com/hyakumeiten/udon_tokyo/2020	100
HYK2020-1208	udon_tokyo	うどん	TOKYO	8	うちたて家	東京都	東京都 池袋駅	https://tabelog.com/tokyo/A1305/A130501/13003889/	13003889	https://award.tabelog.com/hyakumeiten/udon_tokyo/2020	100
HYK2020-1209	udon_tokyo	うどん	TOKYO	9	むぎきり	東京都	東京都 一橋学園駅	https://tabelog.com/tokyo/A1328/A132804/13005951/	13005951	https://award.tabelog.com/hyakumeiten/udon_tokyo/2020	100
HYK2020-1210	udon_tokyo	うどん	TOKYO	10	笑乃讃	東京都	東京都 武蔵村山市	https://tabelog.com/tokyo/A1329/A132901/13067097/	13067097	https://award.tabelog.com/hyakumeiten/udon_tokyo/2020	100
HYK2020-1211	udon_tokyo	うどん	TOKYO	11	讃岐のおうどん 花は咲く 新中野本店	東京都	東京都 新中野駅	https://tabelog.com/tokyo/A1319/A131902/13156851/	13156851	https://award.tabelog.com/hyakumeiten/udon_tokyo/2020	100
HYK2020-1212	udon_tokyo	うどん	TOKYO	12	二◯加屋長介 中目黒店	東京都	東京都 中目黒駅	https://tabelog.com/tokyo/A1317/A131701/13201618/	13201618	https://award.tabelog.com/hyakumeiten/udon_tokyo/2020	100
HYK2020-1213	udon_tokyo	うどん	TOKYO	13	こんぴら茶屋	東京都	東京都 目黒駅	https://tabelog.com/tokyo/A1316/A131601/13013189/	13013189	https://award.tabelog.com/hyakumeiten/udon_tokyo/2020	100
HYK2020-1214	udon_tokyo	うどん	TOKYO	14	叶屋	東京都	東京都 浅草（東武・都営・メトロ）駅	https://tabelog.com/tokyo/A1311/A131102/13025846/	13025846	https://award.tabelog.com/hyakumeiten/udon_tokyo/2020	100
HYK2020-1215	udon_tokyo	うどん	TOKYO	15	むさしの エン座	東京都	東京都 石神井公園駅	https://tabelog.com/tokyo/A1321/A132103/13022818/	13022818	https://award.tabelog.com/hyakumeiten/udon_tokyo/2020	100
HYK2020-1216	udon_tokyo	うどん	TOKYO	16	自家製さぬきうどんと肉 甚三	東京都	東京都 大門駅	https://tabelog.com/tokyo/A1314/A131401/13188754/	13188754	https://award.tabelog.com/hyakumeiten/udon_tokyo/2020	100
HYK2020-1217	udon_tokyo	うどん	TOKYO	17	うたた寝	東京都	東京都 石神井公園駅	https://tabelog.com/tokyo/A1321/A132103/13012311/	13012311	https://award.tabelog.com/hyakumeiten/udon_tokyo/2020	100
HYK2020-1218	udon_tokyo	うどん	TOKYO	18	豚や	東京都	東京都 杉並区	https://tabelog.com/tokyo/A1319/A131907/13018776/	13018776	https://award.tabelog.com/hyakumeiten/udon_tokyo/2020	100
HYK2020-1219	udon_tokyo	うどん	TOKYO	19	古奈屋 丸の内オアゾ店	東京都	東京都 大手町駅	https://tabelog.com/tokyo/A1302/A130201/13017139/	13017139	https://award.tabelog.com/hyakumeiten/udon_tokyo/2020	100
HYK2020-1220	udon_tokyo	うどん	TOKYO	20	竹や	東京都	東京都 御茶ノ水駅	https://tabelog.com/tokyo/A1310/A131002/13005072/	13005072	https://award.tabelog.com/hyakumeiten/udon_tokyo/2020	100
HYK2020-1221	udon_tokyo	うどん	TOKYO	21	うどん弥 根古坂	東京都	東京都 新小平駅	https://tabelog.com/tokyo/A1328/A132804/13137697/	13137697	https://award.tabelog.com/hyakumeiten/udon_tokyo/2020	100
HYK2020-1222	udon_tokyo	うどん	TOKYO	22	石臼挽きうどん しゅはり	東京都	東京都 錦糸町駅	https://tabelog.com/tokyo/A1312/A131201/13174640/	13174640	https://award.tabelog.com/hyakumeiten/udon_tokyo/2020	100
HYK2020-1223	udon_tokyo	うどん	TOKYO	23	釜あげうどん はつとみ	東京都	東京都 江戸川橋駅	https://tabelog.com/tokyo/A1309/A130905/13095976/	13095976	https://award.tabelog.com/hyakumeiten/udon_tokyo/2020	100
HYK2020-1224	udon_tokyo	うどん	TOKYO	24	籠や	東京都	東京都 赤坂駅	https://tabelog.com/tokyo/A1308/A130801/13015161/	13015161	https://award.tabelog.com/hyakumeiten/udon_tokyo/2020	100
HYK2020-1225	udon_tokyo	うどん	TOKYO	25	ウドンスタンド五頭	東京都	東京都 三鷹駅	https://tabelog.com/tokyo/A1320/A132002/13117283/	13117283	https://award.tabelog.com/hyakumeiten/udon_tokyo/2020	100
HYK2020-1226	udon_tokyo	うどん	TOKYO	26	元咲	東京都	東京都 小岩駅	https://tabelog.com/tokyo/A1312/A131204/13041174/	13041174	https://award.tabelog.com/hyakumeiten/udon_tokyo/2020	100
HYK2020-1227	udon_tokyo	うどん	TOKYO	27	葉隠	東京都	東京都 赤坂見附駅	https://tabelog.com/tokyo/A1308/A130801/13024229/	13024229	https://award.tabelog.com/hyakumeiten/udon_tokyo/2020	100
HYK2020-1228	udon_tokyo	うどん	TOKYO	28	手打ちうどん こげら	東京都	東京都 東村山市	https://tabelog.com/tokyo/A1328/A132805/13163619/	13163619	https://award.tabelog.com/hyakumeiten/udon_tokyo/2020	100
HYK2020-1229	udon_tokyo	うどん	TOKYO	29	稲庭うどんとめし 金子半之助 コレド室町店	東京都	東京都 三越前駅	https://tabelog.com/tokyo/A1302/A130202/13193074/	13193074	https://award.tabelog.com/hyakumeiten/udon_tokyo/2020	100
HYK2020-1230	udon_tokyo	うどん	TOKYO	30	澤乃井	東京都	東京都 渋谷駅	https://tabelog.com/tokyo/A1303/A130301/13001352/	13001352	https://award.tabelog.com/hyakumeiten/udon_tokyo/2020	100
HYK2020-1231	udon_tokyo	うどん	TOKYO	31	手打うどん あかう	東京都	東京都 日暮里駅	https://tabelog.com/tokyo/A1311/A131105/13018604/	13018604	https://award.tabelog.com/hyakumeiten/udon_tokyo/2020	100
HYK2020-1232	udon_tokyo	うどん	TOKYO	32	トウキョウライトブルー ホンゴウスリー	東京都	東京都 本郷三丁目駅	https://tabelog.com/tokyo/A1310/A131004/13240246/	13240246	https://award.tabelog.com/hyakumeiten/udon_tokyo/2020	100
HYK2020-1233	udon_tokyo	うどん	TOKYO	33	讃岐饂飩 恩家	東京都	東京都 学芸大学駅	https://tabelog.com/tokyo/A1317/A131702/13008395/	13008395	https://award.tabelog.com/hyakumeiten/udon_tokyo/2020	100
HYK2020-1234	udon_tokyo	うどん	TOKYO	34	五葵	東京都	東京都 葛飾区	https://tabelog.com/tokyo/A1324/A132403/13161758/	13161758	https://award.tabelog.com/hyakumeiten/udon_tokyo/2020	100
HYK2020-1235	udon_tokyo	うどん	TOKYO	35	香川 一福 神田店	東京都	東京都 小川町駅	https://tabelog.com/tokyo/A1310/A131002/13185500/	13185500	https://award.tabelog.com/hyakumeiten/udon_tokyo/2020	100
HYK2020-1236	udon_tokyo	うどん	TOKYO	36	香川 一福 立川店	東京都	東京都 立川駅	https://tabelog.com/tokyo/A1329/A132901/13209088/	13209088	https://award.tabelog.com/hyakumeiten/udon_tokyo/2020	100
HYK2020-1237	udon_tokyo	うどん	TOKYO	37	五島うどん びぜん家	東京都	東京都 武蔵小金井駅	https://tabelog.com/tokyo/A1325/A132501/13126103/	13126103	https://award.tabelog.com/hyakumeiten/udon_tokyo/2020	100
HYK2020-1238	udon_tokyo	うどん	TOKYO	38	でら打ち	東京都	東京都 旗の台駅	https://tabelog.com/tokyo/A1317/A131712/13003419/	13003419	https://award.tabelog.com/hyakumeiten/udon_tokyo/2020	100
HYK2020-1239	udon_tokyo	うどん	TOKYO	39	おにやんま 五反田本店	東京都	東京都 五反田駅	https://tabelog.com/tokyo/A1316/A131603/13111869/	13111869	https://award.tabelog.com/hyakumeiten/udon_tokyo/2020	100
HYK2020-1240	udon_tokyo	うどん	TOKYO	40	おにやんま 人形町店	東京都	東京都 人形町駅	https://tabelog.com/tokyo/A1302/A130204/13216456/	13216456	https://award.tabelog.com/hyakumeiten/udon_tokyo/2020	100
HYK2020-1241	udon_tokyo	うどん	TOKYO	41	銀座 佐藤養助	東京都	東京都 銀座駅	https://tabelog.com/tokyo/A1301/A130101/13033146/	13033146	https://award.tabelog.com/hyakumeiten/udon_tokyo/2020	100
HYK2020-1242	udon_tokyo	うどん	TOKYO	42	うどん 慎	東京都	東京都 南新宿駅	https://tabelog.com/tokyo/A1304/A130401/13125862/	13125862	https://award.tabelog.com/hyakumeiten/udon_tokyo/2020	100
HYK2020-1243	udon_tokyo	うどん	TOKYO	43	本格手打 もり家 東京店	東京都	東京都 浜松町駅	https://tabelog.com/tokyo/A1314/A131401/13227953/	13227953	https://award.tabelog.com/hyakumeiten/udon_tokyo/2020	100
HYK2020-1244	udon_tokyo	うどん	TOKYO	44	栄屋うどん店	東京都	東京都 ひばりケ丘駅	https://tabelog.com/tokyo/A1328/A132801/13070422/	13070422	https://award.tabelog.com/hyakumeiten/udon_tokyo/2020	100
HYK2020-1245	udon_tokyo	うどん	TOKYO	45	福助	東京都	東京都 青梅街道駅	https://tabelog.com/tokyo/A1328/A132804/13149268/	13149268	https://award.tabelog.com/hyakumeiten/udon_tokyo/2020	100
HYK2020-1246	udon_tokyo	うどん	TOKYO	46	千駄木うどん 汐満	東京都	東京都 千駄木駅	https://tabelog.com/tokyo/A1311/A131106/13119510/	13119510	https://award.tabelog.com/hyakumeiten/udon_tokyo/2020	100
HYK2020-1247	udon_tokyo	うどん	TOKYO	47	一滴八銭屋 新宿本店	東京都	東京都 新宿駅	https://tabelog.com/tokyo/A1304/A130401/13000760/	13000760	https://award.tabelog.com/hyakumeiten/udon_tokyo/2020	100
HYK2020-1248	udon_tokyo	うどん	TOKYO	48	大地のうどん 東京馬場店	東京都	東京都 高田馬場駅	https://tabelog.com/tokyo/A1305/A130503/13193668/	13193668	https://award.tabelog.com/hyakumeiten/udon_tokyo/2020	100
HYK2020-1249	udon_tokyo	うどん	TOKYO	49	讃岐饂飩 元喜	東京都	東京都 千石駅	https://tabelog.com/tokyo/A1323/A132301/13023908/	13023908	https://award.tabelog.com/hyakumeiten/udon_tokyo/2020	100
HYK2020-1250	udon_tokyo	うどん	TOKYO	50	賞讃	東京都	東京都 京成立石駅	https://tabelog.com/tokyo/A1324/A132403/13022111/	13022111	https://award.tabelog.com/hyakumeiten/udon_tokyo/2020	100
HYK2020-1251	udon_tokyo	うどん	TOKYO	51	うどん山長	東京都	東京都 恵比寿駅	https://tabelog.com/tokyo/A1303/A130302/13045327/	13045327	https://award.tabelog.com/hyakumeiten/udon_tokyo/2020	100
HYK2020-1252	udon_tokyo	うどん	TOKYO	52	おにやんま 中目黒店	東京都	東京都 中目黒駅	https://tabelog.com/tokyo/A1317/A131701/13199054/	13199054	https://award.tabelog.com/hyakumeiten/udon_tokyo/2020	100
HYK2020-1253	udon_tokyo	うどん	TOKYO	53	つるとんたん 六本木店	東京都	東京都 六本木駅	https://tabelog.com/tokyo/A1307/A130701/13001859/	13001859	https://award.tabelog.com/hyakumeiten/udon_tokyo/2020	100
HYK2020-1254	udon_tokyo	うどん	TOKYO	54	慶屋	東京都	東京都 日比谷駅	https://tabelog.com/tokyo/A1301/A130102/13044658/	13044658	https://award.tabelog.com/hyakumeiten/udon_tokyo/2020	100
HYK2020-1255	udon_tokyo	うどん	TOKYO	55	さぬきや	東京都	東京都 高円寺駅	https://tabelog.com/tokyo/A1319/A131904/13011726/	13011726	https://award.tabelog.com/hyakumeiten/udon_tokyo/2020	100
HYK2020-1256	udon_tokyo	うどん	TOKYO	56	讃岐うどん河野	東京都	東京都 要町駅	https://tabelog.com/tokyo/A1305/A130501/13109309/	13109309	https://award.tabelog.com/hyakumeiten/udon_tokyo/2020	100
HYK2020-1257	udon_tokyo	うどん	TOKYO	57	天茶屋 七蔵	東京都	東京都 新橋駅	https://tabelog.com/tokyo/A1301/A130103/13002602/	13002602	https://award.tabelog.com/hyakumeiten/udon_tokyo/2020	100
HYK2020-1258	udon_tokyo	うどん	TOKYO	58	うどん 丸香	東京都	東京都 神保町駅	https://tabelog.com/tokyo/A1310/A131003/13000629/	13000629	https://award.tabelog.com/hyakumeiten/udon_tokyo/2020	100
HYK2020-1259	udon_tokyo	うどん	TOKYO	59	五代目 花山うどん 銀座店	東京都	東京都 東銀座駅	https://tabelog.com/tokyo/A1301/A130101/13200630/	13200630	https://award.tabelog.com/hyakumeiten/udon_tokyo/2020	100
HYK2020-1260	udon_tokyo	うどん	TOKYO	60	きつね庵	東京都	東京都 東銀座駅	https://tabelog.com/tokyo/A1301/A130101/13181414/	13181414	https://award.tabelog.com/hyakumeiten/udon_tokyo/2020	100
HYK2020-1261	udon_tokyo	うどん	TOKYO	61	初代 恵比寿店	東京都	東京都 恵比寿駅	https://tabelog.com/tokyo/A1303/A130302/13118189/	13118189	https://award.tabelog.com/hyakumeiten/udon_tokyo/2020	100
HYK2020-1262	udon_tokyo	うどん	TOKYO	62	古奈屋 巣鴨本店	東京都	東京都 巣鴨駅	https://tabelog.com/tokyo/A1323/A132301/13003814/	13003814	https://award.tabelog.com/hyakumeiten/udon_tokyo/2020	100
HYK2020-1263	udon_tokyo	うどん	TOKYO	63	とこ井	東京都	東京都 高円寺駅	https://tabelog.com/tokyo/A1319/A131904/13153065/	13153065	https://award.tabelog.com/hyakumeiten/udon_tokyo/2020	100
HYK2020-1264	udon_tokyo	うどん	TOKYO	64	カレーうどん ひかり TOKYO	東京都	東京都 池袋駅	https://tabelog.com/tokyo/A1305/A130501/13170124/	13170124	https://award.tabelog.com/hyakumeiten/udon_tokyo/2020	100
HYK2020-1265	udon_tokyo	うどん	TOKYO	65	太常うどん 銀座本店	東京都	東京都 東銀座駅	https://tabelog.com/tokyo/A1301/A130101/13104580/	13104580	https://award.tabelog.com/hyakumeiten/udon_tokyo/2020	100
HYK2020-1266	udon_tokyo	うどん	TOKYO	66	おにやんま 東品川店	東京都	東京都 青物横丁駅	https://tabelog.com/tokyo/A1315/A131501/13142095/	13142095	https://award.tabelog.com/hyakumeiten/udon_tokyo/2020	100
HYK2020-1267	udon_tokyo	うどん	TOKYO	67	ゆず屋製麺所	東京都	東京都 神田駅	https://tabelog.com/tokyo/A1310/A131002/13043315/	13043315	https://award.tabelog.com/hyakumeiten/udon_tokyo/2020	100
HYK2020-1268	udon_tokyo	うどん	TOKYO	68	酒と味噌煮込み 味噌煮込罠	東京都	東京都 本郷三丁目駅	https://tabelog.com/tokyo/A1310/A131004/13036030/	13036030	https://award.tabelog.com/hyakumeiten/udon_tokyo/2020	100
HYK2020-1269	udon_tokyo	うどん	TOKYO	69	四国屋	東京都	東京都 新中野駅	https://tabelog.com/tokyo/A1319/A131902/13046601/	13046601	https://award.tabelog.com/hyakumeiten/udon_tokyo/2020	100
HYK2020-1270	udon_tokyo	うどん	TOKYO	70	cuud	東京都	東京都 羽田空港第１ビル駅	https://tabelog.com/tokyo/A1315/A131504/13193378/	13193378	https://award.tabelog.com/hyakumeiten/udon_tokyo/2020	100
HYK2020-1271	udon_tokyo	うどん	TOKYO	71	純手打ち讃岐うどん五郎	東京都	東京都 錦糸町駅	https://tabelog.com/tokyo/A1312/A131201/13156107/	13156107	https://award.tabelog.com/hyakumeiten/udon_tokyo/2020	100
HYK2020-1272	udon_tokyo	うどん	TOKYO	72	二代目 甚八	東京都	東京都 本郷三丁目駅	https://tabelog.com/tokyo/A1310/A131004/13121200/	13121200	https://award.tabelog.com/hyakumeiten/udon_tokyo/2020	100
HYK2020-1273	udon_tokyo	うどん	TOKYO	73	切麦や 甚六	東京都	東京都 新宿御苑前駅	https://tabelog.com/tokyo/A1304/A130402/13182646/	13182646	https://award.tabelog.com/hyakumeiten/udon_tokyo/2020	100
HYK2020-1274	udon_tokyo	うどん	TOKYO	74	手打うどん長谷川	東京都	東京都 大泉学園駅	https://tabelog.com/tokyo/A1321/A132103/13105083/	13105083	https://award.tabelog.com/hyakumeiten/udon_tokyo/2020	100
HYK2020-1275	udon_tokyo	うどん	TOKYO	75	雅楽	東京都	東京都 飯田橋駅	https://tabelog.com/tokyo/A1309/A130905/13032356/	13032356	https://award.tabelog.com/hyakumeiten/udon_tokyo/2020	100
HYK2020-1276	udon_tokyo	うどん	TOKYO	76	関西風手打うどん いらっしゃい	東京都	東京都 入谷駅	https://tabelog.com/tokyo/A1311/A131104/13042758/	13042758	https://award.tabelog.com/hyakumeiten/udon_tokyo/2020	100
HYK2020-1277	udon_tokyo	うどん	TOKYO	77	JAZZ KEIRIN	東京都	東京都 下高井戸駅	https://tabelog.com/tokyo/A1318/A131809/13000696/	13000696	https://award.tabelog.com/hyakumeiten/udon_tokyo/2020	100
HYK2020-1278	udon_tokyo	うどん	TOKYO	78	讃岐うどん いそや	東京都	東京都 京王八王子駅	https://tabelog.com/tokyo/A1329/A132904/13022380/	13022380	https://award.tabelog.com/hyakumeiten/udon_tokyo/2020	100
HYK2020-1279	udon_tokyo	うどん	TOKYO	79	博多うどん酒場イチカバチカ 恵比寿店	東京都	東京都 恵比寿駅	https://tabelog.com/tokyo/A1303/A130302/13198167/	13198167	https://award.tabelog.com/hyakumeiten/udon_tokyo/2020	100
HYK2020-1280	udon_tokyo	うどん	TOKYO	80	さぬきや	東京都	東京都 学芸大学駅	https://tabelog.com/tokyo/A1317/A131702/13018265/	13018265	https://award.tabelog.com/hyakumeiten/udon_tokyo/2020	100
HYK2020-1281	udon_tokyo	うどん	TOKYO	81	麺匠 釜善	東京都	東京都 淡路町駅	https://tabelog.com/tokyo/A1310/A131002/13201863/	13201863	https://award.tabelog.com/hyakumeiten/udon_tokyo/2020	100
HYK2020-1282	udon_tokyo	うどん	TOKYO	82	きくや	東京都	東京都 武蔵大和駅	https://tabelog.com/tokyo/A1328/A132806/13010118/	13010118	https://award.tabelog.com/hyakumeiten/udon_tokyo/2020	100
HYK2020-1283	udon_tokyo	うどん	TOKYO	83	肉汁うどん長嶋屋	東京都	東京都 武蔵村山市	https://tabelog.com/tokyo/A1329/A132901/13120176/	13120176	https://award.tabelog.com/hyakumeiten/udon_tokyo/2020	100
HYK2020-1284	udon_tokyo	うどん	TOKYO	84	本格手打うどん あらた	東京都	東京都 八王子駅	https://tabelog.com/tokyo/A1329/A132904/13025001/	13025001	https://award.tabelog.com/hyakumeiten/udon_tokyo/2020	100
HYK2020-1285	udon_tokyo	うどん	TOKYO	85	あんぷく 池袋店	東京都	東京都 池袋駅	https://tabelog.com/tokyo/A1305/A130501/13097934/	13097934	https://award.tabelog.com/hyakumeiten/udon_tokyo/2020	100
HYK2020-1286	udon_tokyo	うどん	TOKYO	86	うどん豊前房	東京都	東京都 池尻大橋駅	https://tabelog.com/tokyo/A1317/A131701/13003158/	13003158	https://award.tabelog.com/hyakumeiten/udon_tokyo/2020	100
HYK2020-1287	udon_tokyo	うどん	TOKYO	87	よしふじ	東京都	東京都 小平駅	https://tabelog.com/tokyo/A1328/A132804/13080472/	13080472	https://award.tabelog.com/hyakumeiten/udon_tokyo/2020	100
HYK2020-1288	udon_tokyo	うどん	TOKYO	88	釜たけうどん 八重洲北口店	東京都	東京都 東京駅	https://tabelog.com/tokyo/A1302/A130201/13156494/	13156494	https://award.tabelog.com/hyakumeiten/udon_tokyo/2020	100
HYK2020-1289	udon_tokyo	うどん	TOKYO	89	谷や	東京都	東京都 水天宮前駅	https://tabelog.com/tokyo/A1302/A130204/13114085/	13114085	https://award.tabelog.com/hyakumeiten/udon_tokyo/2020	100
HYK2020-1290	udon_tokyo	うどん	TOKYO	90	咲花善伝	東京都	東京都 四谷三丁目駅	https://tabelog.com/tokyo/A1309/A130903/13104627/	13104627	https://award.tabelog.com/hyakumeiten/udon_tokyo/2020	100
HYK2020-1291	udon_tokyo	うどん	TOKYO	91	正太郎うどん	東京都	東京都 上井草駅	https://tabelog.com/tokyo/A1321/A132105/13095768/	13095768	https://award.tabelog.com/hyakumeiten/udon_tokyo/2020	100
HYK2020-1292	udon_tokyo	うどん	TOKYO	92	恵	東京都	東京都 荻窪駅	https://tabelog.com/tokyo/A1319/A131906/13141730/	13141730	https://award.tabelog.com/hyakumeiten/udon_tokyo/2020	100
HYK2020-1293	udon_tokyo	うどん	TOKYO	93	本格ぶっかけうどん 麺の里	東京都	東京都 上石神井駅	https://tabelog.com/tokyo/A1321/A132105/13182335/	13182335	https://award.tabelog.com/hyakumeiten/udon_tokyo/2020	100
HYK2020-1294	udon_tokyo	うどん	TOKYO	94	しまだ	東京都	東京都 表参道駅	https://tabelog.com/tokyo/A1306/A130602/13006991/	13006991	https://award.tabelog.com/hyakumeiten/udon_tokyo/2020	100
HYK2020-1295	udon_tokyo	うどん	TOKYO	95	麻布久徳 六本木ヒルズ店	東京都	東京都 六本木駅	https://tabelog.com/tokyo/A1307/A130701/13015611/	13015611	https://award.tabelog.com/hyakumeiten/udon_tokyo/2020	100
HYK2020-1296	udon_tokyo	うどん	TOKYO	96	おにやんま 新橋店	東京都	東京都 新橋駅	https://tabelog.com/tokyo/A1301/A130103/13162575/	13162575	https://award.tabelog.com/hyakumeiten/udon_tokyo/2020	100
HYK2020-1297	udon_tokyo	うどん	TOKYO	97	つくつくぼうし	東京都	東京都 野方駅	https://tabelog.com/tokyo/A1321/A132104/13218651/	13218651	https://award.tabelog.com/hyakumeiten/udon_tokyo/2020	100
HYK2020-1298	udon_tokyo	うどん	TOKYO	98	野口製麺所	東京都	東京都 東村山駅	https://tabelog.com/tokyo/A1328/A132806/13016162/	13016162	https://award.tabelog.com/hyakumeiten/udon_tokyo/2020	100
HYK2020-1299	udon_tokyo	うどん	TOKYO	99	根津 釜竹	東京都	東京都 根津駅	https://tabelog.com/tokyo/A1311/A131106/13020252/	13020252	https://award.tabelog.com/hyakumeiten/udon_tokyo/2020	100
HYK2020-1300	udon_tokyo	うどん	TOKYO	100	四ツ木製麺所	東京都	東京都 京成立石駅	https://tabelog.com/tokyo/A1324/A132403/13163404/	13163404	https://award.tabelog.com/hyakumeiten/udon_tokyo/2020	100
HYK2020-1301	udon_east	うどん	EAST	1	手打ちうどんZ	千葉県	千葉県 大網白里市	https://tabelog.com/chiba/A1205/A120503/12005569/	12005569	https://award.tabelog.com/hyakumeiten/udon_east/2020	100
HYK2020-1302	udon_east	うどん	EAST	2	まことや	愛知県	愛知県 川名駅	https://tabelog.com/aichi/A2301/A230108/23000094/	23000094	https://award.tabelog.com/hyakumeiten/udon_east/2020	100
HYK2020-1303	udon_east	うどん	EAST	3	きしや	愛知県	愛知県 池下駅	https://tabelog.com/aichi/A2301/A230106/23001708/	23001708	https://award.tabelog.com/hyakumeiten/udon_east/2020	100
HYK2020-1304	udon_east	うどん	EAST	4	太門	愛知県	愛知県 今池駅	https://tabelog.com/aichi/A2301/A230106/23045911/	23045911	https://award.tabelog.com/hyakumeiten/udon_east/2020	100
HYK2020-1305	udon_east	うどん	EAST	5	寛文五年堂 秋田店	秋田県	秋田県 秋田市	https://tabelog.com/akita/A0501/A050101/5005720/	5005720	https://award.tabelog.com/hyakumeiten/udon_east/2020	100
HYK2020-1306	udon_east	うどん	EAST	6	宗	神奈川県	神奈川県 向ケ丘遊園駅	https://tabelog.com/kanagawa/A1405/A140506/14033545/	14033545	https://award.tabelog.com/hyakumeiten/udon_east/2020	100
HYK2020-1307	udon_east	うどん	EAST	7	あそび	埼玉県	埼玉県 比企郡小川町	https://tabelog.com/saitama/A1105/A110605/11017560/	11017560	https://award.tabelog.com/hyakumeiten/udon_east/2020	100
HYK2020-1308	udon_east	うどん	EAST	8	お多福	千葉県	千葉県 鎌ケ谷大仏駅	https://tabelog.com/chiba/A1203/A120303/12007471/	12007471	https://award.tabelog.com/hyakumeiten/udon_east/2020	100
HYK2020-1309	udon_east	うどん	EAST	9	野村屋本店	栃木県	栃木県 佐野市	https://tabelog.com/tochigi/A0902/A090202/9001007/	9001007	https://award.tabelog.com/hyakumeiten/udon_east/2020	100
HYK2020-1310	udon_east	うどん	EAST	10	四方吉うどん 吉見本店	埼玉県	埼玉県 比企郡吉見町	https://tabelog.com/saitama/A1105/A110502/11006341/	11006341	https://award.tabelog.com/hyakumeiten/udon_east/2020	100
HYK2020-1311	udon_east	うどん	EAST	11	田舎うどん てつ	埼玉県	埼玉県 川越市	https://tabelog.com/saitama/A1103/A110303/11004160/	11004160	https://award.tabelog.com/hyakumeiten/udon_east/2020	100
HYK2020-1312	udon_east	うどん	EAST	12	渡辺うどん	山梨県	山梨県 南都留郡忍野村	https://tabelog.com/yamanashi/A1903/A190302/19000342/	19000342	https://award.tabelog.com/hyakumeiten/udon_east/2020	100
HYK2020-1313	udon_east	うどん	EAST	13	岡崎 二橋	愛知県	愛知県 岡崎市	https://tabelog.com/aichi/A2305/A230502/23008668/	23008668	https://award.tabelog.com/hyakumeiten/udon_east/2020	100
HYK2020-1314	udon_east	うどん	EAST	14	武蔵野伝統の味 涼太郎	埼玉県	埼玉県 所沢駅	https://tabelog.com/saitama/A1106/A110601/11000460/	11000460	https://award.tabelog.com/hyakumeiten/udon_east/2020	100
HYK2020-1315	udon_east	うどん	EAST	15	讃岐饂飩 まるは	千葉県	千葉県 船橋法典駅	https://tabelog.com/chiba/A1202/A120201/12023023/	12023023	https://award.tabelog.com/hyakumeiten/udon_east/2020	100
HYK2020-1316	udon_east	うどん	EAST	16	粉家	埼玉県	埼玉県 小前田駅	https://tabelog.com/saitama/A1105/A110503/11006382/	11006382	https://award.tabelog.com/hyakumeiten/udon_east/2020	100
HYK2020-1317	udon_east	うどん	EAST	17	煮込うどん 山本屋本店 エスカ店	愛知県	愛知県 名古屋駅	https://tabelog.com/aichi/A2301/A230101/23000123/	23000123	https://award.tabelog.com/hyakumeiten/udon_east/2020	100
HYK2020-1318	udon_east	うどん	EAST	18	たかちゃんうどん	山梨県	山梨県 富士吉田市	https://tabelog.com/yamanashi/A1903/A190301/19000919/	19000919	https://award.tabelog.com/hyakumeiten/udon_east/2020	100
HYK2020-1319	udon_east	うどん	EAST	19	たけ川うどん	山梨県	山梨県 南都留郡富士河口湖町	https://tabelog.com/yamanashi/A1903/A190303/19000815/	19000815	https://award.tabelog.com/hyakumeiten/udon_east/2020	100
HYK2020-1320	udon_east	うどん	EAST	20	佐藤養助 秋田店	秋田県	秋田県 秋田市	https://tabelog.com/akita/A0501/A050101/5000022/	5000022	https://award.tabelog.com/hyakumeiten/udon_east/2020	100
HYK2020-1321	udon_east	うどん	EAST	21	清平	愛知県	愛知県 浄心駅	https://tabelog.com/aichi/A2301/A230109/23013234/	23013234	https://award.tabelog.com/hyakumeiten/udon_east/2020	100
HYK2020-1322	udon_east	うどん	EAST	22	桜井うどん	山梨県	山梨県 富士吉田市	https://tabelog.com/yamanashi/A1903/A190301/19000357/	19000357	https://award.tabelog.com/hyakumeiten/udon_east/2020	100
HYK2020-1323	udon_east	うどん	EAST	23	藤屋本店	群馬県	群馬県 桐生市	https://tabelog.com/gunma/A1002/A100201/10001147/	10001147	https://award.tabelog.com/hyakumeiten/udon_east/2020	100
HYK2020-1324	udon_east	うどん	EAST	24	角丸	愛知県	愛知県 久屋大通駅	https://tabelog.com/aichi/A2301/A230103/23000031/	23000031	https://award.tabelog.com/hyakumeiten/udon_east/2020	100
HYK2020-1325	udon_east	うどん	EAST	25	武蔵野うどん 藤原 北与野本店	埼玉県	埼玉県 北与野駅	https://tabelog.com/saitama/A1101/A110101/11004286/	11004286	https://award.tabelog.com/hyakumeiten/udon_east/2020	100
HYK2020-1326	udon_east	うどん	EAST	26	手打ちうどん いしづか	埼玉県	埼玉県 桶川駅	https://tabelog.com/saitama/A1104/A110401/11005554/	11005554	https://award.tabelog.com/hyakumeiten/udon_east/2020	100
HYK2020-1327	udon_east	うどん	EAST	27	増田うどん	北海道	北海道 中央区役所前駅	https://tabelog.com/hokkaido/A0101/A010102/1043434/	1043434	https://award.tabelog.com/hyakumeiten/udon_east/2020	100
HYK2020-1328	udon_east	うどん	EAST	28	讃州手打ちうどん 我流	愛知県	愛知県 西尾市	https://tabelog.com/aichi/A2305/A230504/23032890/	23032890	https://award.tabelog.com/hyakumeiten/udon_east/2020	100
HYK2020-1329	udon_east	うどん	EAST	29	藤店うどん	埼玉県	埼玉県 さいたま市西区	https://tabelog.com/saitama/A1101/A110103/11000476/	11000476	https://award.tabelog.com/hyakumeiten/udon_east/2020	100
HYK2020-1330	udon_east	うどん	EAST	30	鈴家	愛知県	愛知県 名古屋市名東区	https://tabelog.com/aichi/A2301/A230111/23007899/	23007899	https://award.tabelog.com/hyakumeiten/udon_east/2020	100
HYK2020-1331	udon_east	うどん	EAST	31	ザンギうどん一久 狸小路店	北海道	北海道 狸小路駅	https://tabelog.com/hokkaido/A0101/A010102/1007039/	1007039	https://award.tabelog.com/hyakumeiten/udon_east/2020	100
HYK2020-1332	udon_east	うどん	EAST	32	六助うどん	埼玉県	埼玉県 本庄市	https://tabelog.com/saitama/A1105/A110504/11004153/	11004153	https://award.tabelog.com/hyakumeiten/udon_east/2020	100
HYK2020-1333	udon_east	うどん	EAST	33	讃岐うどん 條辺	埼玉県	埼玉県 上福岡駅	https://tabelog.com/saitama/A1103/A110302/11004258/	11004258	https://award.tabelog.com/hyakumeiten/udon_east/2020	100
HYK2020-1334	udon_east	うどん	EAST	34	饂飩頑陣 本店	神奈川県	神奈川県 馬車道駅	https://tabelog.com/kanagawa/A1401/A140104/14055488/	14055488	https://award.tabelog.com/hyakumeiten/udon_east/2020	100
HYK2020-1335	udon_east	うどん	EAST	35	くれちうどん	山梨県	山梨県 富士吉田市	https://tabelog.com/yamanashi/A1903/A190301/19004114/	19004114	https://award.tabelog.com/hyakumeiten/udon_east/2020	100
HYK2020-1336	udon_east	うどん	EAST	36	讃岐うどん 本格手打 てつ家	愛知県	愛知県 豊橋市	https://tabelog.com/aichi/A2306/A230601/23041118/	23041118	https://award.tabelog.com/hyakumeiten/udon_east/2020	100
HYK2020-1337	udon_east	うどん	EAST	37	あじめん 北浦和店	埼玉県	埼玉県 北浦和駅	https://tabelog.com/saitama/A1101/A110102/11024986/	11024986	https://award.tabelog.com/hyakumeiten/udon_east/2020	100
HYK2020-1338	udon_east	うどん	EAST	38	鈴や	千葉県	千葉県 印西市	https://tabelog.com/chiba/A1204/A120402/12006332/	12006332	https://award.tabelog.com/hyakumeiten/udon_east/2020	100
HYK2020-1339	udon_east	うどん	EAST	39	釜揚げうどん専門店もと	神奈川県	神奈川県 平塚駅	https://tabelog.com/kanagawa/A1404/A140407/14061080/	14061080	https://award.tabelog.com/hyakumeiten/udon_east/2020	100
HYK2020-1340	udon_east	うどん	EAST	40	うどん本舗	埼玉県	埼玉県 川越市	https://tabelog.com/saitama/A1103/A110303/11033050/	11033050	https://award.tabelog.com/hyakumeiten/udon_east/2020	100
HYK2020-1341	udon_east	うどん	EAST	41	元祖武蔵野うどん めんこや 本店	埼玉県	埼玉県 川越市	https://tabelog.com/saitama/A1103/A110303/11003031/	11003031	https://award.tabelog.com/hyakumeiten/udon_east/2020	100
HYK2020-1342	udon_east	うどん	EAST	42	手打ち 山もとうどん	山梨県	山梨県 都留市	https://tabelog.com/yamanashi/A1905/A190501/19000292/	19000292	https://award.tabelog.com/hyakumeiten/udon_east/2020	100
HYK2020-1343	udon_east	うどん	EAST	43	うどん家 こむぎ	北海道	北海道 八軒駅	https://tabelog.com/hokkaido/A0101/A010204/1002003/	1002003	https://award.tabelog.com/hyakumeiten/udon_east/2020	100
HYK2020-1344	udon_east	うどん	EAST	44	田舎打ち 麺蔵	埼玉県	埼玉県 川越市	https://tabelog.com/saitama/A1103/A110304/11000974/	11000974	https://award.tabelog.com/hyakumeiten/udon_east/2020	100
HYK2020-1345	udon_east	うどん	EAST	45	うどん匠人 岡本	栃木県	栃木県 那須郡那須町	https://tabelog.com/tochigi/A0905/A090501/9002782/	9002782	https://award.tabelog.com/hyakumeiten/udon_east/2020	100
HYK2020-1346	udon_east	うどん	EAST	46	三丁目の手打うどん	埼玉県	埼玉県 武蔵藤沢駅	https://tabelog.com/saitama/A1106/A110602/11001573/	11001573	https://award.tabelog.com/hyakumeiten/udon_east/2020	100
HYK2020-1347	udon_east	うどん	EAST	47	手打ちうどん さわいち	埼玉県	埼玉県 大和田駅	https://tabelog.com/saitama/A1101/A110103/11003324/	11003324	https://award.tabelog.com/hyakumeiten/udon_east/2020	100
HYK2020-1348	udon_east	うどん	EAST	48	うどん屋 源さん 本店	山梨県	山梨県 甲府市	https://tabelog.com/yamanashi/A1901/A190101/19000403/	19000403	https://award.tabelog.com/hyakumeiten/udon_east/2020	100
HYK2020-1349	udon_east	うどん	EAST	49	まつ奈	埼玉県	埼玉県 浦和駅	https://tabelog.com/saitama/A1101/A110102/11028299/	11028299	https://award.tabelog.com/hyakumeiten/udon_east/2020	100
HYK2020-1350	udon_east	うどん	EAST	50	ぶっかけうどん 小野	埼玉県	埼玉県 北与野駅	https://tabelog.com/saitama/A1101/A110101/11000761/	11000761	https://award.tabelog.com/hyakumeiten/udon_east/2020	100
HYK2020-1351	udon_east	うどん	EAST	51	手打うどん 長谷沼	埼玉県	埼玉県 本川越駅	https://tabelog.com/saitama/A1103/A110303/11033610/	11033610	https://award.tabelog.com/hyakumeiten/udon_east/2020	100
HYK2020-1352	udon_east	うどん	EAST	52	手打うどん かとう	愛知県	愛知県 中村区役所駅	https://tabelog.com/aichi/A2301/A230101/23039141/	23039141	https://award.tabelog.com/hyakumeiten/udon_east/2020	100
HYK2020-1353	udon_east	うどん	EAST	53	うどん処 おはな	埼玉県	埼玉県 朝霞台駅	https://tabelog.com/saitama/A1103/A110301/11022150/	11022150	https://award.tabelog.com/hyakumeiten/udon_east/2020	100
HYK2020-1354	udon_east	うどん	EAST	54	大地	埼玉県	埼玉県 行田市駅	https://tabelog.com/saitama/A1104/A110403/11034232/	11034232	https://award.tabelog.com/hyakumeiten/udon_east/2020	100
HYK2020-1355	udon_east	うどん	EAST	55	みうらうどん	山梨県	山梨県 富士吉田市	https://tabelog.com/yamanashi/A1903/A190301/19000359/	19000359	https://award.tabelog.com/hyakumeiten/udon_east/2020	100
HYK2020-1356	udon_east	うどん	EAST	56	久良一	埼玉県	埼玉県 鴻巣市	https://tabelog.com/saitama/A1104/A110401/11009882/	11009882	https://award.tabelog.com/hyakumeiten/udon_east/2020	100
HYK2020-1357	udon_east	うどん	EAST	57	白須うどん	山梨県	山梨県 富士吉田市	https://tabelog.com/yamanashi/A1903/A190301/19000055/	19000055	https://award.tabelog.com/hyakumeiten/udon_east/2020	100
HYK2020-1358	udon_east	うどん	EAST	58	田丸屋	群馬県	群馬県 渋川市	https://tabelog.com/gunma/A1004/A100401/10000215/	10000215	https://award.tabelog.com/hyakumeiten/udon_east/2020	100
HYK2020-1359	udon_east	うどん	EAST	59	信濃屋	岐阜県	岐阜県 多治見市	https://tabelog.com/gifu/A2103/A210301/21000027/	21000027	https://award.tabelog.com/hyakumeiten/udon_east/2020	100
HYK2020-1360	udon_east	うどん	EAST	60	ぶつをのうどん	栃木県	栃木県 宇都宮市	https://tabelog.com/tochigi/A0901/A090101/9003113/	9003113	https://award.tabelog.com/hyakumeiten/udon_east/2020	100
HYK2020-1361	udon_east	うどん	EAST	61	駕籠休み	埼玉県	埼玉県 さいたま新都心駅	https://tabelog.com/saitama/A1101/A110101/11005442/	11005442	https://award.tabelog.com/hyakumeiten/udon_east/2020	100
HYK2020-1362	udon_east	うどん	EAST	62	由す美	埼玉県	埼玉県 行田市	https://tabelog.com/saitama/A1104/A110403/11003505/	11003505	https://award.tabelog.com/hyakumeiten/udon_east/2020	100
HYK2020-1363	udon_east	うどん	EAST	63	千年ニコ天	愛知県	愛知県 名古屋市熱田区	https://tabelog.com/aichi/A2301/A230112/23012864/	23012864	https://award.tabelog.com/hyakumeiten/udon_east/2020	100
HYK2020-1364	udon_east	うどん	EAST	64	うどん料理 千	愛知県	愛知県 伏見駅	https://tabelog.com/aichi/A2301/A230102/23007583/	23007583	https://award.tabelog.com/hyakumeiten/udon_east/2020	100
HYK2020-1365	udon_east	うどん	EAST	65	彩花	山梨県	山梨県 南都留郡富士河口湖町	https://tabelog.com/yamanashi/A1903/A190303/19000050/	19000050	https://award.tabelog.com/hyakumeiten/udon_east/2020	100
HYK2020-1366	udon_east	うどん	EAST	66	うどん 有田	埼玉県	埼玉県 北上尾駅	https://tabelog.com/saitama/A1104/A110401/11009188/	11009188	https://award.tabelog.com/hyakumeiten/udon_east/2020	100
HYK2020-1367	udon_east	うどん	EAST	67	手打うどん 松屋	埼玉県	埼玉県 桶川駅	https://tabelog.com/saitama/A1104/A110401/11004724/	11004724	https://award.tabelog.com/hyakumeiten/udon_east/2020	100
HYK2020-1368	udon_east	うどん	EAST	68	深山うどん	埼玉県	埼玉県 上尾市	https://tabelog.com/saitama/A1104/A110401/11005759/	11005759	https://award.tabelog.com/hyakumeiten/udon_east/2020	100
HYK2020-1369	udon_east	うどん	EAST	69	めん専門店 味良	愛知県	愛知県 名古屋市北区	https://tabelog.com/aichi/A2301/A230110/23013430/	23013430	https://award.tabelog.com/hyakumeiten/udon_east/2020	100
HYK2020-1370	udon_east	うどん	EAST	70	喜多一	埼玉県	埼玉県 航空公園駅	https://tabelog.com/saitama/A1106/A110601/11003682/	11003682	https://award.tabelog.com/hyakumeiten/udon_east/2020	100
HYK2020-1371	udon_east	うどん	EAST	71	本手打うどん庄司	埼玉県	埼玉県 比企郡川島町	https://tabelog.com/saitama/A1105/A110502/11001574/	11001574	https://award.tabelog.com/hyakumeiten/udon_east/2020	100
HYK2020-1372	udon_east	うどん	EAST	72	麺許皆伝	山梨県	山梨県 富士吉田市	https://tabelog.com/yamanashi/A1903/A190301/19000136/	19000136	https://award.tabelog.com/hyakumeiten/udon_east/2020	100
HYK2020-1373	udon_east	うどん	EAST	73	清水屋	群馬県	群馬県 渋川市	https://tabelog.com/gunma/A1004/A100401/10000216/	10000216	https://award.tabelog.com/hyakumeiten/udon_east/2020	100
HYK2020-1374	udon_east	うどん	EAST	74	手打ちうどん 自遊席	神奈川県	神奈川県 藤沢市	https://tabelog.com/kanagawa/A1404/A140405/14014003/	14014003	https://award.tabelog.com/hyakumeiten/udon_east/2020	100
HYK2020-1375	udon_east	うどん	EAST	75	しょうね家	千葉県	千葉県 富里市	https://tabelog.com/chiba/A1204/A120403/12004760/	12004760	https://award.tabelog.com/hyakumeiten/udon_east/2020	100
HYK2020-1376	udon_east	うどん	EAST	76	手打うどん 牛コロ 宮内	愛知県	愛知県 志賀本通駅	https://tabelog.com/aichi/A2301/A230110/23040430/	23040430	https://award.tabelog.com/hyakumeiten/udon_east/2020	100
HYK2020-1377	udon_east	うどん	EAST	77	花山うどん 本店	群馬県	群馬県 館林市	https://tabelog.com/gunma/A1002/A100204/10001132/	10001132	https://award.tabelog.com/hyakumeiten/udon_east/2020	100
HYK2020-1378	udon_east	うどん	EAST	78	がむしゃら	埼玉県	埼玉県 仏子駅	https://tabelog.com/saitama/A1106/A110602/11029324/	11029324	https://award.tabelog.com/hyakumeiten/udon_east/2020	100
HYK2020-1379	udon_east	うどん	EAST	79	藤店うどん 川越店	埼玉県	埼玉県 川越市	https://tabelog.com/saitama/A1103/A110303/11004070/	11004070	https://award.tabelog.com/hyakumeiten/udon_east/2020	100
HYK2020-1380	udon_east	うどん	EAST	80	麦屋	埼玉県	埼玉県 深谷市	https://tabelog.com/saitama/A1105/A110503/11024696/	11024696	https://award.tabelog.com/hyakumeiten/udon_east/2020	100
HYK2020-1381	udon_east	うどん	EAST	81	ががちゃ屋	埼玉県	埼玉県 一本松駅	https://tabelog.com/saitama/A1103/A110304/11017604/	11017604	https://award.tabelog.com/hyakumeiten/udon_east/2020	100
HYK2020-1382	udon_east	うどん	EAST	82	美也樹	山梨県	山梨県 富士吉田市	https://tabelog.com/yamanashi/A1903/A190301/19000160/	19000160	https://award.tabelog.com/hyakumeiten/udon_east/2020	100
HYK2020-1383	udon_east	うどん	EAST	83	かれーうどん 椿	北海道	北海道 西１８丁目駅	https://tabelog.com/hokkaido/A0101/A010102/1006400/	1006400	https://award.tabelog.com/hyakumeiten/udon_east/2020	100
HYK2020-1384	udon_east	うどん	EAST	84	永井	埼玉県	埼玉県 入間郡三芳町	https://tabelog.com/saitama/A1103/A110302/11033420/	11033420	https://award.tabelog.com/hyakumeiten/udon_east/2020	100
HYK2020-1385	udon_east	うどん	EAST	85	麺一滴	神奈川県	神奈川県 京急川崎駅	https://tabelog.com/kanagawa/A1405/A140501/14041477/	14041477	https://award.tabelog.com/hyakumeiten/udon_east/2020	100
HYK2020-1386	udon_east	うどん	EAST	86	讃岐うどん 麦福	愛知県	愛知県 今池駅	https://tabelog.com/aichi/A2301/A230106/23059222/	23059222	https://award.tabelog.com/hyakumeiten/udon_east/2020	100
HYK2020-1387	udon_east	うどん	EAST	87	鬼はそと福はうち	北海道	北海道 西線１６条駅	https://tabelog.com/hokkaido/A0101/A010104/1002856/	1002856	https://award.tabelog.com/hyakumeiten/udon_east/2020	100
HYK2020-1388	udon_east	うどん	EAST	88	だるまや	埼玉県	埼玉県 比企郡川島町	https://tabelog.com/saitama/A1105/A110502/11016730/	11016730	https://award.tabelog.com/hyakumeiten/udon_east/2020	100
HYK2020-1389	udon_east	うどん	EAST	89	手打ちうどん寺屋	北海道	北海道 札幌市西区	https://tabelog.com/hokkaido/A0101/A010204/1001950/	1001950	https://award.tabelog.com/hyakumeiten/udon_east/2020	100
HYK2020-1390	udon_east	うどん	EAST	90	玉川 豊橋広小路本店	愛知県	愛知県 豊橋市	https://tabelog.com/aichi/A2306/A230601/23009617/	23009617	https://award.tabelog.com/hyakumeiten/udon_east/2020	100
HYK2020-1391	udon_east	うどん	EAST	91	うどん 錦	愛知県	愛知県 栄（名古屋）駅	https://tabelog.com/aichi/A2301/A230103/23000374/	23000374	https://award.tabelog.com/hyakumeiten/udon_east/2020	100
HYK2020-1392	udon_east	うどん	EAST	92	田中屋	群馬県	群馬県 前橋市	https://tabelog.com/gunma/A1001/A100101/10000108/	10000108	https://award.tabelog.com/hyakumeiten/udon_east/2020	100
HYK2020-1393	udon_east	うどん	EAST	93	うどん家　一	埼玉県	埼玉県 小手指駅	https://tabelog.com/saitama/A1106/A110601/11026435/	11026435	https://award.tabelog.com/hyakumeiten/udon_east/2020	100
HYK2020-1394	udon_east	うどん	EAST	94	地酒と饂飩 たらいうどん椛や	茨城県	茨城県 水戸市	https://tabelog.com/ibaraki/A0801/A080101/8001852/	8001852	https://award.tabelog.com/hyakumeiten/udon_east/2020	100
HYK2020-1395	udon_east	うどん	EAST	95	さわだ	埼玉県	埼玉県 入間市	https://tabelog.com/saitama/A1106/A110602/11004534/	11004534	https://award.tabelog.com/hyakumeiten/udon_east/2020	100
HYK2020-1396	udon_east	うどん	EAST	96	鯱市 錦通伏見店	愛知県	愛知県 伏見駅	https://tabelog.com/aichi/A2301/A230102/23053858/	23053858	https://award.tabelog.com/hyakumeiten/udon_east/2020	100
HYK2020-1397	udon_east	うどん	EAST	97	手打うどん 寿庵	埼玉県	埼玉県 土呂駅	https://tabelog.com/saitama/A1101/A110103/11028810/	11028810	https://award.tabelog.com/hyakumeiten/udon_east/2020	100
HYK2020-1398	udon_east	うどん	EAST	98	カレーうどん 鯱乃家	愛知県	愛知県 黒川駅	https://tabelog.com/aichi/A2301/A230110/23000050/	23000050	https://award.tabelog.com/hyakumeiten/udon_east/2020	100
HYK2020-1399	udon_east	うどん	EAST	99	手打ちうどん ムサシ	山梨県	山梨県 富士吉田市	https://tabelog.com/yamanashi/A1903/A190301/19000243/	19000243	https://award.tabelog.com/hyakumeiten/udon_east/2020	100
HYK2020-1400	udon_east	うどん	EAST	100	手打うどん 郁兵衛	岐阜県	岐阜県 土岐市	https://tabelog.com/gifu/A2103/A210301/21001856/	21001856	https://award.tabelog.com/hyakumeiten/udon_east/2020	100
HYK2020-1401	udon_west	うどん	WEST	1	あやうた製麺	香川県	香川県 丸亀市	https://tabelog.com/kagawa/A3702/A370202/37007004/	37007004	https://award.tabelog.com/hyakumeiten/udon_west/2020	105
HYK2020-1402	udon_west	うどん	WEST	2	松下製麺所	香川県	香川県 高松市	https://tabelog.com/kagawa/A3701/A370101/37000033/	37000033	https://award.tabelog.com/hyakumeiten/udon_west/2020	105
HYK2020-1403	udon_west	うどん	WEST	3	山元麺蔵	京都府	京都府 東山駅	https://tabelog.com/kyoto/A2601/A260301/26002504/	26002504	https://award.tabelog.com/hyakumeiten/udon_west/2020	105
HYK2020-1404	udon_west	うどん	WEST	4	なかむら	香川県	香川県 丸亀市	https://tabelog.com/kagawa/A3702/A370202/37000068/	37000068	https://award.tabelog.com/hyakumeiten/udon_west/2020	105
HYK2020-1405	udon_west	うどん	WEST	5	手打ちうどん はりや	香川県	香川県 高松市	https://tabelog.com/kagawa/A3701/A370101/37000049/	37000049	https://award.tabelog.com/hyakumeiten/udon_west/2020	105
HYK2020-1406	udon_west	うどん	WEST	6	讃岐うどん がもう	香川県	香川県 坂出市	https://tabelog.com/kagawa/A3702/A370201/37000019/	37000019	https://award.tabelog.com/hyakumeiten/udon_west/2020	105
HYK2020-1407	udon_west	うどん	WEST	7	饂飩工房 うばら	大阪府	大阪府 大阪上本町駅	https://tabelog.com/osaka/A2701/A270205/27060219/	27060219	https://award.tabelog.com/hyakumeiten/udon_west/2020	105
HYK2020-1408	udon_west	うどん	WEST	8	空飛ぶうどん やまぶき家	大阪府	大阪府 豊中駅	https://tabelog.com/osaka/A2706/A270601/27069779/	27069779	https://award.tabelog.com/hyakumeiten/udon_west/2020	105
HYK2020-1409	udon_west	うどん	WEST	9	釜揚げうどん 鈴庵	奈良県	奈良県 北葛城郡広陵町	https://tabelog.com/nara/A2903/A290301/29004110/	29004110	https://award.tabelog.com/hyakumeiten/udon_west/2020	105
HYK2020-1410	udon_west	うどん	WEST	10	讃岐屋 雅次郎	大阪府	大阪府 久宝寺口駅	https://tabelog.com/osaka/A2707/A270705/27019261/	27019261	https://award.tabelog.com/hyakumeiten/udon_west/2020	105
HYK2020-1411	udon_west	うどん	WEST	11	うどんの田	香川県	香川県 高松市	https://tabelog.com/kagawa/A3701/A370101/37000384/	37000384	https://award.tabelog.com/hyakumeiten/udon_west/2020	105
HYK2020-1412	udon_west	うどん	WEST	12	ふたみうどん研究所	宮崎県	宮崎県 都城市	https://tabelog.com/miyazaki/A4503/A450302/45004957/	45004957	https://award.tabelog.com/hyakumeiten/udon_west/2020	105
HYK2020-1413	udon_west	うどん	WEST	13	本格手打うどん おか泉	香川県	香川県 綾歌郡宇多津町	https://tabelog.com/kagawa/A3702/A370202/37000074/	37000074	https://award.tabelog.com/hyakumeiten/udon_west/2020	105
HYK2020-1414	udon_west	うどん	WEST	14	宮川製麺所	香川県	香川県 善通寺市	https://tabelog.com/kagawa/A3703/A370302/37000128/	37000128	https://award.tabelog.com/hyakumeiten/udon_west/2020	105
HYK2020-1415	udon_west	うどん	WEST	15	手打ちうどん 鶴丸	香川県	香川県 高松市	https://tabelog.com/kagawa/A3701/A370101/37000044/	37000044	https://award.tabelog.com/hyakumeiten/udon_west/2020	105
HYK2020-1416	udon_west	うどん	WEST	16	立花うどん	福岡県	福岡県 久留米市	https://tabelog.com/fukuoka/A4008/A400801/40006354/	40006354	https://award.tabelog.com/hyakumeiten/udon_west/2020	105
HYK2020-1417	udon_west	うどん	WEST	17	極楽うどん Ah-麺	大阪府	大阪府 寺田町駅	https://tabelog.com/osaka/A2701/A270306/27075334/	27075334	https://award.tabelog.com/hyakumeiten/udon_west/2020	105
HYK2020-1418	udon_west	うどん	WEST	18	江戸堀 木田 讃岐うどん	大阪府	大阪府 肥後橋駅	https://tabelog.com/osaka/A2701/A270102/27027893/	27027893	https://award.tabelog.com/hyakumeiten/udon_west/2020	105
HYK2020-1419	udon_west	うどん	WEST	19	宮武うどん	香川県	香川県 高松市	https://tabelog.com/kagawa/A3701/A370101/37005339/	37005339	https://award.tabelog.com/hyakumeiten/udon_west/2020	105
HYK2020-1420	udon_west	うどん	WEST	20	うどん ゆきの	大阪府	大阪府 西田辺駅	https://tabelog.com/osaka/A2701/A270405/27000574/	27000574	https://award.tabelog.com/hyakumeiten/udon_west/2020	105
HYK2020-1421	udon_west	うどん	WEST	21	手打うどん 風月	香川県	香川県 高松市	https://tabelog.com/kagawa/A3701/A370101/37001023/	37001023	https://award.tabelog.com/hyakumeiten/udon_west/2020	105
HYK2020-1422	udon_west	うどん	WEST	22	うどん屋 きすけ	大阪府	大阪府 中崎町駅	https://tabelog.com/osaka/A2701/A270101/27015342/	27015342	https://award.tabelog.com/hyakumeiten/udon_west/2020	105
HYK2020-1423	udon_west	うどん	WEST	23	山下うどん	香川県	香川県 善通寺市	https://tabelog.com/kagawa/A3703/A370302/37000012/	37000012	https://award.tabelog.com/hyakumeiten/udon_west/2020	105
HYK2020-1424	udon_west	うどん	WEST	24	わら家	香川県	香川県 高松市	https://tabelog.com/kagawa/A3701/A370101/37000057/	37000057	https://award.tabelog.com/hyakumeiten/udon_west/2020	105
HYK2020-1425	udon_west	うどん	WEST	25	一匠	徳島県	徳島県 鳴門市	https://tabelog.com/tokushima/A3601/A360102/36002902/	36002902	https://award.tabelog.com/hyakumeiten/udon_west/2020	105
HYK2020-1426	udon_west	うどん	WEST	26	山内うどん店	香川県	香川県 仲多度郡まんのう町	https://tabelog.com/kagawa/A3703/A370302/37000007/	37000007	https://award.tabelog.com/hyakumeiten/udon_west/2020	105
HYK2020-1427	udon_west	うどん	WEST	27	釜揚げうどん 織田薪 本店	宮崎県	宮崎県 宮崎市	https://tabelog.com/miyazaki/A4501/A450101/45001975/	45001975	https://award.tabelog.com/hyakumeiten/udon_west/2020	105
HYK2020-1428	udon_west	うどん	WEST	28	うどん 一福	香川県	香川県 高松市	https://tabelog.com/kagawa/A3701/A370101/37001209/	37001209	https://award.tabelog.com/hyakumeiten/udon_west/2020	105
HYK2020-1429	udon_west	うどん	WEST	29	釜揚うどん一紀	大阪府	大阪府 今宮駅	https://tabelog.com/osaka/A2701/A270406/27059480/	27059480	https://award.tabelog.com/hyakumeiten/udon_west/2020	105
HYK2020-1430	udon_west	うどん	WEST	30	手打うどん たむら	香川県	香川県 綾歌郡綾川町	https://tabelog.com/kagawa/A3702/A370202/37000077/	37000077	https://award.tabelog.com/hyakumeiten/udon_west/2020	105
HYK2020-1431	udon_west	うどん	WEST	31	うどん さか枝	香川県	香川県 高松市	https://tabelog.com/kagawa/A3701/A370101/37000026/	37000026	https://award.tabelog.com/hyakumeiten/udon_west/2020	105
HYK2020-1432	udon_west	うどん	WEST	32	うどん日和	大阪府	大阪府 吉田駅	https://tabelog.com/osaka/A2707/A270703/27023042/	27023042	https://award.tabelog.com/hyakumeiten/udon_west/2020	105
HYK2020-1433	udon_west	うどん	WEST	33	本格手打うどん はゆか	香川県	香川県 綾歌郡綾川町	https://tabelog.com/kagawa/A3702/A370202/37000233/	37000233	https://award.tabelog.com/hyakumeiten/udon_west/2020	105
HYK2020-1434	udon_west	うどん	WEST	34	自家製粉石臼挽きうどん 青空blue 本店	大阪府	大阪府 肥後橋駅	https://tabelog.com/osaka/A2701/A270102/27082212/	27082212	https://award.tabelog.com/hyakumeiten/udon_west/2020	105
HYK2020-1435	udon_west	うどん	WEST	35	谷川米穀店	香川県	香川県 仲多度郡まんのう町	https://tabelog.com/kagawa/A3703/A370302/37000011/	37000011	https://award.tabelog.com/hyakumeiten/udon_west/2020	105
HYK2020-1436	udon_west	うどん	WEST	36	山下うどん	香川県	香川県 坂出市	https://tabelog.com/kagawa/A3702/A370201/37000020/	37000020	https://award.tabelog.com/hyakumeiten/udon_west/2020	105
HYK2020-1437	udon_west	うどん	WEST	37	釜あげうどん 長田 in 香の香	香川県	香川県 善通寺市	https://tabelog.com/kagawa/A3703/A370302/37000015/	37000015	https://award.tabelog.com/hyakumeiten/udon_west/2020	105
HYK2020-1438	udon_west	うどん	WEST	38	吉本食品	香川県	香川県 東かがわ市	https://tabelog.com/kagawa/A3704/A370402/37000684/	37000684	https://award.tabelog.com/hyakumeiten/udon_west/2020	105
HYK2020-1439	udon_west	うどん	WEST	39	純手打うどん よしや	香川県	香川県 丸亀市	https://tabelog.com/kagawa/A3702/A370202/37004606/	37004606	https://award.tabelog.com/hyakumeiten/udon_west/2020	105
HYK2020-1440	udon_west	うどん	WEST	40	ゴッドハンド	香川県	香川県 高松市	https://tabelog.com/kagawa/A3701/A370101/37000710/	37000710	https://award.tabelog.com/hyakumeiten/udon_west/2020	105
HYK2020-1441	udon_west	うどん	WEST	41	カマ喜ri	香川県	香川県 観音寺市	https://tabelog.com/kagawa/A3703/A370301/37006622/	37006622	https://award.tabelog.com/hyakumeiten/udon_west/2020	105
HYK2020-1442	udon_west	うどん	WEST	42	手打うどん 麦蔵	香川県	香川県 高松市	https://tabelog.com/kagawa/A3701/A370101/37000874/	37000874	https://award.tabelog.com/hyakumeiten/udon_west/2020	105
HYK2020-1443	udon_west	うどん	WEST	43	三好うどん	香川県	香川県 三豊市	https://tabelog.com/kagawa/A3703/A370303/37008190/	37008190	https://award.tabelog.com/hyakumeiten/udon_west/2020	105
HYK2020-1444	udon_west	うどん	WEST	44	三嶋製麺所	香川県	香川県 仲多度郡まんのう町	https://tabelog.com/kagawa/A3703/A370302/37000140/	37000140	https://award.tabelog.com/hyakumeiten/udon_west/2020	105
HYK2020-1445	udon_west	うどん	WEST	45	うどん棒 大阪本店	大阪府	大阪府 東梅田駅	https://tabelog.com/osaka/A2701/A270101/27003766/	27003766	https://award.tabelog.com/hyakumeiten/udon_west/2020	105
HYK2020-1446	udon_west	うどん	WEST	46	どとう ぜにや	大阪府	大阪府 堺市中区	https://tabelog.com/osaka/A2705/A270501/27013157/	27013157	https://award.tabelog.com/hyakumeiten/udon_west/2020	105
HYK2020-1447	udon_west	うどん	WEST	47	うぶしな	香川県	香川県 綾歌郡宇多津町	https://tabelog.com/kagawa/A3702/A370202/37000231/	37000231	https://award.tabelog.com/hyakumeiten/udon_west/2020	105
HYK2020-1448	udon_west	うどん	WEST	48	道頓堀 今井 本店	大阪府	大阪府 大阪難波駅	https://tabelog.com/osaka/A2701/A270202/27001289/	27001289	https://award.tabelog.com/hyakumeiten/udon_west/2020	105
HYK2020-1449	udon_west	うどん	WEST	49	たけうちうどん店	大阪府	大阪府 中津（大阪メトロ）駅	https://tabelog.com/osaka/A2701/A270101/27006684/	27006684	https://award.tabelog.com/hyakumeiten/udon_west/2020	105
HYK2020-1450	udon_west	うどん	WEST	50	釜喜利うどん	福岡県	福岡県 赤坂駅	https://tabelog.com/fukuoka/A4001/A400104/40034851/	40034851	https://award.tabelog.com/hyakumeiten/udon_west/2020	105
HYK2020-1451	udon_west	うどん	WEST	51	讃岐うどん 白庵	大阪府	大阪府 神崎川駅	https://tabelog.com/osaka/A2701/A270302/27014852/	27014852	https://award.tabelog.com/hyakumeiten/udon_west/2020	105
HYK2020-1452	udon_west	うどん	WEST	52	JUN大谷製麺処	大阪府	大阪府 なんば（大阪メトロ）駅	https://tabelog.com/osaka/A2701/A270202/27049353/	27049353	https://award.tabelog.com/hyakumeiten/udon_west/2020	105
HYK2020-1453	udon_west	うどん	WEST	53	本格手打 もり家	香川県	香川県 高松市	https://tabelog.com/kagawa/A3701/A370101/37000134/	37000134	https://award.tabelog.com/hyakumeiten/udon_west/2020	105
HYK2020-1454	udon_west	うどん	WEST	54	極楽うどん TKU	大阪府	大阪府 玉造（ＪＲ）駅	https://tabelog.com/osaka/A2701/A270204/27042400/	27042400	https://award.tabelog.com/hyakumeiten/udon_west/2020	105
HYK2020-1455	udon_west	うどん	WEST	55	本格手打うどん 麺むすび	香川県	香川県 高松市	https://tabelog.com/kagawa/A3701/A370101/37004775/	37004775	https://award.tabelog.com/hyakumeiten/udon_west/2020	105
HYK2020-1456	udon_west	うどん	WEST	56	本格さぬきうどん 穂乃香	兵庫県	兵庫県 尼崎（阪神）駅	https://tabelog.com/hyogo/A2803/A280304/28025306/	28025306	https://award.tabelog.com/hyakumeiten/udon_west/2020	105
HYK2020-1457	udon_west	うどん	WEST	57	麦きり トクオカ	兵庫県	兵庫県 土山駅	https://tabelog.com/hyogo/A2804/A280401/28001187/	28001187	https://award.tabelog.com/hyakumeiten/udon_west/2020	105
HYK2020-1458	udon_west	うどん	WEST	58	桂ちゃん	大阪府	大阪府 長原駅	https://tabelog.com/osaka/A2701/A270405/27013633/	27013633	https://award.tabelog.com/hyakumeiten/udon_west/2020	105
HYK2020-1459	udon_west	うどん	WEST	59	麺処 綿谷 丸亀店	香川県	香川県 丸亀市	https://tabelog.com/kagawa/A3702/A370202/37000289/	37000289	https://award.tabelog.com/hyakumeiten/udon_west/2020	105
HYK2020-1460	udon_west	うどん	WEST	60	手造りうどん 楽々	大阪府	大阪府 郡津駅	https://tabelog.com/osaka/A2707/A270704/27011240/	27011240	https://award.tabelog.com/hyakumeiten/udon_west/2020	105
HYK2020-1461	udon_west	うどん	WEST	61	マルタニ製麺	香川県	香川県 高松市	https://tabelog.com/kagawa/A3701/A370101/37000378/	37000378	https://award.tabelog.com/hyakumeiten/udon_west/2020	105
HYK2020-1462	udon_west	うどん	WEST	62	糸庄	富山県	富山県 富山市	https://tabelog.com/toyama/A1601/A160101/16000661/	16000661	https://award.tabelog.com/hyakumeiten/udon_west/2020	105
HYK2020-1463	udon_west	うどん	WEST	63	長田うどん	香川県	香川県 仲多度郡まんのう町	https://tabelog.com/kagawa/A3703/A370302/37000005/	37000005	https://award.tabelog.com/hyakumeiten/udon_west/2020	105
HYK2020-1464	udon_west	うどん	WEST	64	手打うどん 三徳	香川県	香川県 高松市	https://tabelog.com/kagawa/A3701/A370101/37000142/	37000142	https://award.tabelog.com/hyakumeiten/udon_west/2020	105
HYK2020-1465	udon_west	うどん	WEST	65	讃岐うどん 上原屋本店	香川県	香川県 高松市	https://tabelog.com/kagawa/A3701/A370101/37000048/	37000048	https://award.tabelog.com/hyakumeiten/udon_west/2020	105
HYK2020-1466	udon_west	うどん	WEST	66	本格手打うどん 大河	京都府	京都府 藤森駅	https://tabelog.com/kyoto/A2601/A260601/26020260/	26020260	https://award.tabelog.com/hyakumeiten/udon_west/2020	105
HYK2020-1467	udon_west	うどん	WEST	67	讃岐うどん いってつ	大阪府	大阪府 大阪狭山市	https://tabelog.com/osaka/A2708/A270802/27009072/	27009072	https://award.tabelog.com/hyakumeiten/udon_west/2020	105
HYK2020-1468	udon_west	うどん	WEST	68	葉隠うどん	福岡県	福岡県 博多駅	https://tabelog.com/fukuoka/A4001/A400101/40004342/	40004342	https://award.tabelog.com/hyakumeiten/udon_west/2020	105
HYK2020-1469	udon_west	うどん	WEST	69	うどん居酒屋 江戸堀	大阪府	大阪府 肥後橋駅	https://tabelog.com/osaka/A2701/A270102/27094721/	27094721	https://award.tabelog.com/hyakumeiten/udon_west/2020	105
HYK2020-1470	udon_west	うどん	WEST	70	うどん居酒屋 麦笑	大阪府	大阪府 森ノ宮駅	https://tabelog.com/osaka/A2701/A270107/27013801/	27013801	https://award.tabelog.com/hyakumeiten/udon_west/2020	105
HYK2020-1471	udon_west	うどん	WEST	71	うだま 梅田店	大阪府	大阪府 東梅田駅	https://tabelog.com/osaka/A2701/A270101/27056300/	27056300	https://award.tabelog.com/hyakumeiten/udon_west/2020	105
HYK2020-1472	udon_west	うどん	WEST	72	踊るうどん 滝井本店	大阪府	大阪府 滝井駅	https://tabelog.com/osaka/A2707/A270701/27004023/	27004023	https://award.tabelog.com/hyakumeiten/udon_west/2020	105
HYK2020-1473	udon_west	うどん	WEST	73	仁王門 うね乃	京都府	京都府 三条京阪駅	https://tabelog.com/kyoto/A2601/A260301/26023852/	26023852	https://award.tabelog.com/hyakumeiten/udon_west/2020	105
HYK2020-1474	udon_west	うどん	WEST	74	さぬき手打ちうどん 銭形	大阪府	大阪府 服部天神駅	https://tabelog.com/osaka/A2706/A270601/27012525/	27012525	https://award.tabelog.com/hyakumeiten/udon_west/2020	105
HYK2020-1475	udon_west	うどん	WEST	75	須崎食料品店	香川県	香川県 三豊市	https://tabelog.com/kagawa/A3703/A370303/37000143/	37000143	https://award.tabelog.com/hyakumeiten/udon_west/2020	105
HYK2020-1476	udon_west	うどん	WEST	76	活麺富蔵	大阪府	大阪府 四条畷駅	https://tabelog.com/osaka/A2707/A270704/27052338/	27052338	https://award.tabelog.com/hyakumeiten/udon_west/2020	105
HYK2020-1477	udon_west	うどん	WEST	77	うどん 蔵十	大阪府	大阪府 千林大宮駅	https://tabelog.com/osaka/A2701/A270304/27000719/	27000719	https://award.tabelog.com/hyakumeiten/udon_west/2020	105
HYK2020-1478	udon_west	うどん	WEST	78	麦香	香川県	香川県 丸亀市	https://tabelog.com/kagawa/A3702/A370202/37006914/	37006914	https://award.tabelog.com/hyakumeiten/udon_west/2020	105
HYK2020-1479	udon_west	うどん	WEST	79	竹清 本店	香川県	香川県 高松市	https://tabelog.com/kagawa/A3701/A370101/37000051/	37000051	https://award.tabelog.com/hyakumeiten/udon_west/2020	105
HYK2020-1480	udon_west	うどん	WEST	80	白川うどん	香川県	香川県 善通寺市	https://tabelog.com/kagawa/A3703/A370302/37000240/	37000240	https://award.tabelog.com/hyakumeiten/udon_west/2020	105
HYK2020-1481	udon_west	うどん	WEST	81	手打麺や 大島	香川県	香川県 高松市	https://tabelog.com/kagawa/A3701/A370101/37000224/	37000224	https://award.tabelog.com/hyakumeiten/udon_west/2020	105
HYK2020-1482	udon_west	うどん	WEST	82	京うどん 生蕎麦 岡北	京都府	京都府 東山駅	https://tabelog.com/kyoto/A2601/A260301/26000919/	26000919	https://award.tabelog.com/hyakumeiten/udon_west/2020	105
HYK2020-1483	udon_west	うどん	WEST	83	純手打 うどん 勝一	山口県	山口県 山口市	https://tabelog.com/yamaguchi/A3501/A350101/35000311/	35000311	https://award.tabelog.com/hyakumeiten/udon_west/2020	105
HYK2020-1484	udon_west	うどん	WEST	84	根ッ子うどん	香川県	香川県 仲多度郡多度津町	https://tabelog.com/kagawa/A3702/A370202/37000533/	37000533	https://award.tabelog.com/hyakumeiten/udon_west/2020	105
HYK2020-1485	udon_west	うどん	WEST	85	うどん本陣 山田家 讃岐本店	香川県	香川県 高松市	https://tabelog.com/kagawa/A3701/A370101/37000002/	37000002	https://award.tabelog.com/hyakumeiten/udon_west/2020	105
HYK2020-1486	udon_west	うどん	WEST	86	中西うどん	香川県	香川県 高松市	https://tabelog.com/kagawa/A3701/A370101/37000040/	37000040	https://award.tabelog.com/hyakumeiten/udon_west/2020	105
HYK2020-1487	udon_west	うどん	WEST	87	手打ちうどん 団平	大阪府	大阪府 御殿山駅	https://tabelog.com/osaka/A2707/A270702/27006805/	27006805	https://award.tabelog.com/hyakumeiten/udon_west/2020	105
HYK2020-1488	udon_west	うどん	WEST	88	讃岐うどん 今雪	大阪府	大阪府 中崎町駅	https://tabelog.com/osaka/A2701/A270101/27067874/	27067874	https://award.tabelog.com/hyakumeiten/udon_west/2020	105
HYK2020-1489	udon_west	うどん	WEST	89	釜ひろ	大阪府	大阪府 鶴ケ丘駅	https://tabelog.com/osaka/A2701/A270405/27011913/	27011913	https://award.tabelog.com/hyakumeiten/udon_west/2020	105
HYK2020-1490	udon_west	うどん	WEST	90	山越うどん	香川県	香川県 綾歌郡綾川町	https://tabelog.com/kagawa/A3702/A370202/37000080/	37000080	https://award.tabelog.com/hyakumeiten/udon_west/2020	105
HYK2020-1491	udon_west	うどん	WEST	91	うどん 讃く	大阪府	大阪府 新福島駅	https://tabelog.com/osaka/A2701/A270108/27066859/	27066859	https://award.tabelog.com/hyakumeiten/udon_west/2020	105
HYK2020-1492	udon_west	うどん	WEST	92	西端手打 上戸	香川県	香川県 観音寺市	https://tabelog.com/kagawa/A3703/A370301/37000152/	37000152	https://award.tabelog.com/hyakumeiten/udon_west/2020	105
HYK2020-1493	udon_west	うどん	WEST	93	手打ちうどん 紅屋	大阪府	大阪府 滝井駅	https://tabelog.com/osaka/A2707/A270701/27017094/	27017094	https://award.tabelog.com/hyakumeiten/udon_west/2020	105
HYK2020-1494	udon_west	うどん	WEST	94	日の出うどん	京都府	京都府 蹴上駅	https://tabelog.com/kyoto/A2601/A260301/26000815/	26000815	https://award.tabelog.com/hyakumeiten/udon_west/2020	105
HYK2020-1495	udon_west	うどん	WEST	95	うどん工房悠々	兵庫県	兵庫県 塚口（阪急）駅	https://tabelog.com/hyogo/A2803/A280304/28029478/	28029478	https://award.tabelog.com/hyakumeiten/udon_west/2020	105
HYK2020-1496	udon_west	うどん	WEST	96	中村うどん	香川県	香川県 丸亀市	https://tabelog.com/kagawa/A3702/A370202/37000135/	37000135	https://award.tabelog.com/hyakumeiten/udon_west/2020	105
HYK2020-1497	udon_west	うどん	WEST	97	手打十段 うどんバカ一代	香川県	香川県 高松市	https://tabelog.com/kagawa/A3701/A370101/37000242/	37000242	https://award.tabelog.com/hyakumeiten/udon_west/2020	105
HYK2020-1498	udon_west	うどん	WEST	98	シラカワ	香川県	香川県 三豊市	https://tabelog.com/kagawa/A3703/A370303/37000147/	37000147	https://award.tabelog.com/hyakumeiten/udon_west/2020	105
HYK2020-1499	udon_west	うどん	WEST	99	本格手打 いわしや 西宮店	兵庫県	兵庫県 西宮市	https://tabelog.com/hyogo/A2803/A280301/28002495/	28002495	https://award.tabelog.com/hyakumeiten/udon_west/2020	105
HYK2020-1500	udon_west	うどん	WEST	100	本町製麺所 本店	大阪府	大阪府 堺筋本町駅	https://tabelog.com/osaka/A2701/A270106/27014646/	27014646	https://award.tabelog.com/hyakumeiten/udon_west/2020	105
HYK2020-1501	udon_west	うどん	WEST	101	日の出製麺所	香川県	香川県 坂出市	https://tabelog.com/kagawa/A3702/A370201/37000016/	37000016	https://award.tabelog.com/hyakumeiten/udon_west/2020	105
HYK2020-1502	udon_west	うどん	WEST	102	たからや	大阪府	大阪府 八尾南駅	https://tabelog.com/osaka/A2707/A270705/27019530/	27019530	https://award.tabelog.com/hyakumeiten/udon_west/2020	105
HYK2020-1503	udon_west	うどん	WEST	103	讃歌うどん はんげしょう	兵庫県	兵庫県 西宮（阪神）駅	https://tabelog.com/hyogo/A2803/A280301/28026561/	28026561	https://award.tabelog.com/hyakumeiten/udon_west/2020	105
HYK2020-1504	udon_west	うどん	WEST	104	爽月	大阪府	大阪府 粉浜駅	https://tabelog.com/osaka/A2701/A270404/27051701/	27051701	https://award.tabelog.com/hyakumeiten/udon_west/2020	105
HYK2020-1505	udon_west	うどん	WEST	105	がいな製麺所	兵庫県	兵庫県 加西市	https://tabelog.com/hyogo/A2804/A280403/28003753/	28003753	https://award.tabelog.com/hyakumeiten/udon_west/2020	105
HYK2020-1506	yakiniku_tokyo	焼肉	TOKYO	1	正泰苑 芝大門店	東京都	東京都 大門駅	https://tabelog.com/tokyo/A1314/A131401/13005213/	13005213	https://award.tabelog.com/hyakumeiten/yakiniku_tokyo/2020	100
HYK2020-1507	yakiniku_tokyo	焼肉	TOKYO	2	ぴょんぴょん舎  GINZA UNA	東京都	東京都 銀座駅	https://tabelog.com/tokyo/A1301/A130101/13048942/	13048942	https://award.tabelog.com/hyakumeiten/yakiniku_tokyo/2020	100
HYK2020-1508	yakiniku_tokyo	焼肉	TOKYO	3	在市 月島本店	東京都	東京都 月島駅	https://tabelog.com/tokyo/A1313/A131302/13095398/	13095398	https://award.tabelog.com/hyakumeiten/yakiniku_tokyo/2020	100
HYK2020-1509	yakiniku_tokyo	焼肉	TOKYO	4	マルタケ	東京都	東京都 新御茶ノ水駅	https://tabelog.com/tokyo/A1310/A131002/13009120/	13009120	https://award.tabelog.com/hyakumeiten/yakiniku_tokyo/2020	100
HYK2020-1510	yakiniku_tokyo	焼肉	TOKYO	5	焼肉 名門	東京都	東京都 曙橋駅	https://tabelog.com/tokyo/A1309/A130903/13006823/	13006823	https://award.tabelog.com/hyakumeiten/yakiniku_tokyo/2020	100
HYK2020-1511	yakiniku_tokyo	焼肉	TOKYO	6	日本橋イタダキ	東京都	東京都 馬喰横山駅	https://tabelog.com/tokyo/A1302/A130204/13022343/	13022343	https://award.tabelog.com/hyakumeiten/yakiniku_tokyo/2020	100
HYK2020-1512	yakiniku_tokyo	焼肉	TOKYO	7	サトブリDA	東京都	東京都 阿佐ケ谷駅	https://tabelog.com/tokyo/A1319/A131905/13216529/	13216529	https://award.tabelog.com/hyakumeiten/yakiniku_tokyo/2020	100
HYK2020-1513	yakiniku_tokyo	焼肉	TOKYO	8	焼肉 凛	東京都	東京都 月島駅	https://tabelog.com/tokyo/A1313/A131302/13002240/	13002240	https://award.tabelog.com/hyakumeiten/yakiniku_tokyo/2020	100
HYK2020-1514	yakiniku_tokyo	焼肉	TOKYO	9	恵比寿焼肉　kintan	東京都	東京都 恵比寿駅	https://tabelog.com/tokyo/A1303/A130302/13157343/	13157343	https://award.tabelog.com/hyakumeiten/yakiniku_tokyo/2020	100
HYK2020-1515	yakiniku_tokyo	焼肉	TOKYO	10	ホルモンまさる	東京都	東京都 三田駅	https://tabelog.com/tokyo/A1314/A131402/13150755/	13150755	https://award.tabelog.com/hyakumeiten/yakiniku_tokyo/2020	100
HYK2020-1516	yakiniku_tokyo	焼肉	TOKYO	11	かるびあ～の	東京都	東京都 新橋駅	https://tabelog.com/tokyo/A1301/A130103/13026295/	13026295	https://award.tabelog.com/hyakumeiten/yakiniku_tokyo/2020	100
HYK2020-1517	yakiniku_tokyo	焼肉	TOKYO	12	ホルモン道場闇市倶楽部 目黒店	東京都	東京都 目黒駅	https://tabelog.com/tokyo/A1316/A131601/13002038/	13002038	https://award.tabelog.com/hyakumeiten/yakiniku_tokyo/2020	100
HYK2020-1518	yakiniku_tokyo	焼肉	TOKYO	13	亀戸ホルモン 本店	東京都	東京都 亀戸駅	https://tabelog.com/tokyo/A1312/A131202/13008099/	13008099	https://award.tabelog.com/hyakumeiten/yakiniku_tokyo/2020	100
HYK2020-1519	yakiniku_tokyo	焼肉	TOKYO	14	みやび 六本木店	東京都	東京都 六本木一丁目駅	https://tabelog.com/tokyo/A1307/A130702/13095890/	13095890	https://award.tabelog.com/hyakumeiten/yakiniku_tokyo/2020	100
HYK2020-1520	yakiniku_tokyo	焼肉	TOKYO	15	本とさや	東京都	東京都 浅草（つくばＥＸＰ）駅	https://tabelog.com/tokyo/A1311/A131102/13003711/	13003711	https://award.tabelog.com/hyakumeiten/yakiniku_tokyo/2020	100
HYK2020-1521	yakiniku_tokyo	焼肉	TOKYO	16	炭火焼肉 なかはら	東京都	東京都 市ケ谷駅	https://tabelog.com/tokyo/A1309/A130904/13175110/	13175110	https://award.tabelog.com/hyakumeiten/yakiniku_tokyo/2020	100
HYK2020-1522	yakiniku_tokyo	焼肉	TOKYO	17	代官山 焼肉かねこ	東京都	東京都 代官山駅	https://tabelog.com/tokyo/A1303/A130303/13178613/	13178613	https://award.tabelog.com/hyakumeiten/yakiniku_tokyo/2020	100
HYK2020-1523	yakiniku_tokyo	焼肉	TOKYO	18	焼肉 うしみつ一門 目黒店	東京都	東京都 目黒駅	https://tabelog.com/tokyo/A1316/A131601/13208975/	13208975	https://award.tabelog.com/hyakumeiten/yakiniku_tokyo/2020	100
HYK2020-1524	yakiniku_tokyo	焼肉	TOKYO	19	焼肉 ぽんが 目黒本店	東京都	東京都 目黒駅	https://tabelog.com/tokyo/A1316/A131601/13136905/	13136905	https://award.tabelog.com/hyakumeiten/yakiniku_tokyo/2020	100
HYK2020-1525	yakiniku_tokyo	焼肉	TOKYO	20	焼肉芝浦 三宿店	東京都	東京都 祐天寺駅	https://tabelog.com/tokyo/A1317/A131701/13118245/	13118245	https://award.tabelog.com/hyakumeiten/yakiniku_tokyo/2020	100
HYK2020-1526	yakiniku_tokyo	焼肉	TOKYO	21	本牧亭。	東京都	東京都 長原駅	https://tabelog.com/tokyo/A1317/A131714/13010448/	13010448	https://award.tabelog.com/hyakumeiten/yakiniku_tokyo/2020	100
HYK2020-1527	yakiniku_tokyo	焼肉	TOKYO	22	三幸園	東京都	東京都 麻布十番駅	https://tabelog.com/tokyo/A1307/A130702/13002823/	13002823	https://award.tabelog.com/hyakumeiten/yakiniku_tokyo/2020	100
HYK2020-1528	yakiniku_tokyo	焼肉	TOKYO	23	焼肉 ジャンボ 本郷店	東京都	東京都 本郷三丁目駅	https://tabelog.com/tokyo/A1310/A131004/13110601/	13110601	https://award.tabelog.com/hyakumeiten/yakiniku_tokyo/2020	100
HYK2020-1529	yakiniku_tokyo	焼肉	TOKYO	24	肉のすずき	東京都	東京都 浅草（つくばＥＸＰ）駅	https://tabelog.com/tokyo/A1311/A131102/13057827/	13057827	https://award.tabelog.com/hyakumeiten/yakiniku_tokyo/2020	100
HYK2020-1530	yakiniku_tokyo	焼肉	TOKYO	25	正泰苑 新橋店	東京都	東京都 新橋駅	https://tabelog.com/tokyo/A1301/A130103/13054487/	13054487	https://award.tabelog.com/hyakumeiten/yakiniku_tokyo/2020	100
HYK2020-1531	yakiniku_tokyo	焼肉	TOKYO	26	焼肉ヒロミヤ 本店	東京都	東京都 曙橋駅	https://tabelog.com/tokyo/A1309/A130903/13177366/	13177366	https://award.tabelog.com/hyakumeiten/yakiniku_tokyo/2020	100
HYK2020-1532	yakiniku_tokyo	焼肉	TOKYO	27	焼肉うしごろ 銀座店	東京都	東京都 銀座一丁目駅	https://tabelog.com/tokyo/A1301/A130101/13167325/	13167325	https://award.tabelog.com/hyakumeiten/yakiniku_tokyo/2020	100
HYK2020-1533	yakiniku_tokyo	焼肉	TOKYO	28	焼肉 京城 水道橋店	東京都	東京都 水道橋駅	https://tabelog.com/tokyo/A1310/A131003/13000222/	13000222	https://award.tabelog.com/hyakumeiten/yakiniku_tokyo/2020	100
HYK2020-1534	yakiniku_tokyo	焼肉	TOKYO	29	亀戸ホルモン 恵比寿店	東京都	東京都 恵比寿駅	https://tabelog.com/tokyo/A1303/A130302/13041990/	13041990	https://award.tabelog.com/hyakumeiten/yakiniku_tokyo/2020	100
HYK2020-1535	yakiniku_tokyo	焼肉	TOKYO	30	焼肉 いぶさな	東京都	東京都 参宮橋駅	https://tabelog.com/tokyo/A1318/A131810/13221220/	13221220	https://award.tabelog.com/hyakumeiten/yakiniku_tokyo/2020	100
HYK2020-1536	yakiniku_tokyo	焼肉	TOKYO	31	焼肉うしごろ 西麻布本店	東京都	東京都 乃木坂駅	https://tabelog.com/tokyo/A1307/A130701/13124592/	13124592	https://award.tabelog.com/hyakumeiten/yakiniku_tokyo/2020	100
HYK2020-1537	yakiniku_tokyo	焼肉	TOKYO	32	びーふてい 中目黒店	東京都	東京都 中目黒駅	https://tabelog.com/tokyo/A1317/A131701/13003237/	13003237	https://award.tabelog.com/hyakumeiten/yakiniku_tokyo/2020	100
HYK2020-1538	yakiniku_tokyo	焼肉	TOKYO	33	生粋	東京都	東京都 末広町駅	https://tabelog.com/tokyo/A1311/A131101/13165294/	13165294	https://award.tabelog.com/hyakumeiten/yakiniku_tokyo/2020	100
HYK2020-1539	yakiniku_tokyo	焼肉	TOKYO	34	正泰苑 銀座店	東京都	東京都 東銀座駅	https://tabelog.com/tokyo/A1301/A130101/13016578/	13016578	https://award.tabelog.com/hyakumeiten/yakiniku_tokyo/2020	100
HYK2020-1540	yakiniku_tokyo	焼肉	TOKYO	35	おやじ	東京都	東京都 青山一丁目駅	https://tabelog.com/tokyo/A1306/A130603/13042753/	13042753	https://award.tabelog.com/hyakumeiten/yakiniku_tokyo/2020	100
HYK2020-1541	yakiniku_tokyo	焼肉	TOKYO	36	にくがとう 人形町本店	東京都	東京都 人形町駅	https://tabelog.com/tokyo/A1302/A130204/13168436/	13168436	https://award.tabelog.com/hyakumeiten/yakiniku_tokyo/2020	100
HYK2020-1542	yakiniku_tokyo	焼肉	TOKYO	37	羅生門 四谷本店	東京都	東京都 四谷三丁目駅	https://tabelog.com/tokyo/A1309/A130903/13000973/	13000973	https://award.tabelog.com/hyakumeiten/yakiniku_tokyo/2020	100
HYK2020-1543	yakiniku_tokyo	焼肉	TOKYO	38	焼肉酒家 傳々 本店	東京都	東京都 月島駅	https://tabelog.com/tokyo/A1313/A131302/13022287/	13022287	https://award.tabelog.com/hyakumeiten/yakiniku_tokyo/2020	100
HYK2020-1544	yakiniku_tokyo	焼肉	TOKYO	39	肉匠堀越	東京都	東京都 広尾駅	https://tabelog.com/tokyo/A1307/A130703/13183716/	13183716	https://award.tabelog.com/hyakumeiten/yakiniku_tokyo/2020	100
HYK2020-1545	yakiniku_tokyo	焼肉	TOKYO	40	うしごろバンビーナ 恵比寿本店	東京都	東京都 恵比寿駅	https://tabelog.com/tokyo/A1303/A130302/13144971/	13144971	https://award.tabelog.com/hyakumeiten/yakiniku_tokyo/2020	100
HYK2020-1546	yakiniku_tokyo	焼肉	TOKYO	41	焼肉 ジャンボ はなれ	東京都	東京都 本郷三丁目駅	https://tabelog.com/tokyo/A1310/A131004/13160962/	13160962	https://award.tabelog.com/hyakumeiten/yakiniku_tokyo/2020	100
HYK2020-1547	yakiniku_tokyo	焼肉	TOKYO	42	蕃 YORONIKU	東京都	東京都 恵比寿駅	https://tabelog.com/tokyo/A1303/A130302/13211927/	13211927	https://award.tabelog.com/hyakumeiten/yakiniku_tokyo/2020	100
HYK2020-1548	yakiniku_tokyo	焼肉	TOKYO	43	焼肉しみず	東京都	東京都 不動前駅	https://tabelog.com/tokyo/A1317/A131710/13096548/	13096548	https://award.tabelog.com/hyakumeiten/yakiniku_tokyo/2020	100
HYK2020-1549	yakiniku_tokyo	焼肉	TOKYO	44	焼肉 銀座コバウ	東京都	東京都 銀座駅	https://tabelog.com/tokyo/A1301/A130101/13005008/	13005008	https://award.tabelog.com/hyakumeiten/yakiniku_tokyo/2020	100
HYK2020-1550	yakiniku_tokyo	焼肉	TOKYO	45	SATOブリアン 本店	東京都	東京都 阿佐ケ谷駅	https://tabelog.com/tokyo/A1319/A131905/13127046/	13127046	https://award.tabelog.com/hyakumeiten/yakiniku_tokyo/2020	100
HYK2020-1551	yakiniku_tokyo	焼肉	TOKYO	46	スタミナ苑	東京都	東京都 足立区	https://tabelog.com/tokyo/A1323/A132305/13003777/	13003777	https://award.tabelog.com/hyakumeiten/yakiniku_tokyo/2020	100
HYK2020-1552	yakiniku_tokyo	焼肉	TOKYO	47	きらく亭	東京都	東京都 白金高輪駅	https://tabelog.com/tokyo/A1307/A130703/13007145/	13007145	https://award.tabelog.com/hyakumeiten/yakiniku_tokyo/2020	100
HYK2020-1553	yakiniku_tokyo	焼肉	TOKYO	48	銀座 王十里	東京都	東京都 東銀座駅	https://tabelog.com/tokyo/A1301/A130101/13002283/	13002283	https://award.tabelog.com/hyakumeiten/yakiniku_tokyo/2020	100
HYK2020-1554	yakiniku_tokyo	焼肉	TOKYO	49	大幸園 小宮本店	東京都	東京都 小宮駅	https://tabelog.com/tokyo/A1329/A132904/13107594/	13107594	https://award.tabelog.com/hyakumeiten/yakiniku_tokyo/2020	100
HYK2020-1555	yakiniku_tokyo	焼肉	TOKYO	50	よろにく	東京都	東京都 表参道駅	https://tabelog.com/tokyo/A1306/A130602/13042979/	13042979	https://award.tabelog.com/hyakumeiten/yakiniku_tokyo/2020	100
HYK2020-1556	yakiniku_tokyo	焼肉	TOKYO	51	焼肉うしごろ 銀座並木通り店	東京都	東京都 銀座駅	https://tabelog.com/tokyo/A1301/A130101/13226719/	13226719	https://award.tabelog.com/hyakumeiten/yakiniku_tokyo/2020	100
HYK2020-1557	yakiniku_tokyo	焼肉	TOKYO	52	SATOブリアン さんごう	東京都	東京都 阿佐ケ谷駅	https://tabelog.com/tokyo/A1319/A131905/13223460/	13223460	https://award.tabelog.com/hyakumeiten/yakiniku_tokyo/2020	100
HYK2020-1558	yakiniku_tokyo	焼肉	TOKYO	53	うし松	東京都	東京都 広尾駅	https://tabelog.com/tokyo/A1307/A130703/13242515/	13242515	https://award.tabelog.com/hyakumeiten/yakiniku_tokyo/2020	100
HYK2020-1559	yakiniku_tokyo	焼肉	TOKYO	54	赤坂 みすじ	東京都	東京都 赤坂見附駅	https://tabelog.com/tokyo/A1308/A130801/13114946/	13114946	https://award.tabelog.com/hyakumeiten/yakiniku_tokyo/2020	100
HYK2020-1560	yakiniku_tokyo	焼肉	TOKYO	55	赤坂大関 本店	東京都	東京都 赤坂見附駅	https://tabelog.com/tokyo/A1308/A130801/13015197/	13015197	https://award.tabelog.com/hyakumeiten/yakiniku_tokyo/2020	100
HYK2020-1561	yakiniku_tokyo	焼肉	TOKYO	56	炭火焼肉 あもん	東京都	東京都 池袋駅	https://tabelog.com/tokyo/A1305/A130501/13019476/	13019476	https://award.tabelog.com/hyakumeiten/yakiniku_tokyo/2020	100
HYK2020-1562	yakiniku_tokyo	焼肉	TOKYO	57	韓灯	東京都	東京都 月島駅	https://tabelog.com/tokyo/A1313/A131302/13019721/	13019721	https://award.tabelog.com/hyakumeiten/yakiniku_tokyo/2020	100
HYK2020-1563	yakiniku_tokyo	焼肉	TOKYO	58	赤坂 らいもん	東京都	東京都 赤坂見附駅	https://tabelog.com/tokyo/A1308/A130801/13224635/	13224635	https://award.tabelog.com/hyakumeiten/yakiniku_tokyo/2020	100
HYK2020-1564	yakiniku_tokyo	焼肉	TOKYO	59	焼肉 稲田	東京都	東京都 目黒駅	https://tabelog.com/tokyo/A1316/A131601/13049914/	13049914	https://award.tabelog.com/hyakumeiten/yakiniku_tokyo/2020	100
HYK2020-1565	yakiniku_tokyo	焼肉	TOKYO	60	炭火焼肉 牛和鹿 本店	東京都	東京都 門前仲町駅	https://tabelog.com/tokyo/A1313/A131303/13038809/	13038809	https://award.tabelog.com/hyakumeiten/yakiniku_tokyo/2020	100
HYK2020-1566	yakiniku_tokyo	焼肉	TOKYO	61	ホルモン船　ホールちゃん	東京都	東京都 東新宿駅	https://tabelog.com/tokyo/A1304/A130401/13113717/	13113717	https://award.tabelog.com/hyakumeiten/yakiniku_tokyo/2020	100
HYK2020-1567	yakiniku_tokyo	焼肉	TOKYO	62	天空焼肉 星遊山	東京都	東京都 新橋駅	https://tabelog.com/tokyo/A1301/A130103/13002530/	13002530	https://award.tabelog.com/hyakumeiten/yakiniku_tokyo/2020	100
HYK2020-1568	yakiniku_tokyo	焼肉	TOKYO	63	焼肉 鶯谷園	東京都	東京都 鶯谷駅	https://tabelog.com/tokyo/A1311/A131104/13012243/	13012243	https://award.tabelog.com/hyakumeiten/yakiniku_tokyo/2020	100
HYK2020-1569	yakiniku_tokyo	焼肉	TOKYO	64	焼肉くにもと 本店	東京都	東京都 浜松町駅	https://tabelog.com/tokyo/A1314/A131401/13007842/	13007842	https://award.tabelog.com/hyakumeiten/yakiniku_tokyo/2020	100
HYK2020-1570	yakiniku_tokyo	焼肉	TOKYO	65	焼肉 ジャンボ 篠崎本店	東京都	東京都 江戸川区	https://tabelog.com/tokyo/A1312/A131205/13003075/	13003075	https://award.tabelog.com/hyakumeiten/yakiniku_tokyo/2020	100
HYK2020-1571	yakiniku_tokyo	焼肉	TOKYO	66	焼肉 大貫	東京都	東京都 新宿御苑前駅	https://tabelog.com/tokyo/A1304/A130402/13191277/	13191277	https://award.tabelog.com/hyakumeiten/yakiniku_tokyo/2020	100
HYK2020-1572	yakiniku_tokyo	焼肉	TOKYO	67	焼肉 静龍苑	東京都	東京都 清澄白河駅	https://tabelog.com/tokyo/A1313/A131303/13237978/	13237978	https://award.tabelog.com/hyakumeiten/yakiniku_tokyo/2020	100
HYK2020-1573	yakiniku_tokyo	焼肉	TOKYO	68	東京苑 祐天寺	東京都	東京都 祐天寺駅	https://tabelog.com/tokyo/A1317/A131701/13059296/	13059296	https://award.tabelog.com/hyakumeiten/yakiniku_tokyo/2020	100
HYK2020-1574	yakiniku_tokyo	焼肉	TOKYO	69	炭火焼 ゆうじ	東京都	東京都 渋谷駅	https://tabelog.com/tokyo/A1303/A130301/13001794/	13001794	https://award.tabelog.com/hyakumeiten/yakiniku_tokyo/2020	100
HYK2020-1575	yakiniku_tokyo	焼肉	TOKYO	70	西麻布けんしろう	東京都	東京都 広尾駅	https://tabelog.com/tokyo/A1307/A130703/13184885/	13184885	https://award.tabelog.com/hyakumeiten/yakiniku_tokyo/2020	100
HYK2020-1576	yakiniku_tokyo	焼肉	TOKYO	71	飛騨牛一頭家 馬喰一代 銀座	東京都	東京都 銀座一丁目駅	https://tabelog.com/tokyo/A1301/A130101/13104436/	13104436	https://award.tabelog.com/hyakumeiten/yakiniku_tokyo/2020	100
HYK2020-1577	yakiniku_tokyo	焼肉	TOKYO	72	牛和鹿 六本木店	東京都	東京都 六本木駅	https://tabelog.com/tokyo/A1307/A130701/13104930/	13104930	https://award.tabelog.com/hyakumeiten/yakiniku_tokyo/2020	100
HYK2020-1578	yakiniku_tokyo	焼肉	TOKYO	73	焼肉 矢澤 東京	東京都	東京都 日本橋駅	https://tabelog.com/tokyo/A1302/A130202/13168322/	13168322	https://award.tabelog.com/hyakumeiten/yakiniku_tokyo/2020	100
HYK2020-1579	yakiniku_tokyo	焼肉	TOKYO	74	焼肉 ジャンボ 白金	東京都	東京都 白金高輪駅	https://tabelog.com/tokyo/A1316/A131602/13026377/	13026377	https://award.tabelog.com/hyakumeiten/yakiniku_tokyo/2020	100
HYK2020-1580	yakiniku_tokyo	焼肉	TOKYO	75	焼肉五鉄 八丁堀本店	東京都	東京都 宝町駅	https://tabelog.com/tokyo/A1302/A130203/13002399/	13002399	https://award.tabelog.com/hyakumeiten/yakiniku_tokyo/2020	100
HYK2020-1581	yakiniku_tokyo	焼肉	TOKYO	76	李朝園 吉祥寺店	東京都	東京都 吉祥寺駅	https://tabelog.com/tokyo/A1320/A132001/13005772/	13005772	https://award.tabelog.com/hyakumeiten/yakiniku_tokyo/2020	100
HYK2020-1582	yakiniku_tokyo	焼肉	TOKYO	77	ビーフキッチン 中目黒店	東京都	東京都 中目黒駅	https://tabelog.com/tokyo/A1317/A131701/13054178/	13054178	https://award.tabelog.com/hyakumeiten/yakiniku_tokyo/2020	100
HYK2020-1583	yakiniku_tokyo	焼肉	TOKYO	78	SATOブリアン にごう	東京都	東京都 阿佐ケ谷駅	https://tabelog.com/tokyo/A1319/A131905/13159782/	13159782	https://award.tabelog.com/hyakumeiten/yakiniku_tokyo/2020	100
HYK2020-1584	yakiniku_tokyo	焼肉	TOKYO	79	黒牛	東京都	東京都 南新宿駅	https://tabelog.com/tokyo/A1304/A130403/13045232/	13045232	https://award.tabelog.com/hyakumeiten/yakiniku_tokyo/2020	100
HYK2020-1585	yakiniku_tokyo	焼肉	TOKYO	80	游玄亭 西麻布本館	東京都	東京都 六本木駅	https://tabelog.com/tokyo/A1307/A130701/13003488/	13003488	https://award.tabelog.com/hyakumeiten/yakiniku_tokyo/2020	100
HYK2020-1586	yakiniku_tokyo	焼肉	TOKYO	81	焼肉 京城 北千住店	東京都	東京都 北千住駅	https://tabelog.com/tokyo/A1324/A132402/13003740/	13003740	https://award.tabelog.com/hyakumeiten/yakiniku_tokyo/2020	100
HYK2020-1587	yakiniku_tokyo	焼肉	TOKYO	82	うしごろ 貫 恵比寿本店	東京都	東京都 恵比寿駅	https://tabelog.com/tokyo/A1303/A130302/13160330/	13160330	https://award.tabelog.com/hyakumeiten/yakiniku_tokyo/2020	100
HYK2020-1588	yakiniku_tokyo	焼肉	TOKYO	83	炭焼 金竜山	東京都	東京都 白金高輪駅	https://tabelog.com/tokyo/A1316/A131602/13001625/	13001625	https://award.tabelog.com/hyakumeiten/yakiniku_tokyo/2020	100
HYK2020-1589	yakiniku_tokyo	焼肉	TOKYO	84	焼肉くにもと 新館	東京都	東京都 浜松町駅	https://tabelog.com/tokyo/A1314/A131401/13035852/	13035852	https://award.tabelog.com/hyakumeiten/yakiniku_tokyo/2020	100
HYK2020-1590	yakiniku_tokyo	焼肉	TOKYO	85	神泉ホルモン 三百屋	東京都	東京都 神泉駅	https://tabelog.com/tokyo/A1303/A130301/13024281/	13024281	https://award.tabelog.com/hyakumeiten/yakiniku_tokyo/2020	100
HYK2020-1591	yakiniku_tokyo	焼肉	TOKYO	86	たん清	東京都	東京都 秋葉原駅	https://tabelog.com/tokyo/A1310/A131001/13000384/	13000384	https://award.tabelog.com/hyakumeiten/yakiniku_tokyo/2020	100
HYK2020-1592	yakiniku_tokyo	焼肉	TOKYO	87	焼肉 うしみつ 恵比寿本店	東京都	東京都 恵比寿駅	https://tabelog.com/tokyo/A1303/A130302/13204541/	13204541	https://award.tabelog.com/hyakumeiten/yakiniku_tokyo/2020	100
HYK2020-1593	yakiniku_tokyo	焼肉	TOKYO	88	焼肉 綾小路	東京都	東京都 乃木坂駅	https://tabelog.com/tokyo/A1307/A130701/13038804/	13038804	https://award.tabelog.com/hyakumeiten/yakiniku_tokyo/2020	100
HYK2020-1594	yakiniku_tokyo	焼肉	TOKYO	89	正泰苑 総本店	東京都	東京都 荒川七丁目駅	https://tabelog.com/tokyo/A1324/A132401/13003776/	13003776	https://award.tabelog.com/hyakumeiten/yakiniku_tokyo/2020	100
HYK2020-1595	yakiniku_tokyo	焼肉	TOKYO	90	焼肉問屋 牛蔵	東京都	東京都 富士見台駅	https://tabelog.com/tokyo/A1321/A132102/13008910/	13008910	https://award.tabelog.com/hyakumeiten/yakiniku_tokyo/2020	100
HYK2020-1596	yakiniku_tokyo	焼肉	TOKYO	91	USHIGORO S. NISHIAZABU	東京都	東京都 乃木坂駅	https://tabelog.com/tokyo/A1307/A130701/13209611/	13209611	https://award.tabelog.com/hyakumeiten/yakiniku_tokyo/2020	100
HYK2020-1597	yakiniku_tokyo	焼肉	TOKYO	92	和牛焼肉KIM 白金本店	東京都	東京都 白金高輪駅	https://tabelog.com/tokyo/A1316/A131602/13110222/	13110222	https://award.tabelog.com/hyakumeiten/yakiniku_tokyo/2020	100
HYK2020-1598	yakiniku_tokyo	焼肉	TOKYO	93	誇味山	東京都	東京都 乃木坂駅	https://tabelog.com/tokyo/A1307/A130701/13230924/	13230924	https://award.tabelog.com/hyakumeiten/yakiniku_tokyo/2020	100
HYK2020-1599	yakiniku_tokyo	焼肉	TOKYO	94	USHIGORO S. GINZA	東京都	東京都 銀座駅	https://tabelog.com/tokyo/A1301/A130101/13222093/	13222093	https://award.tabelog.com/hyakumeiten/yakiniku_tokyo/2020	100
HYK2020-1600	yakiniku_tokyo	焼肉	TOKYO	95	焼肉 芝浦 駒沢本店	東京都	東京都 世田谷区	https://tabelog.com/tokyo/A1317/A131707/13045307/	13045307	https://award.tabelog.com/hyakumeiten/yakiniku_tokyo/2020	100
HYK2020-1601	yakiniku_tokyo	焼肉	TOKYO	96	東京園	東京都	東京都 東銀座駅	https://tabelog.com/tokyo/A1301/A130101/13002566/	13002566	https://award.tabelog.com/hyakumeiten/yakiniku_tokyo/2020	100
HYK2020-1602	yakiniku_tokyo	焼肉	TOKYO	97	炭火焼肉 ふちおか	東京都	東京都 経堂駅	https://tabelog.com/tokyo/A1318/A131813/13208137/	13208137	https://award.tabelog.com/hyakumeiten/yakiniku_tokyo/2020	100
HYK2020-1603	yakiniku_tokyo	焼肉	TOKYO	98	ら・ぼうふ 用賀本店	東京都	東京都 用賀駅	https://tabelog.com/tokyo/A1317/A131707/13005123/	13005123	https://award.tabelog.com/hyakumeiten/yakiniku_tokyo/2020	100
HYK2020-1604	yakiniku_tokyo	焼肉	TOKYO	99	ホルモン青木	東京都	東京都 亀戸駅	https://tabelog.com/tokyo/A1312/A131202/13059962/	13059962	https://award.tabelog.com/hyakumeiten/yakiniku_tokyo/2020	100
HYK2020-1605	yakiniku_tokyo	焼肉	TOKYO	100	好ちゃん 飯田橋分家	東京都	東京都 飯田橋駅	https://tabelog.com/tokyo/A1309/A130905/13030762/	13030762	https://award.tabelog.com/hyakumeiten/yakiniku_tokyo/2020	100
HYK2020-1606	yakiniku_east	焼肉	EAST	1	まんぷく	愛知県	愛知県 名古屋市中川区	https://tabelog.com/aichi/A2301/A230113/23012328/	23012328	https://award.tabelog.com/hyakumeiten/yakiniku_east/2020	100
HYK2020-1607	yakiniku_east	焼肉	EAST	2	ホルモンショウヤ	愛知県	愛知県 国際センター駅	https://tabelog.com/aichi/A2301/A230101/23044961/	23044961	https://award.tabelog.com/hyakumeiten/yakiniku_east/2020	100
HYK2020-1608	yakiniku_east	焼肉	EAST	3	肉山 名古屋	愛知県	愛知県 栄（名古屋）駅	https://tabelog.com/aichi/A2301/A230103/23056995/	23056995	https://award.tabelog.com/hyakumeiten/yakiniku_east/2020	100
HYK2020-1609	yakiniku_east	焼肉	EAST	4	肉の米内	岩手県	岩手県 盛岡市	https://tabelog.com/iwate/A0301/A030101/3000013/	3000013	https://award.tabelog.com/hyakumeiten/yakiniku_east/2020	100
HYK2020-1610	yakiniku_east	焼肉	EAST	5	塩ホルモン 炭楽	秋田県	秋田県 大仙市	https://tabelog.com/akita/A0504/A050402/5000442/	5000442	https://award.tabelog.com/hyakumeiten/yakiniku_east/2020	100
HYK2020-1611	yakiniku_east	焼肉	EAST	6	もうもう亭	福島県	福島県 郡山市	https://tabelog.com/fukushima/A0702/A070201/7000807/	7000807	https://award.tabelog.com/hyakumeiten/yakiniku_east/2020	100
HYK2020-1612	yakiniku_east	焼肉	EAST	7	昇家 池下向陽荘店	愛知県	愛知県 池下駅	https://tabelog.com/aichi/A2301/A230106/23005795/	23005795	https://award.tabelog.com/hyakumeiten/yakiniku_east/2020	100
HYK2020-1613	yakiniku_east	焼肉	EAST	8	はつかの	静岡県	静岡県 伊東市	https://tabelog.com/shizuoka/A2205/A220503/22003671/	22003671	https://award.tabelog.com/hyakumeiten/yakiniku_east/2020	100
HYK2020-1614	yakiniku_east	焼肉	EAST	9	美奈登	愛知県	愛知県 名古屋市瑞穂区	https://tabelog.com/aichi/A2301/A230112/23005752/	23005752	https://award.tabelog.com/hyakumeiten/yakiniku_east/2020	100
HYK2020-1615	yakiniku_east	焼肉	EAST	10	ぴょんぴょん舎 盛岡駅前店	岩手県	岩手県 盛岡市	https://tabelog.com/iwate/A0301/A030101/3000023/	3000023	https://award.tabelog.com/hyakumeiten/yakiniku_east/2020	100
HYK2020-1616	yakiniku_east	焼肉	EAST	11	焼肉ホルモン せいご 本店	愛知県	愛知県 国際センター駅	https://tabelog.com/aichi/A2301/A230101/23046507/	23046507	https://award.tabelog.com/hyakumeiten/yakiniku_east/2020	100
HYK2020-1617	yakiniku_east	焼肉	EAST	12	炭火焼 ぐら 塩釜本店	宮城県	宮城県 塩竈市	https://tabelog.com/miyagi/A0404/A040404/4008582/	4008582	https://award.tabelog.com/hyakumeiten/yakiniku_east/2020	100
HYK2020-1618	yakiniku_east	焼肉	EAST	13	焼肉や 大善	愛知県	愛知県 知立市	https://tabelog.com/aichi/A2305/A230503/23003688/	23003688	https://award.tabelog.com/hyakumeiten/yakiniku_east/2020	100
HYK2020-1619	yakiniku_east	焼肉	EAST	14	つる屋	神奈川県	神奈川県 関内駅	https://tabelog.com/kanagawa/A1401/A140104/14000856/	14000856	https://award.tabelog.com/hyakumeiten/yakiniku_east/2020	100
HYK2020-1620	yakiniku_east	焼肉	EAST	15	野毛ホルモンセンター	神奈川県	神奈川県 桜木町駅	https://tabelog.com/kanagawa/A1401/A140102/14045993/	14045993	https://award.tabelog.com/hyakumeiten/yakiniku_east/2020	100
HYK2020-1621	yakiniku_east	焼肉	EAST	16	眞佐可	愛知県	愛知県 鶴舞駅	https://tabelog.com/aichi/A2301/A230105/23000156/	23000156	https://award.tabelog.com/hyakumeiten/yakiniku_east/2020	100
HYK2020-1622	yakiniku_east	焼肉	EAST	17	馬場ホルモン	北海道	北海道 旭川市	https://tabelog.com/hokkaido/A0104/A010401/1001340/	1001340	https://award.tabelog.com/hyakumeiten/yakiniku_east/2020	100
HYK2020-1623	yakiniku_east	焼肉	EAST	18	伊勢屋本店	愛知県	愛知県 神宮前駅	https://tabelog.com/aichi/A2301/A230112/23007606/	23007606	https://award.tabelog.com/hyakumeiten/yakiniku_east/2020	100
HYK2020-1624	yakiniku_east	焼肉	EAST	19	しげ吉 横浜元町店	神奈川県	神奈川県 石川町駅	https://tabelog.com/kanagawa/A1401/A140105/14014011/	14014011	https://award.tabelog.com/hyakumeiten/yakiniku_east/2020	100
HYK2020-1625	yakiniku_east	焼肉	EAST	20	昇家 泉店	愛知県	愛知県 久屋大通駅	https://tabelog.com/aichi/A2301/A230103/23000042/	23000042	https://award.tabelog.com/hyakumeiten/yakiniku_east/2020	100
HYK2020-1626	yakiniku_east	焼肉	EAST	21	杏樹亭 岸根店	神奈川県	神奈川県 岸根公園駅	https://tabelog.com/kanagawa/A1401/A140206/14011715/	14011715	https://award.tabelog.com/hyakumeiten/yakiniku_east/2020	100
HYK2020-1627	yakiniku_east	焼肉	EAST	22	炭焼小屋	愛知県	愛知県 国際センター駅	https://tabelog.com/aichi/A2301/A230101/23012283/	23012283	https://award.tabelog.com/hyakumeiten/yakiniku_east/2020	100
HYK2020-1628	yakiniku_east	焼肉	EAST	23	食彩和牛 しげ吉 大和本店	神奈川県	神奈川県 大和駅	https://tabelog.com/kanagawa/A1407/A140702/14003476/	14003476	https://award.tabelog.com/hyakumeiten/yakiniku_east/2020	100
HYK2020-1629	yakiniku_east	焼肉	EAST	24	炭火焼肉 久	秋田県	秋田県 秋田市	https://tabelog.com/akita/A0501/A050101/5009110/	5009110	https://award.tabelog.com/hyakumeiten/yakiniku_east/2020	100
HYK2020-1630	yakiniku_east	焼肉	EAST	25	ほるもん猿	秋田県	秋田県 秋田市	https://tabelog.com/akita/A0501/A050101/5004381/	5004381	https://award.tabelog.com/hyakumeiten/yakiniku_east/2020	100
HYK2020-1631	yakiniku_east	焼肉	EAST	26	関内苑 本店	神奈川県	神奈川県 関内駅	https://tabelog.com/kanagawa/A1401/A140104/14002802/	14002802	https://award.tabelog.com/hyakumeiten/yakiniku_east/2020	100
HYK2020-1632	yakiniku_east	焼肉	EAST	27	柳橋焼にく わにく	愛知県	愛知県 国際センター駅	https://tabelog.com/aichi/A2301/A230101/23067138/	23067138	https://award.tabelog.com/hyakumeiten/yakiniku_east/2020	100
HYK2020-1633	yakiniku_east	焼肉	EAST	28	トトリ 本店	北海道	北海道 資生館小学校前駅	https://tabelog.com/hokkaido/A0101/A010103/1000023/	1000023	https://award.tabelog.com/hyakumeiten/yakiniku_east/2020	100
HYK2020-1634	yakiniku_east	焼肉	EAST	29	昇家 三蔵	愛知県	愛知県 伏見駅	https://tabelog.com/aichi/A2301/A230102/23012280/	23012280	https://award.tabelog.com/hyakumeiten/yakiniku_east/2020	100
HYK2020-1635	yakiniku_east	焼肉	EAST	30	備長炭焼肉としゃぶしゃぶ 仔虎 国分町店	宮城県	宮城県 勾当台公園駅	https://tabelog.com/miyagi/A0401/A040101/4013542/	4013542	https://award.tabelog.com/hyakumeiten/yakiniku_east/2020	100
HYK2020-1636	yakiniku_east	焼肉	EAST	31	黒牛の里 半田店	愛知県	愛知県 半田市	https://tabelog.com/aichi/A2304/A230402/23002578/	23002578	https://award.tabelog.com/hyakumeiten/yakiniku_east/2020	100
HYK2020-1637	yakiniku_east	焼肉	EAST	32	龍園	愛知県	愛知県 一宮市	https://tabelog.com/aichi/A2302/A230201/23012457/	23012457	https://award.tabelog.com/hyakumeiten/yakiniku_east/2020	100
HYK2020-1638	yakiniku_east	焼肉	EAST	33	肉の割烹 田村 大通BISSE店	北海道	北海道 大通駅	https://tabelog.com/hokkaido/A0101/A010102/1029717/	1029717	https://award.tabelog.com/hyakumeiten/yakiniku_east/2020	100
HYK2020-1639	yakiniku_east	焼肉	EAST	34	ヒロ ナゴヤ	愛知県	愛知県 浅間町駅	https://tabelog.com/aichi/A2301/A230109/23059055/	23059055	https://award.tabelog.com/hyakumeiten/yakiniku_east/2020	100
HYK2020-1640	yakiniku_east	焼肉	EAST	35	A5焼肉&手打ち冷麺 二郎 柳橋店	愛知県	愛知県 国際センター駅	https://tabelog.com/aichi/A2301/A230101/23062109/	23062109	https://award.tabelog.com/hyakumeiten/yakiniku_east/2020	100
HYK2020-1641	yakiniku_east	焼肉	EAST	36	肉の割烹 田村  菊水元町店	北海道	北海道 札幌市白石区	https://tabelog.com/hokkaido/A0101/A010301/1005323/	1005323	https://award.tabelog.com/hyakumeiten/yakiniku_east/2020	100
HYK2020-1642	yakiniku_east	焼肉	EAST	37	焼肉 東京山	神奈川県	神奈川県 石川町駅	https://tabelog.com/kanagawa/A1401/A140105/14013921/	14013921	https://award.tabelog.com/hyakumeiten/yakiniku_east/2020	100
HYK2020-1643	yakiniku_east	焼肉	EAST	38	焼肉×ホルモン 溝の口 ひゃくてん	神奈川県	神奈川県 溝の口駅	https://tabelog.com/kanagawa/A1405/A140505/14037400/	14037400	https://award.tabelog.com/hyakumeiten/yakiniku_east/2020	100
HYK2020-1644	yakiniku_east	焼肉	EAST	39	炭焼喰人 本店	神奈川県	神奈川県 センター南駅	https://tabelog.com/kanagawa/A1401/A140203/14001884/	14001884	https://award.tabelog.com/hyakumeiten/yakiniku_east/2020	100
HYK2020-1645	yakiniku_east	焼肉	EAST	40	昇家 正々堂	愛知県	愛知県 栄（名古屋）駅	https://tabelog.com/aichi/A2301/A230103/23007039/	23007039	https://award.tabelog.com/hyakumeiten/yakiniku_east/2020	100
HYK2020-1646	yakiniku_east	焼肉	EAST	41	和牛焼肉じろうや　介 wagyu&sake 名古屋駅前本店	愛知県	愛知県 名鉄名古屋駅	https://tabelog.com/aichi/A2301/A230101/23056573/	23056573	https://award.tabelog.com/hyakumeiten/yakiniku_east/2020	100
HYK2020-1647	yakiniku_east	焼肉	EAST	42	桔梗苑 本店	岐阜県	岐阜県 岐阜市	https://tabelog.com/gifu/A2101/A210101/21000004/	21000004	https://award.tabelog.com/hyakumeiten/yakiniku_east/2020	100
HYK2020-1648	yakiniku_east	焼肉	EAST	43	ぴょんぴょん舎 稲荷町本店	岩手県	岩手県 盛岡市	https://tabelog.com/iwate/A0301/A030101/3000008/	3000008	https://award.tabelog.com/hyakumeiten/yakiniku_east/2020	100
HYK2020-1649	yakiniku_east	焼肉	EAST	44	盛楼閣	岩手県	岩手県 盛岡市	https://tabelog.com/iwate/A0301/A030101/3000020/	3000020	https://award.tabelog.com/hyakumeiten/yakiniku_east/2020	100
HYK2020-1650	yakiniku_east	焼肉	EAST	45	炭火焼肉 ホルモンセンター どうげん	神奈川県	神奈川県 武蔵中原駅	https://tabelog.com/kanagawa/A1405/A140504/14000772/	14000772	https://award.tabelog.com/hyakumeiten/yakiniku_east/2020	100
HYK2020-1651	yakiniku_east	焼肉	EAST	46	治郎丸 野毛店	神奈川県	神奈川県 桜木町駅	https://tabelog.com/kanagawa/A1401/A140102/14057942/	14057942	https://award.tabelog.com/hyakumeiten/yakiniku_east/2020	100
HYK2020-1652	yakiniku_east	焼肉	EAST	47	牛亭	愛知県	愛知県 高岳駅	https://tabelog.com/aichi/A2301/A230104/23012215/	23012215	https://award.tabelog.com/hyakumeiten/yakiniku_east/2020	100
HYK2020-1653	yakiniku_east	焼肉	EAST	48	新羅館 名東本店	愛知県	愛知県 名古屋市名東区	https://tabelog.com/aichi/A2301/A230111/23000966/	23000966	https://award.tabelog.com/hyakumeiten/yakiniku_east/2020	100
HYK2020-1654	yakiniku_east	焼肉	EAST	49	焼肉道食	北海道	北海道 北見市	https://tabelog.com/hokkaido/A0110/A011003/1021776/	1021776	https://award.tabelog.com/hyakumeiten/yakiniku_east/2020	100
HYK2020-1655	yakiniku_east	焼肉	EAST	50	四条ホルモン	北海道	北海道 北見市	https://tabelog.com/hokkaido/A0110/A011003/1004371/	1004371	https://award.tabelog.com/hyakumeiten/yakiniku_east/2020	100
HYK2020-1656	yakiniku_east	焼肉	EAST	51	焼肉 べこ亭 たまプラーザ本店	神奈川県	神奈川県 たまプラーザ駅	https://tabelog.com/kanagawa/A1401/A140201/14012025/	14012025	https://award.tabelog.com/hyakumeiten/yakiniku_east/2020	100
HYK2020-1657	yakiniku_east	焼肉	EAST	52	焼肉・冷麺 三千里	岩手県	岩手県 岩手郡雫石町	https://tabelog.com/iwate/A0301/A030102/3000337/	3000337	https://award.tabelog.com/hyakumeiten/yakiniku_east/2020	100
HYK2020-1658	yakiniku_east	焼肉	EAST	53	肉や大善 大名古屋ビルヂング店	愛知県	愛知県 名鉄名古屋駅	https://tabelog.com/aichi/A2301/A230101/23059322/	23059322	https://award.tabelog.com/hyakumeiten/yakiniku_east/2020	100
HYK2020-1659	yakiniku_east	焼肉	EAST	54	仔虎 エスパル仙台店	宮城県	宮城県 仙台駅	https://tabelog.com/miyagi/A0401/A040101/4017454/	4017454	https://award.tabelog.com/hyakumeiten/yakiniku_east/2020	100
HYK2020-1660	yakiniku_east	焼肉	EAST	55	焼肉旬やさい ファンボギ	岐阜県	岐阜県 岐阜市	https://tabelog.com/gifu/A2101/A210101/21009615/	21009615	https://award.tabelog.com/hyakumeiten/yakiniku_east/2020	100
HYK2020-1661	yakiniku_east	焼肉	EAST	56	焼肉 グルマンズいとう	北海道	北海道 東本願寺前駅	https://tabelog.com/hokkaido/A0101/A010103/1037834/	1037834	https://award.tabelog.com/hyakumeiten/yakiniku_east/2020	100
HYK2020-1662	yakiniku_east	焼肉	EAST	57	炭火焼肉 たけのうち 本店	愛知県	愛知県 庄内通駅	https://tabelog.com/aichi/A2301/A230113/23008521/	23008521	https://award.tabelog.com/hyakumeiten/yakiniku_east/2020	100
HYK2020-1663	yakiniku_east	焼肉	EAST	58	酔笑苑	神奈川県	神奈川県 本厚木駅	https://tabelog.com/kanagawa/A1408/A140802/14001796/	14001796	https://award.tabelog.com/hyakumeiten/yakiniku_east/2020	100
HYK2020-1664	yakiniku_east	焼肉	EAST	59	炭火焼肉ぐら 仙台朝市駅前店	宮城県	宮城県 あおば通駅	https://tabelog.com/miyagi/A0401/A040101/4019691/	4019691	https://award.tabelog.com/hyakumeiten/yakiniku_east/2020	100
HYK2020-1665	yakiniku_east	焼肉	EAST	60	龍園	岩手県	岩手県 奥州市	https://tabelog.com/iwate/A0303/A030302/3000006/	3000006	https://award.tabelog.com/hyakumeiten/yakiniku_east/2020	100
HYK2020-1666	yakiniku_east	焼肉	EAST	61	焼肉　はせ川	神奈川県	神奈川県 小田急相模原駅	https://tabelog.com/kanagawa/A1407/A140701/14033424/	14033424	https://award.tabelog.com/hyakumeiten/yakiniku_east/2020	100
HYK2020-1667	yakiniku_east	焼肉	EAST	62	但馬家幸之助 小淵沢店	山梨県	山梨県 北杜市	https://tabelog.com/yamanashi/A1902/A190201/19000066/	19000066	https://award.tabelog.com/hyakumeiten/yakiniku_east/2020	100
HYK2020-1668	yakiniku_east	焼肉	EAST	63	肉の匠 将泰庵  船橋本店	千葉県	千葉県 京成船橋駅	https://tabelog.com/chiba/A1202/A120201/12026157/	12026157	https://award.tabelog.com/hyakumeiten/yakiniku_east/2020	100
HYK2020-1669	yakiniku_east	焼肉	EAST	64	仙台牛焼肉 花牛	宮城県	宮城県 あおば通駅	https://tabelog.com/miyagi/A0401/A040101/4000133/	4000133	https://award.tabelog.com/hyakumeiten/yakiniku_east/2020	100
HYK2020-1670	yakiniku_east	焼肉	EAST	65	ホルモン・焼肉 キムチ	北海道	北海道 資生館小学校前駅	https://tabelog.com/hokkaido/A0101/A010103/1019191/	1019191	https://award.tabelog.com/hyakumeiten/yakiniku_east/2020	100
HYK2020-1671	yakiniku_east	焼肉	EAST	66	さんか亭	北海道	北海道 札幌市白石区	https://tabelog.com/hokkaido/A0101/A010301/1028834/	1028834	https://award.tabelog.com/hyakumeiten/yakiniku_east/2020	100
HYK2020-1672	yakiniku_east	焼肉	EAST	67	李昇 本館	愛知県	愛知県 久屋大通駅	https://tabelog.com/aichi/A2301/A230103/23007886/	23007886	https://award.tabelog.com/hyakumeiten/yakiniku_east/2020	100
HYK2020-1673	yakiniku_east	焼肉	EAST	68	にくがとう 名古屋店	愛知県	愛知県 栄町駅	https://tabelog.com/aichi/A2301/A230103/23064227/	23064227	https://award.tabelog.com/hyakumeiten/yakiniku_east/2020	100
HYK2020-1674	yakiniku_east	焼肉	EAST	69	炭火焼肉徳重	愛知県	愛知県 徳重駅	https://tabelog.com/aichi/A2301/A230112/23012381/	23012381	https://award.tabelog.com/hyakumeiten/yakiniku_east/2020	100
HYK2020-1675	yakiniku_east	焼肉	EAST	70	焼肉みつ星	愛知県	愛知県 金山駅	https://tabelog.com/aichi/A2301/A230105/23064486/	23064486	https://award.tabelog.com/hyakumeiten/yakiniku_east/2020	100
HYK2020-1676	yakiniku_east	焼肉	EAST	71	竹千代	愛知県	愛知県 新栄町駅	https://tabelog.com/aichi/A2301/A230104/23007634/	23007634	https://award.tabelog.com/hyakumeiten/yakiniku_east/2020	100
HYK2020-1677	yakiniku_east	焼肉	EAST	72	北京	神奈川県	神奈川県 平間駅	https://tabelog.com/kanagawa/A1405/A140504/14001578/	14001578	https://award.tabelog.com/hyakumeiten/yakiniku_east/2020	100
HYK2020-1678	yakiniku_east	焼肉	EAST	73	勢太	愛知県	愛知県 清水駅	https://tabelog.com/aichi/A2301/A230110/23052179/	23052179	https://award.tabelog.com/hyakumeiten/yakiniku_east/2020	100
HYK2020-1679	yakiniku_east	焼肉	EAST	74	焼肉 大河	愛知県	愛知県 新栄町駅	https://tabelog.com/aichi/A2301/A230104/23046007/	23046007	https://award.tabelog.com/hyakumeiten/yakiniku_east/2020	100
HYK2020-1680	yakiniku_east	焼肉	EAST	75	やきにく藤太	岐阜県	岐阜県 養老郡養老町	https://tabelog.com/gifu/A2101/A210103/21000671/	21000671	https://award.tabelog.com/hyakumeiten/yakiniku_east/2020	100
HYK2020-1681	yakiniku_east	焼肉	EAST	76	焼肉園 花牛 清田本店	北海道	北海道 札幌市清田区	https://tabelog.com/hokkaido/A0101/A010304/1033828/	1033828	https://award.tabelog.com/hyakumeiten/yakiniku_east/2020	100
HYK2020-1682	yakiniku_east	焼肉	EAST	77	馬力屋	愛知県	愛知県 浅間町駅	https://tabelog.com/aichi/A2301/A230109/23000645/	23000645	https://award.tabelog.com/hyakumeiten/yakiniku_east/2020	100
HYK2020-1683	yakiniku_east	焼肉	EAST	78	とんちゃんや ふじ	愛知県	愛知県 大須観音駅	https://tabelog.com/aichi/A2301/A230105/23005731/	23005731	https://award.tabelog.com/hyakumeiten/yakiniku_east/2020	100
HYK2020-1684	yakiniku_east	焼肉	EAST	79	焼肉 大衆 本店	神奈川県	神奈川県 日ノ出町駅	https://tabelog.com/kanagawa/A1401/A140102/14000451/	14000451	https://award.tabelog.com/hyakumeiten/yakiniku_east/2020	100
HYK2020-1685	yakiniku_east	焼肉	EAST	80	味蔵天国	岐阜県	岐阜県 高山市	https://tabelog.com/gifu/A2104/A210401/21000286/	21000286	https://award.tabelog.com/hyakumeiten/yakiniku_east/2020	100
HYK2020-1686	yakiniku_east	焼肉	EAST	81	今久 本店	千葉県	千葉県 旭市	https://tabelog.com/chiba/A1205/A120502/12006170/	12006170	https://award.tabelog.com/hyakumeiten/yakiniku_east/2020	100
HYK2020-1687	yakiniku_east	焼肉	EAST	82	米沢牛焼肉 仔虎 仙台駅前店	宮城県	宮城県 仙台駅	https://tabelog.com/miyagi/A0401/A040101/4003320/	4003320	https://award.tabelog.com/hyakumeiten/yakiniku_east/2020	100
HYK2020-1688	yakiniku_east	焼肉	EAST	83	丸明 飛騨高山店	岐阜県	岐阜県 高山市	https://tabelog.com/gifu/A2104/A210401/21000041/	21000041	https://award.tabelog.com/hyakumeiten/yakiniku_east/2020	100
HYK2020-1689	yakiniku_east	焼肉	EAST	84	肉の匠 将泰庵 はなれ 船橋駅前店	千葉県	千葉県 京成船橋駅	https://tabelog.com/chiba/A1202/A120201/12032975/	12032975	https://award.tabelog.com/hyakumeiten/yakiniku_east/2020	100
HYK2020-1690	yakiniku_east	焼肉	EAST	85	飛騨牛一頭家 馬喰一代 岐阜神田	岐阜県	岐阜県 岐阜市	https://tabelog.com/gifu/A2101/A210101/21000284/	21000284	https://award.tabelog.com/hyakumeiten/yakiniku_east/2020	100
HYK2020-1691	yakiniku_east	焼肉	EAST	86	食道園	岩手県	岩手県 盛岡市	https://tabelog.com/iwate/A0301/A030101/3000025/	3000025	https://award.tabelog.com/hyakumeiten/yakiniku_east/2020	100
HYK2020-1692	yakiniku_east	焼肉	EAST	87	ビーフキッチン 横浜店	神奈川県	神奈川県 横浜駅	https://tabelog.com/kanagawa/A1401/A140101/14031061/	14031061	https://award.tabelog.com/hyakumeiten/yakiniku_east/2020	100
HYK2020-1693	yakiniku_east	焼肉	EAST	88	髭	岩手県	岩手県 盛岡市	https://tabelog.com/iwate/A0301/A030101/3000011/	3000011	https://award.tabelog.com/hyakumeiten/yakiniku_east/2020	100
HYK2020-1694	yakiniku_east	焼肉	EAST	89	焼肉 炭こう	群馬県	群馬県 高崎市	https://tabelog.com/gunma/A1001/A100102/10012132/	10012132	https://award.tabelog.com/hyakumeiten/yakiniku_east/2020	100
HYK2020-1695	yakiniku_east	焼肉	EAST	90	焼肉 三水苑 東口店	宮城県	宮城県 宮城野通駅	https://tabelog.com/miyagi/A0401/A040102/4000693/	4000693	https://award.tabelog.com/hyakumeiten/yakiniku_east/2020	100
HYK2020-1696	yakiniku_east	焼肉	EAST	91	焼肉と料理シルクロード	北海道	北海道 桑園駅	https://tabelog.com/hokkaido/A0101/A010105/1000928/	1000928	https://award.tabelog.com/hyakumeiten/yakiniku_east/2020	100
HYK2020-1697	yakiniku_east	焼肉	EAST	92	炭火和牛焼肉 じろうや	愛知県	愛知県 久屋大通駅	https://tabelog.com/aichi/A2301/A230103/23004583/	23004583	https://award.tabelog.com/hyakumeiten/yakiniku_east/2020	100
HYK2020-1698	yakiniku_east	焼肉	EAST	93	USHIHACHI 武蔵小杉店	神奈川県	神奈川県 武蔵小杉駅	https://tabelog.com/kanagawa/A1405/A140504/14061683/	14061683	https://award.tabelog.com/hyakumeiten/yakiniku_east/2020	100
HYK2020-1699	yakiniku_east	焼肉	EAST	94	コサリ	北海道	北海道 東本願寺前駅	https://tabelog.com/hokkaido/A0101/A010103/1012297/	1012297	https://award.tabelog.com/hyakumeiten/yakiniku_east/2020	100
HYK2020-1700	yakiniku_east	焼肉	EAST	95	ホルモン 銀牙	北海道	北海道 すすきの（市営）駅	https://tabelog.com/hokkaido/A0101/A010103/1033174/	1033174	https://award.tabelog.com/hyakumeiten/yakiniku_east/2020	100
HYK2020-1701	yakiniku_east	焼肉	EAST	96	大滝	神奈川県	神奈川県 馬車道駅	https://tabelog.com/kanagawa/A1401/A140104/14014394/	14014394	https://award.tabelog.com/hyakumeiten/yakiniku_east/2020	100
HYK2020-1702	yakiniku_east	焼肉	EAST	97	焼肉グレート 宇都宮駅前店	栃木県	栃木県 宇都宮市	https://tabelog.com/tochigi/A0901/A090101/9011956/	9011956	https://award.tabelog.com/hyakumeiten/yakiniku_east/2020	100
HYK2020-1703	yakiniku_east	焼肉	EAST	98	綾屋	北海道	北海道 すすきの（市営）駅	https://tabelog.com/hokkaido/A0101/A010103/1033027/	1033027	https://award.tabelog.com/hyakumeiten/yakiniku_east/2020	100
HYK2020-1704	yakiniku_east	焼肉	EAST	99	ワイン&焼肉レストラン 承陽庭	愛知県	愛知県 伏見駅	https://tabelog.com/aichi/A2301/A230102/23059423/	23059423	https://award.tabelog.com/hyakumeiten/yakiniku_east/2020	100
HYK2020-1705	yakiniku_east	焼肉	EAST	100	秋田牛玄亭 駅前本店	秋田県	秋田県 秋田市	https://tabelog.com/akita/A0501/A050101/5004372/	5004372	https://award.tabelog.com/hyakumeiten/yakiniku_east/2020	100
HYK2020-1706	yakiniku_west	焼肉	WEST	1	和牛懐石 但馬屋 梅田	大阪府	大阪府 東梅田駅	https://tabelog.com/osaka/A2701/A270101/27015353/	27015353	https://award.tabelog.com/hyakumeiten/yakiniku_west/2020	100
HYK2020-1707	yakiniku_west	焼肉	WEST	2	雄三郎	兵庫県	兵庫県 三ノ宮（ＪＲ）駅	https://tabelog.com/hyogo/A2801/A280101/28043971/	28043971	https://award.tabelog.com/hyakumeiten/yakiniku_west/2020	100
HYK2020-1708	yakiniku_west	焼肉	WEST	3	焼肉 初栄	宮崎県	宮崎県 西臼杵郡高千穂町	https://tabelog.com/miyazaki/A4505/A450502/45000767/	45000767	https://award.tabelog.com/hyakumeiten/yakiniku_west/2020	100
HYK2020-1709	yakiniku_west	焼肉	WEST	4	和牛焼肉 布上 本店	大阪府	大阪府 新福島駅	https://tabelog.com/osaka/A2701/A270108/27040961/	27040961	https://award.tabelog.com/hyakumeiten/yakiniku_west/2020	100
HYK2020-1710	yakiniku_west	焼肉	WEST	5	なり田屋	京都府	京都府 神宮丸太町駅	https://tabelog.com/kyoto/A2601/A260302/26001017/	26001017	https://award.tabelog.com/hyakumeiten/yakiniku_west/2020	100
HYK2020-1711	yakiniku_west	焼肉	WEST	6	北新地 すがはら	大阪府	大阪府 大江橋駅	https://tabelog.com/osaka/A2701/A270101/27000219/	27000219	https://award.tabelog.com/hyakumeiten/yakiniku_west/2020	100
HYK2020-1712	yakiniku_west	焼肉	WEST	7	ホルモン 徳いち	大阪府	大阪府 京橋駅	https://tabelog.com/osaka/A2701/A270107/27055508/	27055508	https://award.tabelog.com/hyakumeiten/yakiniku_west/2020	100
HYK2020-1713	yakiniku_west	焼肉	WEST	8	すすむ	大阪府	大阪府 天神橋筋六丁目駅	https://tabelog.com/osaka/A2701/A270103/27073864/	27073864	https://award.tabelog.com/hyakumeiten/yakiniku_west/2020	100
HYK2020-1714	yakiniku_west	焼肉	WEST	9	多平	大阪府	大阪府 難波（南海）駅	https://tabelog.com/osaka/A2701/A270202/27005087/	27005087	https://award.tabelog.com/hyakumeiten/yakiniku_west/2020	100
HYK2020-1715	yakiniku_west	焼肉	WEST	10	藤むら	京都府	京都府 大宮駅	https://tabelog.com/kyoto/A2601/A260101/26004181/	26004181	https://award.tabelog.com/hyakumeiten/yakiniku_west/2020	100
HYK2020-1716	yakiniku_west	焼肉	WEST	11	和牛 まつした 上通り店	大阪府	大阪府 北新地駅	https://tabelog.com/osaka/A2701/A270101/27086935/	27086935	https://award.tabelog.com/hyakumeiten/yakiniku_west/2020	100
HYK2020-1717	yakiniku_west	焼肉	WEST	12	吟味屋 天満店	大阪府	大阪府 天満駅	https://tabelog.com/osaka/A2701/A270103/27011939/	27011939	https://award.tabelog.com/hyakumeiten/yakiniku_west/2020	100
HYK2020-1718	yakiniku_west	焼肉	WEST	13	万正	大阪府	大阪府 鶴橋駅	https://tabelog.com/osaka/A2701/A270205/27000561/	27000561	https://award.tabelog.com/hyakumeiten/yakiniku_west/2020	100
HYK2020-1719	yakiniku_west	焼肉	WEST	14	にくや萬野	大阪府	大阪府 東梅田駅	https://tabelog.com/osaka/A2701/A270101/27083854/	27083854	https://award.tabelog.com/hyakumeiten/yakiniku_west/2020	100
HYK2020-1720	yakiniku_west	焼肉	WEST	15	電撃ホルモン ツギヱ	大阪府	大阪府 天満駅	https://tabelog.com/osaka/A2701/A270103/27013294/	27013294	https://award.tabelog.com/hyakumeiten/yakiniku_west/2020	100
HYK2020-1721	yakiniku_west	焼肉	WEST	16	やきにくポッサムチプ	兵庫県	兵庫県 兵庫駅	https://tabelog.com/hyogo/A2801/A280109/28002221/	28002221	https://award.tabelog.com/hyakumeiten/yakiniku_west/2020	100
HYK2020-1722	yakiniku_west	焼肉	WEST	17	宮本屋	三重県	三重県 松阪市	https://tabelog.com/mie/A2401/A240102/24000064/	24000064	https://award.tabelog.com/hyakumeiten/yakiniku_west/2020	100
HYK2020-1723	yakiniku_west	焼肉	WEST	18	板前焼肉 一斗 京橋支店	大阪府	大阪府 京橋駅	https://tabelog.com/osaka/A2701/A270107/27005121/	27005121	https://award.tabelog.com/hyakumeiten/yakiniku_west/2020	100
HYK2020-1724	yakiniku_west	焼肉	WEST	19	海南亭 鶴橋店	大阪府	大阪府 鶴橋駅	https://tabelog.com/osaka/A2701/A270205/27000569/	27000569	https://award.tabelog.com/hyakumeiten/yakiniku_west/2020	100
HYK2020-1725	yakiniku_west	焼肉	WEST	20	華	沖縄県	沖縄県 那覇市	https://tabelog.com/okinawa/A4701/A470101/47000296/	47000296	https://award.tabelog.com/hyakumeiten/yakiniku_west/2020	100
HYK2020-1726	yakiniku_west	焼肉	WEST	21	満月	兵庫県	兵庫県 西元町駅	https://tabelog.com/hyogo/A2801/A280102/28000918/	28000918	https://award.tabelog.com/hyakumeiten/yakiniku_west/2020	100
HYK2020-1727	yakiniku_west	焼肉	WEST	22	田無羅	福岡県	福岡県 天神南駅	https://tabelog.com/fukuoka/A4001/A400103/40000441/	40000441	https://award.tabelog.com/hyakumeiten/yakiniku_west/2020	100
HYK2020-1728	yakiniku_west	焼肉	WEST	23	はつだ	京都府	京都府 修学院駅	https://tabelog.com/kyoto/A2601/A260303/26006045/	26006045	https://award.tabelog.com/hyakumeiten/yakiniku_west/2020	100
HYK2020-1729	yakiniku_west	焼肉	WEST	24	きらく	兵庫県	兵庫県 春日野道（阪神）駅	https://tabelog.com/hyogo/A2801/A280103/28005344/	28005344	https://award.tabelog.com/hyakumeiten/yakiniku_west/2020	100
HYK2020-1730	yakiniku_west	焼肉	WEST	25	一升びん 本店	三重県	三重県 松阪市	https://tabelog.com/mie/A2401/A240102/24000073/	24000073	https://award.tabelog.com/hyakumeiten/yakiniku_west/2020	100
HYK2020-1731	yakiniku_west	焼肉	WEST	26	焼肉 白雲台 鶴橋駅前店	大阪府	大阪府 鶴橋駅	https://tabelog.com/osaka/A2701/A270205/27006730/	27006730	https://award.tabelog.com/hyakumeiten/yakiniku_west/2020	100
HYK2020-1732	yakiniku_west	焼肉	WEST	27	大東園 本店	福岡県	福岡県 祇園駅	https://tabelog.com/fukuoka/A4001/A400101/40001664/	40001664	https://award.tabelog.com/hyakumeiten/yakiniku_west/2020	100
HYK2020-1733	yakiniku_west	焼肉	WEST	28	明月館 上本町本店	大阪府	大阪府 鶴橋駅	https://tabelog.com/osaka/A2701/A270205/27002882/	27002882	https://award.tabelog.com/hyakumeiten/yakiniku_west/2020	100
HYK2020-1734	yakiniku_west	焼肉	WEST	29	炭火焼肉屋台 たじま屋	兵庫県	兵庫県 ハーバーランド駅	https://tabelog.com/hyogo/A2801/A280109/28004023/	28004023	https://award.tabelog.com/hyakumeiten/yakiniku_west/2020	100
HYK2020-1735	yakiniku_west	焼肉	WEST	30	哲	大阪府	大阪府 江坂駅	https://tabelog.com/osaka/A2706/A270602/27019684/	27019684	https://award.tabelog.com/hyakumeiten/yakiniku_west/2020	100
HYK2020-1736	yakiniku_west	焼肉	WEST	31	みょうが屋	宮崎県	宮崎県 宮崎市	https://tabelog.com/miyazaki/A4501/A450101/45000273/	45000273	https://award.tabelog.com/hyakumeiten/yakiniku_west/2020	100
HYK2020-1737	yakiniku_west	焼肉	WEST	32	焼肉矢澤 京都	京都府	京都府 四条（京都市営）駅	https://tabelog.com/kyoto/A2601/A260201/26028368/	26028368	https://award.tabelog.com/hyakumeiten/yakiniku_west/2020	100
HYK2020-1738	yakiniku_west	焼肉	WEST	33	京の焼肉処 弘 三条木屋町店	京都府	京都府 三条駅	https://tabelog.com/kyoto/A2601/A260202/26000947/	26000947	https://award.tabelog.com/hyakumeiten/yakiniku_west/2020	100
HYK2020-1739	yakiniku_west	焼肉	WEST	34	うめしま	長崎県	長崎県 壱岐市	https://tabelog.com/nagasaki/A4205/A420502/42000647/	42000647	https://award.tabelog.com/hyakumeiten/yakiniku_west/2020	100
HYK2020-1740	yakiniku_west	焼肉	WEST	35	炭火焼肉 やまもと	沖縄県	沖縄県 石垣市	https://tabelog.com/okinawa/A4705/A470501/47001010/	47001010	https://award.tabelog.com/hyakumeiten/yakiniku_west/2020	100
HYK2020-1741	yakiniku_west	焼肉	WEST	36	又三郎 本店	大阪府	大阪府 長居駅	https://tabelog.com/osaka/A2701/A270404/27057397/	27057397	https://award.tabelog.com/hyakumeiten/yakiniku_west/2020	100
HYK2020-1742	yakiniku_west	焼肉	WEST	37	空 道頓堀店	大阪府	大阪府 大阪難波駅	https://tabelog.com/osaka/A2701/A270202/27001294/	27001294	https://award.tabelog.com/hyakumeiten/yakiniku_west/2020	100
HYK2020-1743	yakiniku_west	焼肉	WEST	38	吉田 新館	大阪府	大阪府 鶴橋駅	https://tabelog.com/osaka/A2701/A270205/27000572/	27000572	https://award.tabelog.com/hyakumeiten/yakiniku_west/2020	100
HYK2020-1744	yakiniku_west	焼肉	WEST	39	焼肉&グリル　貴坂	兵庫県	兵庫県 新開地駅	https://tabelog.com/hyogo/A2801/A280109/28031858/	28031858	https://award.tabelog.com/hyakumeiten/yakiniku_west/2020	100
HYK2020-1745	yakiniku_west	焼肉	WEST	40	甲子園 牛萬	兵庫県	兵庫県 鳴尾・武庫川女子大前駅	https://tabelog.com/hyogo/A2803/A280301/28018032/	28018032	https://award.tabelog.com/hyakumeiten/yakiniku_west/2020	100
HYK2020-1746	yakiniku_west	焼肉	WEST	41	万両 東天満店	大阪府	大阪府 天満橋駅	https://tabelog.com/osaka/A2701/A270103/27003763/	27003763	https://award.tabelog.com/hyakumeiten/yakiniku_west/2020	100
HYK2020-1747	yakiniku_west	焼肉	WEST	42	カウハウス	大阪府	大阪府 桜ノ宮駅	https://tabelog.com/osaka/A2701/A270304/27002226/	27002226	https://award.tabelog.com/hyakumeiten/yakiniku_west/2020	100
HYK2020-1748	yakiniku_west	焼肉	WEST	43	焼肉すどう 本店	熊本県	熊本県 熊本市中央区	https://tabelog.com/kumamoto/A4301/A430101/43008422/	43008422	https://award.tabelog.com/hyakumeiten/yakiniku_west/2020	100
HYK2020-1749	yakiniku_west	焼肉	WEST	44	万両 肥後橋店	大阪府	大阪府 肥後橋駅	https://tabelog.com/osaka/A2701/A270102/27088182/	27088182	https://award.tabelog.com/hyakumeiten/yakiniku_west/2020	100
HYK2020-1750	yakiniku_west	焼肉	WEST	45	きみや	奈良県	奈良県 生駒市	https://tabelog.com/nara/A2901/A290102/29001982/	29001982	https://award.tabelog.com/hyakumeiten/yakiniku_west/2020	100
HYK2020-1751	yakiniku_west	焼肉	WEST	46	鶴屋	兵庫県	兵庫県 三宮（神戸市営）駅	https://tabelog.com/hyogo/A2801/A280101/28007472/	28007472	https://award.tabelog.com/hyakumeiten/yakiniku_west/2020	100
HYK2020-1752	yakiniku_west	焼肉	WEST	47	生ホルモン処 おさむちゃん。	大阪府	大阪府 津久野駅	https://tabelog.com/osaka/A2705/A270501/27052134/	27052134	https://award.tabelog.com/hyakumeiten/yakiniku_west/2020	100
HYK2020-1753	yakiniku_west	焼肉	WEST	48	万両 堺筋本町店	大阪府	大阪府 堺筋本町駅	https://tabelog.com/osaka/A2701/A270106/27010393/	27010393	https://award.tabelog.com/hyakumeiten/yakiniku_west/2020	100
HYK2020-1754	yakiniku_west	焼肉	WEST	49	焼肉政ちゃん	大阪府	大阪府 津守駅	https://tabelog.com/osaka/A2701/A270406/27023255/	27023255	https://award.tabelog.com/hyakumeiten/yakiniku_west/2020	100
HYK2020-1755	yakiniku_west	焼肉	WEST	50	和牛の紀楽	大阪府	大阪府 大阪天満宮駅	https://tabelog.com/osaka/A2701/A270104/27008433/	27008433	https://award.tabelog.com/hyakumeiten/yakiniku_west/2020	100
HYK2020-1756	yakiniku_west	焼肉	WEST	51	祇園鹿六	京都府	京都府 祇園四条駅	https://tabelog.com/kyoto/A2601/A260301/26002425/	26002425	https://award.tabelog.com/hyakumeiten/yakiniku_west/2020	100
HYK2020-1757	yakiniku_west	焼肉	WEST	52	茜	大阪府	大阪府 中津（大阪メトロ）駅	https://tabelog.com/osaka/A2701/A270101/27002500/	27002500	https://award.tabelog.com/hyakumeiten/yakiniku_west/2020	100
HYK2020-1758	yakiniku_west	焼肉	WEST	53	川もり	京都府	京都府 東山駅	https://tabelog.com/kyoto/A2601/A260301/26008216/	26008216	https://award.tabelog.com/hyakumeiten/yakiniku_west/2020	100
HYK2020-1759	yakiniku_west	焼肉	WEST	54	厳選和牛 焼肉 犇屋 天満本店	大阪府	大阪府 天神橋筋六丁目駅	https://tabelog.com/osaka/A2701/A270103/27046669/	27046669	https://award.tabelog.com/hyakumeiten/yakiniku_west/2020	100
HYK2020-1760	yakiniku_west	焼肉	WEST	55	密陽家	岡山県	岡山県 岡山市北区	https://tabelog.com/okayama/A3301/A330101/33010192/	33010192	https://award.tabelog.com/hyakumeiten/yakiniku_west/2020	100
HYK2020-1761	yakiniku_west	焼肉	WEST	56	肉料理　荒川	京都府	京都府 京都河原町駅	https://tabelog.com/kyoto/A2601/A260201/26006491/	26006491	https://award.tabelog.com/hyakumeiten/yakiniku_west/2020	100
HYK2020-1762	yakiniku_west	焼肉	WEST	57	大倉	大阪府	大阪府 鶴橋駅	https://tabelog.com/osaka/A2701/A270205/27000570/	27000570	https://award.tabelog.com/hyakumeiten/yakiniku_west/2020	100
HYK2020-1763	yakiniku_west	焼肉	WEST	58	喜八	沖縄県	沖縄県 宮古島市	https://tabelog.com/okinawa/A4705/A470503/47012014/	47012014	https://award.tabelog.com/hyakumeiten/yakiniku_west/2020	100
HYK2020-1764	yakiniku_west	焼肉	WEST	59	万両 天神橋店	大阪府	大阪府 南森町駅	https://tabelog.com/osaka/A2701/A270103/27013555/	27013555	https://award.tabelog.com/hyakumeiten/yakiniku_west/2020	100
HYK2020-1765	yakiniku_west	焼肉	WEST	60	万葉 八日市店	滋賀県	滋賀県 東近江市	https://tabelog.com/shiga/A2503/A250302/25005328/	25005328	https://award.tabelog.com/hyakumeiten/yakiniku_west/2020	100
HYK2020-1766	yakiniku_west	焼肉	WEST	61	味楽園	兵庫県	兵庫県 出屋敷駅	https://tabelog.com/hyogo/A2803/A280304/28001406/	28001406	https://award.tabelog.com/hyakumeiten/yakiniku_west/2020	100
HYK2020-1767	yakiniku_west	焼肉	WEST	62	炭焼肉　石田屋。 Hanare	兵庫県	兵庫県 三宮（神戸市営）駅	https://tabelog.com/hyogo/A2801/A280101/28028299/	28028299	https://award.tabelog.com/hyakumeiten/yakiniku_west/2020	100
HYK2020-1768	yakiniku_west	焼肉	WEST	63	疾風ホルモン 久茂地本店	沖縄県	沖縄県 那覇市	https://tabelog.com/okinawa/A4701/A470101/47007248/	47007248	https://award.tabelog.com/hyakumeiten/yakiniku_west/2020	100
HYK2020-1769	yakiniku_west	焼肉	WEST	64	力飯店	福岡県	福岡県 天神南駅	https://tabelog.com/fukuoka/A4001/A400103/40005186/	40005186	https://award.tabelog.com/hyakumeiten/yakiniku_west/2020	100
HYK2020-1770	yakiniku_west	焼肉	WEST	65	北新地やまがた屋	大阪府	大阪府 北新地駅	https://tabelog.com/osaka/A2701/A270101/27011099/	27011099	https://award.tabelog.com/hyakumeiten/yakiniku_west/2020	100
HYK2020-1771	yakiniku_west	焼肉	WEST	66	板前焼肉 一斗 天下茶屋本店	大阪府	大阪府 今船駅	https://tabelog.com/osaka/A2701/A270406/27011178/	27011178	https://award.tabelog.com/hyakumeiten/yakiniku_west/2020	100
HYK2020-1772	yakiniku_west	焼肉	WEST	67	炭焼肉 石田屋。 本店	兵庫県	兵庫県 三宮（神戸市営）駅	https://tabelog.com/hyogo/A2801/A280101/28003841/	28003841	https://award.tabelog.com/hyakumeiten/yakiniku_west/2020	100
HYK2020-1773	yakiniku_west	焼肉	WEST	68	利花苑 大名本店	福岡県	福岡県 赤坂駅	https://tabelog.com/fukuoka/A4001/A400104/40000443/	40000443	https://award.tabelog.com/hyakumeiten/yakiniku_west/2020	100
HYK2020-1774	yakiniku_west	焼肉	WEST	69	和牛処 助春	大阪府	大阪府 吉田駅	https://tabelog.com/osaka/A2707/A270703/27003470/	27003470	https://award.tabelog.com/hyakumeiten/yakiniku_west/2020	100
HYK2020-1775	yakiniku_west	焼肉	WEST	70	焼肉萬野 天王寺	大阪府	大阪府 天王寺駅	https://tabelog.com/osaka/A2701/A270203/27019581/	27019581	https://award.tabelog.com/hyakumeiten/yakiniku_west/2020	100
HYK2020-1776	yakiniku_west	焼肉	WEST	71	京の焼肉処 弘 千本三条本店	京都府	京都府 二条駅	https://tabelog.com/kyoto/A2601/A260203/26002138/	26002138	https://award.tabelog.com/hyakumeiten/yakiniku_west/2020	100
HYK2020-1777	yakiniku_west	焼肉	WEST	72	さつま	大阪府	大阪府 大江橋駅	https://tabelog.com/osaka/A2701/A270101/27006074/	27006074	https://award.tabelog.com/hyakumeiten/yakiniku_west/2020	100
HYK2020-1778	yakiniku_west	焼肉	WEST	73	ホルモン 長岡	大阪府	大阪府 中崎町駅	https://tabelog.com/osaka/A2701/A270101/27081974/	27081974	https://award.tabelog.com/hyakumeiten/yakiniku_west/2020	100
HYK2020-1779	yakiniku_west	焼肉	WEST	74	かどやホルモン店	大阪府	大阪府 東梅田駅	https://tabelog.com/osaka/A2701/A270101/27009408/	27009408	https://award.tabelog.com/hyakumeiten/yakiniku_west/2020	100
HYK2020-1780	yakiniku_west	焼肉	WEST	75	焼肉の吉田 本店	大阪府	大阪府 鶴橋駅	https://tabelog.com/osaka/A2701/A270205/27000567/	27000567	https://award.tabelog.com/hyakumeiten/yakiniku_west/2020	100
HYK2020-1781	yakiniku_west	焼肉	WEST	76	蔓牛	大阪府	大阪府 谷町九丁目駅	https://tabelog.com/osaka/A2701/A270202/27010644/	27010644	https://award.tabelog.com/hyakumeiten/yakiniku_west/2020	100
HYK2020-1782	yakiniku_west	焼肉	WEST	77	江畑	京都府	京都府 京都市上京区	https://tabelog.com/kyoto/A2601/A260501/26001035/	26001035	https://award.tabelog.com/hyakumeiten/yakiniku_west/2020	100
HYK2020-1783	yakiniku_west	焼肉	WEST	78	焼肉 八廣	三重県	三重県 津市	https://tabelog.com/mie/A2401/A240101/24001944/	24001944	https://award.tabelog.com/hyakumeiten/yakiniku_west/2020	100
HYK2020-1784	yakiniku_west	焼肉	WEST	79	本家 とらちゃん 法善寺横丁店	大阪府	大阪府 大阪難波駅	https://tabelog.com/osaka/A2701/A270202/27001288/	27001288	https://award.tabelog.com/hyakumeiten/yakiniku_west/2020	100
HYK2020-1785	yakiniku_west	焼肉	WEST	80	柘榴 奈良きみや 別邸	大阪府	大阪府 大江橋駅	https://tabelog.com/osaka/A2701/A270101/27113560/	27113560	https://award.tabelog.com/hyakumeiten/yakiniku_west/2020	100
HYK2020-1786	yakiniku_west	焼肉	WEST	81	焼肉たきもと	大阪府	大阪府 堺市駅	https://tabelog.com/osaka/A2705/A270501/27019731/	27019731	https://award.tabelog.com/hyakumeiten/yakiniku_west/2020	100
HYK2020-1787	yakiniku_west	焼肉	WEST	82	京松蘭 本店	大阪府	大阪府 京橋駅	https://tabelog.com/osaka/A2701/A270107/27090232/	27090232	https://award.tabelog.com/hyakumeiten/yakiniku_west/2020	100
HYK2020-1788	yakiniku_west	焼肉	WEST	83	松蘭	大阪府	大阪府 小路（大阪メトロ）駅	https://tabelog.com/osaka/A2701/A270306/27015864/	27015864	https://award.tabelog.com/hyakumeiten/yakiniku_west/2020	100
HYK2020-1789	yakiniku_west	焼肉	WEST	84	神戸元町 炭火焼肉 くにきや	兵庫県	兵庫県 元町（ＪＲ）駅	https://tabelog.com/hyogo/A2801/A280102/28006104/	28006104	https://award.tabelog.com/hyakumeiten/yakiniku_west/2020	100
HYK2020-1790	yakiniku_west	焼肉	WEST	85	空 鶴橋総本店	大阪府	大阪府 鶴橋駅	https://tabelog.com/osaka/A2701/A270205/27000564/	27000564	https://award.tabelog.com/hyakumeiten/yakiniku_west/2020	100
HYK2020-1791	yakiniku_west	焼肉	WEST	86	焼肉 かっぱ梶岡	大阪府	大阪府 庄内駅	https://tabelog.com/osaka/A2706/A270601/27023459/	27023459	https://award.tabelog.com/hyakumeiten/yakiniku_west/2020	100
HYK2020-1792	yakiniku_west	焼肉	WEST	87	多来多来	京都府	京都府 久世郡久御山町	https://tabelog.com/kyoto/A2607/A260702/26002078/	26002078	https://award.tabelog.com/hyakumeiten/yakiniku_west/2020	100
HYK2020-1793	yakiniku_west	焼肉	WEST	88	焼肉すどう 春吉	福岡県	福岡県 天神南駅	https://tabelog.com/fukuoka/A4001/A400103/40043061/	40043061	https://award.tabelog.com/hyakumeiten/yakiniku_west/2020	100
HYK2020-1794	yakiniku_west	焼肉	WEST	89	和牛 まつした 本通り店	大阪府	大阪府 北新地駅	https://tabelog.com/osaka/A2701/A270101/27018922/	27018922	https://award.tabelog.com/hyakumeiten/yakiniku_west/2020	100
HYK2020-1795	yakiniku_west	焼肉	WEST	90	肉料理とワイン YUZAN 南船場	大阪府	大阪府 松屋町駅	https://tabelog.com/osaka/A2701/A270201/27000597/	27000597	https://award.tabelog.com/hyakumeiten/yakiniku_west/2020	100
HYK2020-1796	yakiniku_west	焼肉	WEST	91	益市 本店	京都府	京都府 西大路駅	https://tabelog.com/kyoto/A2601/A260604/26004812/	26004812	https://award.tabelog.com/hyakumeiten/yakiniku_west/2020	100
HYK2020-1797	yakiniku_west	焼肉	WEST	92	なか田 別邸	大阪府	大阪府 福島駅	https://tabelog.com/osaka/A2701/A270108/27015932/	27015932	https://award.tabelog.com/hyakumeiten/yakiniku_west/2020	100
HYK2020-1798	yakiniku_west	焼肉	WEST	93	ソウル	大阪府	大阪府 ＪＲ難波駅	https://tabelog.com/osaka/A2701/A270202/27003344/	27003344	https://award.tabelog.com/hyakumeiten/yakiniku_west/2020	100
HYK2020-1799	yakiniku_west	焼肉	WEST	94	万両 南森町店	大阪府	大阪府 南森町駅	https://tabelog.com/osaka/A2701/A270103/27002291/	27002291	https://award.tabelog.com/hyakumeiten/yakiniku_west/2020	100
HYK2020-1800	yakiniku_west	焼肉	WEST	95	オカダ食品株式会社	兵庫県	兵庫県 西元町駅	https://tabelog.com/hyogo/A2801/A280102/28042651/	28042651	https://award.tabelog.com/hyakumeiten/yakiniku_west/2020	100
HYK2020-1801	yakiniku_west	焼肉	WEST	96	肉匠なか田 本店	大阪府	大阪府 大阪難波駅	https://tabelog.com/osaka/A2701/A270202/27001305/	27001305	https://award.tabelog.com/hyakumeiten/yakiniku_west/2020	100
HYK2020-1802	yakiniku_west	焼肉	WEST	97	焼肉 弘商店 烏丸錦	京都府	京都府 烏丸駅	https://tabelog.com/kyoto/A2601/A260202/26016840/	26016840	https://award.tabelog.com/hyakumeiten/yakiniku_west/2020	100
HYK2020-1803	yakiniku_west	焼肉	WEST	98	アジェ 松原本店	京都府	京都府 清水五条駅	https://tabelog.com/kyoto/A2601/A260301/26000080/	26000080	https://award.tabelog.com/hyakumeiten/yakiniku_west/2020	100
HYK2020-1804	yakiniku_west	焼肉	WEST	99	北新地 はらみ	大阪府	大阪府 北新地駅	https://tabelog.com/osaka/A2701/A270101/27099114/	27099114	https://award.tabelog.com/hyakumeiten/yakiniku_west/2020	100
HYK2020-1805	yakiniku_west	焼肉	WEST	100	石垣島 きたうち牧場 美崎店	沖縄県	沖縄県 石垣市	https://tabelog.com/okinawa/A4705/A470501/47001554/	47001554	https://award.tabelog.com/hyakumeiten/yakiniku_west/2020	100
HYK2020-1806	yoshoku	洋食	全国	1	マルシェ	兵庫県	兵庫県 花隈駅	https://tabelog.com/hyogo/A2801/A280102/28001012/	28001012	https://award.tabelog.com/hyakumeiten/yoshoku/2020	100
HYK2020-1807	yoshoku	洋食	全国	2	キッチンさくらい	東京都	東京都 御徒町駅	https://tabelog.com/tokyo/A1311/A131101/13118917/	13118917	https://award.tabelog.com/hyakumeiten/yoshoku/2020	100
HYK2020-1808	yoshoku	洋食	全国	3	グリル末松	兵庫県	兵庫県 三ノ宮（ＪＲ）駅	https://tabelog.com/hyogo/A2801/A280101/28000394/	28000394	https://award.tabelog.com/hyakumeiten/yoshoku/2020	100
HYK2020-1809	yoshoku	洋食	全国	4	キッチン南海 神保町店	東京都	東京都 神保町駅	https://tabelog.com/tokyo/A1310/A131003/13000612/	13000612	https://award.tabelog.com/hyakumeiten/yoshoku/2020	100
HYK2020-1810	yoshoku	洋食	全国	5	そよいち	東京都	東京都 人形町駅	https://tabelog.com/tokyo/A1302/A130204/13056047/	13056047	https://award.tabelog.com/hyakumeiten/yoshoku/2020	100
HYK2020-1811	yoshoku	洋食	全国	6	洋食 おがた	京都府	京都府 京都市役所前駅	https://tabelog.com/kyoto/A2601/A260202/26026540/	26026540	https://award.tabelog.com/hyakumeiten/yoshoku/2020	100
HYK2020-1812	yoshoku	洋食	全国	7	グリル一平 新開地本店	兵庫県	兵庫県 新開地駅	https://tabelog.com/hyogo/A2801/A280109/28000390/	28000390	https://award.tabelog.com/hyakumeiten/yoshoku/2020	100
HYK2020-1813	yoshoku	洋食	全国	8	おきな堂	長野県	長野県 松本市	https://tabelog.com/nagano/A2002/A200201/20000098/	20000098	https://award.tabelog.com/hyakumeiten/yoshoku/2020	100
HYK2020-1814	yoshoku	洋食	全国	9	おまかせ亭	東京都	東京都 渋谷駅	https://tabelog.com/tokyo/A1303/A130301/13007048/	13007048	https://award.tabelog.com/hyakumeiten/yoshoku/2020	100
HYK2020-1815	yoshoku	洋食	全国	10	レストラン桂	東京都	東京都 三越前駅	https://tabelog.com/tokyo/A1302/A130202/13011199/	13011199	https://award.tabelog.com/hyakumeiten/yoshoku/2020	100
HYK2020-1816	yoshoku	洋食	全国	11	洋食 小春軒	東京都	東京都 人形町駅	https://tabelog.com/tokyo/A1302/A130204/13003031/	13003031	https://award.tabelog.com/hyakumeiten/yoshoku/2020	100
HYK2020-1817	yoshoku	洋食	全国	12	洋食 泉	大阪府	大阪府 福島駅	https://tabelog.com/osaka/A2701/A270108/27004326/	27004326	https://award.tabelog.com/hyakumeiten/yoshoku/2020	100
HYK2020-1818	yoshoku	洋食	全国	13	三福亭	東京都	東京都 馬喰町駅	https://tabelog.com/tokyo/A1302/A130204/13059379/	13059379	https://award.tabelog.com/hyakumeiten/yoshoku/2020	100
HYK2020-1819	yoshoku	洋食	全国	14	煉瓦亭	東京都	東京都 銀座駅	https://tabelog.com/tokyo/A1301/A130101/13002430/	13002430	https://award.tabelog.com/hyakumeiten/yoshoku/2020	100
HYK2020-1820	yoshoku	洋食	全国	15	レストラン香味屋	東京都	東京都 入谷駅	https://tabelog.com/tokyo/A1311/A131104/13003752/	13003752	https://award.tabelog.com/hyakumeiten/yoshoku/2020	100
HYK2020-1821	yoshoku	洋食	全国	16	麻布食堂	東京都	東京都 広尾駅	https://tabelog.com/tokyo/A1307/A130703/13243727/	13243727	https://award.tabelog.com/hyakumeiten/yoshoku/2020	100
HYK2020-1822	yoshoku	洋食	全国	17	キッチン ノム	愛知県	愛知県 一社駅	https://tabelog.com/aichi/A2301/A230111/23038279/	23038279	https://award.tabelog.com/hyakumeiten/yoshoku/2020	100
HYK2020-1823	yoshoku	洋食	全国	18	レストラン西櫻亭 新宿店	東京都	東京都 新宿三丁目駅	https://tabelog.com/tokyo/A1304/A130401/13012100/	13012100	https://award.tabelog.com/hyakumeiten/yoshoku/2020	100
HYK2020-1824	yoshoku	洋食	全国	19	Ｇｒｉｌｌマッシュ	東京都	東京都 恵比寿駅	https://tabelog.com/tokyo/A1303/A130302/13043306/	13043306	https://award.tabelog.com/hyakumeiten/yoshoku/2020	100
HYK2020-1825	yoshoku	洋食	全国	20	コリス	京都府	京都府 清水五条駅	https://tabelog.com/kyoto/A2601/A260301/26006119/	26006119	https://award.tabelog.com/hyakumeiten/yoshoku/2020	100
HYK2020-1826	yoshoku	洋食	全国	21	新富士本店	大阪府	大阪府 岸里玉出駅	https://tabelog.com/osaka/A2701/A270406/27019800/	27019800	https://award.tabelog.com/hyakumeiten/yoshoku/2020	100
HYK2020-1827	yoshoku	洋食	全国	22	小古食堂	東京都	東京都 東陽町駅	https://tabelog.com/tokyo/A1313/A131303/13111762/	13111762	https://award.tabelog.com/hyakumeiten/yoshoku/2020	100
HYK2020-1828	yoshoku	洋食	全国	23	ルー・ド・メール	東京都	東京都 神田駅	https://tabelog.com/tokyo/A1310/A131002/13009148/	13009148	https://award.tabelog.com/hyakumeiten/yoshoku/2020	100
HYK2020-1829	yoshoku	洋食	全国	24	たいめいけん	東京都	東京都 日本橋駅	https://tabelog.com/tokyo/A1302/A130202/13000488/	13000488	https://award.tabelog.com/hyakumeiten/yoshoku/2020	100
HYK2020-1830	yoshoku	洋食	全国	25	グリル グランド	東京都	東京都 浅草（つくばＥＸＰ）駅	https://tabelog.com/tokyo/A1311/A131102/13008702/	13008702	https://award.tabelog.com/hyakumeiten/yoshoku/2020	100
HYK2020-1831	yoshoku	洋食	全国	26	ゴメンネJIRO	大阪府	大阪府 天満駅	https://tabelog.com/osaka/A2701/A270103/27012753/	27012753	https://award.tabelog.com/hyakumeiten/yoshoku/2020	100
HYK2020-1832	yoshoku	洋食	全国	27	銀之塔	東京都	東京都 東銀座駅	https://tabelog.com/tokyo/A1301/A130101/13002320/	13002320	https://award.tabelog.com/hyakumeiten/yoshoku/2020	100
HYK2020-1833	yoshoku	洋食	全国	28	洋食の店　みしな	京都府	京都府 祇園四条駅	https://tabelog.com/kyoto/A2601/A260301/26001870/	26001870	https://award.tabelog.com/hyakumeiten/yoshoku/2020	100
HYK2020-1834	yoshoku	洋食	全国	29	キッチン パンチ	東京都	東京都 中目黒駅	https://tabelog.com/tokyo/A1317/A131701/13018284/	13018284	https://award.tabelog.com/hyakumeiten/yoshoku/2020	100
HYK2020-1835	yoshoku	洋食	全国	30	蜂の子	東京都	東京都 新富町駅	https://tabelog.com/tokyo/A1313/A131301/13148773/	13148773	https://award.tabelog.com/hyakumeiten/yoshoku/2020	100
HYK2020-1836	yoshoku	洋食	全国	31	南欧料理　アンジュ	愛知県	愛知県 本郷駅	https://tabelog.com/aichi/A2301/A230111/23000400/	23000400	https://award.tabelog.com/hyakumeiten/yoshoku/2020	100
HYK2020-1837	yoshoku	洋食	全国	32	洋食の朝日	兵庫県	兵庫県 西元町駅	https://tabelog.com/hyogo/A2801/A280102/28000591/	28000591	https://award.tabelog.com/hyakumeiten/yoshoku/2020	100
HYK2020-1838	yoshoku	洋食	全国	33	明治軒	大阪府	大阪府 心斎橋駅	https://tabelog.com/osaka/A2701/A270201/27001834/	27001834	https://award.tabelog.com/hyakumeiten/yoshoku/2020	100
HYK2020-1839	yoshoku	洋食	全国	34	赤坂 津つ井 総本店	東京都	東京都 赤坂駅	https://tabelog.com/tokyo/A1307/A130701/13002829/	13002829	https://award.tabelog.com/hyakumeiten/yoshoku/2020	100
HYK2020-1840	yoshoku	洋食	全国	35	ジャンジャンブル	大阪府	大阪府 高槻市駅	https://tabelog.com/osaka/A2706/A270604/27014753/	27014753	https://award.tabelog.com/hyakumeiten/yoshoku/2020	100
HYK2020-1841	yoshoku	洋食	全国	36	小川軒	東京都	東京都 御茶ノ水駅	https://tabelog.com/tokyo/A1310/A131002/13005532/	13005532	https://award.tabelog.com/hyakumeiten/yoshoku/2020	100
HYK2020-1842	yoshoku	洋食	全国	37	洋食 キラク	東京都	東京都 人形町駅	https://tabelog.com/tokyo/A1302/A130204/13003057/	13003057	https://award.tabelog.com/hyakumeiten/yoshoku/2020	100
HYK2020-1843	yoshoku	洋食	全国	38	ザ・カフェ	神奈川県	神奈川県 元町・中華街駅	https://tabelog.com/kanagawa/A1401/A140105/14000136/	14000136	https://award.tabelog.com/hyakumeiten/yoshoku/2020	100
HYK2020-1844	yoshoku	洋食	全国	39	洋食屋牛銀	三重県	三重県 松阪市	https://tabelog.com/mie/A2401/A240102/24000063/	24000063	https://award.tabelog.com/hyakumeiten/yoshoku/2020	100
HYK2020-1845	yoshoku	洋食	全国	40	グリル 小宝	京都府	京都府 東山駅	https://tabelog.com/kyoto/A2601/A260301/26000009/	26000009	https://award.tabelog.com/hyakumeiten/yoshoku/2020	100
HYK2020-1846	yoshoku	洋食	全国	41	ミート矢澤	東京都	東京都 五反田駅	https://tabelog.com/tokyo/A1316/A131603/13042320/	13042320	https://award.tabelog.com/hyakumeiten/yoshoku/2020	100
HYK2020-1847	yoshoku	洋食	全国	42	チャモロ	東京都	東京都 恵比寿駅	https://tabelog.com/tokyo/A1303/A130302/13003160/	13003160	https://award.tabelog.com/hyakumeiten/yoshoku/2020	100
HYK2020-1848	yoshoku	洋食	全国	43	洋食屋 ふじ家	大阪府	大阪府 谷町四丁目駅	https://tabelog.com/osaka/A2701/A270106/27012521/	27012521	https://award.tabelog.com/hyakumeiten/yoshoku/2020	100
HYK2020-1849	yoshoku	洋食	全国	44	グリルフレンチ	京都府	京都府 二条城前駅	https://tabelog.com/kyoto/A2601/A260203/26000658/	26000658	https://award.tabelog.com/hyakumeiten/yoshoku/2020	100
HYK2020-1850	yoshoku	洋食	全国	45	C.D.TAKOH	大阪府	大阪府 大江橋駅	https://tabelog.com/osaka/A2701/A270102/27000621/	27000621	https://award.tabelog.com/hyakumeiten/yoshoku/2020	100
HYK2020-1851	yoshoku	洋食	全国	46	さん源	大阪府	大阪府 長堀橋駅	https://tabelog.com/osaka/A2701/A270201/27003946/	27003946	https://award.tabelog.com/hyakumeiten/yoshoku/2020	100
HYK2020-1852	yoshoku	洋食	全国	47	むさしや	東京都	東京都 新橋駅	https://tabelog.com/tokyo/A1301/A130103/13023938/	13023938	https://award.tabelog.com/hyakumeiten/yoshoku/2020	100
HYK2020-1853	yoshoku	洋食	全国	48	キッチンれん	東京都	東京都 六本木駅	https://tabelog.com/tokyo/A1307/A130701/13014520/	13014520	https://award.tabelog.com/hyakumeiten/yoshoku/2020	100
HYK2020-1854	yoshoku	洋食	全国	49	旬香亭	東京都	東京都 目白駅	https://tabelog.com/tokyo/A1305/A130502/13175757/	13175757	https://award.tabelog.com/hyakumeiten/yoshoku/2020	100
HYK2020-1855	yoshoku	洋食	全国	50	ムグニ	大阪府	大阪府 大阪難波駅	https://tabelog.com/osaka/A2701/A270201/27014566/	27014566	https://award.tabelog.com/hyakumeiten/yoshoku/2020	100
HYK2020-1856	yoshoku	洋食	全国	51	レストラン クインベル	東京都	東京都 両国駅	https://tabelog.com/tokyo/A1312/A131201/13017962/	13017962	https://award.tabelog.com/hyakumeiten/yoshoku/2020	100
HYK2020-1857	yoshoku	洋食	全国	52	レストラン カタヤマ 東向島本店	東京都	東京都 東向島駅	https://tabelog.com/tokyo/A1312/A131203/13017945/	13017945	https://award.tabelog.com/hyakumeiten/yoshoku/2020	100
HYK2020-1858	yoshoku	洋食	全国	53	美味卵家	東京都	東京都 神田駅	https://tabelog.com/tokyo/A1310/A131002/13009141/	13009141	https://award.tabelog.com/hyakumeiten/yoshoku/2020	100
HYK2020-1859	yoshoku	洋食	全国	54	明治の館	栃木県	栃木県 日光市	https://tabelog.com/tochigi/A0903/A090301/9000107/	9000107	https://award.tabelog.com/hyakumeiten/yoshoku/2020	100
HYK2020-1860	yoshoku	洋食	全国	55	重亭	大阪府	大阪府 難波（南海）駅	https://tabelog.com/osaka/A2701/A270202/27001308/	27001308	https://award.tabelog.com/hyakumeiten/yoshoku/2020	100
HYK2020-1861	yoshoku	洋食	全国	56	フランキーアンドトリニティー	東京都	東京都 中野坂上駅	https://tabelog.com/tokyo/A1319/A131903/13046008/	13046008	https://award.tabelog.com/hyakumeiten/yoshoku/2020	100
HYK2020-1862	yoshoku	洋食	全国	57	ヒッコリー 本店	愛知県	愛知県 名古屋市名東区	https://tabelog.com/aichi/A2301/A230111/23000420/	23000420	https://award.tabelog.com/hyakumeiten/yoshoku/2020	100
HYK2020-1863	yoshoku	洋食	全国	58	キッチン チェック	東京都	東京都 池袋駅	https://tabelog.com/tokyo/A1305/A130501/13003941/	13003941	https://award.tabelog.com/hyakumeiten/yoshoku/2020	100
HYK2020-1864	yoshoku	洋食	全国	59	ポトフ	北海道	北海道 札幌市清田区	https://tabelog.com/hokkaido/A0101/A010304/1001222/	1001222	https://award.tabelog.com/hyakumeiten/yoshoku/2020	100
HYK2020-1865	yoshoku	洋食	全国	60	銀座スイス	東京都	東京都 銀座駅	https://tabelog.com/tokyo/A1301/A130101/13002462/	13002462	https://award.tabelog.com/hyakumeiten/yoshoku/2020	100
HYK2020-1866	yoshoku	洋食	全国	61	キッチン心	愛知県	愛知県 藤が丘駅	https://tabelog.com/aichi/A2301/A230111/23013608/	23013608	https://award.tabelog.com/hyakumeiten/yoshoku/2020	100
HYK2020-1867	yoshoku	洋食	全国	62	東洋軒	東京都	東京都 赤坂見附駅	https://tabelog.com/tokyo/A1308/A130801/13164394/	13164394	https://award.tabelog.com/hyakumeiten/yoshoku/2020	100
HYK2020-1868	yoshoku	洋食	全国	63	エルベ	東京都	東京都 東銀座駅	https://tabelog.com/tokyo/A1301/A130101/13007617/	13007617	https://award.tabelog.com/hyakumeiten/yoshoku/2020	100
HYK2020-1869	yoshoku	洋食	全国	64	欧風料理　もん	兵庫県	兵庫県 神戸三宮（阪急）駅	https://tabelog.com/hyogo/A2801/A280101/28000531/	28000531	https://award.tabelog.com/hyakumeiten/yoshoku/2020	100
HYK2020-1870	yoshoku	洋食	全国	65	黒船亭	東京都	東京都 京成上野駅	https://tabelog.com/tokyo/A1311/A131101/13003640/	13003640	https://award.tabelog.com/hyakumeiten/yoshoku/2020	100
HYK2020-1871	yoshoku	洋食	全国	66	洋食 三浦亭	東京都	東京都 武蔵関駅	https://tabelog.com/tokyo/A1321/A132105/13040217/	13040217	https://award.tabelog.com/hyakumeiten/yoshoku/2020	100
HYK2020-1872	yoshoku	洋食	全国	67	七條	東京都	東京都 小川町駅	https://tabelog.com/tokyo/A1310/A131002/13152996/	13152996	https://award.tabelog.com/hyakumeiten/yoshoku/2020	100
HYK2020-1873	yoshoku	洋食	全国	68	厳選洋食さくらい	東京都	東京都 上野広小路駅	https://tabelog.com/tokyo/A1311/A131101/13003638/	13003638	https://award.tabelog.com/hyakumeiten/yoshoku/2020	100
HYK2020-1874	yoshoku	洋食	全国	69	プクプク亭	神奈川県	神奈川県 日吉駅	https://tabelog.com/kanagawa/A1401/A140204/14042473/	14042473	https://award.tabelog.com/hyakumeiten/yoshoku/2020	100
HYK2020-1875	yoshoku	洋食	全国	70	はふう 本店	京都府	京都府 京都市役所前駅	https://tabelog.com/kyoto/A2601/A260202/26000943/	26000943	https://award.tabelog.com/hyakumeiten/yoshoku/2020	100
HYK2020-1876	yoshoku	洋食	全国	71	紅花別館	東京都	東京都 日本橋駅	https://tabelog.com/tokyo/A1302/A130202/13000487/	13000487	https://award.tabelog.com/hyakumeiten/yoshoku/2020	100
HYK2020-1877	yoshoku	洋食	全国	72	御堂筋 ロッヂ	大阪府	大阪府 心斎橋駅	https://tabelog.com/osaka/A2701/A270201/27059987/	27059987	https://award.tabelog.com/hyakumeiten/yoshoku/2020	100
HYK2020-1878	yoshoku	洋食	全国	73	グリル一平 三宮店	兵庫県	兵庫県 三ノ宮（ＪＲ）駅	https://tabelog.com/hyogo/A2801/A280101/28031154/	28031154	https://award.tabelog.com/hyakumeiten/yoshoku/2020	100
HYK2020-1879	yoshoku	洋食	全国	74	洋食キムラ 野毛店	神奈川県	神奈川県 桜木町駅	https://tabelog.com/kanagawa/A1401/A140102/14000046/	14000046	https://award.tabelog.com/hyakumeiten/yoshoku/2020	100
HYK2020-1880	yoshoku	洋食	全国	75	ヨシカミ 浅草店	東京都	東京都 浅草（つくばＥＸＰ）駅	https://tabelog.com/tokyo/A1311/A131102/13003654/	13003654	https://award.tabelog.com/hyakumeiten/yoshoku/2020	100
HYK2020-1881	yoshoku	洋食	全国	76	レストラン・サカキ	東京都	東京都 宝町駅	https://tabelog.com/tokyo/A1302/A130202/13002443/	13002443	https://award.tabelog.com/hyakumeiten/yoshoku/2020	100
HYK2020-1882	yoshoku	洋食	全国	77	Revo 本店	大阪府	大阪府 岸里駅	https://tabelog.com/osaka/A2701/A270406/27007738/	27007738	https://award.tabelog.com/hyakumeiten/yoshoku/2020	100
HYK2020-1883	yoshoku	洋食	全国	78	グリル佐久良	東京都	東京都 浅草（つくばＥＸＰ）駅	https://tabelog.com/tokyo/A1311/A131102/13003755/	13003755	https://award.tabelog.com/hyakumeiten/yoshoku/2020	100
HYK2020-1884	yoshoku	洋食	全国	79	キッチン大正軒	東京都	東京都 有楽町駅	https://tabelog.com/tokyo/A1301/A130102/13054085/	13054085	https://award.tabelog.com/hyakumeiten/yoshoku/2020	100
HYK2020-1885	yoshoku	洋食	全国	80	キッチン たか	東京都	東京都 四谷三丁目駅	https://tabelog.com/tokyo/A1309/A130903/13130525/	13130525	https://award.tabelog.com/hyakumeiten/yoshoku/2020	100
HYK2020-1886	yoshoku	洋食	全国	81	グリルK 千石本店	東京都	東京都 千石駅	https://tabelog.com/tokyo/A1323/A132301/13059129/	13059129	https://award.tabelog.com/hyakumeiten/yoshoku/2020	100
HYK2020-1887	yoshoku	洋食	全国	82	ポッケ	大阪府	大阪府 桃谷駅	https://tabelog.com/osaka/A2701/A270205/27002873/	27002873	https://award.tabelog.com/hyakumeiten/yoshoku/2020	100
HYK2020-1888	yoshoku	洋食	全国	83	ハンバーグ ウィル	東京都	東京都 新宿御苑前駅	https://tabelog.com/tokyo/A1304/A130402/13041176/	13041176	https://award.tabelog.com/hyakumeiten/yoshoku/2020	100
HYK2020-1889	yoshoku	洋食	全国	84	グリルエフ	東京都	東京都 五反田駅	https://tabelog.com/tokyo/A1316/A131603/13001552/	13001552	https://award.tabelog.com/hyakumeiten/yoshoku/2020	100
HYK2020-1890	yoshoku	洋食	全国	85	伊藤グリル	兵庫県	兵庫県 元町（阪神）駅	https://tabelog.com/hyogo/A2801/A280102/28000847/	28000847	https://award.tabelog.com/hyakumeiten/yoshoku/2020	100
HYK2020-1891	yoshoku	洋食	全国	86	Toshi	北海道	北海道 西４丁目駅	https://tabelog.com/hokkaido/A0101/A010102/1009680/	1009680	https://award.tabelog.com/hyakumeiten/yoshoku/2020	100
HYK2020-1892	yoshoku	洋食	全国	87	資生堂パーラー 銀座本店	東京都	東京都 新橋駅	https://tabelog.com/tokyo/A1301/A130101/13004938/	13004938	https://award.tabelog.com/hyakumeiten/yoshoku/2020	100
HYK2020-1893	yoshoku	洋食	全国	88	津々井	東京都	東京都 茅場町駅	https://tabelog.com/tokyo/A1302/A130203/13002395/	13002395	https://award.tabelog.com/hyakumeiten/yoshoku/2020	100
HYK2020-1894	yoshoku	洋食	全国	89	南蛮 銀圓亭	東京都	東京都 銀座駅	https://tabelog.com/tokyo/A1301/A130101/13002305/	13002305	https://award.tabelog.com/hyakumeiten/yoshoku/2020	100
HYK2020-1895	yoshoku	洋食	全国	90	みかわや	東京都	東京都 銀座駅	https://tabelog.com/tokyo/A1301/A130101/13002421/	13002421	https://award.tabelog.com/hyakumeiten/yoshoku/2020	100
HYK2020-1896	yoshoku	洋食	全国	91	グリルばらの木	大阪府	大阪府 心斎橋駅	https://tabelog.com/osaka/A2701/A270201/27000886/	27000886	https://award.tabelog.com/hyakumeiten/yoshoku/2020	100
HYK2020-1897	yoshoku	洋食	全国	92	ウチョウテン	東京都	東京都 都電雑司ケ谷駅	https://tabelog.com/tokyo/A1305/A130501/13003914/	13003914	https://award.tabelog.com/hyakumeiten/yoshoku/2020	100
HYK2020-1898	yoshoku	洋食	全国	93	めぐろ三ツ星食堂	東京都	東京都 目黒駅	https://tabelog.com/tokyo/A1316/A131601/13013942/	13013942	https://award.tabelog.com/hyakumeiten/yoshoku/2020	100
HYK2020-1899	yoshoku	洋食	全国	94	うちだ	東京都	東京都 新小岩駅	https://tabelog.com/tokyo/A1312/A131204/13008124/	13008124	https://award.tabelog.com/hyakumeiten/yoshoku/2020	100
HYK2020-1900	yoshoku	洋食	全国	95	レストラン吾妻	東京都	東京都 本所吾妻橋駅	https://tabelog.com/tokyo/A1312/A131203/13002953/	13002953	https://award.tabelog.com/hyakumeiten/yoshoku/2020	100
HYK2020-1901	yoshoku	洋食	全国	96	洋食屋 綺・Luck	神奈川県	神奈川県 桜木町駅	https://tabelog.com/kanagawa/A1401/A140102/14005150/	14005150	https://award.tabelog.com/hyakumeiten/yoshoku/2020	100
HYK2020-1902	yoshoku	洋食	全国	97	東洋軒 名古屋三越店	愛知県	愛知県 栄（名古屋）駅	https://tabelog.com/aichi/A2301/A230103/23000694/	23000694	https://award.tabelog.com/hyakumeiten/yoshoku/2020	100
HYK2020-1903	yoshoku	洋食	全国	98	洋食の店 橋本	熊本県	熊本県 熊本市中央区	https://tabelog.com/kumamoto/A4301/A430101/43000997/	43000997	https://award.tabelog.com/hyakumeiten/yoshoku/2020	100
HYK2020-1904	yoshoku	洋食	全国	99	ノースコンチネント MACHI NO NAKA	北海道	北海道 大通駅	https://tabelog.com/hokkaido/A0101/A010102/1024277/	1024277	https://award.tabelog.com/hyakumeiten/yoshoku/2020	100
HYK2020-1905	yoshoku	洋食	全国	100	kitchen俊貴	愛知県	愛知県 名古屋市千種区	https://tabelog.com/aichi/A2301/A230114/23070084/	23070084	https://award.tabelog.com/hyakumeiten/yoshoku/2020	100
