tabelog_id	listed_name	prefecture	area_text	tabelog_url	primary_genre	category_slugs	category_labels	listing_count	first_source_url
13100024	ブランジュリー パリの空の下	東京都	東京都 若林駅	https://tabelog.com/tokyo/A1317/A131709/13100024/	パン	bread_tokyo	パン TOKYO	1	https://award.tabelog.com/hyakumeiten/bread_tokyo/2020
13007309	イエンセン	東京都	東京都 代々木八幡駅	https://tabelog.com/tokyo/A1318/A131810/13007309/	パン	bread_tokyo	パン TOKYO	1	https://award.tabelog.com/hyakumeiten/bread_tokyo/2020
13093265	ファクトリー	東京都	東京都 市ケ谷駅	https://tabelog.com/tokyo/A1309/A130904/13093265/	パン	bread_tokyo	パン TOKYO	1	https://award.tabelog.com/hyakumeiten/bread_tokyo/2020
13019888	パネッテリア・アリエッタ 五反田本店	東京都	東京都 五反田駅	https://tabelog.com/tokyo/A1316/A131603/13019888/	パン	bread_tokyo	パン TOKYO	1	https://award.tabelog.com/hyakumeiten/bread_tokyo/2020
13050412	ラトリエ ドゥ プレジール	東京都	東京都 祖師ケ谷大蔵駅	https://tabelog.com/tokyo/A1318/A131814/13050412/	パン	bread_tokyo	パン TOKYO	1	https://award.tabelog.com/hyakumeiten/bread_tokyo/2020
13055881	ブーランジェリー セイジアサクラ	東京都	東京都 高輪台駅	https://tabelog.com/tokyo/A1316/A131603/13055881/	パン	bread_tokyo	パン TOKYO	1	https://award.tabelog.com/hyakumeiten/bread_tokyo/2020
13020396	ジャン・フランソワ Echika表参道	東京都	東京都 表参道駅	https://tabelog.com/tokyo/A1306/A130602/13020396/	パン	bread_tokyo	パン TOKYO	1	https://award.tabelog.com/hyakumeiten/bread_tokyo/2020
13096409	ラ ブティック ドゥ ジョエル・ロブション 丸の内ブリックスクエア店	東京都	東京都 二重橋前駅	https://tabelog.com/tokyo/A1302/A130201/13096409/	パン	bread_tokyo	パン TOKYO	1	https://award.tabelog.com/hyakumeiten/bread_tokyo/2020
13164031	365日	東京都	東京都 代々木公園駅	https://tabelog.com/tokyo/A1318/A131810/13164031/	パン	bread_tokyo	パン TOKYO	1	https://award.tabelog.com/hyakumeiten/bread_tokyo/2020
13090477	パンとエスプレッソと	東京都	東京都 表参道駅	https://tabelog.com/tokyo/A1306/A130602/13090477/	パン	bread_tokyo	パン TOKYO	1	https://award.tabelog.com/hyakumeiten/bread_tokyo/2020
13005831	リンデ 吉祥寺本店	東京都	東京都 吉祥寺駅	https://tabelog.com/tokyo/A1320/A132001/13005831/	パン	bread_tokyo	パン TOKYO	1	https://award.tabelog.com/hyakumeiten/bread_tokyo/2020
13098861	ブーランジェリー スドウ	東京都	東京都 松陰神社前駅	https://tabelog.com/tokyo/A1317/A131709/13098861/	パン	bread_tokyo	パン TOKYO	1	https://award.tabelog.com/hyakumeiten/bread_tokyo/2020
13047751	AOSAN	東京都	東京都 仙川駅	https://tabelog.com/tokyo/A1326/A132601/13047751/	パン	bread_tokyo	パン TOKYO	1	https://award.tabelog.com/hyakumeiten/bread_tokyo/2020
13054419	シニフィアン シニフィエ 日本橋タカシマヤ店	東京都	東京都 日本橋駅	https://tabelog.com/tokyo/A1302/A130202/13054419/	パン	bread_tokyo	パン TOKYO	1	https://award.tabelog.com/hyakumeiten/bread_tokyo/2020
13213156	パン・デ・フィロゾフ	東京都	東京都 神楽坂駅	https://tabelog.com/tokyo/A1309/A130905/13213156/	パン	bread_tokyo	パン TOKYO	1	https://award.tabelog.com/hyakumeiten/bread_tokyo/2020
13003252	エスプリ・ド・ビゴ	東京都	東京都 九品仏駅	https://tabelog.com/tokyo/A1317/A131703/13003252/	パン	bread_tokyo	パン TOKYO	1	https://award.tabelog.com/hyakumeiten/bread_tokyo/2020
13024396	モンシェール 東陽町工場	東京都	東京都 東陽町駅	https://tabelog.com/tokyo/A1313/A131303/13024396/	パン	bread_tokyo	パン TOKYO	1	https://award.tabelog.com/hyakumeiten/bread_tokyo/2020
13010793	マルイチベーグル	東京都	東京都 白金高輪駅	https://tabelog.com/tokyo/A1316/A131602/13010793/	パン	bread_tokyo	パン TOKYO	1	https://award.tabelog.com/hyakumeiten/bread_tokyo/2020
13194633	ル・グルニエ・ア・パン アトレ恵比寿店	東京都	東京都 恵比寿駅	https://tabelog.com/tokyo/A1303/A130302/13194633/	パン	bread_tokyo	パン TOKYO	1	https://award.tabelog.com/hyakumeiten/bread_tokyo/2020
13020237	ラ ブティック ドゥ ジョエル・ロブション 六本木ヒルズ店	東京都	東京都 六本木駅	https://tabelog.com/tokyo/A1307/A130701/13020237/	パン	bread_tokyo	パン TOKYO	1	https://award.tabelog.com/hyakumeiten/bread_tokyo/2020
13048885	ぶーる・ぶーる・ぶらんじぇり	東京都	東京都 八王子駅	https://tabelog.com/tokyo/A1329/A132904/13048885/	パン	bread_tokyo	パン TOKYO	1	https://award.tabelog.com/hyakumeiten/bread_tokyo/2020
13108159	BAGEL STANDARD	東京都	東京都 中目黒駅	https://tabelog.com/tokyo/A1317/A131701/13108159/	パン	bread_tokyo	パン TOKYO	1	https://award.tabelog.com/hyakumeiten/bread_tokyo/2020
13011374	ル・グルニエ・ア・パン	東京都	東京都 半蔵門駅	https://tabelog.com/tokyo/A1308/A130803/13011374/	パン	bread_tokyo	パン TOKYO	1	https://award.tabelog.com/hyakumeiten/bread_tokyo/2020
13044382	ジャンティーユ	東京都	東京都 目黒駅	https://tabelog.com/tokyo/A1316/A131601/13044382/	パン	bread_tokyo	パン TOKYO	1	https://award.tabelog.com/hyakumeiten/bread_tokyo/2020
13147689	ラトリエ･デュ･パン	東京都	東京都 六本木駅	https://tabelog.com/tokyo/A1307/A130701/13147689/	パン	bread_tokyo	パン TOKYO	1	https://award.tabelog.com/hyakumeiten/bread_tokyo/2020
13045550	ネモ・ベーカリー＆カフェ 武蔵小山 本店	東京都	東京都 武蔵小山駅	https://tabelog.com/tokyo/A1317/A131710/13045550/	パン	bread_tokyo	パン TOKYO	1	https://award.tabelog.com/hyakumeiten/bread_tokyo/2020
13157424	セントル ザ・ベーカリー	東京都	東京都 銀座一丁目駅	https://tabelog.com/tokyo/A1301/A130101/13157424/	パン	bread_tokyo	パン TOKYO	1	https://award.tabelog.com/hyakumeiten/bread_tokyo/2020
13185945	パーラー江古田	東京都	東京都 新桜台駅	https://tabelog.com/tokyo/A1321/A132101/13185945/	パン	bread_tokyo	パン TOKYO	1	https://award.tabelog.com/hyakumeiten/bread_tokyo/2020
13174215	SONKA	東京都	東京都 南阿佐ケ谷駅	https://tabelog.com/tokyo/A1319/A131905/13174215/	パン	bread_tokyo	パン TOKYO	1	https://award.tabelog.com/hyakumeiten/bread_tokyo/2020
13162267	ザ・シティ・ベーカリー 品川	東京都	東京都 品川駅	https://tabelog.com/tokyo/A1314/A131403/13162267/	パン	bread_tokyo	パン TOKYO	1	https://award.tabelog.com/hyakumeiten/bread_tokyo/2020
13043904	VIRON	東京都	東京都 東京駅	https://tabelog.com/tokyo/A1302/A130201/13043904/	パン	bread_tokyo	パン TOKYO	1	https://award.tabelog.com/hyakumeiten/bread_tokyo/2020
13035704	アルチザン・ブーランジェ・クピド	東京都	東京都 奥沢駅	https://tabelog.com/tokyo/A1317/A131711/13035704/	パン	bread_tokyo	パン TOKYO	1	https://award.tabelog.com/hyakumeiten/bread_tokyo/2020
13056438	パサージュ ア ニヴォ	東京都	東京都 武蔵境駅	https://tabelog.com/tokyo/A1320/A132003/13056438/	パン	bread_tokyo	パン TOKYO	1	https://award.tabelog.com/hyakumeiten/bread_tokyo/2020
13129736	トラスパレンテ 学芸大学	東京都	東京都 学芸大学駅	https://tabelog.com/tokyo/A1317/A131702/13129736/	パン	bread_tokyo	パン TOKYO	1	https://award.tabelog.com/hyakumeiten/bread_tokyo/2020
13056511	カフェむぎわらい	東京都	東京都 三ノ輪橋駅	https://tabelog.com/tokyo/A1311/A131104/13056511/	パン	bread_tokyo	パン TOKYO	1	https://award.tabelog.com/hyakumeiten/bread_tokyo/2020
13093803	TOLO PAN TOKYO	東京都	東京都 池尻大橋駅	https://tabelog.com/tokyo/A1317/A131705/13093803/	パン	bread_tokyo	パン TOKYO	1	https://award.tabelog.com/hyakumeiten/bread_tokyo/2020
13193559	ル パン ドゥ ジョエル･ロブション ニュウマン新宿店	東京都	東京都 新宿駅	https://tabelog.com/tokyo/A1304/A130401/13193559/	パン	bread_tokyo	パン TOKYO	1	https://award.tabelog.com/hyakumeiten/bread_tokyo/2020
13048404	イトキト	東京都	東京都 大岡山駅	https://tabelog.com/tokyo/A1317/A131711/13048404/	パン	bread_tokyo	パン TOKYO	1	https://award.tabelog.com/hyakumeiten/bread_tokyo/2020
13014064	ラ ブティック ドゥ ジョエル・ロブション 恵比寿ガーデンプレイス店	東京都	東京都 恵比寿駅	https://tabelog.com/tokyo/A1303/A130302/13014064/	パン	bread_tokyo	パン TOKYO	1	https://award.tabelog.com/hyakumeiten/bread_tokyo/2020
13059417	ブーランジェリー&カフェ マンマーノ	東京都	東京都 代々木上原駅	https://tabelog.com/tokyo/A1318/A131811/13059417/	パン	bread_tokyo	パン TOKYO	1	https://award.tabelog.com/hyakumeiten/bread_tokyo/2020
13193897	ザ・シティ・ベーカリー 東急プラザ銀座店	東京都	東京都 銀座駅	https://tabelog.com/tokyo/A1301/A130101/13193897/	パン	bread_tokyo	パン TOKYO	1	https://award.tabelog.com/hyakumeiten/bread_tokyo/2020
13124863	オリミネベーカーズ 築地七丁目店	東京都	東京都 築地駅	https://tabelog.com/tokyo/A1313/A131301/13124863/	パン	bread_tokyo	パン TOKYO	1	https://award.tabelog.com/hyakumeiten/bread_tokyo/2020
13114277	ピエール・ガニェール パン・エ・ガトー	東京都	東京都 六本木一丁目駅	https://tabelog.com/tokyo/A1308/A130802/13114277/	パン	bread_tokyo	パン TOKYO	1	https://award.tabelog.com/hyakumeiten/bread_tokyo/2020
13044661	セル・オ・ブレ	東京都	東京都 武蔵小山駅	https://tabelog.com/tokyo/A1317/A131710/13044661/	パン	bread_tokyo	パン TOKYO	1	https://award.tabelog.com/hyakumeiten/bread_tokyo/2020
13129587	カイソ	東京都	東京都 世田谷代田駅	https://tabelog.com/tokyo/A1318/A131812/13129587/	パン	bread_tokyo	パン TOKYO	1	https://award.tabelog.com/hyakumeiten/bread_tokyo/2020
13128350	ブレッド&タパス 沢村 広尾	東京都	東京都 広尾駅	https://tabelog.com/tokyo/A1307/A130703/13128350/	パン	bread_tokyo	パン TOKYO	1	https://award.tabelog.com/hyakumeiten/bread_tokyo/2020
13004211	ブティック・トロワグロ 小田急百貨店　新宿店	東京都	東京都 新宿駅	https://tabelog.com/tokyo/A1304/A130401/13004211/	パン	bread_tokyo	パン TOKYO	1	https://award.tabelog.com/hyakumeiten/bread_tokyo/2020
13169306	ジャン フランコ	東京都	東京都 用賀駅	https://tabelog.com/tokyo/A1317/A131707/13169306/	パン	bread_tokyo	パン TOKYO	1	https://award.tabelog.com/hyakumeiten/bread_tokyo/2020
13038468	ポワンエリーニュ	東京都	東京都 大手町駅	https://tabelog.com/tokyo/A1302/A130201/13038468/	パン	bread_tokyo	パン TOKYO	1	https://award.tabelog.com/hyakumeiten/bread_tokyo/2020
13005834	ダンディゾン	東京都	東京都 吉祥寺駅	https://tabelog.com/tokyo/A1320/A132001/13005834/	パン	bread_tokyo	パン TOKYO	1	https://award.tabelog.com/hyakumeiten/bread_tokyo/2020
13002489	ビゴの店	東京都	東京都 銀座一丁目駅	https://tabelog.com/tokyo/A1301/A130101/13002489/	パン	bread_tokyo	パン TOKYO	1	https://award.tabelog.com/hyakumeiten/bread_tokyo/2020
13020179	パン家のどん助	東京都	東京都 東新宿駅	https://tabelog.com/tokyo/A1304/A130401/13020179/	パン	bread_tokyo	パン TOKYO	1	https://award.tabelog.com/hyakumeiten/bread_tokyo/2020
13201307	俺のBakery&Cafe 恵比寿	東京都	東京都 恵比寿駅	https://tabelog.com/tokyo/A1303/A130302/13201307/	パン	bread_tokyo	パン TOKYO	1	https://award.tabelog.com/hyakumeiten/bread_tokyo/2020
13024601	エムサイズ	東京都	東京都 学芸大学駅	https://tabelog.com/tokyo/A1317/A131702/13024601/	パン	bread_tokyo	パン TOKYO	1	https://award.tabelog.com/hyakumeiten/bread_tokyo/2020
13000762	墨繪パン 新宿店	東京都	東京都 新宿駅	https://tabelog.com/tokyo/A1304/A130401/13000762/	パン	bread_tokyo	パン TOKYO	1	https://award.tabelog.com/hyakumeiten/bread_tokyo/2020
13099225	ジャン・フランソワ 渋谷マークシティ	東京都	東京都 渋谷駅	https://tabelog.com/tokyo/A1303/A130301/13099225/	パン	bread_tokyo	パン TOKYO	1	https://award.tabelog.com/hyakumeiten/bread_tokyo/2020
13004566	ポワンタージュ	東京都	東京都 麻布十番駅	https://tabelog.com/tokyo/A1307/A130702/13004566/	パン	bread_tokyo	パン TOKYO	1	https://award.tabelog.com/hyakumeiten/bread_tokyo/2020
13004626	VIRON 渋谷店	東京都	東京都 神泉駅	https://tabelog.com/tokyo/A1303/A130301/13004626/	パン	bread_tokyo	パン TOKYO	1	https://award.tabelog.com/hyakumeiten/bread_tokyo/2020
13046260	パン工房 ブランジェリーケン	東京都	東京都 下赤塚駅	https://tabelog.com/tokyo/A1322/A132204/13046260/	パン	bread_tokyo	パン TOKYO	1	https://award.tabelog.com/hyakumeiten/bread_tokyo/2020
13140110	ヴァン ドゥ リュド 尾山台店	東京都	東京都 尾山台駅	https://tabelog.com/tokyo/A1317/A131715/13140110/	パン	bread_tokyo	パン TOKYO	1	https://award.tabelog.com/hyakumeiten/bread_tokyo/2020
13048516	ブーランジェリー・イアナック	東京都	東京都 西日暮里駅	https://tabelog.com/tokyo/A1311/A131105/13048516/	パン	bread_tokyo	パン TOKYO	1	https://award.tabelog.com/hyakumeiten/bread_tokyo/2020
13030788	シニフィアン シニフィエ 世田谷本店	東京都	東京都 三軒茶屋駅	https://tabelog.com/tokyo/A1317/A131706/13030788/	パン	bread_tokyo	パン TOKYO	1	https://award.tabelog.com/hyakumeiten/bread_tokyo/2020
13180316	メゾン・ランドゥメンヌ 麻布台	東京都	東京都 六本木一丁目駅	https://tabelog.com/tokyo/A1307/A130701/13180316/	パン	bread_tokyo	パン TOKYO	1	https://award.tabelog.com/hyakumeiten/bread_tokyo/2020
13133746	プルクル	東京都	東京都 代々木駅	https://tabelog.com/tokyo/A1304/A130403/13133746/	パン	bread_tokyo	パン TOKYO	1	https://award.tabelog.com/hyakumeiten/bread_tokyo/2020
13099140	メゾン・イチ 代官山	東京都	東京都 代官山駅	https://tabelog.com/tokyo/A1303/A130303/13099140/	パン	bread_tokyo	パン TOKYO	1	https://award.tabelog.com/hyakumeiten/bread_tokyo/2020
13001841	ルヴァン 富ヶ谷店	東京都	東京都 代々木八幡駅	https://tabelog.com/tokyo/A1318/A131810/13001841/	パン	bread_tokyo	パン TOKYO	1	https://award.tabelog.com/hyakumeiten/bread_tokyo/2020
13158722	ブーランジェリー ボネダンヌ	東京都	東京都 三軒茶屋駅	https://tabelog.com/tokyo/A1317/A131705/13158722/	パン	bread_tokyo	パン TOKYO	1	https://award.tabelog.com/hyakumeiten/bread_tokyo/2020
13026653	ル・ルソール	東京都	東京都 駒場東大前駅	https://tabelog.com/tokyo/A1318/A131801/13026653/	パン	bread_tokyo	パン TOKYO	1	https://award.tabelog.com/hyakumeiten/bread_tokyo/2020
13009237	ポム・ド・テール	東京都	東京都 西荻窪駅	https://tabelog.com/tokyo/A1319/A131907/13009237/	パン	bread_tokyo	パン TOKYO	1	https://award.tabelog.com/hyakumeiten/bread_tokyo/2020
13045113	ショーマッカー	東京都	東京都 大岡山駅	https://tabelog.com/tokyo/A1317/A131711/13045113/	パン	bread_tokyo	パン TOKYO	1	https://award.tabelog.com/hyakumeiten/bread_tokyo/2020
13000473	亀井堂	東京都	東京都 神楽坂駅	https://tabelog.com/tokyo/A1309/A130905/13000473/	パン	bread_tokyo	パン TOKYO	1	https://award.tabelog.com/hyakumeiten/bread_tokyo/2020
13050971	とらやベーカリー	東京都	東京都 金町駅	https://tabelog.com/tokyo/A1324/A132403/13050971/	パン	bread_tokyo	パン TOKYO	1	https://award.tabelog.com/hyakumeiten/bread_tokyo/2020
13140263	ル パン ドゥ ジョエル・ロブション 渋谷ヒカリエShinQs店	東京都	東京都 渋谷駅	https://tabelog.com/tokyo/A1303/A130301/13140263/	パン	bread_tokyo	パン TOKYO	1	https://award.tabelog.com/hyakumeiten/bread_tokyo/2020
13193553	ベーカリー&レストラン 沢村 新宿	東京都	東京都 新宿駅	https://tabelog.com/tokyo/A1304/A130403/13193553/	パン	bread_tokyo	パン TOKYO	1	https://award.tabelog.com/hyakumeiten/bread_tokyo/2020
13175684	ブーランジェリーレカン	東京都	東京都 東銀座駅	https://tabelog.com/tokyo/A1301/A130101/13175684/	パン	bread_tokyo	パン TOKYO	1	https://award.tabelog.com/hyakumeiten/bread_tokyo/2020
13149666	レフェクトワール	東京都	東京都 明治神宮前駅	https://tabelog.com/tokyo/A1306/A130601/13149666/	パン	bread_tokyo	パン TOKYO	1	https://award.tabelog.com/hyakumeiten/bread_tokyo/2020
13003662	パンのペリカン	東京都	東京都 田原町駅	https://tabelog.com/tokyo/A1311/A131102/13003662/	パン	bread_tokyo	パン TOKYO	1	https://award.tabelog.com/hyakumeiten/bread_tokyo/2020
13147336	パン・オ・スリール	東京都	東京都 渋谷駅	https://tabelog.com/tokyo/A1306/A130602/13147336/	パン	bread_tokyo	パン TOKYO	1	https://award.tabelog.com/hyakumeiten/bread_tokyo/2020
13020931	カタネベーカリー	東京都	東京都 代々木上原駅	https://tabelog.com/tokyo/A1318/A131811/13020931/	パン	bread_tokyo	パン TOKYO	1	https://award.tabelog.com/hyakumeiten/bread_tokyo/2020
13002071	ヒルサイドパントリー 代官山	東京都	東京都 代官山駅	https://tabelog.com/tokyo/A1303/A130303/13002071/	パン	bread_tokyo	パン TOKYO	1	https://award.tabelog.com/hyakumeiten/bread_tokyo/2020
13060088	えんツコ堂 製パン	東京都	東京都 西荻窪駅	https://tabelog.com/tokyo/A1319/A131907/13060088/	パン	bread_tokyo	パン TOKYO	1	https://award.tabelog.com/hyakumeiten/bread_tokyo/2020
13153557	チクテベーカリー	東京都	東京都 南大沢駅	https://tabelog.com/tokyo/A1329/A132904/13153557/	パン	bread_tokyo	パン TOKYO	1	https://award.tabelog.com/hyakumeiten/bread_tokyo/2020
13126515	まちのパーラー	東京都	東京都 小竹向原駅	https://tabelog.com/tokyo/A1321/A132101/13126515/	パン	bread_tokyo	パン TOKYO	1	https://award.tabelog.com/hyakumeiten/bread_tokyo/2020
13057726	粉花	東京都	東京都 浅草（つくばＥＸＰ）駅	https://tabelog.com/tokyo/A1311/A131102/13057726/	パン	bread_tokyo	パン TOKYO	1	https://award.tabelog.com/hyakumeiten/bread_tokyo/2020
13120288	パン オ フゥ	東京都	東京都 五反田駅	https://tabelog.com/tokyo/A1316/A131603/13120288/	パン	bread_tokyo	パン TOKYO	1	https://award.tabelog.com/hyakumeiten/bread_tokyo/2020
13155677	breadworks エキュート品川	東京都	東京都 品川駅	https://tabelog.com/tokyo/A1314/A131403/13155677/	パン	bread_tokyo	パン TOKYO	1	https://award.tabelog.com/hyakumeiten/bread_tokyo/2020
13164057	空と麦と	東京都	東京都 代官山駅	https://tabelog.com/tokyo/A1303/A130302/13164057/	パン	bread_tokyo	パン TOKYO	1	https://award.tabelog.com/hyakumeiten/bread_tokyo/2020
13219670	ル・プチメック 日比谷店	東京都	東京都 日比谷駅	https://tabelog.com/tokyo/A1301/A130102/13219670/	パン	bread_tokyo	パン TOKYO	1	https://award.tabelog.com/hyakumeiten/bread_tokyo/2020
13001529	ベッカライ・ブロートハイム	東京都	東京都 桜新町駅	https://tabelog.com/tokyo/A1317/A131707/13001529/	パン	bread_tokyo	パン TOKYO	1	https://award.tabelog.com/hyakumeiten/bread_tokyo/2020
13118819	トロ コーヒーアンドベーカリー	東京都	東京都 世田谷代田駅	https://tabelog.com/tokyo/A1318/A131812/13118819/	パン	bread_tokyo	パン TOKYO	1	https://award.tabelog.com/hyakumeiten/bread_tokyo/2020
13048505	メゾン・イチ 西馬込店	東京都	東京都 西馬込駅	https://tabelog.com/tokyo/A1317/A131713/13048505/	パン	bread_tokyo	パン TOKYO	1	https://award.tabelog.com/hyakumeiten/bread_tokyo/2020
13005398	小麦と酵母 濱田家 三軒茶屋本店	東京都	東京都 西太子堂駅	https://tabelog.com/tokyo/A1317/A131706/13005398/	パン	bread_tokyo	パン TOKYO	1	https://award.tabelog.com/hyakumeiten/bread_tokyo/2020
13022775	小麦と酵母 満 ecute品川店	東京都	東京都 品川駅	https://tabelog.com/tokyo/A1314/A131403/13022775/	パン	bread_tokyo	パン TOKYO	1	https://award.tabelog.com/hyakumeiten/bread_tokyo/2020
13012061	エディアールベーカリー 新宿本店	東京都	東京都 新宿三丁目駅	https://tabelog.com/tokyo/A1304/A130401/13012061/	パン	bread_tokyo	パン TOKYO	1	https://award.tabelog.com/hyakumeiten/bread_tokyo/2020
13132250	ユヌクレ	東京都	東京都 豪徳寺駅	https://tabelog.com/tokyo/A1318/A131813/13132250/	パン	bread_tokyo	パン TOKYO	1	https://award.tabelog.com/hyakumeiten/bread_tokyo/2020
13048813	ヒンメル	東京都	東京都 大岡山駅	https://tabelog.com/tokyo/A1317/A131711/13048813/	パン	bread_tokyo	パン TOKYO	1	https://award.tabelog.com/hyakumeiten/bread_tokyo/2020
13005477	金麦	東京都	東京都 白金台駅	https://tabelog.com/tokyo/A1316/A131602/13005477/	パン	bread_tokyo	パン TOKYO	1	https://award.tabelog.com/hyakumeiten/bread_tokyo/2020
13044993	カーラ・アウレリア 大丸東京店	東京都	東京都 東京駅	https://tabelog.com/tokyo/A1302/A130201/13044993/	パン	bread_tokyo	パン TOKYO	1	https://award.tabelog.com/hyakumeiten/bread_tokyo/2020
13000523	ブーランジェリーブルディガラ 広尾店	東京都	東京都 広尾駅	https://tabelog.com/tokyo/A1307/A130703/13000523/	パン	bread_tokyo	パン TOKYO	1	https://award.tabelog.com/hyakumeiten/bread_tokyo/2020
13061492	テコナ　ベーグルワークス	東京都	東京都 代々木公園駅	https://tabelog.com/tokyo/A1318/A131810/13061492/	パン	bread_tokyo	パン TOKYO	1	https://award.tabelog.com/hyakumeiten/bread_tokyo/2020
20000200	フランスベ－カリー	長野県	長野県 北佐久郡軽井沢町	https://tabelog.com/nagano/A2003/A200301/20000200/	パン	bread_east	パン EAST	1	https://award.tabelog.com/hyakumeiten/bread_east/2020
14040510	カマクラ 24セッキ	神奈川県	神奈川県 鎌倉市	https://tabelog.com/kanagawa/A1404/A140402/14040510/	パン	bread_east	パン EAST	1	https://award.tabelog.com/hyakumeiten/bread_east/2020
12021059	Boulangerie Queue	千葉県	千葉県 船橋日大前駅	https://tabelog.com/chiba/A1202/A120201/12021059/	パン	bread_east	パン EAST	1	https://award.tabelog.com/hyakumeiten/bread_east/2020
23037293	テトラ コンタ	愛知県	愛知県 尼ケ坂駅	https://tabelog.com/aichi/A2301/A230104/23037293/	パン	bread_east	パン EAST	1	https://award.tabelog.com/hyakumeiten/bread_east/2020
11003805	boulangerie Matsuoka	埼玉県	埼玉県 熊谷駅	https://tabelog.com/saitama/A1105/A110501/11003805/	パン	bread_east	パン EAST	1	https://award.tabelog.com/hyakumeiten/bread_east/2020
14001139	ウチキパン	神奈川県	神奈川県 元町・中華街駅	https://tabelog.com/kanagawa/A1401/A140105/14001139/	パン	bread_east	パン EAST	1	https://award.tabelog.com/hyakumeiten/bread_east/2020
23050735	テーラ・テール	愛知県	愛知県 高岳駅	https://tabelog.com/aichi/A2301/A230104/23050735/	パン	bread_east	パン EAST	1	https://award.tabelog.com/hyakumeiten/bread_east/2020
14004443	トツゼン ベーカーズ キッチン	神奈川県	神奈川県 大倉山駅	https://tabelog.com/kanagawa/A1401/A140204/14004443/	パン	bread_east	パン EAST	1	https://award.tabelog.com/hyakumeiten/bread_east/2020
14012214	エスプラン	神奈川県	神奈川県 京急鶴見駅	https://tabelog.com/kanagawa/A1401/A140210/14012214/	パン	bread_east	パン EAST	1	https://award.tabelog.com/hyakumeiten/bread_east/2020
14011303	穂の香 あざみ野	神奈川県	神奈川県 あざみ野駅	https://tabelog.com/kanagawa/A1401/A140201/14011303/	パン	bread_east	パン EAST	1	https://award.tabelog.com/hyakumeiten/bread_east/2020
1008888	ココペライ	北海道	北海道 桑園駅	https://tabelog.com/hokkaido/A0101/A010102/1008888/	パン	bread_east	パン EAST	1	https://award.tabelog.com/hyakumeiten/bread_east/2020
14065922	nichinichi	神奈川県	神奈川県 新百合ケ丘駅	https://tabelog.com/kanagawa/A1405/A140508/14065922/	パン	bread_east	パン EAST	1	https://award.tabelog.com/hyakumeiten/bread_east/2020
1007040	ブランジェリー ラ・フォンティヌ・ドゥ・ルルド	北海道	北海道 札幌市中央区	https://tabelog.com/hokkaido/A0101/A010105/1007040/	パン	bread_east	パン EAST	1	https://award.tabelog.com/hyakumeiten/bread_east/2020
3001022	福田パン 長田町本店	岩手県	岩手県 盛岡市	https://tabelog.com/iwate/A0301/A030101/3001022/	パン	bread_east	パン EAST	1	https://award.tabelog.com/hyakumeiten/bread_east/2020
14004229	シャン ド ブレ	神奈川県	神奈川県 新横浜駅	https://tabelog.com/kanagawa/A1401/A140206/14004229/	パン	bread_east	パン EAST	1	https://award.tabelog.com/hyakumeiten/bread_east/2020
11003447	ベルテコ	埼玉県	埼玉県 東所沢駅	https://tabelog.com/saitama/A1106/A110601/11003447/	パン	bread_east	パン EAST	1	https://award.tabelog.com/hyakumeiten/bread_east/2020
14035775	ムール ア ラ ムール	神奈川県	神奈川県 伊勢原市	https://tabelog.com/kanagawa/A1408/A140803/14035775/	パン	bread_east	パン EAST	1	https://award.tabelog.com/hyakumeiten/bread_east/2020
14053039	セテュヌ ボンニデー	神奈川県	神奈川県 向ケ丘遊園駅	https://tabelog.com/kanagawa/A1405/A140506/14053039/	パン	bread_east	パン EAST	1	https://award.tabelog.com/hyakumeiten/bread_east/2020
1025633	おかめや 工場直販店	北海道	北海道 札幌市西区	https://tabelog.com/hokkaido/A0101/A010204/1025633/	パン	bread_east	パン EAST	1	https://award.tabelog.com/hyakumeiten/bread_east/2020
14059688	エコモ ベーカリー ヨコハマ モトマチ	神奈川県	神奈川県 元町・中華街駅	https://tabelog.com/kanagawa/A1401/A140105/14059688/	パン	bread_east	パン EAST	1	https://award.tabelog.com/hyakumeiten/bread_east/2020
11003096	VANITOY BAGEL 蔵づくり本店	埼玉県	埼玉県 川越市	https://tabelog.com/saitama/A1103/A110303/11003096/	パン	bread_east	パン EAST	1	https://award.tabelog.com/hyakumeiten/bread_east/2020
1021428	麦音	北海道	北海道 帯広市	https://tabelog.com/hokkaido/A0111/A011101/1021428/	パン	bread_east	パン EAST	1	https://award.tabelog.com/hyakumeiten/bread_east/2020
14004024	ブレッド＆サーカス	神奈川県	神奈川県 湯河原駅	https://tabelog.com/kanagawa/A1410/A141002/14004024/	パン	bread_east	パン EAST	1	https://award.tabelog.com/hyakumeiten/bread_east/2020
14000421	ドーレ	神奈川県	神奈川県 横浜駅	https://tabelog.com/kanagawa/A1401/A140101/14000421/	パン	bread_east	パン EAST	1	https://award.tabelog.com/hyakumeiten/bread_east/2020
22021103	ベーカリー＆テーブル 東府や	静岡県	静岡県 伊豆市	https://tabelog.com/shizuoka/A2205/A220504/22021103/	パン	bread_east	パン EAST	1	https://award.tabelog.com/hyakumeiten/bread_east/2020
11024415	Petit Riche	埼玉県	埼玉県 南浦和駅	https://tabelog.com/saitama/A1101/A110102/11024415/	パン	bread_east	パン EAST	1	https://award.tabelog.com/hyakumeiten/bread_east/2020
14012394	zacro	神奈川県	神奈川県 横須賀市	https://tabelog.com/kanagawa/A1406/A140601/14012394/	パン	bread_east	パン EAST	1	https://award.tabelog.com/hyakumeiten/bread_east/2020
14004671	天然酵母パン工房 KIBIYAベーカリー 段葛店	神奈川県	神奈川県 鎌倉駅	https://tabelog.com/kanagawa/A1404/A140402/14004671/	パン	bread_east	パン EAST	1	https://award.tabelog.com/hyakumeiten/bread_east/2020
14004623	プルクワ	神奈川県	神奈川県 藤沢市	https://tabelog.com/kanagawa/A1404/A140404/14004623/	パン	bread_east	パン EAST	1	https://award.tabelog.com/hyakumeiten/bread_east/2020
23003662	ポンレヴェック	愛知県	愛知県 海部郡蟹江町	https://tabelog.com/aichi/A2302/A230202/23003662/	パン	bread_east	パン EAST	1	https://award.tabelog.com/hyakumeiten/bread_east/2020
11003565	ベーグルショップ vivant	埼玉県	埼玉県 武蔵浦和駅	https://tabelog.com/saitama/A1101/A110102/11003565/	パン	bread_east	パン EAST	1	https://award.tabelog.com/hyakumeiten/bread_east/2020
12000978	オープンオーブン	千葉県	千葉県 市川駅	https://tabelog.com/chiba/A1202/A120202/12000978/	パン	bread_east	パン EAST	1	https://award.tabelog.com/hyakumeiten/bread_east/2020
14060669	ブーランジェリー オンニ	神奈川県	神奈川県 上大岡駅	https://tabelog.com/kanagawa/A1401/A140307/14060669/	パン	bread_east	パン EAST	1	https://award.tabelog.com/hyakumeiten/bread_east/2020
14041192	前田パン	神奈川県	神奈川県 横浜市青葉区	https://tabelog.com/kanagawa/A1401/A140201/14041192/	パン	bread_east	パン EAST	1	https://award.tabelog.com/hyakumeiten/bread_east/2020
14002514	ブレドール	神奈川県	神奈川県 三浦郡葉山町	https://tabelog.com/kanagawa/A1406/A140602/14002514/	パン	bread_east	パン EAST	1	https://award.tabelog.com/hyakumeiten/bread_east/2020
9000301	ペニー・レイン 那須店	栃木県	栃木県 那須郡那須町	https://tabelog.com/tochigi/A0905/A090501/9000301/	パン	bread_east	パン EAST	1	https://award.tabelog.com/hyakumeiten/bread_east/2020
8000928	ダヴィッド パン	茨城県	茨城県 つくば市	https://tabelog.com/ibaraki/A0803/A080302/8000928/	パン	bread_east	パン EAST	1	https://award.tabelog.com/hyakumeiten/bread_east/2020
14054459	nico	神奈川県	神奈川県 平塚駅	https://tabelog.com/kanagawa/A1404/A140407/14054459/	パン	bread_east	パン EAST	1	https://award.tabelog.com/hyakumeiten/bread_east/2020
11006122	アサカベーカリー 本町店	埼玉県	埼玉県 朝霞駅	https://tabelog.com/saitama/A1103/A110301/11006122/	パン	bread_east	パン EAST	1	https://award.tabelog.com/hyakumeiten/bread_east/2020
1004949	エグ・ヴィヴ	北海道	北海道 小樽市	https://tabelog.com/hokkaido/A0106/A010601/1004949/	パン	bread_east	パン EAST	1	https://award.tabelog.com/hyakumeiten/bread_east/2020
14000431	ラ ベルコリーヌ	神奈川県	神奈川県 たまプラーザ駅	https://tabelog.com/kanagawa/A1401/A140201/14000431/	パン	bread_east	パン EAST	1	https://award.tabelog.com/hyakumeiten/bread_east/2020
4012831	アドゥマン	宮城県	宮城県 泉中央駅	https://tabelog.com/miyagi/A0401/A040104/4012831/	パン	bread_east	パン EAST	1	https://award.tabelog.com/hyakumeiten/bread_east/2020
14008269	ブーランジェリー エス	神奈川県	神奈川県 逗子駅	https://tabelog.com/kanagawa/A1406/A140602/14008269/	パン	bread_east	パン EAST	1	https://award.tabelog.com/hyakumeiten/bread_east/2020
20000537	ルヴァン 信州上田店	長野県	長野県 上田市	https://tabelog.com/nagano/A2004/A200401/20000537/	パン	bread_east	パン EAST	1	https://award.tabelog.com/hyakumeiten/bread_east/2020
14041169	オンザディッシュ	神奈川県	神奈川県 山手駅	https://tabelog.com/kanagawa/A1401/A140106/14041169/	パン	bread_east	パン EAST	1	https://award.tabelog.com/hyakumeiten/bread_east/2020
11022163	アーブル	埼玉県	埼玉県 朝霞駅	https://tabelog.com/saitama/A1103/A110301/11022163/	パン	bread_east	パン EAST	1	https://award.tabelog.com/hyakumeiten/bread_east/2020
12001352	人舟	千葉県	千葉県 長生郡長生村	https://tabelog.com/chiba/A1205/A120504/12001352/	パン	bread_east	パン EAST	1	https://award.tabelog.com/hyakumeiten/bread_east/2020
14042523	mbs 46.7	神奈川県	神奈川県 鎌倉駅	https://tabelog.com/kanagawa/A1404/A140402/14042523/	パン	bread_east	パン EAST	1	https://award.tabelog.com/hyakumeiten/bread_east/2020
23004452	中屋パン	愛知県	愛知県 今池駅	https://tabelog.com/aichi/A2301/A230106/23004452/	パン	bread_east	パン EAST	1	https://award.tabelog.com/hyakumeiten/bread_east/2020
14050307	ラフォレ・エ・ラターブル	神奈川県	神奈川県 和田塚駅	https://tabelog.com/kanagawa/A1404/A140402/14050307/	パン	bread_east	パン EAST	1	https://award.tabelog.com/hyakumeiten/bread_east/2020
11012294	cimai	埼玉県	埼玉県 幸手市	https://tabelog.com/saitama/A1104/A110402/11012294/	パン	bread_east	パン EAST	1	https://award.tabelog.com/hyakumeiten/bread_east/2020
11034449	ベッカライサカツジ	埼玉県	埼玉県 三郷市	https://tabelog.com/saitama/A1102/A110205/11034449/	パン	bread_east	パン EAST	1	https://award.tabelog.com/hyakumeiten/bread_east/2020
11005320	川越ベーカリー 楽楽	埼玉県	埼玉県 川越市	https://tabelog.com/saitama/A1103/A110303/11005320/	パン	bread_east	パン EAST	1	https://award.tabelog.com/hyakumeiten/bread_east/2020
11003478	ラパン ノワール くろうさぎ	埼玉県	埼玉県 西武秩父駅	https://tabelog.com/saitama/A1107/A110701/11003478/	パン	bread_east	パン EAST	1	https://award.tabelog.com/hyakumeiten/bread_east/2020
14049332	ブーランジェリー 14区	神奈川県	神奈川県 妙蓮寺駅	https://tabelog.com/kanagawa/A1401/A140205/14049332/	パン	bread_east	パン EAST	1	https://award.tabelog.com/hyakumeiten/bread_east/2020
14003548	渡邊ベーカリー	神奈川県	神奈川県 宮ノ下駅	https://tabelog.com/kanagawa/A1410/A141001/14003548/	パン	bread_east	パン EAST	1	https://award.tabelog.com/hyakumeiten/bread_east/2020
21000586	トラン・ブルー	岐阜県	岐阜県 高山市	https://tabelog.com/gifu/A2104/A210401/21000586/	パン	bread_east	パン EAST	1	https://award.tabelog.com/hyakumeiten/bread_east/2020
23005960	Le Supreme. 栄生本店	愛知県	愛知県 栄生駅	https://tabelog.com/aichi/A2301/A230113/23005960/	パン	bread_east	パン EAST	1	https://award.tabelog.com/hyakumeiten/bread_east/2020
14071269	ブーランジェリー メチエ パークシティ武蔵小杉ザ・ガーデン	神奈川県	神奈川県 武蔵小杉駅	https://tabelog.com/kanagawa/A1405/A140504/14071269/	パン	bread_east	パン EAST	1	https://award.tabelog.com/hyakumeiten/bread_east/2020
14034186	白楽ベーグル	神奈川県	神奈川県 白楽駅	https://tabelog.com/kanagawa/A1401/A140205/14034186/	パン	bread_east	パン EAST	1	https://award.tabelog.com/hyakumeiten/bread_east/2020
14042306	ベッカライ 徳多朗 元石川本店	神奈川県	神奈川県 横浜市青葉区	https://tabelog.com/kanagawa/A1401/A140201/14042306/	パン	bread_east	パン EAST	1	https://award.tabelog.com/hyakumeiten/bread_east/2020
14038740	ブラフベーカリー	神奈川県	神奈川県 元町・中華街駅	https://tabelog.com/kanagawa/A1401/A140105/14038740/	パン	bread_east	パン EAST	1	https://award.tabelog.com/hyakumeiten/bread_east/2020
21000884	Boulanger ペイザン	岐阜県	岐阜県 関市	https://tabelog.com/gifu/A2102/A210204/21000884/	パン	bread_east	パン EAST	1	https://award.tabelog.com/hyakumeiten/bread_east/2020
14046895	鎌倉 利々庵	神奈川県	神奈川県 鎌倉駅	https://tabelog.com/kanagawa/A1404/A140402/14046895/	パン	bread_east	パン EAST	1	https://award.tabelog.com/hyakumeiten/bread_east/2020
21000648	サカエパン	岐阜県	岐阜県 岐阜市	https://tabelog.com/gifu/A2101/A210101/21000648/	パン	bread_east	パン EAST	1	https://award.tabelog.com/hyakumeiten/bread_east/2020
23052895	ル シュプレーム ジェイアール名古屋高島屋店	愛知県	愛知県 名鉄名古屋駅	https://tabelog.com/aichi/A2301/A230101/23052895/	パン	bread_east	パン EAST	1	https://award.tabelog.com/hyakumeiten/bread_east/2020
23005844	大須ベーカリー	愛知県	愛知県 上前津駅	https://tabelog.com/aichi/A2301/A230105/23005844/	パン	bread_east	パン EAST	1	https://award.tabelog.com/hyakumeiten/bread_east/2020
22003252	ル・フィヤージュ	静岡県	静岡県 伊東市	https://tabelog.com/shizuoka/A2205/A220503/22003252/	パン	bread_east	パン EAST	1	https://award.tabelog.com/hyakumeiten/bread_east/2020
23002593	プーフレカンテ	愛知県	愛知県 瑞穂運動場西駅	https://tabelog.com/aichi/A2301/A230112/23002593/	パン	bread_east	パン EAST	1	https://award.tabelog.com/hyakumeiten/bread_east/2020
11028894	パリゼット	埼玉県	埼玉県	https://tabelog.com/saitama/A1104/A110401/11028894/	パン	bread_east	パン EAST	1	https://award.tabelog.com/hyakumeiten/bread_east/2020
12000514	バックシュトゥーベ ツオップ	千葉県	千葉県 松戸市	https://tabelog.com/chiba/A1203/A120302/12000514/	パン	bread_east	パン EAST	1	https://award.tabelog.com/hyakumeiten/bread_east/2020
1004625	ブーランジェリー　ジン	北海道	北海道 虻田郡真狩村	https://tabelog.com/hokkaido/A0106/A010603/1004625/	パン	bread_east	パン EAST	1	https://award.tabelog.com/hyakumeiten/bread_east/2020
23031040	スーリープー	愛知県	愛知県 鶴舞駅	https://tabelog.com/aichi/A2301/A230105/23031040/	パン	bread_east	パン EAST	1	https://award.tabelog.com/hyakumeiten/bread_east/2020
14037517	トースト ネイバーフッド ベイカリー	神奈川県	神奈川県 山手駅	https://tabelog.com/kanagawa/A1401/A140106/14037517/	パン	bread_east	パン EAST	1	https://award.tabelog.com/hyakumeiten/bread_east/2020
14043497	ベッカライ徳多朗 Yotsubako	神奈川県	神奈川県 センター北駅	https://tabelog.com/kanagawa/A1401/A140203/14043497/	パン	bread_east	パン EAST	1	https://award.tabelog.com/hyakumeiten/bread_east/2020
14057349	のり蔵	神奈川県	神奈川県 元町・中華街駅	https://tabelog.com/kanagawa/A1401/A140105/14057349/	パン	bread_east	パン EAST	1	https://award.tabelog.com/hyakumeiten/bread_east/2020
1034722	美瑛選果 新千歳空港店	北海道	北海道 千歳市	https://tabelog.com/hokkaido/A0107/A010701/1034722/	パン	bread_east	パン EAST	1	https://award.tabelog.com/hyakumeiten/bread_east/2020
1001468	ぱん吉	北海道	北海道 札幌（ＪＲ）駅	https://tabelog.com/hokkaido/A0101/A010101/1001468/	パン	bread_east	パン EAST	1	https://award.tabelog.com/hyakumeiten/bread_east/2020
14007490	ピコット 本店	神奈川県	神奈川県 宮ノ下駅	https://tabelog.com/kanagawa/A1410/A141001/14007490/	パン	bread_east	パン EAST	1	https://award.tabelog.com/hyakumeiten/bread_east/2020
1040487	ブーランジェリー コロン 本店	北海道	北海道 バスセンター前駅	https://tabelog.com/hokkaido/A0101/A010102/1040487/	パン	bread_east	パン EAST	1	https://award.tabelog.com/hyakumeiten/bread_east/2020
14014244	キビヤベーカリー	神奈川県	神奈川県 鎌倉駅	https://tabelog.com/kanagawa/A1404/A140402/14014244/	パン	bread_east	パン EAST	1	https://award.tabelog.com/hyakumeiten/bread_east/2020
11035931	みやび亭	埼玉県	埼玉県 羽生市	https://tabelog.com/saitama/A1104/A110403/11035931/	パン	bread_east	パン EAST	1	https://award.tabelog.com/hyakumeiten/bread_east/2020
14052229	芦名ベーカリー 芦兵衛	神奈川県	神奈川県 横須賀市	https://tabelog.com/kanagawa/A1406/A140601/14052229/	パン	bread_east	パン EAST	1	https://award.tabelog.com/hyakumeiten/bread_east/2020
11028957	クーネルベーカリー	埼玉県	埼玉県 浦和駅	https://tabelog.com/saitama/A1101/A110102/11028957/	パン	bread_east	パン EAST	1	https://award.tabelog.com/hyakumeiten/bread_east/2020
14015303	充麦	神奈川県	神奈川県 三浦市	https://tabelog.com/kanagawa/A1406/A140603/14015303/	パン	bread_east	パン EAST	1	https://award.tabelog.com/hyakumeiten/bread_east/2020
23039677	ル・プレジール・デュ・パン 東山本店	愛知県	愛知県 東山公園駅	https://tabelog.com/aichi/A2301/A230107/23039677/	パン	bread_east	パン EAST	1	https://award.tabelog.com/hyakumeiten/bread_east/2020
23058942	バゲット ラビット	愛知県	愛知県 一社駅	https://tabelog.com/aichi/A2301/A230111/23058942/	パン	bread_east	パン EAST	1	https://award.tabelog.com/hyakumeiten/bread_east/2020
14003916	守谷製パン店	神奈川県	神奈川県 小田原駅	https://tabelog.com/kanagawa/A1409/A140901/14003916/	パン	bread_east	パン EAST	1	https://award.tabelog.com/hyakumeiten/bread_east/2020
23004064	ブランジェリー ぱぴ・ぱん	愛知県	愛知県 植田（名古屋市営）駅	https://tabelog.com/aichi/A2301/A230111/23004064/	パン	bread_east	パン EAST	1	https://award.tabelog.com/hyakumeiten/bread_east/2020
11003063	アサカベーカリー 朝霞台店	埼玉県	埼玉県 朝霞台駅	https://tabelog.com/saitama/A1103/A110301/11003063/	パン	bread_east	パン EAST	1	https://award.tabelog.com/hyakumeiten/bread_east/2020
20011411	ハルタ 軽井沢	長野県	長野県 北佐久郡軽井沢町	https://tabelog.com/nagano/A2003/A200301/20011411/	パン	bread_east	パン EAST	1	https://award.tabelog.com/hyakumeiten/bread_east/2020
8001938	ベッカライ・ブロートツァイト	茨城県	茨城県 つくば市	https://tabelog.com/ibaraki/A0802/A080201/8001938/	パン	bread_east	パン EAST	1	https://award.tabelog.com/hyakumeiten/bread_east/2020
14009181	パンヤコット	神奈川県	神奈川県 逗子市	https://tabelog.com/kanagawa/A1406/A140602/14009181/	パン	bread_east	パン EAST	1	https://award.tabelog.com/hyakumeiten/bread_east/2020
14070721	ブーランジェリー パティスリー トレトゥール アダチ	神奈川県	神奈川県 センター南駅	https://tabelog.com/kanagawa/A1401/A140203/14070721/	パン	bread_east	パン EAST	1	https://award.tabelog.com/hyakumeiten/bread_east/2020
14043136	ジャン・フランソワ 横浜ポルタ	神奈川県	神奈川県 横浜駅	https://tabelog.com/kanagawa/A1401/A140101/14043136/	パン	bread_east	パン EAST	1	https://award.tabelog.com/hyakumeiten/bread_east/2020
14046435	マダムルージュ	神奈川県	神奈川県 藤沢駅	https://tabelog.com/kanagawa/A1404/A140404/14046435/	パン	bread_east	パン EAST	1	https://award.tabelog.com/hyakumeiten/bread_east/2020
11004747	小春日和	埼玉県	埼玉県 北大宮駅	https://tabelog.com/saitama/A1101/A110101/11004747/	パン	bread_east	パン EAST	1	https://award.tabelog.com/hyakumeiten/bread_east/2020
14041555	モン・ペシェ・ミニョン	神奈川県	神奈川県 鎌倉市	https://tabelog.com/kanagawa/A1404/A140402/14041555/	パン	bread_east	パン EAST	1	https://award.tabelog.com/hyakumeiten/bread_east/2020
9002708	NAOZO	栃木県	栃木県 那須塩原市	https://tabelog.com/tochigi/A0905/A090501/9002708/	パン	bread_east	パン EAST	1	https://award.tabelog.com/hyakumeiten/bread_east/2020
23008648	パンの店　ポルカ	愛知県	愛知県 尾張旭市	https://tabelog.com/aichi/A2303/A230302/23008648/	パン	bread_east	パン EAST	1	https://award.tabelog.com/hyakumeiten/bread_east/2020
27072545	ザ シティ ベーカリー UMEDA	大阪府	大阪府 大阪駅	https://tabelog.com/osaka/A2701/A270101/27072545/	パン	bread_west	パン WEST	1	https://award.tabelog.com/hyakumeiten/bread_west/2020
26026337	ファイブラン	京都府	京都府 烏丸御池駅	https://tabelog.com/kyoto/A2601/A260202/26026337/	パン	bread_west	パン WEST	1	https://award.tabelog.com/hyakumeiten/bread_west/2020
26002695	手作りパン工房 コネルヤ	京都府	京都府 二条駅	https://tabelog.com/kyoto/A2601/A260203/26002695/	パン	bread_west	パン WEST	1	https://award.tabelog.com/hyakumeiten/bread_west/2020
28001078	フロイン堂	兵庫県	兵庫県 岡本駅	https://tabelog.com/hyogo/A2801/A280105/28001078/	パン	bread_west	パン WEST	1	https://award.tabelog.com/hyakumeiten/bread_west/2020
26002312	グランディール 下鴨店	京都府	京都府 北山駅	https://tabelog.com/kyoto/A2601/A260503/26002312/	パン	bread_west	パン WEST	1	https://award.tabelog.com/hyakumeiten/bread_west/2020
26007367	レディオベーグル	京都府	京都府 北山駅	https://tabelog.com/kyoto/A2601/A260503/26007367/	パン	bread_west	パン WEST	1	https://award.tabelog.com/hyakumeiten/bread_west/2020
28006379	ameen’s oven	兵庫県	兵庫県 夙川駅	https://tabelog.com/hyogo/A2803/A280301/28006379/	パン	bread_west	パン WEST	1	https://award.tabelog.com/hyakumeiten/bread_west/2020
27005149	カンテ・グランデ ベーカリー	大阪府	大阪府 中津（阪急）駅	https://tabelog.com/osaka/A2701/A270101/27005149/	パン	bread_west	パン WEST	1	https://award.tabelog.com/hyakumeiten/bread_west/2020
26014599	ベッカライ・ペルケオ・アルト・ハイデルベルク	京都府	京都府 京都市左京区	https://tabelog.com/kyoto/A2601/A260301/26014599/	パン	bread_west	パン WEST	1	https://award.tabelog.com/hyakumeiten/bread_west/2020
27015189	ココロ	大阪府	大阪府 大阪上本町駅	https://tabelog.com/osaka/A2701/A270205/27015189/	パン	bread_west	パン WEST	1	https://award.tabelog.com/hyakumeiten/bread_west/2020
28009524	エス・ブーランジュリー	兵庫県	兵庫県 ウッディタウン中央駅	https://tabelog.com/hyogo/A2807/A280703/28009524/	パン	bread_west	パン WEST	1	https://award.tabelog.com/hyakumeiten/bread_west/2020
27059169	ゴジュウニチョウメベーカリー	大阪府	大阪府 谷町四丁目駅	https://tabelog.com/osaka/A2701/A270104/27059169/	パン	bread_west	パン WEST	1	https://award.tabelog.com/hyakumeiten/bread_west/2020
27081942	ラ・フルネ	大阪府	大阪府 肥後橋駅	https://tabelog.com/osaka/A2701/A270102/27081942/	パン	bread_west	パン WEST	1	https://award.tabelog.com/hyakumeiten/bread_west/2020
27003262	パンデュース	大阪府	大阪府 本町駅	https://tabelog.com/osaka/A2701/A270106/27003262/	パン	bread_west	パン WEST	1	https://award.tabelog.com/hyakumeiten/bread_west/2020
26006153	モグモグベーカリー	京都府	京都府 宇治（ＪＲ）駅	https://tabelog.com/kyoto/A2607/A260701/26006153/	パン	bread_west	パン WEST	1	https://award.tabelog.com/hyakumeiten/bread_west/2020
27009000	ブーランジェリー ブルディガラ 大阪店	大阪府	大阪府 西梅田駅	https://tabelog.com/osaka/A2701/A270101/27009000/	パン	bread_west	パン WEST	1	https://award.tabelog.com/hyakumeiten/bread_west/2020
27014335	泉北堂 本店	大阪府	大阪府 泉ケ丘駅	https://tabelog.com/osaka/A2705/A270501/27014335/	パン	bread_west	パン WEST	1	https://award.tabelog.com/hyakumeiten/bread_west/2020
28038627	パンやきどころ RIKI	兵庫県	兵庫県 元町（阪神）駅	https://tabelog.com/hyogo/A2801/A280102/28038627/	パン	bread_west	パン WEST	1	https://award.tabelog.com/hyakumeiten/bread_west/2020
26001108	ベーカリー柳月堂	京都府	京都府 出町柳駅	https://tabelog.com/kyoto/A2601/A260302/26001108/	パン	bread_west	パン WEST	1	https://award.tabelog.com/hyakumeiten/bread_west/2020
28026569	ブーランジェリー ミヤナガ	兵庫県	兵庫県 夙川駅	https://tabelog.com/hyogo/A2803/A280301/28026569/	パン	bread_west	パン WEST	1	https://award.tabelog.com/hyakumeiten/bread_west/2020
28006731	リョウイチヤマウチ	兵庫県	兵庫県 苦楽園口駅	https://tabelog.com/hyogo/A2803/A280301/28006731/	パン	bread_west	パン WEST	1	https://award.tabelog.com/hyakumeiten/bread_west/2020
28002135	トミーズ 三宮店	兵庫県	兵庫県 神戸三宮（阪急）駅	https://tabelog.com/hyogo/A2801/A280101/28002135/	パン	bread_west	パン WEST	1	https://award.tabelog.com/hyakumeiten/bread_west/2020
26003237	まるき製パン所	京都府	京都府 四条大宮駅	https://tabelog.com/kyoto/A2601/A260203/26003237/	パン	bread_west	パン WEST	1	https://award.tabelog.com/hyakumeiten/bread_west/2020
27056279	ROUTE271 高槻店	大阪府	大阪府 高槻駅	https://tabelog.com/osaka/A2706/A270604/27056279/	パン	bread_west	パン WEST	1	https://award.tabelog.com/hyakumeiten/bread_west/2020
28001945	ベッカライ ビオブロート	兵庫県	兵庫県 芦屋（ＪＲ）駅	https://tabelog.com/hyogo/A2803/A280302/28001945/	パン	bread_west	パン WEST	1	https://award.tabelog.com/hyakumeiten/bread_west/2020
27087157	ROUTE271 梅田本店	大阪府	大阪府 大阪梅田（阪急）駅	https://tabelog.com/osaka/A2701/A270101/27087157/	パン	bread_west	パン WEST	1	https://award.tabelog.com/hyakumeiten/bread_west/2020
26002639	エズ ブルー	京都府	京都府 出町柳駅	https://tabelog.com/kyoto/A2601/A260302/26002639/	パン	bread_west	パン WEST	1	https://award.tabelog.com/hyakumeiten/bread_west/2020
27017741	プレザン	大阪府	大阪府 高槻駅	https://tabelog.com/osaka/A2706/A270604/27017741/	パン	bread_west	パン WEST	1	https://award.tabelog.com/hyakumeiten/bread_west/2020
27054996	トロワ	大阪府	大阪府 平野（大阪メトロ）駅	https://tabelog.com/osaka/A2701/A270405/27054996/	パン	bread_west	パン WEST	1	https://award.tabelog.com/hyakumeiten/bread_west/2020
27015191	アド・パンデュース	大阪府	大阪府 淀屋橋駅	https://tabelog.com/osaka/A2701/A270102/27015191/	パン	bread_west	パン WEST	1	https://award.tabelog.com/hyakumeiten/bread_west/2020
26023941	ル・プチメック 大丸京都店	京都府	京都府 烏丸駅	https://tabelog.com/kyoto/A2601/A260201/26023941/	パン	bread_west	パン WEST	1	https://award.tabelog.com/hyakumeiten/bread_west/2020
28025630	un peu de	兵庫県	兵庫県 甲南山手駅	https://tabelog.com/hyogo/A2801/A280105/28025630/	パン	bread_west	パン WEST	1	https://award.tabelog.com/hyakumeiten/bread_west/2020
27068845	デ・トゥット・パンデュース エキマルシェ大阪店	大阪府	大阪府 大阪梅田（阪神）駅	https://tabelog.com/osaka/A2701/A270101/27068845/	パン	bread_west	パン WEST	1	https://award.tabelog.com/hyakumeiten/bread_west/2020
26006051	マッシュキョウト	京都府	京都府 四条（京都市営）駅	https://tabelog.com/kyoto/A2601/A260201/26006051/	パン	bread_west	パン WEST	1	https://award.tabelog.com/hyakumeiten/bread_west/2020
27003426	ル・シュクレクール 岸部	大阪府	大阪府 吹田市	https://tabelog.com/osaka/A2706/A270602/27003426/	パン	bread_west	パン WEST	1	https://award.tabelog.com/hyakumeiten/bread_west/2020
26005570	グランディール  堀川店	京都府	京都府 北大路駅	https://tabelog.com/kyoto/A2601/A260503/26005570/	パン	bread_west	パン WEST	1	https://award.tabelog.com/hyakumeiten/bread_west/2020
26002684	ボン・ボランテ	京都府	京都府 神宮丸太町駅	https://tabelog.com/kyoto/A2601/A260302/26002684/	パン	bread_west	パン WEST	1	https://award.tabelog.com/hyakumeiten/bread_west/2020
26007648	ミシェルズベーグル	京都府	京都府 鞍馬口駅	https://tabelog.com/kyoto/A2601/A260503/26007648/	パン	bread_west	パン WEST	1	https://award.tabelog.com/hyakumeiten/bread_west/2020
27014893	コム・シノワ 高島屋大阪店	大阪府	大阪府 難波（南海）駅	https://tabelog.com/osaka/A2701/A270202/27014893/	パン	bread_west	パン WEST	1	https://award.tabelog.com/hyakumeiten/bread_west/2020
27071749	ハッピーキャンパーベーグル	大阪府	大阪府 扇町駅	https://tabelog.com/osaka/A2701/A270103/27071749/	パン	bread_west	パン WEST	1	https://award.tabelog.com/hyakumeiten/bread_west/2020
26025406	ハナカゴ	京都府	京都府 烏丸駅	https://tabelog.com/kyoto/A2601/A260202/26025406/	パン	bread_west	パン WEST	1	https://award.tabelog.com/hyakumeiten/bread_west/2020
28001784	ビゴの店 本店	兵庫県	兵庫県 芦屋（ＪＲ）駅	https://tabelog.com/hyogo/A2803/A280302/28001784/	パン	bread_west	パン WEST	1	https://award.tabelog.com/hyakumeiten/bread_west/2020
28028120	wada	兵庫県	兵庫県 芦屋川駅	https://tabelog.com/hyogo/A2803/A280302/28028120/	パン	bread_west	パン WEST	1	https://award.tabelog.com/hyakumeiten/bread_west/2020
27044053	アップルの発音	大阪府	大阪府 平野（大阪メトロ）駅	https://tabelog.com/osaka/A2701/A270405/27044053/	パン	bread_west	パン WEST	1	https://award.tabelog.com/hyakumeiten/bread_west/2020
28004087	コム・シノワ	兵庫県	兵庫県 三宮・花時計前駅	https://tabelog.com/hyogo/A2801/A280101/28004087/	パン	bread_west	パン WEST	1	https://award.tabelog.com/hyakumeiten/bread_west/2020
27007052	ブーランジェリー パリゴ	大阪府	大阪府 四天王寺前夕陽ケ丘駅	https://tabelog.com/osaka/A2701/A270205/27007052/	パン	bread_west	パン WEST	1	https://award.tabelog.com/hyakumeiten/bread_west/2020
26000210	ル・プチメック 今出川店	京都府	京都府 京都市上京区	https://tabelog.com/kyoto/A2601/A260202/26000210/	パン	bread_west	パン WEST	1	https://award.tabelog.com/hyakumeiten/bread_west/2020
27075014	ブーランジュリー&カフェ グウ	大阪府	大阪府 谷町四丁目駅	https://tabelog.com/osaka/A2701/A270104/27075014/	パン	bread_west	パン WEST	1	https://award.tabelog.com/hyakumeiten/bread_west/2020
27068669	ル・ブーランジェ・ドゥ・モンジュ うめだ阪急店	大阪府	大阪府 梅田駅	https://tabelog.com/osaka/A2701/A270101/27068669/	パン	bread_west	パン WEST	1	https://award.tabelog.com/hyakumeiten/bread_west/2020
27012984	ジュエ ボワット	大阪府	大阪府 高槻市駅	https://tabelog.com/osaka/A2706/A270604/27012984/	パン	bread_west	パン WEST	1	https://award.tabelog.com/hyakumeiten/bread_west/2020
27075939	ルルット	大阪府	大阪府 中之島駅	https://tabelog.com/osaka/A2701/A270102/27075939/	パン	bread_west	パン WEST	1	https://award.tabelog.com/hyakumeiten/bread_west/2020
40000552	サイラー	福岡県	福岡県 福岡市南区	https://tabelog.com/fukuoka/A4001/A400202/40000552/	パン	bread_west	パン WEST	1	https://award.tabelog.com/hyakumeiten/bread_west/2020
27062806	オーガニックパン工房　それいゆ	大阪府	大阪府 姫松駅	https://tabelog.com/osaka/A2701/A270203/27062806/	パン	bread_west	パン WEST	1	https://award.tabelog.com/hyakumeiten/bread_west/2020
26005029	ル・プチメック 御池店	京都府	京都府 烏丸御池駅	https://tabelog.com/kyoto/A2601/A260202/26005029/	パン	bread_west	パン WEST	1	https://award.tabelog.com/hyakumeiten/bread_west/2020
27060424	まん福ベーカリー	大阪府	大阪府 北浜駅	https://tabelog.com/osaka/A2701/A270102/27060424/	パン	bread_west	パン WEST	1	https://award.tabelog.com/hyakumeiten/bread_west/2020
26025036	ル・プチメック OMAKE	京都府	京都府 烏丸駅	https://tabelog.com/kyoto/A2601/A260201/26025036/	パン	bread_west	パン WEST	1	https://award.tabelog.com/hyakumeiten/bread_west/2020
28018035	ラ バゲット ド パリ ヨシカワ	兵庫県	兵庫県 苦楽園口駅	https://tabelog.com/hyogo/A2803/A280301/28018035/	パン	bread_west	パン WEST	1	https://award.tabelog.com/hyakumeiten/bread_west/2020
26004579	フリップアップ	京都府	京都府 烏丸御池駅	https://tabelog.com/kyoto/A2601/A260202/26004579/	パン	bread_west	パン WEST	1	https://award.tabelog.com/hyakumeiten/bread_west/2020
40024379	パンストック	福岡県	福岡県 箱崎九大前駅	https://tabelog.com/fukuoka/A4001/A400201/40024379/	パン	bread_west	パン WEST	1	https://award.tabelog.com/hyakumeiten/bread_west/2020
26014268	マンハッタン	京都府	京都府 丹波口駅	https://tabelog.com/kyoto/A2601/A260203/26014268/	パン	bread_west	パン WEST	1	https://award.tabelog.com/hyakumeiten/bread_west/2020
26004348	ブリアン 北山本店	京都府	京都府 北山駅	https://tabelog.com/kyoto/A2601/A260503/26004348/	パン	bread_west	パン WEST	1	https://award.tabelog.com/hyakumeiten/bread_west/2020
27092018	ル・シュクレクール	大阪府	大阪府 大江橋駅	https://tabelog.com/osaka/A2701/A270101/27092018/	パン	bread_west	パン WEST	1	https://award.tabelog.com/hyakumeiten/bread_west/2020
43001344	めるころ	熊本県	熊本県 阿蘇郡南阿蘇村	https://tabelog.com/kumamoto/A4302/A430202/43001344/	パン	bread_west	パン WEST	1	https://award.tabelog.com/hyakumeiten/bread_west/2020
28002012	ル・ディマンシュ トアロード店	兵庫県	兵庫県 旧居留地・大丸前駅	https://tabelog.com/hyogo/A2801/A280102/28002012/	パン	bread_west	パン WEST	1	https://award.tabelog.com/hyakumeiten/bread_west/2020
27017967	食パン工房　ラミ 福島本店	大阪府	大阪府 新福島駅	https://tabelog.com/osaka/A2701/A270108/27017967/	パン	bread_west	パン WEST	1	https://award.tabelog.com/hyakumeiten/bread_west/2020
26004637	ワルダー	京都府	京都府 京都河原町駅	https://tabelog.com/kyoto/A2601/A260201/26004637/	パン	bread_west	パン WEST	1	https://award.tabelog.com/hyakumeiten/bread_west/2020
26014258	ブーランジェリエ デ ラ リベルテ	京都府	京都府 京都市役所前駅	https://tabelog.com/kyoto/A2601/A260201/26014258/	パン	bread_west	パン WEST	1	https://award.tabelog.com/hyakumeiten/bread_west/2020
26004491	マリーフランス 北山店	京都府	京都府 北山駅	https://tabelog.com/kyoto/A2601/A260503/26004491/	パン	bread_west	パン WEST	1	https://award.tabelog.com/hyakumeiten/bread_west/2020
25001153	パン・ドゥ・マルシェ	滋賀県	滋賀県 草津市	https://tabelog.com/shiga/A2502/A250201/25001153/	パン	bread_west	パン WEST	1	https://award.tabelog.com/hyakumeiten/bread_west/2020
26005569	フォション 京都高島屋店	京都府	京都府 京都河原町駅	https://tabelog.com/kyoto/A2601/A260201/26005569/	パン	bread_west	パン WEST	1	https://award.tabelog.com/hyakumeiten/bread_west/2020
26020779	アルチザナル	京都府	京都府 出町柳駅	https://tabelog.com/kyoto/A2601/A260302/26020779/	パン	bread_west	パン WEST	1	https://award.tabelog.com/hyakumeiten/bread_west/2020
26023110	グランディール 御池店	京都府	京都府 京都市役所前駅	https://tabelog.com/kyoto/A2601/A260201/26023110/	パン	bread_west	パン WEST	1	https://award.tabelog.com/hyakumeiten/bread_west/2020
26007737	Croix-Rousse	京都府	京都府 四条（京都市営）駅	https://tabelog.com/kyoto/A2601/A260201/26007737/	パン	bread_west	パン WEST	1	https://award.tabelog.com/hyakumeiten/bread_west/2020
34014537	パン屋航路	広島県	広島県 尾道市	https://tabelog.com/hiroshima/A3406/A340302/34014537/	パン	bread_west	パン WEST	1	https://award.tabelog.com/hyakumeiten/bread_west/2020
28003325	ビゴの店 神戸国際会館店	兵庫県	兵庫県 三宮・花時計前駅	https://tabelog.com/hyogo/A2801/A280101/28003325/	パン	bread_west	パン WEST	1	https://award.tabelog.com/hyakumeiten/bread_west/2020
26018675	eight	京都府	京都府 藤森駅	https://tabelog.com/kyoto/A2601/A260601/26018675/	パン	bread_west	パン WEST	1	https://award.tabelog.com/hyakumeiten/bread_west/2020
26025957	たま木亭	京都府	京都府 黄檗（ＪＲ）駅	https://tabelog.com/kyoto/A2607/A260701/26025957/	パン	bread_west	パン WEST	1	https://award.tabelog.com/hyakumeiten/bread_west/2020
26017091	パンスケープ 二条駅前店	京都府	京都府 二条駅	https://tabelog.com/kyoto/A2601/A260203/26017091/	パン	bread_west	パン WEST	1	https://award.tabelog.com/hyakumeiten/bread_west/2020
27059403	キルシュブリューテ	大阪府	大阪府 西長堀駅	https://tabelog.com/osaka/A2701/A270105/27059403/	パン	bread_west	パン WEST	1	https://award.tabelog.com/hyakumeiten/bread_west/2020
28002212	プラス ドゥ パスト	兵庫県	兵庫県 高速神戸駅	https://tabelog.com/hyogo/A2801/A280102/28002212/	パン	bread_west	パン WEST	1	https://award.tabelog.com/hyakumeiten/bread_west/2020
26005980	レガル	京都府	京都府 木津川市	https://tabelog.com/kyoto/A2607/A260705/26005980/	パン	bread_west	パン WEST	1	https://award.tabelog.com/hyakumeiten/bread_west/2020
27046308	イシノウエ	大阪府	大阪府 中百舌鳥（南海・泉北）駅	https://tabelog.com/osaka/A2705/A270501/27046308/	パン	bread_west	パン WEST	1	https://award.tabelog.com/hyakumeiten/bread_west/2020
28025424	コンセントマーケット	兵庫県	兵庫県 夙川駅	https://tabelog.com/hyogo/A2803/A280301/28025424/	パン	bread_west	パン WEST	1	https://award.tabelog.com/hyakumeiten/bread_west/2020
26021765	しろはとベーカリー	京都府	京都府 烏丸御池駅	https://tabelog.com/kyoto/A2601/A260202/26021765/	パン	bread_west	パン WEST	1	https://award.tabelog.com/hyakumeiten/bread_west/2020
25004738	クラブハリエ ジュブリルタン	滋賀県	滋賀県 彦根市	https://tabelog.com/shiga/A2503/A250303/25004738/	パン	bread_west	パン WEST	1	https://award.tabelog.com/hyakumeiten/bread_west/2020
28045372	生瀬ヒュッテ	兵庫県	兵庫県 生瀬駅	https://tabelog.com/hyogo/A2803/A280303/28045372/	パン	bread_west	パン WEST	1	https://award.tabelog.com/hyakumeiten/bread_west/2020
27074010	パリアッシュ	大阪府	大阪府 渡辺橋駅	https://tabelog.com/osaka/A2701/A270108/27074010/	パン	bread_west	パン WEST	1	https://award.tabelog.com/hyakumeiten/bread_west/2020
27016975	パン工房　フルニエ	大阪府	大阪府 和泉市	https://tabelog.com/osaka/A2705/A270502/27016975/	パン	bread_west	パン WEST	1	https://award.tabelog.com/hyakumeiten/bread_west/2020
28027356	サ・マーシュ	兵庫県	兵庫県 三宮（神戸市営）駅	https://tabelog.com/hyogo/A2801/A280101/28027356/	パン	bread_west	パン WEST	1	https://award.tabelog.com/hyakumeiten/bread_west/2020
28031160	トリコ	兵庫県	兵庫県 夙川駅	https://tabelog.com/hyogo/A2803/A280301/28031160/	パン	bread_west	パン WEST	1	https://award.tabelog.com/hyakumeiten/bread_west/2020
27049674	パネ・ポルチーニ	大阪府	大阪府 福島駅	https://tabelog.com/osaka/A2701/A270108/27049674/	パン	bread_west	パン WEST	1	https://award.tabelog.com/hyakumeiten/bread_west/2020
28005935	グリム	兵庫県	兵庫県 伊丹（阪急）駅	https://tabelog.com/hyogo/A2803/A280306/28005935/	パン	bread_west	パン WEST	1	https://award.tabelog.com/hyakumeiten/bread_west/2020
27010111	ブランジュリ P&B	大阪府	大阪府 西大橋駅	https://tabelog.com/osaka/A2701/A270105/27010111/	パン	bread_west	パン WEST	1	https://award.tabelog.com/hyakumeiten/bread_west/2020
26019004	ナカガワ小麦店	京都府	京都府 京都市左京区	https://tabelog.com/kyoto/A2601/A260302/26019004/	パン	bread_west	パン WEST	1	https://award.tabelog.com/hyakumeiten/bread_west/2020
26002694	クロア	京都府	京都府 京都市北区	https://tabelog.com/kyoto/A2601/A260503/26002694/	パン	bread_west	パン WEST	1	https://award.tabelog.com/hyakumeiten/bread_west/2020
27059555	ブーランジェ エス・カガワ	大阪府	大阪府 中崎町駅	https://tabelog.com/osaka/A2701/A270101/27059555/	パン	bread_west	パン WEST	1	https://award.tabelog.com/hyakumeiten/bread_west/2020
27002376	ブランジェリー タカギ	大阪府	大阪府 肥後橋駅	https://tabelog.com/osaka/A2701/A270102/27002376/	パン	bread_west	パン WEST	1	https://award.tabelog.com/hyakumeiten/bread_west/2020
26006683	グラン マーブル ファクトリー店	京都府	京都府 上鳥羽口駅	https://tabelog.com/kyoto/A2601/A260604/26006683/	パン	bread_west	パン WEST	1	https://award.tabelog.com/hyakumeiten/bread_west/2020
26014187	オレノ パン オクムラ 京都駅店	京都府	京都府 京都駅	https://tabelog.com/kyoto/A2601/A260101/26014187/	パン	bread_west	パン WEST	1	https://award.tabelog.com/hyakumeiten/bread_west/2020
27014650	ブーランジュリー グウ	大阪府	大阪府 谷町六丁目駅	https://tabelog.com/osaka/A2701/A270204/27014650/	パン	bread_west	パン WEST	1	https://award.tabelog.com/hyakumeiten/bread_west/2020
13149528	CURRY BAL くじら	東京都	東京都 高円寺駅	https://tabelog.com/tokyo/A1319/A131904/13149528/	カレー	curry_tokyo	カレー TOKYO	1	https://award.tabelog.com/hyakumeiten/curry_tokyo/2020
13207647	スパイスバル コザブロ	東京都	東京都 本駒込駅	https://tabelog.com/tokyo/A1323/A132301/13207647/	カレー	curry_tokyo	カレー TOKYO	1	https://award.tabelog.com/hyakumeiten/curry_tokyo/2020
13183010	ヴェヌス サウス インディアン ダイニング 錦糸町店	東京都	東京都 錦糸町駅	https://tabelog.com/tokyo/A1312/A131201/13183010/	カレー	curry_tokyo	カレー TOKYO	1	https://award.tabelog.com/hyakumeiten/curry_tokyo/2020
13025962	３丁目のカレー屋さん	東京都	東京都 宝町駅	https://tabelog.com/tokyo/A1302/A130202/13025962/	カレー	curry_tokyo	カレー TOKYO	1	https://award.tabelog.com/hyakumeiten/curry_tokyo/2020
13006311	フジヤ	東京都	東京都 三越前駅	https://tabelog.com/tokyo/A1302/A130202/13006311/	カレー	curry_tokyo	カレー TOKYO	1	https://award.tabelog.com/hyakumeiten/curry_tokyo/2020
13202529	カルパシ	東京都	東京都 千歳船橋駅	https://tabelog.com/tokyo/A1318/A131813/13202529/	カレー	curry_tokyo	カレー TOKYO	1	https://award.tabelog.com/hyakumeiten/curry_tokyo/2020
13212319	カレーライス専門店 ブラザー	東京都	東京都 高田馬場駅	https://tabelog.com/tokyo/A1305/A130503/13212319/	カレー	curry_tokyo	カレー TOKYO	1	https://award.tabelog.com/hyakumeiten/curry_tokyo/2020
13130363	エリックサウス 八重洲店	東京都	東京都 京橋駅	https://tabelog.com/tokyo/A1302/A130202/13130363/	カレー	curry_tokyo	カレー TOKYO	1	https://award.tabelog.com/hyakumeiten/curry_tokyo/2020
13009943	カレー食堂 リトルスパイス	東京都	東京都 吉祥寺駅	https://tabelog.com/tokyo/A1320/A132001/13009943/	カレー	curry_tokyo	カレー TOKYO	1	https://award.tabelog.com/hyakumeiten/curry_tokyo/2020
13096305	アーンドラ・キッチン	東京都	東京都 御徒町駅	https://tabelog.com/tokyo/A1311/A131101/13096305/	カレー	curry_tokyo	カレー TOKYO	1	https://award.tabelog.com/hyakumeiten/curry_tokyo/2020
13004531	かれーの店 うどん	東京都	東京都 大崎広小路駅	https://tabelog.com/tokyo/A1316/A131603/13004531/	カレー	curry_tokyo	カレー TOKYO	1	https://award.tabelog.com/hyakumeiten/curry_tokyo/2020
13120204	砂の岬	東京都	東京都 桜新町駅	https://tabelog.com/tokyo/A1317/A131707/13120204/	カレー	curry_tokyo	カレー TOKYO	1	https://award.tabelog.com/hyakumeiten/curry_tokyo/2020
13006343	ブラウニー	東京都	東京都 末広町駅	https://tabelog.com/tokyo/A1311/A131101/13006343/	カレー	curry_tokyo	カレー TOKYO	1	https://award.tabelog.com/hyakumeiten/curry_tokyo/2020
13026681	パンチマハル	東京都	東京都 神保町駅	https://tabelog.com/tokyo/A1310/A131003/13026681/	カレー	curry_tokyo	カレー TOKYO	1	https://award.tabelog.com/hyakumeiten/curry_tokyo/2020
13132405	吉田カレー	東京都	東京都 荻窪駅	https://tabelog.com/tokyo/A1319/A131906/13132405/	カレー	curry_tokyo	カレー TOKYO	1	https://award.tabelog.com/hyakumeiten/curry_tokyo/2020
13048166	ムーナ	東京都	東京都 下北沢駅	https://tabelog.com/tokyo/A1318/A131802/13048166/	カレー	curry_tokyo	カレー TOKYO	1	https://award.tabelog.com/hyakumeiten/curry_tokyo/2020
13000377	トプカ 神田本店	東京都	東京都 淡路町駅	https://tabelog.com/tokyo/A1310/A131002/13000377/	カレー	curry_tokyo	カレー TOKYO	1	https://award.tabelog.com/hyakumeiten/curry_tokyo/2020
13042970	curry 草枕	東京都	東京都 新宿御苑前駅	https://tabelog.com/tokyo/A1304/A130402/13042970/	カレー	curry_tokyo	カレー TOKYO	1	https://award.tabelog.com/hyakumeiten/curry_tokyo/2020
13003605	デリー 上野店	東京都	東京都 上野広小路駅	https://tabelog.com/tokyo/A1311/A131101/13003605/	カレー	curry_tokyo	カレー TOKYO	1	https://award.tabelog.com/hyakumeiten/curry_tokyo/2020
13105113	南印度ダイニング ポンディバワン 武蔵新田	東京都	東京都 武蔵新田駅	https://tabelog.com/tokyo/A1317/A131716/13105113/	カレー	curry_tokyo	カレー TOKYO	1	https://award.tabelog.com/hyakumeiten/curry_tokyo/2020
13040204	スープカレー屋 鴻 神田駿河台店	東京都	東京都 神保町駅	https://tabelog.com/tokyo/A1310/A131003/13040204/	カレー	curry_tokyo	カレー TOKYO	1	https://award.tabelog.com/hyakumeiten/curry_tokyo/2020
13168753	ハリマ・ケバブ・ビリヤニ	東京都	東京都 稲荷町駅	https://tabelog.com/tokyo/A1311/A131101/13168753/	カレー	curry_tokyo	カレー TOKYO	1	https://award.tabelog.com/hyakumeiten/curry_tokyo/2020
13030312	かえる食堂	東京都	東京都 要町駅	https://tabelog.com/tokyo/A1322/A132202/13030312/	カレー	curry_tokyo	カレー TOKYO	1	https://award.tabelog.com/hyakumeiten/curry_tokyo/2020
13204150	カレー&オリエンタルバル 桃の実 水道橋店	東京都	東京都 水道橋駅	https://tabelog.com/tokyo/A1310/A131003/13204150/	カレー	curry_tokyo	カレー TOKYO	1	https://award.tabelog.com/hyakumeiten/curry_tokyo/2020
13000930	メーヤウ	東京都	東京都 信濃町駅	https://tabelog.com/tokyo/A1309/A130901/13000930/	カレー	curry_tokyo	カレー TOKYO	1	https://award.tabelog.com/hyakumeiten/curry_tokyo/2020
13000644	新川デリー	東京都	東京都 八丁堀駅	https://tabelog.com/tokyo/A1302/A130203/13000644/	カレー	curry_tokyo	カレー TOKYO	1	https://award.tabelog.com/hyakumeiten/curry_tokyo/2020
13001446	タイカリーピキヌー	東京都	東京都 駒沢大学駅	https://tabelog.com/tokyo/A1317/A131707/13001446/	カレー	curry_tokyo	カレー TOKYO	1	https://award.tabelog.com/hyakumeiten/curry_tokyo/2020
13154685	MOKUBAZA	東京都	東京都 北参道駅	https://tabelog.com/tokyo/A1309/A130901/13154685/	カレー	curry_tokyo	カレー TOKYO	1	https://award.tabelog.com/hyakumeiten/curry_tokyo/2020
13009705	シターラ 青山店	東京都	東京都 表参道駅	https://tabelog.com/tokyo/A1306/A130602/13009705/	カレー	curry_tokyo	カレー TOKYO	1	https://award.tabelog.com/hyakumeiten/curry_tokyo/2020
13007608	タンドール料理ひつじや 日比谷店	東京都	東京都 日比谷駅	https://tabelog.com/tokyo/A1301/A130102/13007608/	カレー	curry_tokyo	カレー TOKYO	1	https://award.tabelog.com/hyakumeiten/curry_tokyo/2020
13093699	フレンチカレー スプーン	東京都	東京都 西荻窪駅	https://tabelog.com/tokyo/A1319/A131907/13093699/	カレー	curry_tokyo	カレー TOKYO	1	https://award.tabelog.com/hyakumeiten/curry_tokyo/2020
13195343	エリックサウス 東京ガーデンテラス店	東京都	東京都 永田町駅	https://tabelog.com/tokyo/A1308/A130801/13195343/	カレー	curry_tokyo	カレー TOKYO	1	https://award.tabelog.com/hyakumeiten/curry_tokyo/2020
13002329	ナイルレストラン	東京都	東京都 東銀座駅	https://tabelog.com/tokyo/A1301/A130101/13002329/	カレー	curry_tokyo	カレー TOKYO	1	https://award.tabelog.com/hyakumeiten/curry_tokyo/2020
13000506	ダバ インディア	東京都	東京都 京橋駅	https://tabelog.com/tokyo/A1302/A130202/13000506/	カレー	curry_tokyo	カレー TOKYO	1	https://award.tabelog.com/hyakumeiten/curry_tokyo/2020
13007422	ヘンドリクス カリー バー	東京都	東京都 国立競技場駅	https://tabelog.com/tokyo/A1309/A130901/13007422/	カレー	curry_tokyo	カレー TOKYO	1	https://award.tabelog.com/hyakumeiten/curry_tokyo/2020
13191118	スパイスボックス	東京都	東京都 小川町駅	https://tabelog.com/tokyo/A1310/A131002/13191118/	カレー	curry_tokyo	カレー TOKYO	1	https://award.tabelog.com/hyakumeiten/curry_tokyo/2020
13168072	アジアカレーハウス	東京都	東京都 錦糸町駅	https://tabelog.com/tokyo/A1312/A131201/13168072/	カレー	curry_tokyo	カレー TOKYO	1	https://award.tabelog.com/hyakumeiten/curry_tokyo/2020
13000638	カリーライス専門店エチオピア 本店	東京都	東京都 神保町駅	https://tabelog.com/tokyo/A1310/A131003/13000638/	カレー	curry_tokyo	カレー TOKYO	1	https://award.tabelog.com/hyakumeiten/curry_tokyo/2020
13117635	南インド料理ダクシン 八重洲店	東京都	東京都 京橋駅	https://tabelog.com/tokyo/A1302/A130202/13117635/	カレー	curry_tokyo	カレー TOKYO	1	https://award.tabelog.com/hyakumeiten/curry_tokyo/2020
13006035	リッチなカレーの店 アサノ	東京都	東京都 町田駅	https://tabelog.com/tokyo/A1327/A132701/13006035/	カレー	curry_tokyo	カレー TOKYO	1	https://award.tabelog.com/hyakumeiten/curry_tokyo/2020
13013124	ガラムマサラ	東京都	東京都 経堂駅	https://tabelog.com/tokyo/A1318/A131813/13013124/	カレー	curry_tokyo	カレー TOKYO	1	https://award.tabelog.com/hyakumeiten/curry_tokyo/2020
13131028	ディルセ	東京都	東京都 千駄ケ谷駅	https://tabelog.com/tokyo/A1309/A130901/13131028/	カレー	curry_tokyo	カレー TOKYO	1	https://award.tabelog.com/hyakumeiten/curry_tokyo/2020
13019915	ニルワナム 神谷町店	東京都	東京都 神谷町駅	https://tabelog.com/tokyo/A1307/A130704/13019915/	カレー	curry_tokyo	カレー TOKYO	1	https://award.tabelog.com/hyakumeiten/curry_tokyo/2020
13006805	サンサール 新宿店	東京都	東京都 東新宿駅	https://tabelog.com/tokyo/A1304/A130401/13006805/	カレー	curry_tokyo	カレー TOKYO	1	https://award.tabelog.com/hyakumeiten/curry_tokyo/2020
13001732	ムルギー	東京都	東京都 神泉駅	https://tabelog.com/tokyo/A1303/A130301/13001732/	カレー	curry_tokyo	カレー TOKYO	1	https://award.tabelog.com/hyakumeiten/curry_tokyo/2020
13151738	シバカリーワラ	東京都	東京都 三軒茶屋駅	https://tabelog.com/tokyo/A1317/A131706/13151738/	カレー	curry_tokyo	カレー TOKYO	1	https://award.tabelog.com/hyakumeiten/curry_tokyo/2020
13000576	ハレギンザ	東京都	東京都 銀座駅	https://tabelog.com/tokyo/A1301/A130101/13000576/	カレー	curry_tokyo	カレー TOKYO	1	https://award.tabelog.com/hyakumeiten/curry_tokyo/2020
13220519	ベンガルカレーファクトリー	東京都	東京都 神田駅	https://tabelog.com/tokyo/A1310/A131002/13220519/	カレー	curry_tokyo	カレー TOKYO	1	https://award.tabelog.com/hyakumeiten/curry_tokyo/2020
13046781	本石亭	東京都	東京都 新日本橋駅	https://tabelog.com/tokyo/A1302/A130202/13046781/	カレー	curry_tokyo	カレー TOKYO	1	https://award.tabelog.com/hyakumeiten/curry_tokyo/2020
13000243	インドカレーカーマ	東京都	東京都 神保町駅	https://tabelog.com/tokyo/A1310/A131003/13000243/	カレー	curry_tokyo	カレー TOKYO	1	https://award.tabelog.com/hyakumeiten/curry_tokyo/2020
13203027	SPICY CURRY 魯珈	東京都	東京都 大久保駅	https://tabelog.com/tokyo/A1304/A130404/13203027/	カレー	curry_tokyo	カレー TOKYO	1	https://award.tabelog.com/hyakumeiten/curry_tokyo/2020
13009222	アヒリヤ 代々木店	東京都	東京都 代々木駅	https://tabelog.com/tokyo/A1304/A130403/13009222/	カレー	curry_tokyo	カレー TOKYO	1	https://award.tabelog.com/hyakumeiten/curry_tokyo/2020
13239329	ゼロワンカレーA.o.D	東京都	東京都 三田駅	https://tabelog.com/tokyo/A1314/A131402/13239329/	カレー	curry_tokyo	カレー TOKYO	1	https://award.tabelog.com/hyakumeiten/curry_tokyo/2020
13000880	ガンジー	東京都	東京都 新宿三丁目駅	https://tabelog.com/tokyo/A1304/A130401/13000880/	カレー	curry_tokyo	カレー TOKYO	1	https://award.tabelog.com/hyakumeiten/curry_tokyo/2020
13000358	ガヴィアル	東京都	東京都 神保町駅	https://tabelog.com/tokyo/A1310/A131003/13000358/	カレー	curry_tokyo	カレー TOKYO	1	https://award.tabelog.com/hyakumeiten/curry_tokyo/2020
13001113	トマト	東京都	東京都 荻窪駅	https://tabelog.com/tokyo/A1319/A131906/13001113/	カレー	curry_tokyo	カレー TOKYO	1	https://award.tabelog.com/hyakumeiten/curry_tokyo/2020
13144423	サイーファ ケバブ アンド ビリヤニ	東京都	東京都 六本木駅	https://tabelog.com/tokyo/A1307/A130701/13144423/	カレー	curry_tokyo	カレー TOKYO	1	https://award.tabelog.com/hyakumeiten/curry_tokyo/2020
13060858	南インド料理ダクシン 東日本橋店	東京都	東京都 馬喰町駅	https://tabelog.com/tokyo/A1302/A130204/13060858/	カレー	curry_tokyo	カレー TOKYO	1	https://award.tabelog.com/hyakumeiten/curry_tokyo/2020
13004379	すぱいす	東京都	東京都 荻窪駅	https://tabelog.com/tokyo/A1319/A131906/13004379/	カレー	curry_tokyo	カレー TOKYO	1	https://award.tabelog.com/hyakumeiten/curry_tokyo/2020
13000254	プティフ・ア・ラ・カンパーニュ	東京都	東京都 半蔵門駅	https://tabelog.com/tokyo/A1308/A130803/13000254/	カレー	curry_tokyo	カレー TOKYO	1	https://award.tabelog.com/hyakumeiten/curry_tokyo/2020
13207605	やっぱりインディア	東京都	東京都 大塚駅	https://tabelog.com/tokyo/A1323/A132302/13207605/	カレー	curry_tokyo	カレー TOKYO	1	https://award.tabelog.com/hyakumeiten/curry_tokyo/2020
13178494	とんかつ檍のカレー屋いっぺこっぺ	東京都	東京都 蒲田駅	https://tabelog.com/tokyo/A1315/A131503/13178494/	カレー	curry_tokyo	カレー TOKYO	1	https://award.tabelog.com/hyakumeiten/curry_tokyo/2020
13002935	スパイスカフェ	東京都	東京都 押上駅	https://tabelog.com/tokyo/A1312/A131203/13002935/	カレー	curry_tokyo	カレー TOKYO	1	https://award.tabelog.com/hyakumeiten/curry_tokyo/2020
13056242	コチン ニヴァース	東京都	東京都 西新宿五丁目駅	https://tabelog.com/tokyo/A1304/A130401/13056242/	カレー	curry_tokyo	カレー TOKYO	1	https://award.tabelog.com/hyakumeiten/curry_tokyo/2020
13091984	インディアンレストラン アールティ	東京都	東京都 岩本町駅	https://tabelog.com/tokyo/A1310/A131001/13091984/	カレー	curry_tokyo	カレー TOKYO	1	https://award.tabelog.com/hyakumeiten/curry_tokyo/2020
13076645	ヨゴロウ	東京都	東京都 国立競技場駅	https://tabelog.com/tokyo/A1306/A130601/13076645/	カレー	curry_tokyo	カレー TOKYO	1	https://award.tabelog.com/hyakumeiten/curry_tokyo/2020
13168026	ベジキッチン	東京都	東京都 仲御徒町駅	https://tabelog.com/tokyo/A1311/A131101/13168026/	カレー	curry_tokyo	カレー TOKYO	1	https://award.tabelog.com/hyakumeiten/curry_tokyo/2020
13217211	バンゲラズ キッチン	東京都	東京都 有楽町駅	https://tabelog.com/tokyo/A1301/A130101/13217211/	カレー	curry_tokyo	カレー TOKYO	1	https://award.tabelog.com/hyakumeiten/curry_tokyo/2020
13007129	ザ・カリ	東京都	東京都 御成門駅	https://tabelog.com/tokyo/A1301/A130103/13007129/	カレー	curry_tokyo	カレー TOKYO	1	https://award.tabelog.com/hyakumeiten/curry_tokyo/2020
13000596	共栄堂	東京都	東京都 神保町駅	https://tabelog.com/tokyo/A1310/A131003/13000596/	カレー	curry_tokyo	カレー TOKYO	1	https://award.tabelog.com/hyakumeiten/curry_tokyo/2020
13037327	ニルヴァーナ ニューヨーク 東京ミッドタウン	東京都	東京都 乃木坂駅	https://tabelog.com/tokyo/A1307/A130701/13037327/	カレー	curry_tokyo	カレー TOKYO	1	https://award.tabelog.com/hyakumeiten/curry_tokyo/2020
13036906	葡萄舎	東京都	東京都 神田駅	https://tabelog.com/tokyo/A1310/A131002/13036906/	カレー	curry_tokyo	カレー TOKYO	1	https://award.tabelog.com/hyakumeiten/curry_tokyo/2020
13005789	まめ蔵	東京都	東京都 吉祥寺駅	https://tabelog.com/tokyo/A1320/A132001/13005789/	カレー	curry_tokyo	カレー TOKYO	1	https://award.tabelog.com/hyakumeiten/curry_tokyo/2020
13211142	旧ヤム邸  シモキタ荘	東京都	東京都 下北沢駅	https://tabelog.com/tokyo/A1318/A131802/13211142/	カレー	curry_tokyo	カレー TOKYO	1	https://award.tabelog.com/hyakumeiten/curry_tokyo/2020
13000438	アジャンタ	東京都	東京都 麹町駅	https://tabelog.com/tokyo/A1308/A130803/13000438/	カレー	curry_tokyo	カレー TOKYO	1	https://award.tabelog.com/hyakumeiten/curry_tokyo/2020
13116418	ネパリコ 渋谷店	東京都	東京都 渋谷駅	https://tabelog.com/tokyo/A1303/A130301/13116418/	カレー	curry_tokyo	カレー TOKYO	1	https://award.tabelog.com/hyakumeiten/curry_tokyo/2020
13136701	アーンドラ・ダイニング 銀座	東京都	東京都 銀座一丁目駅	https://tabelog.com/tokyo/A1301/A130101/13136701/	カレー	curry_tokyo	カレー TOKYO	1	https://award.tabelog.com/hyakumeiten/curry_tokyo/2020
13009589	サンサール 小岩店	東京都	東京都 小岩駅	https://tabelog.com/tokyo/A1312/A131204/13009589/	カレー	curry_tokyo	カレー TOKYO	1	https://award.tabelog.com/hyakumeiten/curry_tokyo/2020
13195313	サンバレーホテル	東京都	東京都 三軒茶屋駅	https://tabelog.com/tokyo/A1317/A131706/13195313/	カレー	curry_tokyo	カレー TOKYO	1	https://award.tabelog.com/hyakumeiten/curry_tokyo/2020
13128960	タンドールバル カマルプール	東京都	東京都 木場駅	https://tabelog.com/tokyo/A1313/A131303/13128960/	カレー	curry_tokyo	カレー TOKYO	1	https://award.tabelog.com/hyakumeiten/curry_tokyo/2020
13048485	ロダン	東京都	東京都 宝町駅	https://tabelog.com/tokyo/A1302/A130203/13048485/	カレー	curry_tokyo	カレー TOKYO	1	https://award.tabelog.com/hyakumeiten/curry_tokyo/2020
13108716	みのりんご	東京都	東京都 原宿駅	https://tabelog.com/tokyo/A1306/A130601/13108716/	カレー	curry_tokyo	カレー TOKYO	1	https://award.tabelog.com/hyakumeiten/curry_tokyo/2020
13005962	カレーの店 プーさん	東京都	東京都 武蔵小金井駅	https://tabelog.com/tokyo/A1325/A132501/13005962/	カレー	curry_tokyo	カレー TOKYO	1	https://award.tabelog.com/hyakumeiten/curry_tokyo/2020
13196455	ビートイート	東京都	東京都 喜多見駅	https://tabelog.com/tokyo/A1318/A131814/13196455/	カレー	curry_tokyo	カレー TOKYO	1	https://award.tabelog.com/hyakumeiten/curry_tokyo/2020
13014312	イエローカンパニー 恵比寿本店	東京都	東京都 恵比寿駅	https://tabelog.com/tokyo/A1303/A130302/13014312/	カレー	curry_tokyo	カレー TOKYO	1	https://award.tabelog.com/hyakumeiten/curry_tokyo/2020
13023967	インド料理 想いの木	東京都	東京都 牛込神楽坂駅	https://tabelog.com/tokyo/A1309/A130905/13023967/	カレー	curry_tokyo	カレー TOKYO	1	https://award.tabelog.com/hyakumeiten/curry_tokyo/2020
13001507	ガネー舎	東京都	東京都 汐留駅	https://tabelog.com/tokyo/A1301/A130103/13001507/	カレー	curry_tokyo	カレー TOKYO	1	https://award.tabelog.com/hyakumeiten/curry_tokyo/2020
13120294	カッチャル バッチャル	東京都	東京都 新大塚駅	https://tabelog.com/tokyo/A1323/A132302/13120294/	カレー	curry_tokyo	カレー TOKYO	1	https://award.tabelog.com/hyakumeiten/curry_tokyo/2020
13002457	グルガオン	東京都	東京都 銀座一丁目駅	https://tabelog.com/tokyo/A1301/A130101/13002457/	カレー	curry_tokyo	カレー TOKYO	1	https://award.tabelog.com/hyakumeiten/curry_tokyo/2020
13000439	欧風カレー ボンディ 神保町本店	東京都	東京都 神保町駅	https://tabelog.com/tokyo/A1310/A131003/13000439/	カレー	curry_tokyo	カレー TOKYO	1	https://award.tabelog.com/hyakumeiten/curry_tokyo/2020
13027104	東京 京橋屋カレー	東京都	東京都 銀座一丁目駅	https://tabelog.com/tokyo/A1302/A130202/13027104/	カレー	curry_tokyo	カレー TOKYO	1	https://award.tabelog.com/hyakumeiten/curry_tokyo/2020
13195398	初台スパイス食堂 和魂印才たんどーる	東京都	東京都 初台駅	https://tabelog.com/tokyo/A1318/A131807/13195398/	カレー	curry_tokyo	カレー TOKYO	1	https://award.tabelog.com/hyakumeiten/curry_tokyo/2020
13170211	カーン・ケバブ・ビリヤニ	東京都	東京都 新橋駅	https://tabelog.com/tokyo/A1301/A130103/13170211/	カレー	curry_tokyo	カレー TOKYO	1	https://award.tabelog.com/hyakumeiten/curry_tokyo/2020
13198751	ビストロべっぴん舍 お茶の水	東京都	東京都 神保町駅	https://tabelog.com/tokyo/A1310/A131002/13198751/	カレー	curry_tokyo	カレー TOKYO	1	https://award.tabelog.com/hyakumeiten/curry_tokyo/2020
13048177	奥芝商店 八王子田代城	東京都	東京都 八王子駅	https://tabelog.com/tokyo/A1329/A132904/13048177/	カレー	curry_tokyo	カレー TOKYO	1	https://award.tabelog.com/hyakumeiten/curry_tokyo/2020
13186472	カリ～ アンド スパイスバル カリ～ビト	東京都	東京都 飯田橋駅	https://tabelog.com/tokyo/A1309/A130905/13186472/	カレー	curry_tokyo	カレー TOKYO	1	https://award.tabelog.com/hyakumeiten/curry_tokyo/2020
13002616	デリー 銀座店	東京都	東京都 銀座駅	https://tabelog.com/tokyo/A1301/A130101/13002616/	カレー	curry_tokyo	カレー TOKYO	1	https://award.tabelog.com/hyakumeiten/curry_tokyo/2020
13158580	カレーライス ディラン	東京都	東京都 新御茶ノ水駅	https://tabelog.com/tokyo/A1310/A131002/13158580/	カレー	curry_tokyo	カレー TOKYO	1	https://award.tabelog.com/hyakumeiten/curry_tokyo/2020
13036794	ベンガル料理プージャー	東京都	東京都 町屋駅前駅	https://tabelog.com/tokyo/A1324/A132401/13036794/	カレー	curry_tokyo	カレー TOKYO	1	https://award.tabelog.com/hyakumeiten/curry_tokyo/2020
13037862	サルマ ティッカアンドビリヤニ	東京都	東京都 品川駅	https://tabelog.com/tokyo/A1314/A131403/13037862/	カレー	curry_tokyo	カレー TOKYO	1	https://award.tabelog.com/hyakumeiten/curry_tokyo/2020
1004447	カリーハウス コロンボ	北海道	北海道 さっぽろ（札幌市営）駅	https://tabelog.com/hokkaido/A0101/A010101/1004447/	カレー	curry_east	カレー EAST	1	https://award.tabelog.com/hyakumeiten/curry_east/2020
12000109	印度料理シタール	千葉県	千葉県 検見川駅	https://tabelog.com/chiba/A1201/A120104/12000109/	カレー	curry_east	カレー EAST	1	https://award.tabelog.com/hyakumeiten/curry_east/2020
1000687	カレー リーブス	北海道	北海道 札幌市豊平区	https://tabelog.com/hokkaido/A0101/A010303/1000687/	カレー	curry_east	カレー EAST	1	https://award.tabelog.com/hyakumeiten/curry_east/2020
14053565	スパイス・ツリー	神奈川県	神奈川県 逗子駅	https://tabelog.com/kanagawa/A1406/A140602/14053565/	カレー	curry_east	カレー EAST	1	https://award.tabelog.com/hyakumeiten/curry_east/2020
14003331	イムイェム	神奈川県	神奈川県 川崎市宮前区	https://tabelog.com/kanagawa/A1405/A140507/14003331/	カレー	curry_east	カレー EAST	1	https://award.tabelog.com/hyakumeiten/curry_east/2020
1000163	マジックスパイス 札幌本店	北海道	北海道 南郷７丁目駅	https://tabelog.com/hokkaido/A0101/A010301/1000163/	カレー	curry_east	カレー EAST	1	https://award.tabelog.com/hyakumeiten/curry_east/2020
1042370	STAR	北海道	北海道 小樽市	https://tabelog.com/hokkaido/A0106/A010601/1042370/	カレー	curry_east	カレー EAST	1	https://award.tabelog.com/hyakumeiten/curry_east/2020
1006509	アジャンタ 総本家	北海道	北海道 元町（札幌）駅	https://tabelog.com/hokkaido/A0101/A010202/1006509/	カレー	curry_east	カレー EAST	1	https://award.tabelog.com/hyakumeiten/curry_east/2020
14000620	カレーハウス 横浜 ボンベイ	神奈川県	神奈川県 戸塚駅	https://tabelog.com/kanagawa/A1401/A140305/14000620/	カレー	curry_east	カレー EAST	1	https://award.tabelog.com/hyakumeiten/curry_east/2020
23060430	エリックサウス KITTE名古屋店	愛知県	愛知県 名古屋駅	https://tabelog.com/aichi/A2301/A230101/23060430/	カレー	curry_east	カレー EAST	1	https://award.tabelog.com/hyakumeiten/curry_east/2020
1003320	レッドチリ	北海道	北海道 西２８丁目駅	https://tabelog.com/hokkaido/A0101/A010105/1003320/	カレー	curry_east	カレー EAST	1	https://award.tabelog.com/hyakumeiten/curry_east/2020
11035816	ニュールドリ	埼玉県	埼玉県 谷塚駅	https://tabelog.com/saitama/A1102/A110203/11035816/	カレー	curry_east	カレー EAST	1	https://award.tabelog.com/hyakumeiten/curry_east/2020
14045095	ラマイ 横浜伊勢佐木モール店	神奈川県	神奈川県 関内駅	https://tabelog.com/kanagawa/A1401/A140104/14045095/	カレー	curry_east	カレー EAST	1	https://award.tabelog.com/hyakumeiten/curry_east/2020
14043719	マドラスミールス	神奈川県	神奈川県 新丸子駅	https://tabelog.com/kanagawa/A1405/A140504/14043719/	カレー	curry_east	カレー EAST	1	https://award.tabelog.com/hyakumeiten/curry_east/2020
1000635	gopのアナグラ	北海道	北海道 札幌市西区	https://tabelog.com/hokkaido/A0101/A010204/1000635/	カレー	curry_east	カレー EAST	1	https://award.tabelog.com/hyakumeiten/curry_east/2020
14040492	カレーの店 マボロシ	神奈川県	神奈川県 相模原市中央区	https://tabelog.com/kanagawa/A1407/A140701/14040492/	カレー	curry_east	カレー EAST	1	https://award.tabelog.com/hyakumeiten/curry_east/2020
1039442	天竺 札幌清田本店	北海道	北海道 札幌市清田区	https://tabelog.com/hokkaido/A0101/A010304/1039442/	カレー	curry_east	カレー EAST	1	https://award.tabelog.com/hyakumeiten/curry_east/2020
8014163	コジコジ	茨城県	茨城県 水戸市	https://tabelog.com/ibaraki/A0801/A080101/8014163/	カレー	curry_east	カレー EAST	1	https://award.tabelog.com/hyakumeiten/curry_east/2020
12000107	ガンディー	千葉県	千葉県 京成船橋駅	https://tabelog.com/chiba/A1202/A120201/12000107/	カレー	curry_east	カレー EAST	1	https://award.tabelog.com/hyakumeiten/curry_east/2020
1002169	こうひいはうす	北海道	北海道 ロープウェイ入口駅	https://tabelog.com/hokkaido/A0101/A010104/1002169/	カレー	curry_east	カレー EAST	1	https://award.tabelog.com/hyakumeiten/curry_east/2020
1002197	ポレポレ	北海道	北海道 南郷１８丁目駅	https://tabelog.com/hokkaido/A0101/A010301/1002197/	カレー	curry_east	カレー EAST	1	https://award.tabelog.com/hyakumeiten/curry_east/2020
1029696	カリーヤ！コング	北海道	北海道 静修学園前駅	https://tabelog.com/hokkaido/A0101/A010104/1029696/	カレー	curry_east	カレー EAST	1	https://award.tabelog.com/hyakumeiten/curry_east/2020
1025000	スパイス ポット	北海道	北海道 菊水駅	https://tabelog.com/hokkaido/A0101/A010301/1025000/	カレー	curry_east	カレー EAST	1	https://award.tabelog.com/hyakumeiten/curry_east/2020
1029827	ラマイ 札幌中央店	北海道	北海道 中央区役所前駅	https://tabelog.com/hokkaido/A0101/A010102/1029827/	カレー	curry_east	カレー EAST	1	https://award.tabelog.com/hyakumeiten/curry_east/2020
1000874	カレー気分	北海道	北海道 札幌市清田区	https://tabelog.com/hokkaido/A0101/A010304/1000874/	カレー	curry_east	カレー EAST	1	https://award.tabelog.com/hyakumeiten/curry_east/2020
14010409	カレー専門店 KEN	神奈川県	神奈川県 青葉台駅	https://tabelog.com/kanagawa/A1401/A140202/14010409/	カレー	curry_east	カレー EAST	1	https://award.tabelog.com/hyakumeiten/curry_east/2020
1052435	エイト カリー	北海道	北海道 中の島駅	https://tabelog.com/hokkaido/A0101/A010303/1052435/	カレー	curry_east	カレー EAST	1	https://award.tabelog.com/hyakumeiten/curry_east/2020
1035826	スパイス	北海道	北海道 北１８条駅	https://tabelog.com/hokkaido/A0101/A010201/1035826/	カレー	curry_east	カレー EAST	1	https://award.tabelog.com/hyakumeiten/curry_east/2020
1031618	カレーのふらのや	北海道	北海道 森林公園駅	https://tabelog.com/hokkaido/A0101/A010302/1031618/	カレー	curry_east	カレー EAST	1	https://award.tabelog.com/hyakumeiten/curry_east/2020
1000164	らっきょ	北海道	北海道 琴似（ＪＲ）駅	https://tabelog.com/hokkaido/A0101/A010204/1000164/	カレー	curry_east	カレー EAST	1	https://award.tabelog.com/hyakumeiten/curry_east/2020
14014612	オクシモロン コマチ	神奈川県	神奈川県 鎌倉駅	https://tabelog.com/kanagawa/A1404/A140402/14014612/	カレー	curry_east	カレー EAST	1	https://award.tabelog.com/hyakumeiten/curry_east/2020
23009012	バンチャガル	愛知県	愛知県 星ケ丘駅	https://tabelog.com/aichi/A2301/A230111/23009012/	カレー	curry_east	カレー EAST	1	https://award.tabelog.com/hyakumeiten/curry_east/2020
1004285	スープカリー ヒリヒリ2号	北海道	北海道 さっぽろ（札幌市営）駅	https://tabelog.com/hokkaido/A0101/A010101/1004285/	カレー	curry_east	カレー EAST	1	https://award.tabelog.com/hyakumeiten/curry_east/2020
12000128	サールナート	千葉県	千葉県 大神宮下駅	https://tabelog.com/chiba/A1202/A120201/12000128/	カレー	curry_east	カレー EAST	1	https://award.tabelog.com/hyakumeiten/curry_east/2020
1048553	さっぽろルーカレーNAGAMIYA	北海道	北海道 西１５丁目駅	https://tabelog.com/hokkaido/A0101/A010102/1048553/	カレー	curry_east	カレー EAST	1	https://award.tabelog.com/hyakumeiten/curry_east/2020
1000166	ミルチ	北海道	北海道 西線６条駅	https://tabelog.com/hokkaido/A0101/A010102/1000166/	カレー	curry_east	カレー EAST	1	https://award.tabelog.com/hyakumeiten/curry_east/2020
12000695	DEWAN 幕張店	千葉県	千葉県 千葉市美浜区	https://tabelog.com/chiba/A1201/A120102/12000695/	カレー	curry_east	カレー EAST	1	https://award.tabelog.com/hyakumeiten/curry_east/2020
1003072	メディスンマン	北海道	北海道 中島公園通駅	https://tabelog.com/hokkaido/A0101/A010104/1003072/	カレー	curry_east	カレー EAST	1	https://award.tabelog.com/hyakumeiten/curry_east/2020
1005374	ひげ男爵	北海道	北海道 バスセンター前駅	https://tabelog.com/hokkaido/A0101/A010102/1005374/	カレー	curry_east	カレー EAST	1	https://award.tabelog.com/hyakumeiten/curry_east/2020
1000587	ベンベラ・ネットワークカンパニー	北海道	北海道 西８丁目駅	https://tabelog.com/hokkaido/A0101/A010102/1000587/	カレー	curry_east	カレー EAST	1	https://award.tabelog.com/hyakumeiten/curry_east/2020
1007585	ラマイ 札幌北33条店	北海道	北海道 北３４条駅	https://tabelog.com/hokkaido/A0101/A010202/1007585/	カレー	curry_east	カレー EAST	1	https://award.tabelog.com/hyakumeiten/curry_east/2020
1002186	カラバト・カリー	北海道	北海道 札幌市南区	https://tabelog.com/hokkaido/A0101/A010305/1002186/	カレー	curry_east	カレー EAST	1	https://award.tabelog.com/hyakumeiten/curry_east/2020
1006004	スープカリー スアゲ プラス 本店	北海道	北海道 すすきの（市電）駅	https://tabelog.com/hokkaido/A0101/A010103/1006004/	カレー	curry_east	カレー EAST	1	https://award.tabelog.com/hyakumeiten/curry_east/2020
23007998	カレー専門店cafe New Delhi	愛知県	愛知県 岩塚駅	https://tabelog.com/aichi/A2301/A230113/23007998/	カレー	curry_east	カレー EAST	1	https://award.tabelog.com/hyakumeiten/curry_east/2020
1006357	SOUP CURRY KING 本店	北海道	北海道 南平岸駅	https://tabelog.com/hokkaido/A0101/A010303/1006357/	カレー	curry_east	カレー EAST	1	https://award.tabelog.com/hyakumeiten/curry_east/2020
1000476	村上カレー店・プルプル	北海道	北海道 中央区役所前駅	https://tabelog.com/hokkaido/A0101/A010102/1000476/	カレー	curry_east	カレー EAST	1	https://award.tabelog.com/hyakumeiten/curry_east/2020
1002181	イエロー	北海道	北海道 豊水すすきの駅	https://tabelog.com/hokkaido/A0101/A010103/1002181/	カレー	curry_east	カレー EAST	1	https://award.tabelog.com/hyakumeiten/curry_east/2020
1055662	SOUP CURRY KING セントラル	北海道	北海道 狸小路駅	https://tabelog.com/hokkaido/A0101/A010102/1055662/	カレー	curry_east	カレー EAST	1	https://award.tabelog.com/hyakumeiten/curry_east/2020
23037973	カフェパハナ	愛知県	愛知県 金山駅	https://tabelog.com/aichi/A2301/A230105/23037973/	カレー	curry_east	カレー EAST	1	https://award.tabelog.com/hyakumeiten/curry_east/2020
12026828	Handi レストラン	千葉県	千葉県 野田市	https://tabelog.com/chiba/A1203/A120305/12026828/	カレー	curry_east	カレー EAST	1	https://award.tabelog.com/hyakumeiten/curry_east/2020
1025101	マタレー 円山店	北海道	北海道 円山公園駅	https://tabelog.com/hokkaido/A0101/A010105/1025101/	カレー	curry_east	カレー EAST	1	https://award.tabelog.com/hyakumeiten/curry_east/2020
1000063	唯我独尊	北海道	北海道 富良野市	https://tabelog.com/hokkaido/A0104/A010403/1000063/	カレー	curry_east	カレー EAST	1	https://award.tabelog.com/hyakumeiten/curry_east/2020
14012113	ガネーシュ	神奈川県	神奈川県 能見台駅	https://tabelog.com/kanagawa/A1401/A140310/14012113/	カレー	curry_east	カレー EAST	1	https://award.tabelog.com/hyakumeiten/curry_east/2020
1042039	カオスヘブン 札幌店	北海道	北海道 豊水すすきの駅	https://tabelog.com/hokkaido/A0101/A010103/1042039/	カレー	curry_east	カレー EAST	1	https://award.tabelog.com/hyakumeiten/curry_east/2020
1049808	アジアンスープカリー べす	北海道	北海道 白石（ＪＲ北海道）駅	https://tabelog.com/hokkaido/A0101/A010301/1049808/	カレー	curry_east	カレー EAST	1	https://award.tabelog.com/hyakumeiten/curry_east/2020
14060276	オクシモロン onari	神奈川県	神奈川県 鎌倉駅	https://tabelog.com/kanagawa/A1404/A140402/14060276/	カレー	curry_east	カレー EAST	1	https://award.tabelog.com/hyakumeiten/curry_east/2020
12043752	ベンガルタイガー	千葉県	千葉県 千葉駅	https://tabelog.com/chiba/A1201/A120101/12043752/	カレー	curry_east	カレー EAST	1	https://award.tabelog.com/hyakumeiten/curry_east/2020
1055946	スープカレーディップ	北海道	北海道 北３４条駅	https://tabelog.com/hokkaido/A0101/A010201/1055946/	カレー	curry_east	カレー EAST	1	https://award.tabelog.com/hyakumeiten/curry_east/2020
23044940	南インド家庭料理 カルナータカー	愛知県	愛知県 藤が丘駅	https://tabelog.com/aichi/A2301/A230111/23044940/	カレー	curry_east	カレー EAST	1	https://award.tabelog.com/hyakumeiten/curry_east/2020
1050112	曉	北海道	北海道 中央区役所前駅	https://tabelog.com/hokkaido/A0101/A010102/1050112/	カレー	curry_east	カレー EAST	1	https://award.tabelog.com/hyakumeiten/curry_east/2020
1049128	黒岩_哩飯店	北海道	北海道 西８丁目駅	https://tabelog.com/hokkaido/A0101/A010102/1049128/	カレー	curry_east	カレー EAST	1	https://award.tabelog.com/hyakumeiten/curry_east/2020
11020803	カラチの空	埼玉県	埼玉県 八潮市	https://tabelog.com/saitama/A1102/A110205/11020803/	カレー	curry_east	カレー EAST	1	https://award.tabelog.com/hyakumeiten/curry_east/2020
14003773	ボンベイ	神奈川県	神奈川県 厚木市	https://tabelog.com/kanagawa/A1408/A140802/14003773/	カレー	curry_east	カレー EAST	1	https://award.tabelog.com/hyakumeiten/curry_east/2020
14000111	べいらっきょ	神奈川県	神奈川県 馬車道駅	https://tabelog.com/kanagawa/A1401/A140104/14000111/	カレー	curry_east	カレー EAST	1	https://award.tabelog.com/hyakumeiten/curry_east/2020
1024540	ZORA	北海道	北海道 西８丁目駅	https://tabelog.com/hokkaido/A0101/A010102/1024540/	カレー	curry_east	カレー EAST	1	https://award.tabelog.com/hyakumeiten/curry_east/2020
1009667	札幌スープカレー専門店エスパーイトウ 八軒総本店	北海道	北海道 八軒駅	https://tabelog.com/hokkaido/A0101/A010204/1009667/	カレー	curry_east	カレー EAST	1	https://award.tabelog.com/hyakumeiten/curry_east/2020
14009431	らっきょ＆Star	神奈川県	神奈川県 綱島駅	https://tabelog.com/kanagawa/A1401/A140204/14009431/	カレー	curry_east	カレー EAST	1	https://award.tabelog.com/hyakumeiten/curry_east/2020
1000167	ONSEN食堂	北海道	北海道 札幌市南区	https://tabelog.com/hokkaido/A0101/A010305/1000167/	カレー	curry_east	カレー EAST	1	https://award.tabelog.com/hyakumeiten/curry_east/2020
1026119	kanakoのスープカレー屋さん 札幌大通店	北海道	北海道 西４丁目駅	https://tabelog.com/hokkaido/A0101/A010102/1026119/	カレー	curry_east	カレー EAST	1	https://award.tabelog.com/hyakumeiten/curry_east/2020
23000471	アリアナレストラン	愛知県	愛知県 車道駅	https://tabelog.com/aichi/A2301/A230106/23000471/	カレー	curry_east	カレー EAST	1	https://award.tabelog.com/hyakumeiten/curry_east/2020
12026182	カレーの店 ボンベイ 本店	千葉県	千葉県 柏駅	https://tabelog.com/chiba/A1203/A120301/12026182/	カレー	curry_east	カレー EAST	1	https://award.tabelog.com/hyakumeiten/curry_east/2020
1024063	一文字カリー店	北海道	北海道 南郷１８丁目駅	https://tabelog.com/hokkaido/A0101/A010301/1024063/	カレー	curry_east	カレー EAST	1	https://award.tabelog.com/hyakumeiten/curry_east/2020
14000553	アルペンジロー 本店	神奈川県	神奈川県 阪東橋駅	https://tabelog.com/kanagawa/A1401/A140104/14000553/	カレー	curry_east	カレー EAST	1	https://award.tabelog.com/hyakumeiten/curry_east/2020
14040637	ハイ，ハウ アー ユー	神奈川県	神奈川県 日吉駅	https://tabelog.com/kanagawa/A1401/A140204/14040637/	カレー	curry_east	カレー EAST	1	https://award.tabelog.com/hyakumeiten/curry_east/2020
1050715	Spice&mill	北海道	北海道 南郷１３丁目駅	https://tabelog.com/hokkaido/A0101/A010301/1050715/	カレー	curry_east	カレー EAST	1	https://award.tabelog.com/hyakumeiten/curry_east/2020
11045458	スパイスカレー モクロミ	埼玉県	埼玉県 せんげん台駅	https://tabelog.com/saitama/A1102/A110203/11045458/	カレー	curry_east	カレー EAST	1	https://award.tabelog.com/hyakumeiten/curry_east/2020
1031790	Rojiura Curry SAMURAI. さくら店	北海道	北海道 資生館小学校前駅	https://tabelog.com/hokkaido/A0101/A010103/1031790/	カレー	curry_east	カレー EAST	1	https://award.tabelog.com/hyakumeiten/curry_east/2020
1029487	五○堂	北海道	北海道 山鼻９条駅	https://tabelog.com/hokkaido/A0101/A010104/1029487/	カレー	curry_east	カレー EAST	1	https://award.tabelog.com/hyakumeiten/curry_east/2020
1000683	ルッカパイパイ	北海道	北海道 平岸（札幌市営）駅	https://tabelog.com/hokkaido/A0101/A010303/1000683/	カレー	curry_east	カレー EAST	1	https://award.tabelog.com/hyakumeiten/curry_east/2020
1044404	SAKURA BROWN	北海道	北海道 琴似（札幌市営）駅	https://tabelog.com/hokkaido/A0101/A010204/1044404/	カレー	curry_east	カレー EAST	1	https://award.tabelog.com/hyakumeiten/curry_east/2020
14042207	コスギカレー	神奈川県	神奈川県 新丸子駅	https://tabelog.com/kanagawa/A1405/A140504/14042207/	カレー	curry_east	カレー EAST	1	https://award.tabelog.com/hyakumeiten/curry_east/2020
1001470	ラマイ 札幌本店	北海道	北海道 札幌市豊平区	https://tabelog.com/hokkaido/A0101/A010303/1001470/	カレー	curry_east	カレー EAST	1	https://award.tabelog.com/hyakumeiten/curry_east/2020
1000060	ピカンティ	北海道	北海道 北１２条駅	https://tabelog.com/hokkaido/A0101/A010201/1000060/	カレー	curry_east	カレー EAST	1	https://award.tabelog.com/hyakumeiten/curry_east/2020
1037079	スープカレー トムトムキキル	北海道	北海道 札幌市清田区	https://tabelog.com/hokkaido/A0101/A010304/1037079/	カレー	curry_east	カレー EAST	1	https://award.tabelog.com/hyakumeiten/curry_east/2020
11015014	negombo33	埼玉県	埼玉県 西所沢駅	https://tabelog.com/saitama/A1106/A110601/11015014/	カレー	curry_east	カレー EAST	1	https://award.tabelog.com/hyakumeiten/curry_east/2020
1008130	元祖インドカレー 小いけ	北海道	北海道 函館市	https://tabelog.com/hokkaido/A0105/A010501/1008130/	カレー	curry_east	カレー EAST	1	https://award.tabelog.com/hyakumeiten/curry_east/2020
14004143	Kikuya Curry	神奈川県	神奈川県 日ノ出町駅	https://tabelog.com/kanagawa/A1401/A140102/14004143/	カレー	curry_east	カレー EAST	1	https://award.tabelog.com/hyakumeiten/curry_east/2020
1004045	ラム	北海道	北海道 北３４条駅	https://tabelog.com/hokkaido/A0101/A010201/1004045/	カレー	curry_east	カレー EAST	1	https://award.tabelog.com/hyakumeiten/curry_east/2020
12012667	南インド料理 葉菜	千葉県	千葉県 勝田台駅	https://tabelog.com/chiba/A1202/A120204/12012667/	カレー	curry_east	カレー EAST	1	https://award.tabelog.com/hyakumeiten/curry_east/2020
12033520	アーユーボーワン	千葉県	千葉県 柏駅	https://tabelog.com/chiba/A1203/A120301/12033520/	カレー	curry_east	カレー EAST	1	https://award.tabelog.com/hyakumeiten/curry_east/2020
1006116	デリー 札幌店	北海道	北海道 狸小路駅	https://tabelog.com/hokkaido/A0101/A010103/1006116/	カレー	curry_east	カレー EAST	1	https://award.tabelog.com/hyakumeiten/curry_east/2020
1035490	未来カレー こりす	北海道	北海道 資生館小学校前駅	https://tabelog.com/hokkaido/A0101/A010103/1035490/	カレー	curry_east	カレー EAST	1	https://award.tabelog.com/hyakumeiten/curry_east/2020
1001916	ターラ	北海道	北海道 西４丁目駅	https://tabelog.com/hokkaido/A0101/A010102/1001916/	カレー	curry_east	カレー EAST	1	https://award.tabelog.com/hyakumeiten/curry_east/2020
1005698	Rojiura Curry SAMURAI. 平岸総本店	北海道	北海道 豊平公園駅	https://tabelog.com/hokkaido/A0101/A010303/1005698/	カレー	curry_east	カレー EAST	1	https://award.tabelog.com/hyakumeiten/curry_east/2020
1003065	タイガーカレー	北海道	北海道 北２４条駅	https://tabelog.com/hokkaido/A0101/A010201/1003065/	カレー	curry_east	カレー EAST	1	https://award.tabelog.com/hyakumeiten/curry_east/2020
1041827	欧風カレーKEN	北海道	北海道 北１３条東駅	https://tabelog.com/hokkaido/A0101/A010202/1041827/	カレー	curry_east	カレー EAST	1	https://award.tabelog.com/hyakumeiten/curry_east/2020
1007981	西屯田通りスープカレー本舗	北海道	北海道 西線９条旭山公園通駅	https://tabelog.com/hokkaido/A0101/A010104/1007981/	カレー	curry_east	カレー EAST	1	https://award.tabelog.com/hyakumeiten/curry_east/2020
1000162	クロック	北海道	北海道 札幌市中央区	https://tabelog.com/hokkaido/A0101/A010105/1000162/	カレー	curry_east	カレー EAST	1	https://award.tabelog.com/hyakumeiten/curry_east/2020
12000017	カレーレストラン シバ	千葉県	千葉県 稲毛駅	https://tabelog.com/chiba/A1201/A120104/12000017/	カレー	curry_east	カレー EAST	1	https://award.tabelog.com/hyakumeiten/curry_east/2020
1000174	木多郎 澄川本店	北海道	北海道 澄川駅	https://tabelog.com/hokkaido/A0101/A010305/1000174/	カレー	curry_east	カレー EAST	1	https://award.tabelog.com/hyakumeiten/curry_east/2020
27084538	旧ヤム鐵道	大阪府	大阪府 大阪駅	https://tabelog.com/osaka/A2701/A270101/27084538/	カレー	curry_west	カレー WEST	1	https://award.tabelog.com/hyakumeiten/curry_west/2020
27059288	ヴァスコ・ダ・ガマ 本店	大阪府	大阪府 高槻駅	https://tabelog.com/osaka/A2706/A270604/27059288/	カレー	curry_west	カレー WEST	1	https://award.tabelog.com/hyakumeiten/curry_west/2020
27045608	アリーズ キッチン	大阪府	大阪府 心斎橋駅	https://tabelog.com/osaka/A2701/A270201/27045608/	カレー	curry_west	カレー WEST	1	https://award.tabelog.com/hyakumeiten/curry_west/2020
27001963	curry restaurant BRUNO HEP NAVIO店	大阪府	大阪府 梅田駅	https://tabelog.com/osaka/A2701/A270101/27001963/	カレー	curry_west	カレー WEST	1	https://award.tabelog.com/hyakumeiten/curry_west/2020
27059870	カレー コンドル	大阪府	大阪府 西大橋駅	https://tabelog.com/osaka/A2701/A270201/27059870/	カレー	curry_west	カレー WEST	1	https://award.tabelog.com/hyakumeiten/curry_west/2020
36000907	スパイスれすとらん cardamom	徳島県	徳島県 徳島市	https://tabelog.com/tokushima/A3601/A360101/36000907/	カレー	curry_west	カレー WEST	1	https://award.tabelog.com/hyakumeiten/curry_west/2020
27074470	curry&cafe Warung	大阪府	大阪府 西長堀駅	https://tabelog.com/osaka/A2701/A270105/27074470/	カレー	curry_west	カレー WEST	1	https://award.tabelog.com/hyakumeiten/curry_west/2020
27073790	カレイヤー	大阪府	大阪府 心斎橋駅	https://tabelog.com/osaka/A2701/A270201/27073790/	カレー	curry_west	カレー WEST	1	https://award.tabelog.com/hyakumeiten/curry_west/2020
27015562	和レー屋 南船場ゴヤクラ	大阪府	大阪府 松屋町駅	https://tabelog.com/osaka/A2701/A270201/27015562/	カレー	curry_west	カレー WEST	1	https://award.tabelog.com/hyakumeiten/curry_west/2020
26000970	アジャンタ 京都店	京都府	京都府 清水五条駅	https://tabelog.com/kyoto/A2601/A260201/26000970/	カレー	curry_west	カレー WEST	1	https://award.tabelog.com/hyakumeiten/curry_west/2020
27009454	ネパール&インド料理 Manakamana	大阪府	大阪府 北浜駅	https://tabelog.com/osaka/A2701/A270102/27009454/	カレー	curry_west	カレー WEST	1	https://award.tabelog.com/hyakumeiten/curry_west/2020
27065233	SOMA	大阪府	大阪府 中津（阪急）駅	https://tabelog.com/osaka/A2701/A270101/27065233/	カレー	curry_west	カレー WEST	1	https://award.tabelog.com/hyakumeiten/curry_west/2020
27076552	スパイスカレーまるせ	大阪府	大阪府 中津（大阪メトロ）駅	https://tabelog.com/osaka/A2701/A270101/27076552/	カレー	curry_west	カレー WEST	1	https://award.tabelog.com/hyakumeiten/curry_west/2020
27092176	和レー屋 丁子	大阪府	大阪府 北浜駅	https://tabelog.com/osaka/A2701/A270102/27092176/	カレー	curry_west	カレー WEST	1	https://award.tabelog.com/hyakumeiten/curry_west/2020
40032412	GARAM	福岡県	福岡県 渡辺通駅	https://tabelog.com/fukuoka/A4001/A400103/40032412/	カレー	curry_west	カレー WEST	1	https://award.tabelog.com/hyakumeiten/curry_west/2020
27088233	谷口カレー	大阪府	大阪府 北浜駅	https://tabelog.com/osaka/A2701/A270102/27088233/	カレー	curry_west	カレー WEST	1	https://award.tabelog.com/hyakumeiten/curry_west/2020
27096795	ナミニノカレー	大阪府	大阪府 天神橋筋六丁目駅	https://tabelog.com/osaka/A2701/A270103/27096795/	カレー	curry_west	カレー WEST	1	https://award.tabelog.com/hyakumeiten/curry_west/2020
27001142	タンダーパニー	大阪府	大阪府 関大前駅	https://tabelog.com/osaka/A2706/A270602/27001142/	カレー	curry_west	カレー WEST	1	https://award.tabelog.com/hyakumeiten/curry_west/2020
27086130	ノムソン カリー	大阪府	大阪府 四天王寺前夕陽ケ丘駅	https://tabelog.com/osaka/A2701/A270202/27086130/	カレー	curry_west	カレー WEST	1	https://award.tabelog.com/hyakumeiten/curry_west/2020
27017872	アイリッシュ カレー 中津店	大阪府	大阪府 中津（大阪メトロ）駅	https://tabelog.com/osaka/A2701/A270101/27017872/	カレー	curry_west	カレー WEST	1	https://award.tabelog.com/hyakumeiten/curry_west/2020
27002387	もりやま屋	大阪府	大阪府 大江橋駅	https://tabelog.com/osaka/A2701/A270102/27002387/	カレー	curry_west	カレー WEST	1	https://award.tabelog.com/hyakumeiten/curry_west/2020
27083172	ガネーシュ m 北浜店	大阪府	大阪府 北浜駅	https://tabelog.com/osaka/A2701/A270102/27083172/	カレー	curry_west	カレー WEST	1	https://award.tabelog.com/hyakumeiten/curry_west/2020
27092688	ヤタラ スパイス	大阪府	大阪府 大正駅	https://tabelog.com/osaka/A2701/A270401/27092688/	カレー	curry_west	カレー WEST	1	https://award.tabelog.com/hyakumeiten/curry_west/2020
27072992	大阪ハラールレストラン	大阪府	大阪府 千船駅	https://tabelog.com/osaka/A2701/A270407/27072992/	カレー	curry_west	カレー WEST	1	https://award.tabelog.com/hyakumeiten/curry_west/2020
27072653	セイロンカリー	大阪府	大阪府 長堀橋駅	https://tabelog.com/osaka/A2701/A270106/27072653/	カレー	curry_west	カレー WEST	1	https://award.tabelog.com/hyakumeiten/curry_west/2020
27013033	いずみバーグ	大阪府	大阪府 九条（阪神）駅	https://tabelog.com/osaka/A2701/A270401/27013033/	カレー	curry_west	カレー WEST	1	https://award.tabelog.com/hyakumeiten/curry_west/2020
27072330	ヤドカリー 天満橋店	大阪府	大阪府 天満橋駅	https://tabelog.com/osaka/A2701/A270104/27072330/	カレー	curry_west	カレー WEST	1	https://award.tabelog.com/hyakumeiten/curry_west/2020
27063137	カレーちゃん家	大阪府	大阪府 寺田町駅	https://tabelog.com/osaka/A2701/A270306/27063137/	カレー	curry_west	カレー WEST	1	https://award.tabelog.com/hyakumeiten/curry_west/2020
27005018	ボナボナ	大阪府	大阪府 西大橋駅	https://tabelog.com/osaka/A2701/A270201/27005018/	カレー	curry_west	カレー WEST	1	https://award.tabelog.com/hyakumeiten/curry_west/2020
27060944	旧ヤム邸 空堀店	大阪府	大阪府 谷町六丁目駅	https://tabelog.com/osaka/A2701/A270204/27060944/	カレー	curry_west	カレー WEST	1	https://award.tabelog.com/hyakumeiten/curry_west/2020
27017245	王様のスプーン	大阪府	大阪府 南森町駅	https://tabelog.com/osaka/A2701/A270103/27017245/	カレー	curry_west	カレー WEST	1	https://award.tabelog.com/hyakumeiten/curry_west/2020
27085329	ダルバート食堂	大阪府	大阪府 谷町六丁目駅	https://tabelog.com/osaka/A2701/A270104/27085329/	カレー	curry_west	カレー WEST	1	https://award.tabelog.com/hyakumeiten/curry_west/2020
27051373	SIMBA	大阪府	大阪府 大阪難波駅	https://tabelog.com/osaka/A2701/A270201/27051373/	カレー	curry_west	カレー WEST	1	https://award.tabelog.com/hyakumeiten/curry_west/2020
27091294	渡邊カリー 梅田本店	大阪府	大阪府 北新地駅	https://tabelog.com/osaka/A2701/A270101/27091294/	カレー	curry_west	カレー WEST	1	https://award.tabelog.com/hyakumeiten/curry_west/2020
40034419	ハラールフードマルハバ	福岡県	福岡県 箱崎駅	https://tabelog.com/fukuoka/A4001/A400201/40034419/	カレー	curry_west	カレー WEST	1	https://award.tabelog.com/hyakumeiten/curry_west/2020
27046303	モリ商店	大阪府	大阪府 なにわ橋駅	https://tabelog.com/osaka/A2701/A270103/27046303/	カレー	curry_west	カレー WEST	1	https://award.tabelog.com/hyakumeiten/curry_west/2020
26022669	太陽カレー	京都府	京都府 西院（京福）駅	https://tabelog.com/kyoto/A2601/A260401/26022669/	カレー	curry_west	カレー WEST	1	https://award.tabelog.com/hyakumeiten/curry_west/2020
27002839	カルータラ	大阪府	大阪府 肥後橋駅	https://tabelog.com/osaka/A2701/A270102/27002839/	カレー	curry_west	カレー WEST	1	https://award.tabelog.com/hyakumeiten/curry_west/2020
28038103	カラピンチャ	兵庫県	兵庫県 王子公園駅	https://tabelog.com/hyogo/A2801/A280103/28038103/	カレー	curry_west	カレー WEST	1	https://award.tabelog.com/hyakumeiten/curry_west/2020
27064588	スパイスカリー バビルの塔	大阪府	大阪府 谷町四丁目駅	https://tabelog.com/osaka/A2701/A270104/27064588/	カレー	curry_west	カレー WEST	1	https://award.tabelog.com/hyakumeiten/curry_west/2020
27092161	カレー屋バンバン	大阪府	大阪府 大阪難波駅	https://tabelog.com/osaka/A2701/A270202/27092161/	カレー	curry_west	カレー WEST	1	https://award.tabelog.com/hyakumeiten/curry_west/2020
27000526	カンティプール 天五店	大阪府	大阪府 天神橋筋六丁目駅	https://tabelog.com/osaka/A2701/A270103/27000526/	カレー	curry_west	カレー WEST	1	https://award.tabelog.com/hyakumeiten/curry_west/2020
40035804	Spice&Dining KALA	福岡県	福岡県 中間市	https://tabelog.com/fukuoka/A4006/A400603/40035804/	カレー	curry_west	カレー WEST	1	https://award.tabelog.com/hyakumeiten/curry_west/2020
27066977	虹の仏	大阪府	大阪府 四天王寺前夕陽ケ丘駅	https://tabelog.com/osaka/A2701/A270203/27066977/	カレー	curry_west	カレー WEST	1	https://award.tabelog.com/hyakumeiten/curry_west/2020
27012545	白銀亭	大阪府	大阪府 本町駅	https://tabelog.com/osaka/A2701/A270106/27012545/	カレー	curry_west	カレー WEST	1	https://award.tabelog.com/hyakumeiten/curry_west/2020
27091414	アアベルカレー	大阪府	大阪府 九条（大阪メトロ）駅	https://tabelog.com/osaka/A2701/A270401/27091414/	カレー	curry_west	カレー WEST	1	https://award.tabelog.com/hyakumeiten/curry_west/2020
40000116	不思議香菜 ツナパハ	福岡県	福岡県 西鉄福岡（天神）駅	https://tabelog.com/fukuoka/A4001/A400103/40000116/	カレー	curry_west	カレー WEST	1	https://award.tabelog.com/hyakumeiten/curry_west/2020
27074379	シナジー	大阪府	大阪府 北新地駅	https://tabelog.com/osaka/A2701/A270101/27074379/	カレー	curry_west	カレー WEST	1	https://award.tabelog.com/hyakumeiten/curry_west/2020
27073991	旧ヤム邸 中之島洋館	大阪府	大阪府 渡辺橋駅	https://tabelog.com/osaka/A2701/A270108/27073991/	カレー	curry_west	カレー WEST	1	https://award.tabelog.com/hyakumeiten/curry_west/2020
27050088	コロンビアエイト 堺筋本町店	大阪府	大阪府 堺筋本町駅	https://tabelog.com/osaka/A2701/A270106/27050088/	カレー	curry_west	カレー WEST	1	https://award.tabelog.com/hyakumeiten/curry_west/2020
28000646	ぶはら	兵庫県	兵庫県 摂津本山駅	https://tabelog.com/hyogo/A2801/A280105/28000646/	カレー	curry_west	カレー WEST	1	https://award.tabelog.com/hyakumeiten/curry_west/2020
27051602	ラヴィリンス	大阪府	大阪府 西大橋駅	https://tabelog.com/osaka/A2701/A270201/27051602/	カレー	curry_west	カレー WEST	1	https://award.tabelog.com/hyakumeiten/curry_west/2020
27085130	サッチェズカリー	大阪府	大阪府 中崎町駅	https://tabelog.com/osaka/A2701/A270101/27085130/	カレー	curry_west	カレー WEST	1	https://award.tabelog.com/hyakumeiten/curry_west/2020
27090916	スパイス料理ナッラマナム	大阪府	大阪府 堺筋本町駅	https://tabelog.com/osaka/A2701/A270106/27090916/	カレー	curry_west	カレー WEST	1	https://award.tabelog.com/hyakumeiten/curry_west/2020
27071545	カレー屋ヌンクイ	大阪府	大阪府 七道駅	https://tabelog.com/osaka/A2705/A270501/27071545/	カレー	curry_west	カレー WEST	1	https://award.tabelog.com/hyakumeiten/curry_west/2020
27004574	らくしゅみ	大阪府	大阪府 西大橋駅	https://tabelog.com/osaka/A2701/A270201/27004574/	カレー	curry_west	カレー WEST	1	https://award.tabelog.com/hyakumeiten/curry_west/2020
27086717	山口カリー	大阪府	大阪府 大阪天満宮駅	https://tabelog.com/osaka/A2701/A270103/27086717/	カレー	curry_west	カレー WEST	1	https://award.tabelog.com/hyakumeiten/curry_west/2020
26015938	スパイスチャンバー	京都府	京都府 四条（京都市営）駅	https://tabelog.com/kyoto/A2601/A260201/26015938/	カレー	curry_west	カレー WEST	1	https://award.tabelog.com/hyakumeiten/curry_west/2020
29008701	タリカロ	奈良県	奈良県 奈良市	https://tabelog.com/nara/A2901/A290101/29008701/	カレー	curry_west	カレー WEST	1	https://award.tabelog.com/hyakumeiten/curry_west/2020
27087911	辛口飯屋 森元	大阪府	大阪府 なにわ橋駅	https://tabelog.com/osaka/A2701/A270103/27087911/	カレー	curry_west	カレー WEST	1	https://award.tabelog.com/hyakumeiten/curry_west/2020
28000095	SAVOY	兵庫県	兵庫県 神戸三宮（阪急）駅	https://tabelog.com/hyogo/A2801/A280101/28000095/	カレー	curry_west	カレー WEST	1	https://award.tabelog.com/hyakumeiten/curry_west/2020
27050578	マダム・カリー	大阪府	大阪府 北浜駅	https://tabelog.com/osaka/A2701/A270102/27050578/	カレー	curry_west	カレー WEST	1	https://award.tabelog.com/hyakumeiten/curry_west/2020
27062194	curry bar nidomi	大阪府	大阪府 谷町四丁目駅	https://tabelog.com/osaka/A2701/A270104/27062194/	カレー	curry_west	カレー WEST	1	https://award.tabelog.com/hyakumeiten/curry_west/2020
27003694	カシミール	大阪府	大阪府 北浜駅	https://tabelog.com/osaka/A2701/A270102/27003694/	カレー	curry_west	カレー WEST	1	https://award.tabelog.com/hyakumeiten/curry_west/2020
27073555	ボタニカリー	大阪府	大阪府 本町駅	https://tabelog.com/osaka/A2701/A270102/27073555/	カレー	curry_west	カレー WEST	1	https://award.tabelog.com/hyakumeiten/curry_west/2020
27093666	スパイスカリー 大陸	大阪府	大阪府 新福島駅	https://tabelog.com/osaka/A2701/A270108/27093666/	カレー	curry_west	カレー WEST	1	https://award.tabelog.com/hyakumeiten/curry_west/2020
28000142	アングル	兵庫県	兵庫県 塚口（阪急）駅	https://tabelog.com/hyogo/A2803/A280304/28000142/	カレー	curry_west	カレー WEST	1	https://award.tabelog.com/hyakumeiten/curry_west/2020
27093085	スパイス食堂 ニッキ	大阪府	大阪府 西大橋駅	https://tabelog.com/osaka/A2701/A270106/27093085/	カレー	curry_west	カレー WEST	1	https://award.tabelog.com/hyakumeiten/curry_west/2020
26021825	ナヤ インディア ヌール	京都府	京都府 鞍馬口駅	https://tabelog.com/kyoto/A2601/A260503/26021825/	カレー	curry_west	カレー WEST	1	https://award.tabelog.com/hyakumeiten/curry_west/2020
26019333	インド食堂TADKA	京都府	京都府 烏丸御池駅	https://tabelog.com/kyoto/A2601/A260202/26019333/	カレー	curry_west	カレー WEST	1	https://award.tabelog.com/hyakumeiten/curry_west/2020
27089469	ラーマ	大阪府	大阪府 中之島駅	https://tabelog.com/osaka/A2701/A270105/27089469/	カレー	curry_west	カレー WEST	1	https://award.tabelog.com/hyakumeiten/curry_west/2020
27015618	コロンビア エイト 北浜本店	大阪府	大阪府 北浜駅	https://tabelog.com/osaka/A2701/A270102/27015618/	カレー	curry_west	カレー WEST	1	https://award.tabelog.com/hyakumeiten/curry_west/2020
27097683	定食堂 金剛石	大阪府	大阪府 松屋町駅	https://tabelog.com/osaka/A2701/A270204/27097683/	カレー	curry_west	カレー WEST	1	https://award.tabelog.com/hyakumeiten/curry_west/2020
27007862	バンブルビー	大阪府	大阪府 本町駅	https://tabelog.com/osaka/A2701/A270106/27007862/	カレー	curry_west	カレー WEST	1	https://award.tabelog.com/hyakumeiten/curry_west/2020
40005367	ザエカ	福岡県	福岡県 赤坂駅	https://tabelog.com/fukuoka/A4001/A400104/40005367/	カレー	curry_west	カレー WEST	1	https://award.tabelog.com/hyakumeiten/curry_west/2020
27080580	さぼてん食堂	大阪府	大阪府 肥後橋駅	https://tabelog.com/osaka/A2701/A270102/27080580/	カレー	curry_west	カレー WEST	1	https://award.tabelog.com/hyakumeiten/curry_west/2020
27004332	カルダモン．	大阪府	大阪府 天神橋筋六丁目駅	https://tabelog.com/osaka/A2701/A270103/27004332/	カレー	curry_west	カレー WEST	1	https://award.tabelog.com/hyakumeiten/curry_west/2020
27092078	創作カレー ツキノワ	大阪府	大阪府 松屋町駅	https://tabelog.com/osaka/A2701/A270106/27092078/	カレー	curry_west	カレー WEST	1	https://award.tabelog.com/hyakumeiten/curry_west/2020
40041110	106 サウスインディアン 福岡天神店	福岡県	福岡県 西鉄福岡（天神）駅	https://tabelog.com/fukuoka/A4001/A400103/40041110/	カレー	curry_west	カレー WEST	1	https://award.tabelog.com/hyakumeiten/curry_west/2020
27011492	辛激屋	大阪府	大阪府 長堀橋駅	https://tabelog.com/osaka/A2701/A270201/27011492/	カレー	curry_west	カレー WEST	1	https://award.tabelog.com/hyakumeiten/curry_west/2020
27091309	カレーや デッカオ	大阪府	大阪府 心斎橋駅	https://tabelog.com/osaka/A2701/A270201/27091309/	カレー	curry_west	カレー WEST	1	https://award.tabelog.com/hyakumeiten/curry_west/2020
27085952	ヌワラ カデ	大阪府	大阪府 阿波座駅	https://tabelog.com/osaka/A2701/A270105/27085952/	カレー	curry_west	カレー WEST	1	https://award.tabelog.com/hyakumeiten/curry_west/2020
27000068	辛来飯	大阪府	大阪府 堺筋本町駅	https://tabelog.com/osaka/A2701/A270106/27000068/	カレー	curry_west	カレー WEST	1	https://award.tabelog.com/hyakumeiten/curry_west/2020
40000407	東方遊酒菜ヌワラエリヤ	福岡県	福岡県 赤坂駅	https://tabelog.com/fukuoka/A4001/A400104/40000407/	カレー	curry_west	カレー WEST	1	https://award.tabelog.com/hyakumeiten/curry_west/2020
29000010	ラッキーガーデン	奈良県	奈良県 生駒市	https://tabelog.com/nara/A2902/A290201/29000010/	カレー	curry_west	カレー WEST	1	https://award.tabelog.com/hyakumeiten/curry_west/2020
40036916	月と亀	福岡県	福岡県 朝倉市	https://tabelog.com/fukuoka/A4008/A400802/40036916/	カレー	curry_west	カレー WEST	1	https://award.tabelog.com/hyakumeiten/curry_west/2020
27056190	ロッダグループ	大阪府	大阪府 ドーム前千代崎駅	https://tabelog.com/osaka/A2701/A270401/27056190/	カレー	curry_west	カレー WEST	1	https://award.tabelog.com/hyakumeiten/curry_west/2020
16000629	カシミール	富山県	富山県 射水市	https://tabelog.com/toyama/A1604/A160401/16000629/	カレー	curry_west	カレー WEST	1	https://award.tabelog.com/hyakumeiten/curry_west/2020
27066220	Ghar	大阪府	大阪府 肥後橋駅	https://tabelog.com/osaka/A2701/A270102/27066220/	カレー	curry_west	カレー WEST	1	https://award.tabelog.com/hyakumeiten/curry_west/2020
27053896	アララギ	大阪府	大阪府 松屋町駅	https://tabelog.com/osaka/A2701/A270204/27053896/	カレー	curry_west	カレー WEST	1	https://award.tabelog.com/hyakumeiten/curry_west/2020
27082162	あいまい	大阪府	大阪府 大阪天満宮駅	https://tabelog.com/osaka/A2701/A270103/27082162/	カレー	curry_west	カレー WEST	1	https://award.tabelog.com/hyakumeiten/curry_west/2020
27082257	レベルカレー	大阪府	大阪府 本町駅	https://tabelog.com/osaka/A2701/A270106/27082257/	カレー	curry_west	カレー WEST	1	https://award.tabelog.com/hyakumeiten/curry_west/2020
26020410	森林食堂	京都府	京都府 二条駅	https://tabelog.com/kyoto/A2601/A260203/26020410/	カレー	curry_west	カレー WEST	1	https://award.tabelog.com/hyakumeiten/curry_west/2020
27091267	ポンガラカレー 阪急サン広場店	大阪府	大阪府 梅田駅	https://tabelog.com/osaka/A2701/A270101/27091267/	カレー	curry_west	カレー WEST	1	https://award.tabelog.com/hyakumeiten/curry_west/2020
27042046	アンナプルナ	大阪府	大阪府 大阪天満宮駅	https://tabelog.com/osaka/A2701/A270103/27042046/	カレー	curry_west	カレー WEST	1	https://award.tabelog.com/hyakumeiten/curry_west/2020
40032551	Tiki	福岡県	福岡県 天神南駅	https://tabelog.com/fukuoka/A4001/A400103/40032551/	カレー	curry_west	カレー WEST	1	https://award.tabelog.com/hyakumeiten/curry_west/2020
27044516	シンズキッチン	大阪府	大阪府 近鉄日本橋駅	https://tabelog.com/osaka/A2701/A270202/27044516/	カレー	curry_west	カレー WEST	1	https://award.tabelog.com/hyakumeiten/curry_west/2020
27065938	ガネーシュ N 大阪天満宮店	大阪府	大阪府 大阪天満宮駅	https://tabelog.com/osaka/A2701/A270103/27065938/	カレー	curry_west	カレー WEST	1	https://award.tabelog.com/hyakumeiten/curry_west/2020
28000424	インド料理 ショナ・ルパ	兵庫県	兵庫県 神戸三宮（阪急）駅	https://tabelog.com/hyogo/A2801/A280101/28000424/	カレー	curry_west	カレー WEST	1	https://award.tabelog.com/hyakumeiten/curry_west/2020
26019639	カマル	京都府	京都府 烏丸御池駅	https://tabelog.com/kyoto/A2601/A260202/26019639/	カレー	curry_west	カレー WEST	1	https://award.tabelog.com/hyakumeiten/curry_west/2020
13000717	はつね	東京都	東京都 西荻窪駅	https://tabelog.com/tokyo/A1319/A131907/13000717/	ラーメン	ramen_tokyo	ラーメン TOKYO	1	https://award.tabelog.com/hyakumeiten/ramen_tokyo/2020
13167920	竹末東京Premium	東京都	東京都 押上駅	https://tabelog.com/tokyo/A1312/A131203/13167920/	ラーメン	ramen_tokyo	ラーメン TOKYO	1	https://award.tabelog.com/hyakumeiten/ramen_tokyo/2020
13204333	八雲	東京都	東京都 池尻大橋駅	https://tabelog.com/tokyo/A1317/A131705/13204333/	ラーメン	ramen_tokyo	ラーメン TOKYO	1	https://award.tabelog.com/hyakumeiten/ramen_tokyo/2020
13229952	迂直	東京都	東京都 荻窪駅	https://tabelog.com/tokyo/A1319/A131906/13229952/	ラーメン	ramen_tokyo	ラーメン TOKYO	1	https://award.tabelog.com/hyakumeiten/ramen_tokyo/2020
13201888	神保町 黒須	東京都	東京都 神保町駅	https://tabelog.com/tokyo/A1310/A131003/13201888/	ラーメン	ramen_tokyo	ラーメン TOKYO	1	https://award.tabelog.com/hyakumeiten/ramen_tokyo/2020
13172994	らぁめん小池	東京都	東京都 上北沢駅	https://tabelog.com/tokyo/A1318/A131809/13172994/	ラーメン	ramen_tokyo	ラーメン TOKYO	1	https://award.tabelog.com/hyakumeiten/ramen_tokyo/2020
13203848	MENSHO	東京都	東京都 護国寺駅	https://tabelog.com/tokyo/A1323/A132302/13203848/	ラーメン	ramen_tokyo	ラーメン TOKYO	1	https://award.tabelog.com/hyakumeiten/ramen_tokyo/2020
13229181	中華そば うお青	東京都	東京都 万願寺駅	https://tabelog.com/tokyo/A1329/A132903/13229181/	ラーメン	ramen_tokyo	ラーメン TOKYO	1	https://award.tabelog.com/hyakumeiten/ramen_tokyo/2020
13219341	クラム＆ボニート 貝節麺ライク	東京都	東京都 方南町駅	https://tabelog.com/tokyo/A1319/A131903/13219341/	ラーメン	ramen_tokyo	ラーメン TOKYO	1	https://award.tabelog.com/hyakumeiten/ramen_tokyo/2020
13001705	喜楽	東京都	東京都 神泉駅	https://tabelog.com/tokyo/A1303/A130301/13001705/	ラーメン	ramen_tokyo	ラーメン TOKYO	1	https://award.tabelog.com/hyakumeiten/ramen_tokyo/2020
13003421	中華そば 多賀野	東京都	東京都 荏原中延駅	https://tabelog.com/tokyo/A1317/A131712/13003421/	ラーメン	ramen_tokyo	ラーメン TOKYO	1	https://award.tabelog.com/hyakumeiten/ramen_tokyo/2020
13178309	麺尊 RAGE	東京都	東京都 西荻窪駅	https://tabelog.com/tokyo/A1319/A131907/13178309/	ラーメン	ramen_tokyo	ラーメン TOKYO	1	https://award.tabelog.com/hyakumeiten/ramen_tokyo/2020
13192847	ほっこり中華そば もつけ	東京都	東京都 八王子駅	https://tabelog.com/tokyo/A1329/A132904/13192847/	ラーメン	ramen_tokyo	ラーメン TOKYO	1	https://award.tabelog.com/hyakumeiten/ramen_tokyo/2020
13156937	新橋 纏	東京都	東京都 新橋駅	https://tabelog.com/tokyo/A1301/A130103/13156937/	ラーメン	ramen_tokyo	ラーメン TOKYO	1	https://award.tabelog.com/hyakumeiten/ramen_tokyo/2020
13145418	食堂七彩	東京都	東京都 都立家政駅	https://tabelog.com/tokyo/A1321/A132104/13145418/	ラーメン	ramen_tokyo	ラーメン TOKYO	1	https://award.tabelog.com/hyakumeiten/ramen_tokyo/2020
13229593	月曜日は煮干rabo	東京都	東京都 永福町駅	https://tabelog.com/tokyo/A1318/A131805/13229593/	ラーメン	ramen_tokyo	ラーメン TOKYO	1	https://award.tabelog.com/hyakumeiten/ramen_tokyo/2020
13182327	麺庵ちとせ	東京都	東京都 若松河田駅	https://tabelog.com/tokyo/A1305/A130504/13182327/	ラーメン	ramen_tokyo	ラーメン TOKYO	1	https://award.tabelog.com/hyakumeiten/ramen_tokyo/2020
13188419	麺処 篠はら	東京都	東京都 要町駅	https://tabelog.com/tokyo/A1322/A132202/13188419/	ラーメン	ramen_tokyo	ラーメン TOKYO	1	https://award.tabelog.com/hyakumeiten/ramen_tokyo/2020
13040181	麺屋 翔 本店	東京都	東京都 西武新宿駅	https://tabelog.com/tokyo/A1304/A130401/13040181/	ラーメン	ramen_tokyo	ラーメン TOKYO	1	https://award.tabelog.com/hyakumeiten/ramen_tokyo/2020
13175140	煮干そば 流。	東京都	東京都 十条駅	https://tabelog.com/tokyo/A1323/A132304/13175140/	ラーメン	ramen_tokyo	ラーメン TOKYO	1	https://award.tabelog.com/hyakumeiten/ramen_tokyo/2020
13162732	超純水採麺 天国屋	東京都	東京都 町田市	https://tabelog.com/tokyo/A1327/A132701/13162732/	ラーメン	ramen_tokyo	ラーメン TOKYO	1	https://award.tabelog.com/hyakumeiten/ramen_tokyo/2020
13008779	中華そば屋 伊藤	東京都	東京都 王子神谷駅	https://tabelog.com/tokyo/A1323/A132304/13008779/	ラーメン	ramen_tokyo	ラーメン TOKYO	1	https://award.tabelog.com/hyakumeiten/ramen_tokyo/2020
13042564	四川担担麺 阿吽 湯島本店	東京都	東京都 湯島駅	https://tabelog.com/tokyo/A1311/A131101/13042564/	ラーメン	ramen_tokyo	ラーメン TOKYO	1	https://award.tabelog.com/hyakumeiten/ramen_tokyo/2020
13203387	麺 みつヰ	東京都	東京都 浅草（つくばＥＸＰ）駅	https://tabelog.com/tokyo/A1311/A131102/13203387/	ラーメン	ramen_tokyo	ラーメン TOKYO	1	https://award.tabelog.com/hyakumeiten/ramen_tokyo/2020
13120708	つけ麺 五ノ神製作所 新宿店	東京都	東京都 新宿三丁目駅	https://tabelog.com/tokyo/A1304/A130401/13120708/	ラーメン	ramen_tokyo	ラーメン TOKYO	1	https://award.tabelog.com/hyakumeiten/ramen_tokyo/2020
13021140	麺屋吉左右	東京都	東京都 木場駅	https://tabelog.com/tokyo/A1313/A131303/13021140/	ラーメン	ramen_tokyo	ラーメン TOKYO	1	https://award.tabelog.com/hyakumeiten/ramen_tokyo/2020
13167439	ラーメン巌哲	東京都	東京都 早稲田（都電）駅	https://tabelog.com/tokyo/A1305/A130504/13167439/	ラーメン	ramen_tokyo	ラーメン TOKYO	1	https://award.tabelog.com/hyakumeiten/ramen_tokyo/2020
13217922	らーめん飛粋	東京都	東京都 蒲田駅	https://tabelog.com/tokyo/A1315/A131503/13217922/	ラーメン	ramen_tokyo	ラーメン TOKYO	1	https://award.tabelog.com/hyakumeiten/ramen_tokyo/2020
13042832	ラーメン大至	東京都	東京都 御茶ノ水駅	https://tabelog.com/tokyo/A1310/A131002/13042832/	ラーメン	ramen_tokyo	ラーメン TOKYO	1	https://award.tabelog.com/hyakumeiten/ramen_tokyo/2020
13184399	麺や 七彩	東京都	東京都 八丁堀駅	https://tabelog.com/tokyo/A1302/A130203/13184399/	ラーメン	ramen_tokyo	ラーメン TOKYO	1	https://award.tabelog.com/hyakumeiten/ramen_tokyo/2020
13228602	銀座 八五	東京都	東京都 東銀座駅	https://tabelog.com/tokyo/A1301/A130101/13228602/	ラーメン	ramen_tokyo	ラーメン TOKYO	1	https://award.tabelog.com/hyakumeiten/ramen_tokyo/2020
13222172	SOBA HOUSE 金色不如帰 新宿御苑本店	東京都	東京都 新宿御苑前駅	https://tabelog.com/tokyo/A1304/A130402/13222172/	ラーメン	ramen_tokyo	ラーメン TOKYO	1	https://award.tabelog.com/hyakumeiten/ramen_tokyo/2020
13016486	中華そば ふくみみ	東京都	東京都 分倍河原駅	https://tabelog.com/tokyo/A1326/A132602/13016486/	ラーメン	ramen_tokyo	ラーメン TOKYO	1	https://award.tabelog.com/hyakumeiten/ramen_tokyo/2020
13153294	RAMEN GOTTSU	東京都	東京都 練馬駅	https://tabelog.com/tokyo/A1321/A132102/13153294/	ラーメン	ramen_tokyo	ラーメン TOKYO	1	https://award.tabelog.com/hyakumeiten/ramen_tokyo/2020
13094595	つけ麺 道	東京都	東京都 亀有駅	https://tabelog.com/tokyo/A1324/A132403/13094595/	ラーメン	ramen_tokyo	ラーメン TOKYO	1	https://award.tabelog.com/hyakumeiten/ramen_tokyo/2020
13243173	中華そば　堀川	東京都	東京都 自由が丘駅	https://tabelog.com/tokyo/A1317/A131703/13243173/	ラーメン	ramen_tokyo	ラーメン TOKYO	1	https://award.tabelog.com/hyakumeiten/ramen_tokyo/2020
13147068	鶏そば  ムタヒロ 2号店	東京都	東京都 国分寺駅	https://tabelog.com/tokyo/A1325/A132502/13147068/	ラーメン	ramen_tokyo	ラーメン TOKYO	1	https://award.tabelog.com/hyakumeiten/ramen_tokyo/2020
13048520	RAMEN CiQUE	東京都	東京都 南阿佐ケ谷駅	https://tabelog.com/tokyo/A1319/A131905/13048520/	ラーメン	ramen_tokyo	ラーメン TOKYO	1	https://award.tabelog.com/hyakumeiten/ramen_tokyo/2020
13091258	煮干鰮らーめん 圓 八王子本店	東京都	東京都 京王八王子駅	https://tabelog.com/tokyo/A1329/A132904/13091258/	ラーメン	ramen_tokyo	ラーメン TOKYO	1	https://award.tabelog.com/hyakumeiten/ramen_tokyo/2020
13179757	勝本 水道橋店	東京都	東京都 水道橋駅	https://tabelog.com/tokyo/A1310/A131003/13179757/	ラーメン	ramen_tokyo	ラーメン TOKYO	1	https://award.tabelog.com/hyakumeiten/ramen_tokyo/2020
13215713	手打式超多加水麺 ののくら	東京都	東京都 亀有駅	https://tabelog.com/tokyo/A1324/A132403/13215713/	ラーメン	ramen_tokyo	ラーメン TOKYO	1	https://award.tabelog.com/hyakumeiten/ramen_tokyo/2020
13200351	中華そば べんてん	東京都	東京都 地下鉄成増駅	https://tabelog.com/tokyo/A1322/A132204/13200351/	ラーメン	ramen_tokyo	ラーメン TOKYO	1	https://award.tabelog.com/hyakumeiten/ramen_tokyo/2020
13163874	中華ソバ 伊吹	東京都	東京都 志村坂上駅	https://tabelog.com/tokyo/A1322/A132205/13163874/	ラーメン	ramen_tokyo	ラーメン TOKYO	1	https://award.tabelog.com/hyakumeiten/ramen_tokyo/2020
13204607	らぁめん山と樹	東京都	東京都 高円寺駅	https://tabelog.com/tokyo/A1319/A131904/13204607/	ラーメン	ramen_tokyo	ラーメン TOKYO	1	https://award.tabelog.com/hyakumeiten/ramen_tokyo/2020
13147594	Ramen　にじゅうぶんのいち	東京都	東京都 東尾久三丁目駅	https://tabelog.com/tokyo/A1324/A132401/13147594/	ラーメン	ramen_tokyo	ラーメン TOKYO	1	https://award.tabelog.com/hyakumeiten/ramen_tokyo/2020
13164932	むぎとオリーブ 銀座店	東京都	東京都 東銀座駅	https://tabelog.com/tokyo/A1301/A130101/13164932/	ラーメン	ramen_tokyo	ラーメン TOKYO	1	https://award.tabelog.com/hyakumeiten/ramen_tokyo/2020
13234195	宍道湖しじみ中華蕎麦 琥珀	東京都	東京都 雑色駅	https://tabelog.com/tokyo/A1315/A131503/13234195/	ラーメン	ramen_tokyo	ラーメン TOKYO	1	https://award.tabelog.com/hyakumeiten/ramen_tokyo/2020
13162681	中華そば しば田	東京都	東京都 仙川駅	https://tabelog.com/tokyo/A1326/A132601/13162681/	ラーメン	ramen_tokyo	ラーメン TOKYO	1	https://award.tabelog.com/hyakumeiten/ramen_tokyo/2020
13215409	鶏こく中華 すず喜	東京都	東京都 三鷹駅	https://tabelog.com/tokyo/A1320/A132002/13215409/	ラーメン	ramen_tokyo	ラーメン TOKYO	1	https://award.tabelog.com/hyakumeiten/ramen_tokyo/2020
13139195	麺や金時	東京都	東京都 江古田駅	https://tabelog.com/tokyo/A1321/A132101/13139195/	ラーメン	ramen_tokyo	ラーメン TOKYO	1	https://award.tabelog.com/hyakumeiten/ramen_tokyo/2020
13006070	神名備	東京都	東京都 西日暮里駅	https://tabelog.com/tokyo/A1311/A131105/13006070/	ラーメン	ramen_tokyo	ラーメン TOKYO	1	https://award.tabelog.com/hyakumeiten/ramen_tokyo/2020
13202438	麺屋 さくら井	東京都	東京都 三鷹駅	https://tabelog.com/tokyo/A1320/A132002/13202438/	ラーメン	ramen_tokyo	ラーメン TOKYO	1	https://award.tabelog.com/hyakumeiten/ramen_tokyo/2020
13151200	らぁ麺やまぐち	東京都	東京都 面影橋駅	https://tabelog.com/tokyo/A1305/A130504/13151200/	ラーメン	ramen_tokyo	ラーメン TOKYO	1	https://award.tabelog.com/hyakumeiten/ramen_tokyo/2020
13209326	かしわぎ	東京都	東京都 東中野駅	https://tabelog.com/tokyo/A1319/A131901/13209326/	ラーメン	ramen_tokyo	ラーメン TOKYO	1	https://award.tabelog.com/hyakumeiten/ramen_tokyo/2020
13168253	スパイス・ラー麺 卍力 西葛西店	東京都	東京都 西葛西駅	https://tabelog.com/tokyo/A1313/A131305/13168253/	ラーメン	ramen_tokyo	ラーメン TOKYO	1	https://award.tabelog.com/hyakumeiten/ramen_tokyo/2020
13218715	純手打ち だるま	東京都	東京都 中野富士見町駅	https://tabelog.com/tokyo/A1319/A131903/13218715/	ラーメン	ramen_tokyo	ラーメン TOKYO	1	https://award.tabelog.com/hyakumeiten/ramen_tokyo/2020
13003367	はやし	東京都	東京都 渋谷駅	https://tabelog.com/tokyo/A1303/A130301/13003367/	ラーメン	ramen_tokyo	ラーメン TOKYO	1	https://award.tabelog.com/hyakumeiten/ramen_tokyo/2020
13227469	スープメン	東京都	東京都 ときわ台駅	https://tabelog.com/tokyo/A1322/A132203/13227469/	ラーメン	ramen_tokyo	ラーメン TOKYO	1	https://award.tabelog.com/hyakumeiten/ramen_tokyo/2020
13143115	麺処 晴	東京都	東京都 入谷駅	https://tabelog.com/tokyo/A1311/A131104/13143115/	ラーメン	ramen_tokyo	ラーメン TOKYO	1	https://award.tabelog.com/hyakumeiten/ramen_tokyo/2020
13003726	田中商店 本店	東京都	東京都 六町駅	https://tabelog.com/tokyo/A1324/A132404/13003726/	ラーメン	ramen_tokyo	ラーメン TOKYO	1	https://award.tabelog.com/hyakumeiten/ramen_tokyo/2020
13205769	麺屋 はし本	東京都	東京都 中野駅	https://tabelog.com/tokyo/A1319/A131902/13205769/	ラーメン	ramen_tokyo	ラーメン TOKYO	1	https://award.tabelog.com/hyakumeiten/ramen_tokyo/2020
13232817	キング製麺	東京都	東京都 王子駅前駅	https://tabelog.com/tokyo/A1323/A132303/13232817/	ラーメン	ramen_tokyo	ラーメン TOKYO	1	https://award.tabelog.com/hyakumeiten/ramen_tokyo/2020
13242508	麺処 しろくろ	東京都	東京都 八幡山駅	https://tabelog.com/tokyo/A1318/A131809/13242508/	ラーメン	ramen_tokyo	ラーメン TOKYO	1	https://award.tabelog.com/hyakumeiten/ramen_tokyo/2020
13118141	銀座 朧月	東京都	東京都 銀座駅	https://tabelog.com/tokyo/A1301/A130101/13118141/	ラーメン	ramen_tokyo	ラーメン TOKYO	1	https://award.tabelog.com/hyakumeiten/ramen_tokyo/2020
13127743	饗 くろ喜	東京都	東京都 浅草橋駅	https://tabelog.com/tokyo/A1310/A131001/13127743/	ラーメン	ramen_tokyo	ラーメン TOKYO	1	https://award.tabelog.com/hyakumeiten/ramen_tokyo/2020
13246285	麺処 ほん田 秋葉原本店	東京都	東京都 秋葉原駅	https://tabelog.com/tokyo/A1310/A131001/13246285/	ラーメン	ramen_tokyo	ラーメン TOKYO	1	https://award.tabelog.com/hyakumeiten/ramen_tokyo/2020
13182315	自家製中華そば としおか	東京都	東京都 早稲田（メトロ）駅	https://tabelog.com/tokyo/A1305/A130504/13182315/	ラーメン	ramen_tokyo	ラーメン TOKYO	1	https://award.tabelog.com/hyakumeiten/ramen_tokyo/2020
13213036	中華そば 西川	東京都	東京都 千歳船橋駅	https://tabelog.com/tokyo/A1318/A131813/13213036/	ラーメン	ramen_tokyo	ラーメン TOKYO	1	https://award.tabelog.com/hyakumeiten/ramen_tokyo/2020
13141302	創作麺工房 鳴龍	東京都	東京都 新大塚駅	https://tabelog.com/tokyo/A1323/A132302/13141302/	ラーメン	ramen_tokyo	ラーメン TOKYO	1	https://award.tabelog.com/hyakumeiten/ramen_tokyo/2020
13046637	麺屋ひょっとこ 交通会館店	東京都	東京都 有楽町駅	https://tabelog.com/tokyo/A1301/A130102/13046637/	ラーメン	ramen_tokyo	ラーメン TOKYO	1	https://award.tabelog.com/hyakumeiten/ramen_tokyo/2020
13136428	麺屋 Hulu-lu	東京都	東京都 池袋駅	https://tabelog.com/tokyo/A1305/A130501/13136428/	ラーメン	ramen_tokyo	ラーメン TOKYO	1	https://award.tabelog.com/hyakumeiten/ramen_tokyo/2020
13093976	麺処 びぎ屋	東京都	東京都 学芸大学駅	https://tabelog.com/tokyo/A1317/A131702/13093976/	ラーメン	ramen_tokyo	ラーメン TOKYO	1	https://award.tabelog.com/hyakumeiten/ramen_tokyo/2020
13191776	らーめん改	東京都	東京都 蔵前駅	https://tabelog.com/tokyo/A1311/A131103/13191776/	ラーメン	ramen_tokyo	ラーメン TOKYO	1	https://award.tabelog.com/hyakumeiten/ramen_tokyo/2020
13154006	中華そば 児ノ木	東京都	東京都 落合駅	https://tabelog.com/tokyo/A1319/A131901/13154006/	ラーメン	ramen_tokyo	ラーメン TOKYO	1	https://award.tabelog.com/hyakumeiten/ramen_tokyo/2020
13094776	青島食堂 秋葉原店	東京都	東京都 岩本町駅	https://tabelog.com/tokyo/A1310/A131001/13094776/	ラーメン	ramen_tokyo	ラーメン TOKYO	1	https://award.tabelog.com/hyakumeiten/ramen_tokyo/2020
13006051	ラーメン二郎 三田本店	東京都	東京都 三田駅	https://tabelog.com/tokyo/A1314/A131402/13006051/	ラーメン	ramen_tokyo	ラーメン TOKYO	1	https://award.tabelog.com/hyakumeiten/ramen_tokyo/2020
13233678	中華そば 和渦 TOKYO	東京都	東京都 北品川駅	https://tabelog.com/tokyo/A1314/A131405/13233678/	ラーメン	ramen_tokyo	ラーメン TOKYO	1	https://award.tabelog.com/hyakumeiten/ramen_tokyo/2020
13162973	ラーメン屋 トイ・ボックス	東京都	東京都 三ノ輪橋駅	https://tabelog.com/tokyo/A1324/A132401/13162973/	ラーメン	ramen_tokyo	ラーメン TOKYO	1	https://award.tabelog.com/hyakumeiten/ramen_tokyo/2020
13001469	一番いちばん	東京都	東京都 町田駅	https://tabelog.com/tokyo/A1327/A132701/13001469/	ラーメン	ramen_tokyo	ラーメン TOKYO	1	https://award.tabelog.com/hyakumeiten/ramen_tokyo/2020
13218425	らーめんMAIKAGURA	東京都	東京都 千歳船橋駅	https://tabelog.com/tokyo/A1318/A131813/13218425/	ラーメン	ramen_tokyo	ラーメン TOKYO	1	https://award.tabelog.com/hyakumeiten/ramen_tokyo/2020
13000705	たんたん亭	東京都	東京都 浜田山駅	https://tabelog.com/tokyo/A1318/A131805/13000705/	ラーメン	ramen_tokyo	ラーメン TOKYO	1	https://award.tabelog.com/hyakumeiten/ramen_tokyo/2020
13220773	中華そば 満鶏軒	東京都	東京都 錦糸町駅	https://tabelog.com/tokyo/A1312/A131201/13220773/	ラーメン	ramen_tokyo	ラーメン TOKYO	1	https://award.tabelog.com/hyakumeiten/ramen_tokyo/2020
13207054	ラーメン 健やか	東京都	東京都 三鷹駅	https://tabelog.com/tokyo/A1320/A132002/13207054/	ラーメン	ramen_tokyo	ラーメン TOKYO	1	https://award.tabelog.com/hyakumeiten/ramen_tokyo/2020
13093047	六厘舎	東京都	東京都 東京駅	https://tabelog.com/tokyo/A1302/A130201/13093047/	ラーメン	ramen_tokyo	ラーメン TOKYO	1	https://award.tabelog.com/hyakumeiten/ramen_tokyo/2020
13044091	風雲児	東京都	東京都 南新宿駅	https://tabelog.com/tokyo/A1304/A130401/13044091/	ラーメン	ramen_tokyo	ラーメン TOKYO	1	https://award.tabelog.com/hyakumeiten/ramen_tokyo/2020
13008248	らぁめん 葉月	東京都	東京都 雪が谷大塚駅	https://tabelog.com/tokyo/A1317/A131714/13008248/	ラーメン	ramen_tokyo	ラーメン TOKYO	1	https://award.tabelog.com/hyakumeiten/ramen_tokyo/2020
13113532	中華蕎麦 蘭鋳	東京都	東京都 方南町駅	https://tabelog.com/tokyo/A1319/A131903/13113532/	ラーメン	ramen_tokyo	ラーメン TOKYO	1	https://award.tabelog.com/hyakumeiten/ramen_tokyo/2020
13216496	らぁ麺 はやし田 新宿本店	東京都	東京都 新宿三丁目駅	https://tabelog.com/tokyo/A1304/A130401/13216496/	ラーメン	ramen_tokyo	ラーメン TOKYO	1	https://award.tabelog.com/hyakumeiten/ramen_tokyo/2020
13228611	寿製麺 よしかわ 西台駅前店	東京都	東京都 西台駅	https://tabelog.com/tokyo/A1322/A132205/13228611/	ラーメン	ramen_tokyo	ラーメン TOKYO	1	https://award.tabelog.com/hyakumeiten/ramen_tokyo/2020
13221486	純手打ち 麺と未来	東京都	東京都 下北沢駅	https://tabelog.com/tokyo/A1318/A131802/13221486/	ラーメン	ramen_tokyo	ラーメン TOKYO	1	https://award.tabelog.com/hyakumeiten/ramen_tokyo/2020
13221001	メンドコロ キナリ	東京都	東京都 東中野駅	https://tabelog.com/tokyo/A1319/A131901/13221001/	ラーメン	ramen_tokyo	ラーメン TOKYO	1	https://award.tabelog.com/hyakumeiten/ramen_tokyo/2020
13050023	町田汁場 しおらーめん進化 本店	東京都	東京都 町田市	https://tabelog.com/tokyo/A1327/A132701/13050023/	ラーメン	ramen_tokyo	ラーメン TOKYO	1	https://award.tabelog.com/hyakumeiten/ramen_tokyo/2020
13038064	燦燦斗	東京都	東京都 東十条駅	https://tabelog.com/tokyo/A1323/A132304/13038064/	ラーメン	ramen_tokyo	ラーメン TOKYO	1	https://award.tabelog.com/hyakumeiten/ramen_tokyo/2020
13045287	麺屋海神 新宿店	東京都	東京都 新宿駅	https://tabelog.com/tokyo/A1304/A130401/13045287/	ラーメン	ramen_tokyo	ラーメン TOKYO	1	https://award.tabelog.com/hyakumeiten/ramen_tokyo/2020
13180862	煮干しつけ麺 宮元	東京都	東京都 蒲田駅	https://tabelog.com/tokyo/A1315/A131503/13180862/	ラーメン	ramen_tokyo	ラーメン TOKYO	1	https://award.tabelog.com/hyakumeiten/ramen_tokyo/2020
13198710	八咫烏	東京都	東京都 九段下駅	https://tabelog.com/tokyo/A1309/A130906/13198710/	ラーメン	ramen_tokyo	ラーメン TOKYO	1	https://award.tabelog.com/hyakumeiten/ramen_tokyo/2020
13111737	麺屋一燈	東京都	東京都 新小岩駅	https://tabelog.com/tokyo/A1312/A131204/13111737/	ラーメン	ramen_tokyo	ラーメン TOKYO	1	https://award.tabelog.com/hyakumeiten/ramen_tokyo/2020
13005052	こうかいぼう	東京都	東京都 門前仲町駅	https://tabelog.com/tokyo/A1313/A131303/13005052/	ラーメン	ramen_tokyo	ラーメン TOKYO	1	https://award.tabelog.com/hyakumeiten/ramen_tokyo/2020
13119563	麺処 銀笹	東京都	東京都 築地市場駅	https://tabelog.com/tokyo/A1301/A130103/13119563/	ラーメン	ramen_tokyo	ラーメン TOKYO	1	https://award.tabelog.com/hyakumeiten/ramen_tokyo/2020
13218311	中華蕎麦にし乃	東京都	東京都 本郷三丁目駅	https://tabelog.com/tokyo/A1310/A131004/13218311/	ラーメン	ramen_tokyo	ラーメン TOKYO	1	https://award.tabelog.com/hyakumeiten/ramen_tokyo/2020
14011334	下前商店	神奈川県	神奈川県 元町・中華街駅	https://tabelog.com/kanagawa/A1401/A140105/14011334/	ラーメン	ramen_east	ラーメン EAST	1	https://award.tabelog.com/hyakumeiten/ramen_east/2020
1000799	狼スープ	北海道	北海道 中島公園駅	https://tabelog.com/hokkaido/A0101/A010104/1000799/	ラーメン	ramen_east	ラーメン EAST	1	https://award.tabelog.com/hyakumeiten/ramen_east/2020
14054147	らーめん いのうえ	神奈川県	神奈川県 尻手駅	https://tabelog.com/kanagawa/A1401/A140210/14054147/	ラーメン	ramen_east	ラーメン EAST	1	https://award.tabelog.com/hyakumeiten/ramen_east/2020
14068897	櫻井中華そば店	神奈川県	神奈川県 保土ケ谷駅	https://tabelog.com/kanagawa/A1401/A140301/14068897/	ラーメン	ramen_east	ラーメン EAST	1	https://award.tabelog.com/hyakumeiten/ramen_east/2020
14000063	寿々喜家	神奈川県	神奈川県 上星川駅	https://tabelog.com/kanagawa/A1401/A140302/14000063/	ラーメン	ramen_east	ラーメン EAST	1	https://award.tabelog.com/hyakumeiten/ramen_east/2020
1007919	らーめん佳	北海道	北海道 月寒中央駅	https://tabelog.com/hokkaido/A0101/A010303/1007919/	ラーメン	ramen_east	ラーメン EAST	1	https://award.tabelog.com/hyakumeiten/ramen_east/2020
14057313	うまいヨゆうちゃんラーメン	神奈川県	神奈川県 大和駅	https://tabelog.com/kanagawa/A1407/A140702/14057313/	ラーメン	ramen_east	ラーメン EAST	1	https://award.tabelog.com/hyakumeiten/ramen_east/2020
14038422	ラーメン二郎 中山駅前店	神奈川県	神奈川県 中山駅	https://tabelog.com/kanagawa/A1401/A140207/14038422/	ラーメン	ramen_east	ラーメン EAST	1	https://award.tabelog.com/hyakumeiten/ramen_east/2020
14000569	流星軒	神奈川県	神奈川県 吉野町駅	https://tabelog.com/kanagawa/A1401/A140306/14000569/	ラーメン	ramen_east	ラーメン EAST	1	https://award.tabelog.com/hyakumeiten/ramen_east/2020
11004115	狼煙 本店	埼玉県	埼玉県 鉄道博物館駅	https://tabelog.com/saitama/A1101/A110101/11004115/	ラーメン	ramen_east	ラーメン EAST	1	https://award.tabelog.com/hyakumeiten/ramen_east/2020
23050560	らぁ麺や 汐そば雫	愛知県	愛知県 堀田（名鉄）駅	https://tabelog.com/aichi/A2301/A230112/23050560/	ラーメン	ramen_east	ラーメン EAST	1	https://award.tabelog.com/hyakumeiten/ramen_east/2020
14000161	環2家	神奈川県	神奈川県 下永谷駅	https://tabelog.com/kanagawa/A1401/A140307/14000161/	ラーメン	ramen_east	ラーメン EAST	1	https://award.tabelog.com/hyakumeiten/ramen_east/2020
21000295	らーめんNageyari	岐阜県	岐阜県 各務原市	https://tabelog.com/gifu/A2101/A210102/21000295/	ラーメン	ramen_east	ラーメン EAST	1	https://award.tabelog.com/hyakumeiten/ramen_east/2020
23000186	麺家 喜多楽	愛知県	愛知県 東別院駅	https://tabelog.com/aichi/A2301/A230105/23000186/	ラーメン	ramen_east	ラーメン EAST	1	https://award.tabelog.com/hyakumeiten/ramen_east/2020
14001610	中華そば 麺や食堂 本店	神奈川県	神奈川県 本厚木駅	https://tabelog.com/kanagawa/A1408/A140802/14001610/	ラーメン	ramen_east	ラーメン EAST	1	https://award.tabelog.com/hyakumeiten/ramen_east/2020
1009525	麺や けせらせら	北海道	北海道 百合が原駅	https://tabelog.com/hokkaido/A0101/A010201/1009525/	ラーメン	ramen_east	ラーメン EAST	1	https://award.tabelog.com/hyakumeiten/ramen_east/2020
23050032	からみそラーメン ふくろう 本店	愛知県	愛知県 上飯田駅	https://tabelog.com/aichi/A2301/A230110/23050032/	ラーメン	ramen_east	ラーメン EAST	1	https://award.tabelog.com/hyakumeiten/ramen_east/2020
1009634	麺屋 菜々兵衛	北海道	北海道 平和駅	https://tabelog.com/hokkaido/A0101/A010301/1009634/	ラーメン	ramen_east	ラーメン EAST	1	https://award.tabelog.com/hyakumeiten/ramen_east/2020
7000016	とら食堂	福島県	福島県 白河市	https://tabelog.com/fukushima/A0703/A070301/7000016/	ラーメン	ramen_east	ラーメン EAST	1	https://award.tabelog.com/hyakumeiten/ramen_east/2020
12033982	濃麺 海月	千葉県	千葉県 東千葉駅	https://tabelog.com/chiba/A1201/A120101/12033982/	ラーメン	ramen_east	ラーメン EAST	1	https://award.tabelog.com/hyakumeiten/ramen_east/2020
11043376	オランダ軒	埼玉県	埼玉県 東岩槻駅	https://tabelog.com/saitama/A1101/A110103/11043376/	ラーメン	ramen_east	ラーメン EAST	1	https://award.tabelog.com/hyakumeiten/ramen_east/2020
12000080	味処 むさし野	千葉県	千葉県 上本郷駅	https://tabelog.com/chiba/A1203/A120302/12000080/	ラーメン	ramen_east	ラーメン EAST	1	https://award.tabelog.com/hyakumeiten/ramen_east/2020
12025333	杉田家 千葉店	千葉県	千葉県 東千葉駅	https://tabelog.com/chiba/A1201/A120101/12025333/	ラーメン	ramen_east	ラーメン EAST	1	https://award.tabelog.com/hyakumeiten/ramen_east/2020
14062435	丿貫 福富町本店	神奈川県	神奈川県 桜木町駅	https://tabelog.com/kanagawa/A1401/A140104/14062435/	ラーメン	ramen_east	ラーメン EAST	1	https://award.tabelog.com/hyakumeiten/ramen_east/2020
8010935	らぁめん 喜乃壺	茨城県	茨城県 つくば市	https://tabelog.com/ibaraki/A0802/A080201/8010935/	ラーメン	ramen_east	ラーメン EAST	1	https://award.tabelog.com/hyakumeiten/ramen_east/2020
4009075	中華そば 嘉一	宮城県	宮城県 勾当台公園駅	https://tabelog.com/miyagi/A0401/A040101/4009075/	ラーメン	ramen_east	ラーメン EAST	1	https://award.tabelog.com/hyakumeiten/ramen_east/2020
14063423	中村麺三郎商店	神奈川県	神奈川県 淵野辺駅	https://tabelog.com/kanagawa/A1407/A140701/14063423/	ラーメン	ramen_east	ラーメン EAST	1	https://award.tabelog.com/hyakumeiten/ramen_east/2020
11000014	ぜんや	埼玉県	埼玉県 新座駅	https://tabelog.com/saitama/A1103/A110301/11000014/	ラーメン	ramen_east	ラーメン EAST	1	https://award.tabelog.com/hyakumeiten/ramen_east/2020
11034264	中華そば 四つ葉	埼玉県	埼玉県 比企郡川島町	https://tabelog.com/saitama/A1105/A110502/11034264/	ラーメン	ramen_east	ラーメン EAST	1	https://award.tabelog.com/hyakumeiten/ramen_east/2020
23055953	らぁ麺 紫陽花	愛知県	愛知県 六番町駅	https://tabelog.com/aichi/A2301/A230112/23055953/	ラーメン	ramen_east	ラーメン EAST	1	https://award.tabelog.com/hyakumeiten/ramen_east/2020
15000043	いち井	新潟県	新潟県 長岡市	https://tabelog.com/niigata/A1502/A150201/15000043/	ラーメン	ramen_east	ラーメン EAST	1	https://award.tabelog.com/hyakumeiten/ramen_east/2020
1026753	我流麺舞 飛燕	北海道	北海道 札幌市豊平区	https://tabelog.com/hokkaido/A0101/A010303/1026753/	ラーメン	ramen_east	ラーメン EAST	1	https://award.tabelog.com/hyakumeiten/ramen_east/2020
14043755	啜磨専科	神奈川県	神奈川県 港南中央駅	https://tabelog.com/kanagawa/A1401/A140307/14043755/	ラーメン	ramen_east	ラーメン EAST	1	https://award.tabelog.com/hyakumeiten/ramen_east/2020
11034385	らーめん　かねかつ	埼玉県	埼玉県 川口駅	https://tabelog.com/saitama/A1102/A110201/11034385/	ラーメン	ramen_east	ラーメン EAST	1	https://award.tabelog.com/hyakumeiten/ramen_east/2020
14053385	らぁめん夢	神奈川県	神奈川県 東神奈川駅	https://tabelog.com/kanagawa/A1401/A140212/14053385/	ラーメン	ramen_east	ラーメン EAST	1	https://award.tabelog.com/hyakumeiten/ramen_east/2020
1009886	麺屋 高橋	北海道	北海道 札幌市豊平区	https://tabelog.com/hokkaido/A0101/A010303/1009886/	ラーメン	ramen_east	ラーメン EAST	1	https://award.tabelog.com/hyakumeiten/ramen_east/2020
15000002	杭州飯店	新潟県	新潟県 燕市	https://tabelog.com/niigata/A1501/A150102/15000002/	ラーメン	ramen_east	ラーメン EAST	1	https://award.tabelog.com/hyakumeiten/ramen_east/2020
12026940	とら食堂 松戸分店	千葉県	千葉県 松飛台駅	https://tabelog.com/chiba/A1203/A120302/12026940/	ラーメン	ramen_east	ラーメン EAST	1	https://award.tabelog.com/hyakumeiten/ramen_east/2020
14067138	中華蕎麦 時雨	神奈川県	神奈川県 伊勢佐木長者町駅	https://tabelog.com/kanagawa/A1401/A140104/14067138/	ラーメン	ramen_east	ラーメン EAST	1	https://award.tabelog.com/hyakumeiten/ramen_east/2020
11036997	中華そば よしかわ 上尾店	埼玉県	埼玉県 上尾市	https://tabelog.com/saitama/A1104/A110401/11036997/	ラーメン	ramen_east	ラーメン EAST	1	https://award.tabelog.com/hyakumeiten/ramen_east/2020
22019502	めん奏心	静岡県	静岡県 島田市	https://tabelog.com/shizuoka/A2203/A220302/22019502/	ラーメン	ramen_east	ラーメン EAST	1	https://award.tabelog.com/hyakumeiten/ramen_east/2020
14055421	らーめん森や。	神奈川県	神奈川県 横浜市栄区	https://tabelog.com/kanagawa/A1401/A140309/14055421/	ラーメン	ramen_east	ラーメン EAST	1	https://award.tabelog.com/hyakumeiten/ramen_east/2020
11026125	鶏そば　一瑳	埼玉県	埼玉県 浦和駅	https://tabelog.com/saitama/A1101/A110102/11026125/	ラーメン	ramen_east	ラーメン EAST	1	https://award.tabelog.com/hyakumeiten/ramen_east/2020
1004868	麺屋 雪風 すすきの店	北海道	北海道 東本願寺前駅	https://tabelog.com/hokkaido/A0101/A010103/1004868/	ラーメン	ramen_east	ラーメン EAST	1	https://award.tabelog.com/hyakumeiten/ramen_east/2020
14049709	麺処 懐や	神奈川県	神奈川県 鷺沼駅	https://tabelog.com/kanagawa/A1405/A140507/14049709/	ラーメン	ramen_east	ラーメン EAST	1	https://award.tabelog.com/hyakumeiten/ramen_east/2020
11001881	次念序	埼玉県	埼玉県 鴻巣駅	https://tabelog.com/saitama/A1104/A110401/11001881/	ラーメン	ramen_east	ラーメン EAST	1	https://award.tabelog.com/hyakumeiten/ramen_east/2020
7001032	伊達屋	福島県	福島県 福島市	https://tabelog.com/fukushima/A0701/A070101/7001032/	ラーメン	ramen_east	ラーメン EAST	1	https://award.tabelog.com/hyakumeiten/ramen_east/2020
23056955	らーめん奏	愛知県	愛知県 吹上駅	https://tabelog.com/aichi/A2301/A230106/23056955/	ラーメン	ramen_east	ラーメン EAST	1	https://award.tabelog.com/hyakumeiten/ramen_east/2020
9009352	青竹手打ラーメン 日向屋	栃木県	栃木県 佐野市	https://tabelog.com/tochigi/A0902/A090202/9009352/	ラーメン	ramen_east	ラーメン EAST	1	https://award.tabelog.com/hyakumeiten/ramen_east/2020
11043059	煮干乱舞	埼玉県	埼玉県 武里駅	https://tabelog.com/saitama/A1102/A110204/11043059/	ラーメン	ramen_east	ラーメン EAST	1	https://award.tabelog.com/hyakumeiten/ramen_east/2020
14000059	家系総本山 吉村家	神奈川県	神奈川県 平沼橋駅	https://tabelog.com/kanagawa/A1401/A140101/14000059/	ラーメン	ramen_east	ラーメン EAST	1	https://award.tabelog.com/hyakumeiten/ramen_east/2020
14072025	ラーメン フリーバーズ	神奈川県	神奈川県 本郷台駅	https://tabelog.com/kanagawa/A1401/A140309/14072025/	ラーメン	ramen_east	ラーメン EAST	1	https://award.tabelog.com/hyakumeiten/ramen_east/2020
14051496	ラーメン 末廣家	神奈川県	神奈川県 白楽駅	https://tabelog.com/kanagawa/A1401/A140205/14051496/	ラーメン	ramen_east	ラーメン EAST	1	https://award.tabelog.com/hyakumeiten/ramen_east/2020
8012178	はりけんラーメン 本店	茨城県	茨城県 つくば市	https://tabelog.com/ibaraki/A0802/A080201/8012178/	ラーメン	ramen_east	ラーメン EAST	1	https://award.tabelog.com/hyakumeiten/ramen_east/2020
11038476	麺処 有彩	埼玉県	埼玉県 西川口駅	https://tabelog.com/saitama/A1102/A110201/11038476/	ラーメン	ramen_east	ラーメン EAST	1	https://award.tabelog.com/hyakumeiten/ramen_east/2020
14068944	Sagamihara 欅	神奈川県	神奈川県 小田急相模原駅	https://tabelog.com/kanagawa/A1407/A140701/14068944/	ラーメン	ramen_east	ラーメン EAST	1	https://award.tabelog.com/hyakumeiten/ramen_east/2020
9012617	麺屋 ようすけ	栃木県	栃木県 佐野市	https://tabelog.com/tochigi/A0902/A090202/9012617/	ラーメン	ramen_east	ラーメン EAST	1	https://award.tabelog.com/hyakumeiten/ramen_east/2020
14000917	杉田家	神奈川県	神奈川県 新杉田駅	https://tabelog.com/kanagawa/A1401/A140308/14000917/	ラーメン	ramen_east	ラーメン EAST	1	https://award.tabelog.com/hyakumeiten/ramen_east/2020
12040080	中華ソバ 篤々	千葉県	千葉県 勝田台駅	https://tabelog.com/chiba/A1202/A120204/12040080/	ラーメン	ramen_east	ラーメン EAST	1	https://award.tabelog.com/hyakumeiten/ramen_east/2020
14058333	豚星。	神奈川県	神奈川県 元住吉駅	https://tabelog.com/kanagawa/A1405/A140504/14058333/	ラーメン	ramen_east	ラーメン EAST	1	https://award.tabelog.com/hyakumeiten/ramen_east/2020
14056997	貝ガラ屋	神奈川県	神奈川県 相模原市中央区	https://tabelog.com/kanagawa/A1407/A140701/14056997/	ラーメン	ramen_east	ラーメン EAST	1	https://award.tabelog.com/hyakumeiten/ramen_east/2020
12001198	兎に角 松戸本店	千葉県	千葉県 松戸駅	https://tabelog.com/chiba/A1203/A120302/12001198/	ラーメン	ramen_east	ラーメン EAST	1	https://award.tabelog.com/hyakumeiten/ramen_east/2020
12000422	中華蕎麦 とみ田	千葉県	千葉県 松戸駅	https://tabelog.com/chiba/A1203/A120302/12000422/	ラーメン	ramen_east	ラーメン EAST	1	https://award.tabelog.com/hyakumeiten/ramen_east/2020
1026411	麺や 麗	北海道	北海道 千歳市	https://tabelog.com/hokkaido/A0107/A010701/1026411/	ラーメン	ramen_east	ラーメン EAST	1	https://award.tabelog.com/hyakumeiten/ramen_east/2020
1038229	ラーメン 木曜日	北海道	北海道 西線９条旭山公園通駅	https://tabelog.com/hokkaido/A0101/A010104/1038229/	ラーメン	ramen_east	ラーメン EAST	1	https://award.tabelog.com/hyakumeiten/ramen_east/2020
23051026	らぁ麺 飛鶏	愛知県	愛知県 春日井市	https://tabelog.com/aichi/A2303/A230301/23051026/	ラーメン	ramen_east	ラーメン EAST	1	https://award.tabelog.com/hyakumeiten/ramen_east/2020
10014488	らーめん芝浜	群馬県	群馬県 桐生市	https://tabelog.com/gunma/A1002/A100201/10014488/	ラーメン	ramen_east	ラーメン EAST	1	https://award.tabelog.com/hyakumeiten/ramen_east/2020
14058820	麺処 秋もと	神奈川県	神奈川県 市が尾駅	https://tabelog.com/kanagawa/A1401/A140201/14058820/	ラーメン	ramen_east	ラーメン EAST	1	https://award.tabelog.com/hyakumeiten/ramen_east/2020
11000150	頑者 本店	埼玉県	埼玉県 本川越駅	https://tabelog.com/saitama/A1103/A110303/11000150/	ラーメン	ramen_east	ラーメン EAST	1	https://award.tabelog.com/hyakumeiten/ramen_east/2020
1000018	麺屋 彩未	北海道	北海道 美園駅	https://tabelog.com/hokkaido/A0101/A010303/1000018/	ラーメン	ramen_east	ラーメン EAST	1	https://award.tabelog.com/hyakumeiten/ramen_east/2020
23000971	ラーメン専門店 徳川町 如水	愛知県	愛知県 森下駅	https://tabelog.com/aichi/A2301/A230110/23000971/	ラーメン	ramen_east	ラーメン EAST	1	https://award.tabelog.com/hyakumeiten/ramen_east/2020
14050344	拉麺 大公 南太田本店	神奈川県	神奈川県 南太田駅	https://tabelog.com/kanagawa/A1401/A140306/14050344/	ラーメン	ramen_east	ラーメン EAST	1	https://award.tabelog.com/hyakumeiten/ramen_east/2020
8014295	煮干中華ソバ イチカワ	茨城県	茨城県 つくば市	https://tabelog.com/ibaraki/A0802/A080201/8014295/	ラーメン	ramen_east	ラーメン EAST	1	https://award.tabelog.com/hyakumeiten/ramen_east/2020
23005819	なるとや	愛知県	愛知県 栄町駅	https://tabelog.com/aichi/A2301/A230104/23005819/	ラーメン	ramen_east	ラーメン EAST	1	https://award.tabelog.com/hyakumeiten/ramen_east/2020
14000184	ZUND-BAR	神奈川県	神奈川県 厚木市	https://tabelog.com/kanagawa/A1408/A140802/14000184/	ラーメン	ramen_east	ラーメン EAST	1	https://award.tabelog.com/hyakumeiten/ramen_east/2020
11030891	和風楽麺 四代目 ひのでや	埼玉県	埼玉県 蓮田駅	https://tabelog.com/saitama/A1104/A110402/11030891/	ラーメン	ramen_east	ラーメン EAST	1	https://award.tabelog.com/hyakumeiten/ramen_east/2020
23007195	中華そば 華丸	愛知県	愛知県 一宮市	https://tabelog.com/aichi/A2302/A230201/23007195/	ラーメン	ramen_east	ラーメン EAST	1	https://award.tabelog.com/hyakumeiten/ramen_east/2020
11040851	寿製麺 よしかわ 川越店	埼玉県	埼玉県 川越市	https://tabelog.com/saitama/A1103/A110303/11040851/	ラーメン	ramen_east	ラーメン EAST	1	https://award.tabelog.com/hyakumeiten/ramen_east/2020
8013639	喜元門 研究学園駅前店	茨城県	茨城県 つくば市	https://tabelog.com/ibaraki/A0802/A080201/8013639/	ラーメン	ramen_east	ラーメン EAST	1	https://award.tabelog.com/hyakumeiten/ramen_east/2020
14038776	らぁ麺 飯田商店	神奈川県	神奈川県 湯河原駅	https://tabelog.com/kanagawa/A1410/A141002/14038776/	ラーメン	ramen_east	ラーメン EAST	1	https://award.tabelog.com/hyakumeiten/ramen_east/2020
7000006	食堂なまえ	福島県	福島県 喜多方市	https://tabelog.com/fukushima/A0706/A070601/7000006/	ラーメン	ramen_east	ラーメン EAST	1	https://award.tabelog.com/hyakumeiten/ramen_east/2020
14048864	らーめん 鶏喰	神奈川県	神奈川県 吉野町駅	https://tabelog.com/kanagawa/A1401/A140306/14048864/	ラーメン	ramen_east	ラーメン EAST	1	https://award.tabelog.com/hyakumeiten/ramen_east/2020
14054005	ラーメン星印	神奈川県	神奈川県 反町駅	https://tabelog.com/kanagawa/A1401/A140205/14054005/	ラーメン	ramen_east	ラーメン EAST	1	https://award.tabelog.com/hyakumeiten/ramen_east/2020
14013886	ラーメン 厚木家	神奈川県	神奈川県 厚木市	https://tabelog.com/kanagawa/A1408/A140802/14013886/	ラーメン	ramen_east	ラーメン EAST	1	https://award.tabelog.com/hyakumeiten/ramen_east/2020
1034678	MEN-EIJI HIRAGISHI BASE	北海道	北海道 南平岸駅	https://tabelog.com/hokkaido/A0101/A010303/1034678/	ラーメン	ramen_east	ラーメン EAST	1	https://award.tabelog.com/hyakumeiten/ramen_east/2020
23060674	麺家獅子丸	愛知県	愛知県 亀島駅	https://tabelog.com/aichi/A2301/A230101/23060674/	ラーメン	ramen_east	ラーメン EAST	1	https://award.tabelog.com/hyakumeiten/ramen_east/2020
11048539	自家製手もみ麺 鈴ノ木	埼玉県	埼玉県 狭山ケ丘駅	https://tabelog.com/saitama/A1106/A110601/11048539/	ラーメン	ramen_east	ラーメン EAST	1	https://award.tabelog.com/hyakumeiten/ramen_east/2020
14012001	くり山	神奈川県	神奈川県 白楽駅	https://tabelog.com/kanagawa/A1401/A140205/14012001/	ラーメン	ramen_east	ラーメン EAST	1	https://award.tabelog.com/hyakumeiten/ramen_east/2020
14000186	中村屋	神奈川県	神奈川県 海老名駅	https://tabelog.com/kanagawa/A1408/A140801/14000186/	ラーメン	ramen_east	ラーメン EAST	1	https://award.tabelog.com/hyakumeiten/ramen_east/2020
14059192	らぁめん鴇	神奈川県	神奈川県 藤沢駅	https://tabelog.com/kanagawa/A1404/A140404/14059192/	ラーメン	ramen_east	ラーメン EAST	1	https://award.tabelog.com/hyakumeiten/ramen_east/2020
14001518	ラーメン二郎 横浜関内店	神奈川県	神奈川県 伊勢佐木長者町駅	https://tabelog.com/kanagawa/A1401/A140104/14001518/	ラーメン	ramen_east	ラーメン EAST	1	https://award.tabelog.com/hyakumeiten/ramen_east/2020
1000031	さっぽろ純連 札幌店	北海道	北海道 澄川駅	https://tabelog.com/hokkaido/A0101/A010303/1000031/	ラーメン	ramen_east	ラーメン EAST	1	https://award.tabelog.com/hyakumeiten/ramen_east/2020
14014445	支那そばや 本店	神奈川県	神奈川県 戸塚駅	https://tabelog.com/kanagawa/A1401/A140305/14014445/	ラーメン	ramen_east	ラーメン EAST	1	https://award.tabelog.com/hyakumeiten/ramen_east/2020
7000007	坂内食堂	福島県	福島県 喜多方市	https://tabelog.com/fukushima/A0706/A070601/7000007/	ラーメン	ramen_east	ラーメン EAST	1	https://award.tabelog.com/hyakumeiten/ramen_east/2020
1057715	Japanese Ramen Noodle Lab Q	北海道	北海道 さっぽろ（札幌市営）駅	https://tabelog.com/hokkaido/A0101/A010102/1057715/	ラーメン	ramen_east	ラーメン EAST	1	https://award.tabelog.com/hyakumeiten/ramen_east/2020
14051850	横浜中華そば 維新商店 本店	神奈川県	神奈川県 平沼橋駅	https://tabelog.com/kanagawa/A1401/A140101/14051850/	ラーメン	ramen_east	ラーメン EAST	1	https://award.tabelog.com/hyakumeiten/ramen_east/2020
14000181	厚木本丸亭	神奈川県	神奈川県 本厚木駅	https://tabelog.com/kanagawa/A1408/A140802/14000181/	ラーメン	ramen_east	ラーメン EAST	1	https://award.tabelog.com/hyakumeiten/ramen_east/2020
14053454	家系ラーメン とらきち家	神奈川県	神奈川県 東白楽駅	https://tabelog.com/kanagawa/A1401/A140205/14053454/	ラーメン	ramen_east	ラーメン EAST	1	https://award.tabelog.com/hyakumeiten/ramen_east/2020
14070248	支那蕎麦屋 藤花	神奈川県	神奈川県 横浜市都筑区	https://tabelog.com/kanagawa/A1401/A140207/14070248/	ラーメン	ramen_east	ラーメン EAST	1	https://award.tabelog.com/hyakumeiten/ramen_east/2020
14056490	地球の中華そば	神奈川県	神奈川県 伊勢佐木長者町駅	https://tabelog.com/kanagawa/A1401/A140104/14056490/	ラーメン	ramen_east	ラーメン EAST	1	https://award.tabelog.com/hyakumeiten/ramen_east/2020
27079245	福島壱麺	大阪府	大阪府 福島駅	https://tabelog.com/osaka/A2701/A270108/27079245/	ラーメン	ramen_west	ラーメン WEST	1	https://award.tabelog.com/hyakumeiten/ramen_west/2020
26003182	麺や高倉二条	京都府	京都府 丸太町（京都市営）駅	https://tabelog.com/kyoto/A2601/A260202/26003182/	ラーメン	ramen_west	ラーメン WEST	1	https://award.tabelog.com/hyakumeiten/ramen_west/2020
28042762	らーめん専門 和心 武庫之荘店	兵庫県	兵庫県 武庫之荘駅	https://tabelog.com/hyogo/A2803/A280304/28042762/	ラーメン	ramen_west	ラーメン WEST	1	https://award.tabelog.com/hyakumeiten/ramen_west/2020
24000851	らーめん 鉢ノ葦葉	三重県	三重県 四日市市	https://tabelog.com/mie/A2402/A240201/24000851/	ラーメン	ramen_west	ラーメン WEST	1	https://award.tabelog.com/hyakumeiten/ramen_west/2020
27069769	中華そば うえまち	大阪府	大阪府 谷町六丁目駅	https://tabelog.com/osaka/A2701/A270204/27069769/	ラーメン	ramen_west	ラーメン WEST	1	https://award.tabelog.com/hyakumeiten/ramen_west/2020
27071670	麺屋 はなぶさ	大阪府	大阪府 堺筋本町駅	https://tabelog.com/osaka/A2701/A270106/27071670/	ラーメン	ramen_west	ラーメン WEST	1	https://award.tabelog.com/hyakumeiten/ramen_west/2020
27001084	カドヤ食堂 本店	大阪府	大阪府 西長堀駅	https://tabelog.com/osaka/A2701/A270105/27001084/	ラーメン	ramen_west	ラーメン WEST	1	https://award.tabelog.com/hyakumeiten/ramen_west/2020
27040392	彩色ラーメンきんせい 高槻駅前店	大阪府	大阪府 高槻市駅	https://tabelog.com/osaka/A2706/A270604/27040392/	ラーメン	ramen_west	ラーメン WEST	1	https://award.tabelog.com/hyakumeiten/ramen_west/2020
27084754	麺屋 丈六 なんば店	大阪府	大阪府 難波（南海）駅	https://tabelog.com/osaka/A2701/A270202/27084754/	ラーメン	ramen_west	ラーメン WEST	1	https://award.tabelog.com/hyakumeiten/ramen_west/2020
27003383	総大醤	大阪府	大阪府 天神橋筋六丁目駅	https://tabelog.com/osaka/A2701/A270103/27003383/	ラーメン	ramen_west	ラーメン WEST	1	https://award.tabelog.com/hyakumeiten/ramen_west/2020
27057392	みつ星製麺所 福島本店	大阪府	大阪府 福島駅	https://tabelog.com/osaka/A2701/A270108/27057392/	ラーメン	ramen_west	ラーメン WEST	1	https://award.tabelog.com/hyakumeiten/ramen_west/2020
27087256	中華蕎麦 葛	大阪府	大阪府 本町駅	https://tabelog.com/osaka/A2701/A270106/27087256/	ラーメン	ramen_west	ラーメン WEST	1	https://award.tabelog.com/hyakumeiten/ramen_west/2020
26023971	麺屋 たけ井 R1店	京都府	京都府 八幡市	https://tabelog.com/kyoto/A2607/A260702/26023971/	ラーメン	ramen_west	ラーメン WEST	1	https://award.tabelog.com/hyakumeiten/ramen_west/2020
28031755	らーめん専門 和海	兵庫県	兵庫県 武庫川駅	https://tabelog.com/hyogo/A2803/A280304/28031755/	ラーメン	ramen_west	ラーメン WEST	1	https://award.tabelog.com/hyakumeiten/ramen_west/2020
27059898	烈火 本店	大阪府	大阪府 庄内駅	https://tabelog.com/osaka/A2706/A270601/27059898/	ラーメン	ramen_west	ラーメン WEST	1	https://award.tabelog.com/hyakumeiten/ramen_west/2020
27059047	ラーメン人生JET600	大阪府	大阪府 玉造（ＪＲ）駅	https://tabelog.com/osaka/A2701/A270204/27059047/	ラーメン	ramen_west	ラーメン WEST	1	https://award.tabelog.com/hyakumeiten/ramen_west/2020
29006502	ラーメン家 みつ葉	奈良県	奈良県 奈良市	https://tabelog.com/nara/A2901/A290102/29006502/	ラーメン	ramen_west	ラーメン WEST	1	https://award.tabelog.com/hyakumeiten/ramen_west/2020
27065090	らーめん香澄 阿波座本店	大阪府	大阪府 阿波座駅	https://tabelog.com/osaka/A2701/A270105/27065090/	ラーメン	ramen_west	ラーメン WEST	1	https://award.tabelog.com/hyakumeiten/ramen_west/2020
26025306	らぁ麺 とうひち	京都府	京都府 京都市北区	https://tabelog.com/kyoto/A2601/A260503/26025306/	ラーメン	ramen_west	ラーメン WEST	1	https://award.tabelog.com/hyakumeiten/ramen_west/2020
27092383	京都 麺屋たけ井 阪急梅田店	大阪府	大阪府 大阪梅田（阪急）駅	https://tabelog.com/osaka/A2701/A270101/27092383/	ラーメン	ramen_west	ラーメン WEST	1	https://award.tabelog.com/hyakumeiten/ramen_west/2020
26001199	中華そば 高安	京都府	京都府 一乗寺駅	https://tabelog.com/kyoto/A2601/A260303/26001199/	ラーメン	ramen_west	ラーメン WEST	1	https://award.tabelog.com/hyakumeiten/ramen_west/2020
27002131	彩色ラーメン きんせい総本家 夢風	大阪府	大阪府 高槻市	https://tabelog.com/osaka/A2706/A270604/27002131/	ラーメン	ramen_west	ラーメン WEST	1	https://award.tabelog.com/hyakumeiten/ramen_west/2020
17001321	自然派ラーメン 神楽	石川県	石川県 金沢市	https://tabelog.com/ishikawa/A1701/A170101/17001321/	ラーメン	ramen_west	ラーメン WEST	1	https://award.tabelog.com/hyakumeiten/ramen_west/2020
30000653	和 dining 清乃 本店	和歌山県	和歌山県 有田市	https://tabelog.com/wakayama/A3002/A300202/30000653/	ラーメン	ramen_west	ラーメン WEST	1	https://award.tabelog.com/hyakumeiten/ramen_west/2020
29004440	つけ麺無心	奈良県	奈良県 奈良市	https://tabelog.com/nara/A2901/A290102/29004440/	ラーメン	ramen_west	ラーメン WEST	1	https://award.tabelog.com/hyakumeiten/ramen_west/2020
27062565	中華そば いぶき	大阪府	大阪府 天神橋筋六丁目駅	https://tabelog.com/osaka/A2701/A270103/27062565/	ラーメン	ramen_west	ラーメン WEST	1	https://award.tabelog.com/hyakumeiten/ramen_west/2020
27082871	らーめん鱗 西中島店	大阪府	大阪府 西中島南方駅	https://tabelog.com/osaka/A2701/A270301/27082871/	ラーメン	ramen_west	ラーメン WEST	1	https://award.tabelog.com/hyakumeiten/ramen_west/2020
40032701	博多一双 博多駅東本店	福岡県	福岡県 博多駅	https://tabelog.com/fukuoka/A4001/A400101/40032701/	ラーメン	ramen_west	ラーメン WEST	1	https://award.tabelog.com/hyakumeiten/ramen_west/2020
36000071	支那そば 王王軒 本店	徳島県	徳島県 板野郡藍住町	https://tabelog.com/tokushima/A3603/A360303/36000071/	ラーメン	ramen_west	ラーメン WEST	1	https://award.tabelog.com/hyakumeiten/ramen_west/2020
29009138	麺～leads～なかの 大和高田本店	奈良県	奈良県 大和高田市	https://tabelog.com/nara/A2903/A290302/29009138/	ラーメン	ramen_west	ラーメン WEST	1	https://award.tabelog.com/hyakumeiten/ramen_west/2020
27042439	麺元素	大阪府	大阪府 天満駅	https://tabelog.com/osaka/A2701/A270103/27042439/	ラーメン	ramen_west	ラーメン WEST	1	https://award.tabelog.com/hyakumeiten/ramen_west/2020
27072765	麺のようじ	大阪府	大阪府 日本橋駅	https://tabelog.com/osaka/A2701/A270202/27072765/	ラーメン	ramen_west	ラーメン WEST	1	https://award.tabelog.com/hyakumeiten/ramen_west/2020
26011617	俺のラーメン あっぱれ屋	京都府	京都府 城陽市	https://tabelog.com/kyoto/A2607/A260704/26011617/	ラーメン	ramen_west	ラーメン WEST	1	https://award.tabelog.com/hyakumeiten/ramen_west/2020
27017957	麺屋 えぐち	大阪府	大阪府 江坂駅	https://tabelog.com/osaka/A2706/A270602/27017957/	ラーメン	ramen_west	ラーメン WEST	1	https://award.tabelog.com/hyakumeiten/ramen_west/2020
27018753	群青	大阪府	大阪府 天神橋筋六丁目駅	https://tabelog.com/osaka/A2701/A270103/27018753/	ラーメン	ramen_west	ラーメン WEST	1	https://award.tabelog.com/hyakumeiten/ramen_west/2020
26022456	セアブラノ神 壬生本店	京都府	京都府 四条大宮駅	https://tabelog.com/kyoto/A2601/A260203/26022456/	ラーメン	ramen_west	ラーメン WEST	1	https://award.tabelog.com/hyakumeiten/ramen_west/2020
27064537	麺や 紡	大阪府	大阪府 宇野辺駅	https://tabelog.com/osaka/A2706/A270604/27064537/	ラーメン	ramen_west	ラーメン WEST	1	https://award.tabelog.com/hyakumeiten/ramen_west/2020
27064584	人類みな麺類	大阪府	大阪府 南方駅	https://tabelog.com/osaka/A2701/A270301/27064584/	ラーメン	ramen_west	ラーメン WEST	1	https://award.tabelog.com/hyakumeiten/ramen_west/2020
40000488	博多元気一杯!!	福岡県	福岡県 呉服町駅	https://tabelog.com/fukuoka/A4001/A400106/40000488/	ラーメン	ramen_west	ラーメン WEST	1	https://award.tabelog.com/hyakumeiten/ramen_west/2020
26004660	吟醸らーめん 久保田	京都府	京都府 五条（京都市営）駅	https://tabelog.com/kyoto/A2601/A260101/26004660/	ラーメン	ramen_west	ラーメン WEST	1	https://award.tabelog.com/hyakumeiten/ramen_west/2020
27050827	ラーメン人生JET	大阪府	大阪府 福島駅	https://tabelog.com/osaka/A2701/A270108/27050827/	ラーメン	ramen_west	ラーメン WEST	1	https://award.tabelog.com/hyakumeiten/ramen_west/2020
27056367	フスマにかけろ 中崎壱丁 中崎商店會1-6-18号ラーメン	大阪府	大阪府 中崎町駅	https://tabelog.com/osaka/A2701/A270103/27056367/	ラーメン	ramen_west	ラーメン WEST	1	https://award.tabelog.com/hyakumeiten/ramen_west/2020
28037743	中華そば麦右衛門	兵庫県	兵庫県 揖保郡太子町	https://tabelog.com/hyogo/A2805/A280503/28037743/	ラーメン	ramen_west	ラーメン WEST	1	https://award.tabelog.com/hyakumeiten/ramen_west/2020
26017616	拳ラーメン	京都府	京都府 梅小路京都西駅	https://tabelog.com/kyoto/A2601/A260203/26017616/	ラーメン	ramen_west	ラーメン WEST	1	https://award.tabelog.com/hyakumeiten/ramen_west/2020
26017227	麺屋 たけ井 本店	京都府	京都府 長池駅	https://tabelog.com/kyoto/A2607/A260704/26017227/	ラーメン	ramen_west	ラーメン WEST	1	https://award.tabelog.com/hyakumeiten/ramen_west/2020
27099659	麺や福はら	大阪府	大阪府 今里（近鉄）駅	https://tabelog.com/osaka/A2701/A270306/27099659/	ラーメン	ramen_west	ラーメン WEST	1	https://award.tabelog.com/hyakumeiten/ramen_west/2020
27061072	麺屋 八海山	大阪府	大阪府 高槻駅	https://tabelog.com/osaka/A2706/A270604/27061072/	ラーメン	ramen_west	ラーメン WEST	1	https://award.tabelog.com/hyakumeiten/ramen_west/2020
27054613	麺や而今 大東本店	大阪府	大阪府 鴻池新田駅	https://tabelog.com/osaka/A2707/A270704/27054613/	ラーメン	ramen_west	ラーメン WEST	1	https://award.tabelog.com/hyakumeiten/ramen_west/2020
27007813	自己流ラーメン綿麺	大阪府	大阪府 松原市	https://tabelog.com/osaka/A2708/A270801/27007813/	ラーメン	ramen_west	ラーメン WEST	1	https://award.tabelog.com/hyakumeiten/ramen_west/2020
29007675	麺屋NOROMA	奈良県	奈良県 奈良市	https://tabelog.com/nara/A2901/A290101/29007675/	ラーメン	ramen_west	ラーメン WEST	1	https://award.tabelog.com/hyakumeiten/ramen_west/2020
25000362	ラーメンにっこう	滋賀県	滋賀県 彦根市	https://tabelog.com/shiga/A2503/A250303/25000362/	ラーメン	ramen_west	ラーメン WEST	1	https://award.tabelog.com/hyakumeiten/ramen_west/2020
26000791	新福菜館 本店	京都府	京都府 京都駅	https://tabelog.com/kyoto/A2601/A260101/26000791/	ラーメン	ramen_west	ラーメン WEST	1	https://award.tabelog.com/hyakumeiten/ramen_west/2020
27082568	桐麺 本店	大阪府	大阪府 神崎川駅	https://tabelog.com/osaka/A2701/A270302/27082568/	ラーメン	ramen_west	ラーメン WEST	1	https://award.tabelog.com/hyakumeiten/ramen_west/2020
27015801	とんぴととりの光龍益	大阪府	大阪府 桜ノ宮駅	https://tabelog.com/osaka/A2701/A270304/27015801/	ラーメン	ramen_west	ラーメン WEST	1	https://award.tabelog.com/hyakumeiten/ramen_west/2020
27058724	三谷製麺所 鶴橋店	大阪府	大阪府 鶴橋駅	https://tabelog.com/osaka/A2701/A270306/27058724/	ラーメン	ramen_west	ラーメン WEST	1	https://award.tabelog.com/hyakumeiten/ramen_west/2020
26000827	新宿めんや風花	京都府	京都府 四条（京都市営）駅	https://tabelog.com/kyoto/A2601/A260201/26000827/	ラーメン	ramen_west	ラーメン WEST	1	https://award.tabelog.com/hyakumeiten/ramen_west/2020
27091454	燃えよ麺助	大阪府	大阪府 福島駅	https://tabelog.com/osaka/A2701/A270108/27091454/	ラーメン	ramen_west	ラーメン WEST	1	https://award.tabelog.com/hyakumeiten/ramen_west/2020
26029285	麺屋 さん田	京都府	京都府 西院（阪急）駅	https://tabelog.com/kyoto/A2601/A260401/26029285/	ラーメン	ramen_west	ラーメン WEST	1	https://award.tabelog.com/hyakumeiten/ramen_west/2020
27052471	麺一盃	大阪府	大阪府 塚本駅	https://tabelog.com/osaka/A2701/A270302/27052471/	ラーメン	ramen_west	ラーメン WEST	1	https://award.tabelog.com/hyakumeiten/ramen_west/2020
26000873	本家 第一旭 たかばし本店	京都府	京都府 京都駅	https://tabelog.com/kyoto/A2601/A260101/26000873/	ラーメン	ramen_west	ラーメン WEST	1	https://award.tabelog.com/hyakumeiten/ramen_west/2020
27082989	中華そば ムタヒロ 大阪福島店	大阪府	大阪府 福島駅	https://tabelog.com/osaka/A2701/A270108/27082989/	ラーメン	ramen_west	ラーメン WEST	1	https://award.tabelog.com/hyakumeiten/ramen_west/2020
26008681	山崎麺二郎	京都府	京都府 円町駅	https://tabelog.com/kyoto/A2601/A260501/26008681/	ラーメン	ramen_west	ラーメン WEST	1	https://award.tabelog.com/hyakumeiten/ramen_west/2020
16001104	貧瞋癡	富山県	富山県 氷見市	https://tabelog.com/toyama/A1604/A160402/16001104/	ラーメン	ramen_west	ラーメン WEST	1	https://award.tabelog.com/hyakumeiten/ramen_west/2020
27078739	麺匠而今	大阪府	大阪府 滝井駅	https://tabelog.com/osaka/A2707/A270701/27078739/	ラーメン	ramen_west	ラーメン WEST	1	https://award.tabelog.com/hyakumeiten/ramen_west/2020
28040621	担担麺専門店 DAN DAN NOODLES. ENISHI	兵庫県	兵庫県 岩屋駅	https://tabelog.com/hyogo/A2801/A280103/28040621/	ラーメン	ramen_west	ラーメン WEST	1	https://award.tabelog.com/hyakumeiten/ramen_west/2020
27003232	らーめん弥七	大阪府	大阪府 中津（大阪メトロ）駅	https://tabelog.com/osaka/A2701/A270101/27003232/	ラーメン	ramen_west	ラーメン WEST	1	https://award.tabelog.com/hyakumeiten/ramen_west/2020
27053626	中華そば 無限	大阪府	大阪府 海老江駅	https://tabelog.com/osaka/A2701/A270108/27053626/	ラーメン	ramen_west	ラーメン WEST	1	https://award.tabelog.com/hyakumeiten/ramen_west/2020
27058993	烈志笑魚油 麺香房 三く	大阪府	大阪府 新福島駅	https://tabelog.com/osaka/A2701/A270108/27058993/	ラーメン	ramen_west	ラーメン WEST	1	https://award.tabelog.com/hyakumeiten/ramen_west/2020
26030760	自家製麺と自然派食材　晴耕雨読	京都府	京都府 宇治（ＪＲ）駅	https://tabelog.com/kyoto/A2607/A260701/26030760/	ラーメン	ramen_west	ラーメン WEST	1	https://award.tabelog.com/hyakumeiten/ramen_west/2020
27052519	かしや	大阪府	大阪府 玉出駅	https://tabelog.com/osaka/A2701/A270406/27052519/	ラーメン	ramen_west	ラーメン WEST	1	https://award.tabelog.com/hyakumeiten/ramen_west/2020
26017870	麺屋 極鶏	京都府	京都府 一乗寺駅	https://tabelog.com/kyoto/A2601/A260303/26017870/	ラーメン	ramen_west	ラーメン WEST	1	https://award.tabelog.com/hyakumeiten/ramen_west/2020
27093539	極汁美麺 umami	大阪府	大阪府 河内小阪駅	https://tabelog.com/osaka/A2707/A270703/27093539/	ラーメン	ramen_west	ラーメン WEST	1	https://award.tabelog.com/hyakumeiten/ramen_west/2020
27101904	いかれたヌードル フィッシュトンズ	大阪府	大阪府 西大橋駅	https://tabelog.com/osaka/A2701/A270201/27101904/	ラーメン	ramen_west	ラーメン WEST	1	https://award.tabelog.com/hyakumeiten/ramen_west/2020
27004096	麺哲 豊中	大阪府	大阪府 豊中駅	https://tabelog.com/osaka/A2706/A270601/27004096/	ラーメン	ramen_west	ラーメン WEST	1	https://award.tabelog.com/hyakumeiten/ramen_west/2020
27077402	世界一暇なラーメン屋	大阪府	大阪府 渡辺橋駅	https://tabelog.com/osaka/A2701/A270102/27077402/	ラーメン	ramen_west	ラーメン WEST	1	https://award.tabelog.com/hyakumeiten/ramen_west/2020
27086371	鶏Soba 座銀 にぼし店	大阪府	大阪府 心斎橋駅	https://tabelog.com/osaka/A2701/A270201/27086371/	ラーメン	ramen_west	ラーメン WEST	1	https://award.tabelog.com/hyakumeiten/ramen_west/2020
28040893	ロックンビリーS1	兵庫県	兵庫県 塚口（ＪＲ）駅	https://tabelog.com/hyogo/A2803/A280304/28040893/	ラーメン	ramen_west	ラーメン WEST	1	https://award.tabelog.com/hyakumeiten/ramen_west/2020
27079112	鶏 soba 座銀 本店	大阪府	大阪府 肥後橋駅	https://tabelog.com/osaka/A2701/A270102/27079112/	ラーメン	ramen_west	ラーメン WEST	1	https://award.tabelog.com/hyakumeiten/ramen_west/2020
27074457	ストライク軒	大阪府	大阪府 天神橋筋六丁目駅	https://tabelog.com/osaka/A2701/A270103/27074457/	ラーメン	ramen_west	ラーメン WEST	1	https://award.tabelog.com/hyakumeiten/ramen_west/2020
27040424	時屋	大阪府	大阪府 西中島南方駅	https://tabelog.com/osaka/A2701/A270301/27040424/	ラーメン	ramen_west	ラーメン WEST	1	https://award.tabelog.com/hyakumeiten/ramen_west/2020
27077641	ふく流らーめん 轍 本町本店	大阪府	大阪府 本町駅	https://tabelog.com/osaka/A2701/A270106/27077641/	ラーメン	ramen_west	ラーメン WEST	1	https://award.tabelog.com/hyakumeiten/ramen_west/2020
27050596	らーめんstyle JUNK STORY 本店	大阪府	大阪府 谷町九丁目駅	https://tabelog.com/osaka/A2701/A270205/27050596/	ラーメン	ramen_west	ラーメン WEST	1	https://award.tabelog.com/hyakumeiten/ramen_west/2020
27060153	手打ち麺 やす田	大阪府	大阪府 新大阪駅	https://tabelog.com/osaka/A2701/A270301/27060153/	ラーメン	ramen_west	ラーメン WEST	1	https://award.tabelog.com/hyakumeiten/ramen_west/2020
27005006	無鉄砲  大阪店	大阪府	大阪府 今宮戎駅	https://tabelog.com/osaka/A2701/A270206/27005006/	ラーメン	ramen_west	ラーメン WEST	1	https://award.tabelog.com/hyakumeiten/ramen_west/2020
27083921	らーめん颯人	大阪府	大阪府 南森町駅	https://tabelog.com/osaka/A2701/A270103/27083921/	ラーメン	ramen_west	ラーメン WEST	1	https://award.tabelog.com/hyakumeiten/ramen_west/2020
27059500	麺屋彩々 昭和町本店	大阪府	大阪府 昭和町駅	https://tabelog.com/osaka/A2701/A270203/27059500/	ラーメン	ramen_west	ラーメン WEST	1	https://award.tabelog.com/hyakumeiten/ramen_west/2020
27077480	らーめん鱗 茨木店	大阪府	大阪府 茨木市駅	https://tabelog.com/osaka/A2706/A270604/27077480/	ラーメン	ramen_west	ラーメン WEST	1	https://award.tabelog.com/hyakumeiten/ramen_west/2020
29006955	麺処 と市	奈良県	奈良県 橿原市	https://tabelog.com/nara/A2903/A290302/29006955/	ラーメン	ramen_west	ラーメン WEST	1	https://award.tabelog.com/hyakumeiten/ramen_west/2020
27000534	洛二神	大阪府	大阪府 天神橋筋六丁目駅	https://tabelog.com/osaka/A2701/A270103/27000534/	ラーメン	ramen_west	ラーメン WEST	1	https://award.tabelog.com/hyakumeiten/ramen_west/2020
27104891	麦と麺助 新梅田中津店	大阪府	大阪府 中津（大阪メトロ）駅	https://tabelog.com/osaka/A2701/A270101/27104891/	ラーメン	ramen_west	ラーメン WEST	1	https://award.tabelog.com/hyakumeiten/ramen_west/2020
27080479	大阪麺哲	大阪府	大阪府 東梅田駅	https://tabelog.com/osaka/A2701/A270101/27080479/	ラーメン	ramen_west	ラーメン WEST	1	https://award.tabelog.com/hyakumeiten/ramen_west/2020
27002613	博多とんこつ 天神旗	大阪府	大阪府 上新庄駅	https://tabelog.com/osaka/A2701/A270307/27002613/	ラーメン	ramen_west	ラーメン WEST	1	https://award.tabelog.com/hyakumeiten/ramen_west/2020
27073370	ラーメン坊也哲	大阪府	大阪府 若江岩田駅	https://tabelog.com/osaka/A2707/A270703/27073370/	ラーメン	ramen_west	ラーメン WEST	1	https://award.tabelog.com/hyakumeiten/ramen_west/2020
26023737	あいつのラーメン かたぐるま	京都府	京都府 丹波口駅	https://tabelog.com/kyoto/A2601/A260203/26023737/	ラーメン	ramen_west	ラーメン WEST	1	https://award.tabelog.com/hyakumeiten/ramen_west/2020
37000174	はまんど	香川県	香川県 三豊市	https://tabelog.com/kagawa/A3703/A370303/37000174/	ラーメン	ramen_west	ラーメン WEST	1	https://award.tabelog.com/hyakumeiten/ramen_west/2020
26002160	無鉄砲 本店	京都府	京都府 木津川市	https://tabelog.com/kyoto/A2607/A260705/26002160/	ラーメン	ramen_west	ラーメン WEST	1	https://award.tabelog.com/hyakumeiten/ramen_west/2020
27072629	麺と心 7	大阪府	大阪府 阿倍野駅	https://tabelog.com/osaka/A2701/A270203/27072629/	ラーメン	ramen_west	ラーメン WEST	1	https://award.tabelog.com/hyakumeiten/ramen_west/2020
28022134	がふうあん	兵庫県	兵庫県 伊丹（阪急）駅	https://tabelog.com/hyogo/A2803/A280306/28022134/	ラーメン	ramen_west	ラーメン WEST	1	https://award.tabelog.com/hyakumeiten/ramen_west/2020
29001411	がむしゃら 奈良	奈良県	奈良県 大和郡山市	https://tabelog.com/nara/A2902/A290202/29001411/	ラーメン	ramen_west	ラーメン WEST	1	https://award.tabelog.com/hyakumeiten/ramen_west/2020
27061126	中華そば 閃	大阪府	大阪府 あびこ駅	https://tabelog.com/osaka/A2701/A270404/27061126/	ラーメン	ramen_west	ラーメン WEST	1	https://award.tabelog.com/hyakumeiten/ramen_west/2020
13041161	うさぎや 中央通り店	東京都	東京都 日本橋駅	https://tabelog.com/tokyo/A1302/A130202/13041161/	スイーツ	sweets_tokyo	スイーツ TOKYO	1	https://award.tabelog.com/hyakumeiten/sweets_tokyo/2020
13011481	日本橋 長門	東京都	東京都 日本橋駅	https://tabelog.com/tokyo/A1302/A130202/13011481/	スイーツ	sweets_tokyo	スイーツ TOKYO	1	https://award.tabelog.com/hyakumeiten/sweets_tokyo/2020
13043939	ラ・ヴィエイユ・フランス 本店	東京都	東京都 千歳烏山駅	https://tabelog.com/tokyo/A1318/A131809/13043939/	スイーツ	sweets_tokyo	スイーツ TOKYO	1	https://award.tabelog.com/hyakumeiten/sweets_tokyo/2020
13003855	志むら	東京都	東京都 目白駅	https://tabelog.com/tokyo/A1305/A130502/13003855/	スイーツ	sweets_tokyo	スイーツ TOKYO	1	https://award.tabelog.com/hyakumeiten/sweets_tokyo/2020
13000036	ラ･メゾン･デュ･ショコラ 丸の内店	東京都	東京都 有楽町駅	https://tabelog.com/tokyo/A1301/A130102/13000036/	スイーツ	sweets_tokyo	スイーツ TOKYO	1	https://award.tabelog.com/hyakumeiten/sweets_tokyo/2020
13126796	ひみつ堂	東京都	東京都 千駄木駅	https://tabelog.com/tokyo/A1311/A131106/13126796/	スイーツ	sweets_tokyo	スイーツ TOKYO	1	https://award.tabelog.com/hyakumeiten/sweets_tokyo/2020
13003655	亀十	東京都	東京都 浅草（東武・都営・メトロ）駅	https://tabelog.com/tokyo/A1311/A131102/13003655/	スイーツ	sweets_tokyo	スイーツ TOKYO	1	https://award.tabelog.com/hyakumeiten/sweets_tokyo/2020
13009255	すずめや	東京都	東京都 池袋駅	https://tabelog.com/tokyo/A1305/A130501/13009255/	スイーツ	sweets_tokyo	スイーツ TOKYO	1	https://award.tabelog.com/hyakumeiten/sweets_tokyo/2020
13001154	瑞穂	東京都	東京都 明治神宮前駅	https://tabelog.com/tokyo/A1306/A130601/13001154/	スイーツ	sweets_tokyo	スイーツ TOKYO	1	https://award.tabelog.com/hyakumeiten/sweets_tokyo/2020
13000731	うさぎや	東京都	東京都 阿佐ケ谷駅	https://tabelog.com/tokyo/A1319/A131905/13000731/	スイーツ	sweets_tokyo	スイーツ TOKYO	1	https://award.tabelog.com/hyakumeiten/sweets_tokyo/2020
13140735	アステリスク	東京都	東京都 代々木上原駅	https://tabelog.com/tokyo/A1318/A131811/13140735/	スイーツ	sweets_tokyo	スイーツ TOKYO	1	https://award.tabelog.com/hyakumeiten/sweets_tokyo/2020
13047005	パティスリーサロン・ドゥ・テ アミティエ	東京都	東京都 神楽坂駅	https://tabelog.com/tokyo/A1309/A130905/13047005/	スイーツ	sweets_tokyo	スイーツ TOKYO	1	https://award.tabelog.com/hyakumeiten/sweets_tokyo/2020
13203619	レ・カカオ	東京都	東京都 五反田駅	https://tabelog.com/tokyo/A1316/A131603/13203619/	スイーツ	sweets_tokyo	スイーツ TOKYO	1	https://award.tabelog.com/hyakumeiten/sweets_tokyo/2020
13038473	ショコラティエ パレ ド オール 東京	東京都	東京都 大手町駅	https://tabelog.com/tokyo/A1302/A130201/13038473/	スイーツ	sweets_tokyo	スイーツ TOKYO	1	https://award.tabelog.com/hyakumeiten/sweets_tokyo/2020
13198490	ラ・プレシューズ 紀尾井町店	東京都	東京都 永田町駅	https://tabelog.com/tokyo/A1308/A130801/13198490/	スイーツ	sweets_tokyo	スイーツ TOKYO	1	https://award.tabelog.com/hyakumeiten/sweets_tokyo/2020
13003793	草月	東京都	東京都 東十条駅	https://tabelog.com/tokyo/A1323/A132304/13003793/	スイーツ	sweets_tokyo	スイーツ TOKYO	1	https://award.tabelog.com/hyakumeiten/sweets_tokyo/2020
13026096	たいやき ひいらぎ	東京都	東京都 恵比寿駅	https://tabelog.com/tokyo/A1303/A130302/13026096/	スイーツ	sweets_tokyo	スイーツ TOKYO	1	https://award.tabelog.com/hyakumeiten/sweets_tokyo/2020
13167993	廚 菓子 くろぎ	東京都	東京都 本郷三丁目駅	https://tabelog.com/tokyo/A1310/A131004/13167993/	スイーツ	sweets_tokyo	スイーツ TOKYO	1	https://award.tabelog.com/hyakumeiten/sweets_tokyo/2020
13096439	エシレ・メゾン デュ ブール	東京都	東京都 二重橋前駅	https://tabelog.com/tokyo/A1302/A130201/13096439/	スイーツ	sweets_tokyo	スイーツ TOKYO	1	https://award.tabelog.com/hyakumeiten/sweets_tokyo/2020
13116839	フレデリック カッセル 銀座三越	東京都	東京都 銀座駅	https://tabelog.com/tokyo/A1301/A130101/13116839/	スイーツ	sweets_tokyo	スイーツ TOKYO	1	https://award.tabelog.com/hyakumeiten/sweets_tokyo/2020
13189509	PATISSERIE ASAKO IWAYANAGI	東京都	東京都 等々力駅	https://tabelog.com/tokyo/A1317/A131715/13189509/	スイーツ	sweets_tokyo	スイーツ TOKYO	1	https://award.tabelog.com/hyakumeiten/sweets_tokyo/2020
13003218	ちもと	東京都	東京都 都立大学駅	https://tabelog.com/tokyo/A1317/A131702/13003218/	スイーツ	sweets_tokyo	スイーツ TOKYO	1	https://award.tabelog.com/hyakumeiten/sweets_tokyo/2020
13018799	パティスリー・スリール	東京都	東京都 祐天寺駅	https://tabelog.com/tokyo/A1317/A131701/13018799/	スイーツ	sweets_tokyo	スイーツ TOKYO	1	https://award.tabelog.com/hyakumeiten/sweets_tokyo/2020
13156812	和kitchen かんな	東京都	東京都 三軒茶屋駅	https://tabelog.com/tokyo/A1317/A131706/13156812/	スイーツ	sweets_tokyo	スイーツ TOKYO	1	https://award.tabelog.com/hyakumeiten/sweets_tokyo/2020
13000178	パティスリー SATSUKI	東京都	東京都 麹町駅	https://tabelog.com/tokyo/A1308/A130803/13000178/	スイーツ	sweets_tokyo	スイーツ TOKYO	1	https://award.tabelog.com/hyakumeiten/sweets_tokyo/2020
13000478	紀の善	東京都	東京都 飯田橋駅	https://tabelog.com/tokyo/A1309/A130905/13000478/	スイーツ	sweets_tokyo	スイーツ TOKYO	1	https://award.tabelog.com/hyakumeiten/sweets_tokyo/2020
13005076	一幸庵	東京都	東京都 茗荷谷駅	https://tabelog.com/tokyo/A1323/A132302/13005076/	スイーツ	sweets_tokyo	スイーツ TOKYO	1	https://award.tabelog.com/hyakumeiten/sweets_tokyo/2020
13141364	ジェラテリア アクオリーナ	東京都	東京都 祐天寺駅	https://tabelog.com/tokyo/A1317/A131701/13141364/	スイーツ	sweets_tokyo	スイーツ TOKYO	1	https://award.tabelog.com/hyakumeiten/sweets_tokyo/2020
13003599	うさぎや	東京都	東京都 上野広小路駅	https://tabelog.com/tokyo/A1311/A131101/13003599/	スイーツ	sweets_tokyo	スイーツ TOKYO	1	https://award.tabelog.com/hyakumeiten/sweets_tokyo/2020
13002775	浪花家総本店	東京都	東京都 麻布十番駅	https://tabelog.com/tokyo/A1307/A130702/13002775/	スイーツ	sweets_tokyo	スイーツ TOKYO	1	https://award.tabelog.com/hyakumeiten/sweets_tokyo/2020
13160987	リベルターブル 赤坂店	東京都	東京都 赤坂駅	https://tabelog.com/tokyo/A1308/A130801/13160987/	スイーツ	sweets_tokyo	スイーツ TOKYO	1	https://award.tabelog.com/hyakumeiten/sweets_tokyo/2020
13000848	たいやき わかば	東京都	東京都 四ツ谷駅	https://tabelog.com/tokyo/A1309/A130902/13000848/	スイーツ	sweets_tokyo	スイーツ TOKYO	1	https://award.tabelog.com/hyakumeiten/sweets_tokyo/2020
13118933	ロートンヌ 中野店	東京都	東京都 新江古田駅	https://tabelog.com/tokyo/A1321/A132101/13118933/	スイーツ	sweets_tokyo	スイーツ TOKYO	1	https://award.tabelog.com/hyakumeiten/sweets_tokyo/2020
13001912	パティスリー イル・プルー・シュル・ラ・セーヌ	東京都	東京都 代官山駅	https://tabelog.com/tokyo/A1303/A130303/13001912/	スイーツ	sweets_tokyo	スイーツ TOKYO	1	https://award.tabelog.com/hyakumeiten/sweets_tokyo/2020
13186450	アヴランシュ・ゲネー	東京都	東京都 春日駅	https://tabelog.com/tokyo/A1310/A131004/13186450/	スイーツ	sweets_tokyo	スイーツ TOKYO	1	https://award.tabelog.com/hyakumeiten/sweets_tokyo/2020
13097078	ホレンディッシェ・カカオシュトゥーベ 新宿伊勢丹店	東京都	東京都 新宿三丁目駅	https://tabelog.com/tokyo/A1304/A130401/13097078/	スイーツ	sweets_tokyo	スイーツ TOKYO	1	https://award.tabelog.com/hyakumeiten/sweets_tokyo/2020
13002756	ツッカベッカライ カヤヌマ	東京都	東京都 溜池山王駅	https://tabelog.com/tokyo/A1308/A130802/13002756/	スイーツ	sweets_tokyo	スイーツ TOKYO	1	https://award.tabelog.com/hyakumeiten/sweets_tokyo/2020
13003221	モンサンクレール	東京都	東京都 自由が丘駅	https://tabelog.com/tokyo/A1317/A131703/13003221/	スイーツ	sweets_tokyo	スイーツ TOKYO	1	https://award.tabelog.com/hyakumeiten/sweets_tokyo/2020
13005853	アテスウェイ	東京都	東京都 西荻窪駅	https://tabelog.com/tokyo/A1320/A132001/13005853/	スイーツ	sweets_tokyo	スイーツ TOKYO	1	https://award.tabelog.com/hyakumeiten/sweets_tokyo/2020
13095672	フルーツパーラーゴトー	東京都	東京都 浅草（つくばＥＸＰ）駅	https://tabelog.com/tokyo/A1311/A131102/13095672/	スイーツ	sweets_tokyo	スイーツ TOKYO	1	https://award.tabelog.com/hyakumeiten/sweets_tokyo/2020
13008769	だるまや餅菓子店	東京都	東京都 十条駅	https://tabelog.com/tokyo/A1323/A132304/13008769/	スイーツ	sweets_tokyo	スイーツ TOKYO	1	https://award.tabelog.com/hyakumeiten/sweets_tokyo/2020
13032289	パティスリィ ドゥ・ボン・クーフゥ 武蔵小山本店	東京都	東京都 武蔵小山駅	https://tabelog.com/tokyo/A1317/A131710/13032289/	スイーツ	sweets_tokyo	スイーツ TOKYO	1	https://award.tabelog.com/hyakumeiten/sweets_tokyo/2020
13019733	パティスリー タダシ ヤナギ 八雲店	東京都	東京都 都立大学駅	https://tabelog.com/tokyo/A1317/A131702/13019733/	スイーツ	sweets_tokyo	スイーツ TOKYO	1	https://award.tabelog.com/hyakumeiten/sweets_tokyo/2020
13035194	パティスリー カーヴァンソン	東京都	東京都 飯田橋駅	https://tabelog.com/tokyo/A1309/A130905/13035194/	スイーツ	sweets_tokyo	スイーツ TOKYO	1	https://award.tabelog.com/hyakumeiten/sweets_tokyo/2020
13199223	ラトリエ モトゾー	東京都	東京都 池尻大橋駅	https://tabelog.com/tokyo/A1317/A131705/13199223/	スイーツ	sweets_tokyo	スイーツ TOKYO	1	https://award.tabelog.com/hyakumeiten/sweets_tokyo/2020
13006765	フルーツパーラーフクナガ	東京都	東京都 四谷三丁目駅	https://tabelog.com/tokyo/A1309/A130903/13006765/	スイーツ	sweets_tokyo	スイーツ TOKYO	1	https://award.tabelog.com/hyakumeiten/sweets_tokyo/2020
13153384	ナタ・デ・クリスチアノ	東京都	東京都 代々木公園駅	https://tabelog.com/tokyo/A1318/A131810/13153384/	スイーツ	sweets_tokyo	スイーツ TOKYO	1	https://award.tabelog.com/hyakumeiten/sweets_tokyo/2020
13056677	フルーツカフェ フルータス	東京都	東京都 門前仲町駅	https://tabelog.com/tokyo/A1313/A131303/13056677/	スイーツ	sweets_tokyo	スイーツ TOKYO	1	https://award.tabelog.com/hyakumeiten/sweets_tokyo/2020
13137010	パティスリー リョーコ	東京都	東京都 高輪台駅	https://tabelog.com/tokyo/A1316/A131603/13137010/	スイーツ	sweets_tokyo	スイーツ TOKYO	1	https://award.tabelog.com/hyakumeiten/sweets_tokyo/2020
13110008	マテリエル	東京都	東京都 大山駅	https://tabelog.com/tokyo/A1322/A132203/13110008/	スイーツ	sweets_tokyo	スイーツ TOKYO	1	https://award.tabelog.com/hyakumeiten/sweets_tokyo/2020
13023466	ハリッツ 上原店	東京都	東京都 代々木上原駅	https://tabelog.com/tokyo/A1318/A131811/13023466/	スイーツ	sweets_tokyo	スイーツ TOKYO	1	https://award.tabelog.com/hyakumeiten/sweets_tokyo/2020
13003250	うさぎや 本店	東京都	東京都 日本橋駅	https://tabelog.com/tokyo/A1302/A130202/13003250/	スイーツ	sweets_tokyo	スイーツ TOKYO	1	https://award.tabelog.com/hyakumeiten/sweets_tokyo/2020
13005891	レピキュリアン	東京都	東京都 吉祥寺駅	https://tabelog.com/tokyo/A1320/A132001/13005891/	スイーツ	sweets_tokyo	スイーツ TOKYO	1	https://award.tabelog.com/hyakumeiten/sweets_tokyo/2020
13181654	オーボンヴュータン 尾山台店	東京都	東京都 尾山台駅	https://tabelog.com/tokyo/A1317/A131715/13181654/	スイーツ	sweets_tokyo	スイーツ TOKYO	1	https://award.tabelog.com/hyakumeiten/sweets_tokyo/2020
13047298	フランス菓子 パティシエ ショコラティエ イナムラショウゾウ	東京都	東京都 日暮里駅	https://tabelog.com/tokyo/A1311/A131105/13047298/	スイーツ	sweets_tokyo	スイーツ TOKYO	1	https://award.tabelog.com/hyakumeiten/sweets_tokyo/2020
13130539	和栗や 谷中店	東京都	東京都 千駄木駅	https://tabelog.com/tokyo/A1311/A131106/13130539/	スイーツ	sweets_tokyo	スイーツ TOKYO	1	https://award.tabelog.com/hyakumeiten/sweets_tokyo/2020
13008691	千葉屋	東京都	東京都 浅草（つくばＥＸＰ）駅	https://tabelog.com/tokyo/A1311/A131102/13008691/	スイーツ	sweets_tokyo	スイーツ TOKYO	1	https://award.tabelog.com/hyakumeiten/sweets_tokyo/2020
13136823	アトリエコータ 神楽坂店	東京都	東京都 神楽坂駅	https://tabelog.com/tokyo/A1309/A130905/13136823/	スイーツ	sweets_tokyo	スイーツ TOKYO	1	https://award.tabelog.com/hyakumeiten/sweets_tokyo/2020
13155288	ホットケーキパーラー フルフル 赤坂店	東京都	東京都 赤坂駅	https://tabelog.com/tokyo/A1308/A130801/13155288/	スイーツ	sweets_tokyo	スイーツ TOKYO	1	https://award.tabelog.com/hyakumeiten/sweets_tokyo/2020
13037382	Toshi Yoroizuka Mid Town	東京都	東京都 六本木駅	https://tabelog.com/tokyo/A1307/A130701/13037382/	スイーツ	sweets_tokyo	スイーツ TOKYO	1	https://award.tabelog.com/hyakumeiten/sweets_tokyo/2020
13008698	梅むら	東京都	東京都 浅草（つくばＥＸＰ）駅	https://tabelog.com/tokyo/A1311/A131102/13008698/	スイーツ	sweets_tokyo	スイーツ TOKYO	1	https://award.tabelog.com/hyakumeiten/sweets_tokyo/2020
13149501	パティスリー レザネフォール 恵比寿本店	東京都	東京都 代官山駅	https://tabelog.com/tokyo/A1303/A130302/13149501/	スイーツ	sweets_tokyo	スイーツ TOKYO	1	https://award.tabelog.com/hyakumeiten/sweets_tokyo/2020
13213772	清寿軒	東京都	東京都 小伝馬町駅	https://tabelog.com/tokyo/A1302/A130204/13213772/	スイーツ	sweets_tokyo	スイーツ TOKYO	1	https://award.tabelog.com/hyakumeiten/sweets_tokyo/2020
13039525	パティスリー カカオエット・パリ	東京都	東京都 中目黒駅	https://tabelog.com/tokyo/A1317/A131701/13039525/	スイーツ	sweets_tokyo	スイーツ TOKYO	1	https://award.tabelog.com/hyakumeiten/sweets_tokyo/2020
13125138	スタイルズケイクス＆カンパニー	東京都	東京都 神保町駅	https://tabelog.com/tokyo/A1310/A131003/13125138/	スイーツ	sweets_tokyo	スイーツ TOKYO	1	https://award.tabelog.com/hyakumeiten/sweets_tokyo/2020
13002850	西洋菓子 しろたえ	東京都	東京都 赤坂見附駅	https://tabelog.com/tokyo/A1308/A130801/13002850/	スイーツ	sweets_tokyo	スイーツ TOKYO	1	https://award.tabelog.com/hyakumeiten/sweets_tokyo/2020
13023670	オーボンヴュータン 日本橋高島屋店	東京都	東京都 日本橋駅	https://tabelog.com/tokyo/A1302/A130202/13023670/	スイーツ	sweets_tokyo	スイーツ TOKYO	1	https://award.tabelog.com/hyakumeiten/sweets_tokyo/2020
13155662	パティスリー ユウ ササゲ	東京都	東京都 千歳烏山駅	https://tabelog.com/tokyo/A1318/A131809/13155662/	スイーツ	sweets_tokyo	スイーツ TOKYO	1	https://award.tabelog.com/hyakumeiten/sweets_tokyo/2020
13023168	アルカション	東京都	東京都 保谷駅	https://tabelog.com/tokyo/A1328/A132801/13023168/	スイーツ	sweets_tokyo	スイーツ TOKYO	1	https://award.tabelog.com/hyakumeiten/sweets_tokyo/2020
13009563	北斎茶房	東京都	東京都 錦糸町駅	https://tabelog.com/tokyo/A1312/A131201/13009563/	スイーツ	sweets_tokyo	スイーツ TOKYO	1	https://award.tabelog.com/hyakumeiten/sweets_tokyo/2020
13005624	ラ・ファミーユ	東京都	東京都 池袋駅	https://tabelog.com/tokyo/A1305/A130501/13005624/	スイーツ	sweets_tokyo	スイーツ TOKYO	1	https://award.tabelog.com/hyakumeiten/sweets_tokyo/2020
13171753	アディクト オ シュクル	東京都	東京都 都立大学駅	https://tabelog.com/tokyo/A1317/A131702/13171753/	スイーツ	sweets_tokyo	スイーツ TOKYO	1	https://award.tabelog.com/hyakumeiten/sweets_tokyo/2020
13003097	パーラー ローレル	東京都	東京都 九品仏駅	https://tabelog.com/tokyo/A1317/A131715/13003097/	スイーツ	sweets_tokyo	スイーツ TOKYO	1	https://award.tabelog.com/hyakumeiten/sweets_tokyo/2020
13000627	御菓子処 さゝま	東京都	東京都 神保町駅	https://tabelog.com/tokyo/A1310/A131003/13000627/	スイーツ	sweets_tokyo	スイーツ TOKYO	1	https://award.tabelog.com/hyakumeiten/sweets_tokyo/2020
13022189	たちばな	東京都	東京都 新橋駅	https://tabelog.com/tokyo/A1301/A130103/13022189/	スイーツ	sweets_tokyo	スイーツ TOKYO	1	https://award.tabelog.com/hyakumeiten/sweets_tokyo/2020
13002285	イデミスギノ	東京都	東京都 京橋駅	https://tabelog.com/tokyo/A1302/A130202/13002285/	スイーツ	sweets_tokyo	スイーツ TOKYO	1	https://award.tabelog.com/hyakumeiten/sweets_tokyo/2020
13164533	チリムーロ	東京都	東京都 代官山駅	https://tabelog.com/tokyo/A1303/A130301/13164533/	スイーツ	sweets_tokyo	スイーツ TOKYO	1	https://award.tabelog.com/hyakumeiten/sweets_tokyo/2020
13133033	パティスリー ジュンウジタ	東京都	東京都 都立大学駅	https://tabelog.com/tokyo/A1317/A131702/13133033/	スイーツ	sweets_tokyo	スイーツ TOKYO	1	https://award.tabelog.com/hyakumeiten/sweets_tokyo/2020
13024643	ケンズカフェ東京	東京都	東京都 新宿御苑前駅	https://tabelog.com/tokyo/A1304/A130402/13024643/	スイーツ	sweets_tokyo	スイーツ TOKYO	1	https://award.tabelog.com/hyakumeiten/sweets_tokyo/2020
13007137	松島屋	東京都	東京都 泉岳寺駅	https://tabelog.com/tokyo/A1314/A131403/13007137/	スイーツ	sweets_tokyo	スイーツ TOKYO	1	https://award.tabelog.com/hyakumeiten/sweets_tokyo/2020
13002591	空也	東京都	東京都 銀座駅	https://tabelog.com/tokyo/A1301/A130101/13002591/	スイーツ	sweets_tokyo	スイーツ TOKYO	1	https://award.tabelog.com/hyakumeiten/sweets_tokyo/2020
13077927	クリオロ 中目黒店	東京都	東京都 中目黒駅	https://tabelog.com/tokyo/A1317/A131701/13077927/	スイーツ	sweets_tokyo	スイーツ TOKYO	1	https://award.tabelog.com/hyakumeiten/sweets_tokyo/2020
13005641	エーグルドゥース	東京都	東京都 目白駅	https://tabelog.com/tokyo/A1305/A130502/13005641/	スイーツ	sweets_tokyo	スイーツ TOKYO	1	https://award.tabelog.com/hyakumeiten/sweets_tokyo/2020
13120735	浅草浪花家	東京都	東京都 浅草（つくばＥＸＰ）駅	https://tabelog.com/tokyo/A1311/A131102/13120735/	スイーツ	sweets_tokyo	スイーツ TOKYO	1	https://award.tabelog.com/hyakumeiten/sweets_tokyo/2020
13194959	クリオロ 東京本店	東京都	東京都 小竹向原駅	https://tabelog.com/tokyo/A1322/A132202/13194959/	スイーツ	sweets_tokyo	スイーツ TOKYO	1	https://award.tabelog.com/hyakumeiten/sweets_tokyo/2020
13108556	ジェラテリア シンチェリータ	東京都	東京都 阿佐ケ谷駅	https://tabelog.com/tokyo/A1319/A131905/13108556/	スイーツ	sweets_tokyo	スイーツ TOKYO	1	https://award.tabelog.com/hyakumeiten/sweets_tokyo/2020
13003816	群林堂	東京都	東京都 護国寺駅	https://tabelog.com/tokyo/A1323/A132302/13003816/	スイーツ	sweets_tokyo	スイーツ TOKYO	1	https://award.tabelog.com/hyakumeiten/sweets_tokyo/2020
13183428	メゾン・ダーニ	東京都	東京都 白金高輪駅	https://tabelog.com/tokyo/A1316/A131602/13183428/	スイーツ	sweets_tokyo	スイーツ TOKYO	1	https://award.tabelog.com/hyakumeiten/sweets_tokyo/2020
13053865	ラデュレ サロン・ド・テ 銀座三越店	東京都	東京都 銀座駅	https://tabelog.com/tokyo/A1301/A130101/13053865/	スイーツ	sweets_tokyo	スイーツ TOKYO	1	https://award.tabelog.com/hyakumeiten/sweets_tokyo/2020
13188208	リョウラ	東京都	東京都 用賀駅	https://tabelog.com/tokyo/A1317/A131707/13188208/	スイーツ	sweets_tokyo	スイーツ TOKYO	1	https://award.tabelog.com/hyakumeiten/sweets_tokyo/2020
13100828	パティスリー ラブリコチエ	東京都	東京都 高円寺駅	https://tabelog.com/tokyo/A1319/A131904/13100828/	スイーツ	sweets_tokyo	スイーツ TOKYO	1	https://award.tabelog.com/hyakumeiten/sweets_tokyo/2020
13005198	パティスリー・パリセヴェイユ	東京都	東京都 自由が丘駅	https://tabelog.com/tokyo/A1317/A131703/13005198/	スイーツ	sweets_tokyo	スイーツ TOKYO	1	https://award.tabelog.com/hyakumeiten/sweets_tokyo/2020
13005967	ロートンヌ 秋津本店	東京都	東京都 新秋津駅	https://tabelog.com/tokyo/A1328/A132806/13005967/	スイーツ	sweets_tokyo	スイーツ TOKYO	1	https://award.tabelog.com/hyakumeiten/sweets_tokyo/2020
13051424	ア コテ パティスリー	東京都	東京都 白金台駅	https://tabelog.com/tokyo/A1316/A131602/13051424/	スイーツ	sweets_tokyo	スイーツ TOKYO	1	https://award.tabelog.com/hyakumeiten/sweets_tokyo/2020
13045491	パティスリー プレジール	東京都	東京都 西太子堂駅	https://tabelog.com/tokyo/A1317/A131706/13045491/	スイーツ	sweets_tokyo	スイーツ TOKYO	1	https://award.tabelog.com/hyakumeiten/sweets_tokyo/2020
13217253	アルノー・ラエール 広尾本店	東京都	東京都 広尾駅	https://tabelog.com/tokyo/A1307/A130703/13217253/	スイーツ	sweets_tokyo	スイーツ TOKYO	1	https://award.tabelog.com/hyakumeiten/sweets_tokyo/2020
13060521	フィオレンティーナ ペストリーブティック	東京都	東京都 六本木駅	https://tabelog.com/tokyo/A1307/A130701/13060521/	スイーツ	sweets_tokyo	スイーツ TOKYO	1	https://award.tabelog.com/hyakumeiten/sweets_tokyo/2020
13003065	柳屋	東京都	東京都 人形町駅	https://tabelog.com/tokyo/A1302/A130204/13003065/	スイーツ	sweets_tokyo	スイーツ TOKYO	1	https://award.tabelog.com/hyakumeiten/sweets_tokyo/2020
13050996	シュークリー	東京都	東京都 人形町駅	https://tabelog.com/tokyo/A1302/A130204/13050996/	スイーツ	sweets_tokyo	スイーツ TOKYO	1	https://award.tabelog.com/hyakumeiten/sweets_tokyo/2020
13005155	リュードパッシー	東京都	東京都 学芸大学駅	https://tabelog.com/tokyo/A1317/A131702/13005155/	スイーツ	sweets_tokyo	スイーツ TOKYO	1	https://award.tabelog.com/hyakumeiten/sweets_tokyo/2020
11035130	アングランパ	埼玉県	埼玉県 さいたま新都心駅	https://tabelog.com/saitama/A1101/A110101/11035130/	スイーツ	sweets_east	スイーツ EAST	1	https://award.tabelog.com/hyakumeiten/sweets_east/2020
23041407	パティスリー アン	愛知県	愛知県 稲沢市	https://tabelog.com/aichi/A2302/A230201/23041407/	スイーツ	sweets_east	スイーツ EAST	1	https://award.tabelog.com/hyakumeiten/sweets_east/2020
4000119	村上屋餅店	宮城県	宮城県 五橋駅	https://tabelog.com/miyagi/A0401/A040101/4000119/	スイーツ	sweets_east	スイーツ EAST	1	https://award.tabelog.com/hyakumeiten/sweets_east/2020
23027478	川口屋	愛知県	愛知県 栄（名古屋）駅	https://tabelog.com/aichi/A2301/A230103/23027478/	スイーツ	sweets_east	スイーツ EAST	1	https://award.tabelog.com/hyakumeiten/sweets_east/2020
20015759	平五郎 本店	長野県	長野県 長野市	https://tabelog.com/nagano/A2001/A200101/20015759/	スイーツ	sweets_east	スイーツ EAST	1	https://award.tabelog.com/hyakumeiten/sweets_east/2020
14042063	エチエンヌ	神奈川県	神奈川県 新百合ケ丘駅	https://tabelog.com/kanagawa/A1405/A140508/14042063/	スイーツ	sweets_east	スイーツ EAST	1	https://award.tabelog.com/hyakumeiten/sweets_east/2020
14000432	ベルグの４月 本店	神奈川県	神奈川県 たまプラーザ駅	https://tabelog.com/kanagawa/A1401/A140201/14000432/	スイーツ	sweets_east	スイーツ EAST	1	https://award.tabelog.com/hyakumeiten/sweets_east/2020
14001260	甘酒茶屋	神奈川県	神奈川県 足柄下郡箱根町	https://tabelog.com/kanagawa/A1410/A141001/14001260/	スイーツ	sweets_east	スイーツ EAST	1	https://award.tabelog.com/hyakumeiten/sweets_east/2020
11003500	アカシエ 浦和店	埼玉県	埼玉県 浦和駅	https://tabelog.com/saitama/A1101/A110102/11003500/	スイーツ	sweets_east	スイーツ EAST	1	https://award.tabelog.com/hyakumeiten/sweets_east/2020
21008360	プレリュード 福光店	岐阜県	岐阜県 岐阜市	https://tabelog.com/gifu/A2101/A210101/21008360/	スイーツ	sweets_east	スイーツ EAST	1	https://award.tabelog.com/hyakumeiten/sweets_east/2020
14030857	CALVA	神奈川県	神奈川県 大船駅	https://tabelog.com/kanagawa/A1404/A140401/14030857/	スイーツ	sweets_east	スイーツ EAST	1	https://award.tabelog.com/hyakumeiten/sweets_east/2020
14003354	ピュイサンス	神奈川県	神奈川県 横浜市青葉区	https://tabelog.com/kanagawa/A1401/A140202/14003354/	スイーツ	sweets_east	スイーツ EAST	1	https://award.tabelog.com/hyakumeiten/sweets_east/2020
11035335	シンフラ	埼玉県	埼玉県 柳瀬川駅	https://tabelog.com/saitama/A1103/A110302/11035335/	スイーツ	sweets_east	スイーツ EAST	1	https://award.tabelog.com/hyakumeiten/sweets_east/2020
23020841	フルーツパーラー 弘法屋 池下店	愛知県	愛知県 池下駅	https://tabelog.com/aichi/A2301/A230106/23020841/	スイーツ	sweets_east	スイーツ EAST	1	https://award.tabelog.com/hyakumeiten/sweets_east/2020
22003393	アボンドンス	静岡県	静岡県 浜松市中区	https://tabelog.com/shizuoka/A2202/A220201/22003393/	スイーツ	sweets_east	スイーツ EAST	1	https://award.tabelog.com/hyakumeiten/sweets_east/2020
21000030	栗きんとん本家 すや 本店	岐阜県	岐阜県 中津川市	https://tabelog.com/gifu/A2103/A210303/21000030/	スイーツ	sweets_east	スイーツ EAST	1	https://award.tabelog.com/hyakumeiten/sweets_east/2020
1000194	ミルク村 SAPPORO本店	北海道	北海道 すすきの（市営）駅	https://tabelog.com/hokkaido/A0101/A010103/1000194/	スイーツ	sweets_east	スイーツ EAST	1	https://award.tabelog.com/hyakumeiten/sweets_east/2020
14000034	リリエンベルグ	神奈川県	神奈川県 川崎市麻生区	https://tabelog.com/kanagawa/A1405/A140508/14000034/	スイーツ	sweets_east	スイーツ EAST	1	https://award.tabelog.com/hyakumeiten/sweets_east/2020
1000940	フラノデリス	北海道	北海道 富良野市	https://tabelog.com/hokkaido/A0104/A010403/1000940/	スイーツ	sweets_east	スイーツ EAST	1	https://award.tabelog.com/hyakumeiten/sweets_east/2020
23009929	栗きんとん本家 すや JR名古屋高島屋・直営店	愛知県	愛知県 名古屋駅	https://tabelog.com/aichi/A2301/A230101/23009929/	スイーツ	sweets_east	スイーツ EAST	1	https://award.tabelog.com/hyakumeiten/sweets_east/2020
20006070	Patisserie Rond-to	長野県	長野県 上高井郡小布施町	https://tabelog.com/nagano/A2001/A200106/20006070/	スイーツ	sweets_east	スイーツ EAST	1	https://award.tabelog.com/hyakumeiten/sweets_east/2020
23004369	フォルテシモ アッシュ	愛知県	愛知県 池下駅	https://tabelog.com/aichi/A2301/A230106/23004369/	スイーツ	sweets_east	スイーツ EAST	1	https://award.tabelog.com/hyakumeiten/sweets_east/2020
15002650	Paris パイ	新潟県	新潟県 長岡市	https://tabelog.com/niigata/A1502/A150201/15002650/	スイーツ	sweets_east	スイーツ EAST	1	https://award.tabelog.com/hyakumeiten/sweets_east/2020
14061044	グランディール アンサンブル	神奈川県	神奈川県 鎌倉駅	https://tabelog.com/kanagawa/A1404/A140402/14061044/	スイーツ	sweets_east	スイーツ EAST	1	https://award.tabelog.com/hyakumeiten/sweets_east/2020
11000029	ロア レギューム 朝霞本店	埼玉県	埼玉県 志木駅	https://tabelog.com/saitama/A1103/A110302/11000029/	スイーツ	sweets_east	スイーツ EAST	1	https://award.tabelog.com/hyakumeiten/sweets_east/2020
14014796	レナーズ 横浜ワールドポーターズ店	神奈川県	神奈川県 馬車道駅	https://tabelog.com/kanagawa/A1401/A140103/14014796/	スイーツ	sweets_east	スイーツ EAST	1	https://award.tabelog.com/hyakumeiten/sweets_east/2020
12000513	ル・パティシエ ヨコヤマ 京成大久保店	千葉県	千葉県 京成大久保駅	https://tabelog.com/chiba/A1202/A120204/12000513/	スイーツ	sweets_east	スイーツ EAST	1	https://award.tabelog.com/hyakumeiten/sweets_east/2020
11035023	パティスリー ロタンティック	埼玉県	埼玉県 南浦和駅	https://tabelog.com/saitama/A1101/A110102/11035023/	スイーツ	sweets_east	スイーツ EAST	1	https://award.tabelog.com/hyakumeiten/sweets_east/2020
11025121	シャンドワゾー	埼玉県	埼玉県 川口駅	https://tabelog.com/saitama/A1102/A110201/11025121/	スイーツ	sweets_east	スイーツ EAST	1	https://award.tabelog.com/hyakumeiten/sweets_east/2020
21000992	七福	岐阜県	岐阜県 中津川市	https://tabelog.com/gifu/A2103/A210303/21000992/	スイーツ	sweets_east	スイーツ EAST	1	https://award.tabelog.com/hyakumeiten/sweets_east/2020
9003227	松月氷室	栃木県	栃木県 日光市	https://tabelog.com/tochigi/A0903/A090302/9003227/	スイーツ	sweets_east	スイーツ EAST	1	https://award.tabelog.com/hyakumeiten/sweets_east/2020
20000669	栗の木テラス 小布施店	長野県	長野県 上高井郡小布施町	https://tabelog.com/nagano/A2001/A200106/20000669/	スイーツ	sweets_east	スイーツ EAST	1	https://award.tabelog.com/hyakumeiten/sweets_east/2020
11022003	細井	埼玉県	埼玉県 春日部市	https://tabelog.com/saitama/A1102/A110204/11022003/	スイーツ	sweets_east	スイーツ EAST	1	https://award.tabelog.com/hyakumeiten/sweets_east/2020
8000238	小倉屋	茨城県	茨城県 水戸市	https://tabelog.com/ibaraki/A0801/A080101/8000238/	スイーツ	sweets_east	スイーツ EAST	1	https://award.tabelog.com/hyakumeiten/sweets_east/2020
14000083	マーロウ そごう横浜店	神奈川県	神奈川県 横浜駅	https://tabelog.com/kanagawa/A1401/A140101/14000083/	スイーツ	sweets_east	スイーツ EAST	1	https://award.tabelog.com/hyakumeiten/sweets_east/2020
14000173	アン・プチ・パケ	神奈川県	神奈川県 江田駅	https://tabelog.com/kanagawa/A1401/A140201/14000173/	スイーツ	sweets_east	スイーツ EAST	1	https://award.tabelog.com/hyakumeiten/sweets_east/2020
14002574	みのわ	神奈川県	神奈川県 鎌倉駅	https://tabelog.com/kanagawa/A1404/A140402/14002574/	スイーツ	sweets_east	スイーツ EAST	1	https://award.tabelog.com/hyakumeiten/sweets_east/2020
2000092	シュトラウス	青森県	青森県 青森市	https://tabelog.com/aomori/A0201/A020101/2000092/	スイーツ	sweets_east	スイーツ EAST	1	https://award.tabelog.com/hyakumeiten/sweets_east/2020
14002810	喜久家洋菓子舗	神奈川県	神奈川県 元町・中華街駅	https://tabelog.com/kanagawa/A1401/A140105/14002810/	スイーツ	sweets_east	スイーツ EAST	1	https://award.tabelog.com/hyakumeiten/sweets_east/2020
12005224	ピネキ	千葉県	千葉県 館山市	https://tabelog.com/chiba/A1207/A120704/12005224/	スイーツ	sweets_east	スイーツ EAST	1	https://award.tabelog.com/hyakumeiten/sweets_east/2020
6000084	腰掛庵	山形県	山形県 天童市	https://tabelog.com/yamagata/A0605/A060501/6000084/	スイーツ	sweets_east	スイーツ EAST	1	https://award.tabelog.com/hyakumeiten/sweets_east/2020
23000859	ピエールプレシュウズ 本店	愛知県	愛知県 長久手市	https://tabelog.com/aichi/A2303/A230302/23000859/	スイーツ	sweets_east	スイーツ EAST	1	https://award.tabelog.com/hyakumeiten/sweets_east/2020
14011873	ジェラテリア・イル・ブリガンテ	神奈川県	神奈川県 鎌倉駅	https://tabelog.com/kanagawa/A1404/A140402/14011873/	スイーツ	sweets_east	スイーツ EAST	1	https://award.tabelog.com/hyakumeiten/sweets_east/2020
14038154	パティスリー イケダ	神奈川県	神奈川県 センター南駅	https://tabelog.com/kanagawa/A1401/A140203/14038154/	スイーツ	sweets_east	スイーツ EAST	1	https://award.tabelog.com/hyakumeiten/sweets_east/2020
14002570	ミセスエリザベスマフィン ランドマークプラザ店	神奈川県	神奈川県 みなとみらい駅	https://tabelog.com/kanagawa/A1401/A140103/14002570/	スイーツ	sweets_east	スイーツ EAST	1	https://award.tabelog.com/hyakumeiten/sweets_east/2020
14043156	一夜城 ヨロイヅカ・ファーム	神奈川県	神奈川県 小田原市	https://tabelog.com/kanagawa/A1409/A140901/14043156/	スイーツ	sweets_east	スイーツ EAST	1	https://award.tabelog.com/hyakumeiten/sweets_east/2020
23036323	ミッシェル・ブラン JR名古屋高島屋	愛知県	愛知県 名古屋駅	https://tabelog.com/aichi/A2301/A230101/23036323/	スイーツ	sweets_east	スイーツ EAST	1	https://award.tabelog.com/hyakumeiten/sweets_east/2020
6000124	山田家	山形県	山形県 山形市	https://tabelog.com/yamagata/A0601/A060101/6000124/	スイーツ	sweets_east	スイーツ EAST	1	https://award.tabelog.com/hyakumeiten/sweets_east/2020
11000265	オークウッド	埼玉県	埼玉県 春日部市	https://tabelog.com/saitama/A1102/A110204/11000265/	スイーツ	sweets_east	スイーツ EAST	1	https://award.tabelog.com/hyakumeiten/sweets_east/2020
23004138	ピエール マルコリーニ 名古屋	愛知県	愛知県 名鉄名古屋駅	https://tabelog.com/aichi/A2301/A230101/23004138/	スイーツ	sweets_east	スイーツ EAST	1	https://award.tabelog.com/hyakumeiten/sweets_east/2020
23044273	Bébé	愛知県	愛知県 愛知郡東郷町	https://tabelog.com/aichi/A2303/A230302/23044273/	スイーツ	sweets_east	スイーツ EAST	1	https://award.tabelog.com/hyakumeiten/sweets_east/2020
14029135	SE1	神奈川県	神奈川県 江ノ島駅	https://tabelog.com/kanagawa/A1404/A140403/14029135/	スイーツ	sweets_east	スイーツ EAST	1	https://award.tabelog.com/hyakumeiten/sweets_east/2020
14046956	パブロフ 元町本店	神奈川県	神奈川県 元町・中華街駅	https://tabelog.com/kanagawa/A1401/A140105/14046956/	スイーツ	sweets_east	スイーツ EAST	1	https://award.tabelog.com/hyakumeiten/sweets_east/2020
23001413	芳光	愛知県	愛知県 森下駅	https://tabelog.com/aichi/A2301/A230110/23001413/	スイーツ	sweets_east	スイーツ EAST	1	https://award.tabelog.com/hyakumeiten/sweets_east/2020
14001525	納言志るこ店	神奈川県	神奈川県 鎌倉駅	https://tabelog.com/kanagawa/A1404/A140402/14001525/	スイーツ	sweets_east	スイーツ EAST	1	https://award.tabelog.com/hyakumeiten/sweets_east/2020
23009514	fika.	愛知県	愛知県 覚王山駅	https://tabelog.com/aichi/A2301/A230107/23009514/	スイーツ	sweets_east	スイーツ EAST	1	https://award.tabelog.com/hyakumeiten/sweets_east/2020
14002792	埜庵	神奈川県	神奈川県 鵠沼海岸駅	https://tabelog.com/kanagawa/A1404/A140403/14002792/	スイーツ	sweets_east	スイーツ EAST	1	https://award.tabelog.com/hyakumeiten/sweets_east/2020
11027913	パティスリーアプラノス	埼玉県	埼玉県 武蔵浦和駅	https://tabelog.com/saitama/A1101/A110102/11027913/	スイーツ	sweets_east	スイーツ EAST	1	https://award.tabelog.com/hyakumeiten/sweets_east/2020
23000989	赤福茶屋 ジェイアール名古屋タカシマヤ店	愛知県	愛知県 名古屋駅	https://tabelog.com/aichi/A2301/A230101/23000989/	スイーツ	sweets_east	スイーツ EAST	1	https://award.tabelog.com/hyakumeiten/sweets_east/2020
14032944	たい焼き なみへい	神奈川県	神奈川県 由比ケ浜駅	https://tabelog.com/kanagawa/A1404/A140402/14032944/	スイーツ	sweets_east	スイーツ EAST	1	https://award.tabelog.com/hyakumeiten/sweets_east/2020
7006158	ハッピーベリー	福島県	福島県 西白河郡矢吹町	https://tabelog.com/fukushima/A0703/A070301/7006158/	スイーツ	sweets_east	スイーツ EAST	1	https://award.tabelog.com/hyakumeiten/sweets_east/2020
14010007	ナッシュカッツェ	神奈川県	神奈川県 江田駅	https://tabelog.com/kanagawa/A1401/A140201/14010007/	スイーツ	sweets_east	スイーツ EAST	1	https://award.tabelog.com/hyakumeiten/sweets_east/2020
1026155	アンジェリック ヴォヤージュ	北海道	北海道 函館市	https://tabelog.com/hokkaido/A0105/A010501/1026155/	スイーツ	sweets_east	スイーツ EAST	1	https://award.tabelog.com/hyakumeiten/sweets_east/2020
11000266	アルカイク	埼玉県	埼玉県 川口市	https://tabelog.com/saitama/A1102/A110201/11000266/	スイーツ	sweets_east	スイーツ EAST	1	https://award.tabelog.com/hyakumeiten/sweets_east/2020
14053382	バニラビーンズ みなとみらい本店	神奈川県	神奈川県 馬車道駅	https://tabelog.com/kanagawa/A1401/A140103/14053382/	スイーツ	sweets_east	スイーツ EAST	1	https://award.tabelog.com/hyakumeiten/sweets_east/2020
12000255	ル・パティシエ ヨコヤマ 谷津店	千葉県	千葉県 谷津駅	https://tabelog.com/chiba/A1202/A120204/12000255/	スイーツ	sweets_east	スイーツ EAST	1	https://award.tabelog.com/hyakumeiten/sweets_east/2020
23003953	覚王山 吉芋 本店	愛知県	愛知県 覚王山駅	https://tabelog.com/aichi/A2301/A230107/23003953/	スイーツ	sweets_east	スイーツ EAST	1	https://award.tabelog.com/hyakumeiten/sweets_east/2020
21000111	茶屋赤鰐	岐阜県	岐阜県 岐阜市	https://tabelog.com/gifu/A2101/A210101/21000111/	スイーツ	sweets_east	スイーツ EAST	1	https://award.tabelog.com/hyakumeiten/sweets_east/2020
1000154	パティスリーシイヤ	北海道	北海道 西２８丁目駅	https://tabelog.com/hokkaido/A0101/A010105/1000154/	スイーツ	sweets_east	スイーツ EAST	1	https://award.tabelog.com/hyakumeiten/sweets_east/2020
21000034	川上屋 本店	岐阜県	岐阜県 中津川市	https://tabelog.com/gifu/A2103/A210303/21000034/	スイーツ	sweets_east	スイーツ EAST	1	https://award.tabelog.com/hyakumeiten/sweets_east/2020
1041432	カプセルモンスター	北海道	北海道 西１５丁目駅	https://tabelog.com/hokkaido/A0101/A010102/1041432/	スイーツ	sweets_east	スイーツ EAST	1	https://award.tabelog.com/hyakumeiten/sweets_east/2020
23031418	覚王山 吉芋 名古屋駅店	愛知県	愛知県 名鉄名古屋駅	https://tabelog.com/aichi/A2301/A230101/23031418/	スイーツ	sweets_east	スイーツ EAST	1	https://award.tabelog.com/hyakumeiten/sweets_east/2020
14000248	茶房 雲母	神奈川県	神奈川県 鎌倉駅	https://tabelog.com/kanagawa/A1404/A140402/14000248/	スイーツ	sweets_east	スイーツ EAST	1	https://award.tabelog.com/hyakumeiten/sweets_east/2020
12023093	三日月氷菓店	千葉県	千葉県 柏駅	https://tabelog.com/chiba/A1203/A120301/12023093/	スイーツ	sweets_east	スイーツ EAST	1	https://award.tabelog.com/hyakumeiten/sweets_east/2020
22004106	とらや工房	静岡県	静岡県 御殿場市	https://tabelog.com/shizuoka/A2204/A220402/22004106/	スイーツ	sweets_east	スイーツ EAST	1	https://award.tabelog.com/hyakumeiten/sweets_east/2020
23046476	パティスリー アヴァロン	愛知県	愛知県 八事駅	https://tabelog.com/aichi/A2301/A230108/23046476/	スイーツ	sweets_east	スイーツ EAST	1	https://award.tabelog.com/hyakumeiten/sweets_east/2020
4002939	ムラタ	宮城県	宮城県 多賀城市	https://tabelog.com/miyagi/A0404/A040404/4002939/	スイーツ	sweets_east	スイーツ EAST	1	https://award.tabelog.com/hyakumeiten/sweets_east/2020
4013005	梵くら	宮城県	宮城県 大町西公園駅	https://tabelog.com/miyagi/A0401/A040101/4013005/	スイーツ	sweets_east	スイーツ EAST	1	https://award.tabelog.com/hyakumeiten/sweets_east/2020
14035784	スイーツガーデン ユウジアジキ	神奈川県	神奈川県 北山田駅	https://tabelog.com/kanagawa/A1401/A140203/14035784/	スイーツ	sweets_east	スイーツ EAST	1	https://award.tabelog.com/hyakumeiten/sweets_east/2020
14009451	ティーハウスマユール 宮崎台店	神奈川県	神奈川県 宮崎台駅	https://tabelog.com/kanagawa/A1405/A140507/14009451/	スイーツ	sweets_east	スイーツ EAST	1	https://award.tabelog.com/hyakumeiten/sweets_east/2020
21009683	ツバメヤ 柳ヶ瀬本店	岐阜県	岐阜県 岐阜市	https://tabelog.com/gifu/A2101/A210101/21009683/	スイーツ	sweets_east	スイーツ EAST	1	https://award.tabelog.com/hyakumeiten/sweets_east/2020
23042366	パティスリーグラム	愛知県	愛知県 東山公園駅	https://tabelog.com/aichi/A2301/A230107/23042366/	スイーツ	sweets_east	スイーツ EAST	1	https://award.tabelog.com/hyakumeiten/sweets_east/2020
21000352	すや 西木	岐阜県	岐阜県 中津川市	https://tabelog.com/gifu/A2103/A210303/21000352/	スイーツ	sweets_east	スイーツ EAST	1	https://award.tabelog.com/hyakumeiten/sweets_east/2020
23037600	フランス焼菓子 シャンドゥリエ	愛知県	愛知県 丸の内駅	https://tabelog.com/aichi/A2301/A230101/23037600/	スイーツ	sweets_east	スイーツ EAST	1	https://award.tabelog.com/hyakumeiten/sweets_east/2020
14001686	歐林洞 鎌倉本店	神奈川県	神奈川県 鎌倉市	https://tabelog.com/kanagawa/A1404/A140402/14001686/	スイーツ	sweets_east	スイーツ EAST	1	https://award.tabelog.com/hyakumeiten/sweets_east/2020
14000632	ケーキショップ コフレ	神奈川県	神奈川県 みなとみらい駅	https://tabelog.com/kanagawa/A1401/A140103/14000632/	スイーツ	sweets_east	スイーツ EAST	1	https://award.tabelog.com/hyakumeiten/sweets_east/2020
23001344	菓匠 花桔梗 本店	愛知県	愛知県 瑞穂区役所駅	https://tabelog.com/aichi/A2301/A230112/23001344/	スイーツ	sweets_east	スイーツ EAST	1	https://award.tabelog.com/hyakumeiten/sweets_east/2020
20009286	ハーベスト ナガイファーム 軽井沢店	長野県	長野県 北佐久郡軽井沢町	https://tabelog.com/nagano/A2003/A200301/20009286/	スイーツ	sweets_east	スイーツ EAST	1	https://award.tabelog.com/hyakumeiten/sweets_east/2020
23059315	ツバメヤ 大名古屋ビルヂング店	愛知県	愛知県 名鉄名古屋駅	https://tabelog.com/aichi/A2301/A230101/23059315/	スイーツ	sweets_east	スイーツ EAST	1	https://award.tabelog.com/hyakumeiten/sweets_east/2020
14054070	アトリエうかい たまプラーザ	神奈川県	神奈川県 たまプラーザ駅	https://tabelog.com/kanagawa/A1401/A140201/14054070/	スイーツ	sweets_east	スイーツ EAST	1	https://award.tabelog.com/hyakumeiten/sweets_east/2020
19000866	桔梗屋 本社	山梨県	山梨県 笛吹市	https://tabelog.com/yamanashi/A1901/A190103/19000866/	スイーツ	sweets_east	スイーツ EAST	1	https://award.tabelog.com/hyakumeiten/sweets_east/2020
11024456	パティスリー オランジュ	埼玉県	埼玉県 朝霞台駅	https://tabelog.com/saitama/A1103/A110301/11024456/	スイーツ	sweets_east	スイーツ EAST	1	https://award.tabelog.com/hyakumeiten/sweets_east/2020
23001565	シェ・シバタ 名古屋	愛知県	愛知県 覚王山駅	https://tabelog.com/aichi/A2301/A230107/23001565/	スイーツ	sweets_east	スイーツ EAST	1	https://award.tabelog.com/hyakumeiten/sweets_east/2020
11000259	阿左美冷蔵 金崎本店	埼玉県	埼玉県 上長瀞駅	https://tabelog.com/saitama/A1107/A110704/11000259/	スイーツ	sweets_east	スイーツ EAST	1	https://award.tabelog.com/hyakumeiten/sweets_east/2020
14011112	ちもと 駅前通り店	神奈川県	神奈川県 箱根湯本駅	https://tabelog.com/kanagawa/A1410/A141001/14011112/	スイーツ	sweets_east	スイーツ EAST	1	https://award.tabelog.com/hyakumeiten/sweets_east/2020
23052549	ピエールプレシュウズ 覚王山店	愛知県	愛知県 池下駅	https://tabelog.com/aichi/A2301/A230107/23052549/	スイーツ	sweets_east	スイーツ EAST	1	https://award.tabelog.com/hyakumeiten/sweets_east/2020
14007483	Patisserie 雪乃下  鎌倉本店	神奈川県	神奈川県 鎌倉駅	https://tabelog.com/kanagawa/A1404/A140402/14007483/	スイーツ	sweets_east	スイーツ EAST	1	https://award.tabelog.com/hyakumeiten/sweets_east/2020
4012124	カズノリ イケダ アンディヴィデュエル 南町通店	宮城県	宮城県 青葉通一番町駅	https://tabelog.com/miyagi/A0401/A040101/4012124/	スイーツ	sweets_east	スイーツ EAST	1	https://award.tabelog.com/hyakumeiten/sweets_east/2020
14011336	オ・プティ・マタン	神奈川県	神奈川県 横浜市金沢区	https://tabelog.com/kanagawa/A1401/A140310/14011336/	スイーツ	sweets_east	スイーツ EAST	1	https://award.tabelog.com/hyakumeiten/sweets_east/2020
14001208	ハウス オブ フレーバーズ	神奈川県	神奈川県 西鎌倉駅	https://tabelog.com/kanagawa/A1404/A140402/14001208/	スイーツ	sweets_east	スイーツ EAST	1	https://award.tabelog.com/hyakumeiten/sweets_east/2020
17001257	ル ミュゼ ドゥ アッシュ 金沢店	石川県	石川県 金沢市	https://tabelog.com/ishikawa/A1701/A170101/17001257/	スイーツ	sweets_west	スイーツ WEST	1	https://award.tabelog.com/hyakumeiten/sweets_west/2020
26014941	カフェ ラインベック	京都府	京都府 今出川駅	https://tabelog.com/kyoto/A2601/A260202/26014941/	スイーツ	sweets_west	スイーツ WEST	1	https://award.tabelog.com/hyakumeiten/sweets_west/2020
29004292	ラ・ペッシュ	奈良県	奈良県 吉野郡大淀町	https://tabelog.com/nara/A2905/A290501/29004292/	スイーツ	sweets_west	スイーツ WEST	1	https://award.tabelog.com/hyakumeiten/sweets_west/2020
26001520	出町ふたば	京都府	京都府 出町柳駅	https://tabelog.com/kyoto/A2601/A260302/26001520/	スイーツ	sweets_west	スイーツ WEST	1	https://award.tabelog.com/hyakumeiten/sweets_west/2020
27044987	Patisserie Ravi,e relier	大阪府	大阪府 中崎町駅	https://tabelog.com/osaka/A2701/A270103/27044987/	スイーツ	sweets_west	スイーツ WEST	1	https://award.tabelog.com/hyakumeiten/sweets_west/2020
27071315	アシッドラシーヌ	大阪府	大阪府 天満橋駅	https://tabelog.com/osaka/A2701/A270104/27071315/	スイーツ	sweets_west	スイーツ WEST	1	https://award.tabelog.com/hyakumeiten/sweets_west/2020
26004753	村上開新堂	京都府	京都府 京都市役所前駅	https://tabelog.com/kyoto/A2601/A260201/26004753/	スイーツ	sweets_west	スイーツ WEST	1	https://award.tabelog.com/hyakumeiten/sweets_west/2020
28001965	パティシエ エス コヤマ	兵庫県	兵庫県 ウッディタウン中央駅	https://tabelog.com/hyogo/A2807/A280703/28001965/	スイーツ	sweets_west	スイーツ WEST	1	https://award.tabelog.com/hyakumeiten/sweets_west/2020
26001392	甘泉堂	京都府	京都府 祇園四条駅	https://tabelog.com/kyoto/A2601/A260301/26001392/	スイーツ	sweets_west	スイーツ WEST	1	https://award.tabelog.com/hyakumeiten/sweets_west/2020
26012788	洛叉庵	京都府	京都府 北大路駅	https://tabelog.com/kyoto/A2601/A260503/26012788/	スイーツ	sweets_west	スイーツ WEST	1	https://award.tabelog.com/hyakumeiten/sweets_west/2020
37003380	夢菓房たから	香川県	香川県 高松市	https://tabelog.com/kagawa/A3701/A370101/37003380/	スイーツ	sweets_west	スイーツ WEST	1	https://award.tabelog.com/hyakumeiten/sweets_west/2020
27053125	クレープスタンド シャンデレール 梅田店	大阪府	大阪府 大阪梅田（阪急）駅	https://tabelog.com/osaka/A2701/A270101/27053125/	スイーツ	sweets_west	スイーツ WEST	1	https://award.tabelog.com/hyakumeiten/sweets_west/2020
27001078	かん袋	大阪府	大阪府 寺地町駅	https://tabelog.com/osaka/A2705/A270501/27001078/	スイーツ	sweets_west	スイーツ WEST	1	https://award.tabelog.com/hyakumeiten/sweets_west/2020
25000747	ドゥブルベ・ボレロ 守山本店	滋賀県	滋賀県 守山市	https://tabelog.com/shiga/A2502/A250203/25000747/	スイーツ	sweets_west	スイーツ WEST	1	https://award.tabelog.com/hyakumeiten/sweets_west/2020
26005963	塩芳軒	京都府	京都府 京都市上京区	https://tabelog.com/kyoto/A2601/A260202/26005963/	スイーツ	sweets_west	スイーツ WEST	1	https://award.tabelog.com/hyakumeiten/sweets_west/2020
29000222	中谷堂	奈良県	奈良県 奈良市	https://tabelog.com/nara/A2901/A290101/29000222/	スイーツ	sweets_west	スイーツ WEST	1	https://award.tabelog.com/hyakumeiten/sweets_west/2020
27064714	レ・プティット・パピヨット	大阪府	大阪府 肥後橋駅	https://tabelog.com/osaka/A2701/A270102/27064714/	スイーツ	sweets_west	スイーツ WEST	1	https://award.tabelog.com/hyakumeiten/sweets_west/2020
17000223	ル ミュゼ ドゥ アッシュ 和倉店	石川県	石川県 七尾市	https://tabelog.com/ishikawa/A1703/A170302/17000223/	スイーツ	sweets_west	スイーツ WEST	1	https://award.tabelog.com/hyakumeiten/sweets_west/2020
40025283	ジャック 大濠店	福岡県	福岡県 大濠公園駅	https://tabelog.com/fukuoka/A4001/A400105/40025283/	スイーツ	sweets_west	スイーツ WEST	1	https://award.tabelog.com/hyakumeiten/sweets_west/2020
45006780	アンオー	宮崎県	宮崎県 宮崎市	https://tabelog.com/miyazaki/A4501/A450101/45006780/	スイーツ	sweets_west	スイーツ WEST	1	https://award.tabelog.com/hyakumeiten/sweets_west/2020
26003917	阿闍梨餅本舗 京菓子司 満月 本店	京都府	京都府 出町柳駅	https://tabelog.com/kyoto/A2601/A260302/26003917/	スイーツ	sweets_west	スイーツ WEST	1	https://award.tabelog.com/hyakumeiten/sweets_west/2020
26019937	マリベル 京都本店	京都府	京都府 烏丸御池駅	https://tabelog.com/kyoto/A2601/A260202/26019937/	スイーツ	sweets_west	スイーツ WEST	1	https://award.tabelog.com/hyakumeiten/sweets_west/2020
26001023	茶房いせはん	京都府	京都府 出町柳駅	https://tabelog.com/kyoto/A2601/A260302/26001023/	スイーツ	sweets_west	スイーツ WEST	1	https://award.tabelog.com/hyakumeiten/sweets_west/2020
27068734	エシレ・マルシェ オ ブール	大阪府	大阪府 梅田駅	https://tabelog.com/osaka/A2701/A270101/27068734/	スイーツ	sweets_west	スイーツ WEST	1	https://award.tabelog.com/hyakumeiten/sweets_west/2020
28002143	カファレル 神戸北野本店	兵庫県	兵庫県 三宮（神戸市営）駅	https://tabelog.com/hyogo/A2801/A280101/28002143/	スイーツ	sweets_west	スイーツ WEST	1	https://award.tabelog.com/hyakumeiten/sweets_west/2020
29000134	ガトー・ド・ボワ A LA MAISON	奈良県	奈良県 奈良市	https://tabelog.com/nara/A2901/A290101/29000134/	スイーツ	sweets_west	スイーツ WEST	1	https://award.tabelog.com/hyakumeiten/sweets_west/2020
27001538	サロン・ド・テ・アルション 法善寺本店	大阪府	大阪府 大阪難波駅	https://tabelog.com/osaka/A2701/A270202/27001538/	スイーツ	sweets_west	スイーツ WEST	1	https://award.tabelog.com/hyakumeiten/sweets_west/2020
16000052	パティスリージラフ	富山県	富山県 富山市	https://tabelog.com/toyama/A1601/A160101/16000052/	スイーツ	sweets_west	スイーツ WEST	1	https://award.tabelog.com/hyakumeiten/sweets_west/2020
26009042	シェ・アガタ	京都府	京都府 三室戸駅	https://tabelog.com/kyoto/A2607/A260701/26009042/	スイーツ	sweets_west	スイーツ WEST	1	https://award.tabelog.com/hyakumeiten/sweets_west/2020
26000641	亀末廣	京都府	京都府 烏丸御池駅	https://tabelog.com/kyoto/A2601/A260202/26000641/	スイーツ	sweets_west	スイーツ WEST	1	https://award.tabelog.com/hyakumeiten/sweets_west/2020
28002149	パティシエ・エイジ・ニッタ	兵庫県	兵庫県 西宮北口駅	https://tabelog.com/hyogo/A2803/A280301/28002149/	スイーツ	sweets_west	スイーツ WEST	1	https://award.tabelog.com/hyakumeiten/sweets_west/2020
26002500	祇園きなな 本店	京都府	京都府 祇園四条駅	https://tabelog.com/kyoto/A2601/A260301/26002500/	スイーツ	sweets_west	スイーツ WEST	1	https://award.tabelog.com/hyakumeiten/sweets_west/2020
27069919	大阪浪花家	大阪府	大阪府 中崎町駅	https://tabelog.com/osaka/A2701/A270101/27069919/	スイーツ	sweets_west	スイーツ WEST	1	https://award.tabelog.com/hyakumeiten/sweets_west/2020
28002315	パティスリー モンプリュ 本店	兵庫県	兵庫県 みなと元町駅	https://tabelog.com/hyogo/A2801/A280102/28002315/	スイーツ	sweets_west	スイーツ WEST	1	https://award.tabelog.com/hyakumeiten/sweets_west/2020
46000044	白熊菓琲	鹿児島県	鹿児島県 鹿児島市	https://tabelog.com/kagoshima/A4601/A460101/46000044/	スイーツ	sweets_west	スイーツ WEST	1	https://award.tabelog.com/hyakumeiten/sweets_west/2020
27004930	デリチュース  箕面本店	大阪府	大阪府 箕面市	https://tabelog.com/osaka/A2706/A270603/27004930/	スイーツ	sweets_west	スイーツ WEST	1	https://award.tabelog.com/hyakumeiten/sweets_west/2020
26001539	粟餅所・澤屋	京都府	京都府 北野白梅町駅	https://tabelog.com/kyoto/A2601/A260501/26001539/	スイーツ	sweets_west	スイーツ WEST	1	https://award.tabelog.com/hyakumeiten/sweets_west/2020
26002393	本家月餅家直正	京都府	京都府 三条駅	https://tabelog.com/kyoto/A2601/A260202/26002393/	スイーツ	sweets_west	スイーツ WEST	1	https://award.tabelog.com/hyakumeiten/sweets_west/2020
26002128	みつばち	京都府	京都府 出町柳駅	https://tabelog.com/kyoto/A2601/A260302/26002128/	スイーツ	sweets_west	スイーツ WEST	1	https://award.tabelog.com/hyakumeiten/sweets_west/2020
26002075	ぎおん徳屋	京都府	京都府 祇園四条駅	https://tabelog.com/kyoto/A2601/A260301/26002075/	スイーツ	sweets_west	スイーツ WEST	1	https://award.tabelog.com/hyakumeiten/sweets_west/2020
26001758	加茂みたらし茶屋	京都府	京都府 京都市左京区	https://tabelog.com/kyoto/A2601/A260503/26001758/	スイーツ	sweets_west	スイーツ WEST	1	https://award.tabelog.com/hyakumeiten/sweets_west/2020
26005984	木と根	京都府	京都府 四条（京都市営）駅	https://tabelog.com/kyoto/A2601/A260201/26005984/	スイーツ	sweets_west	スイーツ WEST	1	https://award.tabelog.com/hyakumeiten/sweets_west/2020
26005468	聚洸	京都府	京都府 鞍馬口駅	https://tabelog.com/kyoto/A2601/A260503/26005468/	スイーツ	sweets_west	スイーツ WEST	1	https://award.tabelog.com/hyakumeiten/sweets_west/2020
27000958	エクチュア  からほり「蔵」本店	大阪府	大阪府 松屋町駅	https://tabelog.com/osaka/A2701/A270204/27000958/	スイーツ	sweets_west	スイーツ WEST	1	https://award.tabelog.com/hyakumeiten/sweets_west/2020
26024343	かしや	京都府	京都府 三条京阪駅	https://tabelog.com/kyoto/A2601/A260301/26024343/	スイーツ	sweets_west	スイーツ WEST	1	https://award.tabelog.com/hyakumeiten/sweets_west/2020
26027283	アッサンブラージュ カキモト	京都府	京都府 神宮丸太町駅	https://tabelog.com/kyoto/A2601/A260202/26027283/	スイーツ	sweets_west	スイーツ WEST	1	https://award.tabelog.com/hyakumeiten/sweets_west/2020
40000550	フランス菓子16区	福岡県	福岡県 薬院大通駅	https://tabelog.com/fukuoka/A4001/A400104/40000550/	スイーツ	sweets_west	スイーツ WEST	1	https://award.tabelog.com/hyakumeiten/sweets_west/2020
26009387	松寿軒	京都府	京都府 清水五条駅	https://tabelog.com/kyoto/A2601/A260301/26009387/	スイーツ	sweets_west	スイーツ WEST	1	https://award.tabelog.com/hyakumeiten/sweets_west/2020
29004637	みやけ 旧鴻池邸表屋	奈良県	奈良県 奈良市	https://tabelog.com/nara/A2901/A290102/29004637/	スイーツ	sweets_west	スイーツ WEST	1	https://award.tabelog.com/hyakumeiten/sweets_west/2020
27003404	五感 北浜本館	大阪府	大阪府 北浜駅	https://tabelog.com/osaka/A2701/A270102/27003404/	スイーツ	sweets_west	スイーツ WEST	1	https://award.tabelog.com/hyakumeiten/sweets_west/2020
26018786	ひつじ	京都府	京都府 丸太町（京都市営）駅	https://tabelog.com/kyoto/A2601/A260202/26018786/	スイーツ	sweets_west	スイーツ WEST	1	https://award.tabelog.com/hyakumeiten/sweets_west/2020
26012808	パティスリーエス	京都府	京都府 四条（京都市営）駅	https://tabelog.com/kyoto/A2601/A260201/26012808/	スイーツ	sweets_west	スイーツ WEST	1	https://award.tabelog.com/hyakumeiten/sweets_west/2020
27009531	ジェラテリア チルコドーロ	大阪府	大阪府 谷町六丁目駅	https://tabelog.com/osaka/A2701/A270204/27009531/	スイーツ	sweets_west	スイーツ WEST	1	https://award.tabelog.com/hyakumeiten/sweets_west/2020
27052440	レ・グーテ	大阪府	大阪府 肥後橋駅	https://tabelog.com/osaka/A2701/A270102/27052440/	スイーツ	sweets_west	スイーツ WEST	1	https://award.tabelog.com/hyakumeiten/sweets_west/2020
26021798	サロン・ド・ロワイヤル 京都店	京都府	京都府 京都市役所前駅	https://tabelog.com/kyoto/A2601/A260202/26021798/	スイーツ	sweets_west	スイーツ WEST	1	https://award.tabelog.com/hyakumeiten/sweets_west/2020
17000514	甘納豆かわむら	石川県	石川県 金沢市	https://tabelog.com/ishikawa/A1701/A170101/17000514/	スイーツ	sweets_west	スイーツ WEST	1	https://award.tabelog.com/hyakumeiten/sweets_west/2020
27031667	cocoo cafe	大阪府	大阪府 阿波座駅	https://tabelog.com/osaka/A2701/A270106/27031667/	スイーツ	sweets_west	スイーツ WEST	1	https://award.tabelog.com/hyakumeiten/sweets_west/2020
26001070	ラ・ヴァチュール	京都府	京都府 神宮丸太町駅	https://tabelog.com/kyoto/A2601/A260302/26001070/	スイーツ	sweets_west	スイーツ WEST	1	https://award.tabelog.com/hyakumeiten/sweets_west/2020
27003190	ショコラティエ パレ ド オール 大阪	大阪府	大阪府 西梅田駅	https://tabelog.com/osaka/A2701/A270101/27003190/	スイーツ	sweets_west	スイーツ WEST	1	https://award.tabelog.com/hyakumeiten/sweets_west/2020
27075194	ドゥブルベ・ボレロ 大阪本町店	大阪府	大阪府 本町駅	https://tabelog.com/osaka/A2701/A270102/27075194/	スイーツ	sweets_west	スイーツ WEST	1	https://award.tabelog.com/hyakumeiten/sweets_west/2020
26005378	遊形 サロン・ド・テ	京都府	京都府 京都市役所前駅	https://tabelog.com/kyoto/A2601/A260202/26005378/	スイーツ	sweets_west	スイーツ WEST	1	https://award.tabelog.com/hyakumeiten/sweets_west/2020
26006790	宝泉 JR新幹線京都駅店	京都府	京都府 京都駅	https://tabelog.com/kyoto/A2601/A260101/26006790/	スイーツ	sweets_west	スイーツ WEST	1	https://award.tabelog.com/hyakumeiten/sweets_west/2020
27003897	クレープリー・アルション	大阪府	大阪府 大阪難波駅	https://tabelog.com/osaka/A2701/A270202/27003897/	スイーツ	sweets_west	スイーツ WEST	1	https://award.tabelog.com/hyakumeiten/sweets_west/2020
34001087	岩村もみじ屋	広島県	広島県 廿日市市	https://tabelog.com/hiroshima/A3402/A340202/34001087/	スイーツ	sweets_west	スイーツ WEST	1	https://award.tabelog.com/hyakumeiten/sweets_west/2020
27012523	サロン・ド・テ・ジャマン	大阪府	大阪府 茨木市駅	https://tabelog.com/osaka/A2706/A270604/27012523/	スイーツ	sweets_west	スイーツ WEST	1	https://award.tabelog.com/hyakumeiten/sweets_west/2020
27024632	餅匠しづく 新町店	大阪府	大阪府 西大橋駅	https://tabelog.com/osaka/A2701/A270201/27024632/	スイーツ	sweets_west	スイーツ WEST	1	https://award.tabelog.com/hyakumeiten/sweets_west/2020
27001030	ル・ピノー 北堀江本店	大阪府	大阪府 西大橋駅	https://tabelog.com/osaka/A2701/A270201/27001030/	スイーツ	sweets_west	スイーツ WEST	1	https://award.tabelog.com/hyakumeiten/sweets_west/2020
26001669	一文字屋和輔	京都府	京都府 京都市北区	https://tabelog.com/kyoto/A2601/A260503/26001669/	スイーツ	sweets_west	スイーツ WEST	1	https://award.tabelog.com/hyakumeiten/sweets_west/2020
26022589	二條若狭屋 寺町店	京都府	京都府 京都市役所前駅	https://tabelog.com/kyoto/A2601/A260201/26022589/	スイーツ	sweets_west	スイーツ WEST	1	https://award.tabelog.com/hyakumeiten/sweets_west/2020
26024782	茶菓円山	京都府	京都府 東山駅	https://tabelog.com/kyoto/A2601/A260301/26024782/	スイーツ	sweets_west	スイーツ WEST	1	https://award.tabelog.com/hyakumeiten/sweets_west/2020
26004652	大極殿本舗 六角店	京都府	京都府 烏丸御池駅	https://tabelog.com/kyoto/A2601/A260202/26004652/	スイーツ	sweets_west	スイーツ WEST	1	https://award.tabelog.com/hyakumeiten/sweets_west/2020
26000370	神馬堂	京都府	京都府 京都市北区	https://tabelog.com/kyoto/A2601/A260503/26000370/	スイーツ	sweets_west	スイーツ WEST	1	https://award.tabelog.com/hyakumeiten/sweets_west/2020
26001766	川端道喜	京都府	京都府 北山駅	https://tabelog.com/kyoto/A2601/A260503/26001766/	スイーツ	sweets_west	スイーツ WEST	1	https://award.tabelog.com/hyakumeiten/sweets_west/2020
28005628	パティスリー プラン	兵庫県	兵庫県 芦屋（ＪＲ）駅	https://tabelog.com/hyogo/A2803/A280302/28005628/	スイーツ	sweets_west	スイーツ WEST	1	https://award.tabelog.com/hyakumeiten/sweets_west/2020
27066981	マツシタキッチン	大阪府	大阪府 玉造（ＪＲ）駅	https://tabelog.com/osaka/A2701/A270204/27066981/	スイーツ	sweets_west	スイーツ WEST	1	https://award.tabelog.com/hyakumeiten/sweets_west/2020
27076635	カフェ フェイト	大阪府	大阪府 天神橋筋六丁目駅	https://tabelog.com/osaka/A2701/A270103/27076635/	スイーツ	sweets_west	スイーツ WEST	1	https://award.tabelog.com/hyakumeiten/sweets_west/2020
26002101	今西軒	京都府	京都府 五条（京都市営）駅	https://tabelog.com/kyoto/A2601/A260201/26002101/	スイーツ	sweets_west	スイーツ WEST	1	https://award.tabelog.com/hyakumeiten/sweets_west/2020
29002296	萬御菓子誂處 樫舎	奈良県	奈良県 奈良市	https://tabelog.com/nara/A2901/A290101/29002296/	スイーツ	sweets_west	スイーツ WEST	1	https://award.tabelog.com/hyakumeiten/sweets_west/2020
27010561	パスティチュリア・デリチュース 大阪店	大阪府	大阪府 大阪駅	https://tabelog.com/osaka/A2701/A270101/27010561/	スイーツ	sweets_west	スイーツ WEST	1	https://award.tabelog.com/hyakumeiten/sweets_west/2020
26021305	ゼンカフェ	京都府	京都府 祇園四条駅	https://tabelog.com/kyoto/A2601/A260301/26021305/	スイーツ	sweets_west	スイーツ WEST	1	https://award.tabelog.com/hyakumeiten/sweets_west/2020
26001531	麩嘉 府庁前本店	京都府	京都府 丸太町（京都市営）駅	https://tabelog.com/kyoto/A2601/A260202/26001531/	スイーツ	sweets_west	スイーツ WEST	1	https://award.tabelog.com/hyakumeiten/sweets_west/2020
26001883	中村軒	京都府	京都府 桂駅	https://tabelog.com/kyoto/A2601/A260401/26001883/	スイーツ	sweets_west	スイーツ WEST	1	https://award.tabelog.com/hyakumeiten/sweets_west/2020
27000953	なかたに亭	大阪府	大阪府 大阪上本町駅	https://tabelog.com/osaka/A2701/A270205/27000953/	スイーツ	sweets_west	スイーツ WEST	1	https://award.tabelog.com/hyakumeiten/sweets_west/2020
26001672	嘯月	京都府	京都府 北大路駅	https://tabelog.com/kyoto/A2601/A260503/26001672/	スイーツ	sweets_west	スイーツ WEST	1	https://award.tabelog.com/hyakumeiten/sweets_west/2020
26001872	茶寮 宝泉	京都府	京都府 松ケ崎駅	https://tabelog.com/kyoto/A2601/A260503/26001872/	スイーツ	sweets_west	スイーツ WEST	1	https://award.tabelog.com/hyakumeiten/sweets_west/2020
28033447	ラヴニュー	兵庫県	兵庫県 三宮（神戸市営）駅	https://tabelog.com/hyogo/A2801/A280102/28033447/	スイーツ	sweets_west	スイーツ WEST	1	https://award.tabelog.com/hyakumeiten/sweets_west/2020
28001357	ツマガリ 甲陽園本店	兵庫県	兵庫県 甲陽園駅	https://tabelog.com/hyogo/A2803/A280301/28001357/	スイーツ	sweets_west	スイーツ WEST	1	https://award.tabelog.com/hyakumeiten/sweets_west/2020
26001887	鍵善良房 四条本店	京都府	京都府 祇園四条駅	https://tabelog.com/kyoto/A2601/A260301/26001887/	スイーツ	sweets_west	スイーツ WEST	1	https://award.tabelog.com/hyakumeiten/sweets_west/2020
26017389	グラン・ヴァニーユ	京都府	京都府 烏丸御池駅	https://tabelog.com/kyoto/A2601/A260202/26017389/	スイーツ	sweets_west	スイーツ WEST	1	https://award.tabelog.com/hyakumeiten/sweets_west/2020
26001670	かざりや	京都府	京都府 京都市北区	https://tabelog.com/kyoto/A2601/A260503/26001670/	スイーツ	sweets_west	スイーツ WEST	1	https://award.tabelog.com/hyakumeiten/sweets_west/2020
26017308	ロトス洋菓子店	京都府	京都府 四条（京都市営）駅	https://tabelog.com/kyoto/A2601/A260201/26017308/	スイーツ	sweets_west	スイーツ WEST	1	https://award.tabelog.com/hyakumeiten/sweets_west/2020
27076593	パティスリー ショコラトリー オーディネール	大阪府	大阪府 桜川駅	https://tabelog.com/osaka/A2701/A270201/27076593/	スイーツ	sweets_west	スイーツ WEST	1	https://award.tabelog.com/hyakumeiten/sweets_west/2020
26005325	緑寿庵清水	京都府	京都府 出町柳駅	https://tabelog.com/kyoto/A2601/A260302/26005325/	スイーツ	sweets_west	スイーツ WEST	1	https://award.tabelog.com/hyakumeiten/sweets_west/2020
27055936	カカオサンパカ 大丸梅田店	大阪府	大阪府 大阪梅田（阪神）駅	https://tabelog.com/osaka/A2701/A270101/27055936/	スイーツ	sweets_west	スイーツ WEST	1	https://award.tabelog.com/hyakumeiten/sweets_west/2020
26003706	パティスリー タンドレス	京都府	京都府 一乗寺駅	https://tabelog.com/kyoto/A2601/A260303/26003706/	スイーツ	sweets_west	スイーツ WEST	1	https://award.tabelog.com/hyakumeiten/sweets_west/2020
27009604	こちかぜ	大阪府	大阪府 玉造（大阪メトロ）駅	https://tabelog.com/osaka/A2701/A270204/27009604/	スイーツ	sweets_west	スイーツ WEST	1	https://award.tabelog.com/hyakumeiten/sweets_west/2020
28031988	PATISSERIE LACROIX	兵庫県	兵庫県 伊丹（ＪＲ）駅	https://tabelog.com/hyogo/A2803/A280306/28031988/	スイーツ	sweets_west	スイーツ WEST	1	https://award.tabelog.com/hyakumeiten/sweets_west/2020
28001388	ミッシェルバッハ	兵庫県	兵庫県 夙川駅	https://tabelog.com/hyogo/A2803/A280301/28001388/	スイーツ	sweets_west	スイーツ WEST	1	https://award.tabelog.com/hyakumeiten/sweets_west/2020
28012993	Poche du Reve	兵庫県	兵庫県 芦屋（阪神）駅	https://tabelog.com/hyogo/A2803/A280302/28012993/	スイーツ	sweets_west	スイーツ WEST	1	https://award.tabelog.com/hyakumeiten/sweets_west/2020
27001576	玉製家	大阪府	大阪府 日本橋駅	https://tabelog.com/osaka/A2701/A270202/27001576/	スイーツ	sweets_west	スイーツ WEST	1	https://award.tabelog.com/hyakumeiten/sweets_west/2020
13003889	うちたて家	東京都	東京都 池袋駅	https://tabelog.com/tokyo/A1305/A130501/13003889/	うどん	udon_tokyo	うどん TOKYO	1	https://award.tabelog.com/hyakumeiten/udon_tokyo/2020
13137697	うどん弥 根古坂	東京都	東京都 新小平駅	https://tabelog.com/tokyo/A1328/A132804/13137697/	うどん	udon_tokyo	うどん TOKYO	1	https://award.tabelog.com/hyakumeiten/udon_tokyo/2020
13142095	おにやんま 東品川店	東京都	東京都 青物横丁駅	https://tabelog.com/tokyo/A1315/A131501/13142095/	うどん	udon_tokyo	うどん TOKYO	1	https://award.tabelog.com/hyakumeiten/udon_tokyo/2020
13141730	恵	東京都	東京都 荻窪駅	https://tabelog.com/tokyo/A1319/A131906/13141730/	うどん	udon_tokyo	うどん TOKYO	1	https://award.tabelog.com/hyakumeiten/udon_tokyo/2020
13020252	根津 釜竹	東京都	東京都 根津駅	https://tabelog.com/tokyo/A1311/A131106/13020252/	うどん	udon_tokyo	うどん TOKYO	1	https://award.tabelog.com/hyakumeiten/udon_tokyo/2020
13003814	古奈屋 巣鴨本店	東京都	東京都 巣鴨駅	https://tabelog.com/tokyo/A1323/A132301/13003814/	うどん	udon_tokyo	うどん TOKYO	1	https://award.tabelog.com/hyakumeiten/udon_tokyo/2020
13000629	うどん 丸香	東京都	東京都 神保町駅	https://tabelog.com/tokyo/A1310/A131003/13000629/	うどん	udon_tokyo	うどん TOKYO	1	https://award.tabelog.com/hyakumeiten/udon_tokyo/2020
13087964	小平うどん 小平本店	東京都	東京都 小平市	https://tabelog.com/tokyo/A1328/A132804/13087964/	うどん	udon_tokyo	うどん TOKYO	1	https://award.tabelog.com/hyakumeiten/udon_tokyo/2020
13041174	元咲	東京都	東京都 小岩駅	https://tabelog.com/tokyo/A1312/A131204/13041174/	うどん	udon_tokyo	うどん TOKYO	1	https://award.tabelog.com/hyakumeiten/udon_tokyo/2020
13003783	手打うどん すみた	東京都	東京都 赤羽岩淵駅	https://tabelog.com/tokyo/A1323/A132305/13003783/	うどん	udon_tokyo	うどん TOKYO	1	https://award.tabelog.com/hyakumeiten/udon_tokyo/2020
13097934	あんぷく 池袋店	東京都	東京都 池袋駅	https://tabelog.com/tokyo/A1305/A130501/13097934/	うどん	udon_tokyo	うどん TOKYO	1	https://award.tabelog.com/hyakumeiten/udon_tokyo/2020
13025001	本格手打うどん あらた	東京都	東京都 八王子駅	https://tabelog.com/tokyo/A1329/A132904/13025001/	うどん	udon_tokyo	うどん TOKYO	1	https://award.tabelog.com/hyakumeiten/udon_tokyo/2020
13024229	葉隠	東京都	東京都 赤坂見附駅	https://tabelog.com/tokyo/A1308/A130801/13024229/	うどん	udon_tokyo	うどん TOKYO	1	https://award.tabelog.com/hyakumeiten/udon_tokyo/2020
13198167	博多うどん酒場イチカバチカ 恵比寿店	東京都	東京都 恵比寿駅	https://tabelog.com/tokyo/A1303/A130302/13198167/	うどん	udon_tokyo	うどん TOKYO	1	https://award.tabelog.com/hyakumeiten/udon_tokyo/2020
13033146	銀座 佐藤養助	東京都	東京都 銀座駅	https://tabelog.com/tokyo/A1301/A130101/13033146/	うどん	udon_tokyo	うどん TOKYO	1	https://award.tabelog.com/hyakumeiten/udon_tokyo/2020
13045327	うどん山長	東京都	東京都 恵比寿駅	https://tabelog.com/tokyo/A1303/A130302/13045327/	うどん	udon_tokyo	うどん TOKYO	1	https://award.tabelog.com/hyakumeiten/udon_tokyo/2020
13105083	手打うどん長谷川	東京都	東京都 大泉学園駅	https://tabelog.com/tokyo/A1321/A132103/13105083/	うどん	udon_tokyo	うどん TOKYO	1	https://award.tabelog.com/hyakumeiten/udon_tokyo/2020
13005072	竹や	東京都	東京都 御茶ノ水駅	https://tabelog.com/tokyo/A1310/A131002/13005072/	うどん	udon_tokyo	うどん TOKYO	1	https://award.tabelog.com/hyakumeiten/udon_tokyo/2020
13010118	きくや	東京都	東京都 武蔵大和駅	https://tabelog.com/tokyo/A1328/A132806/13010118/	うどん	udon_tokyo	うどん TOKYO	1	https://award.tabelog.com/hyakumeiten/udon_tokyo/2020
13185500	香川 一福 神田店	東京都	東京都 小川町駅	https://tabelog.com/tokyo/A1310/A131002/13185500/	うどん	udon_tokyo	うどん TOKYO	1	https://award.tabelog.com/hyakumeiten/udon_tokyo/2020
13006991	しまだ	東京都	東京都 表参道駅	https://tabelog.com/tokyo/A1306/A130602/13006991/	うどん	udon_tokyo	うどん TOKYO	1	https://award.tabelog.com/hyakumeiten/udon_tokyo/2020
13216456	おにやんま 人形町店	東京都	東京都 人形町駅	https://tabelog.com/tokyo/A1302/A130204/13216456/	うどん	udon_tokyo	うどん TOKYO	1	https://award.tabelog.com/hyakumeiten/udon_tokyo/2020
13025846	叶屋	東京都	東京都 浅草（東武・都営・メトロ）駅	https://tabelog.com/tokyo/A1311/A131102/13025846/	うどん	udon_tokyo	うどん TOKYO	1	https://award.tabelog.com/hyakumeiten/udon_tokyo/2020
13095768	正太郎うどん	東京都	東京都 上井草駅	https://tabelog.com/tokyo/A1321/A132105/13095768/	うどん	udon_tokyo	うどん TOKYO	1	https://award.tabelog.com/hyakumeiten/udon_tokyo/2020
13163404	四ツ木製麺所	東京都	東京都 京成立石駅	https://tabelog.com/tokyo/A1324/A132403/13163404/	うどん	udon_tokyo	うどん TOKYO	1	https://award.tabelog.com/hyakumeiten/udon_tokyo/2020
13200630	五代目 花山うどん 銀座店	東京都	東京都 東銀座駅	https://tabelog.com/tokyo/A1301/A130101/13200630/	うどん	udon_tokyo	うどん TOKYO	1	https://award.tabelog.com/hyakumeiten/udon_tokyo/2020
13153065	とこ井	東京都	東京都 高円寺駅	https://tabelog.com/tokyo/A1319/A131904/13153065/	うどん	udon_tokyo	うどん TOKYO	1	https://award.tabelog.com/hyakumeiten/udon_tokyo/2020
13013189	こんぴら茶屋	東京都	東京都 目黒駅	https://tabelog.com/tokyo/A1316/A131601/13013189/	うどん	udon_tokyo	うどん TOKYO	1	https://award.tabelog.com/hyakumeiten/udon_tokyo/2020
13044658	慶屋	東京都	東京都 日比谷駅	https://tabelog.com/tokyo/A1301/A130102/13044658/	うどん	udon_tokyo	うどん TOKYO	1	https://award.tabelog.com/hyakumeiten/udon_tokyo/2020
13015161	籠や	東京都	東京都 赤坂駅	https://tabelog.com/tokyo/A1308/A130801/13015161/	うどん	udon_tokyo	うどん TOKYO	1	https://award.tabelog.com/hyakumeiten/udon_tokyo/2020
13070422	栄屋うどん店	東京都	東京都 ひばりケ丘駅	https://tabelog.com/tokyo/A1328/A132801/13070422/	うどん	udon_tokyo	うどん TOKYO	1	https://award.tabelog.com/hyakumeiten/udon_tokyo/2020
13174640	石臼挽きうどん しゅはり	東京都	東京都 錦糸町駅	https://tabelog.com/tokyo/A1312/A131201/13174640/	うどん	udon_tokyo	うどん TOKYO	1	https://award.tabelog.com/hyakumeiten/udon_tokyo/2020
13080472	よしふじ	東京都	東京都 小平駅	https://tabelog.com/tokyo/A1328/A132804/13080472/	うどん	udon_tokyo	うどん TOKYO	1	https://award.tabelog.com/hyakumeiten/udon_tokyo/2020
13017139	古奈屋 丸の内オアゾ店	東京都	東京都 大手町駅	https://tabelog.com/tokyo/A1302/A130201/13017139/	うどん	udon_tokyo	うどん TOKYO	1	https://award.tabelog.com/hyakumeiten/udon_tokyo/2020
13218651	つくつくぼうし	東京都	東京都 野方駅	https://tabelog.com/tokyo/A1321/A132104/13218651/	うどん	udon_tokyo	うどん TOKYO	1	https://award.tabelog.com/hyakumeiten/udon_tokyo/2020
13003419	でら打ち	東京都	東京都 旗の台駅	https://tabelog.com/tokyo/A1317/A131712/13003419/	うどん	udon_tokyo	うどん TOKYO	1	https://award.tabelog.com/hyakumeiten/udon_tokyo/2020
13156107	純手打ち讃岐うどん五郎	東京都	東京都 錦糸町駅	https://tabelog.com/tokyo/A1312/A131201/13156107/	うどん	udon_tokyo	うどん TOKYO	1	https://award.tabelog.com/hyakumeiten/udon_tokyo/2020
13193378	cuud	東京都	東京都 羽田空港第１ビル駅	https://tabelog.com/tokyo/A1315/A131504/13193378/	うどん	udon_tokyo	うどん TOKYO	1	https://award.tabelog.com/hyakumeiten/udon_tokyo/2020
13119510	千駄木うどん 汐満	東京都	東京都 千駄木駅	https://tabelog.com/tokyo/A1311/A131106/13119510/	うどん	udon_tokyo	うどん TOKYO	1	https://award.tabelog.com/hyakumeiten/udon_tokyo/2020
13240246	トウキョウライトブルー ホンゴウスリー	東京都	東京都 本郷三丁目駅	https://tabelog.com/tokyo/A1310/A131004/13240246/	うどん	udon_tokyo	うどん TOKYO	1	https://award.tabelog.com/hyakumeiten/udon_tokyo/2020
13104580	太常うどん 銀座本店	東京都	東京都 東銀座駅	https://tabelog.com/tokyo/A1301/A130101/13104580/	うどん	udon_tokyo	うどん TOKYO	1	https://award.tabelog.com/hyakumeiten/udon_tokyo/2020
13104627	咲花善伝	東京都	東京都 四谷三丁目駅	https://tabelog.com/tokyo/A1309/A130903/13104627/	うどん	udon_tokyo	うどん TOKYO	1	https://award.tabelog.com/hyakumeiten/udon_tokyo/2020
13008395	讃岐饂飩 恩家	東京都	東京都 学芸大学駅	https://tabelog.com/tokyo/A1317/A131702/13008395/	うどん	udon_tokyo	うどん TOKYO	1	https://award.tabelog.com/hyakumeiten/udon_tokyo/2020
13015611	麻布久徳 六本木ヒルズ店	東京都	東京都 六本木駅	https://tabelog.com/tokyo/A1307/A130701/13015611/	うどん	udon_tokyo	うどん TOKYO	1	https://award.tabelog.com/hyakumeiten/udon_tokyo/2020
13001352	澤乃井	東京都	東京都 渋谷駅	https://tabelog.com/tokyo/A1303/A130301/13001352/	うどん	udon_tokyo	うどん TOKYO	1	https://award.tabelog.com/hyakumeiten/udon_tokyo/2020
13156851	讃岐のおうどん 花は咲く 新中野本店	東京都	東京都 新中野駅	https://tabelog.com/tokyo/A1319/A131902/13156851/	うどん	udon_tokyo	うどん TOKYO	1	https://award.tabelog.com/hyakumeiten/udon_tokyo/2020
13227953	本格手打 もり家 東京店	東京都	東京都 浜松町駅	https://tabelog.com/tokyo/A1314/A131401/13227953/	うどん	udon_tokyo	うどん TOKYO	1	https://award.tabelog.com/hyakumeiten/udon_tokyo/2020
13042758	関西風手打うどん いらっしゃい	東京都	東京都 入谷駅	https://tabelog.com/tokyo/A1311/A131104/13042758/	うどん	udon_tokyo	うどん TOKYO	1	https://award.tabelog.com/hyakumeiten/udon_tokyo/2020
13114085	谷や	東京都	東京都 水天宮前駅	https://tabelog.com/tokyo/A1302/A130204/13114085/	うどん	udon_tokyo	うどん TOKYO	1	https://award.tabelog.com/hyakumeiten/udon_tokyo/2020
13002602	天茶屋 七蔵	東京都	東京都 新橋駅	https://tabelog.com/tokyo/A1301/A130103/13002602/	うどん	udon_tokyo	うどん TOKYO	1	https://award.tabelog.com/hyakumeiten/udon_tokyo/2020
13117283	ウドンスタンド五頭	東京都	東京都 三鷹駅	https://tabelog.com/tokyo/A1320/A132002/13117283/	うどん	udon_tokyo	うどん TOKYO	1	https://award.tabelog.com/hyakumeiten/udon_tokyo/2020
13003158	うどん豊前房	東京都	東京都 池尻大橋駅	https://tabelog.com/tokyo/A1317/A131701/13003158/	うどん	udon_tokyo	うどん TOKYO	1	https://award.tabelog.com/hyakumeiten/udon_tokyo/2020
13046601	四国屋	東京都	東京都 新中野駅	https://tabelog.com/tokyo/A1319/A131902/13046601/	うどん	udon_tokyo	うどん TOKYO	1	https://award.tabelog.com/hyakumeiten/udon_tokyo/2020
13023908	讃岐饂飩 元喜	東京都	東京都 千石駅	https://tabelog.com/tokyo/A1323/A132301/13023908/	うどん	udon_tokyo	うどん TOKYO	1	https://award.tabelog.com/hyakumeiten/udon_tokyo/2020
13012311	うたた寝	東京都	東京都 石神井公園駅	https://tabelog.com/tokyo/A1321/A132103/13012311/	うどん	udon_tokyo	うどん TOKYO	1	https://award.tabelog.com/hyakumeiten/udon_tokyo/2020
13163619	手打ちうどん こげら	東京都	東京都 東村山市	https://tabelog.com/tokyo/A1328/A132805/13163619/	うどん	udon_tokyo	うどん TOKYO	1	https://award.tabelog.com/hyakumeiten/udon_tokyo/2020
13188754	自家製さぬきうどんと肉 甚三	東京都	東京都 大門駅	https://tabelog.com/tokyo/A1314/A131401/13188754/	うどん	udon_tokyo	うどん TOKYO	1	https://award.tabelog.com/hyakumeiten/udon_tokyo/2020
13022111	賞讃	東京都	東京都 京成立石駅	https://tabelog.com/tokyo/A1324/A132403/13022111/	うどん	udon_tokyo	うどん TOKYO	1	https://award.tabelog.com/hyakumeiten/udon_tokyo/2020
13182335	本格ぶっかけうどん 麺の里	東京都	東京都 上石神井駅	https://tabelog.com/tokyo/A1321/A132105/13182335/	うどん	udon_tokyo	うどん TOKYO	1	https://award.tabelog.com/hyakumeiten/udon_tokyo/2020
13022818	むさしの エン座	東京都	東京都 石神井公園駅	https://tabelog.com/tokyo/A1321/A132103/13022818/	うどん	udon_tokyo	うどん TOKYO	1	https://award.tabelog.com/hyakumeiten/udon_tokyo/2020
13162575	おにやんま 新橋店	東京都	東京都 新橋駅	https://tabelog.com/tokyo/A1301/A130103/13162575/	うどん	udon_tokyo	うどん TOKYO	1	https://award.tabelog.com/hyakumeiten/udon_tokyo/2020
13026307	村山 満月うどん	東京都	東京都 武蔵村山市	https://tabelog.com/tokyo/A1329/A132901/13026307/	うどん	udon_tokyo	うどん TOKYO	1	https://award.tabelog.com/hyakumeiten/udon_tokyo/2020
13018265	さぬきや	東京都	東京都 学芸大学駅	https://tabelog.com/tokyo/A1317/A131702/13018265/	うどん	udon_tokyo	うどん TOKYO	1	https://award.tabelog.com/hyakumeiten/udon_tokyo/2020
13141130	讃岐うどん いわい	東京都	東京都 十条駅	https://tabelog.com/tokyo/A1323/A132304/13141130/	うどん	udon_tokyo	うどん TOKYO	1	https://award.tabelog.com/hyakumeiten/udon_tokyo/2020
13022380	讃岐うどん いそや	東京都	東京都 京王八王子駅	https://tabelog.com/tokyo/A1329/A132904/13022380/	うどん	udon_tokyo	うどん TOKYO	1	https://award.tabelog.com/hyakumeiten/udon_tokyo/2020
13043315	ゆず屋製麺所	東京都	東京都 神田駅	https://tabelog.com/tokyo/A1310/A131002/13043315/	うどん	udon_tokyo	うどん TOKYO	1	https://award.tabelog.com/hyakumeiten/udon_tokyo/2020
13000696	JAZZ KEIRIN	東京都	東京都 下高井戸駅	https://tabelog.com/tokyo/A1318/A131809/13000696/	うどん	udon_tokyo	うどん TOKYO	1	https://award.tabelog.com/hyakumeiten/udon_tokyo/2020
13067097	笑乃讃	東京都	東京都 武蔵村山市	https://tabelog.com/tokyo/A1329/A132901/13067097/	うどん	udon_tokyo	うどん TOKYO	1	https://award.tabelog.com/hyakumeiten/udon_tokyo/2020
13193668	大地のうどん 東京馬場店	東京都	東京都 高田馬場駅	https://tabelog.com/tokyo/A1305/A130503/13193668/	うどん	udon_tokyo	うどん TOKYO	1	https://award.tabelog.com/hyakumeiten/udon_tokyo/2020
13111869	おにやんま 五反田本店	東京都	東京都 五反田駅	https://tabelog.com/tokyo/A1316/A131603/13111869/	うどん	udon_tokyo	うどん TOKYO	1	https://award.tabelog.com/hyakumeiten/udon_tokyo/2020
13120176	肉汁うどん長嶋屋	東京都	東京都 武蔵村山市	https://tabelog.com/tokyo/A1329/A132901/13120176/	うどん	udon_tokyo	うどん TOKYO	1	https://award.tabelog.com/hyakumeiten/udon_tokyo/2020
13095976	釜あげうどん はつとみ	東京都	東京都 江戸川橋駅	https://tabelog.com/tokyo/A1309/A130905/13095976/	うどん	udon_tokyo	うどん TOKYO	1	https://award.tabelog.com/hyakumeiten/udon_tokyo/2020
13118189	初代 恵比寿店	東京都	東京都 恵比寿駅	https://tabelog.com/tokyo/A1303/A130302/13118189/	うどん	udon_tokyo	うどん TOKYO	1	https://award.tabelog.com/hyakumeiten/udon_tokyo/2020
13182646	切麦や 甚六	東京都	東京都 新宿御苑前駅	https://tabelog.com/tokyo/A1304/A130402/13182646/	うどん	udon_tokyo	うどん TOKYO	1	https://award.tabelog.com/hyakumeiten/udon_tokyo/2020
13032356	雅楽	東京都	東京都 飯田橋駅	https://tabelog.com/tokyo/A1309/A130905/13032356/	うどん	udon_tokyo	うどん TOKYO	1	https://award.tabelog.com/hyakumeiten/udon_tokyo/2020
13224471	手打うどん いわしや 青山店	東京都	東京都 青山一丁目駅	https://tabelog.com/tokyo/A1306/A130603/13224471/	うどん	udon_tokyo	うどん TOKYO	1	https://award.tabelog.com/hyakumeiten/udon_tokyo/2020
13109309	讃岐うどん河野	東京都	東京都 要町駅	https://tabelog.com/tokyo/A1305/A130501/13109309/	うどん	udon_tokyo	うどん TOKYO	1	https://award.tabelog.com/hyakumeiten/udon_tokyo/2020
13126103	五島うどん びぜん家	東京都	東京都 武蔵小金井駅	https://tabelog.com/tokyo/A1325/A132501/13126103/	うどん	udon_tokyo	うどん TOKYO	1	https://award.tabelog.com/hyakumeiten/udon_tokyo/2020
13036030	酒と味噌煮込み 味噌煮込罠	東京都	東京都 本郷三丁目駅	https://tabelog.com/tokyo/A1310/A131004/13036030/	うどん	udon_tokyo	うどん TOKYO	1	https://award.tabelog.com/hyakumeiten/udon_tokyo/2020
13193074	稲庭うどんとめし 金子半之助 コレド室町店	東京都	東京都 三越前駅	https://tabelog.com/tokyo/A1302/A130202/13193074/	うどん	udon_tokyo	うどん TOKYO	1	https://award.tabelog.com/hyakumeiten/udon_tokyo/2020
13161758	五葵	東京都	東京都 葛飾区	https://tabelog.com/tokyo/A1324/A132403/13161758/	うどん	udon_tokyo	うどん TOKYO	1	https://award.tabelog.com/hyakumeiten/udon_tokyo/2020
13015841	玉丁本店 八重洲店	東京都	東京都 東京駅	https://tabelog.com/tokyo/A1302/A130201/13015841/	うどん	udon_tokyo	うどん TOKYO	1	https://award.tabelog.com/hyakumeiten/udon_tokyo/2020
13125862	うどん 慎	東京都	東京都 南新宿駅	https://tabelog.com/tokyo/A1304/A130401/13125862/	うどん	udon_tokyo	うどん TOKYO	1	https://award.tabelog.com/hyakumeiten/udon_tokyo/2020
13201863	麺匠 釜善	東京都	東京都 淡路町駅	https://tabelog.com/tokyo/A1310/A131002/13201863/	うどん	udon_tokyo	うどん TOKYO	1	https://award.tabelog.com/hyakumeiten/udon_tokyo/2020
13049983	讃岐うどん 蔵之介	東京都	東京都 高田馬場駅	https://tabelog.com/tokyo/A1305/A130503/13049983/	うどん	udon_tokyo	うどん TOKYO	1	https://award.tabelog.com/hyakumeiten/udon_tokyo/2020
13156494	釜たけうどん 八重洲北口店	東京都	東京都 東京駅	https://tabelog.com/tokyo/A1302/A130201/13156494/	うどん	udon_tokyo	うどん TOKYO	1	https://award.tabelog.com/hyakumeiten/udon_tokyo/2020
13018776	豚や	東京都	東京都 杉並区	https://tabelog.com/tokyo/A1319/A131907/13018776/	うどん	udon_tokyo	うどん TOKYO	1	https://award.tabelog.com/hyakumeiten/udon_tokyo/2020
13011726	さぬきや	東京都	東京都 高円寺駅	https://tabelog.com/tokyo/A1319/A131904/13011726/	うどん	udon_tokyo	うどん TOKYO	1	https://award.tabelog.com/hyakumeiten/udon_tokyo/2020
13170124	カレーうどん ひかり TOKYO	東京都	東京都 池袋駅	https://tabelog.com/tokyo/A1305/A130501/13170124/	うどん	udon_tokyo	うどん TOKYO	1	https://award.tabelog.com/hyakumeiten/udon_tokyo/2020
13018604	手打うどん あかう	東京都	東京都 日暮里駅	https://tabelog.com/tokyo/A1311/A131105/13018604/	うどん	udon_tokyo	うどん TOKYO	1	https://award.tabelog.com/hyakumeiten/udon_tokyo/2020
13016162	野口製麺所	東京都	東京都 東村山駅	https://tabelog.com/tokyo/A1328/A132806/13016162/	うどん	udon_tokyo	うどん TOKYO	1	https://award.tabelog.com/hyakumeiten/udon_tokyo/2020
13000760	一滴八銭屋 新宿本店	東京都	東京都 新宿駅	https://tabelog.com/tokyo/A1304/A130401/13000760/	うどん	udon_tokyo	うどん TOKYO	1	https://award.tabelog.com/hyakumeiten/udon_tokyo/2020
13181414	きつね庵	東京都	東京都 東銀座駅	https://tabelog.com/tokyo/A1301/A130101/13181414/	うどん	udon_tokyo	うどん TOKYO	1	https://award.tabelog.com/hyakumeiten/udon_tokyo/2020
13201618	二◯加屋長介 中目黒店	東京都	東京都 中目黒駅	https://tabelog.com/tokyo/A1317/A131701/13201618/	うどん	udon_tokyo	うどん TOKYO	1	https://award.tabelog.com/hyakumeiten/udon_tokyo/2020
13005951	むぎきり	東京都	東京都 一橋学園駅	https://tabelog.com/tokyo/A1328/A132804/13005951/	うどん	udon_tokyo	うどん TOKYO	1	https://award.tabelog.com/hyakumeiten/udon_tokyo/2020
13209088	香川 一福 立川店	東京都	東京都 立川駅	https://tabelog.com/tokyo/A1329/A132901/13209088/	うどん	udon_tokyo	うどん TOKYO	1	https://award.tabelog.com/hyakumeiten/udon_tokyo/2020
13121200	二代目 甚八	東京都	東京都 本郷三丁目駅	https://tabelog.com/tokyo/A1310/A131004/13121200/	うどん	udon_tokyo	うどん TOKYO	1	https://award.tabelog.com/hyakumeiten/udon_tokyo/2020
13199054	おにやんま 中目黒店	東京都	東京都 中目黒駅	https://tabelog.com/tokyo/A1317/A131701/13199054/	うどん	udon_tokyo	うどん TOKYO	1	https://award.tabelog.com/hyakumeiten/udon_tokyo/2020
13149268	福助	東京都	東京都 青梅街道駅	https://tabelog.com/tokyo/A1328/A132804/13149268/	うどん	udon_tokyo	うどん TOKYO	1	https://award.tabelog.com/hyakumeiten/udon_tokyo/2020
13001859	つるとんたん 六本木店	東京都	東京都 六本木駅	https://tabelog.com/tokyo/A1307/A130701/13001859/	うどん	udon_tokyo	うどん TOKYO	1	https://award.tabelog.com/hyakumeiten/udon_tokyo/2020
23007583	うどん料理 千	愛知県	愛知県 伏見駅	https://tabelog.com/aichi/A2301/A230102/23007583/	うどん	udon_east	うどん EAST	1	https://award.tabelog.com/hyakumeiten/udon_east/2020
5000022	佐藤養助 秋田店	秋田県	秋田県 秋田市	https://tabelog.com/akita/A0501/A050101/5000022/	うどん	udon_east	うどん EAST	1	https://award.tabelog.com/hyakumeiten/udon_east/2020
23000374	うどん 錦	愛知県	愛知県 栄（名古屋）駅	https://tabelog.com/aichi/A2301/A230103/23000374/	うどん	udon_east	うどん EAST	1	https://award.tabelog.com/hyakumeiten/udon_east/2020
9003113	ぶつをのうどん	栃木県	栃木県 宇都宮市	https://tabelog.com/tochigi/A0901/A090101/9003113/	うどん	udon_east	うどん EAST	1	https://award.tabelog.com/hyakumeiten/udon_east/2020
11003031	元祖武蔵野うどん めんこや 本店	埼玉県	埼玉県 川越市	https://tabelog.com/saitama/A1103/A110303/11003031/	うどん	udon_east	うどん EAST	1	https://award.tabelog.com/hyakumeiten/udon_east/2020
23053858	鯱市 錦通伏見店	愛知県	愛知県 伏見駅	https://tabelog.com/aichi/A2301/A230102/23053858/	うどん	udon_east	うどん EAST	1	https://award.tabelog.com/hyakumeiten/udon_east/2020
19000055	白須うどん	山梨県	山梨県 富士吉田市	https://tabelog.com/yamanashi/A1903/A190301/19000055/	うどん	udon_east	うどん EAST	1	https://award.tabelog.com/hyakumeiten/udon_east/2020
14033545	宗	神奈川県	神奈川県 向ケ丘遊園駅	https://tabelog.com/kanagawa/A1405/A140506/14033545/	うどん	udon_east	うどん EAST	1	https://award.tabelog.com/hyakumeiten/udon_east/2020
23039141	手打うどん かとう	愛知県	愛知県 中村区役所駅	https://tabelog.com/aichi/A2301/A230101/23039141/	うどん	udon_east	うどん EAST	1	https://award.tabelog.com/hyakumeiten/udon_east/2020
11009188	うどん 有田	埼玉県	埼玉県 北上尾駅	https://tabelog.com/saitama/A1104/A110401/11009188/	うどん	udon_east	うどん EAST	1	https://award.tabelog.com/hyakumeiten/udon_east/2020
23059222	讃岐うどん 麦福	愛知県	愛知県 今池駅	https://tabelog.com/aichi/A2301/A230106/23059222/	うどん	udon_east	うどん EAST	1	https://award.tabelog.com/hyakumeiten/udon_east/2020
11003682	喜多一	埼玉県	埼玉県 航空公園駅	https://tabelog.com/saitama/A1106/A110601/11003682/	うどん	udon_east	うどん EAST	1	https://award.tabelog.com/hyakumeiten/udon_east/2020
12004760	しょうね家	千葉県	千葉県 富里市	https://tabelog.com/chiba/A1204/A120403/12004760/	うどん	udon_east	うどん EAST	1	https://award.tabelog.com/hyakumeiten/udon_east/2020
11000974	田舎打ち 麺蔵	埼玉県	埼玉県 川越市	https://tabelog.com/saitama/A1103/A110304/11000974/	うどん	udon_east	うどん EAST	1	https://award.tabelog.com/hyakumeiten/udon_east/2020
11028810	手打うどん 寿庵	埼玉県	埼玉県 土呂駅	https://tabelog.com/saitama/A1101/A110103/11028810/	うどん	udon_east	うどん EAST	1	https://award.tabelog.com/hyakumeiten/udon_east/2020
1001950	手打ちうどん寺屋	北海道	北海道 札幌市西区	https://tabelog.com/hokkaido/A0101/A010204/1001950/	うどん	udon_east	うどん EAST	1	https://award.tabelog.com/hyakumeiten/udon_east/2020
11033050	うどん本舗	埼玉県	埼玉県 川越市	https://tabelog.com/saitama/A1103/A110303/11033050/	うどん	udon_east	うどん EAST	1	https://award.tabelog.com/hyakumeiten/udon_east/2020
12006332	鈴や	千葉県	千葉県 印西市	https://tabelog.com/chiba/A1204/A120402/12006332/	うどん	udon_east	うどん EAST	1	https://award.tabelog.com/hyakumeiten/udon_east/2020
11022150	うどん処 おはな	埼玉県	埼玉県 朝霞台駅	https://tabelog.com/saitama/A1103/A110301/11022150/	うどん	udon_east	うどん EAST	1	https://award.tabelog.com/hyakumeiten/udon_east/2020
21000027	信濃屋	岐阜県	岐阜県 多治見市	https://tabelog.com/gifu/A2103/A210301/21000027/	うどん	udon_east	うどん EAST	1	https://award.tabelog.com/hyakumeiten/udon_east/2020
10000216	清水屋	群馬県	群馬県 渋川市	https://tabelog.com/gunma/A1004/A100401/10000216/	うどん	udon_east	うどん EAST	1	https://award.tabelog.com/hyakumeiten/udon_east/2020
11005442	駕籠休み	埼玉県	埼玉県 さいたま新都心駅	https://tabelog.com/saitama/A1101/A110101/11005442/	うどん	udon_east	うどん EAST	1	https://award.tabelog.com/hyakumeiten/udon_east/2020
11004724	手打うどん 松屋	埼玉県	埼玉県 桶川駅	https://tabelog.com/saitama/A1104/A110401/11004724/	うどん	udon_east	うどん EAST	1	https://award.tabelog.com/hyakumeiten/udon_east/2020
19000357	桜井うどん	山梨県	山梨県 富士吉田市	https://tabelog.com/yamanashi/A1903/A190301/19000357/	うどん	udon_east	うどん EAST	1	https://award.tabelog.com/hyakumeiten/udon_east/2020
23000050	カレーうどん 鯱乃家	愛知県	愛知県 黒川駅	https://tabelog.com/aichi/A2301/A230110/23000050/	うどん	udon_east	うどん EAST	1	https://award.tabelog.com/hyakumeiten/udon_east/2020
11006341	四方吉うどん 吉見本店	埼玉県	埼玉県 比企郡吉見町	https://tabelog.com/saitama/A1105/A110502/11006341/	うどん	udon_east	うどん EAST	1	https://award.tabelog.com/hyakumeiten/udon_east/2020
11004286	武蔵野うどん 藤原 北与野本店	埼玉県	埼玉県 北与野駅	https://tabelog.com/saitama/A1101/A110101/11004286/	うどん	udon_east	うどん EAST	1	https://award.tabelog.com/hyakumeiten/udon_east/2020
11026435	うどん家　一	埼玉県	埼玉県 小手指駅	https://tabelog.com/saitama/A1106/A110601/11026435/	うどん	udon_east	うどん EAST	1	https://award.tabelog.com/hyakumeiten/udon_east/2020
11005554	手打ちうどん いしづか	埼玉県	埼玉県 桶川駅	https://tabelog.com/saitama/A1104/A110401/11005554/	うどん	udon_east	うどん EAST	1	https://award.tabelog.com/hyakumeiten/udon_east/2020
12007471	お多福	千葉県	千葉県 鎌ケ谷大仏駅	https://tabelog.com/chiba/A1203/A120303/12007471/	うどん	udon_east	うどん EAST	1	https://award.tabelog.com/hyakumeiten/udon_east/2020
19000919	たかちゃんうどん	山梨県	山梨県 富士吉田市	https://tabelog.com/yamanashi/A1903/A190301/19000919/	うどん	udon_east	うどん EAST	1	https://award.tabelog.com/hyakumeiten/udon_east/2020
14061080	釜揚げうどん専門店もと	神奈川県	神奈川県 平塚駅	https://tabelog.com/kanagawa/A1404/A140407/14061080/	うどん	udon_east	うどん EAST	1	https://award.tabelog.com/hyakumeiten/udon_east/2020
19000359	みうらうどん	山梨県	山梨県 富士吉田市	https://tabelog.com/yamanashi/A1903/A190301/19000359/	うどん	udon_east	うどん EAST	1	https://award.tabelog.com/hyakumeiten/udon_east/2020
23009617	玉川 豊橋広小路本店	愛知県	愛知県 豊橋市	https://tabelog.com/aichi/A2306/A230601/23009617/	うどん	udon_east	うどん EAST	1	https://award.tabelog.com/hyakumeiten/udon_east/2020
23008668	岡崎 二橋	愛知県	愛知県 岡崎市	https://tabelog.com/aichi/A2305/A230502/23008668/	うどん	udon_east	うどん EAST	1	https://award.tabelog.com/hyakumeiten/udon_east/2020
1002856	鬼はそと福はうち	北海道	北海道 西線１６条駅	https://tabelog.com/hokkaido/A0101/A010104/1002856/	うどん	udon_east	うどん EAST	1	https://award.tabelog.com/hyakumeiten/udon_east/2020
11017604	ががちゃ屋	埼玉県	埼玉県 一本松駅	https://tabelog.com/saitama/A1103/A110304/11017604/	うどん	udon_east	うどん EAST	1	https://award.tabelog.com/hyakumeiten/udon_east/2020
19000160	美也樹	山梨県	山梨県 富士吉田市	https://tabelog.com/yamanashi/A1903/A190301/19000160/	うどん	udon_east	うどん EAST	1	https://award.tabelog.com/hyakumeiten/udon_east/2020
10001132	花山うどん 本店	群馬県	群馬県 館林市	https://tabelog.com/gunma/A1002/A100204/10001132/	うどん	udon_east	うどん EAST	1	https://award.tabelog.com/hyakumeiten/udon_east/2020
23041118	讃岐うどん 本格手打 てつ家	愛知県	愛知県 豊橋市	https://tabelog.com/aichi/A2306/A230601/23041118/	うどん	udon_east	うどん EAST	1	https://award.tabelog.com/hyakumeiten/udon_east/2020
23032890	讃州手打ちうどん 我流	愛知県	愛知県 西尾市	https://tabelog.com/aichi/A2305/A230504/23032890/	うどん	udon_east	うどん EAST	1	https://award.tabelog.com/hyakumeiten/udon_east/2020
11006382	粉家	埼玉県	埼玉県 小前田駅	https://tabelog.com/saitama/A1105/A110503/11006382/	うどん	udon_east	うどん EAST	1	https://award.tabelog.com/hyakumeiten/udon_east/2020
19004114	くれちうどん	山梨県	山梨県 富士吉田市	https://tabelog.com/yamanashi/A1903/A190301/19004114/	うどん	udon_east	うどん EAST	1	https://award.tabelog.com/hyakumeiten/udon_east/2020
11033420	永井	埼玉県	埼玉県 入間郡三芳町	https://tabelog.com/saitama/A1103/A110302/11033420/	うどん	udon_east	うどん EAST	1	https://award.tabelog.com/hyakumeiten/udon_east/2020
10000215	田丸屋	群馬県	群馬県 渋川市	https://tabelog.com/gunma/A1004/A100401/10000215/	うどん	udon_east	うどん EAST	1	https://award.tabelog.com/hyakumeiten/udon_east/2020
1007039	ザンギうどん一久 狸小路店	北海道	北海道 狸小路駅	https://tabelog.com/hokkaido/A0101/A010102/1007039/	うどん	udon_east	うどん EAST	1	https://award.tabelog.com/hyakumeiten/udon_east/2020
11024696	麦屋	埼玉県	埼玉県 深谷市	https://tabelog.com/saitama/A1105/A110503/11024696/	うどん	udon_east	うどん EAST	1	https://award.tabelog.com/hyakumeiten/udon_east/2020
14041477	麺一滴	神奈川県	神奈川県 京急川崎駅	https://tabelog.com/kanagawa/A1405/A140501/14041477/	うどん	udon_east	うどん EAST	1	https://award.tabelog.com/hyakumeiten/udon_east/2020
11029324	がむしゃら	埼玉県	埼玉県 仏子駅	https://tabelog.com/saitama/A1106/A110602/11029324/	うどん	udon_east	うどん EAST	1	https://award.tabelog.com/hyakumeiten/udon_east/2020
11004153	六助うどん	埼玉県	埼玉県 本庄市	https://tabelog.com/saitama/A1105/A110504/11004153/	うどん	udon_east	うどん EAST	1	https://award.tabelog.com/hyakumeiten/udon_east/2020
23000031	角丸	愛知県	愛知県 久屋大通駅	https://tabelog.com/aichi/A2301/A230103/23000031/	うどん	udon_east	うどん EAST	1	https://award.tabelog.com/hyakumeiten/udon_east/2020
19000243	手打ちうどん ムサシ	山梨県	山梨県 富士吉田市	https://tabelog.com/yamanashi/A1903/A190301/19000243/	うどん	udon_east	うどん EAST	1	https://award.tabelog.com/hyakumeiten/udon_east/2020
9001007	野村屋本店	栃木県	栃木県 佐野市	https://tabelog.com/tochigi/A0902/A090202/9001007/	うどん	udon_east	うどん EAST	1	https://award.tabelog.com/hyakumeiten/udon_east/2020
14055488	饂飩頑陣 本店	神奈川県	神奈川県 馬車道駅	https://tabelog.com/kanagawa/A1401/A140104/14055488/	うどん	udon_east	うどん EAST	1	https://award.tabelog.com/hyakumeiten/udon_east/2020
11024986	あじめん 北浦和店	埼玉県	埼玉県 北浦和駅	https://tabelog.com/saitama/A1101/A110102/11024986/	うどん	udon_east	うどん EAST	1	https://award.tabelog.com/hyakumeiten/udon_east/2020
23000123	煮込うどん 山本屋本店 エスカ店	愛知県	愛知県 名古屋駅	https://tabelog.com/aichi/A2301/A230101/23000123/	うどん	udon_east	うどん EAST	1	https://award.tabelog.com/hyakumeiten/udon_east/2020
11034232	大地	埼玉県	埼玉県 行田市駅	https://tabelog.com/saitama/A1104/A110403/11034232/	うどん	udon_east	うどん EAST	1	https://award.tabelog.com/hyakumeiten/udon_east/2020
8001852	地酒と饂飩 たらいうどん椛や	茨城県	茨城県 水戸市	https://tabelog.com/ibaraki/A0801/A080101/8001852/	うどん	udon_east	うどん EAST	1	https://award.tabelog.com/hyakumeiten/udon_east/2020
11028299	まつ奈	埼玉県	埼玉県 浦和駅	https://tabelog.com/saitama/A1101/A110102/11028299/	うどん	udon_east	うどん EAST	1	https://award.tabelog.com/hyakumeiten/udon_east/2020
23013430	めん専門店 味良	愛知県	愛知県 名古屋市北区	https://tabelog.com/aichi/A2301/A230110/23013430/	うどん	udon_east	うどん EAST	1	https://award.tabelog.com/hyakumeiten/udon_east/2020
23001708	きしや	愛知県	愛知県 池下駅	https://tabelog.com/aichi/A2301/A230106/23001708/	うどん	udon_east	うどん EAST	1	https://award.tabelog.com/hyakumeiten/udon_east/2020
19000815	たけ川うどん	山梨県	山梨県 南都留郡富士河口湖町	https://tabelog.com/yamanashi/A1903/A190303/19000815/	うどん	udon_east	うどん EAST	1	https://award.tabelog.com/hyakumeiten/udon_east/2020
10000108	田中屋	群馬県	群馬県 前橋市	https://tabelog.com/gunma/A1001/A100101/10000108/	うどん	udon_east	うどん EAST	1	https://award.tabelog.com/hyakumeiten/udon_east/2020
9002782	うどん匠人 岡本	栃木県	栃木県 那須郡那須町	https://tabelog.com/tochigi/A0905/A090501/9002782/	うどん	udon_east	うどん EAST	1	https://award.tabelog.com/hyakumeiten/udon_east/2020
19000050	彩花	山梨県	山梨県 南都留郡富士河口湖町	https://tabelog.com/yamanashi/A1903/A190303/19000050/	うどん	udon_east	うどん EAST	1	https://award.tabelog.com/hyakumeiten/udon_east/2020
10001147	藤屋本店	群馬県	群馬県 桐生市	https://tabelog.com/gunma/A1002/A100201/10001147/	うどん	udon_east	うどん EAST	1	https://award.tabelog.com/hyakumeiten/udon_east/2020
19000403	うどん屋 源さん 本店	山梨県	山梨県 甲府市	https://tabelog.com/yamanashi/A1901/A190101/19000403/	うどん	udon_east	うどん EAST	1	https://award.tabelog.com/hyakumeiten/udon_east/2020
1043434	増田うどん	北海道	北海道 中央区役所前駅	https://tabelog.com/hokkaido/A0101/A010102/1043434/	うどん	udon_east	うどん EAST	1	https://award.tabelog.com/hyakumeiten/udon_east/2020
23013234	清平	愛知県	愛知県 浄心駅	https://tabelog.com/aichi/A2301/A230109/23013234/	うどん	udon_east	うどん EAST	1	https://award.tabelog.com/hyakumeiten/udon_east/2020
12005569	手打ちうどんZ	千葉県	千葉県 大網白里市	https://tabelog.com/chiba/A1205/A120503/12005569/	うどん	udon_east	うどん EAST	1	https://award.tabelog.com/hyakumeiten/udon_east/2020
19000136	麺許皆伝	山梨県	山梨県 富士吉田市	https://tabelog.com/yamanashi/A1903/A190301/19000136/	うどん	udon_east	うどん EAST	1	https://award.tabelog.com/hyakumeiten/udon_east/2020
23045911	太門	愛知県	愛知県 今池駅	https://tabelog.com/aichi/A2301/A230106/23045911/	うどん	udon_east	うどん EAST	1	https://award.tabelog.com/hyakumeiten/udon_east/2020
19000342	渡辺うどん	山梨県	山梨県 南都留郡忍野村	https://tabelog.com/yamanashi/A1903/A190302/19000342/	うどん	udon_east	うどん EAST	1	https://award.tabelog.com/hyakumeiten/udon_east/2020
11003505	由す美	埼玉県	埼玉県 行田市	https://tabelog.com/saitama/A1104/A110403/11003505/	うどん	udon_east	うどん EAST	1	https://award.tabelog.com/hyakumeiten/udon_east/2020
12023023	讃岐饂飩 まるは	千葉県	千葉県 船橋法典駅	https://tabelog.com/chiba/A1202/A120201/12023023/	うどん	udon_east	うどん EAST	1	https://award.tabelog.com/hyakumeiten/udon_east/2020
23040430	手打うどん 牛コロ 宮内	愛知県	愛知県 志賀本通駅	https://tabelog.com/aichi/A2301/A230110/23040430/	うどん	udon_east	うどん EAST	1	https://award.tabelog.com/hyakumeiten/udon_east/2020
11000460	武蔵野伝統の味 涼太郎	埼玉県	埼玉県 所沢駅	https://tabelog.com/saitama/A1106/A110601/11000460/	うどん	udon_east	うどん EAST	1	https://award.tabelog.com/hyakumeiten/udon_east/2020
11004258	讃岐うどん 條辺	埼玉県	埼玉県 上福岡駅	https://tabelog.com/saitama/A1103/A110302/11004258/	うどん	udon_east	うどん EAST	1	https://award.tabelog.com/hyakumeiten/udon_east/2020
11004070	藤店うどん 川越店	埼玉県	埼玉県 川越市	https://tabelog.com/saitama/A1103/A110303/11004070/	うどん	udon_east	うどん EAST	1	https://award.tabelog.com/hyakumeiten/udon_east/2020
11016730	だるまや	埼玉県	埼玉県 比企郡川島町	https://tabelog.com/saitama/A1105/A110502/11016730/	うどん	udon_east	うどん EAST	1	https://award.tabelog.com/hyakumeiten/udon_east/2020
23007899	鈴家	愛知県	愛知県 名古屋市名東区	https://tabelog.com/aichi/A2301/A230111/23007899/	うどん	udon_east	うどん EAST	1	https://award.tabelog.com/hyakumeiten/udon_east/2020
11003324	手打ちうどん さわいち	埼玉県	埼玉県 大和田駅	https://tabelog.com/saitama/A1101/A110103/11003324/	うどん	udon_east	うどん EAST	1	https://award.tabelog.com/hyakumeiten/udon_east/2020
11017560	あそび	埼玉県	埼玉県 比企郡小川町	https://tabelog.com/saitama/A1105/A110605/11017560/	うどん	udon_east	うどん EAST	1	https://award.tabelog.com/hyakumeiten/udon_east/2020
11004534	さわだ	埼玉県	埼玉県 入間市	https://tabelog.com/saitama/A1106/A110602/11004534/	うどん	udon_east	うどん EAST	1	https://award.tabelog.com/hyakumeiten/udon_east/2020
14014003	手打ちうどん 自遊席	神奈川県	神奈川県 藤沢市	https://tabelog.com/kanagawa/A1404/A140405/14014003/	うどん	udon_east	うどん EAST	1	https://award.tabelog.com/hyakumeiten/udon_east/2020
11033610	手打うどん 長谷沼	埼玉県	埼玉県 本川越駅	https://tabelog.com/saitama/A1103/A110303/11033610/	うどん	udon_east	うどん EAST	1	https://award.tabelog.com/hyakumeiten/udon_east/2020
11004160	田舎うどん てつ	埼玉県	埼玉県 川越市	https://tabelog.com/saitama/A1103/A110303/11004160/	うどん	udon_east	うどん EAST	1	https://award.tabelog.com/hyakumeiten/udon_east/2020
11005759	深山うどん	埼玉県	埼玉県 上尾市	https://tabelog.com/saitama/A1104/A110401/11005759/	うどん	udon_east	うどん EAST	1	https://award.tabelog.com/hyakumeiten/udon_east/2020
11001574	本手打うどん庄司	埼玉県	埼玉県 比企郡川島町	https://tabelog.com/saitama/A1105/A110502/11001574/	うどん	udon_east	うどん EAST	1	https://award.tabelog.com/hyakumeiten/udon_east/2020
11000761	ぶっかけうどん 小野	埼玉県	埼玉県 北与野駅	https://tabelog.com/saitama/A1101/A110101/11000761/	うどん	udon_east	うどん EAST	1	https://award.tabelog.com/hyakumeiten/udon_east/2020
1006400	かれーうどん 椿	北海道	北海道 西１８丁目駅	https://tabelog.com/hokkaido/A0101/A010102/1006400/	うどん	udon_east	うどん EAST	1	https://award.tabelog.com/hyakumeiten/udon_east/2020
11009882	久良一	埼玉県	埼玉県 鴻巣市	https://tabelog.com/saitama/A1104/A110401/11009882/	うどん	udon_east	うどん EAST	1	https://award.tabelog.com/hyakumeiten/udon_east/2020
5005720	寛文五年堂 秋田店	秋田県	秋田県 秋田市	https://tabelog.com/akita/A0501/A050101/5005720/	うどん	udon_east	うどん EAST	1	https://award.tabelog.com/hyakumeiten/udon_east/2020
11001573	三丁目の手打うどん	埼玉県	埼玉県 武蔵藤沢駅	https://tabelog.com/saitama/A1106/A110602/11001573/	うどん	udon_east	うどん EAST	1	https://award.tabelog.com/hyakumeiten/udon_east/2020
19000292	手打ち 山もとうどん	山梨県	山梨県 都留市	https://tabelog.com/yamanashi/A1905/A190501/19000292/	うどん	udon_east	うどん EAST	1	https://award.tabelog.com/hyakumeiten/udon_east/2020
23000094	まことや	愛知県	愛知県 川名駅	https://tabelog.com/aichi/A2301/A230108/23000094/	うどん	udon_east	うどん EAST	1	https://award.tabelog.com/hyakumeiten/udon_east/2020
11000476	藤店うどん	埼玉県	埼玉県 さいたま市西区	https://tabelog.com/saitama/A1101/A110103/11000476/	うどん	udon_east	うどん EAST	1	https://award.tabelog.com/hyakumeiten/udon_east/2020
23012864	千年ニコ天	愛知県	愛知県 名古屋市熱田区	https://tabelog.com/aichi/A2301/A230112/23012864/	うどん	udon_east	うどん EAST	1	https://award.tabelog.com/hyakumeiten/udon_east/2020
21001856	手打うどん 郁兵衛	岐阜県	岐阜県 土岐市	https://tabelog.com/gifu/A2103/A210301/21001856/	うどん	udon_east	うどん EAST	1	https://award.tabelog.com/hyakumeiten/udon_east/2020
1002003	うどん家 こむぎ	北海道	北海道 八軒駅	https://tabelog.com/hokkaido/A0101/A010204/1002003/	うどん	udon_east	うどん EAST	1	https://award.tabelog.com/hyakumeiten/udon_east/2020
37000134	本格手打 もり家	香川県	香川県 高松市	https://tabelog.com/kagawa/A3701/A370101/37000134/	うどん	udon_west	うどん WEST	1	https://award.tabelog.com/hyakumeiten/udon_west/2020
40034851	釜喜利うどん	福岡県	福岡県 赤坂駅	https://tabelog.com/fukuoka/A4001/A400104/40034851/	うどん	udon_west	うどん WEST	1	https://award.tabelog.com/hyakumeiten/udon_west/2020
27052338	活麺富蔵	大阪府	大阪府 四条畷駅	https://tabelog.com/osaka/A2707/A270704/27052338/	うどん	udon_west	うどん WEST	1	https://award.tabelog.com/hyakumeiten/udon_west/2020
37000128	宮川製麺所	香川県	香川県 善通寺市	https://tabelog.com/kagawa/A3703/A370302/37000128/	うどん	udon_west	うどん WEST	1	https://award.tabelog.com/hyakumeiten/udon_west/2020
37006914	麦香	香川県	香川県 丸亀市	https://tabelog.com/kagawa/A3702/A370202/37006914/	うどん	udon_west	うどん WEST	1	https://award.tabelog.com/hyakumeiten/udon_west/2020
37000378	マルタニ製麺	香川県	香川県 高松市	https://tabelog.com/kagawa/A3701/A370101/37000378/	うどん	udon_west	うどん WEST	1	https://award.tabelog.com/hyakumeiten/udon_west/2020
27015342	うどん屋 きすけ	大阪府	大阪府 中崎町駅	https://tabelog.com/osaka/A2701/A270101/27015342/	うどん	udon_west	うどん WEST	1	https://award.tabelog.com/hyakumeiten/udon_west/2020
37000040	中西うどん	香川県	香川県 高松市	https://tabelog.com/kagawa/A3701/A370101/37000040/	うどん	udon_west	うどん WEST	1	https://award.tabelog.com/hyakumeiten/udon_west/2020
28001187	麦きり トクオカ	兵庫県	兵庫県 土山駅	https://tabelog.com/hyogo/A2804/A280401/28001187/	うどん	udon_west	うどん WEST	1	https://award.tabelog.com/hyakumeiten/udon_west/2020
37000224	手打麺や 大島	香川県	香川県 高松市	https://tabelog.com/kagawa/A3701/A370101/37000224/	うどん	udon_west	うどん WEST	1	https://award.tabelog.com/hyakumeiten/udon_west/2020
37004775	本格手打うどん 麺むすび	香川県	香川県 高松市	https://tabelog.com/kagawa/A3701/A370101/37004775/	うどん	udon_west	うどん WEST	1	https://award.tabelog.com/hyakumeiten/udon_west/2020
27014852	讃岐うどん 白庵	大阪府	大阪府 神崎川駅	https://tabelog.com/osaka/A2701/A270302/27014852/	うどん	udon_west	うどん WEST	1	https://award.tabelog.com/hyakumeiten/udon_west/2020
37000057	わら家	香川県	香川県 高松市	https://tabelog.com/kagawa/A3701/A370101/37000057/	うどん	udon_west	うどん WEST	1	https://award.tabelog.com/hyakumeiten/udon_west/2020
37006622	カマ喜ri	香川県	香川県 観音寺市	https://tabelog.com/kagawa/A3703/A370301/37006622/	うどん	udon_west	うどん WEST	1	https://award.tabelog.com/hyakumeiten/udon_west/2020
27027893	江戸堀 木田 讃岐うどん	大阪府	大阪府 肥後橋駅	https://tabelog.com/osaka/A2701/A270102/27027893/	うどん	udon_west	うどん WEST	1	https://award.tabelog.com/hyakumeiten/udon_west/2020
37000080	山越うどん	香川県	香川県 綾歌郡綾川町	https://tabelog.com/kagawa/A3702/A370202/37000080/	うどん	udon_west	うどん WEST	1	https://award.tabelog.com/hyakumeiten/udon_west/2020
37008190	三好うどん	香川県	香川県 三豊市	https://tabelog.com/kagawa/A3703/A370303/37008190/	うどん	udon_west	うどん WEST	1	https://award.tabelog.com/hyakumeiten/udon_west/2020
37007004	あやうた製麺	香川県	香川県 丸亀市	https://tabelog.com/kagawa/A3702/A370202/37007004/	うどん	udon_west	うどん WEST	1	https://award.tabelog.com/hyakumeiten/udon_west/2020
37000015	釜あげうどん 長田 in 香の香	香川県	香川県 善通寺市	https://tabelog.com/kagawa/A3703/A370302/37000015/	うどん	udon_west	うどん WEST	1	https://award.tabelog.com/hyakumeiten/udon_west/2020
27009072	讃岐うどん いってつ	大阪府	大阪府 大阪狭山市	https://tabelog.com/osaka/A2708/A270802/27009072/	うどん	udon_west	うどん WEST	1	https://award.tabelog.com/hyakumeiten/udon_west/2020
26020260	本格手打うどん 大河	京都府	京都府 藤森駅	https://tabelog.com/kyoto/A2601/A260601/26020260/	うどん	udon_west	うどん WEST	1	https://award.tabelog.com/hyakumeiten/udon_west/2020
28029478	うどん工房悠々	兵庫県	兵庫県 塚口（阪急）駅	https://tabelog.com/hyogo/A2803/A280304/28029478/	うどん	udon_west	うどん WEST	1	https://award.tabelog.com/hyakumeiten/udon_west/2020
37000147	シラカワ	香川県	香川県 三豊市	https://tabelog.com/kagawa/A3703/A370303/37000147/	うどん	udon_west	うどん WEST	1	https://award.tabelog.com/hyakumeiten/udon_west/2020
37005339	宮武うどん	香川県	香川県 高松市	https://tabelog.com/kagawa/A3701/A370101/37005339/	うどん	udon_west	うどん WEST	1	https://award.tabelog.com/hyakumeiten/udon_west/2020
37000384	うどんの田	香川県	香川県 高松市	https://tabelog.com/kagawa/A3701/A370101/37000384/	うどん	udon_west	うどん WEST	1	https://award.tabelog.com/hyakumeiten/udon_west/2020
27042400	極楽うどん TKU	大阪府	大阪府 玉造（ＪＲ）駅	https://tabelog.com/osaka/A2701/A270204/27042400/	うどん	udon_west	うどん WEST	1	https://award.tabelog.com/hyakumeiten/udon_west/2020
28003753	がいな製麺所	兵庫県	兵庫県 加西市	https://tabelog.com/hyogo/A2804/A280403/28003753/	うどん	udon_west	うどん WEST	1	https://award.tabelog.com/hyakumeiten/udon_west/2020
37000533	根ッ子うどん	香川県	香川県 仲多度郡多度津町	https://tabelog.com/kagawa/A3702/A370202/37000533/	うどん	udon_west	うどん WEST	1	https://award.tabelog.com/hyakumeiten/udon_west/2020
37000005	長田うどん	香川県	香川県 仲多度郡まんのう町	https://tabelog.com/kagawa/A3703/A370302/37000005/	うどん	udon_west	うどん WEST	1	https://award.tabelog.com/hyakumeiten/udon_west/2020
37000020	山下うどん	香川県	香川県 坂出市	https://tabelog.com/kagawa/A3702/A370201/37000020/	うどん	udon_west	うどん WEST	1	https://award.tabelog.com/hyakumeiten/udon_west/2020
37000143	須崎食料品店	香川県	香川県 三豊市	https://tabelog.com/kagawa/A3703/A370303/37000143/	うどん	udon_west	うどん WEST	1	https://award.tabelog.com/hyakumeiten/udon_west/2020
37004606	純手打うどん よしや	香川県	香川県 丸亀市	https://tabelog.com/kagawa/A3702/A370202/37004606/	うどん	udon_west	うどん WEST	1	https://award.tabelog.com/hyakumeiten/udon_west/2020
37000068	なかむら	香川県	香川県 丸亀市	https://tabelog.com/kagawa/A3702/A370202/37000068/	うどん	udon_west	うどん WEST	1	https://award.tabelog.com/hyakumeiten/udon_west/2020
37000684	吉本食品	香川県	香川県 東かがわ市	https://tabelog.com/kagawa/A3704/A370402/37000684/	うどん	udon_west	うどん WEST	1	https://award.tabelog.com/hyakumeiten/udon_west/2020
37000077	手打うどん たむら	香川県	香川県 綾歌郡綾川町	https://tabelog.com/kagawa/A3702/A370202/37000077/	うどん	udon_west	うどん WEST	1	https://award.tabelog.com/hyakumeiten/udon_west/2020
27003766	うどん棒 大阪本店	大阪府	大阪府 東梅田駅	https://tabelog.com/osaka/A2701/A270101/27003766/	うどん	udon_west	うどん WEST	1	https://award.tabelog.com/hyakumeiten/udon_west/2020
37000016	日の出製麺所	香川県	香川県 坂出市	https://tabelog.com/kagawa/A3702/A370201/37000016/	うどん	udon_west	うどん WEST	1	https://award.tabelog.com/hyakumeiten/udon_west/2020
37000049	手打ちうどん はりや	香川県	香川県 高松市	https://tabelog.com/kagawa/A3701/A370101/37000049/	うどん	udon_west	うどん WEST	1	https://award.tabelog.com/hyakumeiten/udon_west/2020
28002495	本格手打 いわしや 西宮店	兵庫県	兵庫県 西宮市	https://tabelog.com/hyogo/A2803/A280301/28002495/	うどん	udon_west	うどん WEST	1	https://award.tabelog.com/hyakumeiten/udon_west/2020
37000240	白川うどん	香川県	香川県 善通寺市	https://tabelog.com/kagawa/A3703/A370302/37000240/	うどん	udon_west	うどん WEST	1	https://award.tabelog.com/hyakumeiten/udon_west/2020
37000048	讃岐うどん 上原屋本店	香川県	香川県 高松市	https://tabelog.com/kagawa/A3701/A370101/37000048/	うどん	udon_west	うどん WEST	1	https://award.tabelog.com/hyakumeiten/udon_west/2020
27011240	手造りうどん 楽々	大阪府	大阪府 郡津駅	https://tabelog.com/osaka/A2707/A270704/27011240/	うどん	udon_west	うどん WEST	1	https://award.tabelog.com/hyakumeiten/udon_west/2020
27011913	釜ひろ	大阪府	大阪府 鶴ケ丘駅	https://tabelog.com/osaka/A2701/A270405/27011913/	うどん	udon_west	うどん WEST	1	https://award.tabelog.com/hyakumeiten/udon_west/2020
26000919	京うどん 生蕎麦 岡北	京都府	京都府 東山駅	https://tabelog.com/kyoto/A2601/A260301/26000919/	うどん	udon_west	うどん WEST	1	https://award.tabelog.com/hyakumeiten/udon_west/2020
27023042	うどん日和	大阪府	大阪府 吉田駅	https://tabelog.com/osaka/A2707/A270703/27023042/	うどん	udon_west	うどん WEST	1	https://award.tabelog.com/hyakumeiten/udon_west/2020
37001023	手打うどん 風月	香川県	香川県 高松市	https://tabelog.com/kagawa/A3701/A370101/37001023/	うどん	udon_west	うどん WEST	1	https://award.tabelog.com/hyakumeiten/udon_west/2020
29004110	釜揚げうどん 鈴庵	奈良県	奈良県 北葛城郡広陵町	https://tabelog.com/nara/A2903/A290301/29004110/	うどん	udon_west	うどん WEST	1	https://award.tabelog.com/hyakumeiten/udon_west/2020
27012525	さぬき手打ちうどん 銭形	大阪府	大阪府 服部天神駅	https://tabelog.com/osaka/A2706/A270601/27012525/	うどん	udon_west	うどん WEST	1	https://award.tabelog.com/hyakumeiten/udon_west/2020
37000074	本格手打うどん おか泉	香川県	香川県 綾歌郡宇多津町	https://tabelog.com/kagawa/A3702/A370202/37000074/	うどん	udon_west	うどん WEST	1	https://award.tabelog.com/hyakumeiten/udon_west/2020
27069779	空飛ぶうどん やまぶき家	大阪府	大阪府 豊中駅	https://tabelog.com/osaka/A2706/A270601/27069779/	うどん	udon_west	うどん WEST	1	https://award.tabelog.com/hyakumeiten/udon_west/2020
36002902	一匠	徳島県	徳島県 鳴門市	https://tabelog.com/tokushima/A3601/A360102/36002902/	うどん	udon_west	うどん WEST	1	https://award.tabelog.com/hyakumeiten/udon_west/2020
37000710	ゴッドハンド	香川県	香川県 高松市	https://tabelog.com/kagawa/A3701/A370101/37000710/	うどん	udon_west	うどん WEST	1	https://award.tabelog.com/hyakumeiten/udon_west/2020
37000242	手打十段 うどんバカ一代	香川県	香川県 高松市	https://tabelog.com/kagawa/A3701/A370101/37000242/	うどん	udon_west	うどん WEST	1	https://award.tabelog.com/hyakumeiten/udon_west/2020
37000051	竹清 本店	香川県	香川県 高松市	https://tabelog.com/kagawa/A3701/A370101/37000051/	うどん	udon_west	うどん WEST	1	https://award.tabelog.com/hyakumeiten/udon_west/2020
37000231	うぶしな	香川県	香川県 綾歌郡宇多津町	https://tabelog.com/kagawa/A3702/A370202/37000231/	うどん	udon_west	うどん WEST	1	https://award.tabelog.com/hyakumeiten/udon_west/2020
37000012	山下うどん	香川県	香川県 善通寺市	https://tabelog.com/kagawa/A3703/A370302/37000012/	うどん	udon_west	うどん WEST	1	https://award.tabelog.com/hyakumeiten/udon_west/2020
27006805	手打ちうどん 団平	大阪府	大阪府 御殿山駅	https://tabelog.com/osaka/A2707/A270702/27006805/	うどん	udon_west	うどん WEST	1	https://award.tabelog.com/hyakumeiten/udon_west/2020
27000719	うどん 蔵十	大阪府	大阪府 千林大宮駅	https://tabelog.com/osaka/A2701/A270304/27000719/	うどん	udon_west	うどん WEST	1	https://award.tabelog.com/hyakumeiten/udon_west/2020
27001289	道頓堀 今井 本店	大阪府	大阪府 大阪難波駅	https://tabelog.com/osaka/A2701/A270202/27001289/	うどん	udon_west	うどん WEST	1	https://award.tabelog.com/hyakumeiten/udon_west/2020
40004342	葉隠うどん	福岡県	福岡県 博多駅	https://tabelog.com/fukuoka/A4001/A400101/40004342/	うどん	udon_west	うどん WEST	1	https://award.tabelog.com/hyakumeiten/udon_west/2020
27019530	たからや	大阪府	大阪府 八尾南駅	https://tabelog.com/osaka/A2707/A270705/27019530/	うどん	udon_west	うどん WEST	1	https://award.tabelog.com/hyakumeiten/udon_west/2020
45004957	ふたみうどん研究所	宮崎県	宮崎県 都城市	https://tabelog.com/miyazaki/A4503/A450302/45004957/	うどん	udon_west	うどん WEST	1	https://award.tabelog.com/hyakumeiten/udon_west/2020
27013633	桂ちゃん	大阪府	大阪府 長原駅	https://tabelog.com/osaka/A2701/A270405/27013633/	うどん	udon_west	うどん WEST	1	https://award.tabelog.com/hyakumeiten/udon_west/2020
27049353	JUN大谷製麺処	大阪府	大阪府 なんば（大阪メトロ）駅	https://tabelog.com/osaka/A2701/A270202/27049353/	うどん	udon_west	うどん WEST	1	https://award.tabelog.com/hyakumeiten/udon_west/2020
27013801	うどん居酒屋 麦笑	大阪府	大阪府 森ノ宮駅	https://tabelog.com/osaka/A2701/A270107/27013801/	うどん	udon_west	うどん WEST	1	https://award.tabelog.com/hyakumeiten/udon_west/2020
27082212	自家製粉石臼挽きうどん 青空blue 本店	大阪府	大阪府 肥後橋駅	https://tabelog.com/osaka/A2701/A270102/27082212/	うどん	udon_west	うどん WEST	1	https://award.tabelog.com/hyakumeiten/udon_west/2020
28025306	本格さぬきうどん 穂乃香	兵庫県	兵庫県 尼崎（阪神）駅	https://tabelog.com/hyogo/A2803/A280304/28025306/	うどん	udon_west	うどん WEST	1	https://award.tabelog.com/hyakumeiten/udon_west/2020
26023852	仁王門 うね乃	京都府	京都府 三条京阪駅	https://tabelog.com/kyoto/A2601/A260301/26023852/	うどん	udon_west	うどん WEST	1	https://award.tabelog.com/hyakumeiten/udon_west/2020
27019261	讃岐屋 雅次郎	大阪府	大阪府 久宝寺口駅	https://tabelog.com/osaka/A2707/A270705/27019261/	うどん	udon_west	うどん WEST	1	https://award.tabelog.com/hyakumeiten/udon_west/2020
27060219	饂飩工房 うばら	大阪府	大阪府 大阪上本町駅	https://tabelog.com/osaka/A2701/A270205/27060219/	うどん	udon_west	うどん WEST	1	https://award.tabelog.com/hyakumeiten/udon_west/2020
27000574	うどん ゆきの	大阪府	大阪府 西田辺駅	https://tabelog.com/osaka/A2701/A270405/27000574/	うどん	udon_west	うどん WEST	1	https://award.tabelog.com/hyakumeiten/udon_west/2020
45001975	釜揚げうどん 織田薪 本店	宮崎県	宮崎県 宮崎市	https://tabelog.com/miyazaki/A4501/A450101/45001975/	うどん	udon_west	うどん WEST	1	https://award.tabelog.com/hyakumeiten/udon_west/2020
37000289	麺処 綿谷 丸亀店	香川県	香川県 丸亀市	https://tabelog.com/kagawa/A3702/A370202/37000289/	うどん	udon_west	うどん WEST	1	https://award.tabelog.com/hyakumeiten/udon_west/2020
26000815	日の出うどん	京都府	京都府 蹴上駅	https://tabelog.com/kyoto/A2601/A260301/26000815/	うどん	udon_west	うどん WEST	1	https://award.tabelog.com/hyakumeiten/udon_west/2020
40006354	立花うどん	福岡県	福岡県 久留米市	https://tabelog.com/fukuoka/A4008/A400801/40006354/	うどん	udon_west	うどん WEST	1	https://award.tabelog.com/hyakumeiten/udon_west/2020
27075334	極楽うどん Ah-麺	大阪府	大阪府 寺田町駅	https://tabelog.com/osaka/A2701/A270306/27075334/	うどん	udon_west	うどん WEST	1	https://award.tabelog.com/hyakumeiten/udon_west/2020
37000140	三嶋製麺所	香川県	香川県 仲多度郡まんのう町	https://tabelog.com/kagawa/A3703/A370302/37000140/	うどん	udon_west	うどん WEST	1	https://award.tabelog.com/hyakumeiten/udon_west/2020
27014646	本町製麺所 本店	大阪府	大阪府 堺筋本町駅	https://tabelog.com/osaka/A2701/A270106/27014646/	うどん	udon_west	うどん WEST	1	https://award.tabelog.com/hyakumeiten/udon_west/2020
37000019	讃岐うどん がもう	香川県	香川県 坂出市	https://tabelog.com/kagawa/A3702/A370201/37000019/	うどん	udon_west	うどん WEST	1	https://award.tabelog.com/hyakumeiten/udon_west/2020
37000152	西端手打 上戸	香川県	香川県 観音寺市	https://tabelog.com/kagawa/A3703/A370301/37000152/	うどん	udon_west	うどん WEST	1	https://award.tabelog.com/hyakumeiten/udon_west/2020
16000661	糸庄	富山県	富山県 富山市	https://tabelog.com/toyama/A1601/A160101/16000661/	うどん	udon_west	うどん WEST	1	https://award.tabelog.com/hyakumeiten/udon_west/2020
27067874	讃岐うどん 今雪	大阪府	大阪府 中崎町駅	https://tabelog.com/osaka/A2701/A270101/27067874/	うどん	udon_west	うどん WEST	1	https://award.tabelog.com/hyakumeiten/udon_west/2020
37000007	山内うどん店	香川県	香川県 仲多度郡まんのう町	https://tabelog.com/kagawa/A3703/A370302/37000007/	うどん	udon_west	うどん WEST	1	https://award.tabelog.com/hyakumeiten/udon_west/2020
27013157	どとう ぜにや	大阪府	大阪府 堺市中区	https://tabelog.com/osaka/A2705/A270501/27013157/	うどん	udon_west	うどん WEST	1	https://award.tabelog.com/hyakumeiten/udon_west/2020
37000002	うどん本陣 山田家 讃岐本店	香川県	香川県 高松市	https://tabelog.com/kagawa/A3701/A370101/37000002/	うどん	udon_west	うどん WEST	1	https://award.tabelog.com/hyakumeiten/udon_west/2020
37000044	手打ちうどん 鶴丸	香川県	香川県 高松市	https://tabelog.com/kagawa/A3701/A370101/37000044/	うどん	udon_west	うどん WEST	1	https://award.tabelog.com/hyakumeiten/udon_west/2020
27094721	うどん居酒屋 江戸堀	大阪府	大阪府 肥後橋駅	https://tabelog.com/osaka/A2701/A270102/27094721/	うどん	udon_west	うどん WEST	1	https://award.tabelog.com/hyakumeiten/udon_west/2020
37001209	うどん 一福	香川県	香川県 高松市	https://tabelog.com/kagawa/A3701/A370101/37001209/	うどん	udon_west	うどん WEST	1	https://award.tabelog.com/hyakumeiten/udon_west/2020
27056300	うだま 梅田店	大阪府	大阪府 東梅田駅	https://tabelog.com/osaka/A2701/A270101/27056300/	うどん	udon_west	うどん WEST	1	https://award.tabelog.com/hyakumeiten/udon_west/2020
35000311	純手打 うどん 勝一	山口県	山口県 山口市	https://tabelog.com/yamaguchi/A3501/A350101/35000311/	うどん	udon_west	うどん WEST	1	https://award.tabelog.com/hyakumeiten/udon_west/2020
37000011	谷川米穀店	香川県	香川県 仲多度郡まんのう町	https://tabelog.com/kagawa/A3703/A370302/37000011/	うどん	udon_west	うどん WEST	1	https://award.tabelog.com/hyakumeiten/udon_west/2020
37000026	うどん さか枝	香川県	香川県 高松市	https://tabelog.com/kagawa/A3701/A370101/37000026/	うどん	udon_west	うどん WEST	1	https://award.tabelog.com/hyakumeiten/udon_west/2020
26002504	山元麺蔵	京都府	京都府 東山駅	https://tabelog.com/kyoto/A2601/A260301/26002504/	うどん	udon_west	うどん WEST	1	https://award.tabelog.com/hyakumeiten/udon_west/2020
37000135	中村うどん	香川県	香川県 丸亀市	https://tabelog.com/kagawa/A3702/A370202/37000135/	うどん	udon_west	うどん WEST	1	https://award.tabelog.com/hyakumeiten/udon_west/2020
27017094	手打ちうどん 紅屋	大阪府	大阪府 滝井駅	https://tabelog.com/osaka/A2707/A270701/27017094/	うどん	udon_west	うどん WEST	1	https://award.tabelog.com/hyakumeiten/udon_west/2020
37000142	手打うどん 三徳	香川県	香川県 高松市	https://tabelog.com/kagawa/A3701/A370101/37000142/	うどん	udon_west	うどん WEST	1	https://award.tabelog.com/hyakumeiten/udon_west/2020
27004023	踊るうどん 滝井本店	大阪府	大阪府 滝井駅	https://tabelog.com/osaka/A2707/A270701/27004023/	うどん	udon_west	うどん WEST	1	https://award.tabelog.com/hyakumeiten/udon_west/2020
27059480	釜揚うどん一紀	大阪府	大阪府 今宮駅	https://tabelog.com/osaka/A2701/A270406/27059480/	うどん	udon_west	うどん WEST	1	https://award.tabelog.com/hyakumeiten/udon_west/2020
37000233	本格手打うどん はゆか	香川県	香川県 綾歌郡綾川町	https://tabelog.com/kagawa/A3702/A370202/37000233/	うどん	udon_west	うどん WEST	1	https://award.tabelog.com/hyakumeiten/udon_west/2020
27051701	爽月	大阪府	大阪府 粉浜駅	https://tabelog.com/osaka/A2701/A270404/27051701/	うどん	udon_west	うどん WEST	1	https://award.tabelog.com/hyakumeiten/udon_west/2020
27066859	うどん 讃く	大阪府	大阪府 新福島駅	https://tabelog.com/osaka/A2701/A270108/27066859/	うどん	udon_west	うどん WEST	1	https://award.tabelog.com/hyakumeiten/udon_west/2020
27006684	たけうちうどん店	大阪府	大阪府 中津（大阪メトロ）駅	https://tabelog.com/osaka/A2701/A270101/27006684/	うどん	udon_west	うどん WEST	1	https://award.tabelog.com/hyakumeiten/udon_west/2020
37000033	松下製麺所	香川県	香川県 高松市	https://tabelog.com/kagawa/A3701/A370101/37000033/	うどん	udon_west	うどん WEST	1	https://award.tabelog.com/hyakumeiten/udon_west/2020
37000874	手打うどん 麦蔵	香川県	香川県 高松市	https://tabelog.com/kagawa/A3701/A370101/37000874/	うどん	udon_west	うどん WEST	1	https://award.tabelog.com/hyakumeiten/udon_west/2020
28026561	讃歌うどん はんげしょう	兵庫県	兵庫県 西宮（阪神）駅	https://tabelog.com/hyogo/A2803/A280301/28026561/	うどん	udon_west	うどん WEST	1	https://award.tabelog.com/hyakumeiten/udon_west/2020
13000222	焼肉 京城 水道橋店	東京都	東京都 水道橋駅	https://tabelog.com/tokyo/A1310/A131003/13000222/	焼肉	yakiniku_tokyo	焼肉 TOKYO	1	https://award.tabelog.com/hyakumeiten/yakiniku_tokyo/2020
13003776	正泰苑 総本店	東京都	東京都 荒川七丁目駅	https://tabelog.com/tokyo/A1324/A132401/13003776/	焼肉	yakiniku_tokyo	焼肉 TOKYO	1	https://award.tabelog.com/hyakumeiten/yakiniku_tokyo/2020
13221220	焼肉 いぶさな	東京都	東京都 参宮橋駅	https://tabelog.com/tokyo/A1318/A131810/13221220/	焼肉	yakiniku_tokyo	焼肉 TOKYO	1	https://award.tabelog.com/hyakumeiten/yakiniku_tokyo/2020
13003777	スタミナ苑	東京都	東京都 足立区	https://tabelog.com/tokyo/A1323/A132305/13003777/	焼肉	yakiniku_tokyo	焼肉 TOKYO	1	https://award.tabelog.com/hyakumeiten/yakiniku_tokyo/2020
13224635	赤坂 らいもん	東京都	東京都 赤坂見附駅	https://tabelog.com/tokyo/A1308/A130801/13224635/	焼肉	yakiniku_tokyo	焼肉 TOKYO	1	https://award.tabelog.com/hyakumeiten/yakiniku_tokyo/2020
13000384	たん清	東京都	東京都 秋葉原駅	https://tabelog.com/tokyo/A1310/A131001/13000384/	焼肉	yakiniku_tokyo	焼肉 TOKYO	1	https://award.tabelog.com/hyakumeiten/yakiniku_tokyo/2020
13038809	炭火焼肉 牛和鹿 本店	東京都	東京都 門前仲町駅	https://tabelog.com/tokyo/A1313/A131303/13038809/	焼肉	yakiniku_tokyo	焼肉 TOKYO	1	https://award.tabelog.com/hyakumeiten/yakiniku_tokyo/2020
13007842	焼肉くにもと 本店	東京都	東京都 浜松町駅	https://tabelog.com/tokyo/A1314/A131401/13007842/	焼肉	yakiniku_tokyo	焼肉 TOKYO	1	https://award.tabelog.com/hyakumeiten/yakiniku_tokyo/2020
13184885	西麻布けんしろう	東京都	東京都 広尾駅	https://tabelog.com/tokyo/A1307/A130703/13184885/	焼肉	yakiniku_tokyo	焼肉 TOKYO	1	https://award.tabelog.com/hyakumeiten/yakiniku_tokyo/2020
13022343	日本橋イタダキ	東京都	東京都 馬喰横山駅	https://tabelog.com/tokyo/A1302/A130204/13022343/	焼肉	yakiniku_tokyo	焼肉 TOKYO	1	https://award.tabelog.com/hyakumeiten/yakiniku_tokyo/2020
13026295	かるびあ～の	東京都	東京都 新橋駅	https://tabelog.com/tokyo/A1301/A130103/13026295/	焼肉	yakiniku_tokyo	焼肉 TOKYO	1	https://award.tabelog.com/hyakumeiten/yakiniku_tokyo/2020
13003075	焼肉 ジャンボ 篠崎本店	東京都	東京都 江戸川区	https://tabelog.com/tokyo/A1312/A131205/13003075/	焼肉	yakiniku_tokyo	焼肉 TOKYO	1	https://award.tabelog.com/hyakumeiten/yakiniku_tokyo/2020
13237978	焼肉 静龍苑	東京都	東京都 清澄白河駅	https://tabelog.com/tokyo/A1313/A131303/13237978/	焼肉	yakiniku_tokyo	焼肉 TOKYO	1	https://award.tabelog.com/hyakumeiten/yakiniku_tokyo/2020
13209611	USHIGORO S. NISHIAZABU	東京都	東京都 乃木坂駅	https://tabelog.com/tokyo/A1307/A130701/13209611/	焼肉	yakiniku_tokyo	焼肉 TOKYO	1	https://award.tabelog.com/hyakumeiten/yakiniku_tokyo/2020
13005008	焼肉 銀座コバウ	東京都	東京都 銀座駅	https://tabelog.com/tokyo/A1301/A130101/13005008/	焼肉	yakiniku_tokyo	焼肉 TOKYO	1	https://award.tabelog.com/hyakumeiten/yakiniku_tokyo/2020
13002283	銀座 王十里	東京都	東京都 東銀座駅	https://tabelog.com/tokyo/A1301/A130101/13002283/	焼肉	yakiniku_tokyo	焼肉 TOKYO	1	https://award.tabelog.com/hyakumeiten/yakiniku_tokyo/2020
13118245	焼肉芝浦 三宿店	東京都	東京都 祐天寺駅	https://tabelog.com/tokyo/A1317/A131701/13118245/	焼肉	yakiniku_tokyo	焼肉 TOKYO	1	https://award.tabelog.com/hyakumeiten/yakiniku_tokyo/2020
13002399	焼肉五鉄 八丁堀本店	東京都	東京都 宝町駅	https://tabelog.com/tokyo/A1302/A130203/13002399/	焼肉	yakiniku_tokyo	焼肉 TOKYO	1	https://award.tabelog.com/hyakumeiten/yakiniku_tokyo/2020
13002530	天空焼肉 星遊山	東京都	東京都 新橋駅	https://tabelog.com/tokyo/A1301/A130103/13002530/	焼肉	yakiniku_tokyo	焼肉 TOKYO	1	https://award.tabelog.com/hyakumeiten/yakiniku_tokyo/2020
13124592	焼肉うしごろ 西麻布本店	東京都	東京都 乃木坂駅	https://tabelog.com/tokyo/A1307/A130701/13124592/	焼肉	yakiniku_tokyo	焼肉 TOKYO	1	https://award.tabelog.com/hyakumeiten/yakiniku_tokyo/2020
13114946	赤坂 みすじ	東京都	東京都 赤坂見附駅	https://tabelog.com/tokyo/A1308/A130801/13114946/	焼肉	yakiniku_tokyo	焼肉 TOKYO	1	https://award.tabelog.com/hyakumeiten/yakiniku_tokyo/2020
13107594	大幸園 小宮本店	東京都	東京都 小宮駅	https://tabelog.com/tokyo/A1329/A132904/13107594/	焼肉	yakiniku_tokyo	焼肉 TOKYO	1	https://award.tabelog.com/hyakumeiten/yakiniku_tokyo/2020
13030762	好ちゃん 飯田橋分家	東京都	東京都 飯田橋駅	https://tabelog.com/tokyo/A1309/A130905/13030762/	焼肉	yakiniku_tokyo	焼肉 TOKYO	1	https://award.tabelog.com/hyakumeiten/yakiniku_tokyo/2020
13168436	にくがとう 人形町本店	東京都	東京都 人形町駅	https://tabelog.com/tokyo/A1302/A130204/13168436/	焼肉	yakiniku_tokyo	焼肉 TOKYO	1	https://award.tabelog.com/hyakumeiten/yakiniku_tokyo/2020
13005772	李朝園 吉祥寺店	東京都	東京都 吉祥寺駅	https://tabelog.com/tokyo/A1320/A132001/13005772/	焼肉	yakiniku_tokyo	焼肉 TOKYO	1	https://award.tabelog.com/hyakumeiten/yakiniku_tokyo/2020
13038804	焼肉 綾小路	東京都	東京都 乃木坂駅	https://tabelog.com/tokyo/A1307/A130701/13038804/	焼肉	yakiniku_tokyo	焼肉 TOKYO	1	https://award.tabelog.com/hyakumeiten/yakiniku_tokyo/2020
13008910	焼肉問屋 牛蔵	東京都	東京都 富士見台駅	https://tabelog.com/tokyo/A1321/A132102/13008910/	焼肉	yakiniku_tokyo	焼肉 TOKYO	1	https://award.tabelog.com/hyakumeiten/yakiniku_tokyo/2020
13059962	ホルモン青木	東京都	東京都 亀戸駅	https://tabelog.com/tokyo/A1312/A131202/13059962/	焼肉	yakiniku_tokyo	焼肉 TOKYO	1	https://award.tabelog.com/hyakumeiten/yakiniku_tokyo/2020
13005123	ら・ぼうふ 用賀本店	東京都	東京都 用賀駅	https://tabelog.com/tokyo/A1317/A131707/13005123/	焼肉	yakiniku_tokyo	焼肉 TOKYO	1	https://award.tabelog.com/hyakumeiten/yakiniku_tokyo/2020
13054487	正泰苑 新橋店	東京都	東京都 新橋駅	https://tabelog.com/tokyo/A1301/A130103/13054487/	焼肉	yakiniku_tokyo	焼肉 TOKYO	1	https://award.tabelog.com/hyakumeiten/yakiniku_tokyo/2020
13095398	在市 月島本店	東京都	東京都 月島駅	https://tabelog.com/tokyo/A1313/A131302/13095398/	焼肉	yakiniku_tokyo	焼肉 TOKYO	1	https://award.tabelog.com/hyakumeiten/yakiniku_tokyo/2020
13019476	炭火焼肉 あもん	東京都	東京都 池袋駅	https://tabelog.com/tokyo/A1305/A130501/13019476/	焼肉	yakiniku_tokyo	焼肉 TOKYO	1	https://award.tabelog.com/hyakumeiten/yakiniku_tokyo/2020
13159782	SATOブリアン にごう	東京都	東京都 阿佐ケ谷駅	https://tabelog.com/tokyo/A1319/A131905/13159782/	焼肉	yakiniku_tokyo	焼肉 TOKYO	1	https://award.tabelog.com/hyakumeiten/yakiniku_tokyo/2020
13002240	焼肉 凛	東京都	東京都 月島駅	https://tabelog.com/tokyo/A1313/A131302/13002240/	焼肉	yakiniku_tokyo	焼肉 TOKYO	1	https://award.tabelog.com/hyakumeiten/yakiniku_tokyo/2020
13026377	焼肉 ジャンボ 白金	東京都	東京都 白金高輪駅	https://tabelog.com/tokyo/A1316/A131602/13026377/	焼肉	yakiniku_tokyo	焼肉 TOKYO	1	https://award.tabelog.com/hyakumeiten/yakiniku_tokyo/2020
13167325	焼肉うしごろ 銀座店	東京都	東京都 銀座一丁目駅	https://tabelog.com/tokyo/A1301/A130101/13167325/	焼肉	yakiniku_tokyo	焼肉 TOKYO	1	https://award.tabelog.com/hyakumeiten/yakiniku_tokyo/2020
13042979	よろにく	東京都	東京都 表参道駅	https://tabelog.com/tokyo/A1306/A130602/13042979/	焼肉	yakiniku_tokyo	焼肉 TOKYO	1	https://award.tabelog.com/hyakumeiten/yakiniku_tokyo/2020
13110222	和牛焼肉KIM 白金本店	東京都	東京都 白金高輪駅	https://tabelog.com/tokyo/A1316/A131602/13110222/	焼肉	yakiniku_tokyo	焼肉 TOKYO	1	https://award.tabelog.com/hyakumeiten/yakiniku_tokyo/2020
13015197	赤坂大関 本店	東京都	東京都 赤坂見附駅	https://tabelog.com/tokyo/A1308/A130801/13015197/	焼肉	yakiniku_tokyo	焼肉 TOKYO	1	https://award.tabelog.com/hyakumeiten/yakiniku_tokyo/2020
13226719	焼肉うしごろ 銀座並木通り店	東京都	東京都 銀座駅	https://tabelog.com/tokyo/A1301/A130101/13226719/	焼肉	yakiniku_tokyo	焼肉 TOKYO	1	https://award.tabelog.com/hyakumeiten/yakiniku_tokyo/2020
13104436	飛騨牛一頭家 馬喰一代 銀座	東京都	東京都 銀座一丁目駅	https://tabelog.com/tokyo/A1301/A130101/13104436/	焼肉	yakiniku_tokyo	焼肉 TOKYO	1	https://award.tabelog.com/hyakumeiten/yakiniku_tokyo/2020
13042753	おやじ	東京都	東京都 青山一丁目駅	https://tabelog.com/tokyo/A1306/A130603/13042753/	焼肉	yakiniku_tokyo	焼肉 TOKYO	1	https://award.tabelog.com/hyakumeiten/yakiniku_tokyo/2020
13049914	焼肉 稲田	東京都	東京都 目黒駅	https://tabelog.com/tokyo/A1316/A131601/13049914/	焼肉	yakiniku_tokyo	焼肉 TOKYO	1	https://award.tabelog.com/hyakumeiten/yakiniku_tokyo/2020
13165294	生粋	東京都	東京都 末広町駅	https://tabelog.com/tokyo/A1311/A131101/13165294/	焼肉	yakiniku_tokyo	焼肉 TOKYO	1	https://award.tabelog.com/hyakumeiten/yakiniku_tokyo/2020
13175110	炭火焼肉 なかはら	東京都	東京都 市ケ谷駅	https://tabelog.com/tokyo/A1309/A130904/13175110/	焼肉	yakiniku_tokyo	焼肉 TOKYO	1	https://award.tabelog.com/hyakumeiten/yakiniku_tokyo/2020
13006823	焼肉 名門	東京都	東京都 曙橋駅	https://tabelog.com/tokyo/A1309/A130903/13006823/	焼肉	yakiniku_tokyo	焼肉 TOKYO	1	https://award.tabelog.com/hyakumeiten/yakiniku_tokyo/2020
13002038	ホルモン道場闇市倶楽部 目黒店	東京都	東京都 目黒駅	https://tabelog.com/tokyo/A1316/A131601/13002038/	焼肉	yakiniku_tokyo	焼肉 TOKYO	1	https://award.tabelog.com/hyakumeiten/yakiniku_tokyo/2020
13222093	USHIGORO S. GINZA	東京都	東京都 銀座駅	https://tabelog.com/tokyo/A1301/A130101/13222093/	焼肉	yakiniku_tokyo	焼肉 TOKYO	1	https://award.tabelog.com/hyakumeiten/yakiniku_tokyo/2020
13035852	焼肉くにもと 新館	東京都	東京都 浜松町駅	https://tabelog.com/tokyo/A1314/A131401/13035852/	焼肉	yakiniku_tokyo	焼肉 TOKYO	1	https://award.tabelog.com/hyakumeiten/yakiniku_tokyo/2020
13019721	韓灯	東京都	東京都 月島駅	https://tabelog.com/tokyo/A1313/A131302/13019721/	焼肉	yakiniku_tokyo	焼肉 TOKYO	1	https://award.tabelog.com/hyakumeiten/yakiniku_tokyo/2020
13211927	蕃 YORONIKU	東京都	東京都 恵比寿駅	https://tabelog.com/tokyo/A1303/A130302/13211927/	焼肉	yakiniku_tokyo	焼肉 TOKYO	1	https://award.tabelog.com/hyakumeiten/yakiniku_tokyo/2020
13110601	焼肉 ジャンボ 本郷店	東京都	東京都 本郷三丁目駅	https://tabelog.com/tokyo/A1310/A131004/13110601/	焼肉	yakiniku_tokyo	焼肉 TOKYO	1	https://award.tabelog.com/hyakumeiten/yakiniku_tokyo/2020
13208975	焼肉 うしみつ一門 目黒店	東京都	東京都 目黒駅	https://tabelog.com/tokyo/A1316/A131601/13208975/	焼肉	yakiniku_tokyo	焼肉 TOKYO	1	https://award.tabelog.com/hyakumeiten/yakiniku_tokyo/2020
13223460	SATOブリアン さんごう	東京都	東京都 阿佐ケ谷駅	https://tabelog.com/tokyo/A1319/A131905/13223460/	焼肉	yakiniku_tokyo	焼肉 TOKYO	1	https://award.tabelog.com/hyakumeiten/yakiniku_tokyo/2020
13003488	游玄亭 西麻布本館	東京都	東京都 六本木駅	https://tabelog.com/tokyo/A1307/A130701/13003488/	焼肉	yakiniku_tokyo	焼肉 TOKYO	1	https://award.tabelog.com/hyakumeiten/yakiniku_tokyo/2020
13230924	誇味山	東京都	東京都 乃木坂駅	https://tabelog.com/tokyo/A1307/A130701/13230924/	焼肉	yakiniku_tokyo	焼肉 TOKYO	1	https://award.tabelog.com/hyakumeiten/yakiniku_tokyo/2020
13157343	恵比寿焼肉　kintan	東京都	東京都 恵比寿駅	https://tabelog.com/tokyo/A1303/A130302/13157343/	焼肉	yakiniku_tokyo	焼肉 TOKYO	1	https://award.tabelog.com/hyakumeiten/yakiniku_tokyo/2020
13045307	焼肉 芝浦 駒沢本店	東京都	東京都 世田谷区	https://tabelog.com/tokyo/A1317/A131707/13045307/	焼肉	yakiniku_tokyo	焼肉 TOKYO	1	https://award.tabelog.com/hyakumeiten/yakiniku_tokyo/2020
13204541	焼肉 うしみつ 恵比寿本店	東京都	東京都 恵比寿駅	https://tabelog.com/tokyo/A1303/A130302/13204541/	焼肉	yakiniku_tokyo	焼肉 TOKYO	1	https://award.tabelog.com/hyakumeiten/yakiniku_tokyo/2020
13009120	マルタケ	東京都	東京都 新御茶ノ水駅	https://tabelog.com/tokyo/A1310/A131002/13009120/	焼肉	yakiniku_tokyo	焼肉 TOKYO	1	https://award.tabelog.com/hyakumeiten/yakiniku_tokyo/2020
13191277	焼肉 大貫	東京都	東京都 新宿御苑前駅	https://tabelog.com/tokyo/A1304/A130402/13191277/	焼肉	yakiniku_tokyo	焼肉 TOKYO	1	https://award.tabelog.com/hyakumeiten/yakiniku_tokyo/2020
13012243	焼肉 鶯谷園	東京都	東京都 鶯谷駅	https://tabelog.com/tokyo/A1311/A131104/13012243/	焼肉	yakiniku_tokyo	焼肉 TOKYO	1	https://award.tabelog.com/hyakumeiten/yakiniku_tokyo/2020
13059296	東京苑 祐天寺	東京都	東京都 祐天寺駅	https://tabelog.com/tokyo/A1317/A131701/13059296/	焼肉	yakiniku_tokyo	焼肉 TOKYO	1	https://award.tabelog.com/hyakumeiten/yakiniku_tokyo/2020
13242515	うし松	東京都	東京都 広尾駅	https://tabelog.com/tokyo/A1307/A130703/13242515/	焼肉	yakiniku_tokyo	焼肉 TOKYO	1	https://award.tabelog.com/hyakumeiten/yakiniku_tokyo/2020
13113717	ホルモン船　ホールちゃん	東京都	東京都 東新宿駅	https://tabelog.com/tokyo/A1304/A130401/13113717/	焼肉	yakiniku_tokyo	焼肉 TOKYO	1	https://award.tabelog.com/hyakumeiten/yakiniku_tokyo/2020
13177366	焼肉ヒロミヤ 本店	東京都	東京都 曙橋駅	https://tabelog.com/tokyo/A1309/A130903/13177366/	焼肉	yakiniku_tokyo	焼肉 TOKYO	1	https://award.tabelog.com/hyakumeiten/yakiniku_tokyo/2020
13048942	ぴょんぴょん舎  GINZA UNA	東京都	東京都 銀座駅	https://tabelog.com/tokyo/A1301/A130101/13048942/	焼肉	yakiniku_tokyo	焼肉 TOKYO	1	https://award.tabelog.com/hyakumeiten/yakiniku_tokyo/2020
13016578	正泰苑 銀座店	東京都	東京都 東銀座駅	https://tabelog.com/tokyo/A1301/A130101/13016578/	焼肉	yakiniku_tokyo	焼肉 TOKYO	1	https://award.tabelog.com/hyakumeiten/yakiniku_tokyo/2020
13054178	ビーフキッチン 中目黒店	東京都	東京都 中目黒駅	https://tabelog.com/tokyo/A1317/A131701/13054178/	焼肉	yakiniku_tokyo	焼肉 TOKYO	1	https://award.tabelog.com/hyakumeiten/yakiniku_tokyo/2020
13001794	炭火焼 ゆうじ	東京都	東京都 渋谷駅	https://tabelog.com/tokyo/A1303/A130301/13001794/	焼肉	yakiniku_tokyo	焼肉 TOKYO	1	https://award.tabelog.com/hyakumeiten/yakiniku_tokyo/2020
13160962	焼肉 ジャンボ はなれ	東京都	東京都 本郷三丁目駅	https://tabelog.com/tokyo/A1310/A131004/13160962/	焼肉	yakiniku_tokyo	焼肉 TOKYO	1	https://award.tabelog.com/hyakumeiten/yakiniku_tokyo/2020
13057827	肉のすずき	東京都	東京都 浅草（つくばＥＸＰ）駅	https://tabelog.com/tokyo/A1311/A131102/13057827/	焼肉	yakiniku_tokyo	焼肉 TOKYO	1	https://award.tabelog.com/hyakumeiten/yakiniku_tokyo/2020
13024281	神泉ホルモン 三百屋	東京都	東京都 神泉駅	https://tabelog.com/tokyo/A1303/A130301/13024281/	焼肉	yakiniku_tokyo	焼肉 TOKYO	1	https://award.tabelog.com/hyakumeiten/yakiniku_tokyo/2020
13010448	本牧亭。	東京都	東京都 長原駅	https://tabelog.com/tokyo/A1317/A131714/13010448/	焼肉	yakiniku_tokyo	焼肉 TOKYO	1	https://award.tabelog.com/hyakumeiten/yakiniku_tokyo/2020
13002566	東京園	東京都	東京都 東銀座駅	https://tabelog.com/tokyo/A1301/A130101/13002566/	焼肉	yakiniku_tokyo	焼肉 TOKYO	1	https://award.tabelog.com/hyakumeiten/yakiniku_tokyo/2020
13005213	正泰苑 芝大門店	東京都	東京都 大門駅	https://tabelog.com/tokyo/A1314/A131401/13005213/	焼肉	yakiniku_tokyo	焼肉 TOKYO	1	https://award.tabelog.com/hyakumeiten/yakiniku_tokyo/2020
13136905	焼肉 ぽんが 目黒本店	東京都	東京都 目黒駅	https://tabelog.com/tokyo/A1316/A131601/13136905/	焼肉	yakiniku_tokyo	焼肉 TOKYO	1	https://award.tabelog.com/hyakumeiten/yakiniku_tokyo/2020
13001625	炭焼 金竜山	東京都	東京都 白金高輪駅	https://tabelog.com/tokyo/A1316/A131602/13001625/	焼肉	yakiniku_tokyo	焼肉 TOKYO	1	https://award.tabelog.com/hyakumeiten/yakiniku_tokyo/2020
13104930	牛和鹿 六本木店	東京都	東京都 六本木駅	https://tabelog.com/tokyo/A1307/A130701/13104930/	焼肉	yakiniku_tokyo	焼肉 TOKYO	1	https://award.tabelog.com/hyakumeiten/yakiniku_tokyo/2020
13007145	きらく亭	東京都	東京都 白金高輪駅	https://tabelog.com/tokyo/A1307/A130703/13007145/	焼肉	yakiniku_tokyo	焼肉 TOKYO	1	https://award.tabelog.com/hyakumeiten/yakiniku_tokyo/2020
13003711	本とさや	東京都	東京都 浅草（つくばＥＸＰ）駅	https://tabelog.com/tokyo/A1311/A131102/13003711/	焼肉	yakiniku_tokyo	焼肉 TOKYO	1	https://award.tabelog.com/hyakumeiten/yakiniku_tokyo/2020
13178613	代官山 焼肉かねこ	東京都	東京都 代官山駅	https://tabelog.com/tokyo/A1303/A130303/13178613/	焼肉	yakiniku_tokyo	焼肉 TOKYO	1	https://award.tabelog.com/hyakumeiten/yakiniku_tokyo/2020
13127046	SATOブリアン 本店	東京都	東京都 阿佐ケ谷駅	https://tabelog.com/tokyo/A1319/A131905/13127046/	焼肉	yakiniku_tokyo	焼肉 TOKYO	1	https://award.tabelog.com/hyakumeiten/yakiniku_tokyo/2020
13022287	焼肉酒家 傳々 本店	東京都	東京都 月島駅	https://tabelog.com/tokyo/A1313/A131302/13022287/	焼肉	yakiniku_tokyo	焼肉 TOKYO	1	https://award.tabelog.com/hyakumeiten/yakiniku_tokyo/2020
13041990	亀戸ホルモン 恵比寿店	東京都	東京都 恵比寿駅	https://tabelog.com/tokyo/A1303/A130302/13041990/	焼肉	yakiniku_tokyo	焼肉 TOKYO	1	https://award.tabelog.com/hyakumeiten/yakiniku_tokyo/2020
13208137	炭火焼肉 ふちおか	東京都	東京都 経堂駅	https://tabelog.com/tokyo/A1318/A131813/13208137/	焼肉	yakiniku_tokyo	焼肉 TOKYO	1	https://award.tabelog.com/hyakumeiten/yakiniku_tokyo/2020
13183716	肉匠堀越	東京都	東京都 広尾駅	https://tabelog.com/tokyo/A1307/A130703/13183716/	焼肉	yakiniku_tokyo	焼肉 TOKYO	1	https://award.tabelog.com/hyakumeiten/yakiniku_tokyo/2020
13003237	びーふてい 中目黒店	東京都	東京都 中目黒駅	https://tabelog.com/tokyo/A1317/A131701/13003237/	焼肉	yakiniku_tokyo	焼肉 TOKYO	1	https://award.tabelog.com/hyakumeiten/yakiniku_tokyo/2020
13160330	うしごろ 貫 恵比寿本店	東京都	東京都 恵比寿駅	https://tabelog.com/tokyo/A1303/A130302/13160330/	焼肉	yakiniku_tokyo	焼肉 TOKYO	1	https://award.tabelog.com/hyakumeiten/yakiniku_tokyo/2020
13045232	黒牛	東京都	東京都 南新宿駅	https://tabelog.com/tokyo/A1304/A130403/13045232/	焼肉	yakiniku_tokyo	焼肉 TOKYO	1	https://award.tabelog.com/hyakumeiten/yakiniku_tokyo/2020
13003740	焼肉 京城 北千住店	東京都	東京都 北千住駅	https://tabelog.com/tokyo/A1324/A132402/13003740/	焼肉	yakiniku_tokyo	焼肉 TOKYO	1	https://award.tabelog.com/hyakumeiten/yakiniku_tokyo/2020
13095890	みやび 六本木店	東京都	東京都 六本木一丁目駅	https://tabelog.com/tokyo/A1307/A130702/13095890/	焼肉	yakiniku_tokyo	焼肉 TOKYO	1	https://award.tabelog.com/hyakumeiten/yakiniku_tokyo/2020
13150755	ホルモンまさる	東京都	東京都 三田駅	https://tabelog.com/tokyo/A1314/A131402/13150755/	焼肉	yakiniku_tokyo	焼肉 TOKYO	1	https://award.tabelog.com/hyakumeiten/yakiniku_tokyo/2020
13008099	亀戸ホルモン 本店	東京都	東京都 亀戸駅	https://tabelog.com/tokyo/A1312/A131202/13008099/	焼肉	yakiniku_tokyo	焼肉 TOKYO	1	https://award.tabelog.com/hyakumeiten/yakiniku_tokyo/2020
13000973	羅生門 四谷本店	東京都	東京都 四谷三丁目駅	https://tabelog.com/tokyo/A1309/A130903/13000973/	焼肉	yakiniku_tokyo	焼肉 TOKYO	1	https://award.tabelog.com/hyakumeiten/yakiniku_tokyo/2020
13144971	うしごろバンビーナ 恵比寿本店	東京都	東京都 恵比寿駅	https://tabelog.com/tokyo/A1303/A130302/13144971/	焼肉	yakiniku_tokyo	焼肉 TOKYO	1	https://award.tabelog.com/hyakumeiten/yakiniku_tokyo/2020
13002823	三幸園	東京都	東京都 麻布十番駅	https://tabelog.com/tokyo/A1307/A130702/13002823/	焼肉	yakiniku_tokyo	焼肉 TOKYO	1	https://award.tabelog.com/hyakumeiten/yakiniku_tokyo/2020
13096548	焼肉しみず	東京都	東京都 不動前駅	https://tabelog.com/tokyo/A1317/A131710/13096548/	焼肉	yakiniku_tokyo	焼肉 TOKYO	1	https://award.tabelog.com/hyakumeiten/yakiniku_tokyo/2020
13216529	サトブリDA	東京都	東京都 阿佐ケ谷駅	https://tabelog.com/tokyo/A1319/A131905/13216529/	焼肉	yakiniku_tokyo	焼肉 TOKYO	1	https://award.tabelog.com/hyakumeiten/yakiniku_tokyo/2020
13168322	焼肉 矢澤 東京	東京都	東京都 日本橋駅	https://tabelog.com/tokyo/A1302/A130202/13168322/	焼肉	yakiniku_tokyo	焼肉 TOKYO	1	https://award.tabelog.com/hyakumeiten/yakiniku_tokyo/2020
1004371	四条ホルモン	北海道	北海道 北見市	https://tabelog.com/hokkaido/A0110/A011003/1004371/	焼肉	yakiniku_east	焼肉 EAST	1	https://award.tabelog.com/hyakumeiten/yakiniku_east/2020
23056573	和牛焼肉じろうや　介 wagyu&sake 名古屋駅前本店	愛知県	愛知県 名鉄名古屋駅	https://tabelog.com/aichi/A2301/A230101/23056573/	焼肉	yakiniku_east	焼肉 EAST	1	https://award.tabelog.com/hyakumeiten/yakiniku_east/2020
1033027	綾屋	北海道	北海道 すすきの（市営）駅	https://tabelog.com/hokkaido/A0101/A010103/1033027/	焼肉	yakiniku_east	焼肉 EAST	1	https://award.tabelog.com/hyakumeiten/yakiniku_east/2020
21000671	やきにく藤太	岐阜県	岐阜県 養老郡養老町	https://tabelog.com/gifu/A2101/A210103/21000671/	焼肉	yakiniku_east	焼肉 EAST	1	https://award.tabelog.com/hyakumeiten/yakiniku_east/2020
23046007	焼肉 大河	愛知県	愛知県 新栄町駅	https://tabelog.com/aichi/A2301/A230104/23046007/	焼肉	yakiniku_east	焼肉 EAST	1	https://award.tabelog.com/hyakumeiten/yakiniku_east/2020
14011715	杏樹亭 岸根店	神奈川県	神奈川県 岸根公園駅	https://tabelog.com/kanagawa/A1401/A140206/14011715/	焼肉	yakiniku_east	焼肉 EAST	1	https://award.tabelog.com/hyakumeiten/yakiniku_east/2020
23059055	ヒロ ナゴヤ	愛知県	愛知県 浅間町駅	https://tabelog.com/aichi/A2301/A230109/23059055/	焼肉	yakiniku_east	焼肉 EAST	1	https://award.tabelog.com/hyakumeiten/yakiniku_east/2020
22003671	はつかの	静岡県	静岡県 伊東市	https://tabelog.com/shizuoka/A2205/A220503/22003671/	焼肉	yakiniku_east	焼肉 EAST	1	https://award.tabelog.com/hyakumeiten/yakiniku_east/2020
23012381	炭火焼肉徳重	愛知県	愛知県 徳重駅	https://tabelog.com/aichi/A2301/A230112/23012381/	焼肉	yakiniku_east	焼肉 EAST	1	https://award.tabelog.com/hyakumeiten/yakiniku_east/2020
21009615	焼肉旬やさい ファンボギ	岐阜県	岐阜県 岐阜市	https://tabelog.com/gifu/A2101/A210101/21009615/	焼肉	yakiniku_east	焼肉 EAST	1	https://award.tabelog.com/hyakumeiten/yakiniku_east/2020
14001578	北京	神奈川県	神奈川県 平間駅	https://tabelog.com/kanagawa/A1405/A140504/14001578/	焼肉	yakiniku_east	焼肉 EAST	1	https://award.tabelog.com/hyakumeiten/yakiniku_east/2020
4013542	備長炭焼肉としゃぶしゃぶ 仔虎 国分町店	宮城県	宮城県 勾当台公園駅	https://tabelog.com/miyagi/A0401/A040101/4013542/	焼肉	yakiniku_east	焼肉 EAST	1	https://award.tabelog.com/hyakumeiten/yakiniku_east/2020
23012215	牛亭	愛知県	愛知県 高岳駅	https://tabelog.com/aichi/A2301/A230104/23012215/	焼肉	yakiniku_east	焼肉 EAST	1	https://award.tabelog.com/hyakumeiten/yakiniku_east/2020
23005795	昇家 池下向陽荘店	愛知県	愛知県 池下駅	https://tabelog.com/aichi/A2301/A230106/23005795/	焼肉	yakiniku_east	焼肉 EAST	1	https://award.tabelog.com/hyakumeiten/yakiniku_east/2020
23012457	龍園	愛知県	愛知県 一宮市	https://tabelog.com/aichi/A2302/A230201/23012457/	焼肉	yakiniku_east	焼肉 EAST	1	https://award.tabelog.com/hyakumeiten/yakiniku_east/2020
5004372	秋田牛玄亭 駅前本店	秋田県	秋田県 秋田市	https://tabelog.com/akita/A0501/A050101/5004372/	焼肉	yakiniku_east	焼肉 EAST	1	https://award.tabelog.com/hyakumeiten/yakiniku_east/2020
14014394	大滝	神奈川県	神奈川県 馬車道駅	https://tabelog.com/kanagawa/A1401/A140104/14014394/	焼肉	yakiniku_east	焼肉 EAST	1	https://award.tabelog.com/hyakumeiten/yakiniku_east/2020
12006170	今久 本店	千葉県	千葉県 旭市	https://tabelog.com/chiba/A1205/A120502/12006170/	焼肉	yakiniku_east	焼肉 EAST	1	https://award.tabelog.com/hyakumeiten/yakiniku_east/2020
14031061	ビーフキッチン 横浜店	神奈川県	神奈川県 横浜駅	https://tabelog.com/kanagawa/A1401/A140101/14031061/	焼肉	yakiniku_east	焼肉 EAST	1	https://award.tabelog.com/hyakumeiten/yakiniku_east/2020
10012132	焼肉 炭こう	群馬県	群馬県 高崎市	https://tabelog.com/gunma/A1001/A100102/10012132/	焼肉	yakiniku_east	焼肉 EAST	1	https://award.tabelog.com/hyakumeiten/yakiniku_east/2020
23003688	焼肉や 大善	愛知県	愛知県 知立市	https://tabelog.com/aichi/A2305/A230503/23003688/	焼肉	yakiniku_east	焼肉 EAST	1	https://award.tabelog.com/hyakumeiten/yakiniku_east/2020
1033828	焼肉園 花牛 清田本店	北海道	北海道 札幌市清田区	https://tabelog.com/hokkaido/A0101/A010304/1033828/	焼肉	yakiniku_east	焼肉 EAST	1	https://award.tabelog.com/hyakumeiten/yakiniku_east/2020
3000023	ぴょんぴょん舎 盛岡駅前店	岩手県	岩手県 盛岡市	https://tabelog.com/iwate/A0301/A030101/3000023/	焼肉	yakiniku_east	焼肉 EAST	1	https://award.tabelog.com/hyakumeiten/yakiniku_east/2020
19000066	但馬家幸之助 小淵沢店	山梨県	山梨県 北杜市	https://tabelog.com/yamanashi/A1902/A190201/19000066/	焼肉	yakiniku_east	焼肉 EAST	1	https://award.tabelog.com/hyakumeiten/yakiniku_east/2020
23000966	新羅館 名東本店	愛知県	愛知県 名古屋市名東区	https://tabelog.com/aichi/A2301/A230111/23000966/	焼肉	yakiniku_east	焼肉 EAST	1	https://award.tabelog.com/hyakumeiten/yakiniku_east/2020
5004381	ほるもん猿	秋田県	秋田県 秋田市	https://tabelog.com/akita/A0501/A050101/5004381/	焼肉	yakiniku_east	焼肉 EAST	1	https://award.tabelog.com/hyakumeiten/yakiniku_east/2020
1028834	さんか亭	北海道	北海道 札幌市白石区	https://tabelog.com/hokkaido/A0101/A010301/1028834/	焼肉	yakiniku_east	焼肉 EAST	1	https://award.tabelog.com/hyakumeiten/yakiniku_east/2020
14014011	しげ吉 横浜元町店	神奈川県	神奈川県 石川町駅	https://tabelog.com/kanagawa/A1401/A140105/14014011/	焼肉	yakiniku_east	焼肉 EAST	1	https://award.tabelog.com/hyakumeiten/yakiniku_east/2020
23005752	美奈登	愛知県	愛知県 名古屋市瑞穂区	https://tabelog.com/aichi/A2301/A230112/23005752/	焼肉	yakiniku_east	焼肉 EAST	1	https://award.tabelog.com/hyakumeiten/yakiniku_east/2020
14003476	食彩和牛 しげ吉 大和本店	神奈川県	神奈川県 大和駅	https://tabelog.com/kanagawa/A1407/A140702/14003476/	焼肉	yakiniku_east	焼肉 EAST	1	https://award.tabelog.com/hyakumeiten/yakiniku_east/2020
23007039	昇家 正々堂	愛知県	愛知県 栄（名古屋）駅	https://tabelog.com/aichi/A2301/A230103/23007039/	焼肉	yakiniku_east	焼肉 EAST	1	https://award.tabelog.com/hyakumeiten/yakiniku_east/2020
14013921	焼肉 東京山	神奈川県	神奈川県 石川町駅	https://tabelog.com/kanagawa/A1401/A140105/14013921/	焼肉	yakiniku_east	焼肉 EAST	1	https://award.tabelog.com/hyakumeiten/yakiniku_east/2020
23059322	肉や大善 大名古屋ビルヂング店	愛知県	愛知県 名鉄名古屋駅	https://tabelog.com/aichi/A2301/A230101/23059322/	焼肉	yakiniku_east	焼肉 EAST	1	https://award.tabelog.com/hyakumeiten/yakiniku_east/2020
23012280	昇家 三蔵	愛知県	愛知県 伏見駅	https://tabelog.com/aichi/A2301/A230102/23012280/	焼肉	yakiniku_east	焼肉 EAST	1	https://award.tabelog.com/hyakumeiten/yakiniku_east/2020
23000645	馬力屋	愛知県	愛知県 浅間町駅	https://tabelog.com/aichi/A2301/A230109/23000645/	焼肉	yakiniku_east	焼肉 EAST	1	https://award.tabelog.com/hyakumeiten/yakiniku_east/2020
21000004	桔梗苑 本店	岐阜県	岐阜県 岐阜市	https://tabelog.com/gifu/A2101/A210101/21000004/	焼肉	yakiniku_east	焼肉 EAST	1	https://award.tabelog.com/hyakumeiten/yakiniku_east/2020
14045993	野毛ホルモンセンター	神奈川県	神奈川県 桜木町駅	https://tabelog.com/kanagawa/A1401/A140102/14045993/	焼肉	yakiniku_east	焼肉 EAST	1	https://award.tabelog.com/hyakumeiten/yakiniku_east/2020
23044961	ホルモンショウヤ	愛知県	愛知県 国際センター駅	https://tabelog.com/aichi/A2301/A230101/23044961/	焼肉	yakiniku_east	焼肉 EAST	1	https://award.tabelog.com/hyakumeiten/yakiniku_east/2020
23064227	にくがとう 名古屋店	愛知県	愛知県 栄町駅	https://tabelog.com/aichi/A2301/A230103/23064227/	焼肉	yakiniku_east	焼肉 EAST	1	https://award.tabelog.com/hyakumeiten/yakiniku_east/2020
23064486	焼肉みつ星	愛知県	愛知県 金山駅	https://tabelog.com/aichi/A2301/A230105/23064486/	焼肉	yakiniku_east	焼肉 EAST	1	https://award.tabelog.com/hyakumeiten/yakiniku_east/2020
3000025	食道園	岩手県	岩手県 盛岡市	https://tabelog.com/iwate/A0301/A030101/3000025/	焼肉	yakiniku_east	焼肉 EAST	1	https://award.tabelog.com/hyakumeiten/yakiniku_east/2020
12032975	肉の匠 将泰庵 はなれ 船橋駅前店	千葉県	千葉県 京成船橋駅	https://tabelog.com/chiba/A1202/A120201/12032975/	焼肉	yakiniku_east	焼肉 EAST	1	https://award.tabelog.com/hyakumeiten/yakiniku_east/2020
14001796	酔笑苑	神奈川県	神奈川県 本厚木駅	https://tabelog.com/kanagawa/A1408/A140802/14001796/	焼肉	yakiniku_east	焼肉 EAST	1	https://award.tabelog.com/hyakumeiten/yakiniku_east/2020
1019191	ホルモン・焼肉 キムチ	北海道	北海道 資生館小学校前駅	https://tabelog.com/hokkaido/A0101/A010103/1019191/	焼肉	yakiniku_east	焼肉 EAST	1	https://award.tabelog.com/hyakumeiten/yakiniku_east/2020
23007634	竹千代	愛知県	愛知県 新栄町駅	https://tabelog.com/aichi/A2301/A230104/23007634/	焼肉	yakiniku_east	焼肉 EAST	1	https://award.tabelog.com/hyakumeiten/yakiniku_east/2020
23002578	黒牛の里 半田店	愛知県	愛知県 半田市	https://tabelog.com/aichi/A2304/A230402/23002578/	焼肉	yakiniku_east	焼肉 EAST	1	https://award.tabelog.com/hyakumeiten/yakiniku_east/2020
1037834	焼肉 グルマンズいとう	北海道	北海道 東本願寺前駅	https://tabelog.com/hokkaido/A0101/A010103/1037834/	焼肉	yakiniku_east	焼肉 EAST	1	https://award.tabelog.com/hyakumeiten/yakiniku_east/2020
14033424	焼肉　はせ川	神奈川県	神奈川県 小田急相模原駅	https://tabelog.com/kanagawa/A1407/A140701/14033424/	焼肉	yakiniku_east	焼肉 EAST	1	https://award.tabelog.com/hyakumeiten/yakiniku_east/2020
3000013	肉の米内	岩手県	岩手県 盛岡市	https://tabelog.com/iwate/A0301/A030101/3000013/	焼肉	yakiniku_east	焼肉 EAST	1	https://award.tabelog.com/hyakumeiten/yakiniku_east/2020
23067138	柳橋焼にく わにく	愛知県	愛知県 国際センター駅	https://tabelog.com/aichi/A2301/A230101/23067138/	焼肉	yakiniku_east	焼肉 EAST	1	https://award.tabelog.com/hyakumeiten/yakiniku_east/2020
3000006	龍園	岩手県	岩手県 奥州市	https://tabelog.com/iwate/A0303/A030302/3000006/	焼肉	yakiniku_east	焼肉 EAST	1	https://award.tabelog.com/hyakumeiten/yakiniku_east/2020
1000023	トトリ 本店	北海道	北海道 資生館小学校前駅	https://tabelog.com/hokkaido/A0101/A010103/1000023/	焼肉	yakiniku_east	焼肉 EAST	1	https://award.tabelog.com/hyakumeiten/yakiniku_east/2020
3000011	髭	岩手県	岩手県 盛岡市	https://tabelog.com/iwate/A0301/A030101/3000011/	焼肉	yakiniku_east	焼肉 EAST	1	https://award.tabelog.com/hyakumeiten/yakiniku_east/2020
14000451	焼肉 大衆 本店	神奈川県	神奈川県 日ノ出町駅	https://tabelog.com/kanagawa/A1401/A140102/14000451/	焼肉	yakiniku_east	焼肉 EAST	1	https://award.tabelog.com/hyakumeiten/yakiniku_east/2020
3000020	盛楼閣	岩手県	岩手県 盛岡市	https://tabelog.com/iwate/A0301/A030101/3000020/	焼肉	yakiniku_east	焼肉 EAST	1	https://award.tabelog.com/hyakumeiten/yakiniku_east/2020
1012297	コサリ	北海道	北海道 東本願寺前駅	https://tabelog.com/hokkaido/A0101/A010103/1012297/	焼肉	yakiniku_east	焼肉 EAST	1	https://award.tabelog.com/hyakumeiten/yakiniku_east/2020
23056995	肉山 名古屋	愛知県	愛知県 栄（名古屋）駅	https://tabelog.com/aichi/A2301/A230103/23056995/	焼肉	yakiniku_east	焼肉 EAST	1	https://award.tabelog.com/hyakumeiten/yakiniku_east/2020
4000693	焼肉 三水苑 東口店	宮城県	宮城県 宮城野通駅	https://tabelog.com/miyagi/A0401/A040102/4000693/	焼肉	yakiniku_east	焼肉 EAST	1	https://award.tabelog.com/hyakumeiten/yakiniku_east/2020
23008521	炭火焼肉 たけのうち 本店	愛知県	愛知県 庄内通駅	https://tabelog.com/aichi/A2301/A230113/23008521/	焼肉	yakiniku_east	焼肉 EAST	1	https://award.tabelog.com/hyakumeiten/yakiniku_east/2020
14057942	治郎丸 野毛店	神奈川県	神奈川県 桜木町駅	https://tabelog.com/kanagawa/A1401/A140102/14057942/	焼肉	yakiniku_east	焼肉 EAST	1	https://award.tabelog.com/hyakumeiten/yakiniku_east/2020
7000807	もうもう亭	福島県	福島県 郡山市	https://tabelog.com/fukushima/A0702/A070201/7000807/	焼肉	yakiniku_east	焼肉 EAST	1	https://award.tabelog.com/hyakumeiten/yakiniku_east/2020
14061683	USHIHACHI 武蔵小杉店	神奈川県	神奈川県 武蔵小杉駅	https://tabelog.com/kanagawa/A1405/A140504/14061683/	焼肉	yakiniku_east	焼肉 EAST	1	https://award.tabelog.com/hyakumeiten/yakiniku_east/2020
14002802	関内苑 本店	神奈川県	神奈川県 関内駅	https://tabelog.com/kanagawa/A1401/A140104/14002802/	焼肉	yakiniku_east	焼肉 EAST	1	https://award.tabelog.com/hyakumeiten/yakiniku_east/2020
1005323	肉の割烹 田村  菊水元町店	北海道	北海道 札幌市白石区	https://tabelog.com/hokkaido/A0101/A010301/1005323/	焼肉	yakiniku_east	焼肉 EAST	1	https://award.tabelog.com/hyakumeiten/yakiniku_east/2020
1001340	馬場ホルモン	北海道	北海道 旭川市	https://tabelog.com/hokkaido/A0104/A010401/1001340/	焼肉	yakiniku_east	焼肉 EAST	1	https://award.tabelog.com/hyakumeiten/yakiniku_east/2020
23012283	炭焼小屋	愛知県	愛知県 国際センター駅	https://tabelog.com/aichi/A2301/A230101/23012283/	焼肉	yakiniku_east	焼肉 EAST	1	https://award.tabelog.com/hyakumeiten/yakiniku_east/2020
9011956	焼肉グレート 宇都宮駅前店	栃木県	栃木県 宇都宮市	https://tabelog.com/tochigi/A0901/A090101/9011956/	焼肉	yakiniku_east	焼肉 EAST	1	https://award.tabelog.com/hyakumeiten/yakiniku_east/2020
23007606	伊勢屋本店	愛知県	愛知県 神宮前駅	https://tabelog.com/aichi/A2301/A230112/23007606/	焼肉	yakiniku_east	焼肉 EAST	1	https://award.tabelog.com/hyakumeiten/yakiniku_east/2020
14000856	つる屋	神奈川県	神奈川県 関内駅	https://tabelog.com/kanagawa/A1401/A140104/14000856/	焼肉	yakiniku_east	焼肉 EAST	1	https://award.tabelog.com/hyakumeiten/yakiniku_east/2020
1021776	焼肉道食	北海道	北海道 北見市	https://tabelog.com/hokkaido/A0110/A011003/1021776/	焼肉	yakiniku_east	焼肉 EAST	1	https://award.tabelog.com/hyakumeiten/yakiniku_east/2020
14000772	炭火焼肉 ホルモンセンター どうげん	神奈川県	神奈川県 武蔵中原駅	https://tabelog.com/kanagawa/A1405/A140504/14000772/	焼肉	yakiniku_east	焼肉 EAST	1	https://award.tabelog.com/hyakumeiten/yakiniku_east/2020
1033174	ホルモン 銀牙	北海道	北海道 すすきの（市営）駅	https://tabelog.com/hokkaido/A0101/A010103/1033174/	焼肉	yakiniku_east	焼肉 EAST	1	https://award.tabelog.com/hyakumeiten/yakiniku_east/2020
23059423	ワイン&焼肉レストラン 承陽庭	愛知県	愛知県 伏見駅	https://tabelog.com/aichi/A2301/A230102/23059423/	焼肉	yakiniku_east	焼肉 EAST	1	https://award.tabelog.com/hyakumeiten/yakiniku_east/2020
4008582	炭火焼 ぐら 塩釜本店	宮城県	宮城県 塩竈市	https://tabelog.com/miyagi/A0404/A040404/4008582/	焼肉	yakiniku_east	焼肉 EAST	1	https://award.tabelog.com/hyakumeiten/yakiniku_east/2020
5000442	塩ホルモン 炭楽	秋田県	秋田県 大仙市	https://tabelog.com/akita/A0504/A050402/5000442/	焼肉	yakiniku_east	焼肉 EAST	1	https://award.tabelog.com/hyakumeiten/yakiniku_east/2020
4017454	仔虎 エスパル仙台店	宮城県	宮城県 仙台駅	https://tabelog.com/miyagi/A0401/A040101/4017454/	焼肉	yakiniku_east	焼肉 EAST	1	https://award.tabelog.com/hyakumeiten/yakiniku_east/2020
23007886	李昇 本館	愛知県	愛知県 久屋大通駅	https://tabelog.com/aichi/A2301/A230103/23007886/	焼肉	yakiniku_east	焼肉 EAST	1	https://award.tabelog.com/hyakumeiten/yakiniku_east/2020
21000286	味蔵天国	岐阜県	岐阜県 高山市	https://tabelog.com/gifu/A2104/A210401/21000286/	焼肉	yakiniku_east	焼肉 EAST	1	https://award.tabelog.com/hyakumeiten/yakiniku_east/2020
14012025	焼肉 べこ亭 たまプラーザ本店	神奈川県	神奈川県 たまプラーザ駅	https://tabelog.com/kanagawa/A1401/A140201/14012025/	焼肉	yakiniku_east	焼肉 EAST	1	https://award.tabelog.com/hyakumeiten/yakiniku_east/2020
23005731	とんちゃんや ふじ	愛知県	愛知県 大須観音駅	https://tabelog.com/aichi/A2301/A230105/23005731/	焼肉	yakiniku_east	焼肉 EAST	1	https://award.tabelog.com/hyakumeiten/yakiniku_east/2020
1000928	焼肉と料理シルクロード	北海道	北海道 桑園駅	https://tabelog.com/hokkaido/A0101/A010105/1000928/	焼肉	yakiniku_east	焼肉 EAST	1	https://award.tabelog.com/hyakumeiten/yakiniku_east/2020
21000284	飛騨牛一頭家 馬喰一代 岐阜神田	岐阜県	岐阜県 岐阜市	https://tabelog.com/gifu/A2101/A210101/21000284/	焼肉	yakiniku_east	焼肉 EAST	1	https://award.tabelog.com/hyakumeiten/yakiniku_east/2020
3000008	ぴょんぴょん舎 稲荷町本店	岩手県	岩手県 盛岡市	https://tabelog.com/iwate/A0301/A030101/3000008/	焼肉	yakiniku_east	焼肉 EAST	1	https://award.tabelog.com/hyakumeiten/yakiniku_east/2020
4000133	仙台牛焼肉 花牛	宮城県	宮城県 あおば通駅	https://tabelog.com/miyagi/A0401/A040101/4000133/	焼肉	yakiniku_east	焼肉 EAST	1	https://award.tabelog.com/hyakumeiten/yakiniku_east/2020
3000337	焼肉・冷麺 三千里	岩手県	岩手県 岩手郡雫石町	https://tabelog.com/iwate/A0301/A030102/3000337/	焼肉	yakiniku_east	焼肉 EAST	1	https://award.tabelog.com/hyakumeiten/yakiniku_east/2020
4019691	炭火焼肉ぐら 仙台朝市駅前店	宮城県	宮城県 あおば通駅	https://tabelog.com/miyagi/A0401/A040101/4019691/	焼肉	yakiniku_east	焼肉 EAST	1	https://award.tabelog.com/hyakumeiten/yakiniku_east/2020
14037400	焼肉×ホルモン 溝の口 ひゃくてん	神奈川県	神奈川県 溝の口駅	https://tabelog.com/kanagawa/A1405/A140505/14037400/	焼肉	yakiniku_east	焼肉 EAST	1	https://award.tabelog.com/hyakumeiten/yakiniku_east/2020
14001884	炭焼喰人 本店	神奈川県	神奈川県 センター南駅	https://tabelog.com/kanagawa/A1401/A140203/14001884/	焼肉	yakiniku_east	焼肉 EAST	1	https://award.tabelog.com/hyakumeiten/yakiniku_east/2020
23062109	A5焼肉&手打ち冷麺 二郎 柳橋店	愛知県	愛知県 国際センター駅	https://tabelog.com/aichi/A2301/A230101/23062109/	焼肉	yakiniku_east	焼肉 EAST	1	https://award.tabelog.com/hyakumeiten/yakiniku_east/2020
4003320	米沢牛焼肉 仔虎 仙台駅前店	宮城県	宮城県 仙台駅	https://tabelog.com/miyagi/A0401/A040101/4003320/	焼肉	yakiniku_east	焼肉 EAST	1	https://award.tabelog.com/hyakumeiten/yakiniku_east/2020
23052179	勢太	愛知県	愛知県 清水駅	https://tabelog.com/aichi/A2301/A230110/23052179/	焼肉	yakiniku_east	焼肉 EAST	1	https://award.tabelog.com/hyakumeiten/yakiniku_east/2020
12026157	肉の匠 将泰庵  船橋本店	千葉県	千葉県 京成船橋駅	https://tabelog.com/chiba/A1202/A120201/12026157/	焼肉	yakiniku_east	焼肉 EAST	1	https://award.tabelog.com/hyakumeiten/yakiniku_east/2020
23000156	眞佐可	愛知県	愛知県 鶴舞駅	https://tabelog.com/aichi/A2301/A230105/23000156/	焼肉	yakiniku_east	焼肉 EAST	1	https://award.tabelog.com/hyakumeiten/yakiniku_east/2020
23000042	昇家 泉店	愛知県	愛知県 久屋大通駅	https://tabelog.com/aichi/A2301/A230103/23000042/	焼肉	yakiniku_east	焼肉 EAST	1	https://award.tabelog.com/hyakumeiten/yakiniku_east/2020
23046507	焼肉ホルモン せいご 本店	愛知県	愛知県 国際センター駅	https://tabelog.com/aichi/A2301/A230101/23046507/	焼肉	yakiniku_east	焼肉 EAST	1	https://award.tabelog.com/hyakumeiten/yakiniku_east/2020
23004583	炭火和牛焼肉 じろうや	愛知県	愛知県 久屋大通駅	https://tabelog.com/aichi/A2301/A230103/23004583/	焼肉	yakiniku_east	焼肉 EAST	1	https://award.tabelog.com/hyakumeiten/yakiniku_east/2020
1029717	肉の割烹 田村 大通BISSE店	北海道	北海道 大通駅	https://tabelog.com/hokkaido/A0101/A010102/1029717/	焼肉	yakiniku_east	焼肉 EAST	1	https://award.tabelog.com/hyakumeiten/yakiniku_east/2020
23012328	まんぷく	愛知県	愛知県 名古屋市中川区	https://tabelog.com/aichi/A2301/A230113/23012328/	焼肉	yakiniku_east	焼肉 EAST	1	https://award.tabelog.com/hyakumeiten/yakiniku_east/2020
5009110	炭火焼肉 久	秋田県	秋田県 秋田市	https://tabelog.com/akita/A0501/A050101/5009110/	焼肉	yakiniku_east	焼肉 EAST	1	https://award.tabelog.com/hyakumeiten/yakiniku_east/2020
21000041	丸明 飛騨高山店	岐阜県	岐阜県 高山市	https://tabelog.com/gifu/A2104/A210401/21000041/	焼肉	yakiniku_east	焼肉 EAST	1	https://award.tabelog.com/hyakumeiten/yakiniku_east/2020
27000597	肉料理とワイン YUZAN 南船場	大阪府	大阪府 松屋町駅	https://tabelog.com/osaka/A2701/A270201/27000597/	焼肉	yakiniku_west	焼肉 WEST	1	https://award.tabelog.com/hyakumeiten/yakiniku_west/2020
27013555	万両 天神橋店	大阪府	大阪府 南森町駅	https://tabelog.com/osaka/A2701/A270103/27013555/	焼肉	yakiniku_west	焼肉 WEST	1	https://award.tabelog.com/hyakumeiten/yakiniku_west/2020
28002221	やきにくポッサムチプ	兵庫県	兵庫県 兵庫駅	https://tabelog.com/hyogo/A2801/A280109/28002221/	焼肉	yakiniku_west	焼肉 WEST	1	https://award.tabelog.com/hyakumeiten/yakiniku_west/2020
27019684	哲	大阪府	大阪府 江坂駅	https://tabelog.com/osaka/A2706/A270602/27019684/	焼肉	yakiniku_west	焼肉 WEST	1	https://award.tabelog.com/hyakumeiten/yakiniku_west/2020
27113560	柘榴 奈良きみや 別邸	大阪府	大阪府 大江橋駅	https://tabelog.com/osaka/A2701/A270101/27113560/	焼肉	yakiniku_west	焼肉 WEST	1	https://award.tabelog.com/hyakumeiten/yakiniku_west/2020
27040961	和牛焼肉 布上 本店	大阪府	大阪府 新福島駅	https://tabelog.com/osaka/A2701/A270108/27040961/	焼肉	yakiniku_west	焼肉 WEST	1	https://award.tabelog.com/hyakumeiten/yakiniku_west/2020
28003841	炭焼肉 石田屋。 本店	兵庫県	兵庫県 三宮（神戸市営）駅	https://tabelog.com/hyogo/A2801/A280101/28003841/	焼肉	yakiniku_west	焼肉 WEST	1	https://award.tabelog.com/hyakumeiten/yakiniku_west/2020
27011939	吟味屋 天満店	大阪府	大阪府 天満駅	https://tabelog.com/osaka/A2701/A270103/27011939/	焼肉	yakiniku_west	焼肉 WEST	1	https://award.tabelog.com/hyakumeiten/yakiniku_west/2020
27006730	焼肉 白雲台 鶴橋駅前店	大阪府	大阪府 鶴橋駅	https://tabelog.com/osaka/A2701/A270205/27006730/	焼肉	yakiniku_west	焼肉 WEST	1	https://award.tabelog.com/hyakumeiten/yakiniku_west/2020
24000073	一升びん 本店	三重県	三重県 松阪市	https://tabelog.com/mie/A2401/A240102/24000073/	焼肉	yakiniku_west	焼肉 WEST	1	https://award.tabelog.com/hyakumeiten/yakiniku_west/2020
27002226	カウハウス	大阪府	大阪府 桜ノ宮駅	https://tabelog.com/osaka/A2701/A270304/27002226/	焼肉	yakiniku_west	焼肉 WEST	1	https://award.tabelog.com/hyakumeiten/yakiniku_west/2020
27002291	万両 南森町店	大阪府	大阪府 南森町駅	https://tabelog.com/osaka/A2701/A270103/27002291/	焼肉	yakiniku_west	焼肉 WEST	1	https://award.tabelog.com/hyakumeiten/yakiniku_west/2020
27010393	万両 堺筋本町店	大阪府	大阪府 堺筋本町駅	https://tabelog.com/osaka/A2701/A270106/27010393/	焼肉	yakiniku_west	焼肉 WEST	1	https://award.tabelog.com/hyakumeiten/yakiniku_west/2020
28004023	炭火焼肉屋台 たじま屋	兵庫県	兵庫県 ハーバーランド駅	https://tabelog.com/hyogo/A2801/A280109/28004023/	焼肉	yakiniku_west	焼肉 WEST	1	https://award.tabelog.com/hyakumeiten/yakiniku_west/2020
26006045	はつだ	京都府	京都府 修学院駅	https://tabelog.com/kyoto/A2601/A260303/26006045/	焼肉	yakiniku_west	焼肉 WEST	1	https://award.tabelog.com/hyakumeiten/yakiniku_west/2020
27011099	北新地やまがた屋	大阪府	大阪府 北新地駅	https://tabelog.com/osaka/A2701/A270101/27011099/	焼肉	yakiniku_west	焼肉 WEST	1	https://award.tabelog.com/hyakumeiten/yakiniku_west/2020
27015932	なか田 別邸	大阪府	大阪府 福島駅	https://tabelog.com/osaka/A2701/A270108/27015932/	焼肉	yakiniku_west	焼肉 WEST	1	https://award.tabelog.com/hyakumeiten/yakiniku_west/2020
27055508	ホルモン 徳いち	大阪府	大阪府 京橋駅	https://tabelog.com/osaka/A2701/A270107/27055508/	焼肉	yakiniku_west	焼肉 WEST	1	https://award.tabelog.com/hyakumeiten/yakiniku_west/2020
27015353	和牛懐石 但馬屋 梅田	大阪府	大阪府 東梅田駅	https://tabelog.com/osaka/A2701/A270101/27015353/	焼肉	yakiniku_west	焼肉 WEST	1	https://award.tabelog.com/hyakumeiten/yakiniku_west/2020
27001294	空 道頓堀店	大阪府	大阪府 大阪難波駅	https://tabelog.com/osaka/A2701/A270202/27001294/	焼肉	yakiniku_west	焼肉 WEST	1	https://award.tabelog.com/hyakumeiten/yakiniku_west/2020
28018032	甲子園 牛萬	兵庫県	兵庫県 鳴尾・武庫川女子大前駅	https://tabelog.com/hyogo/A2803/A280301/28018032/	焼肉	yakiniku_west	焼肉 WEST	1	https://award.tabelog.com/hyakumeiten/yakiniku_west/2020
27099114	北新地 はらみ	大阪府	大阪府 北新地駅	https://tabelog.com/osaka/A2701/A270101/27099114/	焼肉	yakiniku_west	焼肉 WEST	1	https://award.tabelog.com/hyakumeiten/yakiniku_west/2020
29001982	きみや	奈良県	奈良県 生駒市	https://tabelog.com/nara/A2901/A290102/29001982/	焼肉	yakiniku_west	焼肉 WEST	1	https://award.tabelog.com/hyakumeiten/yakiniku_west/2020
27081974	ホルモン 長岡	大阪府	大阪府 中崎町駅	https://tabelog.com/osaka/A2701/A270101/27081974/	焼肉	yakiniku_west	焼肉 WEST	1	https://award.tabelog.com/hyakumeiten/yakiniku_west/2020
27088182	万両 肥後橋店	大阪府	大阪府 肥後橋駅	https://tabelog.com/osaka/A2701/A270102/27088182/	焼肉	yakiniku_west	焼肉 WEST	1	https://award.tabelog.com/hyakumeiten/yakiniku_west/2020
26016840	焼肉 弘商店 烏丸錦	京都府	京都府 烏丸駅	https://tabelog.com/kyoto/A2601/A260202/26016840/	焼肉	yakiniku_west	焼肉 WEST	1	https://award.tabelog.com/hyakumeiten/yakiniku_west/2020
26006491	肉料理　荒川	京都府	京都府 京都河原町駅	https://tabelog.com/kyoto/A2601/A260201/26006491/	焼肉	yakiniku_west	焼肉 WEST	1	https://award.tabelog.com/hyakumeiten/yakiniku_west/2020
27018922	和牛 まつした 本通り店	大阪府	大阪府 北新地駅	https://tabelog.com/osaka/A2701/A270101/27018922/	焼肉	yakiniku_west	焼肉 WEST	1	https://award.tabelog.com/hyakumeiten/yakiniku_west/2020
27057397	又三郎 本店	大阪府	大阪府 長居駅	https://tabelog.com/osaka/A2701/A270404/27057397/	焼肉	yakiniku_west	焼肉 WEST	1	https://award.tabelog.com/hyakumeiten/yakiniku_west/2020
26004181	藤むら	京都府	京都府 大宮駅	https://tabelog.com/kyoto/A2601/A260101/26004181/	焼肉	yakiniku_west	焼肉 WEST	1	https://award.tabelog.com/hyakumeiten/yakiniku_west/2020
47012014	喜八	沖縄県	沖縄県 宮古島市	https://tabelog.com/okinawa/A4705/A470503/47012014/	焼肉	yakiniku_west	焼肉 WEST	1	https://award.tabelog.com/hyakumeiten/yakiniku_west/2020
27002500	茜	大阪府	大阪府 中津（大阪メトロ）駅	https://tabelog.com/osaka/A2701/A270101/27002500/	焼肉	yakiniku_west	焼肉 WEST	1	https://award.tabelog.com/hyakumeiten/yakiniku_west/2020
26000080	アジェ 松原本店	京都府	京都府 清水五条駅	https://tabelog.com/kyoto/A2601/A260301/26000080/	焼肉	yakiniku_west	焼肉 WEST	1	https://award.tabelog.com/hyakumeiten/yakiniku_west/2020
40043061	焼肉すどう 春吉	福岡県	福岡県 天神南駅	https://tabelog.com/fukuoka/A4001/A400103/40043061/	焼肉	yakiniku_west	焼肉 WEST	1	https://award.tabelog.com/hyakumeiten/yakiniku_west/2020
27001288	本家 とらちゃん 法善寺横丁店	大阪府	大阪府 大阪難波駅	https://tabelog.com/osaka/A2701/A270202/27001288/	焼肉	yakiniku_west	焼肉 WEST	1	https://award.tabelog.com/hyakumeiten/yakiniku_west/2020
27003470	和牛処 助春	大阪府	大阪府 吉田駅	https://tabelog.com/osaka/A2707/A270703/27003470/	焼肉	yakiniku_west	焼肉 WEST	1	https://award.tabelog.com/hyakumeiten/yakiniku_west/2020
40001664	大東園 本店	福岡県	福岡県 祇園駅	https://tabelog.com/fukuoka/A4001/A400101/40001664/	焼肉	yakiniku_west	焼肉 WEST	1	https://award.tabelog.com/hyakumeiten/yakiniku_west/2020
26002138	京の焼肉処 弘 千本三条本店	京都府	京都府 二条駅	https://tabelog.com/kyoto/A2601/A260203/26002138/	焼肉	yakiniku_west	焼肉 WEST	1	https://award.tabelog.com/hyakumeiten/yakiniku_west/2020
42000647	うめしま	長崎県	長崎県 壱岐市	https://tabelog.com/nagasaki/A4205/A420502/42000647/	焼肉	yakiniku_west	焼肉 WEST	1	https://award.tabelog.com/hyakumeiten/yakiniku_west/2020
43008422	焼肉すどう 本店	熊本県	熊本県 熊本市中央区	https://tabelog.com/kumamoto/A4301/A430101/43008422/	焼肉	yakiniku_west	焼肉 WEST	1	https://award.tabelog.com/hyakumeiten/yakiniku_west/2020
27001305	肉匠なか田 本店	大阪府	大阪府 大阪難波駅	https://tabelog.com/osaka/A2701/A270202/27001305/	焼肉	yakiniku_west	焼肉 WEST	1	https://award.tabelog.com/hyakumeiten/yakiniku_west/2020
27002882	明月館 上本町本店	大阪府	大阪府 鶴橋駅	https://tabelog.com/osaka/A2701/A270205/27002882/	焼肉	yakiniku_west	焼肉 WEST	1	https://award.tabelog.com/hyakumeiten/yakiniku_west/2020
47000296	華	沖縄県	沖縄県 那覇市	https://tabelog.com/okinawa/A4701/A470101/47000296/	焼肉	yakiniku_west	焼肉 WEST	1	https://award.tabelog.com/hyakumeiten/yakiniku_west/2020
27000572	吉田 新館	大阪府	大阪府 鶴橋駅	https://tabelog.com/osaka/A2701/A270205/27000572/	焼肉	yakiniku_west	焼肉 WEST	1	https://award.tabelog.com/hyakumeiten/yakiniku_west/2020
27000569	海南亭 鶴橋店	大阪府	大阪府 鶴橋駅	https://tabelog.com/osaka/A2701/A270205/27000569/	焼肉	yakiniku_west	焼肉 WEST	1	https://award.tabelog.com/hyakumeiten/yakiniku_west/2020
27005087	多平	大阪府	大阪府 難波（南海）駅	https://tabelog.com/osaka/A2701/A270202/27005087/	焼肉	yakiniku_west	焼肉 WEST	1	https://award.tabelog.com/hyakumeiten/yakiniku_west/2020
27086935	和牛 まつした 上通り店	大阪府	大阪府 北新地駅	https://tabelog.com/osaka/A2701/A270101/27086935/	焼肉	yakiniku_west	焼肉 WEST	1	https://award.tabelog.com/hyakumeiten/yakiniku_west/2020
27019731	焼肉たきもと	大阪府	大阪府 堺市駅	https://tabelog.com/osaka/A2705/A270501/27019731/	焼肉	yakiniku_west	焼肉 WEST	1	https://award.tabelog.com/hyakumeiten/yakiniku_west/2020
26001035	江畑	京都府	京都府 京都市上京区	https://tabelog.com/kyoto/A2601/A260501/26001035/	焼肉	yakiniku_west	焼肉 WEST	1	https://award.tabelog.com/hyakumeiten/yakiniku_west/2020
33010192	密陽家	岡山県	岡山県 岡山市北区	https://tabelog.com/okayama/A3301/A330101/33010192/	焼肉	yakiniku_west	焼肉 WEST	1	https://award.tabelog.com/hyakumeiten/yakiniku_west/2020
27011178	板前焼肉 一斗 天下茶屋本店	大阪府	大阪府 今船駅	https://tabelog.com/osaka/A2701/A270406/27011178/	焼肉	yakiniku_west	焼肉 WEST	1	https://award.tabelog.com/hyakumeiten/yakiniku_west/2020
27003763	万両 東天満店	大阪府	大阪府 天満橋駅	https://tabelog.com/osaka/A2701/A270103/27003763/	焼肉	yakiniku_west	焼肉 WEST	1	https://award.tabelog.com/hyakumeiten/yakiniku_west/2020
26008216	川もり	京都府	京都府 東山駅	https://tabelog.com/kyoto/A2601/A260301/26008216/	焼肉	yakiniku_west	焼肉 WEST	1	https://award.tabelog.com/hyakumeiten/yakiniku_west/2020
27000564	空 鶴橋総本店	大阪府	大阪府 鶴橋駅	https://tabelog.com/osaka/A2701/A270205/27000564/	焼肉	yakiniku_west	焼肉 WEST	1	https://award.tabelog.com/hyakumeiten/yakiniku_west/2020
27010644	蔓牛	大阪府	大阪府 谷町九丁目駅	https://tabelog.com/osaka/A2701/A270202/27010644/	焼肉	yakiniku_west	焼肉 WEST	1	https://award.tabelog.com/hyakumeiten/yakiniku_west/2020
28028299	炭焼肉　石田屋。 Hanare	兵庫県	兵庫県 三宮（神戸市営）駅	https://tabelog.com/hyogo/A2801/A280101/28028299/	焼肉	yakiniku_west	焼肉 WEST	1	https://award.tabelog.com/hyakumeiten/yakiniku_west/2020
27083854	にくや萬野	大阪府	大阪府 東梅田駅	https://tabelog.com/osaka/A2701/A270101/27083854/	焼肉	yakiniku_west	焼肉 WEST	1	https://award.tabelog.com/hyakumeiten/yakiniku_west/2020
27000219	北新地 すがはら	大阪府	大阪府 大江橋駅	https://tabelog.com/osaka/A2701/A270101/27000219/	焼肉	yakiniku_west	焼肉 WEST	1	https://award.tabelog.com/hyakumeiten/yakiniku_west/2020
40000441	田無羅	福岡県	福岡県 天神南駅	https://tabelog.com/fukuoka/A4001/A400103/40000441/	焼肉	yakiniku_west	焼肉 WEST	1	https://award.tabelog.com/hyakumeiten/yakiniku_west/2020
28005344	きらく	兵庫県	兵庫県 春日野道（阪神）駅	https://tabelog.com/hyogo/A2801/A280103/28005344/	焼肉	yakiniku_west	焼肉 WEST	1	https://award.tabelog.com/hyakumeiten/yakiniku_west/2020
27090232	京松蘭 本店	大阪府	大阪府 京橋駅	https://tabelog.com/osaka/A2701/A270107/27090232/	焼肉	yakiniku_west	焼肉 WEST	1	https://award.tabelog.com/hyakumeiten/yakiniku_west/2020
26002078	多来多来	京都府	京都府 久世郡久御山町	https://tabelog.com/kyoto/A2607/A260702/26002078/	焼肉	yakiniku_west	焼肉 WEST	1	https://award.tabelog.com/hyakumeiten/yakiniku_west/2020
27073864	すすむ	大阪府	大阪府 天神橋筋六丁目駅	https://tabelog.com/osaka/A2701/A270103/27073864/	焼肉	yakiniku_west	焼肉 WEST	1	https://award.tabelog.com/hyakumeiten/yakiniku_west/2020
27005121	板前焼肉 一斗 京橋支店	大阪府	大阪府 京橋駅	https://tabelog.com/osaka/A2701/A270107/27005121/	焼肉	yakiniku_west	焼肉 WEST	1	https://award.tabelog.com/hyakumeiten/yakiniku_west/2020
27000570	大倉	大阪府	大阪府 鶴橋駅	https://tabelog.com/osaka/A2701/A270205/27000570/	焼肉	yakiniku_west	焼肉 WEST	1	https://award.tabelog.com/hyakumeiten/yakiniku_west/2020
45000767	焼肉 初栄	宮崎県	宮崎県 西臼杵郡高千穂町	https://tabelog.com/miyazaki/A4505/A450502/45000767/	焼肉	yakiniku_west	焼肉 WEST	1	https://award.tabelog.com/hyakumeiten/yakiniku_west/2020
27009408	かどやホルモン店	大阪府	大阪府 東梅田駅	https://tabelog.com/osaka/A2701/A270101/27009408/	焼肉	yakiniku_west	焼肉 WEST	1	https://award.tabelog.com/hyakumeiten/yakiniku_west/2020
47007248	疾風ホルモン 久茂地本店	沖縄県	沖縄県 那覇市	https://tabelog.com/okinawa/A4701/A470101/47007248/	焼肉	yakiniku_west	焼肉 WEST	1	https://award.tabelog.com/hyakumeiten/yakiniku_west/2020
27000561	万正	大阪府	大阪府 鶴橋駅	https://tabelog.com/osaka/A2701/A270205/27000561/	焼肉	yakiniku_west	焼肉 WEST	1	https://award.tabelog.com/hyakumeiten/yakiniku_west/2020
26002425	祇園鹿六	京都府	京都府 祇園四条駅	https://tabelog.com/kyoto/A2601/A260301/26002425/	焼肉	yakiniku_west	焼肉 WEST	1	https://award.tabelog.com/hyakumeiten/yakiniku_west/2020
24001944	焼肉 八廣	三重県	三重県 津市	https://tabelog.com/mie/A2401/A240101/24001944/	焼肉	yakiniku_west	焼肉 WEST	1	https://award.tabelog.com/hyakumeiten/yakiniku_west/2020
25005328	万葉 八日市店	滋賀県	滋賀県 東近江市	https://tabelog.com/shiga/A2503/A250302/25005328/	焼肉	yakiniku_west	焼肉 WEST	1	https://award.tabelog.com/hyakumeiten/yakiniku_west/2020
24000064	宮本屋	三重県	三重県 松阪市	https://tabelog.com/mie/A2401/A240102/24000064/	焼肉	yakiniku_west	焼肉 WEST	1	https://award.tabelog.com/hyakumeiten/yakiniku_west/2020
27008433	和牛の紀楽	大阪府	大阪府 大阪天満宮駅	https://tabelog.com/osaka/A2701/A270104/27008433/	焼肉	yakiniku_west	焼肉 WEST	1	https://award.tabelog.com/hyakumeiten/yakiniku_west/2020
47001010	炭火焼肉 やまもと	沖縄県	沖縄県 石垣市	https://tabelog.com/okinawa/A4705/A470501/47001010/	焼肉	yakiniku_west	焼肉 WEST	1	https://award.tabelog.com/hyakumeiten/yakiniku_west/2020
27019581	焼肉萬野 天王寺	大阪府	大阪府 天王寺駅	https://tabelog.com/osaka/A2701/A270203/27019581/	焼肉	yakiniku_west	焼肉 WEST	1	https://award.tabelog.com/hyakumeiten/yakiniku_west/2020
47001554	石垣島 きたうち牧場 美崎店	沖縄県	沖縄県 石垣市	https://tabelog.com/okinawa/A4705/A470501/47001554/	焼肉	yakiniku_west	焼肉 WEST	1	https://award.tabelog.com/hyakumeiten/yakiniku_west/2020
27023459	焼肉 かっぱ梶岡	大阪府	大阪府 庄内駅	https://tabelog.com/osaka/A2706/A270601/27023459/	焼肉	yakiniku_west	焼肉 WEST	1	https://award.tabelog.com/hyakumeiten/yakiniku_west/2020
26004812	益市 本店	京都府	京都府 西大路駅	https://tabelog.com/kyoto/A2601/A260604/26004812/	焼肉	yakiniku_west	焼肉 WEST	1	https://award.tabelog.com/hyakumeiten/yakiniku_west/2020
28043971	雄三郎	兵庫県	兵庫県 三ノ宮（ＪＲ）駅	https://tabelog.com/hyogo/A2801/A280101/28043971/	焼肉	yakiniku_west	焼肉 WEST	1	https://award.tabelog.com/hyakumeiten/yakiniku_west/2020
26028368	焼肉矢澤 京都	京都府	京都府 四条（京都市営）駅	https://tabelog.com/kyoto/A2601/A260201/26028368/	焼肉	yakiniku_west	焼肉 WEST	1	https://award.tabelog.com/hyakumeiten/yakiniku_west/2020
27006074	さつま	大阪府	大阪府 大江橋駅	https://tabelog.com/osaka/A2701/A270101/27006074/	焼肉	yakiniku_west	焼肉 WEST	1	https://award.tabelog.com/hyakumeiten/yakiniku_west/2020
27052134	生ホルモン処 おさむちゃん。	大阪府	大阪府 津久野駅	https://tabelog.com/osaka/A2705/A270501/27052134/	焼肉	yakiniku_west	焼肉 WEST	1	https://award.tabelog.com/hyakumeiten/yakiniku_west/2020
27013294	電撃ホルモン ツギヱ	大阪府	大阪府 天満駅	https://tabelog.com/osaka/A2701/A270103/27013294/	焼肉	yakiniku_west	焼肉 WEST	1	https://award.tabelog.com/hyakumeiten/yakiniku_west/2020
40000443	利花苑 大名本店	福岡県	福岡県 赤坂駅	https://tabelog.com/fukuoka/A4001/A400104/40000443/	焼肉	yakiniku_west	焼肉 WEST	1	https://award.tabelog.com/hyakumeiten/yakiniku_west/2020
28006104	神戸元町 炭火焼肉 くにきや	兵庫県	兵庫県 元町（ＪＲ）駅	https://tabelog.com/hyogo/A2801/A280102/28006104/	焼肉	yakiniku_west	焼肉 WEST	1	https://award.tabelog.com/hyakumeiten/yakiniku_west/2020
27000567	焼肉の吉田 本店	大阪府	大阪府 鶴橋駅	https://tabelog.com/osaka/A2701/A270205/27000567/	焼肉	yakiniku_west	焼肉 WEST	1	https://award.tabelog.com/hyakumeiten/yakiniku_west/2020
27023255	焼肉政ちゃん	大阪府	大阪府 津守駅	https://tabelog.com/osaka/A2701/A270406/27023255/	焼肉	yakiniku_west	焼肉 WEST	1	https://award.tabelog.com/hyakumeiten/yakiniku_west/2020
28031858	焼肉&グリル　貴坂	兵庫県	兵庫県 新開地駅	https://tabelog.com/hyogo/A2801/A280109/28031858/	焼肉	yakiniku_west	焼肉 WEST	1	https://award.tabelog.com/hyakumeiten/yakiniku_west/2020
26000947	京の焼肉処 弘 三条木屋町店	京都府	京都府 三条駅	https://tabelog.com/kyoto/A2601/A260202/26000947/	焼肉	yakiniku_west	焼肉 WEST	1	https://award.tabelog.com/hyakumeiten/yakiniku_west/2020
40005186	力飯店	福岡県	福岡県 天神南駅	https://tabelog.com/fukuoka/A4001/A400103/40005186/	焼肉	yakiniku_west	焼肉 WEST	1	https://award.tabelog.com/hyakumeiten/yakiniku_west/2020
28042651	オカダ食品株式会社	兵庫県	兵庫県 西元町駅	https://tabelog.com/hyogo/A2801/A280102/28042651/	焼肉	yakiniku_west	焼肉 WEST	1	https://award.tabelog.com/hyakumeiten/yakiniku_west/2020
27015864	松蘭	大阪府	大阪府 小路（大阪メトロ）駅	https://tabelog.com/osaka/A2701/A270306/27015864/	焼肉	yakiniku_west	焼肉 WEST	1	https://award.tabelog.com/hyakumeiten/yakiniku_west/2020
28007472	鶴屋	兵庫県	兵庫県 三宮（神戸市営）駅	https://tabelog.com/hyogo/A2801/A280101/28007472/	焼肉	yakiniku_west	焼肉 WEST	1	https://award.tabelog.com/hyakumeiten/yakiniku_west/2020
27046669	厳選和牛 焼肉 犇屋 天満本店	大阪府	大阪府 天神橋筋六丁目駅	https://tabelog.com/osaka/A2701/A270103/27046669/	焼肉	yakiniku_west	焼肉 WEST	1	https://award.tabelog.com/hyakumeiten/yakiniku_west/2020
28000918	満月	兵庫県	兵庫県 西元町駅	https://tabelog.com/hyogo/A2801/A280102/28000918/	焼肉	yakiniku_west	焼肉 WEST	1	https://award.tabelog.com/hyakumeiten/yakiniku_west/2020
28001406	味楽園	兵庫県	兵庫県 出屋敷駅	https://tabelog.com/hyogo/A2803/A280304/28001406/	焼肉	yakiniku_west	焼肉 WEST	1	https://award.tabelog.com/hyakumeiten/yakiniku_west/2020
26001017	なり田屋	京都府	京都府 神宮丸太町駅	https://tabelog.com/kyoto/A2601/A260302/26001017/	焼肉	yakiniku_west	焼肉 WEST	1	https://award.tabelog.com/hyakumeiten/yakiniku_west/2020
45000273	みょうが屋	宮崎県	宮崎県 宮崎市	https://tabelog.com/miyazaki/A4501/A450101/45000273/	焼肉	yakiniku_west	焼肉 WEST	1	https://award.tabelog.com/hyakumeiten/yakiniku_west/2020
27003344	ソウル	大阪府	大阪府 ＪＲ難波駅	https://tabelog.com/osaka/A2701/A270202/27003344/	焼肉	yakiniku_west	焼肉 WEST	1	https://award.tabelog.com/hyakumeiten/yakiniku_west/2020
27019800	新富士本店	大阪府	大阪府 岸里玉出駅	https://tabelog.com/osaka/A2701/A270406/27019800/	洋食	yoshoku	洋食 全国	1	https://award.tabelog.com/hyakumeiten/yoshoku/2020
14000046	洋食キムラ 野毛店	神奈川県	神奈川県 桜木町駅	https://tabelog.com/kanagawa/A1401/A140102/14000046/	洋食	yoshoku	洋食 全国	1	https://award.tabelog.com/hyakumeiten/yoshoku/2020
27000886	グリルばらの木	大阪府	大阪府 心斎橋駅	https://tabelog.com/osaka/A2701/A270201/27000886/	洋食	yoshoku	洋食 全国	1	https://award.tabelog.com/hyakumeiten/yoshoku/2020
1001222	ポトフ	北海道	北海道 札幌市清田区	https://tabelog.com/hokkaido/A0101/A010304/1001222/	洋食	yoshoku	洋食 全国	1	https://award.tabelog.com/hyakumeiten/yoshoku/2020
13003057	洋食 キラク	東京都	東京都 人形町駅	https://tabelog.com/tokyo/A1302/A130204/13003057/	洋食	yoshoku	洋食 全国	1	https://award.tabelog.com/hyakumeiten/yoshoku/2020
26006119	コリス	京都府	京都府 清水五条駅	https://tabelog.com/kyoto/A2601/A260301/26006119/	洋食	yoshoku	洋食 全国	1	https://award.tabelog.com/hyakumeiten/yoshoku/2020
13014520	キッチンれん	東京都	東京都 六本木駅	https://tabelog.com/tokyo/A1307/A130701/13014520/	洋食	yoshoku	洋食 全国	1	https://award.tabelog.com/hyakumeiten/yoshoku/2020
13003654	ヨシカミ 浅草店	東京都	東京都 浅草（つくばＥＸＰ）駅	https://tabelog.com/tokyo/A1311/A131102/13003654/	洋食	yoshoku	洋食 全国	1	https://award.tabelog.com/hyakumeiten/yoshoku/2020
13111762	小古食堂	東京都	東京都 東陽町駅	https://tabelog.com/tokyo/A1313/A131303/13111762/	洋食	yoshoku	洋食 全国	1	https://award.tabelog.com/hyakumeiten/yoshoku/2020
13175757	旬香亭	東京都	東京都 目白駅	https://tabelog.com/tokyo/A1305/A130502/13175757/	洋食	yoshoku	洋食 全国	1	https://award.tabelog.com/hyakumeiten/yoshoku/2020
28000591	洋食の朝日	兵庫県	兵庫県 西元町駅	https://tabelog.com/hyogo/A2801/A280102/28000591/	洋食	yoshoku	洋食 全国	1	https://award.tabelog.com/hyakumeiten/yoshoku/2020
13043306	Ｇｒｉｌｌマッシュ	東京都	東京都 恵比寿駅	https://tabelog.com/tokyo/A1303/A130302/13043306/	洋食	yoshoku	洋食 全国	1	https://award.tabelog.com/hyakumeiten/yoshoku/2020
13059379	三福亭	東京都	東京都 馬喰町駅	https://tabelog.com/tokyo/A1302/A130204/13059379/	洋食	yoshoku	洋食 全国	1	https://award.tabelog.com/hyakumeiten/yoshoku/2020
9000107	明治の館	栃木県	栃木県 日光市	https://tabelog.com/tochigi/A0903/A090301/9000107/	洋食	yoshoku	洋食 全国	1	https://award.tabelog.com/hyakumeiten/yoshoku/2020
13023938	むさしや	東京都	東京都 新橋駅	https://tabelog.com/tokyo/A1301/A130103/13023938/	洋食	yoshoku	洋食 全国	1	https://award.tabelog.com/hyakumeiten/yoshoku/2020
13003752	レストラン香味屋	東京都	東京都 入谷駅	https://tabelog.com/tokyo/A1311/A131104/13003752/	洋食	yoshoku	洋食 全国	1	https://award.tabelog.com/hyakumeiten/yoshoku/2020
13003031	洋食 小春軒	東京都	東京都 人形町駅	https://tabelog.com/tokyo/A1302/A130204/13003031/	洋食	yoshoku	洋食 全国	1	https://award.tabelog.com/hyakumeiten/yoshoku/2020
13118917	キッチンさくらい	東京都	東京都 御徒町駅	https://tabelog.com/tokyo/A1311/A131101/13118917/	洋食	yoshoku	洋食 全国	1	https://award.tabelog.com/hyakumeiten/yoshoku/2020
27002873	ポッケ	大阪府	大阪府 桃谷駅	https://tabelog.com/osaka/A2701/A270205/27002873/	洋食	yoshoku	洋食 全国	1	https://award.tabelog.com/hyakumeiten/yoshoku/2020
13003914	ウチョウテン	東京都	東京都 都電雑司ケ谷駅	https://tabelog.com/tokyo/A1305/A130501/13003914/	洋食	yoshoku	洋食 全国	1	https://award.tabelog.com/hyakumeiten/yoshoku/2020
13008124	うちだ	東京都	東京都 新小岩駅	https://tabelog.com/tokyo/A1312/A131204/13008124/	洋食	yoshoku	洋食 全国	1	https://award.tabelog.com/hyakumeiten/yoshoku/2020
27012753	ゴメンネJIRO	大阪府	大阪府 天満駅	https://tabelog.com/osaka/A2701/A270103/27012753/	洋食	yoshoku	洋食 全国	1	https://award.tabelog.com/hyakumeiten/yoshoku/2020
13040217	洋食 三浦亭	東京都	東京都 武蔵関駅	https://tabelog.com/tokyo/A1321/A132105/13040217/	洋食	yoshoku	洋食 全国	1	https://award.tabelog.com/hyakumeiten/yoshoku/2020
13002430	煉瓦亭	東京都	東京都 銀座駅	https://tabelog.com/tokyo/A1301/A130101/13002430/	洋食	yoshoku	洋食 全国	1	https://award.tabelog.com/hyakumeiten/yoshoku/2020
13004938	資生堂パーラー 銀座本店	東京都	東京都 新橋駅	https://tabelog.com/tokyo/A1301/A130101/13004938/	洋食	yoshoku	洋食 全国	1	https://award.tabelog.com/hyakumeiten/yoshoku/2020
13003941	キッチン チェック	東京都	東京都 池袋駅	https://tabelog.com/tokyo/A1305/A130501/13003941/	洋食	yoshoku	洋食 全国	1	https://award.tabelog.com/hyakumeiten/yoshoku/2020
27001834	明治軒	大阪府	大阪府 心斎橋駅	https://tabelog.com/osaka/A2701/A270201/27001834/	洋食	yoshoku	洋食 全国	1	https://award.tabelog.com/hyakumeiten/yoshoku/2020
13041176	ハンバーグ ウィル	東京都	東京都 新宿御苑前駅	https://tabelog.com/tokyo/A1304/A130402/13041176/	洋食	yoshoku	洋食 全国	1	https://award.tabelog.com/hyakumeiten/yoshoku/2020
13002443	レストラン・サカキ	東京都	東京都 宝町駅	https://tabelog.com/tokyo/A1302/A130202/13002443/	洋食	yoshoku	洋食 全国	1	https://award.tabelog.com/hyakumeiten/yoshoku/2020
13017962	レストラン クインベル	東京都	東京都 両国駅	https://tabelog.com/tokyo/A1312/A131201/13017962/	洋食	yoshoku	洋食 全国	1	https://award.tabelog.com/hyakumeiten/yoshoku/2020
13018284	キッチン パンチ	東京都	東京都 中目黒駅	https://tabelog.com/tokyo/A1317/A131701/13018284/	洋食	yoshoku	洋食 全国	1	https://award.tabelog.com/hyakumeiten/yoshoku/2020
23038279	キッチン ノム	愛知県	愛知県 一社駅	https://tabelog.com/aichi/A2301/A230111/23038279/	洋食	yoshoku	洋食 全国	1	https://award.tabelog.com/hyakumeiten/yoshoku/2020
26001870	洋食の店　みしな	京都府	京都府 祇園四条駅	https://tabelog.com/kyoto/A2601/A260301/26001870/	洋食	yoshoku	洋食 全国	1	https://award.tabelog.com/hyakumeiten/yoshoku/2020
13003160	チャモロ	東京都	東京都 恵比寿駅	https://tabelog.com/tokyo/A1303/A130302/13003160/	洋食	yoshoku	洋食 全国	1	https://award.tabelog.com/hyakumeiten/yoshoku/2020
14000136	ザ・カフェ	神奈川県	神奈川県 元町・中華街駅	https://tabelog.com/kanagawa/A1401/A140105/14000136/	洋食	yoshoku	洋食 全国	1	https://award.tabelog.com/hyakumeiten/yoshoku/2020
28000390	グリル一平 新開地本店	兵庫県	兵庫県 新開地駅	https://tabelog.com/hyogo/A2801/A280109/28000390/	洋食	yoshoku	洋食 全国	1	https://award.tabelog.com/hyakumeiten/yoshoku/2020
13003638	厳選洋食さくらい	東京都	東京都 上野広小路駅	https://tabelog.com/tokyo/A1311/A131101/13003638/	洋食	yoshoku	洋食 全国	1	https://award.tabelog.com/hyakumeiten/yoshoku/2020
28000531	欧風料理　もん	兵庫県	兵庫県 神戸三宮（阪急）駅	https://tabelog.com/hyogo/A2801/A280101/28000531/	洋食	yoshoku	洋食 全国	1	https://award.tabelog.com/hyakumeiten/yoshoku/2020
28000847	伊藤グリル	兵庫県	兵庫県 元町（阪神）駅	https://tabelog.com/hyogo/A2801/A280102/28000847/	洋食	yoshoku	洋食 全国	1	https://award.tabelog.com/hyakumeiten/yoshoku/2020
14005150	洋食屋 綺・Luck	神奈川県	神奈川県 桜木町駅	https://tabelog.com/kanagawa/A1401/A140102/14005150/	洋食	yoshoku	洋食 全国	1	https://award.tabelog.com/hyakumeiten/yoshoku/2020
13002305	南蛮 銀圓亭	東京都	東京都 銀座駅	https://tabelog.com/tokyo/A1301/A130101/13002305/	洋食	yoshoku	洋食 全国	1	https://award.tabelog.com/hyakumeiten/yoshoku/2020
13152996	七條	東京都	東京都 小川町駅	https://tabelog.com/tokyo/A1310/A131002/13152996/	洋食	yoshoku	洋食 全国	1	https://award.tabelog.com/hyakumeiten/yoshoku/2020
27014753	ジャンジャンブル	大阪府	大阪府 高槻市駅	https://tabelog.com/osaka/A2706/A270604/27014753/	洋食	yoshoku	洋食 全国	1	https://award.tabelog.com/hyakumeiten/yoshoku/2020
13003640	黒船亭	東京都	東京都 京成上野駅	https://tabelog.com/tokyo/A1311/A131101/13003640/	洋食	yoshoku	洋食 全国	1	https://award.tabelog.com/hyakumeiten/yoshoku/2020
13011199	レストラン桂	東京都	東京都 三越前駅	https://tabelog.com/tokyo/A1302/A130202/13011199/	洋食	yoshoku	洋食 全国	1	https://award.tabelog.com/hyakumeiten/yoshoku/2020
26026540	洋食 おがた	京都府	京都府 京都市役所前駅	https://tabelog.com/kyoto/A2601/A260202/26026540/	洋食	yoshoku	洋食 全国	1	https://award.tabelog.com/hyakumeiten/yoshoku/2020
14042473	プクプク亭	神奈川県	神奈川県 日吉駅	https://tabelog.com/kanagawa/A1401/A140204/14042473/	洋食	yoshoku	洋食 全国	1	https://award.tabelog.com/hyakumeiten/yoshoku/2020
28001012	マルシェ	兵庫県	兵庫県 花隈駅	https://tabelog.com/hyogo/A2801/A280102/28001012/	洋食	yoshoku	洋食 全国	1	https://award.tabelog.com/hyakumeiten/yoshoku/2020
20000098	おきな堂	長野県	長野県 松本市	https://tabelog.com/nagano/A2002/A200201/20000098/	洋食	yoshoku	洋食 全国	1	https://award.tabelog.com/hyakumeiten/yoshoku/2020
13148773	蜂の子	東京都	東京都 新富町駅	https://tabelog.com/tokyo/A1313/A131301/13148773/	洋食	yoshoku	洋食 全国	1	https://award.tabelog.com/hyakumeiten/yoshoku/2020
13046008	フランキーアンドトリニティー	東京都	東京都 中野坂上駅	https://tabelog.com/tokyo/A1319/A131903/13046008/	洋食	yoshoku	洋食 全国	1	https://award.tabelog.com/hyakumeiten/yoshoku/2020
26000658	グリルフレンチ	京都府	京都府 二条城前駅	https://tabelog.com/kyoto/A2601/A260203/26000658/	洋食	yoshoku	洋食 全国	1	https://award.tabelog.com/hyakumeiten/yoshoku/2020
13002953	レストラン吾妻	東京都	東京都 本所吾妻橋駅	https://tabelog.com/tokyo/A1312/A131203/13002953/	洋食	yoshoku	洋食 全国	1	https://award.tabelog.com/hyakumeiten/yoshoku/2020
13003755	グリル佐久良	東京都	東京都 浅草（つくばＥＸＰ）駅	https://tabelog.com/tokyo/A1311/A131102/13003755/	洋食	yoshoku	洋食 全国	1	https://award.tabelog.com/hyakumeiten/yoshoku/2020
13001552	グリルエフ	東京都	東京都 五反田駅	https://tabelog.com/tokyo/A1316/A131603/13001552/	洋食	yoshoku	洋食 全国	1	https://award.tabelog.com/hyakumeiten/yoshoku/2020
27059987	御堂筋 ロッヂ	大阪府	大阪府 心斎橋駅	https://tabelog.com/osaka/A2701/A270201/27059987/	洋食	yoshoku	洋食 全国	1	https://award.tabelog.com/hyakumeiten/yoshoku/2020
23070084	kitchen俊貴	愛知県	愛知県 名古屋市千種区	https://tabelog.com/aichi/A2301/A230114/23070084/	洋食	yoshoku	洋食 全国	1	https://award.tabelog.com/hyakumeiten/yoshoku/2020
13009148	ルー・ド・メール	東京都	東京都 神田駅	https://tabelog.com/tokyo/A1310/A131002/13009148/	洋食	yoshoku	洋食 全国	1	https://award.tabelog.com/hyakumeiten/yoshoku/2020
27000621	C.D.TAKOH	大阪府	大阪府 大江橋駅	https://tabelog.com/osaka/A2701/A270102/27000621/	洋食	yoshoku	洋食 全国	1	https://award.tabelog.com/hyakumeiten/yoshoku/2020
27007738	Revo 本店	大阪府	大阪府 岸里駅	https://tabelog.com/osaka/A2701/A270406/27007738/	洋食	yoshoku	洋食 全国	1	https://award.tabelog.com/hyakumeiten/yoshoku/2020
24000063	洋食屋牛銀	三重県	三重県 松阪市	https://tabelog.com/mie/A2401/A240102/24000063/	洋食	yoshoku	洋食 全国	1	https://award.tabelog.com/hyakumeiten/yoshoku/2020
23000694	東洋軒 名古屋三越店	愛知県	愛知県 栄（名古屋）駅	https://tabelog.com/aichi/A2301/A230103/23000694/	洋食	yoshoku	洋食 全国	1	https://award.tabelog.com/hyakumeiten/yoshoku/2020
13059129	グリルK 千石本店	東京都	東京都 千石駅	https://tabelog.com/tokyo/A1323/A132301/13059129/	洋食	yoshoku	洋食 全国	1	https://award.tabelog.com/hyakumeiten/yoshoku/2020
23013608	キッチン心	愛知県	愛知県 藤が丘駅	https://tabelog.com/aichi/A2301/A230111/23013608/	洋食	yoshoku	洋食 全国	1	https://award.tabelog.com/hyakumeiten/yoshoku/2020
1009680	Toshi	北海道	北海道 西４丁目駅	https://tabelog.com/hokkaido/A0101/A010102/1009680/	洋食	yoshoku	洋食 全国	1	https://award.tabelog.com/hyakumeiten/yoshoku/2020
28031154	グリル一平 三宮店	兵庫県	兵庫県 三ノ宮（ＪＲ）駅	https://tabelog.com/hyogo/A2801/A280101/28031154/	洋食	yoshoku	洋食 全国	1	https://award.tabelog.com/hyakumeiten/yoshoku/2020
1024277	ノースコンチネント MACHI NO NAKA	北海道	北海道 大通駅	https://tabelog.com/hokkaido/A0101/A010102/1024277/	洋食	yoshoku	洋食 全国	1	https://award.tabelog.com/hyakumeiten/yoshoku/2020
13007617	エルベ	東京都	東京都 東銀座駅	https://tabelog.com/tokyo/A1301/A130101/13007617/	洋食	yoshoku	洋食 全国	1	https://award.tabelog.com/hyakumeiten/yoshoku/2020
26000009	グリル 小宝	京都府	京都府 東山駅	https://tabelog.com/kyoto/A2601/A260301/26000009/	洋食	yoshoku	洋食 全国	1	https://award.tabelog.com/hyakumeiten/yoshoku/2020
13002395	津々井	東京都	東京都 茅場町駅	https://tabelog.com/tokyo/A1302/A130203/13002395/	洋食	yoshoku	洋食 全国	1	https://award.tabelog.com/hyakumeiten/yoshoku/2020
13009141	美味卵家	東京都	東京都 神田駅	https://tabelog.com/tokyo/A1310/A131002/13009141/	洋食	yoshoku	洋食 全国	1	https://award.tabelog.com/hyakumeiten/yoshoku/2020
13013942	めぐろ三ツ星食堂	東京都	東京都 目黒駅	https://tabelog.com/tokyo/A1316/A131601/13013942/	洋食	yoshoku	洋食 全国	1	https://award.tabelog.com/hyakumeiten/yoshoku/2020
13007048	おまかせ亭	東京都	東京都 渋谷駅	https://tabelog.com/tokyo/A1303/A130301/13007048/	洋食	yoshoku	洋食 全国	1	https://award.tabelog.com/hyakumeiten/yoshoku/2020
43000997	洋食の店 橋本	熊本県	熊本県 熊本市中央区	https://tabelog.com/kumamoto/A4301/A430101/43000997/	洋食	yoshoku	洋食 全国	1	https://award.tabelog.com/hyakumeiten/yoshoku/2020
27012521	洋食屋 ふじ家	大阪府	大阪府 谷町四丁目駅	https://tabelog.com/osaka/A2701/A270106/27012521/	洋食	yoshoku	洋食 全国	1	https://award.tabelog.com/hyakumeiten/yoshoku/2020
13000488	たいめいけん	東京都	東京都 日本橋駅	https://tabelog.com/tokyo/A1302/A130202/13000488/	洋食	yoshoku	洋食 全国	1	https://award.tabelog.com/hyakumeiten/yoshoku/2020
13002320	銀之塔	東京都	東京都 東銀座駅	https://tabelog.com/tokyo/A1301/A130101/13002320/	洋食	yoshoku	洋食 全国	1	https://award.tabelog.com/hyakumeiten/yoshoku/2020
27014566	ムグニ	大阪府	大阪府 大阪難波駅	https://tabelog.com/osaka/A2701/A270201/27014566/	洋食	yoshoku	洋食 全国	1	https://award.tabelog.com/hyakumeiten/yoshoku/2020
13164394	東洋軒	東京都	東京都 赤坂見附駅	https://tabelog.com/tokyo/A1308/A130801/13164394/	洋食	yoshoku	洋食 全国	1	https://award.tabelog.com/hyakumeiten/yoshoku/2020
27001308	重亭	大阪府	大阪府 難波（南海）駅	https://tabelog.com/osaka/A2701/A270202/27001308/	洋食	yoshoku	洋食 全国	1	https://award.tabelog.com/hyakumeiten/yoshoku/2020
13012100	レストラン西櫻亭 新宿店	東京都	東京都 新宿三丁目駅	https://tabelog.com/tokyo/A1304/A130401/13012100/	洋食	yoshoku	洋食 全国	1	https://award.tabelog.com/hyakumeiten/yoshoku/2020
13042320	ミート矢澤	東京都	東京都 五反田駅	https://tabelog.com/tokyo/A1316/A131603/13042320/	洋食	yoshoku	洋食 全国	1	https://award.tabelog.com/hyakumeiten/yoshoku/2020
13000487	紅花別館	東京都	東京都 日本橋駅	https://tabelog.com/tokyo/A1302/A130202/13000487/	洋食	yoshoku	洋食 全国	1	https://award.tabelog.com/hyakumeiten/yoshoku/2020
13130525	キッチン たか	東京都	東京都 四谷三丁目駅	https://tabelog.com/tokyo/A1309/A130903/13130525/	洋食	yoshoku	洋食 全国	1	https://award.tabelog.com/hyakumeiten/yoshoku/2020
27003946	さん源	大阪府	大阪府 長堀橋駅	https://tabelog.com/osaka/A2701/A270201/27003946/	洋食	yoshoku	洋食 全国	1	https://award.tabelog.com/hyakumeiten/yoshoku/2020
13056047	そよいち	東京都	東京都 人形町駅	https://tabelog.com/tokyo/A1302/A130204/13056047/	洋食	yoshoku	洋食 全国	1	https://award.tabelog.com/hyakumeiten/yoshoku/2020
13054085	キッチン大正軒	東京都	東京都 有楽町駅	https://tabelog.com/tokyo/A1301/A130102/13054085/	洋食	yoshoku	洋食 全国	1	https://award.tabelog.com/hyakumeiten/yoshoku/2020
13002462	銀座スイス	東京都	東京都 銀座駅	https://tabelog.com/tokyo/A1301/A130101/13002462/	洋食	yoshoku	洋食 全国	1	https://award.tabelog.com/hyakumeiten/yoshoku/2020
13243727	麻布食堂	東京都	東京都 広尾駅	https://tabelog.com/tokyo/A1307/A130703/13243727/	洋食	yoshoku	洋食 全国	1	https://award.tabelog.com/hyakumeiten/yoshoku/2020
23000400	南欧料理　アンジュ	愛知県	愛知県 本郷駅	https://tabelog.com/aichi/A2301/A230111/23000400/	洋食	yoshoku	洋食 全国	1	https://award.tabelog.com/hyakumeiten/yoshoku/2020
28000394	グリル末松	兵庫県	兵庫県 三ノ宮（ＪＲ）駅	https://tabelog.com/hyogo/A2801/A280101/28000394/	洋食	yoshoku	洋食 全国	1	https://award.tabelog.com/hyakumeiten/yoshoku/2020
13008702	グリル グランド	東京都	東京都 浅草（つくばＥＸＰ）駅	https://tabelog.com/tokyo/A1311/A131102/13008702/	洋食	yoshoku	洋食 全国	1	https://award.tabelog.com/hyakumeiten/yoshoku/2020
26000943	はふう 本店	京都府	京都府 京都市役所前駅	https://tabelog.com/kyoto/A2601/A260202/26000943/	洋食	yoshoku	洋食 全国	1	https://award.tabelog.com/hyakumeiten/yoshoku/2020
13000612	キッチン南海 神保町店	東京都	東京都 神保町駅	https://tabelog.com/tokyo/A1310/A131003/13000612/	洋食	yoshoku	洋食 全国	1	https://award.tabelog.com/hyakumeiten/yoshoku/2020
23000420	ヒッコリー 本店	愛知県	愛知県 名古屋市名東区	https://tabelog.com/aichi/A2301/A230111/23000420/	洋食	yoshoku	洋食 全国	1	https://award.tabelog.com/hyakumeiten/yoshoku/2020
27004326	洋食 泉	大阪府	大阪府 福島駅	https://tabelog.com/osaka/A2701/A270108/27004326/	洋食	yoshoku	洋食 全国	1	https://award.tabelog.com/hyakumeiten/yoshoku/2020
13002421	みかわや	東京都	東京都 銀座駅	https://tabelog.com/tokyo/A1301/A130101/13002421/	洋食	yoshoku	洋食 全国	1	https://award.tabelog.com/hyakumeiten/yoshoku/2020
13005532	小川軒	東京都	東京都 御茶ノ水駅	https://tabelog.com/tokyo/A1310/A131002/13005532/	洋食	yoshoku	洋食 全国	1	https://award.tabelog.com/hyakumeiten/yoshoku/2020
13002829	赤坂 津つ井 総本店	東京都	東京都 赤坂駅	https://tabelog.com/tokyo/A1307/A130701/13002829/	洋食	yoshoku	洋食 全国	1	https://award.tabelog.com/hyakumeiten/yoshoku/2020
13017945	レストラン カタヤマ 東向島本店	東京都	東京都 東向島駅	https://tabelog.com/tokyo/A1312/A131203/13017945/	洋食	yoshoku	洋食 全国	1	https://award.tabelog.com/hyakumeiten/yoshoku/2020
