award_id	store_id	選定元	選定シリーズ	ランク・区分	公式ジャンル	年度	地域区分	掲載名	掲載時地域	出典URL	出典確認日	照合状態	備考
HYK2020-0001	FOD-0822	食べログ	食べログ 百名店	百名店	パン	2020	TOKYO	ブランジュリー パリの空の下	東京都	https://award.tabelog.com/hyakumeiten/bread_tokyo/2020	46232	店舗照合済	食べログ パン TOKYO 百名店 2020 / 公式掲載順 1/100 / Tabelog ID 13100024
HYK2020-0002	FOD-0823	食べログ	食べログ 百名店	百名店	パン	2020	TOKYO	イエンセン	東京都	https://award.tabelog.com/hyakumeiten/bread_tokyo/2020	46232	店舗照合済	食べログ パン TOKYO 百名店 2020 / 公式掲載順 2/100 / Tabelog ID 13007309
HYK2020-0003	FOD-0824	食べログ	食べログ 百名店	百名店	パン	2020	TOKYO	ファクトリー	東京都	https://award.tabelog.com/hyakumeiten/bread_tokyo/2020	46232	店舗照合済	食べログ パン TOKYO 百名店 2020 / 公式掲載順 3/100 / Tabelog ID 13093265
HYK2020-0004	FOD-0825	食べログ	食べログ 百名店	百名店	パン	2020	TOKYO	パネッテリア・アリエッタ 五反田本店	東京都	https://award.tabelog.com/hyakumeiten/bread_tokyo/2020	46232	店舗照合済	食べログ パン TOKYO 百名店 2020 / 公式掲載順 4/100 / Tabelog ID 13019888
HYK2020-0005	FOD-0775	食べログ	食べログ 百名店	百名店	パン	2020	TOKYO	ラトリエ ドゥ プレジール	東京都	https://award.tabelog.com/hyakumeiten/bread_tokyo/2020	46232	店舗照合済	食べログ パン TOKYO 百名店 2020 / 公式掲載順 5/100 / Tabelog ID 13050412
HYK2020-0006	FOD-0826	食べログ	食べログ 百名店	百名店	パン	2020	TOKYO	ブーランジェリー セイジアサクラ	東京都	https://award.tabelog.com/hyakumeiten/bread_tokyo/2020	46232	店舗照合済	食べログ パン TOKYO 百名店 2020 / 公式掲載順 6/100 / Tabelog ID 13055881
HYK2020-0007	FOD-0827	食べログ	食べログ 百名店	百名店	パン	2020	TOKYO	ジャン・フランソワ Echika表参道	東京都	https://award.tabelog.com/hyakumeiten/bread_tokyo/2020	46232	店舗照合済	食べログ パン TOKYO 百名店 2020 / 公式掲載順 7/100 / Tabelog ID 13020396
HYK2020-0008	FOD-0828	食べログ	食べログ 百名店	百名店	パン	2020	TOKYO	ラ ブティック ドゥ ジョエル・ロブション 丸の内ブリックスクエア店	東京都	https://award.tabelog.com/hyakumeiten/bread_tokyo/2020	46232	店舗照合済	食べログ パン TOKYO 百名店 2020 / 公式掲載順 8/100 / Tabelog ID 13096409
HYK2020-0009	FOD-0829	食べログ	食べログ 百名店	百名店	パン	2020	TOKYO	365日	東京都	https://award.tabelog.com/hyakumeiten/bread_tokyo/2020	46232	店舗照合済	食べログ パン TOKYO 百名店 2020 / 公式掲載順 9/100 / Tabelog ID 13164031
HYK2020-0010	FOD-0830	食べログ	食べログ 百名店	百名店	パン	2020	TOKYO	パンとエスプレッソと	東京都	https://award.tabelog.com/hyakumeiten/bread_tokyo/2020	46232	店舗照合済	食べログ パン TOKYO 百名店 2020 / 公式掲載順 10/100 / Tabelog ID 13090477
HYK2020-0011	FOD-0831	食べログ	食べログ 百名店	百名店	パン	2020	TOKYO	リンデ 吉祥寺本店	東京都	https://award.tabelog.com/hyakumeiten/bread_tokyo/2020	46232	店舗照合済	食べログ パン TOKYO 百名店 2020 / 公式掲載順 11/100 / Tabelog ID 13005831
HYK2020-0012	FOD-0832	食べログ	食べログ 百名店	百名店	パン	2020	TOKYO	ブーランジェリー スドウ	東京都	https://award.tabelog.com/hyakumeiten/bread_tokyo/2020	46232	店舗照合済	食べログ パン TOKYO 百名店 2020 / 公式掲載順 12/100 / Tabelog ID 13098861
HYK2020-0013	FOD-0833	食べログ	食べログ 百名店	百名店	パン	2020	TOKYO	AOSAN	東京都	https://award.tabelog.com/hyakumeiten/bread_tokyo/2020	46232	店舗照合済	食べログ パン TOKYO 百名店 2020 / 公式掲載順 13/100 / Tabelog ID 13047751
HYK2020-0014	FOD-0834	食べログ	食べログ 百名店	百名店	パン	2020	TOKYO	シニフィアン シニフィエ 日本橋タカシマヤ店	東京都	https://award.tabelog.com/hyakumeiten/bread_tokyo/2020	46232	店舗照合済	食べログ パン TOKYO 百名店 2020 / 公式掲載順 14/100 / Tabelog ID 13054419
HYK2020-0015	FOD-0835	食べログ	食べログ 百名店	百名店	パン	2020	TOKYO	パン・デ・フィロゾフ	東京都	https://award.tabelog.com/hyakumeiten/bread_tokyo/2020	46232	店舗照合済	食べログ パン TOKYO 百名店 2020 / 公式掲載順 15/100 / Tabelog ID 13213156
HYK2020-0016	FOD-0836	食べログ	食べログ 百名店	百名店	パン	2020	TOKYO	エスプリ・ド・ビゴ	東京都	https://award.tabelog.com/hyakumeiten/bread_tokyo/2020	46232	店舗照合済	食べログ パン TOKYO 百名店 2020 / 公式掲載順 16/100 / Tabelog ID 13003252
HYK2020-0017	FOD-0837	食べログ	食べログ 百名店	百名店	パン	2020	TOKYO	モンシェール 東陽町工場	東京都	https://award.tabelog.com/hyakumeiten/bread_tokyo/2020	46232	店舗照合済	食べログ パン TOKYO 百名店 2020 / 公式掲載順 17/100 / Tabelog ID 13024396
HYK2020-0018	FOD-0838	食べログ	食べログ 百名店	百名店	パン	2020	TOKYO	マルイチベーグル	東京都	https://award.tabelog.com/hyakumeiten/bread_tokyo/2020	46232	店舗照合済	食べログ パン TOKYO 百名店 2020 / 公式掲載順 18/100 / Tabelog ID 13010793
HYK2020-0019	FOD-0839	食べログ	食べログ 百名店	百名店	パン	2020	TOKYO	ル・グルニエ・ア・パン アトレ恵比寿店	東京都	https://award.tabelog.com/hyakumeiten/bread_tokyo/2020	46232	店舗照合済	食べログ パン TOKYO 百名店 2020 / 公式掲載順 19/100 / Tabelog ID 13194633
HYK2020-0020	FOD-0840	食べログ	食べログ 百名店	百名店	パン	2020	TOKYO	ラ ブティック ドゥ ジョエル・ロブション 六本木ヒルズ店	東京都	https://award.tabelog.com/hyakumeiten/bread_tokyo/2020	46232	店舗照合済	食べログ パン TOKYO 百名店 2020 / 公式掲載順 20/100 / Tabelog ID 13020237
HYK2020-0021	FOD-0841	食べログ	食べログ 百名店	百名店	パン	2020	TOKYO	ぶーる・ぶーる・ぶらんじぇり	東京都	https://award.tabelog.com/hyakumeiten/bread_tokyo/2020	46232	店舗照合済	食べログ パン TOKYO 百名店 2020 / 公式掲載順 21/100 / Tabelog ID 13048885
HYK2020-0022	FOD-0842	食べログ	食べログ 百名店	百名店	パン	2020	TOKYO	BAGEL STANDARD	東京都	https://award.tabelog.com/hyakumeiten/bread_tokyo/2020	46232	店舗照合済	食べログ パン TOKYO 百名店 2020 / 公式掲載順 22/100 / Tabelog ID 13108159
HYK2020-0023	FOD-0843	食べログ	食べログ 百名店	百名店	パン	2020	TOKYO	ル・グルニエ・ア・パン	東京都	https://award.tabelog.com/hyakumeiten/bread_tokyo/2020	46232	店舗照合済	食べログ パン TOKYO 百名店 2020 / 公式掲載順 23/100 / Tabelog ID 13011374
HYK2020-0024	FOD-0844	食べログ	食べログ 百名店	百名店	パン	2020	TOKYO	ジャンティーユ	東京都	https://award.tabelog.com/hyakumeiten/bread_tokyo/2020	46232	店舗照合済	食べログ パン TOKYO 百名店 2020 / 公式掲載順 24/100 / Tabelog ID 13044382
HYK2020-0025	FOD-0845	食べログ	食べログ 百名店	百名店	パン	2020	TOKYO	ラトリエ･デュ･パン	東京都	https://award.tabelog.com/hyakumeiten/bread_tokyo/2020	46232	店舗照合済	食べログ パン TOKYO 百名店 2020 / 公式掲載順 25/100 / Tabelog ID 13147689
HYK2020-0026	FOD-0846	食べログ	食べログ 百名店	百名店	パン	2020	TOKYO	ネモ・ベーカリー＆カフェ 武蔵小山 本店	東京都	https://award.tabelog.com/hyakumeiten/bread_tokyo/2020	46232	店舗照合済	食べログ パン TOKYO 百名店 2020 / 公式掲載順 26/100 / Tabelog ID 13045550
HYK2020-0027	FOD-0847	食べログ	食べログ 百名店	百名店	パン	2020	TOKYO	セントル ザ・ベーカリー	東京都	https://award.tabelog.com/hyakumeiten/bread_tokyo/2020	46232	店舗照合済	食べログ パン TOKYO 百名店 2020 / 公式掲載順 27/100 / Tabelog ID 13157424
HYK2020-0028	FOD-0848	食べログ	食べログ 百名店	百名店	パン	2020	TOKYO	パーラー江古田	東京都	https://award.tabelog.com/hyakumeiten/bread_tokyo/2020	46232	店舗照合済	食べログ パン TOKYO 百名店 2020 / 公式掲載順 28/100 / Tabelog ID 13185945
HYK2020-0029	FOD-0849	食べログ	食べログ 百名店	百名店	パン	2020	TOKYO	SONKA	東京都	https://award.tabelog.com/hyakumeiten/bread_tokyo/2020	46232	店舗照合済	食べログ パン TOKYO 百名店 2020 / 公式掲載順 29/100 / Tabelog ID 13174215
HYK2020-0030	FOD-0850	食べログ	食べログ 百名店	百名店	パン	2020	TOKYO	ザ・シティ・ベーカリー 品川	東京都	https://award.tabelog.com/hyakumeiten/bread_tokyo/2020	46232	店舗照合済	食べログ パン TOKYO 百名店 2020 / 公式掲載順 30/100 / Tabelog ID 13162267
HYK2020-0031	FOD-0851	食べログ	食べログ 百名店	百名店	パン	2020	TOKYO	VIRON	東京都	https://award.tabelog.com/hyakumeiten/bread_tokyo/2020	46232	店舗照合済	食べログ パン TOKYO 百名店 2020 / 公式掲載順 31/100 / Tabelog ID 13043904
HYK2020-0032	FOD-0852	食べログ	食べログ 百名店	百名店	パン	2020	TOKYO	アルチザン・ブーランジェ・クピド	東京都	https://award.tabelog.com/hyakumeiten/bread_tokyo/2020	46232	店舗照合済	食べログ パン TOKYO 百名店 2020 / 公式掲載順 32/100 / Tabelog ID 13035704
HYK2020-0033	FOD-0853	食べログ	食べログ 百名店	百名店	パン	2020	TOKYO	パサージュ ア ニヴォ	東京都	https://award.tabelog.com/hyakumeiten/bread_tokyo/2020	46232	店舗照合済	食べログ パン TOKYO 百名店 2020 / 公式掲載順 33/100 / Tabelog ID 13056438
HYK2020-0034	FOD-0854	食べログ	食べログ 百名店	百名店	パン	2020	TOKYO	トラスパレンテ 学芸大学	東京都	https://award.tabelog.com/hyakumeiten/bread_tokyo/2020	46232	店舗照合済	食べログ パン TOKYO 百名店 2020 / 公式掲載順 34/100 / Tabelog ID 13129736
HYK2020-0035	FOD-0855	食べログ	食べログ 百名店	百名店	パン	2020	TOKYO	カフェむぎわらい	東京都	https://award.tabelog.com/hyakumeiten/bread_tokyo/2020	46232	店舗照合済	食べログ パン TOKYO 百名店 2020 / 公式掲載順 35/100 / Tabelog ID 13056511
HYK2020-0036	FOD-0856	食べログ	食べログ 百名店	百名店	パン	2020	TOKYO	TOLO PAN TOKYO	東京都	https://award.tabelog.com/hyakumeiten/bread_tokyo/2020	46232	店舗照合済	食べログ パン TOKYO 百名店 2020 / 公式掲載順 36/100 / Tabelog ID 13093803
HYK2020-0037	FOD-0857	食べログ	食べログ 百名店	百名店	パン	2020	TOKYO	ル パン ドゥ ジョエル･ロブション ニュウマン新宿店	東京都	https://award.tabelog.com/hyakumeiten/bread_tokyo/2020	46232	店舗照合済	食べログ パン TOKYO 百名店 2020 / 公式掲載順 37/100 / Tabelog ID 13193559
HYK2020-0038	FOD-0858	食べログ	食べログ 百名店	百名店	パン	2020	TOKYO	イトキト	東京都	https://award.tabelog.com/hyakumeiten/bread_tokyo/2020	46232	店舗照合済	食べログ パン TOKYO 百名店 2020 / 公式掲載順 38/100 / Tabelog ID 13048404
HYK2020-0039	FOD-0859	食べログ	食べログ 百名店	百名店	パン	2020	TOKYO	ラ ブティック ドゥ ジョエル・ロブション 恵比寿ガーデンプレイス店	東京都	https://award.tabelog.com/hyakumeiten/bread_tokyo/2020	46232	店舗照合済	食べログ パン TOKYO 百名店 2020 / 公式掲載順 39/100 / Tabelog ID 13014064
HYK2020-0040	FOD-0860	食べログ	食べログ 百名店	百名店	パン	2020	TOKYO	ブーランジェリー&カフェ マンマーノ	東京都	https://award.tabelog.com/hyakumeiten/bread_tokyo/2020	46232	店舗照合済	食べログ パン TOKYO 百名店 2020 / 公式掲載順 40/100 / Tabelog ID 13059417
HYK2020-0041	FOD-0861	食べログ	食べログ 百名店	百名店	パン	2020	TOKYO	ザ・シティ・ベーカリー 東急プラザ銀座店	東京都	https://award.tabelog.com/hyakumeiten/bread_tokyo/2020	46232	店舗照合済	食べログ パン TOKYO 百名店 2020 / 公式掲載順 41/100 / Tabelog ID 13193897
HYK2020-0042	FOD-0862	食べログ	食べログ 百名店	百名店	パン	2020	TOKYO	オリミネベーカーズ 築地七丁目店	東京都	https://award.tabelog.com/hyakumeiten/bread_tokyo/2020	46232	店舗照合済	食べログ パン TOKYO 百名店 2020 / 公式掲載順 42/100 / Tabelog ID 13124863
HYK2020-0043	FOD-0863	食べログ	食べログ 百名店	百名店	パン	2020	TOKYO	ピエール・ガニェール パン・エ・ガトー	東京都	https://award.tabelog.com/hyakumeiten/bread_tokyo/2020	46232	店舗照合済	食べログ パン TOKYO 百名店 2020 / 公式掲載順 43/100 / Tabelog ID 13114277
HYK2020-0044	FOD-0864	食べログ	食べログ 百名店	百名店	パン	2020	TOKYO	セル・オ・ブレ	東京都	https://award.tabelog.com/hyakumeiten/bread_tokyo/2020	46232	店舗照合済	食べログ パン TOKYO 百名店 2020 / 公式掲載順 44/100 / Tabelog ID 13044661
HYK2020-0045	FOD-0865	食べログ	食べログ 百名店	百名店	パン	2020	TOKYO	カイソ	東京都	https://award.tabelog.com/hyakumeiten/bread_tokyo/2020	46232	店舗照合済	食べログ パン TOKYO 百名店 2020 / 公式掲載順 45/100 / Tabelog ID 13129587
HYK2020-0046	FOD-0866	食べログ	食べログ 百名店	百名店	パン	2020	TOKYO	ブレッド&タパス 沢村 広尾	東京都	https://award.tabelog.com/hyakumeiten/bread_tokyo/2020	46232	店舗照合済	食べログ パン TOKYO 百名店 2020 / 公式掲載順 46/100 / Tabelog ID 13128350
HYK2020-0047	FOD-0867	食べログ	食べログ 百名店	百名店	パン	2020	TOKYO	ブティック・トロワグロ 小田急百貨店　新宿店	東京都	https://award.tabelog.com/hyakumeiten/bread_tokyo/2020	46232	店舗照合済	食べログ パン TOKYO 百名店 2020 / 公式掲載順 47/100 / Tabelog ID 13004211
HYK2020-0048	FOD-0868	食べログ	食べログ 百名店	百名店	パン	2020	TOKYO	ジャン フランコ	東京都	https://award.tabelog.com/hyakumeiten/bread_tokyo/2020	46232	店舗照合済	食べログ パン TOKYO 百名店 2020 / 公式掲載順 48/100 / Tabelog ID 13169306
HYK2020-0049	FOD-0869	食べログ	食べログ 百名店	百名店	パン	2020	TOKYO	ポワンエリーニュ	東京都	https://award.tabelog.com/hyakumeiten/bread_tokyo/2020	46232	店舗照合済	食べログ パン TOKYO 百名店 2020 / 公式掲載順 49/100 / Tabelog ID 13038468
HYK2020-0050	FOD-0870	食べログ	食べログ 百名店	百名店	パン	2020	TOKYO	ダンディゾン	東京都	https://award.tabelog.com/hyakumeiten/bread_tokyo/2020	46232	店舗照合済	食べログ パン TOKYO 百名店 2020 / 公式掲載順 50/100 / Tabelog ID 13005834
HYK2020-0051	FOD-0871	食べログ	食べログ 百名店	百名店	パン	2020	TOKYO	ビゴの店	東京都	https://award.tabelog.com/hyakumeiten/bread_tokyo/2020	46232	店舗照合済	食べログ パン TOKYO 百名店 2020 / 公式掲載順 51/100 / Tabelog ID 13002489
HYK2020-0052	FOD-0872	食べログ	食べログ 百名店	百名店	パン	2020	TOKYO	パン家のどん助	東京都	https://award.tabelog.com/hyakumeiten/bread_tokyo/2020	46232	店舗照合済	食べログ パン TOKYO 百名店 2020 / 公式掲載順 52/100 / Tabelog ID 13020179
HYK2020-0053	FOD-0873	食べログ	食べログ 百名店	百名店	パン	2020	TOKYO	俺のBakery&Cafe 恵比寿	東京都	https://award.tabelog.com/hyakumeiten/bread_tokyo/2020	46232	店舗照合済	食べログ パン TOKYO 百名店 2020 / 公式掲載順 53/100 / Tabelog ID 13201307
HYK2020-0054	FOD-0874	食べログ	食べログ 百名店	百名店	パン	2020	TOKYO	エムサイズ	東京都	https://award.tabelog.com/hyakumeiten/bread_tokyo/2020	46232	店舗照合済	食べログ パン TOKYO 百名店 2020 / 公式掲載順 54/100 / Tabelog ID 13024601
HYK2020-0055	FOD-0875	食べログ	食べログ 百名店	百名店	パン	2020	TOKYO	墨繪パン 新宿店	東京都	https://award.tabelog.com/hyakumeiten/bread_tokyo/2020	46232	店舗照合済	食べログ パン TOKYO 百名店 2020 / 公式掲載順 55/100 / Tabelog ID 13000762
HYK2020-0056	FOD-0876	食べログ	食べログ 百名店	百名店	パン	2020	TOKYO	ジャン・フランソワ 渋谷マークシティ	東京都	https://award.tabelog.com/hyakumeiten/bread_tokyo/2020	46232	店舗照合済	食べログ パン TOKYO 百名店 2020 / 公式掲載順 56/100 / Tabelog ID 13099225
HYK2020-0057	FOD-0877	食べログ	食べログ 百名店	百名店	パン	2020	TOKYO	ポワンタージュ	東京都	https://award.tabelog.com/hyakumeiten/bread_tokyo/2020	46232	店舗照合済	食べログ パン TOKYO 百名店 2020 / 公式掲載順 57/100 / Tabelog ID 13004566
HYK2020-0058	FOD-0878	食べログ	食べログ 百名店	百名店	パン	2020	TOKYO	VIRON 渋谷店	東京都	https://award.tabelog.com/hyakumeiten/bread_tokyo/2020	46232	店舗照合済	食べログ パン TOKYO 百名店 2020 / 公式掲載順 58/100 / Tabelog ID 13004626
HYK2020-0059	FOD-0879	食べログ	食べログ 百名店	百名店	パン	2020	TOKYO	パン工房 ブランジェリーケン	東京都	https://award.tabelog.com/hyakumeiten/bread_tokyo/2020	46232	店舗照合済	食べログ パン TOKYO 百名店 2020 / 公式掲載順 59/100 / Tabelog ID 13046260
HYK2020-0060	FOD-0880	食べログ	食べログ 百名店	百名店	パン	2020	TOKYO	ヴァン ドゥ リュド 尾山台店	東京都	https://award.tabelog.com/hyakumeiten/bread_tokyo/2020	46232	店舗照合済	食べログ パン TOKYO 百名店 2020 / 公式掲載順 60/100 / Tabelog ID 13140110
HYK2020-0061	FOD-0881	食べログ	食べログ 百名店	百名店	パン	2020	TOKYO	ブーランジェリー・イアナック	東京都	https://award.tabelog.com/hyakumeiten/bread_tokyo/2020	46232	店舗照合済	食べログ パン TOKYO 百名店 2020 / 公式掲載順 61/100 / Tabelog ID 13048516
HYK2020-0062	FOD-0882	食べログ	食べログ 百名店	百名店	パン	2020	TOKYO	シニフィアン シニフィエ 世田谷本店	東京都	https://award.tabelog.com/hyakumeiten/bread_tokyo/2020	46232	店舗照合済	食べログ パン TOKYO 百名店 2020 / 公式掲載順 62/100 / Tabelog ID 13030788
HYK2020-0063	FOD-0883	食べログ	食べログ 百名店	百名店	パン	2020	TOKYO	メゾン・ランドゥメンヌ 麻布台	東京都	https://award.tabelog.com/hyakumeiten/bread_tokyo/2020	46232	店舗照合済	食べログ パン TOKYO 百名店 2020 / 公式掲載順 63/100 / Tabelog ID 13180316
HYK2020-0064	FOD-0884	食べログ	食べログ 百名店	百名店	パン	2020	TOKYO	プルクル	東京都	https://award.tabelog.com/hyakumeiten/bread_tokyo/2020	46232	店舗照合済	食べログ パン TOKYO 百名店 2020 / 公式掲載順 64/100 / Tabelog ID 13133746
HYK2020-0065	FOD-0885	食べログ	食べログ 百名店	百名店	パン	2020	TOKYO	メゾン・イチ 代官山	東京都	https://award.tabelog.com/hyakumeiten/bread_tokyo/2020	46232	店舗照合済	食べログ パン TOKYO 百名店 2020 / 公式掲載順 65/100 / Tabelog ID 13099140
HYK2020-0066	FOD-0886	食べログ	食べログ 百名店	百名店	パン	2020	TOKYO	ルヴァン 富ヶ谷店	東京都	https://award.tabelog.com/hyakumeiten/bread_tokyo/2020	46232	店舗照合済	食べログ パン TOKYO 百名店 2020 / 公式掲載順 66/100 / Tabelog ID 13001841
HYK2020-0067	FOD-0887	食べログ	食べログ 百名店	百名店	パン	2020	TOKYO	ブーランジェリー ボネダンヌ	東京都	https://award.tabelog.com/hyakumeiten/bread_tokyo/2020	46232	店舗照合済	食べログ パン TOKYO 百名店 2020 / 公式掲載順 67/100 / Tabelog ID 13158722
HYK2020-0068	FOD-0888	食べログ	食べログ 百名店	百名店	パン	2020	TOKYO	ル・ルソール	東京都	https://award.tabelog.com/hyakumeiten/bread_tokyo/2020	46232	店舗照合済	食べログ パン TOKYO 百名店 2020 / 公式掲載順 68/100 / Tabelog ID 13026653
HYK2020-0069	FOD-0889	食べログ	食べログ 百名店	百名店	パン	2020	TOKYO	ポム・ド・テール	東京都	https://award.tabelog.com/hyakumeiten/bread_tokyo/2020	46232	店舗照合済	食べログ パン TOKYO 百名店 2020 / 公式掲載順 69/100 / Tabelog ID 13009237
HYK2020-0070	FOD-0890	食べログ	食べログ 百名店	百名店	パン	2020	TOKYO	ショーマッカー	東京都	https://award.tabelog.com/hyakumeiten/bread_tokyo/2020	46232	店舗照合済	食べログ パン TOKYO 百名店 2020 / 公式掲載順 70/100 / Tabelog ID 13045113
HYK2020-0071	FOD-0891	食べログ	食べログ 百名店	百名店	パン	2020	TOKYO	亀井堂	東京都	https://award.tabelog.com/hyakumeiten/bread_tokyo/2020	46232	店舗照合済	食べログ パン TOKYO 百名店 2020 / 公式掲載順 71/100 / Tabelog ID 13000473
HYK2020-0072	FOD-0892	食べログ	食べログ 百名店	百名店	パン	2020	TOKYO	とらやベーカリー	東京都	https://award.tabelog.com/hyakumeiten/bread_tokyo/2020	46232	店舗照合済	食べログ パン TOKYO 百名店 2020 / 公式掲載順 72/100 / Tabelog ID 13050971
HYK2020-0073	FOD-0893	食べログ	食べログ 百名店	百名店	パン	2020	TOKYO	ル パン ドゥ ジョエル・ロブション 渋谷ヒカリエShinQs店	東京都	https://award.tabelog.com/hyakumeiten/bread_tokyo/2020	46232	店舗照合済	食べログ パン TOKYO 百名店 2020 / 公式掲載順 73/100 / Tabelog ID 13140263
HYK2020-0074	FOD-0894	食べログ	食べログ 百名店	百名店	パン	2020	TOKYO	ベーカリー&レストラン 沢村 新宿	東京都	https://award.tabelog.com/hyakumeiten/bread_tokyo/2020	46232	店舗照合済	食べログ パン TOKYO 百名店 2020 / 公式掲載順 74/100 / Tabelog ID 13193553
HYK2020-0075	FOD-0895	食べログ	食べログ 百名店	百名店	パン	2020	TOKYO	ブーランジェリーレカン	東京都	https://award.tabelog.com/hyakumeiten/bread_tokyo/2020	46232	店舗照合済	食べログ パン TOKYO 百名店 2020 / 公式掲載順 75/100 / Tabelog ID 13175684
HYK2020-0076	FOD-0896	食べログ	食べログ 百名店	百名店	パン	2020	TOKYO	レフェクトワール	東京都	https://award.tabelog.com/hyakumeiten/bread_tokyo/2020	46232	店舗照合済	食べログ パン TOKYO 百名店 2020 / 公式掲載順 76/100 / Tabelog ID 13149666
HYK2020-0077	FOD-0897	食べログ	食べログ 百名店	百名店	パン	2020	TOKYO	パンのペリカン	東京都	https://award.tabelog.com/hyakumeiten/bread_tokyo/2020	46232	店舗照合済	食べログ パン TOKYO 百名店 2020 / 公式掲載順 77/100 / Tabelog ID 13003662
HYK2020-0078	FOD-0898	食べログ	食べログ 百名店	百名店	パン	2020	TOKYO	パン・オ・スリール	東京都	https://award.tabelog.com/hyakumeiten/bread_tokyo/2020	46232	店舗照合済	食べログ パン TOKYO 百名店 2020 / 公式掲載順 78/100 / Tabelog ID 13147336
HYK2020-0079	FOD-0899	食べログ	食べログ 百名店	百名店	パン	2020	TOKYO	カタネベーカリー	東京都	https://award.tabelog.com/hyakumeiten/bread_tokyo/2020	46232	店舗照合済	食べログ パン TOKYO 百名店 2020 / 公式掲載順 79/100 / Tabelog ID 13020931
HYK2020-0080	FOD-0900	食べログ	食べログ 百名店	百名店	パン	2020	TOKYO	ヒルサイドパントリー 代官山	東京都	https://award.tabelog.com/hyakumeiten/bread_tokyo/2020	46232	店舗照合済	食べログ パン TOKYO 百名店 2020 / 公式掲載順 80/100 / Tabelog ID 13002071
HYK2020-0081	FOD-0901	食べログ	食べログ 百名店	百名店	パン	2020	TOKYO	えんツコ堂 製パン	東京都	https://award.tabelog.com/hyakumeiten/bread_tokyo/2020	46232	店舗照合済	食べログ パン TOKYO 百名店 2020 / 公式掲載順 81/100 / Tabelog ID 13060088
HYK2020-0082	FOD-0902	食べログ	食べログ 百名店	百名店	パン	2020	TOKYO	チクテベーカリー	東京都	https://award.tabelog.com/hyakumeiten/bread_tokyo/2020	46232	店舗照合済	食べログ パン TOKYO 百名店 2020 / 公式掲載順 82/100 / Tabelog ID 13153557
HYK2020-0083	FOD-0903	食べログ	食べログ 百名店	百名店	パン	2020	TOKYO	まちのパーラー	東京都	https://award.tabelog.com/hyakumeiten/bread_tokyo/2020	46232	店舗照合済	食べログ パン TOKYO 百名店 2020 / 公式掲載順 83/100 / Tabelog ID 13126515
HYK2020-0084	FOD-0904	食べログ	食べログ 百名店	百名店	パン	2020	TOKYO	粉花	東京都	https://award.tabelog.com/hyakumeiten/bread_tokyo/2020	46232	店舗照合済	食べログ パン TOKYO 百名店 2020 / 公式掲載順 84/100 / Tabelog ID 13057726
HYK2020-0085	FOD-0905	食べログ	食べログ 百名店	百名店	パン	2020	TOKYO	パン オ フゥ	東京都	https://award.tabelog.com/hyakumeiten/bread_tokyo/2020	46232	店舗照合済	食べログ パン TOKYO 百名店 2020 / 公式掲載順 85/100 / Tabelog ID 13120288
HYK2020-0086	FOD-0906	食べログ	食べログ 百名店	百名店	パン	2020	TOKYO	breadworks エキュート品川	東京都	https://award.tabelog.com/hyakumeiten/bread_tokyo/2020	46232	店舗照合済	食べログ パン TOKYO 百名店 2020 / 公式掲載順 86/100 / Tabelog ID 13155677
HYK2020-0087	FOD-0907	食べログ	食べログ 百名店	百名店	パン	2020	TOKYO	空と麦と	東京都	https://award.tabelog.com/hyakumeiten/bread_tokyo/2020	46232	店舗照合済	食べログ パン TOKYO 百名店 2020 / 公式掲載順 87/100 / Tabelog ID 13164057
HYK2020-0088	FOD-0908	食べログ	食べログ 百名店	百名店	パン	2020	TOKYO	ル・プチメック 日比谷店	東京都	https://award.tabelog.com/hyakumeiten/bread_tokyo/2020	46232	店舗照合済	食べログ パン TOKYO 百名店 2020 / 公式掲載順 88/100 / Tabelog ID 13219670
HYK2020-0089	FOD-0909	食べログ	食べログ 百名店	百名店	パン	2020	TOKYO	ベッカライ・ブロートハイム	東京都	https://award.tabelog.com/hyakumeiten/bread_tokyo/2020	46232	店舗照合済	食べログ パン TOKYO 百名店 2020 / 公式掲載順 89/100 / Tabelog ID 13001529
HYK2020-0090	FOD-0910	食べログ	食べログ 百名店	百名店	パン	2020	TOKYO	トロ コーヒーアンドベーカリー	東京都	https://award.tabelog.com/hyakumeiten/bread_tokyo/2020	46232	店舗照合済	食べログ パン TOKYO 百名店 2020 / 公式掲載順 90/100 / Tabelog ID 13118819
HYK2020-0091	FOD-0911	食べログ	食べログ 百名店	百名店	パン	2020	TOKYO	メゾン・イチ 西馬込店	東京都	https://award.tabelog.com/hyakumeiten/bread_tokyo/2020	46232	店舗照合済	食べログ パン TOKYO 百名店 2020 / 公式掲載順 91/100 / Tabelog ID 13048505
HYK2020-0092	FOD-0912	食べログ	食べログ 百名店	百名店	パン	2020	TOKYO	小麦と酵母 濱田家 三軒茶屋本店	東京都	https://award.tabelog.com/hyakumeiten/bread_tokyo/2020	46232	店舗照合済	食べログ パン TOKYO 百名店 2020 / 公式掲載順 92/100 / Tabelog ID 13005398
HYK2020-0093	FOD-0913	食べログ	食べログ 百名店	百名店	パン	2020	TOKYO	小麦と酵母 満 ecute品川店	東京都	https://award.tabelog.com/hyakumeiten/bread_tokyo/2020	46232	店舗照合済	食べログ パン TOKYO 百名店 2020 / 公式掲載順 93/100 / Tabelog ID 13022775
HYK2020-0094	FOD-0914	食べログ	食べログ 百名店	百名店	パン	2020	TOKYO	エディアールベーカリー 新宿本店	東京都	https://award.tabelog.com/hyakumeiten/bread_tokyo/2020	46232	店舗照合済	食べログ パン TOKYO 百名店 2020 / 公式掲載順 94/100 / Tabelog ID 13012061
HYK2020-0095	FOD-0915	食べログ	食べログ 百名店	百名店	パン	2020	TOKYO	ユヌクレ	東京都	https://award.tabelog.com/hyakumeiten/bread_tokyo/2020	46232	店舗照合済	食べログ パン TOKYO 百名店 2020 / 公式掲載順 95/100 / Tabelog ID 13132250
HYK2020-0096	FOD-0916	食べログ	食べログ 百名店	百名店	パン	2020	TOKYO	ヒンメル	東京都	https://award.tabelog.com/hyakumeiten/bread_tokyo/2020	46232	店舗照合済	食べログ パン TOKYO 百名店 2020 / 公式掲載順 96/100 / Tabelog ID 13048813
HYK2020-0097	FOD-0917	食べログ	食べログ 百名店	百名店	パン	2020	TOKYO	金麦	東京都	https://award.tabelog.com/hyakumeiten/bread_tokyo/2020	46232	店舗照合済	食べログ パン TOKYO 百名店 2020 / 公式掲載順 97/100 / Tabelog ID 13005477
HYK2020-0098	FOD-0918	食べログ	食べログ 百名店	百名店	パン	2020	TOKYO	カーラ・アウレリア 大丸東京店	東京都	https://award.tabelog.com/hyakumeiten/bread_tokyo/2020	46232	店舗照合済	食べログ パン TOKYO 百名店 2020 / 公式掲載順 98/100 / Tabelog ID 13044993
HYK2020-0099	FOD-0919	食べログ	食べログ 百名店	百名店	パン	2020	TOKYO	ブーランジェリーブルディガラ 広尾店	東京都	https://award.tabelog.com/hyakumeiten/bread_tokyo/2020	46232	店舗照合済	食べログ パン TOKYO 百名店 2020 / 公式掲載順 99/100 / Tabelog ID 13000523
HYK2020-0100	FOD-0920	食べログ	食べログ 百名店	百名店	パン	2020	TOKYO	テコナ　ベーグルワークス	東京都	https://award.tabelog.com/hyakumeiten/bread_tokyo/2020	46232	店舗照合済	食べログ パン TOKYO 百名店 2020 / 公式掲載順 100/100 / Tabelog ID 13061492
HYK2020-0101	FOD-0921	食べログ	食べログ 百名店	百名店	パン	2020	EAST	フランスベ－カリー	長野県	https://award.tabelog.com/hyakumeiten/bread_east/2020	46232	店舗照合済	食べログ パン EAST 百名店 2020 / 公式掲載順 1/100 / Tabelog ID 20000200
HYK2020-0102	FOD-0922	食べログ	食べログ 百名店	百名店	パン	2020	EAST	カマクラ 24セッキ	神奈川県	https://award.tabelog.com/hyakumeiten/bread_east/2020	46232	店舗照合済	食べログ パン EAST 百名店 2020 / 公式掲載順 2/100 / Tabelog ID 14040510
HYK2020-0103	FOD-0923	食べログ	食べログ 百名店	百名店	パン	2020	EAST	Boulangerie Queue	千葉県	https://award.tabelog.com/hyakumeiten/bread_east/2020	46232	店舗照合済	食べログ パン EAST 百名店 2020 / 公式掲載順 3/100 / Tabelog ID 12021059
HYK2020-0104	FOD-0924	食べログ	食べログ 百名店	百名店	パン	2020	EAST	テトラ コンタ	愛知県	https://award.tabelog.com/hyakumeiten/bread_east/2020	46232	店舗照合済	食べログ パン EAST 百名店 2020 / 公式掲載順 4/100 / Tabelog ID 23037293
HYK2020-0105	FOD-0925	食べログ	食べログ 百名店	百名店	パン	2020	EAST	boulangerie Matsuoka	埼玉県	https://award.tabelog.com/hyakumeiten/bread_east/2020	46232	店舗照合済	食べログ パン EAST 百名店 2020 / 公式掲載順 5/100 / Tabelog ID 11003805
HYK2020-0106	FOD-0926	食べログ	食べログ 百名店	百名店	パン	2020	EAST	ウチキパン	神奈川県	https://award.tabelog.com/hyakumeiten/bread_east/2020	46232	店舗照合済	食べログ パン EAST 百名店 2020 / 公式掲載順 6/100 / Tabelog ID 14001139
HYK2020-0107	FOD-0927	食べログ	食べログ 百名店	百名店	パン	2020	EAST	テーラ・テール	愛知県	https://award.tabelog.com/hyakumeiten/bread_east/2020	46232	店舗照合済	食べログ パン EAST 百名店 2020 / 公式掲載順 7/100 / Tabelog ID 23050735
HYK2020-0108	FOD-0928	食べログ	食べログ 百名店	百名店	パン	2020	EAST	トツゼン ベーカーズ キッチン	神奈川県	https://award.tabelog.com/hyakumeiten/bread_east/2020	46232	店舗照合済	食べログ パン EAST 百名店 2020 / 公式掲載順 8/100 / Tabelog ID 14004443
HYK2020-0109	FOD-0929	食べログ	食べログ 百名店	百名店	パン	2020	EAST	エスプラン	神奈川県	https://award.tabelog.com/hyakumeiten/bread_east/2020	46232	店舗照合済	食べログ パン EAST 百名店 2020 / 公式掲載順 9/100 / Tabelog ID 14012214
HYK2020-0110	FOD-0930	食べログ	食べログ 百名店	百名店	パン	2020	EAST	穂の香 あざみ野	神奈川県	https://award.tabelog.com/hyakumeiten/bread_east/2020	46232	店舗照合済	食べログ パン EAST 百名店 2020 / 公式掲載順 10/100 / Tabelog ID 14011303
HYK2020-0111	FOD-0931	食べログ	食べログ 百名店	百名店	パン	2020	EAST	ココペライ	北海道	https://award.tabelog.com/hyakumeiten/bread_east/2020	46232	店舗照合済	食べログ パン EAST 百名店 2020 / 公式掲載順 11/100 / Tabelog ID 1008888
HYK2020-0112	FOD-0932	食べログ	食べログ 百名店	百名店	パン	2020	EAST	nichinichi	神奈川県	https://award.tabelog.com/hyakumeiten/bread_east/2020	46232	店舗照合済	食べログ パン EAST 百名店 2020 / 公式掲載順 12/100 / Tabelog ID 14065922
HYK2020-0113	FOD-0933	食べログ	食べログ 百名店	百名店	パン	2020	EAST	ブランジェリー ラ・フォンティヌ・ドゥ・ルルド	北海道	https://award.tabelog.com/hyakumeiten/bread_east/2020	46232	店舗照合済	食べログ パン EAST 百名店 2020 / 公式掲載順 13/100 / Tabelog ID 1007040
HYK2020-0114	FOD-0064	食べログ	食べログ 百名店	百名店	パン	2020	EAST	福田パン 長田町本店	岩手県	https://award.tabelog.com/hyakumeiten/bread_east/2020	46232	店舗照合済	食べログ パン EAST 百名店 2020 / 公式掲載順 14/100 / Tabelog ID 3001022
HYK2020-0115	FOD-0934	食べログ	食べログ 百名店	百名店	パン	2020	EAST	シャン ド ブレ	神奈川県	https://award.tabelog.com/hyakumeiten/bread_east/2020	46232	店舗照合済	食べログ パン EAST 百名店 2020 / 公式掲載順 15/100 / Tabelog ID 14004229
HYK2020-0116	FOD-0935	食べログ	食べログ 百名店	百名店	パン	2020	EAST	ベルテコ	埼玉県	https://award.tabelog.com/hyakumeiten/bread_east/2020	46232	店舗照合済	食べログ パン EAST 百名店 2020 / 公式掲載順 16/100 / Tabelog ID 11003447
HYK2020-0117	FOD-0936	食べログ	食べログ 百名店	百名店	パン	2020	EAST	ムール ア ラ ムール	神奈川県	https://award.tabelog.com/hyakumeiten/bread_east/2020	46232	店舗照合済	食べログ パン EAST 百名店 2020 / 公式掲載順 17/100 / Tabelog ID 14035775
HYK2020-0118	FOD-0937	食べログ	食べログ 百名店	百名店	パン	2020	EAST	セテュヌ ボンニデー	神奈川県	https://award.tabelog.com/hyakumeiten/bread_east/2020	46232	店舗照合済	食べログ パン EAST 百名店 2020 / 公式掲載順 18/100 / Tabelog ID 14053039
HYK2020-0119	FOD-0938	食べログ	食べログ 百名店	百名店	パン	2020	EAST	おかめや 工場直販店	北海道	https://award.tabelog.com/hyakumeiten/bread_east/2020	46232	店舗照合済	食べログ パン EAST 百名店 2020 / 公式掲載順 19/100 / Tabelog ID 1025633
HYK2020-0120	FOD-0939	食べログ	食べログ 百名店	百名店	パン	2020	EAST	エコモ ベーカリー ヨコハマ モトマチ	神奈川県	https://award.tabelog.com/hyakumeiten/bread_east/2020	46232	店舗照合済	食べログ パン EAST 百名店 2020 / 公式掲載順 20/100 / Tabelog ID 14059688
HYK2020-0121	FOD-0940	食べログ	食べログ 百名店	百名店	パン	2020	EAST	VANITOY BAGEL 蔵づくり本店	埼玉県	https://award.tabelog.com/hyakumeiten/bread_east/2020	46232	店舗照合済	食べログ パン EAST 百名店 2020 / 公式掲載順 21/100 / Tabelog ID 11003096
HYK2020-0122	FOD-0941	食べログ	食べログ 百名店	百名店	パン	2020	EAST	麦音	北海道	https://award.tabelog.com/hyakumeiten/bread_east/2020	46232	店舗照合済	食べログ パン EAST 百名店 2020 / 公式掲載順 22/100 / Tabelog ID 1021428
HYK2020-0123	FOD-0942	食べログ	食べログ 百名店	百名店	パン	2020	EAST	ブレッド＆サーカス	神奈川県	https://award.tabelog.com/hyakumeiten/bread_east/2020	46232	店舗照合済	食べログ パン EAST 百名店 2020 / 公式掲載順 23/100 / Tabelog ID 14004024
HYK2020-0124	FOD-0943	食べログ	食べログ 百名店	百名店	パン	2020	EAST	ドーレ	神奈川県	https://award.tabelog.com/hyakumeiten/bread_east/2020	46232	店舗照合済	食べログ パン EAST 百名店 2020 / 公式掲載順 24/100 / Tabelog ID 14000421
HYK2020-0125	FOD-0944	食べログ	食べログ 百名店	百名店	パン	2020	EAST	ベーカリー＆テーブル 東府や	静岡県	https://award.tabelog.com/hyakumeiten/bread_east/2020	46232	店舗照合済	食べログ パン EAST 百名店 2020 / 公式掲載順 25/100 / Tabelog ID 22021103
HYK2020-0126	FOD-0945	食べログ	食べログ 百名店	百名店	パン	2020	EAST	Petit Riche	埼玉県	https://award.tabelog.com/hyakumeiten/bread_east/2020	46232	店舗照合済	食べログ パン EAST 百名店 2020 / 公式掲載順 26/100 / Tabelog ID 11024415
HYK2020-0127	FOD-0946	食べログ	食べログ 百名店	百名店	パン	2020	EAST	zacro	神奈川県	https://award.tabelog.com/hyakumeiten/bread_east/2020	46232	店舗照合済	食べログ パン EAST 百名店 2020 / 公式掲載順 27/100 / Tabelog ID 14012394
HYK2020-0128	FOD-0947	食べログ	食べログ 百名店	百名店	パン	2020	EAST	天然酵母パン工房 KIBIYAベーカリー 段葛店	神奈川県	https://award.tabelog.com/hyakumeiten/bread_east/2020	46232	店舗照合済	食べログ パン EAST 百名店 2020 / 公式掲載順 28/100 / Tabelog ID 14004671
HYK2020-0129	FOD-0948	食べログ	食べログ 百名店	百名店	パン	2020	EAST	プルクワ	神奈川県	https://award.tabelog.com/hyakumeiten/bread_east/2020	46232	店舗照合済	食べログ パン EAST 百名店 2020 / 公式掲載順 29/100 / Tabelog ID 14004623
HYK2020-0130	FOD-0949	食べログ	食べログ 百名店	百名店	パン	2020	EAST	ポンレヴェック	愛知県	https://award.tabelog.com/hyakumeiten/bread_east/2020	46232	店舗照合済	食べログ パン EAST 百名店 2020 / 公式掲載順 30/100 / Tabelog ID 23003662
HYK2020-0131	FOD-0950	食べログ	食べログ 百名店	百名店	パン	2020	EAST	ベーグルショップ vivant	埼玉県	https://award.tabelog.com/hyakumeiten/bread_east/2020	46232	店舗照合済	食べログ パン EAST 百名店 2020 / 公式掲載順 31/100 / Tabelog ID 11003565
HYK2020-0132	FOD-0951	食べログ	食べログ 百名店	百名店	パン	2020	EAST	オープンオーブン	千葉県	https://award.tabelog.com/hyakumeiten/bread_east/2020	46232	店舗照合済	食べログ パン EAST 百名店 2020 / 公式掲載順 32/100 / Tabelog ID 12000978
HYK2020-0133	FOD-0952	食べログ	食べログ 百名店	百名店	パン	2020	EAST	ブーランジェリー オンニ	神奈川県	https://award.tabelog.com/hyakumeiten/bread_east/2020	46232	店舗照合済	食べログ パン EAST 百名店 2020 / 公式掲載順 33/100 / Tabelog ID 14060669
HYK2020-0134	FOD-0953	食べログ	食べログ 百名店	百名店	パン	2020	EAST	前田パン	神奈川県	https://award.tabelog.com/hyakumeiten/bread_east/2020	46232	店舗照合済	食べログ パン EAST 百名店 2020 / 公式掲載順 34/100 / Tabelog ID 14041192
HYK2020-0135	FOD-0954	食べログ	食べログ 百名店	百名店	パン	2020	EAST	ブレドール	神奈川県	https://award.tabelog.com/hyakumeiten/bread_east/2020	46232	店舗照合済	食べログ パン EAST 百名店 2020 / 公式掲載順 35/100 / Tabelog ID 14002514
HYK2020-0136	FOD-0955	食べログ	食べログ 百名店	百名店	パン	2020	EAST	ペニー・レイン 那須店	栃木県	https://award.tabelog.com/hyakumeiten/bread_east/2020	46232	店舗照合済	食べログ パン EAST 百名店 2020 / 公式掲載順 36/100 / Tabelog ID 9000301
HYK2020-0137	FOD-0956	食べログ	食べログ 百名店	百名店	パン	2020	EAST	ダヴィッド パン	茨城県	https://award.tabelog.com/hyakumeiten/bread_east/2020	46232	店舗照合済	食べログ パン EAST 百名店 2020 / 公式掲載順 37/100 / Tabelog ID 8000928
HYK2020-0138	FOD-0957	食べログ	食べログ 百名店	百名店	パン	2020	EAST	nico	神奈川県	https://award.tabelog.com/hyakumeiten/bread_east/2020	46232	店舗照合済	食べログ パン EAST 百名店 2020 / 公式掲載順 38/100 / Tabelog ID 14054459
HYK2020-0139	FOD-0958	食べログ	食べログ 百名店	百名店	パン	2020	EAST	アサカベーカリー 本町店	埼玉県	https://award.tabelog.com/hyakumeiten/bread_east/2020	46232	店舗照合済	食べログ パン EAST 百名店 2020 / 公式掲載順 39/100 / Tabelog ID 11006122
HYK2020-0140	FOD-0959	食べログ	食べログ 百名店	百名店	パン	2020	EAST	エグ・ヴィヴ	北海道	https://award.tabelog.com/hyakumeiten/bread_east/2020	46232	店舗照合済	食べログ パン EAST 百名店 2020 / 公式掲載順 40/100 / Tabelog ID 1004949
HYK2020-0141	FOD-0960	食べログ	食べログ 百名店	百名店	パン	2020	EAST	ラ ベルコリーヌ	神奈川県	https://award.tabelog.com/hyakumeiten/bread_east/2020	46232	店舗照合済	食べログ パン EAST 百名店 2020 / 公式掲載順 41/100 / Tabelog ID 14000431
HYK2020-0142	FOD-0961	食べログ	食べログ 百名店	百名店	パン	2020	EAST	アドゥマン	宮城県	https://award.tabelog.com/hyakumeiten/bread_east/2020	46232	店舗照合済	食べログ パン EAST 百名店 2020 / 公式掲載順 42/100 / Tabelog ID 4012831
HYK2020-0143	FOD-0962	食べログ	食べログ 百名店	百名店	パン	2020	EAST	ブーランジェリー エス	神奈川県	https://award.tabelog.com/hyakumeiten/bread_east/2020	46232	店舗照合済	食べログ パン EAST 百名店 2020 / 公式掲載順 43/100 / Tabelog ID 14008269
HYK2020-0144	FOD-0963	食べログ	食べログ 百名店	百名店	パン	2020	EAST	ルヴァン 信州上田店	長野県	https://award.tabelog.com/hyakumeiten/bread_east/2020	46232	店舗照合済	食べログ パン EAST 百名店 2020 / 公式掲載順 44/100 / Tabelog ID 20000537
HYK2020-0145	FOD-0964	食べログ	食べログ 百名店	百名店	パン	2020	EAST	オンザディッシュ	神奈川県	https://award.tabelog.com/hyakumeiten/bread_east/2020	46232	店舗照合済	食べログ パン EAST 百名店 2020 / 公式掲載順 45/100 / Tabelog ID 14041169
HYK2020-0146	FOD-0965	食べログ	食べログ 百名店	百名店	パン	2020	EAST	アーブル	埼玉県	https://award.tabelog.com/hyakumeiten/bread_east/2020	46232	店舗照合済	食べログ パン EAST 百名店 2020 / 公式掲載順 46/100 / Tabelog ID 11022163
HYK2020-0147	FOD-0966	食べログ	食べログ 百名店	百名店	パン	2020	EAST	人舟	千葉県	https://award.tabelog.com/hyakumeiten/bread_east/2020	46232	店舗照合済	食べログ パン EAST 百名店 2020 / 公式掲載順 47/100 / Tabelog ID 12001352
HYK2020-0148	FOD-0967	食べログ	食べログ 百名店	百名店	パン	2020	EAST	mbs 46.7	神奈川県	https://award.tabelog.com/hyakumeiten/bread_east/2020	46232	店舗照合済	食べログ パン EAST 百名店 2020 / 公式掲載順 48/100 / Tabelog ID 14042523
HYK2020-0149	FOD-0968	食べログ	食べログ 百名店	百名店	パン	2020	EAST	中屋パン	愛知県	https://award.tabelog.com/hyakumeiten/bread_east/2020	46232	店舗照合済	食べログ パン EAST 百名店 2020 / 公式掲載順 49/100 / Tabelog ID 23004452
HYK2020-0150	FOD-0969	食べログ	食べログ 百名店	百名店	パン	2020	EAST	ラフォレ・エ・ラターブル	神奈川県	https://award.tabelog.com/hyakumeiten/bread_east/2020	46232	店舗照合済	食べログ パン EAST 百名店 2020 / 公式掲載順 50/100 / Tabelog ID 14050307
HYK2020-0151	FOD-0970	食べログ	食べログ 百名店	百名店	パン	2020	EAST	cimai	埼玉県	https://award.tabelog.com/hyakumeiten/bread_east/2020	46232	店舗照合済	食べログ パン EAST 百名店 2020 / 公式掲載順 51/100 / Tabelog ID 11012294
HYK2020-0152	FOD-0971	食べログ	食べログ 百名店	百名店	パン	2020	EAST	ベッカライサカツジ	埼玉県	https://award.tabelog.com/hyakumeiten/bread_east/2020	46232	店舗照合済	食べログ パン EAST 百名店 2020 / 公式掲載順 52/100 / Tabelog ID 11034449
HYK2020-0153	FOD-0972	食べログ	食べログ 百名店	百名店	パン	2020	EAST	川越ベーカリー 楽楽	埼玉県	https://award.tabelog.com/hyakumeiten/bread_east/2020	46232	店舗照合済	食べログ パン EAST 百名店 2020 / 公式掲載順 53/100 / Tabelog ID 11005320
HYK2020-0154	FOD-0973	食べログ	食べログ 百名店	百名店	パン	2020	EAST	ラパン ノワール くろうさぎ	埼玉県	https://award.tabelog.com/hyakumeiten/bread_east/2020	46232	店舗照合済	食べログ パン EAST 百名店 2020 / 公式掲載順 54/100 / Tabelog ID 11003478
HYK2020-0155	FOD-0974	食べログ	食べログ 百名店	百名店	パン	2020	EAST	ブーランジェリー 14区	神奈川県	https://award.tabelog.com/hyakumeiten/bread_east/2020	46232	店舗照合済	食べログ パン EAST 百名店 2020 / 公式掲載順 55/100 / Tabelog ID 14049332
HYK2020-0156	FOD-0975	食べログ	食べログ 百名店	百名店	パン	2020	EAST	渡邊ベーカリー	神奈川県	https://award.tabelog.com/hyakumeiten/bread_east/2020	46232	店舗照合済	食べログ パン EAST 百名店 2020 / 公式掲載順 56/100 / Tabelog ID 14003548
HYK2020-0157	FOD-0976	食べログ	食べログ 百名店	百名店	パン	2020	EAST	トラン・ブルー	岐阜県	https://award.tabelog.com/hyakumeiten/bread_east/2020	46232	店舗照合済	食べログ パン EAST 百名店 2020 / 公式掲載順 57/100 / Tabelog ID 21000586
HYK2020-0158	FOD-0977	食べログ	食べログ 百名店	百名店	パン	2020	EAST	Le Supreme. 栄生本店	愛知県	https://award.tabelog.com/hyakumeiten/bread_east/2020	46232	店舗照合済	食べログ パン EAST 百名店 2020 / 公式掲載順 58/100 / Tabelog ID 23005960
HYK2020-0159	FOD-0978	食べログ	食べログ 百名店	百名店	パン	2020	EAST	ブーランジェリー メチエ パークシティ武蔵小杉ザ・ガーデン	神奈川県	https://award.tabelog.com/hyakumeiten/bread_east/2020	46232	店舗照合済	食べログ パン EAST 百名店 2020 / 公式掲載順 59/100 / Tabelog ID 14071269
HYK2020-0160	FOD-0979	食べログ	食べログ 百名店	百名店	パン	2020	EAST	白楽ベーグル	神奈川県	https://award.tabelog.com/hyakumeiten/bread_east/2020	46232	店舗照合済	食べログ パン EAST 百名店 2020 / 公式掲載順 60/100 / Tabelog ID 14034186
HYK2020-0161	FOD-0980	食べログ	食べログ 百名店	百名店	パン	2020	EAST	ベッカライ 徳多朗 元石川本店	神奈川県	https://award.tabelog.com/hyakumeiten/bread_east/2020	46232	店舗照合済	食べログ パン EAST 百名店 2020 / 公式掲載順 61/100 / Tabelog ID 14042306
HYK2020-0162	FOD-0981	食べログ	食べログ 百名店	百名店	パン	2020	EAST	ブラフベーカリー	神奈川県	https://award.tabelog.com/hyakumeiten/bread_east/2020	46232	店舗照合済	食べログ パン EAST 百名店 2020 / 公式掲載順 62/100 / Tabelog ID 14038740
HYK2020-0163	FOD-0982	食べログ	食べログ 百名店	百名店	パン	2020	EAST	Boulanger ペイザン	岐阜県	https://award.tabelog.com/hyakumeiten/bread_east/2020	46232	店舗照合済	食べログ パン EAST 百名店 2020 / 公式掲載順 63/100 / Tabelog ID 21000884
HYK2020-0164	FOD-0983	食べログ	食べログ 百名店	百名店	パン	2020	EAST	鎌倉 利々庵	神奈川県	https://award.tabelog.com/hyakumeiten/bread_east/2020	46232	店舗照合済	食べログ パン EAST 百名店 2020 / 公式掲載順 64/100 / Tabelog ID 14046895
HYK2020-0165	FOD-0984	食べログ	食べログ 百名店	百名店	パン	2020	EAST	サカエパン	岐阜県	https://award.tabelog.com/hyakumeiten/bread_east/2020	46232	店舗照合済	食べログ パン EAST 百名店 2020 / 公式掲載順 65/100 / Tabelog ID 21000648
HYK2020-0166	FOD-0985	食べログ	食べログ 百名店	百名店	パン	2020	EAST	ル シュプレーム ジェイアール名古屋高島屋店	愛知県	https://award.tabelog.com/hyakumeiten/bread_east/2020	46232	店舗照合済	食べログ パン EAST 百名店 2020 / 公式掲載順 66/100 / Tabelog ID 23052895
HYK2020-0167	FOD-0986	食べログ	食べログ 百名店	百名店	パン	2020	EAST	大須ベーカリー	愛知県	https://award.tabelog.com/hyakumeiten/bread_east/2020	46232	店舗照合済	食べログ パン EAST 百名店 2020 / 公式掲載順 67/100 / Tabelog ID 23005844
HYK2020-0168	FOD-0987	食べログ	食べログ 百名店	百名店	パン	2020	EAST	ル・フィヤージュ	静岡県	https://award.tabelog.com/hyakumeiten/bread_east/2020	46232	店舗照合済	食べログ パン EAST 百名店 2020 / 公式掲載順 68/100 / Tabelog ID 22003252
HYK2020-0169	FOD-0988	食べログ	食べログ 百名店	百名店	パン	2020	EAST	プーフレカンテ	愛知県	https://award.tabelog.com/hyakumeiten/bread_east/2020	46232	店舗照合済	食べログ パン EAST 百名店 2020 / 公式掲載順 69/100 / Tabelog ID 23002593
HYK2020-0170	FOD-0989	食べログ	食べログ 百名店	百名店	パン	2020	EAST	パリゼット	埼玉県	https://award.tabelog.com/hyakumeiten/bread_east/2020	46232	店舗照合済	食べログ パン EAST 百名店 2020 / 公式掲載順 70/100 / Tabelog ID 11028894
HYK2020-0171	FOD-0990	食べログ	食べログ 百名店	百名店	パン	2020	EAST	バックシュトゥーベ ツオップ	千葉県	https://award.tabelog.com/hyakumeiten/bread_east/2020	46232	店舗照合済	食べログ パン EAST 百名店 2020 / 公式掲載順 71/100 / Tabelog ID 12000514
HYK2020-0172	FOD-0991	食べログ	食べログ 百名店	百名店	パン	2020	EAST	ブーランジェリー　ジン	北海道	https://award.tabelog.com/hyakumeiten/bread_east/2020	46232	店舗照合済	食べログ パン EAST 百名店 2020 / 公式掲載順 72/100 / Tabelog ID 1004625
HYK2020-0173	FOD-0992	食べログ	食べログ 百名店	百名店	パン	2020	EAST	スーリープー	愛知県	https://award.tabelog.com/hyakumeiten/bread_east/2020	46232	店舗照合済	食べログ パン EAST 百名店 2020 / 公式掲載順 73/100 / Tabelog ID 23031040
HYK2020-0174	FOD-0993	食べログ	食べログ 百名店	百名店	パン	2020	EAST	トースト ネイバーフッド ベイカリー	神奈川県	https://award.tabelog.com/hyakumeiten/bread_east/2020	46232	店舗照合済	食べログ パン EAST 百名店 2020 / 公式掲載順 74/100 / Tabelog ID 14037517
HYK2020-0175	FOD-0994	食べログ	食べログ 百名店	百名店	パン	2020	EAST	ベッカライ徳多朗 Yotsubako	神奈川県	https://award.tabelog.com/hyakumeiten/bread_east/2020	46232	店舗照合済	食べログ パン EAST 百名店 2020 / 公式掲載順 75/100 / Tabelog ID 14043497
HYK2020-0176	FOD-0995	食べログ	食べログ 百名店	百名店	パン	2020	EAST	のり蔵	神奈川県	https://award.tabelog.com/hyakumeiten/bread_east/2020	46232	店舗照合済	食べログ パン EAST 百名店 2020 / 公式掲載順 76/100 / Tabelog ID 14057349
HYK2020-0177	FOD-0996	食べログ	食べログ 百名店	百名店	パン	2020	EAST	美瑛選果 新千歳空港店	北海道	https://award.tabelog.com/hyakumeiten/bread_east/2020	46232	店舗照合済	食べログ パン EAST 百名店 2020 / 公式掲載順 77/100 / Tabelog ID 1034722
HYK2020-0178	FOD-0997	食べログ	食べログ 百名店	百名店	パン	2020	EAST	ぱん吉	北海道	https://award.tabelog.com/hyakumeiten/bread_east/2020	46232	店舗照合済	食べログ パン EAST 百名店 2020 / 公式掲載順 78/100 / Tabelog ID 1001468
HYK2020-0179	FOD-0998	食べログ	食べログ 百名店	百名店	パン	2020	EAST	ピコット 本店	神奈川県	https://award.tabelog.com/hyakumeiten/bread_east/2020	46232	店舗照合済	食べログ パン EAST 百名店 2020 / 公式掲載順 79/100 / Tabelog ID 14007490
HYK2020-0180	FOD-0999	食べログ	食べログ 百名店	百名店	パン	2020	EAST	ブーランジェリー コロン 本店	北海道	https://award.tabelog.com/hyakumeiten/bread_east/2020	46232	店舗照合済	食べログ パン EAST 百名店 2020 / 公式掲載順 80/100 / Tabelog ID 1040487
HYK2020-0181	FOD-1000	食べログ	食べログ 百名店	百名店	パン	2020	EAST	キビヤベーカリー	神奈川県	https://award.tabelog.com/hyakumeiten/bread_east/2020	46232	店舗照合済	食べログ パン EAST 百名店 2020 / 公式掲載順 81/100 / Tabelog ID 14014244
HYK2020-0182	FOD-1001	食べログ	食べログ 百名店	百名店	パン	2020	EAST	みやび亭	埼玉県	https://award.tabelog.com/hyakumeiten/bread_east/2020	46232	店舗照合済	食べログ パン EAST 百名店 2020 / 公式掲載順 82/100 / Tabelog ID 11035931
HYK2020-0183	FOD-1002	食べログ	食べログ 百名店	百名店	パン	2020	EAST	芦名ベーカリー 芦兵衛	神奈川県	https://award.tabelog.com/hyakumeiten/bread_east/2020	46232	店舗照合済	食べログ パン EAST 百名店 2020 / 公式掲載順 83/100 / Tabelog ID 14052229
HYK2020-0184	FOD-1003	食べログ	食べログ 百名店	百名店	パン	2020	EAST	クーネルベーカリー	埼玉県	https://award.tabelog.com/hyakumeiten/bread_east/2020	46232	店舗照合済	食べログ パン EAST 百名店 2020 / 公式掲載順 84/100 / Tabelog ID 11028957
HYK2020-0185	FOD-1004	食べログ	食べログ 百名店	百名店	パン	2020	EAST	充麦	神奈川県	https://award.tabelog.com/hyakumeiten/bread_east/2020	46232	店舗照合済	食べログ パン EAST 百名店 2020 / 公式掲載順 85/100 / Tabelog ID 14015303
HYK2020-0186	FOD-1005	食べログ	食べログ 百名店	百名店	パン	2020	EAST	ル・プレジール・デュ・パン 東山本店	愛知県	https://award.tabelog.com/hyakumeiten/bread_east/2020	46232	店舗照合済	食べログ パン EAST 百名店 2020 / 公式掲載順 86/100 / Tabelog ID 23039677
HYK2020-0187	FOD-1006	食べログ	食べログ 百名店	百名店	パン	2020	EAST	バゲット ラビット	愛知県	https://award.tabelog.com/hyakumeiten/bread_east/2020	46232	店舗照合済	食べログ パン EAST 百名店 2020 / 公式掲載順 87/100 / Tabelog ID 23058942
HYK2020-0188	FOD-1007	食べログ	食べログ 百名店	百名店	パン	2020	EAST	守谷製パン店	神奈川県	https://award.tabelog.com/hyakumeiten/bread_east/2020	46232	店舗照合済	食べログ パン EAST 百名店 2020 / 公式掲載順 88/100 / Tabelog ID 14003916
HYK2020-0189	FOD-1008	食べログ	食べログ 百名店	百名店	パン	2020	EAST	ブランジェリー ぱぴ・ぱん	愛知県	https://award.tabelog.com/hyakumeiten/bread_east/2020	46232	店舗照合済	食べログ パン EAST 百名店 2020 / 公式掲載順 89/100 / Tabelog ID 23004064
HYK2020-0190	FOD-1009	食べログ	食べログ 百名店	百名店	パン	2020	EAST	アサカベーカリー 朝霞台店	埼玉県	https://award.tabelog.com/hyakumeiten/bread_east/2020	46232	店舗照合済	食べログ パン EAST 百名店 2020 / 公式掲載順 90/100 / Tabelog ID 11003063
HYK2020-0191	FOD-1010	食べログ	食べログ 百名店	百名店	パン	2020	EAST	ハルタ 軽井沢	長野県	https://award.tabelog.com/hyakumeiten/bread_east/2020	46232	店舗照合済	食べログ パン EAST 百名店 2020 / 公式掲載順 91/100 / Tabelog ID 20011411
HYK2020-0192	FOD-1011	食べログ	食べログ 百名店	百名店	パン	2020	EAST	ベッカライ・ブロートツァイト	茨城県	https://award.tabelog.com/hyakumeiten/bread_east/2020	46232	店舗照合済	食べログ パン EAST 百名店 2020 / 公式掲載順 92/100 / Tabelog ID 8001938
HYK2020-0193	FOD-1012	食べログ	食べログ 百名店	百名店	パン	2020	EAST	パンヤコット	神奈川県	https://award.tabelog.com/hyakumeiten/bread_east/2020	46232	店舗照合済	食べログ パン EAST 百名店 2020 / 公式掲載順 93/100 / Tabelog ID 14009181
HYK2020-0194	FOD-1013	食べログ	食べログ 百名店	百名店	パン	2020	EAST	ブーランジェリー パティスリー トレトゥール アダチ	神奈川県	https://award.tabelog.com/hyakumeiten/bread_east/2020	46232	店舗照合済	食べログ パン EAST 百名店 2020 / 公式掲載順 94/100 / Tabelog ID 14070721
HYK2020-0195	FOD-1014	食べログ	食べログ 百名店	百名店	パン	2020	EAST	ジャン・フランソワ 横浜ポルタ	神奈川県	https://award.tabelog.com/hyakumeiten/bread_east/2020	46232	店舗照合済	食べログ パン EAST 百名店 2020 / 公式掲載順 95/100 / Tabelog ID 14043136
HYK2020-0196	FOD-1015	食べログ	食べログ 百名店	百名店	パン	2020	EAST	マダムルージュ	神奈川県	https://award.tabelog.com/hyakumeiten/bread_east/2020	46232	店舗照合済	食べログ パン EAST 百名店 2020 / 公式掲載順 96/100 / Tabelog ID 14046435
HYK2020-0197	FOD-1016	食べログ	食べログ 百名店	百名店	パン	2020	EAST	小春日和	埼玉県	https://award.tabelog.com/hyakumeiten/bread_east/2020	46232	店舗照合済	食べログ パン EAST 百名店 2020 / 公式掲載順 97/100 / Tabelog ID 11004747
HYK2020-0198	FOD-1017	食べログ	食べログ 百名店	百名店	パン	2020	EAST	モン・ペシェ・ミニョン	神奈川県	https://award.tabelog.com/hyakumeiten/bread_east/2020	46232	店舗照合済	食べログ パン EAST 百名店 2020 / 公式掲載順 98/100 / Tabelog ID 14041555
HYK2020-0199	FOD-1018	食べログ	食べログ 百名店	百名店	パン	2020	EAST	NAOZO	栃木県	https://award.tabelog.com/hyakumeiten/bread_east/2020	46232	店舗照合済	食べログ パン EAST 百名店 2020 / 公式掲載順 99/100 / Tabelog ID 9002708
HYK2020-0200	FOD-1019	食べログ	食べログ 百名店	百名店	パン	2020	EAST	パンの店　ポルカ	愛知県	https://award.tabelog.com/hyakumeiten/bread_east/2020	46232	店舗照合済	食べログ パン EAST 百名店 2020 / 公式掲載順 100/100 / Tabelog ID 23008648
HYK2020-0201	FOD-1020	食べログ	食べログ 百名店	百名店	パン	2020	WEST	ザ シティ ベーカリー UMEDA	大阪府	https://award.tabelog.com/hyakumeiten/bread_west/2020	46232	店舗照合済	食べログ パン WEST 百名店 2020 / 公式掲載順 1/100 / Tabelog ID 27072545
HYK2020-0202	FOD-1021	食べログ	食べログ 百名店	百名店	パン	2020	WEST	ファイブラン	京都府	https://award.tabelog.com/hyakumeiten/bread_west/2020	46232	店舗照合済	食べログ パン WEST 百名店 2020 / 公式掲載順 2/100 / Tabelog ID 26026337
HYK2020-0203	FOD-1022	食べログ	食べログ 百名店	百名店	パン	2020	WEST	手作りパン工房 コネルヤ	京都府	https://award.tabelog.com/hyakumeiten/bread_west/2020	46232	店舗照合済	食べログ パン WEST 百名店 2020 / 公式掲載順 3/100 / Tabelog ID 26002695
HYK2020-0204	FOD-1023	食べログ	食べログ 百名店	百名店	パン	2020	WEST	フロイン堂	兵庫県	https://award.tabelog.com/hyakumeiten/bread_west/2020	46232	店舗照合済	食べログ パン WEST 百名店 2020 / 公式掲載順 4/100 / Tabelog ID 28001078
HYK2020-0205	FOD-1024	食べログ	食べログ 百名店	百名店	パン	2020	WEST	グランディール 下鴨店	京都府	https://award.tabelog.com/hyakumeiten/bread_west/2020	46232	店舗照合済	食べログ パン WEST 百名店 2020 / 公式掲載順 5/100 / Tabelog ID 26002312
HYK2020-0206	FOD-1025	食べログ	食べログ 百名店	百名店	パン	2020	WEST	レディオベーグル	京都府	https://award.tabelog.com/hyakumeiten/bread_west/2020	46232	店舗照合済	食べログ パン WEST 百名店 2020 / 公式掲載順 6/100 / Tabelog ID 26007367
HYK2020-0207	FOD-1026	食べログ	食べログ 百名店	百名店	パン	2020	WEST	ameen’s oven	兵庫県	https://award.tabelog.com/hyakumeiten/bread_west/2020	46232	店舗照合済	食べログ パン WEST 百名店 2020 / 公式掲載順 7/100 / Tabelog ID 28006379
HYK2020-0208	FOD-1027	食べログ	食べログ 百名店	百名店	パン	2020	WEST	カンテ・グランデ ベーカリー	大阪府	https://award.tabelog.com/hyakumeiten/bread_west/2020	46232	店舗照合済	食べログ パン WEST 百名店 2020 / 公式掲載順 8/100 / Tabelog ID 27005149
HYK2020-0209	FOD-1028	食べログ	食べログ 百名店	百名店	パン	2020	WEST	ベッカライ・ペルケオ・アルト・ハイデルベルク	京都府	https://award.tabelog.com/hyakumeiten/bread_west/2020	46232	店舗照合済	食べログ パン WEST 百名店 2020 / 公式掲載順 9/100 / Tabelog ID 26014599
HYK2020-0210	FOD-1029	食べログ	食べログ 百名店	百名店	パン	2020	WEST	ココロ	大阪府	https://award.tabelog.com/hyakumeiten/bread_west/2020	46232	店舗照合済	食べログ パン WEST 百名店 2020 / 公式掲載順 10/100 / Tabelog ID 27015189
HYK2020-0211	FOD-1030	食べログ	食べログ 百名店	百名店	パン	2020	WEST	エス・ブーランジュリー	兵庫県	https://award.tabelog.com/hyakumeiten/bread_west/2020	46232	店舗照合済	食べログ パン WEST 百名店 2020 / 公式掲載順 11/100 / Tabelog ID 28009524
HYK2020-0212	FOD-1031	食べログ	食べログ 百名店	百名店	パン	2020	WEST	ゴジュウニチョウメベーカリー	大阪府	https://award.tabelog.com/hyakumeiten/bread_west/2020	46232	店舗照合済	食べログ パン WEST 百名店 2020 / 公式掲載順 12/100 / Tabelog ID 27059169
HYK2020-0213	FOD-1032	食べログ	食べログ 百名店	百名店	パン	2020	WEST	ラ・フルネ	大阪府	https://award.tabelog.com/hyakumeiten/bread_west/2020	46232	店舗照合済	食べログ パン WEST 百名店 2020 / 公式掲載順 13/100 / Tabelog ID 27081942
HYK2020-0214	FOD-1033	食べログ	食べログ 百名店	百名店	パン	2020	WEST	パンデュース	大阪府	https://award.tabelog.com/hyakumeiten/bread_west/2020	46232	店舗照合済	食べログ パン WEST 百名店 2020 / 公式掲載順 14/100 / Tabelog ID 27003262
HYK2020-0215	FOD-1034	食べログ	食べログ 百名店	百名店	パン	2020	WEST	モグモグベーカリー	京都府	https://award.tabelog.com/hyakumeiten/bread_west/2020	46232	店舗照合済	食べログ パン WEST 百名店 2020 / 公式掲載順 15/100 / Tabelog ID 26006153
HYK2020-0216	FOD-1035	食べログ	食べログ 百名店	百名店	パン	2020	WEST	ブーランジェリー ブルディガラ 大阪店	大阪府	https://award.tabelog.com/hyakumeiten/bread_west/2020	46232	店舗照合済	食べログ パン WEST 百名店 2020 / 公式掲載順 16/100 / Tabelog ID 27009000
HYK2020-0217	FOD-1036	食べログ	食べログ 百名店	百名店	パン	2020	WEST	泉北堂 本店	大阪府	https://award.tabelog.com/hyakumeiten/bread_west/2020	46232	店舗照合済	食べログ パン WEST 百名店 2020 / 公式掲載順 17/100 / Tabelog ID 27014335
HYK2020-0218	FOD-1037	食べログ	食べログ 百名店	百名店	パン	2020	WEST	パンやきどころ RIKI	兵庫県	https://award.tabelog.com/hyakumeiten/bread_west/2020	46232	店舗照合済	食べログ パン WEST 百名店 2020 / 公式掲載順 18/100 / Tabelog ID 28038627
HYK2020-0219	FOD-1038	食べログ	食べログ 百名店	百名店	パン	2020	WEST	ベーカリー柳月堂	京都府	https://award.tabelog.com/hyakumeiten/bread_west/2020	46232	店舗照合済	食べログ パン WEST 百名店 2020 / 公式掲載順 19/100 / Tabelog ID 26001108
HYK2020-0220	FOD-1039	食べログ	食べログ 百名店	百名店	パン	2020	WEST	ブーランジェリー ミヤナガ	兵庫県	https://award.tabelog.com/hyakumeiten/bread_west/2020	46232	店舗照合済	食べログ パン WEST 百名店 2020 / 公式掲載順 20/100 / Tabelog ID 28026569
HYK2020-0221	FOD-1040	食べログ	食べログ 百名店	百名店	パン	2020	WEST	リョウイチヤマウチ	兵庫県	https://award.tabelog.com/hyakumeiten/bread_west/2020	46232	店舗照合済	食べログ パン WEST 百名店 2020 / 公式掲載順 21/100 / Tabelog ID 28006731
HYK2020-0222	FOD-1041	食べログ	食べログ 百名店	百名店	パン	2020	WEST	トミーズ 三宮店	兵庫県	https://award.tabelog.com/hyakumeiten/bread_west/2020	46232	店舗照合済	食べログ パン WEST 百名店 2020 / 公式掲載順 22/100 / Tabelog ID 28002135
HYK2020-0223	FOD-1042	食べログ	食べログ 百名店	百名店	パン	2020	WEST	まるき製パン所	京都府	https://award.tabelog.com/hyakumeiten/bread_west/2020	46232	店舗照合済	食べログ パン WEST 百名店 2020 / 公式掲載順 23/100 / Tabelog ID 26003237
HYK2020-0224	FOD-1043	食べログ	食べログ 百名店	百名店	パン	2020	WEST	ROUTE271 高槻店	大阪府	https://award.tabelog.com/hyakumeiten/bread_west/2020	46232	店舗照合済	食べログ パン WEST 百名店 2020 / 公式掲載順 24/100 / Tabelog ID 27056279
HYK2020-0225	FOD-1044	食べログ	食べログ 百名店	百名店	パン	2020	WEST	ベッカライ ビオブロート	兵庫県	https://award.tabelog.com/hyakumeiten/bread_west/2020	46232	店舗照合済	食べログ パン WEST 百名店 2020 / 公式掲載順 25/100 / Tabelog ID 28001945
HYK2020-0226	FOD-1045	食べログ	食べログ 百名店	百名店	パン	2020	WEST	ROUTE271 梅田本店	大阪府	https://award.tabelog.com/hyakumeiten/bread_west/2020	46232	店舗照合済	食べログ パン WEST 百名店 2020 / 公式掲載順 26/100 / Tabelog ID 27087157
HYK2020-0227	FOD-1046	食べログ	食べログ 百名店	百名店	パン	2020	WEST	エズ ブルー	京都府	https://award.tabelog.com/hyakumeiten/bread_west/2020	46232	店舗照合済	食べログ パン WEST 百名店 2020 / 公式掲載順 27/100 / Tabelog ID 26002639
HYK2020-0228	FOD-1047	食べログ	食べログ 百名店	百名店	パン	2020	WEST	プレザン	大阪府	https://award.tabelog.com/hyakumeiten/bread_west/2020	46232	店舗照合済	食べログ パン WEST 百名店 2020 / 公式掲載順 28/100 / Tabelog ID 27017741
HYK2020-0229	FOD-1048	食べログ	食べログ 百名店	百名店	パン	2020	WEST	トロワ	大阪府	https://award.tabelog.com/hyakumeiten/bread_west/2020	46232	店舗照合済	食べログ パン WEST 百名店 2020 / 公式掲載順 29/100 / Tabelog ID 27054996
HYK2020-0230	FOD-1049	食べログ	食べログ 百名店	百名店	パン	2020	WEST	アド・パンデュース	大阪府	https://award.tabelog.com/hyakumeiten/bread_west/2020	46232	店舗照合済	食べログ パン WEST 百名店 2020 / 公式掲載順 30/100 / Tabelog ID 27015191
HYK2020-0231	FOD-1050	食べログ	食べログ 百名店	百名店	パン	2020	WEST	ル・プチメック 大丸京都店	京都府	https://award.tabelog.com/hyakumeiten/bread_west/2020	46232	店舗照合済	食べログ パン WEST 百名店 2020 / 公式掲載順 31/100 / Tabelog ID 26023941
HYK2020-0232	FOD-1051	食べログ	食べログ 百名店	百名店	パン	2020	WEST	un peu de	兵庫県	https://award.tabelog.com/hyakumeiten/bread_west/2020	46232	店舗照合済	食べログ パン WEST 百名店 2020 / 公式掲載順 32/100 / Tabelog ID 28025630
HYK2020-0233	FOD-1052	食べログ	食べログ 百名店	百名店	パン	2020	WEST	デ・トゥット・パンデュース エキマルシェ大阪店	大阪府	https://award.tabelog.com/hyakumeiten/bread_west/2020	46232	店舗照合済	食べログ パン WEST 百名店 2020 / 公式掲載順 33/100 / Tabelog ID 27068845
HYK2020-0234	FOD-1053	食べログ	食べログ 百名店	百名店	パン	2020	WEST	マッシュキョウト	京都府	https://award.tabelog.com/hyakumeiten/bread_west/2020	46232	店舗照合済	食べログ パン WEST 百名店 2020 / 公式掲載順 34/100 / Tabelog ID 26006051
HYK2020-0235	FOD-1054	食べログ	食べログ 百名店	百名店	パン	2020	WEST	ル・シュクレクール 岸部	大阪府	https://award.tabelog.com/hyakumeiten/bread_west/2020	46232	店舗照合済	食べログ パン WEST 百名店 2020 / 公式掲載順 35/100 / Tabelog ID 27003426
HYK2020-0236	FOD-1055	食べログ	食べログ 百名店	百名店	パン	2020	WEST	グランディール  堀川店	京都府	https://award.tabelog.com/hyakumeiten/bread_west/2020	46232	店舗照合済	食べログ パン WEST 百名店 2020 / 公式掲載順 36/100 / Tabelog ID 26005570
HYK2020-0237	FOD-1056	食べログ	食べログ 百名店	百名店	パン	2020	WEST	ボン・ボランテ	京都府	https://award.tabelog.com/hyakumeiten/bread_west/2020	46232	店舗照合済	食べログ パン WEST 百名店 2020 / 公式掲載順 37/100 / Tabelog ID 26002684
HYK2020-0238	FOD-1057	食べログ	食べログ 百名店	百名店	パン	2020	WEST	ミシェルズベーグル	京都府	https://award.tabelog.com/hyakumeiten/bread_west/2020	46232	店舗照合済	食べログ パン WEST 百名店 2020 / 公式掲載順 38/100 / Tabelog ID 26007648
HYK2020-0239	FOD-1058	食べログ	食べログ 百名店	百名店	パン	2020	WEST	コム・シノワ 高島屋大阪店	大阪府	https://award.tabelog.com/hyakumeiten/bread_west/2020	46232	店舗照合済	食べログ パン WEST 百名店 2020 / 公式掲載順 39/100 / Tabelog ID 27014893
HYK2020-0240	FOD-1059	食べログ	食べログ 百名店	百名店	パン	2020	WEST	ハッピーキャンパーベーグル	大阪府	https://award.tabelog.com/hyakumeiten/bread_west/2020	46232	店舗照合済	食べログ パン WEST 百名店 2020 / 公式掲載順 40/100 / Tabelog ID 27071749
HYK2020-0241	FOD-1060	食べログ	食べログ 百名店	百名店	パン	2020	WEST	ハナカゴ	京都府	https://award.tabelog.com/hyakumeiten/bread_west/2020	46232	店舗照合済	食べログ パン WEST 百名店 2020 / 公式掲載順 41/100 / Tabelog ID 26025406
HYK2020-0242	FOD-1061	食べログ	食べログ 百名店	百名店	パン	2020	WEST	ビゴの店 本店	兵庫県	https://award.tabelog.com/hyakumeiten/bread_west/2020	46232	店舗照合済	食べログ パン WEST 百名店 2020 / 公式掲載順 42/100 / Tabelog ID 28001784
HYK2020-0243	FOD-1062	食べログ	食べログ 百名店	百名店	パン	2020	WEST	wada	兵庫県	https://award.tabelog.com/hyakumeiten/bread_west/2020	46232	店舗照合済	食べログ パン WEST 百名店 2020 / 公式掲載順 43/100 / Tabelog ID 28028120
HYK2020-0244	FOD-1063	食べログ	食べログ 百名店	百名店	パン	2020	WEST	アップルの発音	大阪府	https://award.tabelog.com/hyakumeiten/bread_west/2020	46232	店舗照合済	食べログ パン WEST 百名店 2020 / 公式掲載順 44/100 / Tabelog ID 27044053
HYK2020-0245	FOD-1064	食べログ	食べログ 百名店	百名店	パン	2020	WEST	コム・シノワ	兵庫県	https://award.tabelog.com/hyakumeiten/bread_west/2020	46232	店舗照合済	食べログ パン WEST 百名店 2020 / 公式掲載順 45/100 / Tabelog ID 28004087
HYK2020-0246	FOD-1065	食べログ	食べログ 百名店	百名店	パン	2020	WEST	ブーランジェリー パリゴ	大阪府	https://award.tabelog.com/hyakumeiten/bread_west/2020	46232	店舗照合済	食べログ パン WEST 百名店 2020 / 公式掲載順 46/100 / Tabelog ID 27007052
HYK2020-0247	FOD-1066	食べログ	食べログ 百名店	百名店	パン	2020	WEST	ル・プチメック 今出川店	京都府	https://award.tabelog.com/hyakumeiten/bread_west/2020	46232	店舗照合済	食べログ パン WEST 百名店 2020 / 公式掲載順 47/100 / Tabelog ID 26000210
HYK2020-0248	FOD-1067	食べログ	食べログ 百名店	百名店	パン	2020	WEST	ブーランジュリー&カフェ グウ	大阪府	https://award.tabelog.com/hyakumeiten/bread_west/2020	46232	店舗照合済	食べログ パン WEST 百名店 2020 / 公式掲載順 48/100 / Tabelog ID 27075014
HYK2020-0249	FOD-1068	食べログ	食べログ 百名店	百名店	パン	2020	WEST	ル・ブーランジェ・ドゥ・モンジュ うめだ阪急店	大阪府	https://award.tabelog.com/hyakumeiten/bread_west/2020	46232	店舗照合済	食べログ パン WEST 百名店 2020 / 公式掲載順 49/100 / Tabelog ID 27068669
HYK2020-0250	FOD-1069	食べログ	食べログ 百名店	百名店	パン	2020	WEST	ジュエ ボワット	大阪府	https://award.tabelog.com/hyakumeiten/bread_west/2020	46232	店舗照合済	食べログ パン WEST 百名店 2020 / 公式掲載順 50/100 / Tabelog ID 27012984
HYK2020-0251	FOD-1070	食べログ	食べログ 百名店	百名店	パン	2020	WEST	ルルット	大阪府	https://award.tabelog.com/hyakumeiten/bread_west/2020	46232	店舗照合済	食べログ パン WEST 百名店 2020 / 公式掲載順 51/100 / Tabelog ID 27075939
HYK2020-0252	FOD-1071	食べログ	食べログ 百名店	百名店	パン	2020	WEST	サイラー	福岡県	https://award.tabelog.com/hyakumeiten/bread_west/2020	46232	店舗照合済	食べログ パン WEST 百名店 2020 / 公式掲載順 52/100 / Tabelog ID 40000552
HYK2020-0253	FOD-1072	食べログ	食べログ 百名店	百名店	パン	2020	WEST	オーガニックパン工房　それいゆ	大阪府	https://award.tabelog.com/hyakumeiten/bread_west/2020	46232	店舗照合済	食べログ パン WEST 百名店 2020 / 公式掲載順 53/100 / Tabelog ID 27062806
HYK2020-0254	FOD-1073	食べログ	食べログ 百名店	百名店	パン	2020	WEST	ル・プチメック 御池店	京都府	https://award.tabelog.com/hyakumeiten/bread_west/2020	46232	店舗照合済	食べログ パン WEST 百名店 2020 / 公式掲載順 54/100 / Tabelog ID 26005029
HYK2020-0255	FOD-1074	食べログ	食べログ 百名店	百名店	パン	2020	WEST	まん福ベーカリー	大阪府	https://award.tabelog.com/hyakumeiten/bread_west/2020	46232	店舗照合済	食べログ パン WEST 百名店 2020 / 公式掲載順 55/100 / Tabelog ID 27060424
HYK2020-0256	FOD-1075	食べログ	食べログ 百名店	百名店	パン	2020	WEST	ル・プチメック OMAKE	京都府	https://award.tabelog.com/hyakumeiten/bread_west/2020	46232	店舗照合済	食べログ パン WEST 百名店 2020 / 公式掲載順 56/100 / Tabelog ID 26025036
HYK2020-0257	FOD-1076	食べログ	食べログ 百名店	百名店	パン	2020	WEST	ラ バゲット ド パリ ヨシカワ	兵庫県	https://award.tabelog.com/hyakumeiten/bread_west/2020	46232	店舗照合済	食べログ パン WEST 百名店 2020 / 公式掲載順 57/100 / Tabelog ID 28018035
HYK2020-0258	FOD-1077	食べログ	食べログ 百名店	百名店	パン	2020	WEST	フリップアップ	京都府	https://award.tabelog.com/hyakumeiten/bread_west/2020	46232	店舗照合済	食べログ パン WEST 百名店 2020 / 公式掲載順 58/100 / Tabelog ID 26004579
HYK2020-0259	FOD-1078	食べログ	食べログ 百名店	百名店	パン	2020	WEST	パンストック	福岡県	https://award.tabelog.com/hyakumeiten/bread_west/2020	46232	店舗照合済	食べログ パン WEST 百名店 2020 / 公式掲載順 59/100 / Tabelog ID 40024379
HYK2020-0260	FOD-1079	食べログ	食べログ 百名店	百名店	パン	2020	WEST	マンハッタン	京都府	https://award.tabelog.com/hyakumeiten/bread_west/2020	46232	店舗照合済	食べログ パン WEST 百名店 2020 / 公式掲載順 60/100 / Tabelog ID 26014268
HYK2020-0261	FOD-1080	食べログ	食べログ 百名店	百名店	パン	2020	WEST	ブリアン 北山本店	京都府	https://award.tabelog.com/hyakumeiten/bread_west/2020	46232	店舗照合済	食べログ パン WEST 百名店 2020 / 公式掲載順 61/100 / Tabelog ID 26004348
HYK2020-0262	FOD-1081	食べログ	食べログ 百名店	百名店	パン	2020	WEST	ル・シュクレクール	大阪府	https://award.tabelog.com/hyakumeiten/bread_west/2020	46232	店舗照合済	食べログ パン WEST 百名店 2020 / 公式掲載順 62/100 / Tabelog ID 27092018
HYK2020-0263	FOD-1082	食べログ	食べログ 百名店	百名店	パン	2020	WEST	めるころ	熊本県	https://award.tabelog.com/hyakumeiten/bread_west/2020	46232	店舗照合済	食べログ パン WEST 百名店 2020 / 公式掲載順 63/100 / Tabelog ID 43001344
HYK2020-0264	FOD-1083	食べログ	食べログ 百名店	百名店	パン	2020	WEST	ル・ディマンシュ トアロード店	兵庫県	https://award.tabelog.com/hyakumeiten/bread_west/2020	46232	店舗照合済	食べログ パン WEST 百名店 2020 / 公式掲載順 64/100 / Tabelog ID 28002012
HYK2020-0265	FOD-1084	食べログ	食べログ 百名店	百名店	パン	2020	WEST	食パン工房　ラミ 福島本店	大阪府	https://award.tabelog.com/hyakumeiten/bread_west/2020	46232	店舗照合済	食べログ パン WEST 百名店 2020 / 公式掲載順 65/100 / Tabelog ID 27017967
HYK2020-0266	FOD-1085	食べログ	食べログ 百名店	百名店	パン	2020	WEST	ワルダー	京都府	https://award.tabelog.com/hyakumeiten/bread_west/2020	46232	店舗照合済	食べログ パン WEST 百名店 2020 / 公式掲載順 66/100 / Tabelog ID 26004637
HYK2020-0267	FOD-1086	食べログ	食べログ 百名店	百名店	パン	2020	WEST	ブーランジェリエ デ ラ リベルテ	京都府	https://award.tabelog.com/hyakumeiten/bread_west/2020	46232	店舗照合済	食べログ パン WEST 百名店 2020 / 公式掲載順 67/100 / Tabelog ID 26014258
HYK2020-0268	FOD-1087	食べログ	食べログ 百名店	百名店	パン	2020	WEST	マリーフランス 北山店	京都府	https://award.tabelog.com/hyakumeiten/bread_west/2020	46232	店舗照合済	食べログ パン WEST 百名店 2020 / 公式掲載順 68/100 / Tabelog ID 26004491
HYK2020-0269	FOD-1088	食べログ	食べログ 百名店	百名店	パン	2020	WEST	パン・ドゥ・マルシェ	滋賀県	https://award.tabelog.com/hyakumeiten/bread_west/2020	46232	店舗照合済	食べログ パン WEST 百名店 2020 / 公式掲載順 69/100 / Tabelog ID 25001153
HYK2020-0270	FOD-1089	食べログ	食べログ 百名店	百名店	パン	2020	WEST	フォション 京都高島屋店	京都府	https://award.tabelog.com/hyakumeiten/bread_west/2020	46232	店舗照合済	食べログ パン WEST 百名店 2020 / 公式掲載順 70/100 / Tabelog ID 26005569
HYK2020-0271	FOD-1090	食べログ	食べログ 百名店	百名店	パン	2020	WEST	アルチザナル	京都府	https://award.tabelog.com/hyakumeiten/bread_west/2020	46232	店舗照合済	食べログ パン WEST 百名店 2020 / 公式掲載順 71/100 / Tabelog ID 26020779
HYK2020-0272	FOD-1091	食べログ	食べログ 百名店	百名店	パン	2020	WEST	グランディール 御池店	京都府	https://award.tabelog.com/hyakumeiten/bread_west/2020	46232	店舗照合済	食べログ パン WEST 百名店 2020 / 公式掲載順 72/100 / Tabelog ID 26023110
HYK2020-0273	FOD-1092	食べログ	食べログ 百名店	百名店	パン	2020	WEST	Croix-Rousse	京都府	https://award.tabelog.com/hyakumeiten/bread_west/2020	46232	店舗照合済	食べログ パン WEST 百名店 2020 / 公式掲載順 73/100 / Tabelog ID 26007737
HYK2020-0274	FOD-1093	食べログ	食べログ 百名店	百名店	パン	2020	WEST	パン屋航路	広島県	https://award.tabelog.com/hyakumeiten/bread_west/2020	46232	店舗照合済	食べログ パン WEST 百名店 2020 / 公式掲載順 74/100 / Tabelog ID 34014537
HYK2020-0275	FOD-1094	食べログ	食べログ 百名店	百名店	パン	2020	WEST	ビゴの店 神戸国際会館店	兵庫県	https://award.tabelog.com/hyakumeiten/bread_west/2020	46232	店舗照合済	食べログ パン WEST 百名店 2020 / 公式掲載順 75/100 / Tabelog ID 28003325
HYK2020-0276	FOD-1095	食べログ	食べログ 百名店	百名店	パン	2020	WEST	eight	京都府	https://award.tabelog.com/hyakumeiten/bread_west/2020	46232	店舗照合済	食べログ パン WEST 百名店 2020 / 公式掲載順 76/100 / Tabelog ID 26018675
HYK2020-0277	FOD-1096	食べログ	食べログ 百名店	百名店	パン	2020	WEST	たま木亭	京都府	https://award.tabelog.com/hyakumeiten/bread_west/2020	46232	店舗照合済	食べログ パン WEST 百名店 2020 / 公式掲載順 77/100 / Tabelog ID 26025957
HYK2020-0278	FOD-1097	食べログ	食べログ 百名店	百名店	パン	2020	WEST	パンスケープ 二条駅前店	京都府	https://award.tabelog.com/hyakumeiten/bread_west/2020	46232	店舗照合済	食べログ パン WEST 百名店 2020 / 公式掲載順 78/100 / Tabelog ID 26017091
HYK2020-0279	FOD-1098	食べログ	食べログ 百名店	百名店	パン	2020	WEST	キルシュブリューテ	大阪府	https://award.tabelog.com/hyakumeiten/bread_west/2020	46232	店舗照合済	食べログ パン WEST 百名店 2020 / 公式掲載順 79/100 / Tabelog ID 27059403
HYK2020-0280	FOD-1099	食べログ	食べログ 百名店	百名店	パン	2020	WEST	プラス ドゥ パスト	兵庫県	https://award.tabelog.com/hyakumeiten/bread_west/2020	46232	店舗照合済	食べログ パン WEST 百名店 2020 / 公式掲載順 80/100 / Tabelog ID 28002212
HYK2020-0281	FOD-1100	食べログ	食べログ 百名店	百名店	パン	2020	WEST	レガル	京都府	https://award.tabelog.com/hyakumeiten/bread_west/2020	46232	店舗照合済	食べログ パン WEST 百名店 2020 / 公式掲載順 81/100 / Tabelog ID 26005980
HYK2020-0282	FOD-1101	食べログ	食べログ 百名店	百名店	パン	2020	WEST	イシノウエ	大阪府	https://award.tabelog.com/hyakumeiten/bread_west/2020	46232	店舗照合済	食べログ パン WEST 百名店 2020 / 公式掲載順 82/100 / Tabelog ID 27046308
HYK2020-0283	FOD-1102	食べログ	食べログ 百名店	百名店	パン	2020	WEST	コンセントマーケット	兵庫県	https://award.tabelog.com/hyakumeiten/bread_west/2020	46232	店舗照合済	食べログ パン WEST 百名店 2020 / 公式掲載順 83/100 / Tabelog ID 28025424
HYK2020-0284	FOD-1103	食べログ	食べログ 百名店	百名店	パン	2020	WEST	しろはとベーカリー	京都府	https://award.tabelog.com/hyakumeiten/bread_west/2020	46232	店舗照合済	食べログ パン WEST 百名店 2020 / 公式掲載順 84/100 / Tabelog ID 26021765
HYK2020-0285	FOD-1104	食べログ	食べログ 百名店	百名店	パン	2020	WEST	クラブハリエ ジュブリルタン	滋賀県	https://award.tabelog.com/hyakumeiten/bread_west/2020	46232	店舗照合済	食べログ パン WEST 百名店 2020 / 公式掲載順 85/100 / Tabelog ID 25004738
HYK2020-0286	FOD-1105	食べログ	食べログ 百名店	百名店	パン	2020	WEST	生瀬ヒュッテ	兵庫県	https://award.tabelog.com/hyakumeiten/bread_west/2020	46232	店舗照合済	食べログ パン WEST 百名店 2020 / 公式掲載順 86/100 / Tabelog ID 28045372
HYK2020-0287	FOD-1106	食べログ	食べログ 百名店	百名店	パン	2020	WEST	パリアッシュ	大阪府	https://award.tabelog.com/hyakumeiten/bread_west/2020	46232	店舗照合済	食べログ パン WEST 百名店 2020 / 公式掲載順 87/100 / Tabelog ID 27074010
HYK2020-0288	FOD-1107	食べログ	食べログ 百名店	百名店	パン	2020	WEST	パン工房　フルニエ	大阪府	https://award.tabelog.com/hyakumeiten/bread_west/2020	46232	店舗照合済	食べログ パン WEST 百名店 2020 / 公式掲載順 88/100 / Tabelog ID 27016975
HYK2020-0289	FOD-1108	食べログ	食べログ 百名店	百名店	パン	2020	WEST	サ・マーシュ	兵庫県	https://award.tabelog.com/hyakumeiten/bread_west/2020	46232	店舗照合済	食べログ パン WEST 百名店 2020 / 公式掲載順 89/100 / Tabelog ID 28027356
HYK2020-0290	FOD-1109	食べログ	食べログ 百名店	百名店	パン	2020	WEST	トリコ	兵庫県	https://award.tabelog.com/hyakumeiten/bread_west/2020	46232	店舗照合済	食べログ パン WEST 百名店 2020 / 公式掲載順 90/100 / Tabelog ID 28031160
HYK2020-0291	FOD-1110	食べログ	食べログ 百名店	百名店	パン	2020	WEST	パネ・ポルチーニ	大阪府	https://award.tabelog.com/hyakumeiten/bread_west/2020	46232	店舗照合済	食べログ パン WEST 百名店 2020 / 公式掲載順 91/100 / Tabelog ID 27049674
HYK2020-0292	FOD-1111	食べログ	食べログ 百名店	百名店	パン	2020	WEST	グリム	兵庫県	https://award.tabelog.com/hyakumeiten/bread_west/2020	46232	店舗照合済	食べログ パン WEST 百名店 2020 / 公式掲載順 92/100 / Tabelog ID 28005935
HYK2020-0293	FOD-1112	食べログ	食べログ 百名店	百名店	パン	2020	WEST	ブランジュリ P&B	大阪府	https://award.tabelog.com/hyakumeiten/bread_west/2020	46232	店舗照合済	食べログ パン WEST 百名店 2020 / 公式掲載順 93/100 / Tabelog ID 27010111
HYK2020-0294	FOD-1113	食べログ	食べログ 百名店	百名店	パン	2020	WEST	ナカガワ小麦店	京都府	https://award.tabelog.com/hyakumeiten/bread_west/2020	46232	店舗照合済	食べログ パン WEST 百名店 2020 / 公式掲載順 94/100 / Tabelog ID 26019004
HYK2020-0295	FOD-1114	食べログ	食べログ 百名店	百名店	パン	2020	WEST	クロア	京都府	https://award.tabelog.com/hyakumeiten/bread_west/2020	46232	店舗照合済	食べログ パン WEST 百名店 2020 / 公式掲載順 95/100 / Tabelog ID 26002694
HYK2020-0296	FOD-1115	食べログ	食べログ 百名店	百名店	パン	2020	WEST	ブーランジェ エス・カガワ	大阪府	https://award.tabelog.com/hyakumeiten/bread_west/2020	46232	店舗照合済	食べログ パン WEST 百名店 2020 / 公式掲載順 96/100 / Tabelog ID 27059555
HYK2020-0297	FOD-1116	食べログ	食べログ 百名店	百名店	パン	2020	WEST	ブランジェリー タカギ	大阪府	https://award.tabelog.com/hyakumeiten/bread_west/2020	46232	店舗照合済	食べログ パン WEST 百名店 2020 / 公式掲載順 97/100 / Tabelog ID 27002376
HYK2020-0298	FOD-1117	食べログ	食べログ 百名店	百名店	パン	2020	WEST	グラン マーブル ファクトリー店	京都府	https://award.tabelog.com/hyakumeiten/bread_west/2020	46232	店舗照合済	食べログ パン WEST 百名店 2020 / 公式掲載順 98/100 / Tabelog ID 26006683
HYK2020-0299	FOD-1118	食べログ	食べログ 百名店	百名店	パン	2020	WEST	オレノ パン オクムラ 京都駅店	京都府	https://award.tabelog.com/hyakumeiten/bread_west/2020	46232	店舗照合済	食べログ パン WEST 百名店 2020 / 公式掲載順 99/100 / Tabelog ID 26014187
HYK2020-0300	FOD-1119	食べログ	食べログ 百名店	百名店	パン	2020	WEST	ブーランジュリー グウ	大阪府	https://award.tabelog.com/hyakumeiten/bread_west/2020	46232	店舗照合済	食べログ パン WEST 百名店 2020 / 公式掲載順 100/100 / Tabelog ID 27014650
HYK2020-0301	FOD-1120	食べログ	食べログ 百名店	百名店	カレー	2020	TOKYO	CURRY BAL くじら	東京都	https://award.tabelog.com/hyakumeiten/curry_tokyo/2020	46232	店舗照合済	食べログ カレー TOKYO 百名店 2020 / 公式掲載順 1/100 / Tabelog ID 13149528
HYK2020-0302	FOD-1121	食べログ	食べログ 百名店	百名店	カレー	2020	TOKYO	スパイスバル コザブロ	東京都	https://award.tabelog.com/hyakumeiten/curry_tokyo/2020	46232	店舗照合済	食べログ カレー TOKYO 百名店 2020 / 公式掲載順 2/100 / Tabelog ID 13207647
HYK2020-0303	FOD-1122	食べログ	食べログ 百名店	百名店	カレー	2020	TOKYO	ヴェヌス サウス インディアン ダイニング 錦糸町店	東京都	https://award.tabelog.com/hyakumeiten/curry_tokyo/2020	46232	店舗照合済	食べログ カレー TOKYO 百名店 2020 / 公式掲載順 3/100 / Tabelog ID 13183010
HYK2020-0304	FOD-1123	食べログ	食べログ 百名店	百名店	カレー	2020	TOKYO	３丁目のカレー屋さん	東京都	https://award.tabelog.com/hyakumeiten/curry_tokyo/2020	46232	店舗照合済	食べログ カレー TOKYO 百名店 2020 / 公式掲載順 4/100 / Tabelog ID 13025962
HYK2020-0305	FOD-1124	食べログ	食べログ 百名店	百名店	カレー	2020	TOKYO	フジヤ	東京都	https://award.tabelog.com/hyakumeiten/curry_tokyo/2020	46232	店舗照合済	食べログ カレー TOKYO 百名店 2020 / 公式掲載順 5/100 / Tabelog ID 13006311
HYK2020-0306	FOD-1125	食べログ	食べログ 百名店	百名店	カレー	2020	TOKYO	カルパシ	東京都	https://award.tabelog.com/hyakumeiten/curry_tokyo/2020	46232	店舗照合済	食べログ カレー TOKYO 百名店 2020 / 公式掲載順 6/100 / Tabelog ID 13202529
HYK2020-0307	FOD-1126	食べログ	食べログ 百名店	百名店	カレー	2020	TOKYO	カレーライス専門店 ブラザー	東京都	https://award.tabelog.com/hyakumeiten/curry_tokyo/2020	46232	店舗照合済	食べログ カレー TOKYO 百名店 2020 / 公式掲載順 7/100 / Tabelog ID 13212319
HYK2020-0308	FOD-1127	食べログ	食べログ 百名店	百名店	カレー	2020	TOKYO	エリックサウス 八重洲店	東京都	https://award.tabelog.com/hyakumeiten/curry_tokyo/2020	46232	店舗照合済	食べログ カレー TOKYO 百名店 2020 / 公式掲載順 8/100 / Tabelog ID 13130363
HYK2020-0309	FOD-1128	食べログ	食べログ 百名店	百名店	カレー	2020	TOKYO	カレー食堂 リトルスパイス	東京都	https://award.tabelog.com/hyakumeiten/curry_tokyo/2020	46232	店舗照合済	食べログ カレー TOKYO 百名店 2020 / 公式掲載順 9/100 / Tabelog ID 13009943
HYK2020-0310	FOD-1129	食べログ	食べログ 百名店	百名店	カレー	2020	TOKYO	アーンドラ・キッチン	東京都	https://award.tabelog.com/hyakumeiten/curry_tokyo/2020	46232	店舗照合済	食べログ カレー TOKYO 百名店 2020 / 公式掲載順 10/100 / Tabelog ID 13096305
HYK2020-0311	FOD-1130	食べログ	食べログ 百名店	百名店	カレー	2020	TOKYO	かれーの店 うどん	東京都	https://award.tabelog.com/hyakumeiten/curry_tokyo/2020	46232	店舗照合済	食べログ カレー TOKYO 百名店 2020 / 公式掲載順 11/100 / Tabelog ID 13004531
HYK2020-0312	FOD-1131	食べログ	食べログ 百名店	百名店	カレー	2020	TOKYO	砂の岬	東京都	https://award.tabelog.com/hyakumeiten/curry_tokyo/2020	46232	店舗照合済	食べログ カレー TOKYO 百名店 2020 / 公式掲載順 12/100 / Tabelog ID 13120204
HYK2020-0313	FOD-1132	食べログ	食べログ 百名店	百名店	カレー	2020	TOKYO	ブラウニー	東京都	https://award.tabelog.com/hyakumeiten/curry_tokyo/2020	46232	店舗照合済	食べログ カレー TOKYO 百名店 2020 / 公式掲載順 13/100 / Tabelog ID 13006343
HYK2020-0314	FOD-1133	食べログ	食べログ 百名店	百名店	カレー	2020	TOKYO	パンチマハル	東京都	https://award.tabelog.com/hyakumeiten/curry_tokyo/2020	46232	店舗照合済	食べログ カレー TOKYO 百名店 2020 / 公式掲載順 14/100 / Tabelog ID 13026681
HYK2020-0315	FOD-1134	食べログ	食べログ 百名店	百名店	カレー	2020	TOKYO	吉田カレー	東京都	https://award.tabelog.com/hyakumeiten/curry_tokyo/2020	46232	店舗照合済	食べログ カレー TOKYO 百名店 2020 / 公式掲載順 15/100 / Tabelog ID 13132405
HYK2020-0316	FOD-1135	食べログ	食べログ 百名店	百名店	カレー	2020	TOKYO	ムーナ	東京都	https://award.tabelog.com/hyakumeiten/curry_tokyo/2020	46232	店舗照合済	食べログ カレー TOKYO 百名店 2020 / 公式掲載順 16/100 / Tabelog ID 13048166
HYK2020-0317	FOD-1136	食べログ	食べログ 百名店	百名店	カレー	2020	TOKYO	トプカ 神田本店	東京都	https://award.tabelog.com/hyakumeiten/curry_tokyo/2020	46232	店舗照合済	食べログ カレー TOKYO 百名店 2020 / 公式掲載順 17/100 / Tabelog ID 13000377
HYK2020-0318	FOD-1137	食べログ	食べログ 百名店	百名店	カレー	2020	TOKYO	curry 草枕	東京都	https://award.tabelog.com/hyakumeiten/curry_tokyo/2020	46232	店舗照合済	食べログ カレー TOKYO 百名店 2020 / 公式掲載順 18/100 / Tabelog ID 13042970
HYK2020-0319	FOD-1138	食べログ	食べログ 百名店	百名店	カレー	2020	TOKYO	デリー 上野店	東京都	https://award.tabelog.com/hyakumeiten/curry_tokyo/2020	46232	店舗照合済	食べログ カレー TOKYO 百名店 2020 / 公式掲載順 19/100 / Tabelog ID 13003605
HYK2020-0320	FOD-1139	食べログ	食べログ 百名店	百名店	カレー	2020	TOKYO	南印度ダイニング ポンディバワン 武蔵新田	東京都	https://award.tabelog.com/hyakumeiten/curry_tokyo/2020	46232	店舗照合済	食べログ カレー TOKYO 百名店 2020 / 公式掲載順 20/100 / Tabelog ID 13105113
HYK2020-0321	FOD-1140	食べログ	食べログ 百名店	百名店	カレー	2020	TOKYO	スープカレー屋 鴻 神田駿河台店	東京都	https://award.tabelog.com/hyakumeiten/curry_tokyo/2020	46232	店舗照合済	食べログ カレー TOKYO 百名店 2020 / 公式掲載順 21/100 / Tabelog ID 13040204
HYK2020-0322	FOD-1141	食べログ	食べログ 百名店	百名店	カレー	2020	TOKYO	ハリマ・ケバブ・ビリヤニ	東京都	https://award.tabelog.com/hyakumeiten/curry_tokyo/2020	46232	店舗照合済	食べログ カレー TOKYO 百名店 2020 / 公式掲載順 22/100 / Tabelog ID 13168753
HYK2020-0323	FOD-1142	食べログ	食べログ 百名店	百名店	カレー	2020	TOKYO	かえる食堂	東京都	https://award.tabelog.com/hyakumeiten/curry_tokyo/2020	46232	店舗照合済	食べログ カレー TOKYO 百名店 2020 / 公式掲載順 23/100 / Tabelog ID 13030312
HYK2020-0324	FOD-1143	食べログ	食べログ 百名店	百名店	カレー	2020	TOKYO	カレー&オリエンタルバル 桃の実 水道橋店	東京都	https://award.tabelog.com/hyakumeiten/curry_tokyo/2020	46232	店舗照合済	食べログ カレー TOKYO 百名店 2020 / 公式掲載順 24/100 / Tabelog ID 13204150
HYK2020-0325	FOD-1144	食べログ	食べログ 百名店	百名店	カレー	2020	TOKYO	メーヤウ	東京都	https://award.tabelog.com/hyakumeiten/curry_tokyo/2020	46232	店舗照合済	食べログ カレー TOKYO 百名店 2020 / 公式掲載順 25/100 / Tabelog ID 13000930
HYK2020-0326	FOD-1145	食べログ	食べログ 百名店	百名店	カレー	2020	TOKYO	新川デリー	東京都	https://award.tabelog.com/hyakumeiten/curry_tokyo/2020	46232	店舗照合済	食べログ カレー TOKYO 百名店 2020 / 公式掲載順 26/100 / Tabelog ID 13000644
HYK2020-0327	FOD-1146	食べログ	食べログ 百名店	百名店	カレー	2020	TOKYO	タイカリーピキヌー	東京都	https://award.tabelog.com/hyakumeiten/curry_tokyo/2020	46232	店舗照合済	食べログ カレー TOKYO 百名店 2020 / 公式掲載順 27/100 / Tabelog ID 13001446
HYK2020-0328	FOD-1147	食べログ	食べログ 百名店	百名店	カレー	2020	TOKYO	MOKUBAZA	東京都	https://award.tabelog.com/hyakumeiten/curry_tokyo/2020	46232	店舗照合済	食べログ カレー TOKYO 百名店 2020 / 公式掲載順 28/100 / Tabelog ID 13154685
HYK2020-0329	FOD-1148	食べログ	食べログ 百名店	百名店	カレー	2020	TOKYO	シターラ 青山店	東京都	https://award.tabelog.com/hyakumeiten/curry_tokyo/2020	46232	店舗照合済	食べログ カレー TOKYO 百名店 2020 / 公式掲載順 29/100 / Tabelog ID 13009705
HYK2020-0330	FOD-1149	食べログ	食べログ 百名店	百名店	カレー	2020	TOKYO	タンドール料理ひつじや 日比谷店	東京都	https://award.tabelog.com/hyakumeiten/curry_tokyo/2020	46232	店舗照合済	食べログ カレー TOKYO 百名店 2020 / 公式掲載順 30/100 / Tabelog ID 13007608
HYK2020-0331	FOD-1150	食べログ	食べログ 百名店	百名店	カレー	2020	TOKYO	フレンチカレー スプーン	東京都	https://award.tabelog.com/hyakumeiten/curry_tokyo/2020	46232	店舗照合済	食べログ カレー TOKYO 百名店 2020 / 公式掲載順 31/100 / Tabelog ID 13093699
HYK2020-0332	FOD-1151	食べログ	食べログ 百名店	百名店	カレー	2020	TOKYO	エリックサウス 東京ガーデンテラス店	東京都	https://award.tabelog.com/hyakumeiten/curry_tokyo/2020	46232	店舗照合済	食べログ カレー TOKYO 百名店 2020 / 公式掲載順 32/100 / Tabelog ID 13195343
HYK2020-0333	FOD-1152	食べログ	食べログ 百名店	百名店	カレー	2020	TOKYO	ナイルレストラン	東京都	https://award.tabelog.com/hyakumeiten/curry_tokyo/2020	46232	店舗照合済	食べログ カレー TOKYO 百名店 2020 / 公式掲載順 33/100 / Tabelog ID 13002329
HYK2020-0334	FOD-1153	食べログ	食べログ 百名店	百名店	カレー	2020	TOKYO	ダバ インディア	東京都	https://award.tabelog.com/hyakumeiten/curry_tokyo/2020	46232	店舗照合済	食べログ カレー TOKYO 百名店 2020 / 公式掲載順 34/100 / Tabelog ID 13000506
HYK2020-0335	FOD-1154	食べログ	食べログ 百名店	百名店	カレー	2020	TOKYO	ヘンドリクス カリー バー	東京都	https://award.tabelog.com/hyakumeiten/curry_tokyo/2020	46232	店舗照合済	食べログ カレー TOKYO 百名店 2020 / 公式掲載順 35/100 / Tabelog ID 13007422
HYK2020-0336	FOD-1155	食べログ	食べログ 百名店	百名店	カレー	2020	TOKYO	スパイスボックス	東京都	https://award.tabelog.com/hyakumeiten/curry_tokyo/2020	46232	店舗照合済	食べログ カレー TOKYO 百名店 2020 / 公式掲載順 36/100 / Tabelog ID 13191118
HYK2020-0337	FOD-1156	食べログ	食べログ 百名店	百名店	カレー	2020	TOKYO	アジアカレーハウス	東京都	https://award.tabelog.com/hyakumeiten/curry_tokyo/2020	46232	店舗照合済	食べログ カレー TOKYO 百名店 2020 / 公式掲載順 37/100 / Tabelog ID 13168072
HYK2020-0338	FOD-1157	食べログ	食べログ 百名店	百名店	カレー	2020	TOKYO	カリーライス専門店エチオピア 本店	東京都	https://award.tabelog.com/hyakumeiten/curry_tokyo/2020	46232	店舗照合済	食べログ カレー TOKYO 百名店 2020 / 公式掲載順 38/100 / Tabelog ID 13000638
HYK2020-0339	FOD-1158	食べログ	食べログ 百名店	百名店	カレー	2020	TOKYO	南インド料理ダクシン 八重洲店	東京都	https://award.tabelog.com/hyakumeiten/curry_tokyo/2020	46232	店舗照合済	食べログ カレー TOKYO 百名店 2020 / 公式掲載順 39/100 / Tabelog ID 13117635
HYK2020-0340	FOD-1159	食べログ	食べログ 百名店	百名店	カレー	2020	TOKYO	リッチなカレーの店 アサノ	東京都	https://award.tabelog.com/hyakumeiten/curry_tokyo/2020	46232	店舗照合済	食べログ カレー TOKYO 百名店 2020 / 公式掲載順 40/100 / Tabelog ID 13006035
HYK2020-0341	FOD-1160	食べログ	食べログ 百名店	百名店	カレー	2020	TOKYO	ガラムマサラ	東京都	https://award.tabelog.com/hyakumeiten/curry_tokyo/2020	46232	店舗照合済	食べログ カレー TOKYO 百名店 2020 / 公式掲載順 41/100 / Tabelog ID 13013124
HYK2020-0342	FOD-1161	食べログ	食べログ 百名店	百名店	カレー	2020	TOKYO	ディルセ	東京都	https://award.tabelog.com/hyakumeiten/curry_tokyo/2020	46232	店舗照合済	食べログ カレー TOKYO 百名店 2020 / 公式掲載順 42/100 / Tabelog ID 13131028
HYK2020-0343	FOD-1162	食べログ	食べログ 百名店	百名店	カレー	2020	TOKYO	ニルワナム 神谷町店	東京都	https://award.tabelog.com/hyakumeiten/curry_tokyo/2020	46232	店舗照合済	食べログ カレー TOKYO 百名店 2020 / 公式掲載順 43/100 / Tabelog ID 13019915
HYK2020-0344	FOD-1163	食べログ	食べログ 百名店	百名店	カレー	2020	TOKYO	サンサール 新宿店	東京都	https://award.tabelog.com/hyakumeiten/curry_tokyo/2020	46232	店舗照合済	食べログ カレー TOKYO 百名店 2020 / 公式掲載順 44/100 / Tabelog ID 13006805
HYK2020-0345	FOD-1164	食べログ	食べログ 百名店	百名店	カレー	2020	TOKYO	ムルギー	東京都	https://award.tabelog.com/hyakumeiten/curry_tokyo/2020	46232	店舗照合済	食べログ カレー TOKYO 百名店 2020 / 公式掲載順 45/100 / Tabelog ID 13001732
HYK2020-0346	FOD-1165	食べログ	食べログ 百名店	百名店	カレー	2020	TOKYO	シバカリーワラ	東京都	https://award.tabelog.com/hyakumeiten/curry_tokyo/2020	46232	店舗照合済	食べログ カレー TOKYO 百名店 2020 / 公式掲載順 46/100 / Tabelog ID 13151738
HYK2020-0347	FOD-1166	食べログ	食べログ 百名店	百名店	カレー	2020	TOKYO	ハレギンザ	東京都	https://award.tabelog.com/hyakumeiten/curry_tokyo/2020	46232	店舗照合済	食べログ カレー TOKYO 百名店 2020 / 公式掲載順 47/100 / Tabelog ID 13000576
HYK2020-0348	FOD-1167	食べログ	食べログ 百名店	百名店	カレー	2020	TOKYO	ベンガルカレーファクトリー	東京都	https://award.tabelog.com/hyakumeiten/curry_tokyo/2020	46232	店舗照合済	食べログ カレー TOKYO 百名店 2020 / 公式掲載順 48/100 / Tabelog ID 13220519
HYK2020-0349	FOD-1168	食べログ	食べログ 百名店	百名店	カレー	2020	TOKYO	本石亭	東京都	https://award.tabelog.com/hyakumeiten/curry_tokyo/2020	46232	店舗照合済	食べログ カレー TOKYO 百名店 2020 / 公式掲載順 49/100 / Tabelog ID 13046781
HYK2020-0350	FOD-1169	食べログ	食べログ 百名店	百名店	カレー	2020	TOKYO	インドカレーカーマ	東京都	https://award.tabelog.com/hyakumeiten/curry_tokyo/2020	46232	店舗照合済	食べログ カレー TOKYO 百名店 2020 / 公式掲載順 50/100 / Tabelog ID 13000243
HYK2020-0351	FOD-0456	食べログ	食べログ 百名店	百名店	カレー	2020	TOKYO	SPICY CURRY 魯珈	東京都	https://award.tabelog.com/hyakumeiten/curry_tokyo/2020	46232	店舗照合済	食べログ カレー TOKYO 百名店 2020 / 公式掲載順 51/100 / Tabelog ID 13203027
HYK2020-0352	FOD-1170	食べログ	食べログ 百名店	百名店	カレー	2020	TOKYO	アヒリヤ 代々木店	東京都	https://award.tabelog.com/hyakumeiten/curry_tokyo/2020	46232	店舗照合済	食べログ カレー TOKYO 百名店 2020 / 公式掲載順 52/100 / Tabelog ID 13009222
HYK2020-0353	FOD-1171	食べログ	食べログ 百名店	百名店	カレー	2020	TOKYO	ゼロワンカレーA.o.D	東京都	https://award.tabelog.com/hyakumeiten/curry_tokyo/2020	46232	店舗照合済	食べログ カレー TOKYO 百名店 2020 / 公式掲載順 53/100 / Tabelog ID 13239329
HYK2020-0354	FOD-1172	食べログ	食べログ 百名店	百名店	カレー	2020	TOKYO	ガンジー	東京都	https://award.tabelog.com/hyakumeiten/curry_tokyo/2020	46232	店舗照合済	食べログ カレー TOKYO 百名店 2020 / 公式掲載順 54/100 / Tabelog ID 13000880
HYK2020-0355	FOD-1173	食べログ	食べログ 百名店	百名店	カレー	2020	TOKYO	ガヴィアル	東京都	https://award.tabelog.com/hyakumeiten/curry_tokyo/2020	46232	店舗照合済	食べログ カレー TOKYO 百名店 2020 / 公式掲載順 55/100 / Tabelog ID 13000358
HYK2020-0356	FOD-0667	食べログ	食べログ 百名店	百名店	カレー	2020	TOKYO	トマト	東京都	https://award.tabelog.com/hyakumeiten/curry_tokyo/2020	46232	店舗照合済	食べログ カレー TOKYO 百名店 2020 / 公式掲載順 56/100 / Tabelog ID 13001113
HYK2020-0357	FOD-1174	食べログ	食べログ 百名店	百名店	カレー	2020	TOKYO	サイーファ ケバブ アンド ビリヤニ	東京都	https://award.tabelog.com/hyakumeiten/curry_tokyo/2020	46232	店舗照合済	食べログ カレー TOKYO 百名店 2020 / 公式掲載順 57/100 / Tabelog ID 13144423
HYK2020-0358	FOD-1175	食べログ	食べログ 百名店	百名店	カレー	2020	TOKYO	南インド料理ダクシン 東日本橋店	東京都	https://award.tabelog.com/hyakumeiten/curry_tokyo/2020	46232	店舗照合済	食べログ カレー TOKYO 百名店 2020 / 公式掲載順 58/100 / Tabelog ID 13060858
HYK2020-0359	FOD-1176	食べログ	食べログ 百名店	百名店	カレー	2020	TOKYO	すぱいす	東京都	https://award.tabelog.com/hyakumeiten/curry_tokyo/2020	46232	店舗照合済	食べログ カレー TOKYO 百名店 2020 / 公式掲載順 59/100 / Tabelog ID 13004379
HYK2020-0360	FOD-1177	食べログ	食べログ 百名店	百名店	カレー	2020	TOKYO	プティフ・ア・ラ・カンパーニュ	東京都	https://award.tabelog.com/hyakumeiten/curry_tokyo/2020	46232	店舗照合済	食べログ カレー TOKYO 百名店 2020 / 公式掲載順 60/100 / Tabelog ID 13000254
HYK2020-0361	FOD-1178	食べログ	食べログ 百名店	百名店	カレー	2020	TOKYO	やっぱりインディア	東京都	https://award.tabelog.com/hyakumeiten/curry_tokyo/2020	46232	店舗照合済	食べログ カレー TOKYO 百名店 2020 / 公式掲載順 61/100 / Tabelog ID 13207605
HYK2020-0362	FOD-1179	食べログ	食べログ 百名店	百名店	カレー	2020	TOKYO	とんかつ檍のカレー屋いっぺこっぺ	東京都	https://award.tabelog.com/hyakumeiten/curry_tokyo/2020	46232	店舗照合済	食べログ カレー TOKYO 百名店 2020 / 公式掲載順 62/100 / Tabelog ID 13178494
HYK2020-0363	FOD-1180	食べログ	食べログ 百名店	百名店	カレー	2020	TOKYO	スパイスカフェ	東京都	https://award.tabelog.com/hyakumeiten/curry_tokyo/2020	46232	店舗照合済	食べログ カレー TOKYO 百名店 2020 / 公式掲載順 63/100 / Tabelog ID 13002935
HYK2020-0364	FOD-1181	食べログ	食べログ 百名店	百名店	カレー	2020	TOKYO	コチン ニヴァース	東京都	https://award.tabelog.com/hyakumeiten/curry_tokyo/2020	46232	店舗照合済	食べログ カレー TOKYO 百名店 2020 / 公式掲載順 64/100 / Tabelog ID 13056242
HYK2020-0365	FOD-1182	食べログ	食べログ 百名店	百名店	カレー	2020	TOKYO	インディアンレストラン アールティ	東京都	https://award.tabelog.com/hyakumeiten/curry_tokyo/2020	46232	店舗照合済	食べログ カレー TOKYO 百名店 2020 / 公式掲載順 65/100 / Tabelog ID 13091984
HYK2020-0366	FOD-1183	食べログ	食べログ 百名店	百名店	カレー	2020	TOKYO	ヨゴロウ	東京都	https://award.tabelog.com/hyakumeiten/curry_tokyo/2020	46232	店舗照合済	食べログ カレー TOKYO 百名店 2020 / 公式掲載順 66/100 / Tabelog ID 13076645
HYK2020-0367	FOD-1184	食べログ	食べログ 百名店	百名店	カレー	2020	TOKYO	ベジキッチン	東京都	https://award.tabelog.com/hyakumeiten/curry_tokyo/2020	46232	店舗照合済	食べログ カレー TOKYO 百名店 2020 / 公式掲載順 67/100 / Tabelog ID 13168026
HYK2020-0368	FOD-1185	食べログ	食べログ 百名店	百名店	カレー	2020	TOKYO	バンゲラズ キッチン	東京都	https://award.tabelog.com/hyakumeiten/curry_tokyo/2020	46232	店舗照合済	食べログ カレー TOKYO 百名店 2020 / 公式掲載順 68/100 / Tabelog ID 13217211
HYK2020-0369	FOD-1186	食べログ	食べログ 百名店	百名店	カレー	2020	TOKYO	ザ・カリ	東京都	https://award.tabelog.com/hyakumeiten/curry_tokyo/2020	46232	店舗照合済	食べログ カレー TOKYO 百名店 2020 / 公式掲載順 69/100 / Tabelog ID 13007129
HYK2020-0370	FOD-1187	食べログ	食べログ 百名店	百名店	カレー	2020	TOKYO	共栄堂	東京都	https://award.tabelog.com/hyakumeiten/curry_tokyo/2020	46232	店舗照合済	食べログ カレー TOKYO 百名店 2020 / 公式掲載順 70/100 / Tabelog ID 13000596
HYK2020-0371	FOD-1188	食べログ	食べログ 百名店	百名店	カレー	2020	TOKYO	ニルヴァーナ ニューヨーク 東京ミッドタウン	東京都	https://award.tabelog.com/hyakumeiten/curry_tokyo/2020	46232	店舗照合済	食べログ カレー TOKYO 百名店 2020 / 公式掲載順 71/100 / Tabelog ID 13037327
HYK2020-0372	FOD-1189	食べログ	食べログ 百名店	百名店	カレー	2020	TOKYO	葡萄舎	東京都	https://award.tabelog.com/hyakumeiten/curry_tokyo/2020	46232	店舗照合済	食べログ カレー TOKYO 百名店 2020 / 公式掲載順 72/100 / Tabelog ID 13036906
HYK2020-0373	FOD-1190	食べログ	食べログ 百名店	百名店	カレー	2020	TOKYO	まめ蔵	東京都	https://award.tabelog.com/hyakumeiten/curry_tokyo/2020	46232	店舗照合済	食べログ カレー TOKYO 百名店 2020 / 公式掲載順 73/100 / Tabelog ID 13005789
HYK2020-0374	FOD-1191	食べログ	食べログ 百名店	百名店	カレー	2020	TOKYO	旧ヤム邸  シモキタ荘	東京都	https://award.tabelog.com/hyakumeiten/curry_tokyo/2020	46232	店舗照合済	食べログ カレー TOKYO 百名店 2020 / 公式掲載順 74/100 / Tabelog ID 13211142
HYK2020-0375	FOD-1192	食べログ	食べログ 百名店	百名店	カレー	2020	TOKYO	アジャンタ	東京都	https://award.tabelog.com/hyakumeiten/curry_tokyo/2020	46232	店舗照合済	食べログ カレー TOKYO 百名店 2020 / 公式掲載順 75/100 / Tabelog ID 13000438
HYK2020-0376	FOD-1193	食べログ	食べログ 百名店	百名店	カレー	2020	TOKYO	ネパリコ 渋谷店	東京都	https://award.tabelog.com/hyakumeiten/curry_tokyo/2020	46232	店舗照合済	食べログ カレー TOKYO 百名店 2020 / 公式掲載順 76/100 / Tabelog ID 13116418
HYK2020-0377	FOD-1194	食べログ	食べログ 百名店	百名店	カレー	2020	TOKYO	アーンドラ・ダイニング 銀座	東京都	https://award.tabelog.com/hyakumeiten/curry_tokyo/2020	46232	店舗照合済	食べログ カレー TOKYO 百名店 2020 / 公式掲載順 77/100 / Tabelog ID 13136701
HYK2020-0378	FOD-1195	食べログ	食べログ 百名店	百名店	カレー	2020	TOKYO	サンサール 小岩店	東京都	https://award.tabelog.com/hyakumeiten/curry_tokyo/2020	46232	店舗照合済	食べログ カレー TOKYO 百名店 2020 / 公式掲載順 78/100 / Tabelog ID 13009589
HYK2020-0379	FOD-1196	食べログ	食べログ 百名店	百名店	カレー	2020	TOKYO	サンバレーホテル	東京都	https://award.tabelog.com/hyakumeiten/curry_tokyo/2020	46232	店舗照合済	食べログ カレー TOKYO 百名店 2020 / 公式掲載順 79/100 / Tabelog ID 13195313
HYK2020-0380	FOD-1197	食べログ	食べログ 百名店	百名店	カレー	2020	TOKYO	タンドールバル カマルプール	東京都	https://award.tabelog.com/hyakumeiten/curry_tokyo/2020	46232	店舗照合済	食べログ カレー TOKYO 百名店 2020 / 公式掲載順 80/100 / Tabelog ID 13128960
HYK2020-0381	FOD-1198	食べログ	食べログ 百名店	百名店	カレー	2020	TOKYO	ロダン	東京都	https://award.tabelog.com/hyakumeiten/curry_tokyo/2020	46232	店舗照合済	食べログ カレー TOKYO 百名店 2020 / 公式掲載順 81/100 / Tabelog ID 13048485
HYK2020-0382	FOD-1199	食べログ	食べログ 百名店	百名店	カレー	2020	TOKYO	みのりんご	東京都	https://award.tabelog.com/hyakumeiten/curry_tokyo/2020	46232	店舗照合済	食べログ カレー TOKYO 百名店 2020 / 公式掲載順 82/100 / Tabelog ID 13108716
HYK2020-0383	FOD-1200	食べログ	食べログ 百名店	百名店	カレー	2020	TOKYO	カレーの店 プーさん	東京都	https://award.tabelog.com/hyakumeiten/curry_tokyo/2020	46232	店舗照合済	食べログ カレー TOKYO 百名店 2020 / 公式掲載順 83/100 / Tabelog ID 13005962
HYK2020-0384	FOD-1201	食べログ	食べログ 百名店	百名店	カレー	2020	TOKYO	ビートイート	東京都	https://award.tabelog.com/hyakumeiten/curry_tokyo/2020	46232	店舗照合済	食べログ カレー TOKYO 百名店 2020 / 公式掲載順 84/100 / Tabelog ID 13196455
HYK2020-0385	FOD-1202	食べログ	食べログ 百名店	百名店	カレー	2020	TOKYO	イエローカンパニー 恵比寿本店	東京都	https://award.tabelog.com/hyakumeiten/curry_tokyo/2020	46232	店舗照合済	食べログ カレー TOKYO 百名店 2020 / 公式掲載順 85/100 / Tabelog ID 13014312
HYK2020-0386	FOD-1203	食べログ	食べログ 百名店	百名店	カレー	2020	TOKYO	インド料理 想いの木	東京都	https://award.tabelog.com/hyakumeiten/curry_tokyo/2020	46232	店舗照合済	食べログ カレー TOKYO 百名店 2020 / 公式掲載順 86/100 / Tabelog ID 13023967
HYK2020-0387	FOD-1204	食べログ	食べログ 百名店	百名店	カレー	2020	TOKYO	ガネー舎	東京都	https://award.tabelog.com/hyakumeiten/curry_tokyo/2020	46232	店舗照合済	食べログ カレー TOKYO 百名店 2020 / 公式掲載順 87/100 / Tabelog ID 13001507
HYK2020-0388	FOD-0431	食べログ	食べログ 百名店	百名店	カレー	2020	TOKYO	カッチャル バッチャル	東京都	https://award.tabelog.com/hyakumeiten/curry_tokyo/2020	46232	店舗照合済	食べログ カレー TOKYO 百名店 2020 / 公式掲載順 88/100 / Tabelog ID 13120294
HYK2020-0389	FOD-1205	食べログ	食べログ 百名店	百名店	カレー	2020	TOKYO	グルガオン	東京都	https://award.tabelog.com/hyakumeiten/curry_tokyo/2020	46232	店舗照合済	食べログ カレー TOKYO 百名店 2020 / 公式掲載順 89/100 / Tabelog ID 13002457
HYK2020-0390	FOD-1206	食べログ	食べログ 百名店	百名店	カレー	2020	TOKYO	欧風カレー ボンディ 神保町本店	東京都	https://award.tabelog.com/hyakumeiten/curry_tokyo/2020	46232	店舗照合済	食べログ カレー TOKYO 百名店 2020 / 公式掲載順 90/100 / Tabelog ID 13000439
HYK2020-0391	FOD-1207	食べログ	食べログ 百名店	百名店	カレー	2020	TOKYO	東京 京橋屋カレー	東京都	https://award.tabelog.com/hyakumeiten/curry_tokyo/2020	46232	店舗照合済	食べログ カレー TOKYO 百名店 2020 / 公式掲載順 91/100 / Tabelog ID 13027104
HYK2020-0392	FOD-1208	食べログ	食べログ 百名店	百名店	カレー	2020	TOKYO	初台スパイス食堂 和魂印才たんどーる	東京都	https://award.tabelog.com/hyakumeiten/curry_tokyo/2020	46232	店舗照合済	食べログ カレー TOKYO 百名店 2020 / 公式掲載順 92/100 / Tabelog ID 13195398
HYK2020-0393	FOD-1209	食べログ	食べログ 百名店	百名店	カレー	2020	TOKYO	カーン・ケバブ・ビリヤニ	東京都	https://award.tabelog.com/hyakumeiten/curry_tokyo/2020	46232	店舗照合済	食べログ カレー TOKYO 百名店 2020 / 公式掲載順 93/100 / Tabelog ID 13170211
HYK2020-0394	FOD-1210	食べログ	食べログ 百名店	百名店	カレー	2020	TOKYO	ビストロべっぴん舍 お茶の水	東京都	https://award.tabelog.com/hyakumeiten/curry_tokyo/2020	46232	店舗照合済	食べログ カレー TOKYO 百名店 2020 / 公式掲載順 94/100 / Tabelog ID 13198751
HYK2020-0395	FOD-1211	食べログ	食べログ 百名店	百名店	カレー	2020	TOKYO	奥芝商店 八王子田代城	東京都	https://award.tabelog.com/hyakumeiten/curry_tokyo/2020	46232	店舗照合済	食べログ カレー TOKYO 百名店 2020 / 公式掲載順 95/100 / Tabelog ID 13048177
HYK2020-0396	FOD-1212	食べログ	食べログ 百名店	百名店	カレー	2020	TOKYO	カリ～ アンド スパイスバル カリ～ビト	東京都	https://award.tabelog.com/hyakumeiten/curry_tokyo/2020	46232	店舗照合済	食べログ カレー TOKYO 百名店 2020 / 公式掲載順 96/100 / Tabelog ID 13186472
HYK2020-0397	FOD-1213	食べログ	食べログ 百名店	百名店	カレー	2020	TOKYO	デリー 銀座店	東京都	https://award.tabelog.com/hyakumeiten/curry_tokyo/2020	46232	店舗照合済	食べログ カレー TOKYO 百名店 2020 / 公式掲載順 97/100 / Tabelog ID 13002616
HYK2020-0398	FOD-0489	食べログ	食べログ 百名店	百名店	カレー	2020	TOKYO	カレーライス ディラン	東京都	https://award.tabelog.com/hyakumeiten/curry_tokyo/2020	46232	店舗照合済	食べログ カレー TOKYO 百名店 2020 / 公式掲載順 98/100 / Tabelog ID 13158580
HYK2020-0399	FOD-1214	食べログ	食べログ 百名店	百名店	カレー	2020	TOKYO	ベンガル料理プージャー	東京都	https://award.tabelog.com/hyakumeiten/curry_tokyo/2020	46232	店舗照合済	食べログ カレー TOKYO 百名店 2020 / 公式掲載順 99/100 / Tabelog ID 13036794
HYK2020-0400	FOD-1215	食べログ	食べログ 百名店	百名店	カレー	2020	TOKYO	サルマ ティッカアンドビリヤニ	東京都	https://award.tabelog.com/hyakumeiten/curry_tokyo/2020	46232	店舗照合済	食べログ カレー TOKYO 百名店 2020 / 公式掲載順 100/100 / Tabelog ID 13037862
HYK2020-0401	FOD-1216	食べログ	食べログ 百名店	百名店	カレー	2020	EAST	カリーハウス コロンボ	北海道	https://award.tabelog.com/hyakumeiten/curry_east/2020	46232	店舗照合済	食べログ カレー EAST 百名店 2020 / 公式掲載順 1/100 / Tabelog ID 1004447
HYK2020-0402	FOD-1217	食べログ	食べログ 百名店	百名店	カレー	2020	EAST	印度料理シタール	千葉県	https://award.tabelog.com/hyakumeiten/curry_east/2020	46232	店舗照合済	食べログ カレー EAST 百名店 2020 / 公式掲載順 2/100 / Tabelog ID 12000109
HYK2020-0403	FOD-1218	食べログ	食べログ 百名店	百名店	カレー	2020	EAST	カレー リーブス	北海道	https://award.tabelog.com/hyakumeiten/curry_east/2020	46232	店舗照合済	食べログ カレー EAST 百名店 2020 / 公式掲載順 3/100 / Tabelog ID 1000687
HYK2020-0404	FOD-1219	食べログ	食べログ 百名店	百名店	カレー	2020	EAST	スパイス・ツリー	神奈川県	https://award.tabelog.com/hyakumeiten/curry_east/2020	46232	店舗照合済	食べログ カレー EAST 百名店 2020 / 公式掲載順 4/100 / Tabelog ID 14053565
HYK2020-0405	FOD-1220	食べログ	食べログ 百名店	百名店	カレー	2020	EAST	イムイェム	神奈川県	https://award.tabelog.com/hyakumeiten/curry_east/2020	46232	店舗照合済	食べログ カレー EAST 百名店 2020 / 公式掲載順 5/100 / Tabelog ID 14003331
HYK2020-0406	FOD-1221	食べログ	食べログ 百名店	百名店	カレー	2020	EAST	マジックスパイス 札幌本店	北海道	https://award.tabelog.com/hyakumeiten/curry_east/2020	46232	店舗照合済	食べログ カレー EAST 百名店 2020 / 公式掲載順 6/100 / Tabelog ID 1000163
HYK2020-0407	FOD-1222	食べログ	食べログ 百名店	百名店	カレー	2020	EAST	STAR	北海道	https://award.tabelog.com/hyakumeiten/curry_east/2020	46232	店舗照合済	食べログ カレー EAST 百名店 2020 / 公式掲載順 7/100 / Tabelog ID 1042370
HYK2020-0408	FOD-1223	食べログ	食べログ 百名店	百名店	カレー	2020	EAST	アジャンタ 総本家	北海道	https://award.tabelog.com/hyakumeiten/curry_east/2020	46232	店舗照合済	食べログ カレー EAST 百名店 2020 / 公式掲載順 8/100 / Tabelog ID 1006509
HYK2020-0409	FOD-1224	食べログ	食べログ 百名店	百名店	カレー	2020	EAST	カレーハウス 横浜 ボンベイ	神奈川県	https://award.tabelog.com/hyakumeiten/curry_east/2020	46232	店舗照合済	食べログ カレー EAST 百名店 2020 / 公式掲載順 9/100 / Tabelog ID 14000620
HYK2020-0410	FOD-1225	食べログ	食べログ 百名店	百名店	カレー	2020	EAST	エリックサウス KITTE名古屋店	愛知県	https://award.tabelog.com/hyakumeiten/curry_east/2020	46232	店舗照合済	食べログ カレー EAST 百名店 2020 / 公式掲載順 10/100 / Tabelog ID 23060430
HYK2020-0411	FOD-1226	食べログ	食べログ 百名店	百名店	カレー	2020	EAST	レッドチリ	北海道	https://award.tabelog.com/hyakumeiten/curry_east/2020	46232	店舗照合済	食べログ カレー EAST 百名店 2020 / 公式掲載順 11/100 / Tabelog ID 1003320
HYK2020-0412	FOD-1227	食べログ	食べログ 百名店	百名店	カレー	2020	EAST	ニュールドリ	埼玉県	https://award.tabelog.com/hyakumeiten/curry_east/2020	46232	店舗照合済	食べログ カレー EAST 百名店 2020 / 公式掲載順 12/100 / Tabelog ID 11035816
HYK2020-0413	FOD-1228	食べログ	食べログ 百名店	百名店	カレー	2020	EAST	ラマイ 横浜伊勢佐木モール店	神奈川県	https://award.tabelog.com/hyakumeiten/curry_east/2020	46232	店舗照合済	食べログ カレー EAST 百名店 2020 / 公式掲載順 13/100 / Tabelog ID 14045095
HYK2020-0414	FOD-1229	食べログ	食べログ 百名店	百名店	カレー	2020	EAST	マドラスミールス	神奈川県	https://award.tabelog.com/hyakumeiten/curry_east/2020	46232	店舗照合済	食べログ カレー EAST 百名店 2020 / 公式掲載順 14/100 / Tabelog ID 14043719
HYK2020-0415	FOD-1230	食べログ	食べログ 百名店	百名店	カレー	2020	EAST	gopのアナグラ	北海道	https://award.tabelog.com/hyakumeiten/curry_east/2020	46232	店舗照合済	食べログ カレー EAST 百名店 2020 / 公式掲載順 15/100 / Tabelog ID 1000635
HYK2020-0416	FOD-1231	食べログ	食べログ 百名店	百名店	カレー	2020	EAST	カレーの店 マボロシ	神奈川県	https://award.tabelog.com/hyakumeiten/curry_east/2020	46232	店舗照合済	食べログ カレー EAST 百名店 2020 / 公式掲載順 16/100 / Tabelog ID 14040492
HYK2020-0417	FOD-1232	食べログ	食べログ 百名店	百名店	カレー	2020	EAST	天竺 札幌清田本店	北海道	https://award.tabelog.com/hyakumeiten/curry_east/2020	46232	店舗照合済	食べログ カレー EAST 百名店 2020 / 公式掲載順 17/100 / Tabelog ID 1039442
HYK2020-0418	FOD-1233	食べログ	食べログ 百名店	百名店	カレー	2020	EAST	コジコジ	茨城県	https://award.tabelog.com/hyakumeiten/curry_east/2020	46232	店舗照合済	食べログ カレー EAST 百名店 2020 / 公式掲載順 18/100 / Tabelog ID 8014163
HYK2020-0419	FOD-1234	食べログ	食べログ 百名店	百名店	カレー	2020	EAST	ガンディー	千葉県	https://award.tabelog.com/hyakumeiten/curry_east/2020	46232	店舗照合済	食べログ カレー EAST 百名店 2020 / 公式掲載順 19/100 / Tabelog ID 12000107
HYK2020-0420	FOD-1235	食べログ	食べログ 百名店	百名店	カレー	2020	EAST	こうひいはうす	北海道	https://award.tabelog.com/hyakumeiten/curry_east/2020	46232	店舗照合済	食べログ カレー EAST 百名店 2020 / 公式掲載順 20/100 / Tabelog ID 1002169
HYK2020-0421	FOD-1236	食べログ	食べログ 百名店	百名店	カレー	2020	EAST	ポレポレ	北海道	https://award.tabelog.com/hyakumeiten/curry_east/2020	46232	店舗照合済	食べログ カレー EAST 百名店 2020 / 公式掲載順 21/100 / Tabelog ID 1002197
HYK2020-0422	FOD-1237	食べログ	食べログ 百名店	百名店	カレー	2020	EAST	カリーヤ！コング	北海道	https://award.tabelog.com/hyakumeiten/curry_east/2020	46232	店舗照合済	食べログ カレー EAST 百名店 2020 / 公式掲載順 22/100 / Tabelog ID 1029696
HYK2020-0423	FOD-1238	食べログ	食べログ 百名店	百名店	カレー	2020	EAST	スパイス ポット	北海道	https://award.tabelog.com/hyakumeiten/curry_east/2020	46232	店舗照合済	食べログ カレー EAST 百名店 2020 / 公式掲載順 23/100 / Tabelog ID 1025000
HYK2020-0424	FOD-1239	食べログ	食べログ 百名店	百名店	カレー	2020	EAST	ラマイ 札幌中央店	北海道	https://award.tabelog.com/hyakumeiten/curry_east/2020	46232	店舗照合済	食べログ カレー EAST 百名店 2020 / 公式掲載順 24/100 / Tabelog ID 1029827
HYK2020-0425	FOD-1240	食べログ	食べログ 百名店	百名店	カレー	2020	EAST	カレー気分	北海道	https://award.tabelog.com/hyakumeiten/curry_east/2020	46232	店舗照合済	食べログ カレー EAST 百名店 2020 / 公式掲載順 25/100 / Tabelog ID 1000874
HYK2020-0426	FOD-1241	食べログ	食べログ 百名店	百名店	カレー	2020	EAST	カレー専門店 KEN	神奈川県	https://award.tabelog.com/hyakumeiten/curry_east/2020	46232	店舗照合済	食べログ カレー EAST 百名店 2020 / 公式掲載順 26/100 / Tabelog ID 14010409
HYK2020-0427	FOD-1242	食べログ	食べログ 百名店	百名店	カレー	2020	EAST	エイト カリー	北海道	https://award.tabelog.com/hyakumeiten/curry_east/2020	46232	店舗照合済	食べログ カレー EAST 百名店 2020 / 公式掲載順 27/100 / Tabelog ID 1052435
HYK2020-0428	FOD-1243	食べログ	食べログ 百名店	百名店	カレー	2020	EAST	スパイス	北海道	https://award.tabelog.com/hyakumeiten/curry_east/2020	46232	店舗照合済	食べログ カレー EAST 百名店 2020 / 公式掲載順 28/100 / Tabelog ID 1035826
HYK2020-0429	FOD-1244	食べログ	食べログ 百名店	百名店	カレー	2020	EAST	カレーのふらのや	北海道	https://award.tabelog.com/hyakumeiten/curry_east/2020	46232	店舗照合済	食べログ カレー EAST 百名店 2020 / 公式掲載順 29/100 / Tabelog ID 1031618
HYK2020-0430	FOD-1245	食べログ	食べログ 百名店	百名店	カレー	2020	EAST	らっきょ	北海道	https://award.tabelog.com/hyakumeiten/curry_east/2020	46232	店舗照合済	食べログ カレー EAST 百名店 2020 / 公式掲載順 30/100 / Tabelog ID 1000164
HYK2020-0431	FOD-1246	食べログ	食べログ 百名店	百名店	カレー	2020	EAST	オクシモロン コマチ	神奈川県	https://award.tabelog.com/hyakumeiten/curry_east/2020	46232	店舗照合済	食べログ カレー EAST 百名店 2020 / 公式掲載順 31/100 / Tabelog ID 14014612
HYK2020-0432	FOD-1247	食べログ	食べログ 百名店	百名店	カレー	2020	EAST	バンチャガル	愛知県	https://award.tabelog.com/hyakumeiten/curry_east/2020	46232	店舗照合済	食べログ カレー EAST 百名店 2020 / 公式掲載順 32/100 / Tabelog ID 23009012
HYK2020-0433	FOD-1248	食べログ	食べログ 百名店	百名店	カレー	2020	EAST	スープカリー ヒリヒリ2号	北海道	https://award.tabelog.com/hyakumeiten/curry_east/2020	46232	店舗照合済	食べログ カレー EAST 百名店 2020 / 公式掲載順 33/100 / Tabelog ID 1004285
HYK2020-0434	FOD-1249	食べログ	食べログ 百名店	百名店	カレー	2020	EAST	サールナート	千葉県	https://award.tabelog.com/hyakumeiten/curry_east/2020	46232	店舗照合済	食べログ カレー EAST 百名店 2020 / 公式掲載順 34/100 / Tabelog ID 12000128
HYK2020-0435	FOD-1250	食べログ	食べログ 百名店	百名店	カレー	2020	EAST	さっぽろルーカレーNAGAMIYA	北海道	https://award.tabelog.com/hyakumeiten/curry_east/2020	46232	店舗照合済	食べログ カレー EAST 百名店 2020 / 公式掲載順 35/100 / Tabelog ID 1048553
HYK2020-0436	FOD-1251	食べログ	食べログ 百名店	百名店	カレー	2020	EAST	ミルチ	北海道	https://award.tabelog.com/hyakumeiten/curry_east/2020	46232	店舗照合済	食べログ カレー EAST 百名店 2020 / 公式掲載順 36/100 / Tabelog ID 1000166
HYK2020-0437	FOD-1252	食べログ	食べログ 百名店	百名店	カレー	2020	EAST	DEWAN 幕張店	千葉県	https://award.tabelog.com/hyakumeiten/curry_east/2020	46232	店舗照合済	食べログ カレー EAST 百名店 2020 / 公式掲載順 37/100 / Tabelog ID 12000695
HYK2020-0438	FOD-1253	食べログ	食べログ 百名店	百名店	カレー	2020	EAST	メディスンマン	北海道	https://award.tabelog.com/hyakumeiten/curry_east/2020	46232	店舗照合済	食べログ カレー EAST 百名店 2020 / 公式掲載順 38/100 / Tabelog ID 1003072
HYK2020-0439	FOD-1254	食べログ	食べログ 百名店	百名店	カレー	2020	EAST	ひげ男爵	北海道	https://award.tabelog.com/hyakumeiten/curry_east/2020	46232	店舗照合済	食べログ カレー EAST 百名店 2020 / 公式掲載順 39/100 / Tabelog ID 1005374
HYK2020-0440	FOD-1255	食べログ	食べログ 百名店	百名店	カレー	2020	EAST	ベンベラ・ネットワークカンパニー	北海道	https://award.tabelog.com/hyakumeiten/curry_east/2020	46232	店舗照合済	食べログ カレー EAST 百名店 2020 / 公式掲載順 40/100 / Tabelog ID 1000587
HYK2020-0441	FOD-1256	食べログ	食べログ 百名店	百名店	カレー	2020	EAST	ラマイ 札幌北33条店	北海道	https://award.tabelog.com/hyakumeiten/curry_east/2020	46232	店舗照合済	食べログ カレー EAST 百名店 2020 / 公式掲載順 41/100 / Tabelog ID 1007585
HYK2020-0442	FOD-1257	食べログ	食べログ 百名店	百名店	カレー	2020	EAST	カラバト・カリー	北海道	https://award.tabelog.com/hyakumeiten/curry_east/2020	46232	店舗照合済	食べログ カレー EAST 百名店 2020 / 公式掲載順 42/100 / Tabelog ID 1002186
HYK2020-0443	FOD-1258	食べログ	食べログ 百名店	百名店	カレー	2020	EAST	スープカリー スアゲ プラス 本店	北海道	https://award.tabelog.com/hyakumeiten/curry_east/2020	46232	店舗照合済	食べログ カレー EAST 百名店 2020 / 公式掲載順 43/100 / Tabelog ID 1006004
HYK2020-0444	FOD-1259	食べログ	食べログ 百名店	百名店	カレー	2020	EAST	カレー専門店cafe New Delhi	愛知県	https://award.tabelog.com/hyakumeiten/curry_east/2020	46232	店舗照合済	食べログ カレー EAST 百名店 2020 / 公式掲載順 44/100 / Tabelog ID 23007998
HYK2020-0445	FOD-1260	食べログ	食べログ 百名店	百名店	カレー	2020	EAST	SOUP CURRY KING 本店	北海道	https://award.tabelog.com/hyakumeiten/curry_east/2020	46232	店舗照合済	食べログ カレー EAST 百名店 2020 / 公式掲載順 45/100 / Tabelog ID 1006357
HYK2020-0446	FOD-1261	食べログ	食べログ 百名店	百名店	カレー	2020	EAST	村上カレー店・プルプル	北海道	https://award.tabelog.com/hyakumeiten/curry_east/2020	46232	店舗照合済	食べログ カレー EAST 百名店 2020 / 公式掲載順 46/100 / Tabelog ID 1000476
HYK2020-0447	FOD-1262	食べログ	食べログ 百名店	百名店	カレー	2020	EAST	イエロー	北海道	https://award.tabelog.com/hyakumeiten/curry_east/2020	46232	店舗照合済	食べログ カレー EAST 百名店 2020 / 公式掲載順 47/100 / Tabelog ID 1002181
HYK2020-0448	FOD-1263	食べログ	食べログ 百名店	百名店	カレー	2020	EAST	SOUP CURRY KING セントラル	北海道	https://award.tabelog.com/hyakumeiten/curry_east/2020	46232	店舗照合済	食べログ カレー EAST 百名店 2020 / 公式掲載順 48/100 / Tabelog ID 1055662
HYK2020-0449	FOD-1264	食べログ	食べログ 百名店	百名店	カレー	2020	EAST	カフェパハナ	愛知県	https://award.tabelog.com/hyakumeiten/curry_east/2020	46232	店舗照合済	食べログ カレー EAST 百名店 2020 / 公式掲載順 49/100 / Tabelog ID 23037973
HYK2020-0450	FOD-1265	食べログ	食べログ 百名店	百名店	カレー	2020	EAST	Handi レストラン	千葉県	https://award.tabelog.com/hyakumeiten/curry_east/2020	46232	店舗照合済	食べログ カレー EAST 百名店 2020 / 公式掲載順 50/100 / Tabelog ID 12026828
HYK2020-0451	FOD-1266	食べログ	食べログ 百名店	百名店	カレー	2020	EAST	マタレー 円山店	北海道	https://award.tabelog.com/hyakumeiten/curry_east/2020	46232	店舗照合済	食べログ カレー EAST 百名店 2020 / 公式掲載順 51/100 / Tabelog ID 1025101
HYK2020-0452	FOD-1267	食べログ	食べログ 百名店	百名店	カレー	2020	EAST	唯我独尊	北海道	https://award.tabelog.com/hyakumeiten/curry_east/2020	46232	店舗照合済	食べログ カレー EAST 百名店 2020 / 公式掲載順 52/100 / Tabelog ID 1000063
HYK2020-0453	FOD-1268	食べログ	食べログ 百名店	百名店	カレー	2020	EAST	ガネーシュ	神奈川県	https://award.tabelog.com/hyakumeiten/curry_east/2020	46232	店舗照合済	食べログ カレー EAST 百名店 2020 / 公式掲載順 53/100 / Tabelog ID 14012113
HYK2020-0454	FOD-1269	食べログ	食べログ 百名店	百名店	カレー	2020	EAST	カオスヘブン 札幌店	北海道	https://award.tabelog.com/hyakumeiten/curry_east/2020	46232	店舗照合済	食べログ カレー EAST 百名店 2020 / 公式掲載順 54/100 / Tabelog ID 1042039
HYK2020-0455	FOD-1270	食べログ	食べログ 百名店	百名店	カレー	2020	EAST	アジアンスープカリー べす	北海道	https://award.tabelog.com/hyakumeiten/curry_east/2020	46232	店舗照合済	食べログ カレー EAST 百名店 2020 / 公式掲載順 55/100 / Tabelog ID 1049808
HYK2020-0456	FOD-1271	食べログ	食べログ 百名店	百名店	カレー	2020	EAST	オクシモロン onari	神奈川県	https://award.tabelog.com/hyakumeiten/curry_east/2020	46232	店舗照合済	食べログ カレー EAST 百名店 2020 / 公式掲載順 56/100 / Tabelog ID 14060276
HYK2020-0457	FOD-1272	食べログ	食べログ 百名店	百名店	カレー	2020	EAST	ベンガルタイガー	千葉県	https://award.tabelog.com/hyakumeiten/curry_east/2020	46232	店舗照合済	食べログ カレー EAST 百名店 2020 / 公式掲載順 57/100 / Tabelog ID 12043752
HYK2020-0458	FOD-1273	食べログ	食べログ 百名店	百名店	カレー	2020	EAST	スープカレーディップ	北海道	https://award.tabelog.com/hyakumeiten/curry_east/2020	46232	店舗照合済	食べログ カレー EAST 百名店 2020 / 公式掲載順 58/100 / Tabelog ID 1055946
HYK2020-0459	FOD-1274	食べログ	食べログ 百名店	百名店	カレー	2020	EAST	南インド家庭料理 カルナータカー	愛知県	https://award.tabelog.com/hyakumeiten/curry_east/2020	46232	店舗照合済	食べログ カレー EAST 百名店 2020 / 公式掲載順 59/100 / Tabelog ID 23044940
HYK2020-0460	FOD-1275	食べログ	食べログ 百名店	百名店	カレー	2020	EAST	曉	北海道	https://award.tabelog.com/hyakumeiten/curry_east/2020	46232	店舗照合済	食べログ カレー EAST 百名店 2020 / 公式掲載順 60/100 / Tabelog ID 1050112
HYK2020-0461	FOD-1276	食べログ	食べログ 百名店	百名店	カレー	2020	EAST	黒岩_哩飯店	北海道	https://award.tabelog.com/hyakumeiten/curry_east/2020	46232	店舗照合済	食べログ カレー EAST 百名店 2020 / 公式掲載順 61/100 / Tabelog ID 1049128
HYK2020-0462	FOD-1277	食べログ	食べログ 百名店	百名店	カレー	2020	EAST	カラチの空	埼玉県	https://award.tabelog.com/hyakumeiten/curry_east/2020	46232	店舗照合済	食べログ カレー EAST 百名店 2020 / 公式掲載順 62/100 / Tabelog ID 11020803
HYK2020-0463	FOD-1278	食べログ	食べログ 百名店	百名店	カレー	2020	EAST	ボンベイ	神奈川県	https://award.tabelog.com/hyakumeiten/curry_east/2020	46232	店舗照合済	食べログ カレー EAST 百名店 2020 / 公式掲載順 63/100 / Tabelog ID 14003773
HYK2020-0464	FOD-1279	食べログ	食べログ 百名店	百名店	カレー	2020	EAST	べいらっきょ	神奈川県	https://award.tabelog.com/hyakumeiten/curry_east/2020	46232	店舗照合済	食べログ カレー EAST 百名店 2020 / 公式掲載順 64/100 / Tabelog ID 14000111
HYK2020-0465	FOD-1280	食べログ	食べログ 百名店	百名店	カレー	2020	EAST	ZORA	北海道	https://award.tabelog.com/hyakumeiten/curry_east/2020	46232	店舗照合済	食べログ カレー EAST 百名店 2020 / 公式掲載順 65/100 / Tabelog ID 1024540
HYK2020-0466	FOD-1281	食べログ	食べログ 百名店	百名店	カレー	2020	EAST	札幌スープカレー専門店エスパーイトウ 八軒総本店	北海道	https://award.tabelog.com/hyakumeiten/curry_east/2020	46232	店舗照合済	食べログ カレー EAST 百名店 2020 / 公式掲載順 66/100 / Tabelog ID 1009667
HYK2020-0467	FOD-1282	食べログ	食べログ 百名店	百名店	カレー	2020	EAST	らっきょ＆Star	神奈川県	https://award.tabelog.com/hyakumeiten/curry_east/2020	46232	店舗照合済	食べログ カレー EAST 百名店 2020 / 公式掲載順 67/100 / Tabelog ID 14009431
HYK2020-0468	FOD-1283	食べログ	食べログ 百名店	百名店	カレー	2020	EAST	ONSEN食堂	北海道	https://award.tabelog.com/hyakumeiten/curry_east/2020	46232	店舗照合済	食べログ カレー EAST 百名店 2020 / 公式掲載順 68/100 / Tabelog ID 1000167
HYK2020-0469	FOD-1284	食べログ	食べログ 百名店	百名店	カレー	2020	EAST	kanakoのスープカレー屋さん 札幌大通店	北海道	https://award.tabelog.com/hyakumeiten/curry_east/2020	46232	店舗照合済	食べログ カレー EAST 百名店 2020 / 公式掲載順 69/100 / Tabelog ID 1026119
HYK2020-0470	FOD-1285	食べログ	食べログ 百名店	百名店	カレー	2020	EAST	アリアナレストラン	愛知県	https://award.tabelog.com/hyakumeiten/curry_east/2020	46232	店舗照合済	食べログ カレー EAST 百名店 2020 / 公式掲載順 70/100 / Tabelog ID 23000471
HYK2020-0471	FOD-1286	食べログ	食べログ 百名店	百名店	カレー	2020	EAST	カレーの店 ボンベイ 本店	千葉県	https://award.tabelog.com/hyakumeiten/curry_east/2020	46232	店舗照合済	食べログ カレー EAST 百名店 2020 / 公式掲載順 71/100 / Tabelog ID 12026182
HYK2020-0472	FOD-1287	食べログ	食べログ 百名店	百名店	カレー	2020	EAST	一文字カリー店	北海道	https://award.tabelog.com/hyakumeiten/curry_east/2020	46232	店舗照合済	食べログ カレー EAST 百名店 2020 / 公式掲載順 72/100 / Tabelog ID 1024063
HYK2020-0473	FOD-1288	食べログ	食べログ 百名店	百名店	カレー	2020	EAST	アルペンジロー 本店	神奈川県	https://award.tabelog.com/hyakumeiten/curry_east/2020	46232	店舗照合済	食べログ カレー EAST 百名店 2020 / 公式掲載順 73/100 / Tabelog ID 14000553
HYK2020-0474	FOD-1289	食べログ	食べログ 百名店	百名店	カレー	2020	EAST	ハイ，ハウ アー ユー	神奈川県	https://award.tabelog.com/hyakumeiten/curry_east/2020	46232	店舗照合済	食べログ カレー EAST 百名店 2020 / 公式掲載順 74/100 / Tabelog ID 14040637
HYK2020-0475	FOD-1290	食べログ	食べログ 百名店	百名店	カレー	2020	EAST	Spice&mill	北海道	https://award.tabelog.com/hyakumeiten/curry_east/2020	46232	店舗照合済	食べログ カレー EAST 百名店 2020 / 公式掲載順 75/100 / Tabelog ID 1050715
HYK2020-0476	FOD-1291	食べログ	食べログ 百名店	百名店	カレー	2020	EAST	スパイスカレー モクロミ	埼玉県	https://award.tabelog.com/hyakumeiten/curry_east/2020	46232	店舗照合済	食べログ カレー EAST 百名店 2020 / 公式掲載順 76/100 / Tabelog ID 11045458
HYK2020-0477	FOD-1292	食べログ	食べログ 百名店	百名店	カレー	2020	EAST	Rojiura Curry SAMURAI. さくら店	北海道	https://award.tabelog.com/hyakumeiten/curry_east/2020	46232	店舗照合済	食べログ カレー EAST 百名店 2020 / 公式掲載順 77/100 / Tabelog ID 1031790
HYK2020-0478	FOD-1293	食べログ	食べログ 百名店	百名店	カレー	2020	EAST	五○堂	北海道	https://award.tabelog.com/hyakumeiten/curry_east/2020	46232	店舗照合済	食べログ カレー EAST 百名店 2020 / 公式掲載順 78/100 / Tabelog ID 1029487
HYK2020-0479	FOD-1294	食べログ	食べログ 百名店	百名店	カレー	2020	EAST	ルッカパイパイ	北海道	https://award.tabelog.com/hyakumeiten/curry_east/2020	46232	店舗照合済	食べログ カレー EAST 百名店 2020 / 公式掲載順 79/100 / Tabelog ID 1000683
HYK2020-0480	FOD-1295	食べログ	食べログ 百名店	百名店	カレー	2020	EAST	SAKURA BROWN	北海道	https://award.tabelog.com/hyakumeiten/curry_east/2020	46232	店舗照合済	食べログ カレー EAST 百名店 2020 / 公式掲載順 80/100 / Tabelog ID 1044404
HYK2020-0481	FOD-1296	食べログ	食べログ 百名店	百名店	カレー	2020	EAST	コスギカレー	神奈川県	https://award.tabelog.com/hyakumeiten/curry_east/2020	46232	店舗照合済	食べログ カレー EAST 百名店 2020 / 公式掲載順 81/100 / Tabelog ID 14042207
HYK2020-0482	FOD-1297	食べログ	食べログ 百名店	百名店	カレー	2020	EAST	ラマイ 札幌本店	北海道	https://award.tabelog.com/hyakumeiten/curry_east/2020	46232	店舗照合済	食べログ カレー EAST 百名店 2020 / 公式掲載順 82/100 / Tabelog ID 1001470
HYK2020-0483	FOD-1298	食べログ	食べログ 百名店	百名店	カレー	2020	EAST	ピカンティ	北海道	https://award.tabelog.com/hyakumeiten/curry_east/2020	46232	店舗照合済	食べログ カレー EAST 百名店 2020 / 公式掲載順 83/100 / Tabelog ID 1000060
HYK2020-0484	FOD-1299	食べログ	食べログ 百名店	百名店	カレー	2020	EAST	スープカレー トムトムキキル	北海道	https://award.tabelog.com/hyakumeiten/curry_east/2020	46232	店舗照合済	食べログ カレー EAST 百名店 2020 / 公式掲載順 84/100 / Tabelog ID 1037079
HYK2020-0485	FOD-1300	食べログ	食べログ 百名店	百名店	カレー	2020	EAST	negombo33	埼玉県	https://award.tabelog.com/hyakumeiten/curry_east/2020	46232	店舗照合済	食べログ カレー EAST 百名店 2020 / 公式掲載順 85/100 / Tabelog ID 11015014
HYK2020-0486	FOD-1301	食べログ	食べログ 百名店	百名店	カレー	2020	EAST	元祖インドカレー 小いけ	北海道	https://award.tabelog.com/hyakumeiten/curry_east/2020	46232	店舗照合済	食べログ カレー EAST 百名店 2020 / 公式掲載順 86/100 / Tabelog ID 1008130
HYK2020-0487	FOD-1302	食べログ	食べログ 百名店	百名店	カレー	2020	EAST	Kikuya Curry	神奈川県	https://award.tabelog.com/hyakumeiten/curry_east/2020	46232	店舗照合済	食べログ カレー EAST 百名店 2020 / 公式掲載順 87/100 / Tabelog ID 14004143
HYK2020-0488	FOD-1303	食べログ	食べログ 百名店	百名店	カレー	2020	EAST	ラム	北海道	https://award.tabelog.com/hyakumeiten/curry_east/2020	46232	店舗照合済	食べログ カレー EAST 百名店 2020 / 公式掲載順 88/100 / Tabelog ID 1004045
HYK2020-0489	FOD-1304	食べログ	食べログ 百名店	百名店	カレー	2020	EAST	南インド料理 葉菜	千葉県	https://award.tabelog.com/hyakumeiten/curry_east/2020	46232	店舗照合済	食べログ カレー EAST 百名店 2020 / 公式掲載順 89/100 / Tabelog ID 12012667
HYK2020-0490	FOD-1305	食べログ	食べログ 百名店	百名店	カレー	2020	EAST	アーユーボーワン	千葉県	https://award.tabelog.com/hyakumeiten/curry_east/2020	46232	店舗照合済	食べログ カレー EAST 百名店 2020 / 公式掲載順 90/100 / Tabelog ID 12033520
HYK2020-0491	FOD-1306	食べログ	食べログ 百名店	百名店	カレー	2020	EAST	デリー 札幌店	北海道	https://award.tabelog.com/hyakumeiten/curry_east/2020	46232	店舗照合済	食べログ カレー EAST 百名店 2020 / 公式掲載順 91/100 / Tabelog ID 1006116
HYK2020-0492	FOD-1307	食べログ	食べログ 百名店	百名店	カレー	2020	EAST	未来カレー こりす	北海道	https://award.tabelog.com/hyakumeiten/curry_east/2020	46232	店舗照合済	食べログ カレー EAST 百名店 2020 / 公式掲載順 92/100 / Tabelog ID 1035490
HYK2020-0493	FOD-1308	食べログ	食べログ 百名店	百名店	カレー	2020	EAST	ターラ	北海道	https://award.tabelog.com/hyakumeiten/curry_east/2020	46232	店舗照合済	食べログ カレー EAST 百名店 2020 / 公式掲載順 93/100 / Tabelog ID 1001916
HYK2020-0494	FOD-1309	食べログ	食べログ 百名店	百名店	カレー	2020	EAST	Rojiura Curry SAMURAI. 平岸総本店	北海道	https://award.tabelog.com/hyakumeiten/curry_east/2020	46232	店舗照合済	食べログ カレー EAST 百名店 2020 / 公式掲載順 94/100 / Tabelog ID 1005698
HYK2020-0495	FOD-1310	食べログ	食べログ 百名店	百名店	カレー	2020	EAST	タイガーカレー	北海道	https://award.tabelog.com/hyakumeiten/curry_east/2020	46232	店舗照合済	食べログ カレー EAST 百名店 2020 / 公式掲載順 95/100 / Tabelog ID 1003065
HYK2020-0496	FOD-1311	食べログ	食べログ 百名店	百名店	カレー	2020	EAST	欧風カレーKEN	北海道	https://award.tabelog.com/hyakumeiten/curry_east/2020	46232	店舗照合済	食べログ カレー EAST 百名店 2020 / 公式掲載順 96/100 / Tabelog ID 1041827
HYK2020-0497	FOD-1312	食べログ	食べログ 百名店	百名店	カレー	2020	EAST	西屯田通りスープカレー本舗	北海道	https://award.tabelog.com/hyakumeiten/curry_east/2020	46232	店舗照合済	食べログ カレー EAST 百名店 2020 / 公式掲載順 97/100 / Tabelog ID 1007981
HYK2020-0498	FOD-1313	食べログ	食べログ 百名店	百名店	カレー	2020	EAST	クロック	北海道	https://award.tabelog.com/hyakumeiten/curry_east/2020	46232	店舗照合済	食べログ カレー EAST 百名店 2020 / 公式掲載順 98/100 / Tabelog ID 1000162
HYK2020-0499	FOD-1314	食べログ	食べログ 百名店	百名店	カレー	2020	EAST	カレーレストラン シバ	千葉県	https://award.tabelog.com/hyakumeiten/curry_east/2020	46232	店舗照合済	食べログ カレー EAST 百名店 2020 / 公式掲載順 99/100 / Tabelog ID 12000017
HYK2020-0500	FOD-1315	食べログ	食べログ 百名店	百名店	カレー	2020	EAST	木多郎 澄川本店	北海道	https://award.tabelog.com/hyakumeiten/curry_east/2020	46232	店舗照合済	食べログ カレー EAST 百名店 2020 / 公式掲載順 100/100 / Tabelog ID 1000174
HYK2020-0501	FOD-1316	食べログ	食べログ 百名店	百名店	カレー	2020	WEST	旧ヤム鐵道	大阪府	https://award.tabelog.com/hyakumeiten/curry_west/2020	46232	店舗照合済	食べログ カレー WEST 百名店 2020 / 公式掲載順 1/100 / Tabelog ID 27084538
HYK2020-0502	FOD-1317	食べログ	食べログ 百名店	百名店	カレー	2020	WEST	ヴァスコ・ダ・ガマ 本店	大阪府	https://award.tabelog.com/hyakumeiten/curry_west/2020	46232	店舗照合済	食べログ カレー WEST 百名店 2020 / 公式掲載順 2/100 / Tabelog ID 27059288
HYK2020-0503	FOD-1318	食べログ	食べログ 百名店	百名店	カレー	2020	WEST	アリーズ キッチン	大阪府	https://award.tabelog.com/hyakumeiten/curry_west/2020	46232	店舗照合済	食べログ カレー WEST 百名店 2020 / 公式掲載順 3/100 / Tabelog ID 27045608
HYK2020-0504	FOD-1319	食べログ	食べログ 百名店	百名店	カレー	2020	WEST	curry restaurant BRUNO HEP NAVIO店	大阪府	https://award.tabelog.com/hyakumeiten/curry_west/2020	46232	店舗照合済	食べログ カレー WEST 百名店 2020 / 公式掲載順 4/100 / Tabelog ID 27001963
HYK2020-0505	FOD-1320	食べログ	食べログ 百名店	百名店	カレー	2020	WEST	カレー コンドル	大阪府	https://award.tabelog.com/hyakumeiten/curry_west/2020	46232	店舗照合済	食べログ カレー WEST 百名店 2020 / 公式掲載順 5/100 / Tabelog ID 27059870
HYK2020-0506	FOD-1321	食べログ	食べログ 百名店	百名店	カレー	2020	WEST	スパイスれすとらん cardamom	徳島県	https://award.tabelog.com/hyakumeiten/curry_west/2020	46232	店舗照合済	食べログ カレー WEST 百名店 2020 / 公式掲載順 6/100 / Tabelog ID 36000907
HYK2020-0507	FOD-1322	食べログ	食べログ 百名店	百名店	カレー	2020	WEST	curry&cafe Warung	大阪府	https://award.tabelog.com/hyakumeiten/curry_west/2020	46232	店舗照合済	食べログ カレー WEST 百名店 2020 / 公式掲載順 7/100 / Tabelog ID 27074470
HYK2020-0508	FOD-1323	食べログ	食べログ 百名店	百名店	カレー	2020	WEST	カレイヤー	大阪府	https://award.tabelog.com/hyakumeiten/curry_west/2020	46232	店舗照合済	食べログ カレー WEST 百名店 2020 / 公式掲載順 8/100 / Tabelog ID 27073790
HYK2020-0509	FOD-1324	食べログ	食べログ 百名店	百名店	カレー	2020	WEST	和レー屋 南船場ゴヤクラ	大阪府	https://award.tabelog.com/hyakumeiten/curry_west/2020	46232	店舗照合済	食べログ カレー WEST 百名店 2020 / 公式掲載順 9/100 / Tabelog ID 27015562
HYK2020-0510	FOD-1325	食べログ	食べログ 百名店	百名店	カレー	2020	WEST	アジャンタ 京都店	京都府	https://award.tabelog.com/hyakumeiten/curry_west/2020	46232	店舗照合済	食べログ カレー WEST 百名店 2020 / 公式掲載順 10/100 / Tabelog ID 26000970
HYK2020-0511	FOD-1326	食べログ	食べログ 百名店	百名店	カレー	2020	WEST	ネパール&インド料理 Manakamana	大阪府	https://award.tabelog.com/hyakumeiten/curry_west/2020	46232	店舗照合済	食べログ カレー WEST 百名店 2020 / 公式掲載順 11/100 / Tabelog ID 27009454
HYK2020-0512	FOD-1327	食べログ	食べログ 百名店	百名店	カレー	2020	WEST	SOMA	大阪府	https://award.tabelog.com/hyakumeiten/curry_west/2020	46232	店舗照合済	食べログ カレー WEST 百名店 2020 / 公式掲載順 12/100 / Tabelog ID 27065233
HYK2020-0513	FOD-1328	食べログ	食べログ 百名店	百名店	カレー	2020	WEST	スパイスカレーまるせ	大阪府	https://award.tabelog.com/hyakumeiten/curry_west/2020	46232	店舗照合済	食べログ カレー WEST 百名店 2020 / 公式掲載順 13/100 / Tabelog ID 27076552
HYK2020-0514	FOD-1329	食べログ	食べログ 百名店	百名店	カレー	2020	WEST	和レー屋 丁子	大阪府	https://award.tabelog.com/hyakumeiten/curry_west/2020	46232	店舗照合済	食べログ カレー WEST 百名店 2020 / 公式掲載順 14/100 / Tabelog ID 27092176
HYK2020-0515	FOD-1330	食べログ	食べログ 百名店	百名店	カレー	2020	WEST	GARAM	福岡県	https://award.tabelog.com/hyakumeiten/curry_west/2020	46232	店舗照合済	食べログ カレー WEST 百名店 2020 / 公式掲載順 15/100 / Tabelog ID 40032412
HYK2020-0516	FOD-1331	食べログ	食べログ 百名店	百名店	カレー	2020	WEST	谷口カレー	大阪府	https://award.tabelog.com/hyakumeiten/curry_west/2020	46232	店舗照合済	食べログ カレー WEST 百名店 2020 / 公式掲載順 16/100 / Tabelog ID 27088233
HYK2020-0517	FOD-1332	食べログ	食べログ 百名店	百名店	カレー	2020	WEST	ナミニノカレー	大阪府	https://award.tabelog.com/hyakumeiten/curry_west/2020	46232	店舗照合済	食べログ カレー WEST 百名店 2020 / 公式掲載順 17/100 / Tabelog ID 27096795
HYK2020-0518	FOD-1333	食べログ	食べログ 百名店	百名店	カレー	2020	WEST	タンダーパニー	大阪府	https://award.tabelog.com/hyakumeiten/curry_west/2020	46232	店舗照合済	食べログ カレー WEST 百名店 2020 / 公式掲載順 18/100 / Tabelog ID 27001142
HYK2020-0519	FOD-1334	食べログ	食べログ 百名店	百名店	カレー	2020	WEST	ノムソン カリー	大阪府	https://award.tabelog.com/hyakumeiten/curry_west/2020	46232	店舗照合済	食べログ カレー WEST 百名店 2020 / 公式掲載順 19/100 / Tabelog ID 27086130
HYK2020-0520	FOD-1335	食べログ	食べログ 百名店	百名店	カレー	2020	WEST	アイリッシュ カレー 中津店	大阪府	https://award.tabelog.com/hyakumeiten/curry_west/2020	46232	店舗照合済	食べログ カレー WEST 百名店 2020 / 公式掲載順 20/100 / Tabelog ID 27017872
HYK2020-0521	FOD-1336	食べログ	食べログ 百名店	百名店	カレー	2020	WEST	もりやま屋	大阪府	https://award.tabelog.com/hyakumeiten/curry_west/2020	46232	店舗照合済	食べログ カレー WEST 百名店 2020 / 公式掲載順 21/100 / Tabelog ID 27002387
HYK2020-0522	FOD-1337	食べログ	食べログ 百名店	百名店	カレー	2020	WEST	ガネーシュ m 北浜店	大阪府	https://award.tabelog.com/hyakumeiten/curry_west/2020	46232	店舗照合済	食べログ カレー WEST 百名店 2020 / 公式掲載順 22/100 / Tabelog ID 27083172
HYK2020-0523	FOD-1338	食べログ	食べログ 百名店	百名店	カレー	2020	WEST	ヤタラ スパイス	大阪府	https://award.tabelog.com/hyakumeiten/curry_west/2020	46232	店舗照合済	食べログ カレー WEST 百名店 2020 / 公式掲載順 23/100 / Tabelog ID 27092688
HYK2020-0524	FOD-1339	食べログ	食べログ 百名店	百名店	カレー	2020	WEST	大阪ハラールレストラン	大阪府	https://award.tabelog.com/hyakumeiten/curry_west/2020	46232	店舗照合済	食べログ カレー WEST 百名店 2020 / 公式掲載順 24/100 / Tabelog ID 27072992
HYK2020-0525	FOD-1340	食べログ	食べログ 百名店	百名店	カレー	2020	WEST	セイロンカリー	大阪府	https://award.tabelog.com/hyakumeiten/curry_west/2020	46232	店舗照合済	食べログ カレー WEST 百名店 2020 / 公式掲載順 25/100 / Tabelog ID 27072653
HYK2020-0526	FOD-1341	食べログ	食べログ 百名店	百名店	カレー	2020	WEST	いずみバーグ	大阪府	https://award.tabelog.com/hyakumeiten/curry_west/2020	46232	店舗照合済	食べログ カレー WEST 百名店 2020 / 公式掲載順 26/100 / Tabelog ID 27013033
HYK2020-0527	FOD-1342	食べログ	食べログ 百名店	百名店	カレー	2020	WEST	ヤドカリー 天満橋店	大阪府	https://award.tabelog.com/hyakumeiten/curry_west/2020	46232	店舗照合済	食べログ カレー WEST 百名店 2020 / 公式掲載順 27/100 / Tabelog ID 27072330
HYK2020-0528	FOD-1343	食べログ	食べログ 百名店	百名店	カレー	2020	WEST	カレーちゃん家	大阪府	https://award.tabelog.com/hyakumeiten/curry_west/2020	46232	店舗照合済	食べログ カレー WEST 百名店 2020 / 公式掲載順 28/100 / Tabelog ID 27063137
HYK2020-0529	FOD-1344	食べログ	食べログ 百名店	百名店	カレー	2020	WEST	ボナボナ	大阪府	https://award.tabelog.com/hyakumeiten/curry_west/2020	46232	店舗照合済	食べログ カレー WEST 百名店 2020 / 公式掲載順 29/100 / Tabelog ID 27005018
HYK2020-0530	FOD-1345	食べログ	食べログ 百名店	百名店	カレー	2020	WEST	旧ヤム邸 空堀店	大阪府	https://award.tabelog.com/hyakumeiten/curry_west/2020	46232	店舗照合済	食べログ カレー WEST 百名店 2020 / 公式掲載順 30/100 / Tabelog ID 27060944
HYK2020-0531	FOD-1346	食べログ	食べログ 百名店	百名店	カレー	2020	WEST	王様のスプーン	大阪府	https://award.tabelog.com/hyakumeiten/curry_west/2020	46232	店舗照合済	食べログ カレー WEST 百名店 2020 / 公式掲載順 31/100 / Tabelog ID 27017245
HYK2020-0532	FOD-1347	食べログ	食べログ 百名店	百名店	カレー	2020	WEST	ダルバート食堂	大阪府	https://award.tabelog.com/hyakumeiten/curry_west/2020	46232	店舗照合済	食べログ カレー WEST 百名店 2020 / 公式掲載順 32/100 / Tabelog ID 27085329
HYK2020-0533	FOD-1348	食べログ	食べログ 百名店	百名店	カレー	2020	WEST	SIMBA	大阪府	https://award.tabelog.com/hyakumeiten/curry_west/2020	46232	店舗照合済	食べログ カレー WEST 百名店 2020 / 公式掲載順 33/100 / Tabelog ID 27051373
HYK2020-0534	FOD-1349	食べログ	食べログ 百名店	百名店	カレー	2020	WEST	渡邊カリー 梅田本店	大阪府	https://award.tabelog.com/hyakumeiten/curry_west/2020	46232	店舗照合済	食べログ カレー WEST 百名店 2020 / 公式掲載順 34/100 / Tabelog ID 27091294
HYK2020-0535	FOD-1350	食べログ	食べログ 百名店	百名店	カレー	2020	WEST	ハラールフードマルハバ	福岡県	https://award.tabelog.com/hyakumeiten/curry_west/2020	46232	店舗照合済	食べログ カレー WEST 百名店 2020 / 公式掲載順 35/100 / Tabelog ID 40034419
HYK2020-0536	FOD-1351	食べログ	食べログ 百名店	百名店	カレー	2020	WEST	モリ商店	大阪府	https://award.tabelog.com/hyakumeiten/curry_west/2020	46232	店舗照合済	食べログ カレー WEST 百名店 2020 / 公式掲載順 36/100 / Tabelog ID 27046303
HYK2020-0537	FOD-1352	食べログ	食べログ 百名店	百名店	カレー	2020	WEST	太陽カレー	京都府	https://award.tabelog.com/hyakumeiten/curry_west/2020	46232	店舗照合済	食べログ カレー WEST 百名店 2020 / 公式掲載順 37/100 / Tabelog ID 26022669
HYK2020-0538	FOD-1353	食べログ	食べログ 百名店	百名店	カレー	2020	WEST	カルータラ	大阪府	https://award.tabelog.com/hyakumeiten/curry_west/2020	46232	店舗照合済	食べログ カレー WEST 百名店 2020 / 公式掲載順 38/100 / Tabelog ID 27002839
HYK2020-0539	FOD-1354	食べログ	食べログ 百名店	百名店	カレー	2020	WEST	カラピンチャ	兵庫県	https://award.tabelog.com/hyakumeiten/curry_west/2020	46232	店舗照合済	食べログ カレー WEST 百名店 2020 / 公式掲載順 39/100 / Tabelog ID 28038103
HYK2020-0540	FOD-1355	食べログ	食べログ 百名店	百名店	カレー	2020	WEST	スパイスカリー バビルの塔	大阪府	https://award.tabelog.com/hyakumeiten/curry_west/2020	46232	店舗照合済	食べログ カレー WEST 百名店 2020 / 公式掲載順 40/100 / Tabelog ID 27064588
HYK2020-0541	FOD-1356	食べログ	食べログ 百名店	百名店	カレー	2020	WEST	カレー屋バンバン	大阪府	https://award.tabelog.com/hyakumeiten/curry_west/2020	46232	店舗照合済	食べログ カレー WEST 百名店 2020 / 公式掲載順 41/100 / Tabelog ID 27092161
HYK2020-0542	FOD-1357	食べログ	食べログ 百名店	百名店	カレー	2020	WEST	カンティプール 天五店	大阪府	https://award.tabelog.com/hyakumeiten/curry_west/2020	46232	店舗照合済	食べログ カレー WEST 百名店 2020 / 公式掲載順 42/100 / Tabelog ID 27000526
HYK2020-0543	FOD-0615	食べログ	食べログ 百名店	百名店	カレー	2020	WEST	Spice&Dining KALA	福岡県	https://award.tabelog.com/hyakumeiten/curry_west/2020	46232	店舗照合済	食べログ カレー WEST 百名店 2020 / 公式掲載順 43/100 / Tabelog ID 40035804
HYK2020-0544	FOD-1358	食べログ	食べログ 百名店	百名店	カレー	2020	WEST	虹の仏	大阪府	https://award.tabelog.com/hyakumeiten/curry_west/2020	46232	店舗照合済	食べログ カレー WEST 百名店 2020 / 公式掲載順 44/100 / Tabelog ID 27066977
HYK2020-0545	FOD-1359	食べログ	食べログ 百名店	百名店	カレー	2020	WEST	白銀亭	大阪府	https://award.tabelog.com/hyakumeiten/curry_west/2020	46232	店舗照合済	食べログ カレー WEST 百名店 2020 / 公式掲載順 45/100 / Tabelog ID 27012545
HYK2020-0546	FOD-1360	食べログ	食べログ 百名店	百名店	カレー	2020	WEST	アアベルカレー	大阪府	https://award.tabelog.com/hyakumeiten/curry_west/2020	46232	店舗照合済	食べログ カレー WEST 百名店 2020 / 公式掲載順 46/100 / Tabelog ID 27091414
HYK2020-0547	FOD-1361	食べログ	食べログ 百名店	百名店	カレー	2020	WEST	不思議香菜 ツナパハ	福岡県	https://award.tabelog.com/hyakumeiten/curry_west/2020	46232	店舗照合済	食べログ カレー WEST 百名店 2020 / 公式掲載順 47/100 / Tabelog ID 40000116
HYK2020-0548	FOD-1362	食べログ	食べログ 百名店	百名店	カレー	2020	WEST	シナジー	大阪府	https://award.tabelog.com/hyakumeiten/curry_west/2020	46232	店舗照合済	食べログ カレー WEST 百名店 2020 / 公式掲載順 48/100 / Tabelog ID 27074379
HYK2020-0549	FOD-1363	食べログ	食べログ 百名店	百名店	カレー	2020	WEST	旧ヤム邸 中之島洋館	大阪府	https://award.tabelog.com/hyakumeiten/curry_west/2020	46232	店舗照合済	食べログ カレー WEST 百名店 2020 / 公式掲載順 49/100 / Tabelog ID 27073991
HYK2020-0550	FOD-1364	食べログ	食べログ 百名店	百名店	カレー	2020	WEST	コロンビアエイト 堺筋本町店	大阪府	https://award.tabelog.com/hyakumeiten/curry_west/2020	46232	店舗照合済	食べログ カレー WEST 百名店 2020 / 公式掲載順 50/100 / Tabelog ID 27050088
HYK2020-0551	FOD-1365	食べログ	食べログ 百名店	百名店	カレー	2020	WEST	ぶはら	兵庫県	https://award.tabelog.com/hyakumeiten/curry_west/2020	46232	店舗照合済	食べログ カレー WEST 百名店 2020 / 公式掲載順 51/100 / Tabelog ID 28000646
HYK2020-0552	FOD-1366	食べログ	食べログ 百名店	百名店	カレー	2020	WEST	ラヴィリンス	大阪府	https://award.tabelog.com/hyakumeiten/curry_west/2020	46232	店舗照合済	食べログ カレー WEST 百名店 2020 / 公式掲載順 52/100 / Tabelog ID 27051602
HYK2020-0553	FOD-1367	食べログ	食べログ 百名店	百名店	カレー	2020	WEST	サッチェズカリー	大阪府	https://award.tabelog.com/hyakumeiten/curry_west/2020	46232	店舗照合済	食べログ カレー WEST 百名店 2020 / 公式掲載順 53/100 / Tabelog ID 27085130
HYK2020-0554	FOD-1368	食べログ	食べログ 百名店	百名店	カレー	2020	WEST	スパイス料理ナッラマナム	大阪府	https://award.tabelog.com/hyakumeiten/curry_west/2020	46232	店舗照合済	食べログ カレー WEST 百名店 2020 / 公式掲載順 54/100 / Tabelog ID 27090916
HYK2020-0555	FOD-1369	食べログ	食べログ 百名店	百名店	カレー	2020	WEST	カレー屋ヌンクイ	大阪府	https://award.tabelog.com/hyakumeiten/curry_west/2020	46232	店舗照合済	食べログ カレー WEST 百名店 2020 / 公式掲載順 55/100 / Tabelog ID 27071545
HYK2020-0556	FOD-1370	食べログ	食べログ 百名店	百名店	カレー	2020	WEST	らくしゅみ	大阪府	https://award.tabelog.com/hyakumeiten/curry_west/2020	46232	店舗照合済	食べログ カレー WEST 百名店 2020 / 公式掲載順 56/100 / Tabelog ID 27004574
HYK2020-0557	FOD-1371	食べログ	食べログ 百名店	百名店	カレー	2020	WEST	山口カリー	大阪府	https://award.tabelog.com/hyakumeiten/curry_west/2020	46232	店舗照合済	食べログ カレー WEST 百名店 2020 / 公式掲載順 57/100 / Tabelog ID 27086717
HYK2020-0558	FOD-1372	食べログ	食べログ 百名店	百名店	カレー	2020	WEST	スパイスチャンバー	京都府	https://award.tabelog.com/hyakumeiten/curry_west/2020	46232	店舗照合済	食べログ カレー WEST 百名店 2020 / 公式掲載順 58/100 / Tabelog ID 26015938
HYK2020-0559	FOD-1373	食べログ	食べログ 百名店	百名店	カレー	2020	WEST	タリカロ	奈良県	https://award.tabelog.com/hyakumeiten/curry_west/2020	46232	店舗照合済	食べログ カレー WEST 百名店 2020 / 公式掲載順 59/100 / Tabelog ID 29008701
HYK2020-0560	FOD-1374	食べログ	食べログ 百名店	百名店	カレー	2020	WEST	辛口飯屋 森元	大阪府	https://award.tabelog.com/hyakumeiten/curry_west/2020	46232	店舗照合済	食べログ カレー WEST 百名店 2020 / 公式掲載順 60/100 / Tabelog ID 27087911
HYK2020-0561	FOD-1375	食べログ	食べログ 百名店	百名店	カレー	2020	WEST	SAVOY	兵庫県	https://award.tabelog.com/hyakumeiten/curry_west/2020	46232	店舗照合済	食べログ カレー WEST 百名店 2020 / 公式掲載順 61/100 / Tabelog ID 28000095
HYK2020-0562	FOD-1376	食べログ	食べログ 百名店	百名店	カレー	2020	WEST	マダム・カリー	大阪府	https://award.tabelog.com/hyakumeiten/curry_west/2020	46232	店舗照合済	食べログ カレー WEST 百名店 2020 / 公式掲載順 62/100 / Tabelog ID 27050578
HYK2020-0563	FOD-1377	食べログ	食べログ 百名店	百名店	カレー	2020	WEST	curry bar nidomi	大阪府	https://award.tabelog.com/hyakumeiten/curry_west/2020	46232	店舗照合済	食べログ カレー WEST 百名店 2020 / 公式掲載順 63/100 / Tabelog ID 27062194
HYK2020-0564	FOD-1378	食べログ	食べログ 百名店	百名店	カレー	2020	WEST	カシミール	大阪府	https://award.tabelog.com/hyakumeiten/curry_west/2020	46232	店舗照合済	食べログ カレー WEST 百名店 2020 / 公式掲載順 64/100 / Tabelog ID 27003694
HYK2020-0565	FOD-0719	食べログ	食べログ 百名店	百名店	カレー	2020	WEST	ボタニカリー	大阪府	https://award.tabelog.com/hyakumeiten/curry_west/2020	46232	店舗照合済	食べログ カレー WEST 百名店 2020 / 公式掲載順 65/100 / Tabelog ID 27073555
HYK2020-0566	FOD-1379	食べログ	食べログ 百名店	百名店	カレー	2020	WEST	スパイスカリー 大陸	大阪府	https://award.tabelog.com/hyakumeiten/curry_west/2020	46232	店舗照合済	食べログ カレー WEST 百名店 2020 / 公式掲載順 66/100 / Tabelog ID 27093666
HYK2020-0567	FOD-1380	食べログ	食べログ 百名店	百名店	カレー	2020	WEST	アングル	兵庫県	https://award.tabelog.com/hyakumeiten/curry_west/2020	46232	店舗照合済	食べログ カレー WEST 百名店 2020 / 公式掲載順 67/100 / Tabelog ID 28000142
HYK2020-0568	FOD-1381	食べログ	食べログ 百名店	百名店	カレー	2020	WEST	スパイス食堂 ニッキ	大阪府	https://award.tabelog.com/hyakumeiten/curry_west/2020	46232	店舗照合済	食べログ カレー WEST 百名店 2020 / 公式掲載順 68/100 / Tabelog ID 27093085
HYK2020-0569	FOD-1382	食べログ	食べログ 百名店	百名店	カレー	2020	WEST	ナヤ インディア ヌール	京都府	https://award.tabelog.com/hyakumeiten/curry_west/2020	46232	店舗照合済	食べログ カレー WEST 百名店 2020 / 公式掲載順 69/100 / Tabelog ID 26021825
HYK2020-0570	FOD-1383	食べログ	食べログ 百名店	百名店	カレー	2020	WEST	インド食堂TADKA	京都府	https://award.tabelog.com/hyakumeiten/curry_west/2020	46232	店舗照合済	食べログ カレー WEST 百名店 2020 / 公式掲載順 70/100 / Tabelog ID 26019333
HYK2020-0571	FOD-1384	食べログ	食べログ 百名店	百名店	カレー	2020	WEST	ラーマ	大阪府	https://award.tabelog.com/hyakumeiten/curry_west/2020	46232	店舗照合済	食べログ カレー WEST 百名店 2020 / 公式掲載順 71/100 / Tabelog ID 27089469
HYK2020-0572	FOD-1385	食べログ	食べログ 百名店	百名店	カレー	2020	WEST	コロンビア エイト 北浜本店	大阪府	https://award.tabelog.com/hyakumeiten/curry_west/2020	46232	店舗照合済	食べログ カレー WEST 百名店 2020 / 公式掲載順 72/100 / Tabelog ID 27015618
HYK2020-0573	FOD-1386	食べログ	食べログ 百名店	百名店	カレー	2020	WEST	定食堂 金剛石	大阪府	https://award.tabelog.com/hyakumeiten/curry_west/2020	46232	店舗照合済	食べログ カレー WEST 百名店 2020 / 公式掲載順 73/100 / Tabelog ID 27097683
HYK2020-0574	FOD-1387	食べログ	食べログ 百名店	百名店	カレー	2020	WEST	バンブルビー	大阪府	https://award.tabelog.com/hyakumeiten/curry_west/2020	46232	店舗照合済	食べログ カレー WEST 百名店 2020 / 公式掲載順 74/100 / Tabelog ID 27007862
HYK2020-0575	FOD-1388	食べログ	食べログ 百名店	百名店	カレー	2020	WEST	ザエカ	福岡県	https://award.tabelog.com/hyakumeiten/curry_west/2020	46232	店舗照合済	食べログ カレー WEST 百名店 2020 / 公式掲載順 75/100 / Tabelog ID 40005367
HYK2020-0576	FOD-1389	食べログ	食べログ 百名店	百名店	カレー	2020	WEST	さぼてん食堂	大阪府	https://award.tabelog.com/hyakumeiten/curry_west/2020	46232	店舗照合済	食べログ カレー WEST 百名店 2020 / 公式掲載順 76/100 / Tabelog ID 27080580
HYK2020-0577	FOD-1390	食べログ	食べログ 百名店	百名店	カレー	2020	WEST	カルダモン．	大阪府	https://award.tabelog.com/hyakumeiten/curry_west/2020	46232	店舗照合済	食べログ カレー WEST 百名店 2020 / 公式掲載順 77/100 / Tabelog ID 27004332
HYK2020-0578	FOD-1391	食べログ	食べログ 百名店	百名店	カレー	2020	WEST	創作カレー ツキノワ	大阪府	https://award.tabelog.com/hyakumeiten/curry_west/2020	46232	店舗照合済	食べログ カレー WEST 百名店 2020 / 公式掲載順 78/100 / Tabelog ID 27092078
HYK2020-0579	FOD-1392	食べログ	食べログ 百名店	百名店	カレー	2020	WEST	106 サウスインディアン 福岡天神店	福岡県	https://award.tabelog.com/hyakumeiten/curry_west/2020	46232	店舗照合済	食べログ カレー WEST 百名店 2020 / 公式掲載順 79/100 / Tabelog ID 40041110
HYK2020-0580	FOD-1393	食べログ	食べログ 百名店	百名店	カレー	2020	WEST	辛激屋	大阪府	https://award.tabelog.com/hyakumeiten/curry_west/2020	46232	店舗照合済	食べログ カレー WEST 百名店 2020 / 公式掲載順 80/100 / Tabelog ID 27011492
HYK2020-0581	FOD-1394	食べログ	食べログ 百名店	百名店	カレー	2020	WEST	カレーや デッカオ	大阪府	https://award.tabelog.com/hyakumeiten/curry_west/2020	46232	店舗照合済	食べログ カレー WEST 百名店 2020 / 公式掲載順 81/100 / Tabelog ID 27091309
HYK2020-0582	FOD-1395	食べログ	食べログ 百名店	百名店	カレー	2020	WEST	ヌワラ カデ	大阪府	https://award.tabelog.com/hyakumeiten/curry_west/2020	46232	店舗照合済	食べログ カレー WEST 百名店 2020 / 公式掲載順 82/100 / Tabelog ID 27085952
HYK2020-0583	FOD-1396	食べログ	食べログ 百名店	百名店	カレー	2020	WEST	辛来飯	大阪府	https://award.tabelog.com/hyakumeiten/curry_west/2020	46232	店舗照合済	食べログ カレー WEST 百名店 2020 / 公式掲載順 83/100 / Tabelog ID 27000068
HYK2020-0584	FOD-1397	食べログ	食べログ 百名店	百名店	カレー	2020	WEST	東方遊酒菜ヌワラエリヤ	福岡県	https://award.tabelog.com/hyakumeiten/curry_west/2020	46232	店舗照合済	食べログ カレー WEST 百名店 2020 / 公式掲載順 84/100 / Tabelog ID 40000407
HYK2020-0585	FOD-1398	食べログ	食べログ 百名店	百名店	カレー	2020	WEST	ラッキーガーデン	奈良県	https://award.tabelog.com/hyakumeiten/curry_west/2020	46232	店舗照合済	食べログ カレー WEST 百名店 2020 / 公式掲載順 85/100 / Tabelog ID 29000010
HYK2020-0586	FOD-1399	食べログ	食べログ 百名店	百名店	カレー	2020	WEST	月と亀	福岡県	https://award.tabelog.com/hyakumeiten/curry_west/2020	46232	店舗照合済	食べログ カレー WEST 百名店 2020 / 公式掲載順 86/100 / Tabelog ID 40036916
HYK2020-0587	FOD-1400	食べログ	食べログ 百名店	百名店	カレー	2020	WEST	ロッダグループ	大阪府	https://award.tabelog.com/hyakumeiten/curry_west/2020	46232	店舗照合済	食べログ カレー WEST 百名店 2020 / 公式掲載順 87/100 / Tabelog ID 27056190
HYK2020-0588	FOD-1401	食べログ	食べログ 百名店	百名店	カレー	2020	WEST	カシミール	富山県	https://award.tabelog.com/hyakumeiten/curry_west/2020	46232	店舗照合済	食べログ カレー WEST 百名店 2020 / 公式掲載順 88/100 / Tabelog ID 16000629
HYK2020-0589	FOD-1402	食べログ	食べログ 百名店	百名店	カレー	2020	WEST	Ghar	大阪府	https://award.tabelog.com/hyakumeiten/curry_west/2020	46232	店舗照合済	食べログ カレー WEST 百名店 2020 / 公式掲載順 89/100 / Tabelog ID 27066220
HYK2020-0590	FOD-1403	食べログ	食べログ 百名店	百名店	カレー	2020	WEST	アララギ	大阪府	https://award.tabelog.com/hyakumeiten/curry_west/2020	46232	店舗照合済	食べログ カレー WEST 百名店 2020 / 公式掲載順 90/100 / Tabelog ID 27053896
HYK2020-0591	FOD-1404	食べログ	食べログ 百名店	百名店	カレー	2020	WEST	あいまい	大阪府	https://award.tabelog.com/hyakumeiten/curry_west/2020	46232	店舗照合済	食べログ カレー WEST 百名店 2020 / 公式掲載順 91/100 / Tabelog ID 27082162
HYK2020-0592	FOD-1405	食べログ	食べログ 百名店	百名店	カレー	2020	WEST	レベルカレー	大阪府	https://award.tabelog.com/hyakumeiten/curry_west/2020	46232	店舗照合済	食べログ カレー WEST 百名店 2020 / 公式掲載順 92/100 / Tabelog ID 27082257
HYK2020-0593	FOD-1406	食べログ	食べログ 百名店	百名店	カレー	2020	WEST	森林食堂	京都府	https://award.tabelog.com/hyakumeiten/curry_west/2020	46232	店舗照合済	食べログ カレー WEST 百名店 2020 / 公式掲載順 93/100 / Tabelog ID 26020410
HYK2020-0594	FOD-1407	食べログ	食べログ 百名店	百名店	カレー	2020	WEST	ポンガラカレー 阪急サン広場店	大阪府	https://award.tabelog.com/hyakumeiten/curry_west/2020	46232	店舗照合済	食べログ カレー WEST 百名店 2020 / 公式掲載順 94/100 / Tabelog ID 27091267
HYK2020-0595	FOD-1408	食べログ	食べログ 百名店	百名店	カレー	2020	WEST	アンナプルナ	大阪府	https://award.tabelog.com/hyakumeiten/curry_west/2020	46232	店舗照合済	食べログ カレー WEST 百名店 2020 / 公式掲載順 95/100 / Tabelog ID 27042046
HYK2020-0596	FOD-1409	食べログ	食べログ 百名店	百名店	カレー	2020	WEST	Tiki	福岡県	https://award.tabelog.com/hyakumeiten/curry_west/2020	46232	店舗照合済	食べログ カレー WEST 百名店 2020 / 公式掲載順 96/100 / Tabelog ID 40032551
HYK2020-0597	FOD-1410	食べログ	食べログ 百名店	百名店	カレー	2020	WEST	シンズキッチン	大阪府	https://award.tabelog.com/hyakumeiten/curry_west/2020	46232	店舗照合済	食べログ カレー WEST 百名店 2020 / 公式掲載順 97/100 / Tabelog ID 27044516
HYK2020-0598	FOD-1411	食べログ	食べログ 百名店	百名店	カレー	2020	WEST	ガネーシュ N 大阪天満宮店	大阪府	https://award.tabelog.com/hyakumeiten/curry_west/2020	46232	店舗照合済	食べログ カレー WEST 百名店 2020 / 公式掲載順 98/100 / Tabelog ID 27065938
HYK2020-0599	FOD-1412	食べログ	食べログ 百名店	百名店	カレー	2020	WEST	インド料理 ショナ・ルパ	兵庫県	https://award.tabelog.com/hyakumeiten/curry_west/2020	46232	店舗照合済	食べログ カレー WEST 百名店 2020 / 公式掲載順 99/100 / Tabelog ID 28000424
HYK2020-0600	FOD-1413	食べログ	食べログ 百名店	百名店	カレー	2020	WEST	カマル	京都府	https://award.tabelog.com/hyakumeiten/curry_west/2020	46232	店舗照合済	食べログ カレー WEST 百名店 2020 / 公式掲載順 100/100 / Tabelog ID 26019639
HYK2020-0601	FOD-1414	食べログ	食べログ 百名店	百名店	ラーメン	2020	TOKYO	はつね	東京都	https://award.tabelog.com/hyakumeiten/ramen_tokyo/2020	46232	店舗照合済	食べログ ラーメン TOKYO 百名店 2020 / 公式掲載順 1/100 / Tabelog ID 13000717
HYK2020-0602	FOD-1415	食べログ	食べログ 百名店	百名店	ラーメン	2020	TOKYO	竹末東京Premium	東京都	https://award.tabelog.com/hyakumeiten/ramen_tokyo/2020	46232	店舗照合済	食べログ ラーメン TOKYO 百名店 2020 / 公式掲載順 2/100 / Tabelog ID 13167920
HYK2020-0603	FOD-1416	食べログ	食べログ 百名店	百名店	ラーメン	2020	TOKYO	八雲	東京都	https://award.tabelog.com/hyakumeiten/ramen_tokyo/2020	46232	店舗照合済	食べログ ラーメン TOKYO 百名店 2020 / 公式掲載順 3/100 / Tabelog ID 13204333
HYK2020-0604	FOD-1417	食べログ	食べログ 百名店	百名店	ラーメン	2020	TOKYO	迂直	東京都	https://award.tabelog.com/hyakumeiten/ramen_tokyo/2020	46232	店舗照合済	食べログ ラーメン TOKYO 百名店 2020 / 公式掲載順 4/100 / Tabelog ID 13229952
HYK2020-0605	FOD-1418	食べログ	食べログ 百名店	百名店	ラーメン	2020	TOKYO	神保町 黒須	東京都	https://award.tabelog.com/hyakumeiten/ramen_tokyo/2020	46232	店舗照合済	食べログ ラーメン TOKYO 百名店 2020 / 公式掲載順 5/100 / Tabelog ID 13201888
HYK2020-0606	FOD-1419	食べログ	食べログ 百名店	百名店	ラーメン	2020	TOKYO	らぁめん小池	東京都	https://award.tabelog.com/hyakumeiten/ramen_tokyo/2020	46232	店舗照合済	食べログ ラーメン TOKYO 百名店 2020 / 公式掲載順 6/100 / Tabelog ID 13172994
HYK2020-0607	FOD-1420	食べログ	食べログ 百名店	百名店	ラーメン	2020	TOKYO	MENSHO	東京都	https://award.tabelog.com/hyakumeiten/ramen_tokyo/2020	46232	店舗照合済	食べログ ラーメン TOKYO 百名店 2020 / 公式掲載順 7/100 / Tabelog ID 13203848
HYK2020-0608	FOD-1421	食べログ	食べログ 百名店	百名店	ラーメン	2020	TOKYO	中華そば うお青	東京都	https://award.tabelog.com/hyakumeiten/ramen_tokyo/2020	46232	店舗照合済	食べログ ラーメン TOKYO 百名店 2020 / 公式掲載順 8/100 / Tabelog ID 13229181
HYK2020-0609	FOD-1422	食べログ	食べログ 百名店	百名店	ラーメン	2020	TOKYO	クラム＆ボニート 貝節麺ライク	東京都	https://award.tabelog.com/hyakumeiten/ramen_tokyo/2020	46232	店舗照合済	食べログ ラーメン TOKYO 百名店 2020 / 公式掲載順 9/100 / Tabelog ID 13219341
HYK2020-0610	FOD-1423	食べログ	食べログ 百名店	百名店	ラーメン	2020	TOKYO	喜楽	東京都	https://award.tabelog.com/hyakumeiten/ramen_tokyo/2020	46232	店舗照合済	食べログ ラーメン TOKYO 百名店 2020 / 公式掲載順 10/100 / Tabelog ID 13001705
HYK2020-0611	FOD-1424	食べログ	食べログ 百名店	百名店	ラーメン	2020	TOKYO	中華そば 多賀野	東京都	https://award.tabelog.com/hyakumeiten/ramen_tokyo/2020	46232	店舗照合済	食べログ ラーメン TOKYO 百名店 2020 / 公式掲載順 11/100 / Tabelog ID 13003421
HYK2020-0612	FOD-0739	食べログ	食べログ 百名店	百名店	ラーメン	2020	TOKYO	麺尊 RAGE	東京都	https://award.tabelog.com/hyakumeiten/ramen_tokyo/2020	46232	店舗照合済	食べログ ラーメン TOKYO 百名店 2020 / 公式掲載順 12/100 / Tabelog ID 13178309
HYK2020-0613	FOD-1425	食べログ	食べログ 百名店	百名店	ラーメン	2020	TOKYO	ほっこり中華そば もつけ	東京都	https://award.tabelog.com/hyakumeiten/ramen_tokyo/2020	46232	店舗照合済	食べログ ラーメン TOKYO 百名店 2020 / 公式掲載順 13/100 / Tabelog ID 13192847
HYK2020-0614	FOD-1426	食べログ	食べログ 百名店	百名店	ラーメン	2020	TOKYO	新橋 纏	東京都	https://award.tabelog.com/hyakumeiten/ramen_tokyo/2020	46232	店舗照合済	食べログ ラーメン TOKYO 百名店 2020 / 公式掲載順 14/100 / Tabelog ID 13156937
HYK2020-0615	FOD-1427	食べログ	食べログ 百名店	百名店	ラーメン	2020	TOKYO	食堂七彩	東京都	https://award.tabelog.com/hyakumeiten/ramen_tokyo/2020	46232	店舗照合済	食べログ ラーメン TOKYO 百名店 2020 / 公式掲載順 15/100 / Tabelog ID 13145418
HYK2020-0616	FOD-1428	食べログ	食べログ 百名店	百名店	ラーメン	2020	TOKYO	月曜日は煮干rabo	東京都	https://award.tabelog.com/hyakumeiten/ramen_tokyo/2020	46232	店舗照合済	食べログ ラーメン TOKYO 百名店 2020 / 公式掲載順 16/100 / Tabelog ID 13229593
HYK2020-0617	FOD-1429	食べログ	食べログ 百名店	百名店	ラーメン	2020	TOKYO	麺庵ちとせ	東京都	https://award.tabelog.com/hyakumeiten/ramen_tokyo/2020	46232	店舗照合済	食べログ ラーメン TOKYO 百名店 2020 / 公式掲載順 17/100 / Tabelog ID 13182327
HYK2020-0618	FOD-1430	食べログ	食べログ 百名店	百名店	ラーメン	2020	TOKYO	麺処 篠はら	東京都	https://award.tabelog.com/hyakumeiten/ramen_tokyo/2020	46232	店舗照合済	食べログ ラーメン TOKYO 百名店 2020 / 公式掲載順 18/100 / Tabelog ID 13188419
HYK2020-0619	FOD-1431	食べログ	食べログ 百名店	百名店	ラーメン	2020	TOKYO	麺屋 翔 本店	東京都	https://award.tabelog.com/hyakumeiten/ramen_tokyo/2020	46232	店舗照合済	食べログ ラーメン TOKYO 百名店 2020 / 公式掲載順 19/100 / Tabelog ID 13040181
HYK2020-0620	FOD-1432	食べログ	食べログ 百名店	百名店	ラーメン	2020	TOKYO	煮干そば 流。	東京都	https://award.tabelog.com/hyakumeiten/ramen_tokyo/2020	46232	店舗照合済	食べログ ラーメン TOKYO 百名店 2020 / 公式掲載順 20/100 / Tabelog ID 13175140
HYK2020-0621	FOD-1433	食べログ	食べログ 百名店	百名店	ラーメン	2020	TOKYO	超純水採麺 天国屋	東京都	https://award.tabelog.com/hyakumeiten/ramen_tokyo/2020	46232	店舗照合済	食べログ ラーメン TOKYO 百名店 2020 / 公式掲載順 21/100 / Tabelog ID 13162732
HYK2020-0622	FOD-1434	食べログ	食べログ 百名店	百名店	ラーメン	2020	TOKYO	中華そば屋 伊藤	東京都	https://award.tabelog.com/hyakumeiten/ramen_tokyo/2020	46232	店舗照合済	食べログ ラーメン TOKYO 百名店 2020 / 公式掲載順 22/100 / Tabelog ID 13008779
HYK2020-0623	FOD-1435	食べログ	食べログ 百名店	百名店	ラーメン	2020	TOKYO	四川担担麺 阿吽 湯島本店	東京都	https://award.tabelog.com/hyakumeiten/ramen_tokyo/2020	46232	店舗照合済	食べログ ラーメン TOKYO 百名店 2020 / 公式掲載順 23/100 / Tabelog ID 13042564
HYK2020-0624	FOD-1436	食べログ	食べログ 百名店	百名店	ラーメン	2020	TOKYO	麺 みつヰ	東京都	https://award.tabelog.com/hyakumeiten/ramen_tokyo/2020	46232	店舗照合済	食べログ ラーメン TOKYO 百名店 2020 / 公式掲載順 24/100 / Tabelog ID 13203387
HYK2020-0625	FOD-1437	食べログ	食べログ 百名店	百名店	ラーメン	2020	TOKYO	つけ麺 五ノ神製作所 新宿店	東京都	https://award.tabelog.com/hyakumeiten/ramen_tokyo/2020	46232	店舗照合済	食べログ ラーメン TOKYO 百名店 2020 / 公式掲載順 25/100 / Tabelog ID 13120708
HYK2020-0626	FOD-1438	食べログ	食べログ 百名店	百名店	ラーメン	2020	TOKYO	麺屋吉左右	東京都	https://award.tabelog.com/hyakumeiten/ramen_tokyo/2020	46232	店舗照合済	食べログ ラーメン TOKYO 百名店 2020 / 公式掲載順 26/100 / Tabelog ID 13021140
HYK2020-0627	FOD-1439	食べログ	食べログ 百名店	百名店	ラーメン	2020	TOKYO	ラーメン巌哲	東京都	https://award.tabelog.com/hyakumeiten/ramen_tokyo/2020	46232	店舗照合済	食べログ ラーメン TOKYO 百名店 2020 / 公式掲載順 27/100 / Tabelog ID 13167439
HYK2020-0628	FOD-1440	食べログ	食べログ 百名店	百名店	ラーメン	2020	TOKYO	らーめん飛粋	東京都	https://award.tabelog.com/hyakumeiten/ramen_tokyo/2020	46232	店舗照合済	食べログ ラーメン TOKYO 百名店 2020 / 公式掲載順 28/100 / Tabelog ID 13217922
HYK2020-0629	FOD-1441	食べログ	食べログ 百名店	百名店	ラーメン	2020	TOKYO	ラーメン大至	東京都	https://award.tabelog.com/hyakumeiten/ramen_tokyo/2020	46232	店舗照合済	食べログ ラーメン TOKYO 百名店 2020 / 公式掲載順 29/100 / Tabelog ID 13042832
HYK2020-0630	FOD-1442	食べログ	食べログ 百名店	百名店	ラーメン	2020	TOKYO	麺や 七彩	東京都	https://award.tabelog.com/hyakumeiten/ramen_tokyo/2020	46232	店舗照合済	食べログ ラーメン TOKYO 百名店 2020 / 公式掲載順 30/100 / Tabelog ID 13184399
HYK2020-0631	FOD-1443	食べログ	食べログ 百名店	百名店	ラーメン	2020	TOKYO	銀座 八五	東京都	https://award.tabelog.com/hyakumeiten/ramen_tokyo/2020	46232	店舗照合済	食べログ ラーメン TOKYO 百名店 2020 / 公式掲載順 31/100 / Tabelog ID 13228602
HYK2020-0632	FOD-1444	食べログ	食べログ 百名店	百名店	ラーメン	2020	TOKYO	SOBA HOUSE 金色不如帰 新宿御苑本店	東京都	https://award.tabelog.com/hyakumeiten/ramen_tokyo/2020	46232	店舗照合済	食べログ ラーメン TOKYO 百名店 2020 / 公式掲載順 32/100 / Tabelog ID 13222172
HYK2020-0633	FOD-1445	食べログ	食べログ 百名店	百名店	ラーメン	2020	TOKYO	中華そば ふくみみ	東京都	https://award.tabelog.com/hyakumeiten/ramen_tokyo/2020	46232	店舗照合済	食べログ ラーメン TOKYO 百名店 2020 / 公式掲載順 33/100 / Tabelog ID 13016486
HYK2020-0634	FOD-1446	食べログ	食べログ 百名店	百名店	ラーメン	2020	TOKYO	RAMEN GOTTSU	東京都	https://award.tabelog.com/hyakumeiten/ramen_tokyo/2020	46232	店舗照合済	食べログ ラーメン TOKYO 百名店 2020 / 公式掲載順 34/100 / Tabelog ID 13153294
HYK2020-0635	FOD-1447	食べログ	食べログ 百名店	百名店	ラーメン	2020	TOKYO	つけ麺 道	東京都	https://award.tabelog.com/hyakumeiten/ramen_tokyo/2020	46232	店舗照合済	食べログ ラーメン TOKYO 百名店 2020 / 公式掲載順 35/100 / Tabelog ID 13094595
HYK2020-0636	FOD-1448	食べログ	食べログ 百名店	百名店	ラーメン	2020	TOKYO	中華そば　堀川	東京都	https://award.tabelog.com/hyakumeiten/ramen_tokyo/2020	46232	店舗照合済	食べログ ラーメン TOKYO 百名店 2020 / 公式掲載順 36/100 / Tabelog ID 13243173
HYK2020-0637	FOD-1449	食べログ	食べログ 百名店	百名店	ラーメン	2020	TOKYO	鶏そば  ムタヒロ 2号店	東京都	https://award.tabelog.com/hyakumeiten/ramen_tokyo/2020	46232	店舗照合済	食べログ ラーメン TOKYO 百名店 2020 / 公式掲載順 37/100 / Tabelog ID 13147068
HYK2020-0638	FOD-1450	食べログ	食べログ 百名店	百名店	ラーメン	2020	TOKYO	RAMEN CiQUE	東京都	https://award.tabelog.com/hyakumeiten/ramen_tokyo/2020	46232	店舗照合済	食べログ ラーメン TOKYO 百名店 2020 / 公式掲載順 38/100 / Tabelog ID 13048520
HYK2020-0639	FOD-1451	食べログ	食べログ 百名店	百名店	ラーメン	2020	TOKYO	煮干鰮らーめん 圓 八王子本店	東京都	https://award.tabelog.com/hyakumeiten/ramen_tokyo/2020	46232	店舗照合済	食べログ ラーメン TOKYO 百名店 2020 / 公式掲載順 39/100 / Tabelog ID 13091258
HYK2020-0640	FOD-1452	食べログ	食べログ 百名店	百名店	ラーメン	2020	TOKYO	勝本 水道橋店	東京都	https://award.tabelog.com/hyakumeiten/ramen_tokyo/2020	46232	店舗照合済	食べログ ラーメン TOKYO 百名店 2020 / 公式掲載順 40/100 / Tabelog ID 13179757
HYK2020-0641	FOD-1453	食べログ	食べログ 百名店	百名店	ラーメン	2020	TOKYO	手打式超多加水麺 ののくら	東京都	https://award.tabelog.com/hyakumeiten/ramen_tokyo/2020	46232	店舗照合済	食べログ ラーメン TOKYO 百名店 2020 / 公式掲載順 41/100 / Tabelog ID 13215713
HYK2020-0642	FOD-1454	食べログ	食べログ 百名店	百名店	ラーメン	2020	TOKYO	中華そば べんてん	東京都	https://award.tabelog.com/hyakumeiten/ramen_tokyo/2020	46232	店舗照合済	食べログ ラーメン TOKYO 百名店 2020 / 公式掲載順 42/100 / Tabelog ID 13200351
HYK2020-0643	FOD-1455	食べログ	食べログ 百名店	百名店	ラーメン	2020	TOKYO	中華ソバ 伊吹	東京都	https://award.tabelog.com/hyakumeiten/ramen_tokyo/2020	46232	店舗照合済	食べログ ラーメン TOKYO 百名店 2020 / 公式掲載順 43/100 / Tabelog ID 13163874
HYK2020-0644	FOD-1456	食べログ	食べログ 百名店	百名店	ラーメン	2020	TOKYO	らぁめん山と樹	東京都	https://award.tabelog.com/hyakumeiten/ramen_tokyo/2020	46232	店舗照合済	食べログ ラーメン TOKYO 百名店 2020 / 公式掲載順 44/100 / Tabelog ID 13204607
HYK2020-0645	FOD-1457	食べログ	食べログ 百名店	百名店	ラーメン	2020	TOKYO	Ramen　にじゅうぶんのいち	東京都	https://award.tabelog.com/hyakumeiten/ramen_tokyo/2020	46232	店舗照合済	食べログ ラーメン TOKYO 百名店 2020 / 公式掲載順 45/100 / Tabelog ID 13147594
HYK2020-0646	FOD-1458	食べログ	食べログ 百名店	百名店	ラーメン	2020	TOKYO	むぎとオリーブ 銀座店	東京都	https://award.tabelog.com/hyakumeiten/ramen_tokyo/2020	46232	店舗照合済	食べログ ラーメン TOKYO 百名店 2020 / 公式掲載順 46/100 / Tabelog ID 13164932
HYK2020-0647	FOD-1459	食べログ	食べログ 百名店	百名店	ラーメン	2020	TOKYO	宍道湖しじみ中華蕎麦 琥珀	東京都	https://award.tabelog.com/hyakumeiten/ramen_tokyo/2020	46232	店舗照合済	食べログ ラーメン TOKYO 百名店 2020 / 公式掲載順 47/100 / Tabelog ID 13234195
HYK2020-0648	FOD-0649	食べログ	食べログ 百名店	百名店	ラーメン	2020	TOKYO	中華そば しば田	東京都	https://award.tabelog.com/hyakumeiten/ramen_tokyo/2020	46232	店舗照合済	食べログ ラーメン TOKYO 百名店 2020 / 公式掲載順 48/100 / Tabelog ID 13162681
HYK2020-0649	FOD-1460	食べログ	食べログ 百名店	百名店	ラーメン	2020	TOKYO	鶏こく中華 すず喜	東京都	https://award.tabelog.com/hyakumeiten/ramen_tokyo/2020	46232	店舗照合済	食べログ ラーメン TOKYO 百名店 2020 / 公式掲載順 49/100 / Tabelog ID 13215409
HYK2020-0650	FOD-1461	食べログ	食べログ 百名店	百名店	ラーメン	2020	TOKYO	麺や金時	東京都	https://award.tabelog.com/hyakumeiten/ramen_tokyo/2020	46232	店舗照合済	食べログ ラーメン TOKYO 百名店 2020 / 公式掲載順 50/100 / Tabelog ID 13139195
HYK2020-0651	FOD-1462	食べログ	食べログ 百名店	百名店	ラーメン	2020	TOKYO	神名備	東京都	https://award.tabelog.com/hyakumeiten/ramen_tokyo/2020	46232	店舗照合済	食べログ ラーメン TOKYO 百名店 2020 / 公式掲載順 51/100 / Tabelog ID 13006070
HYK2020-0652	FOD-1463	食べログ	食べログ 百名店	百名店	ラーメン	2020	TOKYO	麺屋 さくら井	東京都	https://award.tabelog.com/hyakumeiten/ramen_tokyo/2020	46232	店舗照合済	食べログ ラーメン TOKYO 百名店 2020 / 公式掲載順 52/100 / Tabelog ID 13202438
HYK2020-0653	FOD-1464	食べログ	食べログ 百名店	百名店	ラーメン	2020	TOKYO	らぁ麺やまぐち	東京都	https://award.tabelog.com/hyakumeiten/ramen_tokyo/2020	46232	店舗照合済	食べログ ラーメン TOKYO 百名店 2020 / 公式掲載順 53/100 / Tabelog ID 13151200
HYK2020-0654	FOD-1465	食べログ	食べログ 百名店	百名店	ラーメン	2020	TOKYO	かしわぎ	東京都	https://award.tabelog.com/hyakumeiten/ramen_tokyo/2020	46232	店舗照合済	食べログ ラーメン TOKYO 百名店 2020 / 公式掲載順 54/100 / Tabelog ID 13209326
HYK2020-0655	FOD-1466	食べログ	食べログ 百名店	百名店	ラーメン	2020	TOKYO	スパイス・ラー麺 卍力 西葛西店	東京都	https://award.tabelog.com/hyakumeiten/ramen_tokyo/2020	46232	店舗照合済	食べログ ラーメン TOKYO 百名店 2020 / 公式掲載順 55/100 / Tabelog ID 13168253
HYK2020-0656	FOD-1467	食べログ	食べログ 百名店	百名店	ラーメン	2020	TOKYO	純手打ち だるま	東京都	https://award.tabelog.com/hyakumeiten/ramen_tokyo/2020	46232	店舗照合済	食べログ ラーメン TOKYO 百名店 2020 / 公式掲載順 56/100 / Tabelog ID 13218715
HYK2020-0657	FOD-1468	食べログ	食べログ 百名店	百名店	ラーメン	2020	TOKYO	はやし	東京都	https://award.tabelog.com/hyakumeiten/ramen_tokyo/2020	46232	店舗照合済	食べログ ラーメン TOKYO 百名店 2020 / 公式掲載順 57/100 / Tabelog ID 13003367
HYK2020-0658	FOD-1469	食べログ	食べログ 百名店	百名店	ラーメン	2020	TOKYO	スープメン	東京都	https://award.tabelog.com/hyakumeiten/ramen_tokyo/2020	46232	店舗照合済	食べログ ラーメン TOKYO 百名店 2020 / 公式掲載順 58/100 / Tabelog ID 13227469
HYK2020-0659	FOD-1470	食べログ	食べログ 百名店	百名店	ラーメン	2020	TOKYO	麺処 晴	東京都	https://award.tabelog.com/hyakumeiten/ramen_tokyo/2020	46232	店舗照合済	食べログ ラーメン TOKYO 百名店 2020 / 公式掲載順 59/100 / Tabelog ID 13143115
HYK2020-0660	FOD-1471	食べログ	食べログ 百名店	百名店	ラーメン	2020	TOKYO	田中商店 本店	東京都	https://award.tabelog.com/hyakumeiten/ramen_tokyo/2020	46232	店舗照合済	食べログ ラーメン TOKYO 百名店 2020 / 公式掲載順 60/100 / Tabelog ID 13003726
HYK2020-0661	FOD-1472	食べログ	食べログ 百名店	百名店	ラーメン	2020	TOKYO	麺屋 はし本	東京都	https://award.tabelog.com/hyakumeiten/ramen_tokyo/2020	46232	店舗照合済	食べログ ラーメン TOKYO 百名店 2020 / 公式掲載順 61/100 / Tabelog ID 13205769
HYK2020-0662	FOD-1473	食べログ	食べログ 百名店	百名店	ラーメン	2020	TOKYO	キング製麺	東京都	https://award.tabelog.com/hyakumeiten/ramen_tokyo/2020	46232	店舗照合済	食べログ ラーメン TOKYO 百名店 2020 / 公式掲載順 62/100 / Tabelog ID 13232817
HYK2020-0663	FOD-1474	食べログ	食べログ 百名店	百名店	ラーメン	2020	TOKYO	麺処 しろくろ	東京都	https://award.tabelog.com/hyakumeiten/ramen_tokyo/2020	46232	店舗照合済	食べログ ラーメン TOKYO 百名店 2020 / 公式掲載順 63/100 / Tabelog ID 13242508
HYK2020-0664	FOD-1475	食べログ	食べログ 百名店	百名店	ラーメン	2020	TOKYO	銀座 朧月	東京都	https://award.tabelog.com/hyakumeiten/ramen_tokyo/2020	46232	店舗照合済	食べログ ラーメン TOKYO 百名店 2020 / 公式掲載順 64/100 / Tabelog ID 13118141
HYK2020-0665	FOD-1476	食べログ	食べログ 百名店	百名店	ラーメン	2020	TOKYO	饗 くろ喜	東京都	https://award.tabelog.com/hyakumeiten/ramen_tokyo/2020	46232	店舗照合済	食べログ ラーメン TOKYO 百名店 2020 / 公式掲載順 65/100 / Tabelog ID 13127743
HYK2020-0666	FOD-1477	食べログ	食べログ 百名店	百名店	ラーメン	2020	TOKYO	麺処 ほん田 秋葉原本店	東京都	https://award.tabelog.com/hyakumeiten/ramen_tokyo/2020	46232	店舗照合済	食べログ ラーメン TOKYO 百名店 2020 / 公式掲載順 66/100 / Tabelog ID 13246285
HYK2020-0667	FOD-1478	食べログ	食べログ 百名店	百名店	ラーメン	2020	TOKYO	自家製中華そば としおか	東京都	https://award.tabelog.com/hyakumeiten/ramen_tokyo/2020	46232	店舗照合済	食べログ ラーメン TOKYO 百名店 2020 / 公式掲載順 67/100 / Tabelog ID 13182315
HYK2020-0668	FOD-1479	食べログ	食べログ 百名店	百名店	ラーメン	2020	TOKYO	中華そば 西川	東京都	https://award.tabelog.com/hyakumeiten/ramen_tokyo/2020	46232	店舗照合済	食べログ ラーメン TOKYO 百名店 2020 / 公式掲載順 68/100 / Tabelog ID 13213036
HYK2020-0669	FOD-1480	食べログ	食べログ 百名店	百名店	ラーメン	2020	TOKYO	創作麺工房 鳴龍	東京都	https://award.tabelog.com/hyakumeiten/ramen_tokyo/2020	46232	店舗照合済	食べログ ラーメン TOKYO 百名店 2020 / 公式掲載順 69/100 / Tabelog ID 13141302
HYK2020-0670	FOD-1481	食べログ	食べログ 百名店	百名店	ラーメン	2020	TOKYO	麺屋ひょっとこ 交通会館店	東京都	https://award.tabelog.com/hyakumeiten/ramen_tokyo/2020	46232	店舗照合済	食べログ ラーメン TOKYO 百名店 2020 / 公式掲載順 70/100 / Tabelog ID 13046637
HYK2020-0671	FOD-1482	食べログ	食べログ 百名店	百名店	ラーメン	2020	TOKYO	麺屋 Hulu-lu	東京都	https://award.tabelog.com/hyakumeiten/ramen_tokyo/2020	46232	店舗照合済	食べログ ラーメン TOKYO 百名店 2020 / 公式掲載順 71/100 / Tabelog ID 13136428
HYK2020-0672	FOD-1483	食べログ	食べログ 百名店	百名店	ラーメン	2020	TOKYO	麺処 びぎ屋	東京都	https://award.tabelog.com/hyakumeiten/ramen_tokyo/2020	46232	店舗照合済	食べログ ラーメン TOKYO 百名店 2020 / 公式掲載順 72/100 / Tabelog ID 13093976
HYK2020-0673	FOD-1484	食べログ	食べログ 百名店	百名店	ラーメン	2020	TOKYO	らーめん改	東京都	https://award.tabelog.com/hyakumeiten/ramen_tokyo/2020	46232	店舗照合済	食べログ ラーメン TOKYO 百名店 2020 / 公式掲載順 73/100 / Tabelog ID 13191776
HYK2020-0674	FOD-1485	食べログ	食べログ 百名店	百名店	ラーメン	2020	TOKYO	中華そば 児ノ木	東京都	https://award.tabelog.com/hyakumeiten/ramen_tokyo/2020	46232	店舗照合済	食べログ ラーメン TOKYO 百名店 2020 / 公式掲載順 74/100 / Tabelog ID 13154006
HYK2020-0675	FOD-1486	食べログ	食べログ 百名店	百名店	ラーメン	2020	TOKYO	青島食堂 秋葉原店	東京都	https://award.tabelog.com/hyakumeiten/ramen_tokyo/2020	46232	店舗照合済	食べログ ラーメン TOKYO 百名店 2020 / 公式掲載順 75/100 / Tabelog ID 13094776
HYK2020-0676	FOD-1487	食べログ	食べログ 百名店	百名店	ラーメン	2020	TOKYO	ラーメン二郎 三田本店	東京都	https://award.tabelog.com/hyakumeiten/ramen_tokyo/2020	46232	店舗照合済	食べログ ラーメン TOKYO 百名店 2020 / 公式掲載順 76/100 / Tabelog ID 13006051
HYK2020-0677	FOD-1488	食べログ	食べログ 百名店	百名店	ラーメン	2020	TOKYO	中華そば 和渦 TOKYO	東京都	https://award.tabelog.com/hyakumeiten/ramen_tokyo/2020	46232	店舗照合済	食べログ ラーメン TOKYO 百名店 2020 / 公式掲載順 77/100 / Tabelog ID 13233678
HYK2020-0678	FOD-1489	食べログ	食べログ 百名店	百名店	ラーメン	2020	TOKYO	ラーメン屋 トイ・ボックス	東京都	https://award.tabelog.com/hyakumeiten/ramen_tokyo/2020	46232	店舗照合済	食べログ ラーメン TOKYO 百名店 2020 / 公式掲載順 78/100 / Tabelog ID 13162973
HYK2020-0679	FOD-1490	食べログ	食べログ 百名店	百名店	ラーメン	2020	TOKYO	一番いちばん	東京都	https://award.tabelog.com/hyakumeiten/ramen_tokyo/2020	46232	店舗照合済	食べログ ラーメン TOKYO 百名店 2020 / 公式掲載順 79/100 / Tabelog ID 13001469
HYK2020-0680	FOD-1491	食べログ	食べログ 百名店	百名店	ラーメン	2020	TOKYO	らーめんMAIKAGURA	東京都	https://award.tabelog.com/hyakumeiten/ramen_tokyo/2020	46232	店舗照合済	食べログ ラーメン TOKYO 百名店 2020 / 公式掲載順 80/100 / Tabelog ID 13218425
HYK2020-0681	FOD-1492	食べログ	食べログ 百名店	百名店	ラーメン	2020	TOKYO	たんたん亭	東京都	https://award.tabelog.com/hyakumeiten/ramen_tokyo/2020	46232	店舗照合済	食べログ ラーメン TOKYO 百名店 2020 / 公式掲載順 81/100 / Tabelog ID 13000705
HYK2020-0682	FOD-1493	食べログ	食べログ 百名店	百名店	ラーメン	2020	TOKYO	中華そば 満鶏軒	東京都	https://award.tabelog.com/hyakumeiten/ramen_tokyo/2020	46232	店舗照合済	食べログ ラーメン TOKYO 百名店 2020 / 公式掲載順 82/100 / Tabelog ID 13220773
HYK2020-0683	FOD-1494	食べログ	食べログ 百名店	百名店	ラーメン	2020	TOKYO	ラーメン 健やか	東京都	https://award.tabelog.com/hyakumeiten/ramen_tokyo/2020	46232	店舗照合済	食べログ ラーメン TOKYO 百名店 2020 / 公式掲載順 83/100 / Tabelog ID 13207054
HYK2020-0684	FOD-1495	食べログ	食べログ 百名店	百名店	ラーメン	2020	TOKYO	六厘舎	東京都	https://award.tabelog.com/hyakumeiten/ramen_tokyo/2020	46232	店舗照合済	食べログ ラーメン TOKYO 百名店 2020 / 公式掲載順 84/100 / Tabelog ID 13093047
HYK2020-0685	FOD-1496	食べログ	食べログ 百名店	百名店	ラーメン	2020	TOKYO	風雲児	東京都	https://award.tabelog.com/hyakumeiten/ramen_tokyo/2020	46232	店舗照合済	食べログ ラーメン TOKYO 百名店 2020 / 公式掲載順 85/100 / Tabelog ID 13044091
HYK2020-0686	FOD-1497	食べログ	食べログ 百名店	百名店	ラーメン	2020	TOKYO	らぁめん 葉月	東京都	https://award.tabelog.com/hyakumeiten/ramen_tokyo/2020	46232	店舗照合済	食べログ ラーメン TOKYO 百名店 2020 / 公式掲載順 86/100 / Tabelog ID 13008248
HYK2020-0687	FOD-1498	食べログ	食べログ 百名店	百名店	ラーメン	2020	TOKYO	中華蕎麦 蘭鋳	東京都	https://award.tabelog.com/hyakumeiten/ramen_tokyo/2020	46232	店舗照合済	食べログ ラーメン TOKYO 百名店 2020 / 公式掲載順 87/100 / Tabelog ID 13113532
HYK2020-0688	FOD-1499	食べログ	食べログ 百名店	百名店	ラーメン	2020	TOKYO	らぁ麺 はやし田 新宿本店	東京都	https://award.tabelog.com/hyakumeiten/ramen_tokyo/2020	46232	店舗照合済	食べログ ラーメン TOKYO 百名店 2020 / 公式掲載順 88/100 / Tabelog ID 13216496
HYK2020-0689	FOD-1500	食べログ	食べログ 百名店	百名店	ラーメン	2020	TOKYO	寿製麺 よしかわ 西台駅前店	東京都	https://award.tabelog.com/hyakumeiten/ramen_tokyo/2020	46232	店舗照合済	食べログ ラーメン TOKYO 百名店 2020 / 公式掲載順 89/100 / Tabelog ID 13228611
HYK2020-0690	FOD-1501	食べログ	食べログ 百名店	百名店	ラーメン	2020	TOKYO	純手打ち 麺と未来	東京都	https://award.tabelog.com/hyakumeiten/ramen_tokyo/2020	46232	店舗照合済	食べログ ラーメン TOKYO 百名店 2020 / 公式掲載順 90/100 / Tabelog ID 13221486
HYK2020-0691	FOD-1502	食べログ	食べログ 百名店	百名店	ラーメン	2020	TOKYO	メンドコロ キナリ	東京都	https://award.tabelog.com/hyakumeiten/ramen_tokyo/2020	46232	店舗照合済	食べログ ラーメン TOKYO 百名店 2020 / 公式掲載順 91/100 / Tabelog ID 13221001
HYK2020-0692	FOD-1503	食べログ	食べログ 百名店	百名店	ラーメン	2020	TOKYO	町田汁場 しおらーめん進化 本店	東京都	https://award.tabelog.com/hyakumeiten/ramen_tokyo/2020	46232	店舗照合済	食べログ ラーメン TOKYO 百名店 2020 / 公式掲載順 92/100 / Tabelog ID 13050023
HYK2020-0693	FOD-1504	食べログ	食べログ 百名店	百名店	ラーメン	2020	TOKYO	燦燦斗	東京都	https://award.tabelog.com/hyakumeiten/ramen_tokyo/2020	46232	店舗照合済	食べログ ラーメン TOKYO 百名店 2020 / 公式掲載順 93/100 / Tabelog ID 13038064
HYK2020-0694	FOD-1505	食べログ	食べログ 百名店	百名店	ラーメン	2020	TOKYO	麺屋海神 新宿店	東京都	https://award.tabelog.com/hyakumeiten/ramen_tokyo/2020	46232	店舗照合済	食べログ ラーメン TOKYO 百名店 2020 / 公式掲載順 94/100 / Tabelog ID 13045287
HYK2020-0695	FOD-1506	食べログ	食べログ 百名店	百名店	ラーメン	2020	TOKYO	煮干しつけ麺 宮元	東京都	https://award.tabelog.com/hyakumeiten/ramen_tokyo/2020	46232	店舗照合済	食べログ ラーメン TOKYO 百名店 2020 / 公式掲載順 95/100 / Tabelog ID 13180862
HYK2020-0696	FOD-1507	食べログ	食べログ 百名店	百名店	ラーメン	2020	TOKYO	八咫烏	東京都	https://award.tabelog.com/hyakumeiten/ramen_tokyo/2020	46232	店舗照合済	食べログ ラーメン TOKYO 百名店 2020 / 公式掲載順 96/100 / Tabelog ID 13198710
HYK2020-0697	FOD-0740	食べログ	食べログ 百名店	百名店	ラーメン	2020	TOKYO	麺屋一燈	東京都	https://award.tabelog.com/hyakumeiten/ramen_tokyo/2020	46232	店舗照合済	食べログ ラーメン TOKYO 百名店 2020 / 公式掲載順 97/100 / Tabelog ID 13111737
HYK2020-0698	FOD-1508	食べログ	食べログ 百名店	百名店	ラーメン	2020	TOKYO	こうかいぼう	東京都	https://award.tabelog.com/hyakumeiten/ramen_tokyo/2020	46232	店舗照合済	食べログ ラーメン TOKYO 百名店 2020 / 公式掲載順 98/100 / Tabelog ID 13005052
HYK2020-0699	FOD-1509	食べログ	食べログ 百名店	百名店	ラーメン	2020	TOKYO	麺処 銀笹	東京都	https://award.tabelog.com/hyakumeiten/ramen_tokyo/2020	46232	店舗照合済	食べログ ラーメン TOKYO 百名店 2020 / 公式掲載順 99/100 / Tabelog ID 13119563
HYK2020-0700	FOD-1510	食べログ	食べログ 百名店	百名店	ラーメン	2020	TOKYO	中華蕎麦にし乃	東京都	https://award.tabelog.com/hyakumeiten/ramen_tokyo/2020	46232	店舗照合済	食べログ ラーメン TOKYO 百名店 2020 / 公式掲載順 100/100 / Tabelog ID 13218311
HYK2020-0701	FOD-1511	食べログ	食べログ 百名店	百名店	ラーメン	2020	EAST	下前商店	神奈川県	https://award.tabelog.com/hyakumeiten/ramen_east/2020	46232	店舗照合済	食べログ ラーメン EAST 百名店 2020 / 公式掲載順 1/100 / Tabelog ID 14011334
HYK2020-0702	FOD-1512	食べログ	食べログ 百名店	百名店	ラーメン	2020	EAST	狼スープ	北海道	https://award.tabelog.com/hyakumeiten/ramen_east/2020	46232	店舗照合済	食べログ ラーメン EAST 百名店 2020 / 公式掲載順 2/100 / Tabelog ID 1000799
HYK2020-0703	FOD-1513	食べログ	食べログ 百名店	百名店	ラーメン	2020	EAST	らーめん いのうえ	神奈川県	https://award.tabelog.com/hyakumeiten/ramen_east/2020	46232	店舗照合済	食べログ ラーメン EAST 百名店 2020 / 公式掲載順 3/100 / Tabelog ID 14054147
HYK2020-0704	FOD-1514	食べログ	食べログ 百名店	百名店	ラーメン	2020	EAST	櫻井中華そば店	神奈川県	https://award.tabelog.com/hyakumeiten/ramen_east/2020	46232	店舗照合済	食べログ ラーメン EAST 百名店 2020 / 公式掲載順 4/100 / Tabelog ID 14068897
HYK2020-0705	FOD-1515	食べログ	食べログ 百名店	百名店	ラーメン	2020	EAST	寿々喜家	神奈川県	https://award.tabelog.com/hyakumeiten/ramen_east/2020	46232	店舗照合済	食べログ ラーメン EAST 百名店 2020 / 公式掲載順 5/100 / Tabelog ID 14000063
HYK2020-0706	FOD-1516	食べログ	食べログ 百名店	百名店	ラーメン	2020	EAST	らーめん佳	北海道	https://award.tabelog.com/hyakumeiten/ramen_east/2020	46232	店舗照合済	食べログ ラーメン EAST 百名店 2020 / 公式掲載順 6/100 / Tabelog ID 1007919
HYK2020-0707	FOD-1517	食べログ	食べログ 百名店	百名店	ラーメン	2020	EAST	うまいヨゆうちゃんラーメン	神奈川県	https://award.tabelog.com/hyakumeiten/ramen_east/2020	46232	店舗照合済	食べログ ラーメン EAST 百名店 2020 / 公式掲載順 7/100 / Tabelog ID 14057313
HYK2020-0708	FOD-1518	食べログ	食べログ 百名店	百名店	ラーメン	2020	EAST	ラーメン二郎 中山駅前店	神奈川県	https://award.tabelog.com/hyakumeiten/ramen_east/2020	46232	店舗照合済	食べログ ラーメン EAST 百名店 2020 / 公式掲載順 8/100 / Tabelog ID 14038422
HYK2020-0709	FOD-1519	食べログ	食べログ 百名店	百名店	ラーメン	2020	EAST	流星軒	神奈川県	https://award.tabelog.com/hyakumeiten/ramen_east/2020	46232	店舗照合済	食べログ ラーメン EAST 百名店 2020 / 公式掲載順 9/100 / Tabelog ID 14000569
HYK2020-0710	FOD-1520	食べログ	食べログ 百名店	百名店	ラーメン	2020	EAST	狼煙 本店	埼玉県	https://award.tabelog.com/hyakumeiten/ramen_east/2020	46232	店舗照合済	食べログ ラーメン EAST 百名店 2020 / 公式掲載順 10/100 / Tabelog ID 11004115
HYK2020-0711	FOD-1521	食べログ	食べログ 百名店	百名店	ラーメン	2020	EAST	らぁ麺や 汐そば雫	愛知県	https://award.tabelog.com/hyakumeiten/ramen_east/2020	46232	店舗照合済	食べログ ラーメン EAST 百名店 2020 / 公式掲載順 11/100 / Tabelog ID 23050560
HYK2020-0712	FOD-1522	食べログ	食べログ 百名店	百名店	ラーメン	2020	EAST	環2家	神奈川県	https://award.tabelog.com/hyakumeiten/ramen_east/2020	46232	店舗照合済	食べログ ラーメン EAST 百名店 2020 / 公式掲載順 12/100 / Tabelog ID 14000161
HYK2020-0713	FOD-1523	食べログ	食べログ 百名店	百名店	ラーメン	2020	EAST	らーめんNageyari	岐阜県	https://award.tabelog.com/hyakumeiten/ramen_east/2020	46232	店舗照合済	食べログ ラーメン EAST 百名店 2020 / 公式掲載順 13/100 / Tabelog ID 21000295
HYK2020-0714	FOD-1524	食べログ	食べログ 百名店	百名店	ラーメン	2020	EAST	麺家 喜多楽	愛知県	https://award.tabelog.com/hyakumeiten/ramen_east/2020	46232	店舗照合済	食べログ ラーメン EAST 百名店 2020 / 公式掲載順 14/100 / Tabelog ID 23000186
HYK2020-0715	FOD-1525	食べログ	食べログ 百名店	百名店	ラーメン	2020	EAST	中華そば 麺や食堂 本店	神奈川県	https://award.tabelog.com/hyakumeiten/ramen_east/2020	46232	店舗照合済	食べログ ラーメン EAST 百名店 2020 / 公式掲載順 15/100 / Tabelog ID 14001610
HYK2020-0716	FOD-1526	食べログ	食べログ 百名店	百名店	ラーメン	2020	EAST	麺や けせらせら	北海道	https://award.tabelog.com/hyakumeiten/ramen_east/2020	46232	店舗照合済	食べログ ラーメン EAST 百名店 2020 / 公式掲載順 16/100 / Tabelog ID 1009525
HYK2020-0717	FOD-1527	食べログ	食べログ 百名店	百名店	ラーメン	2020	EAST	からみそラーメン ふくろう 本店	愛知県	https://award.tabelog.com/hyakumeiten/ramen_east/2020	46232	店舗照合済	食べログ ラーメン EAST 百名店 2020 / 公式掲載順 17/100 / Tabelog ID 23050032
HYK2020-0718	FOD-1528	食べログ	食べログ 百名店	百名店	ラーメン	2020	EAST	麺屋 菜々兵衛	北海道	https://award.tabelog.com/hyakumeiten/ramen_east/2020	46232	店舗照合済	食べログ ラーメン EAST 百名店 2020 / 公式掲載順 18/100 / Tabelog ID 1009634
HYK2020-0719	FOD-1529	食べログ	食べログ 百名店	百名店	ラーメン	2020	EAST	とら食堂	福島県	https://award.tabelog.com/hyakumeiten/ramen_east/2020	46232	店舗照合済	食べログ ラーメン EAST 百名店 2020 / 公式掲載順 19/100 / Tabelog ID 7000016
HYK2020-0720	FOD-1530	食べログ	食べログ 百名店	百名店	ラーメン	2020	EAST	濃麺 海月	千葉県	https://award.tabelog.com/hyakumeiten/ramen_east/2020	46232	店舗照合済	食べログ ラーメン EAST 百名店 2020 / 公式掲載順 20/100 / Tabelog ID 12033982
HYK2020-0721	FOD-1531	食べログ	食べログ 百名店	百名店	ラーメン	2020	EAST	オランダ軒	埼玉県	https://award.tabelog.com/hyakumeiten/ramen_east/2020	46232	店舗照合済	食べログ ラーメン EAST 百名店 2020 / 公式掲載順 21/100 / Tabelog ID 11043376
HYK2020-0722	FOD-1532	食べログ	食べログ 百名店	百名店	ラーメン	2020	EAST	味処 むさし野	千葉県	https://award.tabelog.com/hyakumeiten/ramen_east/2020	46232	店舗照合済	食べログ ラーメン EAST 百名店 2020 / 公式掲載順 22/100 / Tabelog ID 12000080
HYK2020-0723	FOD-1533	食べログ	食べログ 百名店	百名店	ラーメン	2020	EAST	杉田家 千葉店	千葉県	https://award.tabelog.com/hyakumeiten/ramen_east/2020	46232	店舗照合済	食べログ ラーメン EAST 百名店 2020 / 公式掲載順 23/100 / Tabelog ID 12025333
HYK2020-0724	FOD-1534	食べログ	食べログ 百名店	百名店	ラーメン	2020	EAST	丿貫 福富町本店	神奈川県	https://award.tabelog.com/hyakumeiten/ramen_east/2020	46232	店舗照合済	食べログ ラーメン EAST 百名店 2020 / 公式掲載順 24/100 / Tabelog ID 14062435
HYK2020-0725	FOD-1535	食べログ	食べログ 百名店	百名店	ラーメン	2020	EAST	らぁめん 喜乃壺	茨城県	https://award.tabelog.com/hyakumeiten/ramen_east/2020	46232	店舗照合済	食べログ ラーメン EAST 百名店 2020 / 公式掲載順 25/100 / Tabelog ID 8010935
HYK2020-0726	FOD-1536	食べログ	食べログ 百名店	百名店	ラーメン	2020	EAST	中華そば 嘉一	宮城県	https://award.tabelog.com/hyakumeiten/ramen_east/2020	46232	店舗照合済	食べログ ラーメン EAST 百名店 2020 / 公式掲載順 26/100 / Tabelog ID 4009075
HYK2020-0727	FOD-1537	食べログ	食べログ 百名店	百名店	ラーメン	2020	EAST	中村麺三郎商店	神奈川県	https://award.tabelog.com/hyakumeiten/ramen_east/2020	46232	店舗照合済	食べログ ラーメン EAST 百名店 2020 / 公式掲載順 27/100 / Tabelog ID 14063423
HYK2020-0728	FOD-1538	食べログ	食べログ 百名店	百名店	ラーメン	2020	EAST	ぜんや	埼玉県	https://award.tabelog.com/hyakumeiten/ramen_east/2020	46232	店舗照合済	食べログ ラーメン EAST 百名店 2020 / 公式掲載順 28/100 / Tabelog ID 11000014
HYK2020-0729	FOD-1539	食べログ	食べログ 百名店	百名店	ラーメン	2020	EAST	中華そば 四つ葉	埼玉県	https://award.tabelog.com/hyakumeiten/ramen_east/2020	46232	店舗照合済	食べログ ラーメン EAST 百名店 2020 / 公式掲載順 29/100 / Tabelog ID 11034264
HYK2020-0730	FOD-1540	食べログ	食べログ 百名店	百名店	ラーメン	2020	EAST	らぁ麺 紫陽花	愛知県	https://award.tabelog.com/hyakumeiten/ramen_east/2020	46232	店舗照合済	食べログ ラーメン EAST 百名店 2020 / 公式掲載順 30/100 / Tabelog ID 23055953
HYK2020-0731	FOD-1541	食べログ	食べログ 百名店	百名店	ラーメン	2020	EAST	いち井	新潟県	https://award.tabelog.com/hyakumeiten/ramen_east/2020	46232	店舗照合済	食べログ ラーメン EAST 百名店 2020 / 公式掲載順 31/100 / Tabelog ID 15000043
HYK2020-0732	FOD-1542	食べログ	食べログ 百名店	百名店	ラーメン	2020	EAST	我流麺舞 飛燕	北海道	https://award.tabelog.com/hyakumeiten/ramen_east/2020	46232	店舗照合済	食べログ ラーメン EAST 百名店 2020 / 公式掲載順 32/100 / Tabelog ID 1026753
HYK2020-0733	FOD-1543	食べログ	食べログ 百名店	百名店	ラーメン	2020	EAST	啜磨専科	神奈川県	https://award.tabelog.com/hyakumeiten/ramen_east/2020	46232	店舗照合済	食べログ ラーメン EAST 百名店 2020 / 公式掲載順 33/100 / Tabelog ID 14043755
HYK2020-0734	FOD-1544	食べログ	食べログ 百名店	百名店	ラーメン	2020	EAST	らーめん　かねかつ	埼玉県	https://award.tabelog.com/hyakumeiten/ramen_east/2020	46232	店舗照合済	食べログ ラーメン EAST 百名店 2020 / 公式掲載順 34/100 / Tabelog ID 11034385
HYK2020-0735	FOD-1545	食べログ	食べログ 百名店	百名店	ラーメン	2020	EAST	らぁめん夢	神奈川県	https://award.tabelog.com/hyakumeiten/ramen_east/2020	46232	店舗照合済	食べログ ラーメン EAST 百名店 2020 / 公式掲載順 35/100 / Tabelog ID 14053385
HYK2020-0736	FOD-1546	食べログ	食べログ 百名店	百名店	ラーメン	2020	EAST	麺屋 高橋	北海道	https://award.tabelog.com/hyakumeiten/ramen_east/2020	46232	店舗照合済	食べログ ラーメン EAST 百名店 2020 / 公式掲載順 36/100 / Tabelog ID 1009886
HYK2020-0737	FOD-1547	食べログ	食べログ 百名店	百名店	ラーメン	2020	EAST	杭州飯店	新潟県	https://award.tabelog.com/hyakumeiten/ramen_east/2020	46232	店舗照合済	食べログ ラーメン EAST 百名店 2020 / 公式掲載順 37/100 / Tabelog ID 15000002
HYK2020-0738	FOD-1548	食べログ	食べログ 百名店	百名店	ラーメン	2020	EAST	とら食堂 松戸分店	千葉県	https://award.tabelog.com/hyakumeiten/ramen_east/2020	46232	店舗照合済	食べログ ラーメン EAST 百名店 2020 / 公式掲載順 38/100 / Tabelog ID 12026940
HYK2020-0739	FOD-1549	食べログ	食べログ 百名店	百名店	ラーメン	2020	EAST	中華蕎麦 時雨	神奈川県	https://award.tabelog.com/hyakumeiten/ramen_east/2020	46232	店舗照合済	食べログ ラーメン EAST 百名店 2020 / 公式掲載順 39/100 / Tabelog ID 14067138
HYK2020-0740	FOD-1550	食べログ	食べログ 百名店	百名店	ラーメン	2020	EAST	中華そば よしかわ 上尾店	埼玉県	https://award.tabelog.com/hyakumeiten/ramen_east/2020	46232	店舗照合済	食べログ ラーメン EAST 百名店 2020 / 公式掲載順 40/100 / Tabelog ID 11036997
HYK2020-0741	FOD-1551	食べログ	食べログ 百名店	百名店	ラーメン	2020	EAST	めん奏心	静岡県	https://award.tabelog.com/hyakumeiten/ramen_east/2020	46232	店舗照合済	食べログ ラーメン EAST 百名店 2020 / 公式掲載順 41/100 / Tabelog ID 22019502
HYK2020-0742	FOD-1552	食べログ	食べログ 百名店	百名店	ラーメン	2020	EAST	らーめん森や。	神奈川県	https://award.tabelog.com/hyakumeiten/ramen_east/2020	46232	店舗照合済	食べログ ラーメン EAST 百名店 2020 / 公式掲載順 42/100 / Tabelog ID 14055421
HYK2020-0743	FOD-1553	食べログ	食べログ 百名店	百名店	ラーメン	2020	EAST	鶏そば　一瑳	埼玉県	https://award.tabelog.com/hyakumeiten/ramen_east/2020	46232	店舗照合済	食べログ ラーメン EAST 百名店 2020 / 公式掲載順 43/100 / Tabelog ID 11026125
HYK2020-0744	FOD-1554	食べログ	食べログ 百名店	百名店	ラーメン	2020	EAST	麺屋 雪風 すすきの店	北海道	https://award.tabelog.com/hyakumeiten/ramen_east/2020	46232	店舗照合済	食べログ ラーメン EAST 百名店 2020 / 公式掲載順 44/100 / Tabelog ID 1004868
HYK2020-0745	FOD-1555	食べログ	食べログ 百名店	百名店	ラーメン	2020	EAST	麺処 懐や	神奈川県	https://award.tabelog.com/hyakumeiten/ramen_east/2020	46232	店舗照合済	食べログ ラーメン EAST 百名店 2020 / 公式掲載順 45/100 / Tabelog ID 14049709
HYK2020-0746	FOD-1556	食べログ	食べログ 百名店	百名店	ラーメン	2020	EAST	次念序	埼玉県	https://award.tabelog.com/hyakumeiten/ramen_east/2020	46232	店舗照合済	食べログ ラーメン EAST 百名店 2020 / 公式掲載順 46/100 / Tabelog ID 11001881
HYK2020-0747	FOD-1557	食べログ	食べログ 百名店	百名店	ラーメン	2020	EAST	伊達屋	福島県	https://award.tabelog.com/hyakumeiten/ramen_east/2020	46232	店舗照合済	食べログ ラーメン EAST 百名店 2020 / 公式掲載順 47/100 / Tabelog ID 7001032
HYK2020-0748	FOD-1558	食べログ	食べログ 百名店	百名店	ラーメン	2020	EAST	らーめん奏	愛知県	https://award.tabelog.com/hyakumeiten/ramen_east/2020	46232	店舗照合済	食べログ ラーメン EAST 百名店 2020 / 公式掲載順 48/100 / Tabelog ID 23056955
HYK2020-0749	FOD-1559	食べログ	食べログ 百名店	百名店	ラーメン	2020	EAST	青竹手打ラーメン 日向屋	栃木県	https://award.tabelog.com/hyakumeiten/ramen_east/2020	46232	店舗照合済	食べログ ラーメン EAST 百名店 2020 / 公式掲載順 49/100 / Tabelog ID 9009352
HYK2020-0750	FOD-1560	食べログ	食べログ 百名店	百名店	ラーメン	2020	EAST	煮干乱舞	埼玉県	https://award.tabelog.com/hyakumeiten/ramen_east/2020	46232	店舗照合済	食べログ ラーメン EAST 百名店 2020 / 公式掲載順 50/100 / Tabelog ID 11043059
HYK2020-0751	FOD-1561	食べログ	食べログ 百名店	百名店	ラーメン	2020	EAST	家系総本山 吉村家	神奈川県	https://award.tabelog.com/hyakumeiten/ramen_east/2020	46232	店舗照合済	食べログ ラーメン EAST 百名店 2020 / 公式掲載順 51/100 / Tabelog ID 14000059
HYK2020-0752	FOD-1562	食べログ	食べログ 百名店	百名店	ラーメン	2020	EAST	ラーメン フリーバーズ	神奈川県	https://award.tabelog.com/hyakumeiten/ramen_east/2020	46232	店舗照合済	食べログ ラーメン EAST 百名店 2020 / 公式掲載順 52/100 / Tabelog ID 14072025
HYK2020-0753	FOD-1563	食べログ	食べログ 百名店	百名店	ラーメン	2020	EAST	ラーメン 末廣家	神奈川県	https://award.tabelog.com/hyakumeiten/ramen_east/2020	46232	店舗照合済	食べログ ラーメン EAST 百名店 2020 / 公式掲載順 53/100 / Tabelog ID 14051496
HYK2020-0754	FOD-1564	食べログ	食べログ 百名店	百名店	ラーメン	2020	EAST	はりけんラーメン 本店	茨城県	https://award.tabelog.com/hyakumeiten/ramen_east/2020	46232	店舗照合済	食べログ ラーメン EAST 百名店 2020 / 公式掲載順 54/100 / Tabelog ID 8012178
HYK2020-0755	FOD-1565	食べログ	食べログ 百名店	百名店	ラーメン	2020	EAST	麺処 有彩	埼玉県	https://award.tabelog.com/hyakumeiten/ramen_east/2020	46232	店舗照合済	食べログ ラーメン EAST 百名店 2020 / 公式掲載順 55/100 / Tabelog ID 11038476
HYK2020-0756	FOD-1566	食べログ	食べログ 百名店	百名店	ラーメン	2020	EAST	Sagamihara 欅	神奈川県	https://award.tabelog.com/hyakumeiten/ramen_east/2020	46232	店舗照合済	食べログ ラーメン EAST 百名店 2020 / 公式掲載順 56/100 / Tabelog ID 14068944
HYK2020-0757	FOD-1567	食べログ	食べログ 百名店	百名店	ラーメン	2020	EAST	麺屋 ようすけ	栃木県	https://award.tabelog.com/hyakumeiten/ramen_east/2020	46232	店舗照合済	食べログ ラーメン EAST 百名店 2020 / 公式掲載順 57/100 / Tabelog ID 9012617
HYK2020-0758	FOD-1568	食べログ	食べログ 百名店	百名店	ラーメン	2020	EAST	杉田家	神奈川県	https://award.tabelog.com/hyakumeiten/ramen_east/2020	46232	店舗照合済	食べログ ラーメン EAST 百名店 2020 / 公式掲載順 58/100 / Tabelog ID 14000917
HYK2020-0759	FOD-1569	食べログ	食べログ 百名店	百名店	ラーメン	2020	EAST	中華ソバ 篤々	千葉県	https://award.tabelog.com/hyakumeiten/ramen_east/2020	46232	店舗照合済	食べログ ラーメン EAST 百名店 2020 / 公式掲載順 59/100 / Tabelog ID 12040080
HYK2020-0760	FOD-1570	食べログ	食べログ 百名店	百名店	ラーメン	2020	EAST	豚星。	神奈川県	https://award.tabelog.com/hyakumeiten/ramen_east/2020	46232	店舗照合済	食べログ ラーメン EAST 百名店 2020 / 公式掲載順 60/100 / Tabelog ID 14058333
HYK2020-0761	FOD-1571	食べログ	食べログ 百名店	百名店	ラーメン	2020	EAST	貝ガラ屋	神奈川県	https://award.tabelog.com/hyakumeiten/ramen_east/2020	46232	店舗照合済	食べログ ラーメン EAST 百名店 2020 / 公式掲載順 61/100 / Tabelog ID 14056997
HYK2020-0762	FOD-1572	食べログ	食べログ 百名店	百名店	ラーメン	2020	EAST	兎に角 松戸本店	千葉県	https://award.tabelog.com/hyakumeiten/ramen_east/2020	46232	店舗照合済	食べログ ラーメン EAST 百名店 2020 / 公式掲載順 62/100 / Tabelog ID 12001198
HYK2020-0763	FOD-0450	食べログ	食べログ 百名店	百名店	ラーメン	2020	EAST	中華蕎麦 とみ田	千葉県	https://award.tabelog.com/hyakumeiten/ramen_east/2020	46232	店舗照合済	食べログ ラーメン EAST 百名店 2020 / 公式掲載順 63/100 / Tabelog ID 12000422
HYK2020-0764	FOD-1573	食べログ	食べログ 百名店	百名店	ラーメン	2020	EAST	麺や 麗	北海道	https://award.tabelog.com/hyakumeiten/ramen_east/2020	46232	店舗照合済	食べログ ラーメン EAST 百名店 2020 / 公式掲載順 64/100 / Tabelog ID 1026411
HYK2020-0765	FOD-1574	食べログ	食べログ 百名店	百名店	ラーメン	2020	EAST	ラーメン 木曜日	北海道	https://award.tabelog.com/hyakumeiten/ramen_east/2020	46232	店舗照合済	食べログ ラーメン EAST 百名店 2020 / 公式掲載順 65/100 / Tabelog ID 1038229
HYK2020-0766	FOD-1575	食べログ	食べログ 百名店	百名店	ラーメン	2020	EAST	らぁ麺 飛鶏	愛知県	https://award.tabelog.com/hyakumeiten/ramen_east/2020	46232	店舗照合済	食べログ ラーメン EAST 百名店 2020 / 公式掲載順 66/100 / Tabelog ID 23051026
HYK2020-0767	FOD-1576	食べログ	食べログ 百名店	百名店	ラーメン	2020	EAST	らーめん芝浜	群馬県	https://award.tabelog.com/hyakumeiten/ramen_east/2020	46232	店舗照合済	食べログ ラーメン EAST 百名店 2020 / 公式掲載順 67/100 / Tabelog ID 10014488
HYK2020-0768	FOD-1577	食べログ	食べログ 百名店	百名店	ラーメン	2020	EAST	麺処 秋もと	神奈川県	https://award.tabelog.com/hyakumeiten/ramen_east/2020	46232	店舗照合済	食べログ ラーメン EAST 百名店 2020 / 公式掲載順 68/100 / Tabelog ID 14058820
HYK2020-0769	FOD-1578	食べログ	食べログ 百名店	百名店	ラーメン	2020	EAST	頑者 本店	埼玉県	https://award.tabelog.com/hyakumeiten/ramen_east/2020	46232	店舗照合済	食べログ ラーメン EAST 百名店 2020 / 公式掲載順 69/100 / Tabelog ID 11000150
HYK2020-0770	FOD-1579	食べログ	食べログ 百名店	百名店	ラーメン	2020	EAST	麺屋 彩未	北海道	https://award.tabelog.com/hyakumeiten/ramen_east/2020	46232	店舗照合済	食べログ ラーメン EAST 百名店 2020 / 公式掲載順 70/100 / Tabelog ID 1000018
HYK2020-0771	FOD-1580	食べログ	食べログ 百名店	百名店	ラーメン	2020	EAST	ラーメン専門店 徳川町 如水	愛知県	https://award.tabelog.com/hyakumeiten/ramen_east/2020	46232	店舗照合済	食べログ ラーメン EAST 百名店 2020 / 公式掲載順 71/100 / Tabelog ID 23000971
HYK2020-0772	FOD-1581	食べログ	食べログ 百名店	百名店	ラーメン	2020	EAST	拉麺 大公 南太田本店	神奈川県	https://award.tabelog.com/hyakumeiten/ramen_east/2020	46232	店舗照合済	食べログ ラーメン EAST 百名店 2020 / 公式掲載順 72/100 / Tabelog ID 14050344
HYK2020-0773	FOD-1582	食べログ	食べログ 百名店	百名店	ラーメン	2020	EAST	煮干中華ソバ イチカワ	茨城県	https://award.tabelog.com/hyakumeiten/ramen_east/2020	46232	店舗照合済	食べログ ラーメン EAST 百名店 2020 / 公式掲載順 73/100 / Tabelog ID 8014295
HYK2020-0774	FOD-1583	食べログ	食べログ 百名店	百名店	ラーメン	2020	EAST	なるとや	愛知県	https://award.tabelog.com/hyakumeiten/ramen_east/2020	46232	店舗照合済	食べログ ラーメン EAST 百名店 2020 / 公式掲載順 74/100 / Tabelog ID 23005819
HYK2020-0775	FOD-1584	食べログ	食べログ 百名店	百名店	ラーメン	2020	EAST	ZUND-BAR	神奈川県	https://award.tabelog.com/hyakumeiten/ramen_east/2020	46232	店舗照合済	食べログ ラーメン EAST 百名店 2020 / 公式掲載順 75/100 / Tabelog ID 14000184
HYK2020-0776	FOD-1585	食べログ	食べログ 百名店	百名店	ラーメン	2020	EAST	和風楽麺 四代目 ひのでや	埼玉県	https://award.tabelog.com/hyakumeiten/ramen_east/2020	46232	店舗照合済	食べログ ラーメン EAST 百名店 2020 / 公式掲載順 76/100 / Tabelog ID 11030891
HYK2020-0777	FOD-1586	食べログ	食べログ 百名店	百名店	ラーメン	2020	EAST	中華そば 華丸	愛知県	https://award.tabelog.com/hyakumeiten/ramen_east/2020	46232	店舗照合済	食べログ ラーメン EAST 百名店 2020 / 公式掲載順 77/100 / Tabelog ID 23007195
HYK2020-0778	FOD-1587	食べログ	食べログ 百名店	百名店	ラーメン	2020	EAST	寿製麺 よしかわ 川越店	埼玉県	https://award.tabelog.com/hyakumeiten/ramen_east/2020	46232	店舗照合済	食べログ ラーメン EAST 百名店 2020 / 公式掲載順 78/100 / Tabelog ID 11040851
HYK2020-0779	FOD-1588	食べログ	食べログ 百名店	百名店	ラーメン	2020	EAST	喜元門 研究学園駅前店	茨城県	https://award.tabelog.com/hyakumeiten/ramen_east/2020	46232	店舗照合済	食べログ ラーメン EAST 百名店 2020 / 公式掲載順 79/100 / Tabelog ID 8013639
HYK2020-0780	FOD-0770	食べログ	食べログ 百名店	百名店	ラーメン	2020	EAST	らぁ麺 飯田商店	神奈川県	https://award.tabelog.com/hyakumeiten/ramen_east/2020	46232	店舗照合済	食べログ ラーメン EAST 百名店 2020 / 公式掲載順 80/100 / Tabelog ID 14038776
HYK2020-0781	FOD-1589	食べログ	食べログ 百名店	百名店	ラーメン	2020	EAST	食堂なまえ	福島県	https://award.tabelog.com/hyakumeiten/ramen_east/2020	46232	店舗照合済	食べログ ラーメン EAST 百名店 2020 / 公式掲載順 81/100 / Tabelog ID 7000006
HYK2020-0782	FOD-1590	食べログ	食べログ 百名店	百名店	ラーメン	2020	EAST	らーめん 鶏喰	神奈川県	https://award.tabelog.com/hyakumeiten/ramen_east/2020	46232	店舗照合済	食べログ ラーメン EAST 百名店 2020 / 公式掲載順 82/100 / Tabelog ID 14048864
HYK2020-0783	FOD-1591	食べログ	食べログ 百名店	百名店	ラーメン	2020	EAST	ラーメン星印	神奈川県	https://award.tabelog.com/hyakumeiten/ramen_east/2020	46232	店舗照合済	食べログ ラーメン EAST 百名店 2020 / 公式掲載順 83/100 / Tabelog ID 14054005
HYK2020-0784	FOD-1592	食べログ	食べログ 百名店	百名店	ラーメン	2020	EAST	ラーメン 厚木家	神奈川県	https://award.tabelog.com/hyakumeiten/ramen_east/2020	46232	店舗照合済	食べログ ラーメン EAST 百名店 2020 / 公式掲載順 84/100 / Tabelog ID 14013886
HYK2020-0785	FOD-1593	食べログ	食べログ 百名店	百名店	ラーメン	2020	EAST	MEN-EIJI HIRAGISHI BASE	北海道	https://award.tabelog.com/hyakumeiten/ramen_east/2020	46232	店舗照合済	食べログ ラーメン EAST 百名店 2020 / 公式掲載順 85/100 / Tabelog ID 1034678
HYK2020-0786	FOD-1594	食べログ	食べログ 百名店	百名店	ラーメン	2020	EAST	麺家獅子丸	愛知県	https://award.tabelog.com/hyakumeiten/ramen_east/2020	46232	店舗照合済	食べログ ラーメン EAST 百名店 2020 / 公式掲載順 86/100 / Tabelog ID 23060674
HYK2020-0787	FOD-1595	食べログ	食べログ 百名店	百名店	ラーメン	2020	EAST	自家製手もみ麺 鈴ノ木	埼玉県	https://award.tabelog.com/hyakumeiten/ramen_east/2020	46232	店舗照合済	食べログ ラーメン EAST 百名店 2020 / 公式掲載順 87/100 / Tabelog ID 11048539
HYK2020-0788	FOD-1596	食べログ	食べログ 百名店	百名店	ラーメン	2020	EAST	くり山	神奈川県	https://award.tabelog.com/hyakumeiten/ramen_east/2020	46232	店舗照合済	食べログ ラーメン EAST 百名店 2020 / 公式掲載順 88/100 / Tabelog ID 14012001
HYK2020-0789	FOD-1597	食べログ	食べログ 百名店	百名店	ラーメン	2020	EAST	中村屋	神奈川県	https://award.tabelog.com/hyakumeiten/ramen_east/2020	46232	店舗照合済	食べログ ラーメン EAST 百名店 2020 / 公式掲載順 89/100 / Tabelog ID 14000186
HYK2020-0790	FOD-1598	食べログ	食べログ 百名店	百名店	ラーメン	2020	EAST	らぁめん鴇	神奈川県	https://award.tabelog.com/hyakumeiten/ramen_east/2020	46232	店舗照合済	食べログ ラーメン EAST 百名店 2020 / 公式掲載順 90/100 / Tabelog ID 14059192
HYK2020-0791	FOD-1599	食べログ	食べログ 百名店	百名店	ラーメン	2020	EAST	ラーメン二郎 横浜関内店	神奈川県	https://award.tabelog.com/hyakumeiten/ramen_east/2020	46232	店舗照合済	食べログ ラーメン EAST 百名店 2020 / 公式掲載順 91/100 / Tabelog ID 14001518
HYK2020-0792	FOD-1600	食べログ	食べログ 百名店	百名店	ラーメン	2020	EAST	さっぽろ純連 札幌店	北海道	https://award.tabelog.com/hyakumeiten/ramen_east/2020	46232	店舗照合済	食べログ ラーメン EAST 百名店 2020 / 公式掲載順 92/100 / Tabelog ID 1000031
HYK2020-0793	FOD-1601	食べログ	食べログ 百名店	百名店	ラーメン	2020	EAST	支那そばや 本店	神奈川県	https://award.tabelog.com/hyakumeiten/ramen_east/2020	46232	店舗照合済	食べログ ラーメン EAST 百名店 2020 / 公式掲載順 93/100 / Tabelog ID 14014445
HYK2020-0794	FOD-0011	食べログ	食べログ 百名店	百名店	ラーメン	2020	EAST	坂内食堂	福島県	https://award.tabelog.com/hyakumeiten/ramen_east/2020	46232	店舗照合済	食べログ ラーメン EAST 百名店 2020 / 公式掲載順 94/100 / Tabelog ID 7000007
HYK2020-0795	FOD-1602	食べログ	食べログ 百名店	百名店	ラーメン	2020	EAST	Japanese Ramen Noodle Lab Q	北海道	https://award.tabelog.com/hyakumeiten/ramen_east/2020	46232	店舗照合済	食べログ ラーメン EAST 百名店 2020 / 公式掲載順 95/100 / Tabelog ID 1057715
HYK2020-0796	FOD-1603	食べログ	食べログ 百名店	百名店	ラーメン	2020	EAST	横浜中華そば 維新商店 本店	神奈川県	https://award.tabelog.com/hyakumeiten/ramen_east/2020	46232	店舗照合済	食べログ ラーメン EAST 百名店 2020 / 公式掲載順 96/100 / Tabelog ID 14051850
HYK2020-0797	FOD-1604	食べログ	食べログ 百名店	百名店	ラーメン	2020	EAST	厚木本丸亭	神奈川県	https://award.tabelog.com/hyakumeiten/ramen_east/2020	46232	店舗照合済	食べログ ラーメン EAST 百名店 2020 / 公式掲載順 97/100 / Tabelog ID 14000181
HYK2020-0798	FOD-1605	食べログ	食べログ 百名店	百名店	ラーメン	2020	EAST	家系ラーメン とらきち家	神奈川県	https://award.tabelog.com/hyakumeiten/ramen_east/2020	46232	店舗照合済	食べログ ラーメン EAST 百名店 2020 / 公式掲載順 98/100 / Tabelog ID 14053454
HYK2020-0799	FOD-1606	食べログ	食べログ 百名店	百名店	ラーメン	2020	EAST	支那蕎麦屋 藤花	神奈川県	https://award.tabelog.com/hyakumeiten/ramen_east/2020	46232	店舗照合済	食べログ ラーメン EAST 百名店 2020 / 公式掲載順 99/100 / Tabelog ID 14070248
HYK2020-0800	FOD-1607	食べログ	食べログ 百名店	百名店	ラーメン	2020	EAST	地球の中華そば	神奈川県	https://award.tabelog.com/hyakumeiten/ramen_east/2020	46232	店舗照合済	食べログ ラーメン EAST 百名店 2020 / 公式掲載順 100/100 / Tabelog ID 14056490
HYK2020-0801	FOD-1608	食べログ	食べログ 百名店	百名店	ラーメン	2020	WEST	福島壱麺	大阪府	https://award.tabelog.com/hyakumeiten/ramen_west/2020	46232	店舗照合済	食べログ ラーメン WEST 百名店 2020 / 公式掲載順 1/100 / Tabelog ID 27079245
HYK2020-0802	FOD-1609	食べログ	食べログ 百名店	百名店	ラーメン	2020	WEST	麺や高倉二条	京都府	https://award.tabelog.com/hyakumeiten/ramen_west/2020	46232	店舗照合済	食べログ ラーメン WEST 百名店 2020 / 公式掲載順 2/100 / Tabelog ID 26003182
HYK2020-0803	FOD-1610	食べログ	食べログ 百名店	百名店	ラーメン	2020	WEST	らーめん専門 和心 武庫之荘店	兵庫県	https://award.tabelog.com/hyakumeiten/ramen_west/2020	46232	店舗照合済	食べログ ラーメン WEST 百名店 2020 / 公式掲載順 3/100 / Tabelog ID 28042762
HYK2020-0804	FOD-1611	食べログ	食べログ 百名店	百名店	ラーメン	2020	WEST	らーめん 鉢ノ葦葉	三重県	https://award.tabelog.com/hyakumeiten/ramen_west/2020	46232	店舗照合済	食べログ ラーメン WEST 百名店 2020 / 公式掲載順 4/100 / Tabelog ID 24000851
HYK2020-0805	FOD-1612	食べログ	食べログ 百名店	百名店	ラーメン	2020	WEST	中華そば うえまち	大阪府	https://award.tabelog.com/hyakumeiten/ramen_west/2020	46232	店舗照合済	食べログ ラーメン WEST 百名店 2020 / 公式掲載順 5/100 / Tabelog ID 27069769
HYK2020-0806	FOD-1613	食べログ	食べログ 百名店	百名店	ラーメン	2020	WEST	麺屋 はなぶさ	大阪府	https://award.tabelog.com/hyakumeiten/ramen_west/2020	46232	店舗照合済	食べログ ラーメン WEST 百名店 2020 / 公式掲載順 6/100 / Tabelog ID 27071670
HYK2020-0807	FOD-1614	食べログ	食べログ 百名店	百名店	ラーメン	2020	WEST	カドヤ食堂 本店	大阪府	https://award.tabelog.com/hyakumeiten/ramen_west/2020	46232	店舗照合済	食べログ ラーメン WEST 百名店 2020 / 公式掲載順 7/100 / Tabelog ID 27001084
HYK2020-0808	FOD-1615	食べログ	食べログ 百名店	百名店	ラーメン	2020	WEST	彩色ラーメンきんせい 高槻駅前店	大阪府	https://award.tabelog.com/hyakumeiten/ramen_west/2020	46232	店舗照合済	食べログ ラーメン WEST 百名店 2020 / 公式掲載順 8/100 / Tabelog ID 27040392
HYK2020-0809	FOD-1616	食べログ	食べログ 百名店	百名店	ラーメン	2020	WEST	麺屋 丈六 なんば店	大阪府	https://award.tabelog.com/hyakumeiten/ramen_west/2020	46232	店舗照合済	食べログ ラーメン WEST 百名店 2020 / 公式掲載順 9/100 / Tabelog ID 27084754
HYK2020-0810	FOD-1617	食べログ	食べログ 百名店	百名店	ラーメン	2020	WEST	総大醤	大阪府	https://award.tabelog.com/hyakumeiten/ramen_west/2020	46232	店舗照合済	食べログ ラーメン WEST 百名店 2020 / 公式掲載順 10/100 / Tabelog ID 27003383
HYK2020-0811	FOD-1618	食べログ	食べログ 百名店	百名店	ラーメン	2020	WEST	みつ星製麺所 福島本店	大阪府	https://award.tabelog.com/hyakumeiten/ramen_west/2020	46232	店舗照合済	食べログ ラーメン WEST 百名店 2020 / 公式掲載順 11/100 / Tabelog ID 27057392
HYK2020-0812	FOD-1619	食べログ	食べログ 百名店	百名店	ラーメン	2020	WEST	中華蕎麦 葛	大阪府	https://award.tabelog.com/hyakumeiten/ramen_west/2020	46232	店舗照合済	食べログ ラーメン WEST 百名店 2020 / 公式掲載順 12/100 / Tabelog ID 27087256
HYK2020-0813	FOD-1620	食べログ	食べログ 百名店	百名店	ラーメン	2020	WEST	麺屋 たけ井 R1店	京都府	https://award.tabelog.com/hyakumeiten/ramen_west/2020	46232	店舗照合済	食べログ ラーメン WEST 百名店 2020 / 公式掲載順 13/100 / Tabelog ID 26023971
HYK2020-0814	FOD-0768	食べログ	食べログ 百名店	百名店	ラーメン	2020	WEST	らーめん専門 和海	兵庫県	https://award.tabelog.com/hyakumeiten/ramen_west/2020	46232	店舗照合済	食べログ ラーメン WEST 百名店 2020 / 公式掲載順 14/100 / Tabelog ID 28031755
HYK2020-0815	FOD-1621	食べログ	食べログ 百名店	百名店	ラーメン	2020	WEST	烈火 本店	大阪府	https://award.tabelog.com/hyakumeiten/ramen_west/2020	46232	店舗照合済	食べログ ラーメン WEST 百名店 2020 / 公式掲載順 15/100 / Tabelog ID 27059898
HYK2020-0816	FOD-1622	食べログ	食べログ 百名店	百名店	ラーメン	2020	WEST	ラーメン人生JET600	大阪府	https://award.tabelog.com/hyakumeiten/ramen_west/2020	46232	店舗照合済	食べログ ラーメン WEST 百名店 2020 / 公式掲載順 16/100 / Tabelog ID 27059047
HYK2020-0817	FOD-1623	食べログ	食べログ 百名店	百名店	ラーメン	2020	WEST	ラーメン家 みつ葉	奈良県	https://award.tabelog.com/hyakumeiten/ramen_west/2020	46232	店舗照合済	食べログ ラーメン WEST 百名店 2020 / 公式掲載順 17/100 / Tabelog ID 29006502
HYK2020-0818	FOD-1624	食べログ	食べログ 百名店	百名店	ラーメン	2020	WEST	らーめん香澄 阿波座本店	大阪府	https://award.tabelog.com/hyakumeiten/ramen_west/2020	46232	店舗照合済	食べログ ラーメン WEST 百名店 2020 / 公式掲載順 18/100 / Tabelog ID 27065090
HYK2020-0819	FOD-1625	食べログ	食べログ 百名店	百名店	ラーメン	2020	WEST	らぁ麺 とうひち	京都府	https://award.tabelog.com/hyakumeiten/ramen_west/2020	46232	店舗照合済	食べログ ラーメン WEST 百名店 2020 / 公式掲載順 19/100 / Tabelog ID 26025306
HYK2020-0820	FOD-1626	食べログ	食べログ 百名店	百名店	ラーメン	2020	WEST	京都 麺屋たけ井 阪急梅田店	大阪府	https://award.tabelog.com/hyakumeiten/ramen_west/2020	46232	店舗照合済	食べログ ラーメン WEST 百名店 2020 / 公式掲載順 20/100 / Tabelog ID 27092383
HYK2020-0821	FOD-1627	食べログ	食べログ 百名店	百名店	ラーメン	2020	WEST	中華そば 高安	京都府	https://award.tabelog.com/hyakumeiten/ramen_west/2020	46232	店舗照合済	食べログ ラーメン WEST 百名店 2020 / 公式掲載順 21/100 / Tabelog ID 26001199
HYK2020-0822	FOD-1628	食べログ	食べログ 百名店	百名店	ラーメン	2020	WEST	彩色ラーメン きんせい総本家 夢風	大阪府	https://award.tabelog.com/hyakumeiten/ramen_west/2020	46232	店舗照合済	食べログ ラーメン WEST 百名店 2020 / 公式掲載順 22/100 / Tabelog ID 27002131
HYK2020-0823	FOD-1629	食べログ	食べログ 百名店	百名店	ラーメン	2020	WEST	自然派ラーメン 神楽	石川県	https://award.tabelog.com/hyakumeiten/ramen_west/2020	46232	店舗照合済	食べログ ラーメン WEST 百名店 2020 / 公式掲載順 23/100 / Tabelog ID 17001321
HYK2020-0824	FOD-0820	食べログ	食べログ 百名店	百名店	ラーメン	2020	WEST	和 dining 清乃 本店	和歌山県	https://award.tabelog.com/hyakumeiten/ramen_west/2020	46232	店舗照合済	食べログ ラーメン WEST 百名店 2020 / 公式掲載順 24/100 / Tabelog ID 30000653
HYK2020-0825	FOD-1630	食べログ	食べログ 百名店	百名店	ラーメン	2020	WEST	つけ麺無心	奈良県	https://award.tabelog.com/hyakumeiten/ramen_west/2020	46232	店舗照合済	食べログ ラーメン WEST 百名店 2020 / 公式掲載順 25/100 / Tabelog ID 29004440
HYK2020-0826	FOD-1631	食べログ	食べログ 百名店	百名店	ラーメン	2020	WEST	中華そば いぶき	大阪府	https://award.tabelog.com/hyakumeiten/ramen_west/2020	46232	店舗照合済	食べログ ラーメン WEST 百名店 2020 / 公式掲載順 26/100 / Tabelog ID 27062565
HYK2020-0827	FOD-1632	食べログ	食べログ 百名店	百名店	ラーメン	2020	WEST	らーめん鱗 西中島店	大阪府	https://award.tabelog.com/hyakumeiten/ramen_west/2020	46232	店舗照合済	食べログ ラーメン WEST 百名店 2020 / 公式掲載順 27/100 / Tabelog ID 27082871
HYK2020-0828	FOD-1633	食べログ	食べログ 百名店	百名店	ラーメン	2020	WEST	博多一双 博多駅東本店	福岡県	https://award.tabelog.com/hyakumeiten/ramen_west/2020	46232	店舗照合済	食べログ ラーメン WEST 百名店 2020 / 公式掲載順 28/100 / Tabelog ID 40032701
HYK2020-0829	FOD-1634	食べログ	食べログ 百名店	百名店	ラーメン	2020	WEST	支那そば 王王軒 本店	徳島県	https://award.tabelog.com/hyakumeiten/ramen_west/2020	46232	店舗照合済	食べログ ラーメン WEST 百名店 2020 / 公式掲載順 29/100 / Tabelog ID 36000071
HYK2020-0830	FOD-1635	食べログ	食べログ 百名店	百名店	ラーメン	2020	WEST	麺～leads～なかの 大和高田本店	奈良県	https://award.tabelog.com/hyakumeiten/ramen_west/2020	46232	店舗照合済	食べログ ラーメン WEST 百名店 2020 / 公式掲載順 30/100 / Tabelog ID 29009138
HYK2020-0831	FOD-1636	食べログ	食べログ 百名店	百名店	ラーメン	2020	WEST	麺元素	大阪府	https://award.tabelog.com/hyakumeiten/ramen_west/2020	46232	店舗照合済	食べログ ラーメン WEST 百名店 2020 / 公式掲載順 31/100 / Tabelog ID 27042439
HYK2020-0832	FOD-1637	食べログ	食べログ 百名店	百名店	ラーメン	2020	WEST	麺のようじ	大阪府	https://award.tabelog.com/hyakumeiten/ramen_west/2020	46232	店舗照合済	食べログ ラーメン WEST 百名店 2020 / 公式掲載順 32/100 / Tabelog ID 27072765
HYK2020-0833	FOD-1638	食べログ	食べログ 百名店	百名店	ラーメン	2020	WEST	俺のラーメン あっぱれ屋	京都府	https://award.tabelog.com/hyakumeiten/ramen_west/2020	46232	店舗照合済	食べログ ラーメン WEST 百名店 2020 / 公式掲載順 33/100 / Tabelog ID 26011617
HYK2020-0834	FOD-1639	食べログ	食べログ 百名店	百名店	ラーメン	2020	WEST	麺屋 えぐち	大阪府	https://award.tabelog.com/hyakumeiten/ramen_west/2020	46232	店舗照合済	食べログ ラーメン WEST 百名店 2020 / 公式掲載順 34/100 / Tabelog ID 27017957
HYK2020-0835	FOD-1640	食べログ	食べログ 百名店	百名店	ラーメン	2020	WEST	群青	大阪府	https://award.tabelog.com/hyakumeiten/ramen_west/2020	46232	店舗照合済	食べログ ラーメン WEST 百名店 2020 / 公式掲載順 35/100 / Tabelog ID 27018753
HYK2020-0836	FOD-1641	食べログ	食べログ 百名店	百名店	ラーメン	2020	WEST	セアブラノ神 壬生本店	京都府	https://award.tabelog.com/hyakumeiten/ramen_west/2020	46232	店舗照合済	食べログ ラーメン WEST 百名店 2020 / 公式掲載順 36/100 / Tabelog ID 26022456
HYK2020-0837	FOD-1642	食べログ	食べログ 百名店	百名店	ラーメン	2020	WEST	麺や 紡	大阪府	https://award.tabelog.com/hyakumeiten/ramen_west/2020	46232	店舗照合済	食べログ ラーメン WEST 百名店 2020 / 公式掲載順 37/100 / Tabelog ID 27064537
HYK2020-0838	FOD-1643	食べログ	食べログ 百名店	百名店	ラーメン	2020	WEST	人類みな麺類	大阪府	https://award.tabelog.com/hyakumeiten/ramen_west/2020	46232	店舗照合済	食べログ ラーメン WEST 百名店 2020 / 公式掲載順 38/100 / Tabelog ID 27064584
HYK2020-0839	FOD-1644	食べログ	食べログ 百名店	百名店	ラーメン	2020	WEST	博多元気一杯!!	福岡県	https://award.tabelog.com/hyakumeiten/ramen_west/2020	46232	店舗照合済	食べログ ラーメン WEST 百名店 2020 / 公式掲載順 39/100 / Tabelog ID 40000488
HYK2020-0840	FOD-1645	食べログ	食べログ 百名店	百名店	ラーメン	2020	WEST	吟醸らーめん 久保田	京都府	https://award.tabelog.com/hyakumeiten/ramen_west/2020	46232	店舗照合済	食べログ ラーメン WEST 百名店 2020 / 公式掲載順 40/100 / Tabelog ID 26004660
HYK2020-0841	FOD-1646	食べログ	食べログ 百名店	百名店	ラーメン	2020	WEST	ラーメン人生JET	大阪府	https://award.tabelog.com/hyakumeiten/ramen_west/2020	46232	店舗照合済	食べログ ラーメン WEST 百名店 2020 / 公式掲載順 41/100 / Tabelog ID 27050827
HYK2020-0842	FOD-1647	食べログ	食べログ 百名店	百名店	ラーメン	2020	WEST	フスマにかけろ 中崎壱丁 中崎商店會1-6-18号ラーメン	大阪府	https://award.tabelog.com/hyakumeiten/ramen_west/2020	46232	店舗照合済	食べログ ラーメン WEST 百名店 2020 / 公式掲載順 42/100 / Tabelog ID 27056367
HYK2020-0843	FOD-1648	食べログ	食べログ 百名店	百名店	ラーメン	2020	WEST	中華そば麦右衛門	兵庫県	https://award.tabelog.com/hyakumeiten/ramen_west/2020	46232	店舗照合済	食べログ ラーメン WEST 百名店 2020 / 公式掲載順 43/100 / Tabelog ID 28037743
HYK2020-0844	FOD-1649	食べログ	食べログ 百名店	百名店	ラーメン	2020	WEST	拳ラーメン	京都府	https://award.tabelog.com/hyakumeiten/ramen_west/2020	46232	店舗照合済	食べログ ラーメン WEST 百名店 2020 / 公式掲載順 44/100 / Tabelog ID 26017616
HYK2020-0845	FOD-1650	食べログ	食べログ 百名店	百名店	ラーメン	2020	WEST	麺屋 たけ井 本店	京都府	https://award.tabelog.com/hyakumeiten/ramen_west/2020	46232	店舗照合済	食べログ ラーメン WEST 百名店 2020 / 公式掲載順 45/100 / Tabelog ID 26017227
HYK2020-0846	FOD-1651	食べログ	食べログ 百名店	百名店	ラーメン	2020	WEST	麺や福はら	大阪府	https://award.tabelog.com/hyakumeiten/ramen_west/2020	46232	店舗照合済	食べログ ラーメン WEST 百名店 2020 / 公式掲載順 46/100 / Tabelog ID 27099659
HYK2020-0847	FOD-1652	食べログ	食べログ 百名店	百名店	ラーメン	2020	WEST	麺屋 八海山	大阪府	https://award.tabelog.com/hyakumeiten/ramen_west/2020	46232	店舗照合済	食べログ ラーメン WEST 百名店 2020 / 公式掲載順 47/100 / Tabelog ID 27061072
HYK2020-0848	FOD-1653	食べログ	食べログ 百名店	百名店	ラーメン	2020	WEST	麺や而今 大東本店	大阪府	https://award.tabelog.com/hyakumeiten/ramen_west/2020	46232	店舗照合済	食べログ ラーメン WEST 百名店 2020 / 公式掲載順 48/100 / Tabelog ID 27054613
HYK2020-0849	FOD-1654	食べログ	食べログ 百名店	百名店	ラーメン	2020	WEST	自己流ラーメン綿麺	大阪府	https://award.tabelog.com/hyakumeiten/ramen_west/2020	46232	店舗照合済	食べログ ラーメン WEST 百名店 2020 / 公式掲載順 49/100 / Tabelog ID 27007813
HYK2020-0850	FOD-1655	食べログ	食べログ 百名店	百名店	ラーメン	2020	WEST	麺屋NOROMA	奈良県	https://award.tabelog.com/hyakumeiten/ramen_west/2020	46232	店舗照合済	食べログ ラーメン WEST 百名店 2020 / 公式掲載順 50/100 / Tabelog ID 29007675
HYK2020-0851	FOD-1656	食べログ	食べログ 百名店	百名店	ラーメン	2020	WEST	ラーメンにっこう	滋賀県	https://award.tabelog.com/hyakumeiten/ramen_west/2020	46232	店舗照合済	食べログ ラーメン WEST 百名店 2020 / 公式掲載順 51/100 / Tabelog ID 25000362
HYK2020-0852	FOD-1657	食べログ	食べログ 百名店	百名店	ラーメン	2020	WEST	新福菜館 本店	京都府	https://award.tabelog.com/hyakumeiten/ramen_west/2020	46232	店舗照合済	食べログ ラーメン WEST 百名店 2020 / 公式掲載順 52/100 / Tabelog ID 26000791
HYK2020-0853	FOD-1658	食べログ	食べログ 百名店	百名店	ラーメン	2020	WEST	桐麺 本店	大阪府	https://award.tabelog.com/hyakumeiten/ramen_west/2020	46232	店舗照合済	食べログ ラーメン WEST 百名店 2020 / 公式掲載順 53/100 / Tabelog ID 27082568
HYK2020-0854	FOD-1659	食べログ	食べログ 百名店	百名店	ラーメン	2020	WEST	とんぴととりの光龍益	大阪府	https://award.tabelog.com/hyakumeiten/ramen_west/2020	46232	店舗照合済	食べログ ラーメン WEST 百名店 2020 / 公式掲載順 54/100 / Tabelog ID 27015801
HYK2020-0855	FOD-1660	食べログ	食べログ 百名店	百名店	ラーメン	2020	WEST	三谷製麺所 鶴橋店	大阪府	https://award.tabelog.com/hyakumeiten/ramen_west/2020	46232	店舗照合済	食べログ ラーメン WEST 百名店 2020 / 公式掲載順 55/100 / Tabelog ID 27058724
HYK2020-0856	FOD-1661	食べログ	食べログ 百名店	百名店	ラーメン	2020	WEST	新宿めんや風花	京都府	https://award.tabelog.com/hyakumeiten/ramen_west/2020	46232	店舗照合済	食べログ ラーメン WEST 百名店 2020 / 公式掲載順 56/100 / Tabelog ID 26000827
HYK2020-0857	FOD-1662	食べログ	食べログ 百名店	百名店	ラーメン	2020	WEST	燃えよ麺助	大阪府	https://award.tabelog.com/hyakumeiten/ramen_west/2020	46232	店舗照合済	食べログ ラーメン WEST 百名店 2020 / 公式掲載順 57/100 / Tabelog ID 27091454
HYK2020-0858	FOD-1663	食べログ	食べログ 百名店	百名店	ラーメン	2020	WEST	麺屋 さん田	京都府	https://award.tabelog.com/hyakumeiten/ramen_west/2020	46232	店舗照合済	食べログ ラーメン WEST 百名店 2020 / 公式掲載順 58/100 / Tabelog ID 26029285
HYK2020-0859	FOD-1664	食べログ	食べログ 百名店	百名店	ラーメン	2020	WEST	麺一盃	大阪府	https://award.tabelog.com/hyakumeiten/ramen_west/2020	46232	店舗照合済	食べログ ラーメン WEST 百名店 2020 / 公式掲載順 59/100 / Tabelog ID 27052471
HYK2020-0860	FOD-1665	食べログ	食べログ 百名店	百名店	ラーメン	2020	WEST	本家 第一旭 たかばし本店	京都府	https://award.tabelog.com/hyakumeiten/ramen_west/2020	46232	店舗照合済	食べログ ラーメン WEST 百名店 2020 / 公式掲載順 60/100 / Tabelog ID 26000873
HYK2020-0861	FOD-1666	食べログ	食べログ 百名店	百名店	ラーメン	2020	WEST	中華そば ムタヒロ 大阪福島店	大阪府	https://award.tabelog.com/hyakumeiten/ramen_west/2020	46232	店舗照合済	食べログ ラーメン WEST 百名店 2020 / 公式掲載順 61/100 / Tabelog ID 27082989
HYK2020-0862	FOD-1667	食べログ	食べログ 百名店	百名店	ラーメン	2020	WEST	山崎麺二郎	京都府	https://award.tabelog.com/hyakumeiten/ramen_west/2020	46232	店舗照合済	食べログ ラーメン WEST 百名店 2020 / 公式掲載順 62/100 / Tabelog ID 26008681
HYK2020-0863	FOD-1668	食べログ	食べログ 百名店	百名店	ラーメン	2020	WEST	貧瞋癡	富山県	https://award.tabelog.com/hyakumeiten/ramen_west/2020	46232	店舗照合済	食べログ ラーメン WEST 百名店 2020 / 公式掲載順 63/100 / Tabelog ID 16001104
HYK2020-0864	FOD-1669	食べログ	食べログ 百名店	百名店	ラーメン	2020	WEST	麺匠而今	大阪府	https://award.tabelog.com/hyakumeiten/ramen_west/2020	46232	店舗照合済	食べログ ラーメン WEST 百名店 2020 / 公式掲載順 64/100 / Tabelog ID 27078739
HYK2020-0865	FOD-1670	食べログ	食べログ 百名店	百名店	ラーメン	2020	WEST	担担麺専門店 DAN DAN NOODLES. ENISHI	兵庫県	https://award.tabelog.com/hyakumeiten/ramen_west/2020	46232	店舗照合済	食べログ ラーメン WEST 百名店 2020 / 公式掲載順 65/100 / Tabelog ID 28040621
HYK2020-0866	FOD-1671	食べログ	食べログ 百名店	百名店	ラーメン	2020	WEST	らーめん弥七	大阪府	https://award.tabelog.com/hyakumeiten/ramen_west/2020	46232	店舗照合済	食べログ ラーメン WEST 百名店 2020 / 公式掲載順 66/100 / Tabelog ID 27003232
HYK2020-0867	FOD-1672	食べログ	食べログ 百名店	百名店	ラーメン	2020	WEST	中華そば 無限	大阪府	https://award.tabelog.com/hyakumeiten/ramen_west/2020	46232	店舗照合済	食べログ ラーメン WEST 百名店 2020 / 公式掲載順 67/100 / Tabelog ID 27053626
HYK2020-0868	FOD-1673	食べログ	食べログ 百名店	百名店	ラーメン	2020	WEST	烈志笑魚油 麺香房 三く	大阪府	https://award.tabelog.com/hyakumeiten/ramen_west/2020	46232	店舗照合済	食べログ ラーメン WEST 百名店 2020 / 公式掲載順 68/100 / Tabelog ID 27058993
HYK2020-0869	FOD-1674	食べログ	食べログ 百名店	百名店	ラーメン	2020	WEST	自家製麺と自然派食材　晴耕雨読	京都府	https://award.tabelog.com/hyakumeiten/ramen_west/2020	46232	店舗照合済	食べログ ラーメン WEST 百名店 2020 / 公式掲載順 69/100 / Tabelog ID 26030760
HYK2020-0870	FOD-1675	食べログ	食べログ 百名店	百名店	ラーメン	2020	WEST	かしや	大阪府	https://award.tabelog.com/hyakumeiten/ramen_west/2020	46232	店舗照合済	食べログ ラーメン WEST 百名店 2020 / 公式掲載順 70/100 / Tabelog ID 27052519
HYK2020-0871	FOD-1676	食べログ	食べログ 百名店	百名店	ラーメン	2020	WEST	麺屋 極鶏	京都府	https://award.tabelog.com/hyakumeiten/ramen_west/2020	46232	店舗照合済	食べログ ラーメン WEST 百名店 2020 / 公式掲載順 71/100 / Tabelog ID 26017870
HYK2020-0872	FOD-1677	食べログ	食べログ 百名店	百名店	ラーメン	2020	WEST	極汁美麺 umami	大阪府	https://award.tabelog.com/hyakumeiten/ramen_west/2020	46232	店舗照合済	食べログ ラーメン WEST 百名店 2020 / 公式掲載順 72/100 / Tabelog ID 27093539
HYK2020-0873	FOD-1678	食べログ	食べログ 百名店	百名店	ラーメン	2020	WEST	いかれたヌードル フィッシュトンズ	大阪府	https://award.tabelog.com/hyakumeiten/ramen_west/2020	46232	店舗照合済	食べログ ラーメン WEST 百名店 2020 / 公式掲載順 73/100 / Tabelog ID 27101904
HYK2020-0874	FOD-1679	食べログ	食べログ 百名店	百名店	ラーメン	2020	WEST	麺哲 豊中	大阪府	https://award.tabelog.com/hyakumeiten/ramen_west/2020	46232	店舗照合済	食べログ ラーメン WEST 百名店 2020 / 公式掲載順 74/100 / Tabelog ID 27004096
HYK2020-0875	FOD-1680	食べログ	食べログ 百名店	百名店	ラーメン	2020	WEST	世界一暇なラーメン屋	大阪府	https://award.tabelog.com/hyakumeiten/ramen_west/2020	46232	店舗照合済	食べログ ラーメン WEST 百名店 2020 / 公式掲載順 75/100 / Tabelog ID 27077402
HYK2020-0876	FOD-1681	食べログ	食べログ 百名店	百名店	ラーメン	2020	WEST	鶏Soba 座銀 にぼし店	大阪府	https://award.tabelog.com/hyakumeiten/ramen_west/2020	46232	店舗照合済	食べログ ラーメン WEST 百名店 2020 / 公式掲載順 76/100 / Tabelog ID 27086371
HYK2020-0877	FOD-1682	食べログ	食べログ 百名店	百名店	ラーメン	2020	WEST	ロックンビリーS1	兵庫県	https://award.tabelog.com/hyakumeiten/ramen_west/2020	46232	店舗照合済	食べログ ラーメン WEST 百名店 2020 / 公式掲載順 77/100 / Tabelog ID 28040893
HYK2020-0878	FOD-1683	食べログ	食べログ 百名店	百名店	ラーメン	2020	WEST	鶏 soba 座銀 本店	大阪府	https://award.tabelog.com/hyakumeiten/ramen_west/2020	46232	店舗照合済	食べログ ラーメン WEST 百名店 2020 / 公式掲載順 78/100 / Tabelog ID 27079112
HYK2020-0879	FOD-1684	食べログ	食べログ 百名店	百名店	ラーメン	2020	WEST	ストライク軒	大阪府	https://award.tabelog.com/hyakumeiten/ramen_west/2020	46232	店舗照合済	食べログ ラーメン WEST 百名店 2020 / 公式掲載順 79/100 / Tabelog ID 27074457
HYK2020-0880	FOD-1685	食べログ	食べログ 百名店	百名店	ラーメン	2020	WEST	時屋	大阪府	https://award.tabelog.com/hyakumeiten/ramen_west/2020	46232	店舗照合済	食べログ ラーメン WEST 百名店 2020 / 公式掲載順 80/100 / Tabelog ID 27040424
HYK2020-0881	FOD-1686	食べログ	食べログ 百名店	百名店	ラーメン	2020	WEST	ふく流らーめん 轍 本町本店	大阪府	https://award.tabelog.com/hyakumeiten/ramen_west/2020	46232	店舗照合済	食べログ ラーメン WEST 百名店 2020 / 公式掲載順 81/100 / Tabelog ID 27077641
HYK2020-0882	FOD-1687	食べログ	食べログ 百名店	百名店	ラーメン	2020	WEST	らーめんstyle JUNK STORY 本店	大阪府	https://award.tabelog.com/hyakumeiten/ramen_west/2020	46232	店舗照合済	食べログ ラーメン WEST 百名店 2020 / 公式掲載順 82/100 / Tabelog ID 27050596
HYK2020-0883	FOD-1688	食べログ	食べログ 百名店	百名店	ラーメン	2020	WEST	手打ち麺 やす田	大阪府	https://award.tabelog.com/hyakumeiten/ramen_west/2020	46232	店舗照合済	食べログ ラーメン WEST 百名店 2020 / 公式掲載順 83/100 / Tabelog ID 27060153
HYK2020-0884	FOD-1689	食べログ	食べログ 百名店	百名店	ラーメン	2020	WEST	無鉄砲  大阪店	大阪府	https://award.tabelog.com/hyakumeiten/ramen_west/2020	46232	店舗照合済	食べログ ラーメン WEST 百名店 2020 / 公式掲載順 84/100 / Tabelog ID 27005006
HYK2020-0885	FOD-1690	食べログ	食べログ 百名店	百名店	ラーメン	2020	WEST	らーめん颯人	大阪府	https://award.tabelog.com/hyakumeiten/ramen_west/2020	46232	店舗照合済	食べログ ラーメン WEST 百名店 2020 / 公式掲載順 85/100 / Tabelog ID 27083921
HYK2020-0886	FOD-1691	食べログ	食べログ 百名店	百名店	ラーメン	2020	WEST	麺屋彩々 昭和町本店	大阪府	https://award.tabelog.com/hyakumeiten/ramen_west/2020	46232	店舗照合済	食べログ ラーメン WEST 百名店 2020 / 公式掲載順 86/100 / Tabelog ID 27059500
HYK2020-0887	FOD-1692	食べログ	食べログ 百名店	百名店	ラーメン	2020	WEST	らーめん鱗 茨木店	大阪府	https://award.tabelog.com/hyakumeiten/ramen_west/2020	46232	店舗照合済	食べログ ラーメン WEST 百名店 2020 / 公式掲載順 87/100 / Tabelog ID 27077480
HYK2020-0888	FOD-1693	食べログ	食べログ 百名店	百名店	ラーメン	2020	WEST	麺処 と市	奈良県	https://award.tabelog.com/hyakumeiten/ramen_west/2020	46232	店舗照合済	食べログ ラーメン WEST 百名店 2020 / 公式掲載順 88/100 / Tabelog ID 29006955
HYK2020-0889	FOD-1694	食べログ	食べログ 百名店	百名店	ラーメン	2020	WEST	洛二神	大阪府	https://award.tabelog.com/hyakumeiten/ramen_west/2020	46232	店舗照合済	食べログ ラーメン WEST 百名店 2020 / 公式掲載順 89/100 / Tabelog ID 27000534
HYK2020-0890	FOD-1695	食べログ	食べログ 百名店	百名店	ラーメン	2020	WEST	麦と麺助 新梅田中津店	大阪府	https://award.tabelog.com/hyakumeiten/ramen_west/2020	46232	店舗照合済	食べログ ラーメン WEST 百名店 2020 / 公式掲載順 90/100 / Tabelog ID 27104891
HYK2020-0891	FOD-1696	食べログ	食べログ 百名店	百名店	ラーメン	2020	WEST	大阪麺哲	大阪府	https://award.tabelog.com/hyakumeiten/ramen_west/2020	46232	店舗照合済	食べログ ラーメン WEST 百名店 2020 / 公式掲載順 91/100 / Tabelog ID 27080479
HYK2020-0892	FOD-1697	食べログ	食べログ 百名店	百名店	ラーメン	2020	WEST	博多とんこつ 天神旗	大阪府	https://award.tabelog.com/hyakumeiten/ramen_west/2020	46232	店舗照合済	食べログ ラーメン WEST 百名店 2020 / 公式掲載順 92/100 / Tabelog ID 27002613
HYK2020-0893	FOD-1698	食べログ	食べログ 百名店	百名店	ラーメン	2020	WEST	ラーメン坊也哲	大阪府	https://award.tabelog.com/hyakumeiten/ramen_west/2020	46232	店舗照合済	食べログ ラーメン WEST 百名店 2020 / 公式掲載順 93/100 / Tabelog ID 27073370
HYK2020-0894	FOD-1699	食べログ	食べログ 百名店	百名店	ラーメン	2020	WEST	あいつのラーメン かたぐるま	京都府	https://award.tabelog.com/hyakumeiten/ramen_west/2020	46232	店舗照合済	食べログ ラーメン WEST 百名店 2020 / 公式掲載順 94/100 / Tabelog ID 26023737
HYK2020-0895	FOD-1700	食べログ	食べログ 百名店	百名店	ラーメン	2020	WEST	はまんど	香川県	https://award.tabelog.com/hyakumeiten/ramen_west/2020	46232	店舗照合済	食べログ ラーメン WEST 百名店 2020 / 公式掲載順 95/100 / Tabelog ID 37000174
HYK2020-0896	FOD-1701	食べログ	食べログ 百名店	百名店	ラーメン	2020	WEST	無鉄砲 本店	京都府	https://award.tabelog.com/hyakumeiten/ramen_west/2020	46232	店舗照合済	食べログ ラーメン WEST 百名店 2020 / 公式掲載順 96/100 / Tabelog ID 26002160
HYK2020-0897	FOD-1702	食べログ	食べログ 百名店	百名店	ラーメン	2020	WEST	麺と心 7	大阪府	https://award.tabelog.com/hyakumeiten/ramen_west/2020	46232	店舗照合済	食べログ ラーメン WEST 百名店 2020 / 公式掲載順 97/100 / Tabelog ID 27072629
HYK2020-0898	FOD-1703	食べログ	食べログ 百名店	百名店	ラーメン	2020	WEST	がふうあん	兵庫県	https://award.tabelog.com/hyakumeiten/ramen_west/2020	46232	店舗照合済	食べログ ラーメン WEST 百名店 2020 / 公式掲載順 98/100 / Tabelog ID 28022134
HYK2020-0899	FOD-1704	食べログ	食べログ 百名店	百名店	ラーメン	2020	WEST	がむしゃら 奈良	奈良県	https://award.tabelog.com/hyakumeiten/ramen_west/2020	46232	店舗照合済	食べログ ラーメン WEST 百名店 2020 / 公式掲載順 99/100 / Tabelog ID 29001411
HYK2020-0900	FOD-1705	食べログ	食べログ 百名店	百名店	ラーメン	2020	WEST	中華そば 閃	大阪府	https://award.tabelog.com/hyakumeiten/ramen_west/2020	46232	店舗照合済	食べログ ラーメン WEST 百名店 2020 / 公式掲載順 100/100 / Tabelog ID 27061126
HYK2020-0901	FOD-1706	食べログ	食べログ 百名店	百名店	スイーツ	2020	TOKYO	うさぎや 中央通り店	東京都	https://award.tabelog.com/hyakumeiten/sweets_tokyo/2020	46232	店舗照合済	食べログ スイーツ TOKYO 百名店 2020 / 公式掲載順 1/100 / Tabelog ID 13041161
HYK2020-0902	FOD-1707	食べログ	食べログ 百名店	百名店	スイーツ	2020	TOKYO	日本橋 長門	東京都	https://award.tabelog.com/hyakumeiten/sweets_tokyo/2020	46232	店舗照合済	食べログ スイーツ TOKYO 百名店 2020 / 公式掲載順 2/100 / Tabelog ID 13011481
HYK2020-0903	FOD-1708	食べログ	食べログ 百名店	百名店	スイーツ	2020	TOKYO	ラ・ヴィエイユ・フランス 本店	東京都	https://award.tabelog.com/hyakumeiten/sweets_tokyo/2020	46232	店舗照合済	食べログ スイーツ TOKYO 百名店 2020 / 公式掲載順 3/100 / Tabelog ID 13043939
HYK2020-0904	FOD-1709	食べログ	食べログ 百名店	百名店	スイーツ	2020	TOKYO	志むら	東京都	https://award.tabelog.com/hyakumeiten/sweets_tokyo/2020	46232	店舗照合済	食べログ スイーツ TOKYO 百名店 2020 / 公式掲載順 4/100 / Tabelog ID 13003855
HYK2020-0905	FOD-1710	食べログ	食べログ 百名店	百名店	スイーツ	2020	TOKYO	ラ･メゾン･デュ･ショコラ 丸の内店	東京都	https://award.tabelog.com/hyakumeiten/sweets_tokyo/2020	46232	店舗照合済	食べログ スイーツ TOKYO 百名店 2020 / 公式掲載順 5/100 / Tabelog ID 13000036
HYK2020-0906	FOD-1711	食べログ	食べログ 百名店	百名店	スイーツ	2020	TOKYO	ひみつ堂	東京都	https://award.tabelog.com/hyakumeiten/sweets_tokyo/2020	46232	店舗照合済	食べログ スイーツ TOKYO 百名店 2020 / 公式掲載順 6/100 / Tabelog ID 13126796
HYK2020-0907	FOD-1712	食べログ	食べログ 百名店	百名店	スイーツ	2020	TOKYO	亀十	東京都	https://award.tabelog.com/hyakumeiten/sweets_tokyo/2020	46232	店舗照合済	食べログ スイーツ TOKYO 百名店 2020 / 公式掲載順 7/100 / Tabelog ID 13003655
HYK2020-0908	FOD-1713	食べログ	食べログ 百名店	百名店	スイーツ	2020	TOKYO	すずめや	東京都	https://award.tabelog.com/hyakumeiten/sweets_tokyo/2020	46232	店舗照合済	食べログ スイーツ TOKYO 百名店 2020 / 公式掲載順 8/100 / Tabelog ID 13009255
HYK2020-0909	FOD-1714	食べログ	食べログ 百名店	百名店	スイーツ	2020	TOKYO	瑞穂	東京都	https://award.tabelog.com/hyakumeiten/sweets_tokyo/2020	46232	店舗照合済	食べログ スイーツ TOKYO 百名店 2020 / 公式掲載順 9/100 / Tabelog ID 13001154
HYK2020-0910	FOD-1715	食べログ	食べログ 百名店	百名店	スイーツ	2020	TOKYO	うさぎや	東京都	https://award.tabelog.com/hyakumeiten/sweets_tokyo/2020	46232	店舗照合済	食べログ スイーツ TOKYO 百名店 2020 / 公式掲載順 10/100 / Tabelog ID 13000731
HYK2020-0911	FOD-1716	食べログ	食べログ 百名店	百名店	スイーツ	2020	TOKYO	アステリスク	東京都	https://award.tabelog.com/hyakumeiten/sweets_tokyo/2020	46232	店舗照合済	食べログ スイーツ TOKYO 百名店 2020 / 公式掲載順 11/100 / Tabelog ID 13140735
HYK2020-0912	FOD-1717	食べログ	食べログ 百名店	百名店	スイーツ	2020	TOKYO	パティスリーサロン・ドゥ・テ アミティエ	東京都	https://award.tabelog.com/hyakumeiten/sweets_tokyo/2020	46232	店舗照合済	食べログ スイーツ TOKYO 百名店 2020 / 公式掲載順 12/100 / Tabelog ID 13047005
HYK2020-0913	FOD-1718	食べログ	食べログ 百名店	百名店	スイーツ	2020	TOKYO	レ・カカオ	東京都	https://award.tabelog.com/hyakumeiten/sweets_tokyo/2020	46232	店舗照合済	食べログ スイーツ TOKYO 百名店 2020 / 公式掲載順 13/100 / Tabelog ID 13203619
HYK2020-0914	FOD-1719	食べログ	食べログ 百名店	百名店	スイーツ	2020	TOKYO	ショコラティエ パレ ド オール 東京	東京都	https://award.tabelog.com/hyakumeiten/sweets_tokyo/2020	46232	店舗照合済	食べログ スイーツ TOKYO 百名店 2020 / 公式掲載順 14/100 / Tabelog ID 13038473
HYK2020-0915	FOD-1720	食べログ	食べログ 百名店	百名店	スイーツ	2020	TOKYO	ラ・プレシューズ 紀尾井町店	東京都	https://award.tabelog.com/hyakumeiten/sweets_tokyo/2020	46232	店舗照合済	食べログ スイーツ TOKYO 百名店 2020 / 公式掲載順 15/100 / Tabelog ID 13198490
HYK2020-0916	FOD-1721	食べログ	食べログ 百名店	百名店	スイーツ	2020	TOKYO	草月	東京都	https://award.tabelog.com/hyakumeiten/sweets_tokyo/2020	46232	店舗照合済	食べログ スイーツ TOKYO 百名店 2020 / 公式掲載順 16/100 / Tabelog ID 13003793
HYK2020-0917	FOD-1722	食べログ	食べログ 百名店	百名店	スイーツ	2020	TOKYO	たいやき ひいらぎ	東京都	https://award.tabelog.com/hyakumeiten/sweets_tokyo/2020	46232	店舗照合済	食べログ スイーツ TOKYO 百名店 2020 / 公式掲載順 17/100 / Tabelog ID 13026096
HYK2020-0918	FOD-1723	食べログ	食べログ 百名店	百名店	スイーツ	2020	TOKYO	廚 菓子 くろぎ	東京都	https://award.tabelog.com/hyakumeiten/sweets_tokyo/2020	46232	店舗照合済	食べログ スイーツ TOKYO 百名店 2020 / 公式掲載順 18/100 / Tabelog ID 13167993
HYK2020-0919	FOD-1724	食べログ	食べログ 百名店	百名店	スイーツ	2020	TOKYO	エシレ・メゾン デュ ブール	東京都	https://award.tabelog.com/hyakumeiten/sweets_tokyo/2020	46232	店舗照合済	食べログ スイーツ TOKYO 百名店 2020 / 公式掲載順 19/100 / Tabelog ID 13096439
HYK2020-0920	FOD-1725	食べログ	食べログ 百名店	百名店	スイーツ	2020	TOKYO	フレデリック カッセル 銀座三越	東京都	https://award.tabelog.com/hyakumeiten/sweets_tokyo/2020	46232	店舗照合済	食べログ スイーツ TOKYO 百名店 2020 / 公式掲載順 20/100 / Tabelog ID 13116839
HYK2020-0921	FOD-1726	食べログ	食べログ 百名店	百名店	スイーツ	2020	TOKYO	PATISSERIE ASAKO IWAYANAGI	東京都	https://award.tabelog.com/hyakumeiten/sweets_tokyo/2020	46232	店舗照合済	食べログ スイーツ TOKYO 百名店 2020 / 公式掲載順 21/100 / Tabelog ID 13189509
HYK2020-0922	FOD-1727	食べログ	食べログ 百名店	百名店	スイーツ	2020	TOKYO	ちもと	東京都	https://award.tabelog.com/hyakumeiten/sweets_tokyo/2020	46232	店舗照合済	食べログ スイーツ TOKYO 百名店 2020 / 公式掲載順 22/100 / Tabelog ID 13003218
HYK2020-0923	FOD-1728	食べログ	食べログ 百名店	百名店	スイーツ	2020	TOKYO	パティスリー・スリール	東京都	https://award.tabelog.com/hyakumeiten/sweets_tokyo/2020	46232	店舗照合済	食べログ スイーツ TOKYO 百名店 2020 / 公式掲載順 23/100 / Tabelog ID 13018799
HYK2020-0924	FOD-1729	食べログ	食べログ 百名店	百名店	スイーツ	2020	TOKYO	和kitchen かんな	東京都	https://award.tabelog.com/hyakumeiten/sweets_tokyo/2020	46232	店舗照合済	食べログ スイーツ TOKYO 百名店 2020 / 公式掲載順 24/100 / Tabelog ID 13156812
HYK2020-0925	FOD-1730	食べログ	食べログ 百名店	百名店	スイーツ	2020	TOKYO	パティスリー SATSUKI	東京都	https://award.tabelog.com/hyakumeiten/sweets_tokyo/2020	46232	店舗照合済	食べログ スイーツ TOKYO 百名店 2020 / 公式掲載順 25/100 / Tabelog ID 13000178
HYK2020-0926	FOD-1731	食べログ	食べログ 百名店	百名店	スイーツ	2020	TOKYO	紀の善	東京都	https://award.tabelog.com/hyakumeiten/sweets_tokyo/2020	46232	店舗照合済	食べログ スイーツ TOKYO 百名店 2020 / 公式掲載順 26/100 / Tabelog ID 13000478
HYK2020-0927	FOD-1732	食べログ	食べログ 百名店	百名店	スイーツ	2020	TOKYO	一幸庵	東京都	https://award.tabelog.com/hyakumeiten/sweets_tokyo/2020	46232	店舗照合済	食べログ スイーツ TOKYO 百名店 2020 / 公式掲載順 27/100 / Tabelog ID 13005076
HYK2020-0928	FOD-0455	食べログ	食べログ 百名店	百名店	スイーツ	2020	TOKYO	ジェラテリア アクオリーナ	東京都	https://award.tabelog.com/hyakumeiten/sweets_tokyo/2020	46232	店舗照合済	食べログ スイーツ TOKYO 百名店 2020 / 公式掲載順 28/100 / Tabelog ID 13141364
HYK2020-0929	FOD-1733	食べログ	食べログ 百名店	百名店	スイーツ	2020	TOKYO	うさぎや	東京都	https://award.tabelog.com/hyakumeiten/sweets_tokyo/2020	46232	店舗照合済	食べログ スイーツ TOKYO 百名店 2020 / 公式掲載順 29/100 / Tabelog ID 13003599
HYK2020-0930	FOD-1734	食べログ	食べログ 百名店	百名店	スイーツ	2020	TOKYO	浪花家総本店	東京都	https://award.tabelog.com/hyakumeiten/sweets_tokyo/2020	46232	店舗照合済	食べログ スイーツ TOKYO 百名店 2020 / 公式掲載順 30/100 / Tabelog ID 13002775
HYK2020-0931	FOD-1735	食べログ	食べログ 百名店	百名店	スイーツ	2020	TOKYO	リベルターブル 赤坂店	東京都	https://award.tabelog.com/hyakumeiten/sweets_tokyo/2020	46232	店舗照合済	食べログ スイーツ TOKYO 百名店 2020 / 公式掲載順 31/100 / Tabelog ID 13160987
HYK2020-0932	FOD-1736	食べログ	食べログ 百名店	百名店	スイーツ	2020	TOKYO	たいやき わかば	東京都	https://award.tabelog.com/hyakumeiten/sweets_tokyo/2020	46232	店舗照合済	食べログ スイーツ TOKYO 百名店 2020 / 公式掲載順 32/100 / Tabelog ID 13000848
HYK2020-0933	FOD-1737	食べログ	食べログ 百名店	百名店	スイーツ	2020	TOKYO	ロートンヌ 中野店	東京都	https://award.tabelog.com/hyakumeiten/sweets_tokyo/2020	46232	店舗照合済	食べログ スイーツ TOKYO 百名店 2020 / 公式掲載順 33/100 / Tabelog ID 13118933
HYK2020-0934	FOD-1738	食べログ	食べログ 百名店	百名店	スイーツ	2020	TOKYO	パティスリー イル・プルー・シュル・ラ・セーヌ	東京都	https://award.tabelog.com/hyakumeiten/sweets_tokyo/2020	46232	店舗照合済	食べログ スイーツ TOKYO 百名店 2020 / 公式掲載順 34/100 / Tabelog ID 13001912
HYK2020-0935	FOD-1739	食べログ	食べログ 百名店	百名店	スイーツ	2020	TOKYO	アヴランシュ・ゲネー	東京都	https://award.tabelog.com/hyakumeiten/sweets_tokyo/2020	46232	店舗照合済	食べログ スイーツ TOKYO 百名店 2020 / 公式掲載順 35/100 / Tabelog ID 13186450
HYK2020-0936	FOD-1740	食べログ	食べログ 百名店	百名店	スイーツ	2020	TOKYO	ホレンディッシェ・カカオシュトゥーベ 新宿伊勢丹店	東京都	https://award.tabelog.com/hyakumeiten/sweets_tokyo/2020	46232	店舗照合済	食べログ スイーツ TOKYO 百名店 2020 / 公式掲載順 36/100 / Tabelog ID 13097078
HYK2020-0937	FOD-1741	食べログ	食べログ 百名店	百名店	スイーツ	2020	TOKYO	ツッカベッカライ カヤヌマ	東京都	https://award.tabelog.com/hyakumeiten/sweets_tokyo/2020	46232	店舗照合済	食べログ スイーツ TOKYO 百名店 2020 / 公式掲載順 37/100 / Tabelog ID 13002756
HYK2020-0938	FOD-1742	食べログ	食べログ 百名店	百名店	スイーツ	2020	TOKYO	モンサンクレール	東京都	https://award.tabelog.com/hyakumeiten/sweets_tokyo/2020	46232	店舗照合済	食べログ スイーツ TOKYO 百名店 2020 / 公式掲載順 38/100 / Tabelog ID 13003221
HYK2020-0939	FOD-0354	食べログ	食べログ 百名店	百名店	スイーツ	2020	TOKYO	アテスウェイ	東京都	https://award.tabelog.com/hyakumeiten/sweets_tokyo/2020	46232	店舗照合済	食べログ スイーツ TOKYO 百名店 2020 / 公式掲載順 39/100 / Tabelog ID 13005853
HYK2020-0940	FOD-1743	食べログ	食べログ 百名店	百名店	スイーツ	2020	TOKYO	フルーツパーラーゴトー	東京都	https://award.tabelog.com/hyakumeiten/sweets_tokyo/2020	46232	店舗照合済	食べログ スイーツ TOKYO 百名店 2020 / 公式掲載順 40/100 / Tabelog ID 13095672
HYK2020-0941	FOD-1744	食べログ	食べログ 百名店	百名店	スイーツ	2020	TOKYO	だるまや餅菓子店	東京都	https://award.tabelog.com/hyakumeiten/sweets_tokyo/2020	46232	店舗照合済	食べログ スイーツ TOKYO 百名店 2020 / 公式掲載順 41/100 / Tabelog ID 13008769
HYK2020-0942	FOD-1745	食べログ	食べログ 百名店	百名店	スイーツ	2020	TOKYO	パティスリィ ドゥ・ボン・クーフゥ 武蔵小山本店	東京都	https://award.tabelog.com/hyakumeiten/sweets_tokyo/2020	46232	店舗照合済	食べログ スイーツ TOKYO 百名店 2020 / 公式掲載順 42/100 / Tabelog ID 13032289
HYK2020-0943	FOD-1746	食べログ	食べログ 百名店	百名店	スイーツ	2020	TOKYO	パティスリー タダシ ヤナギ 八雲店	東京都	https://award.tabelog.com/hyakumeiten/sweets_tokyo/2020	46232	店舗照合済	食べログ スイーツ TOKYO 百名店 2020 / 公式掲載順 43/100 / Tabelog ID 13019733
HYK2020-0944	FOD-1747	食べログ	食べログ 百名店	百名店	スイーツ	2020	TOKYO	パティスリー カーヴァンソン	東京都	https://award.tabelog.com/hyakumeiten/sweets_tokyo/2020	46232	店舗照合済	食べログ スイーツ TOKYO 百名店 2020 / 公式掲載順 44/100 / Tabelog ID 13035194
HYK2020-0945	FOD-1748	食べログ	食べログ 百名店	百名店	スイーツ	2020	TOKYO	ラトリエ モトゾー	東京都	https://award.tabelog.com/hyakumeiten/sweets_tokyo/2020	46232	店舗照合済	食べログ スイーツ TOKYO 百名店 2020 / 公式掲載順 45/100 / Tabelog ID 13199223
HYK2020-0946	FOD-1749	食べログ	食べログ 百名店	百名店	スイーツ	2020	TOKYO	フルーツパーラーフクナガ	東京都	https://award.tabelog.com/hyakumeiten/sweets_tokyo/2020	46232	店舗照合済	食べログ スイーツ TOKYO 百名店 2020 / 公式掲載順 46/100 / Tabelog ID 13006765
HYK2020-0947	FOD-1750	食べログ	食べログ 百名店	百名店	スイーツ	2020	TOKYO	ナタ・デ・クリスチアノ	東京都	https://award.tabelog.com/hyakumeiten/sweets_tokyo/2020	46232	店舗照合済	食べログ スイーツ TOKYO 百名店 2020 / 公式掲載順 47/100 / Tabelog ID 13153384
HYK2020-0948	FOD-1751	食べログ	食べログ 百名店	百名店	スイーツ	2020	TOKYO	フルーツカフェ フルータス	東京都	https://award.tabelog.com/hyakumeiten/sweets_tokyo/2020	46232	店舗照合済	食べログ スイーツ TOKYO 百名店 2020 / 公式掲載順 48/100 / Tabelog ID 13056677
HYK2020-0949	FOD-0692	食べログ	食べログ 百名店	百名店	スイーツ	2020	TOKYO	パティスリー リョーコ	東京都	https://award.tabelog.com/hyakumeiten/sweets_tokyo/2020	46232	店舗照合済	食べログ スイーツ TOKYO 百名店 2020 / 公式掲載順 49/100 / Tabelog ID 13137010
HYK2020-0950	FOD-1752	食べログ	食べログ 百名店	百名店	スイーツ	2020	TOKYO	マテリエル	東京都	https://award.tabelog.com/hyakumeiten/sweets_tokyo/2020	46232	店舗照合済	食べログ スイーツ TOKYO 百名店 2020 / 公式掲載順 50/100 / Tabelog ID 13110008
HYK2020-0951	FOD-1753	食べログ	食べログ 百名店	百名店	スイーツ	2020	TOKYO	ハリッツ 上原店	東京都	https://award.tabelog.com/hyakumeiten/sweets_tokyo/2020	46232	店舗照合済	食べログ スイーツ TOKYO 百名店 2020 / 公式掲載順 51/100 / Tabelog ID 13023466
HYK2020-0952	FOD-1754	食べログ	食べログ 百名店	百名店	スイーツ	2020	TOKYO	うさぎや 本店	東京都	https://award.tabelog.com/hyakumeiten/sweets_tokyo/2020	46232	店舗照合済	食べログ スイーツ TOKYO 百名店 2020 / 公式掲載順 52/100 / Tabelog ID 13003250
HYK2020-0953	FOD-1755	食べログ	食べログ 百名店	百名店	スイーツ	2020	TOKYO	レピキュリアン	東京都	https://award.tabelog.com/hyakumeiten/sweets_tokyo/2020	46232	店舗照合済	食べログ スイーツ TOKYO 百名店 2020 / 公式掲載順 53/100 / Tabelog ID 13005891
HYK2020-0954	FOD-1756	食べログ	食べログ 百名店	百名店	スイーツ	2020	TOKYO	オーボンヴュータン 尾山台店	東京都	https://award.tabelog.com/hyakumeiten/sweets_tokyo/2020	46232	店舗照合済	食べログ スイーツ TOKYO 百名店 2020 / 公式掲載順 54/100 / Tabelog ID 13181654
HYK2020-0955	FOD-1757	食べログ	食べログ 百名店	百名店	スイーツ	2020	TOKYO	フランス菓子 パティシエ ショコラティエ イナムラショウゾウ	東京都	https://award.tabelog.com/hyakumeiten/sweets_tokyo/2020	46232	店舗照合済	食べログ スイーツ TOKYO 百名店 2020 / 公式掲載順 55/100 / Tabelog ID 13047298
HYK2020-0956	FOD-1758	食べログ	食べログ 百名店	百名店	スイーツ	2020	TOKYO	和栗や 谷中店	東京都	https://award.tabelog.com/hyakumeiten/sweets_tokyo/2020	46232	店舗照合済	食べログ スイーツ TOKYO 百名店 2020 / 公式掲載順 56/100 / Tabelog ID 13130539
HYK2020-0957	FOD-1759	食べログ	食べログ 百名店	百名店	スイーツ	2020	TOKYO	千葉屋	東京都	https://award.tabelog.com/hyakumeiten/sweets_tokyo/2020	46232	店舗照合済	食べログ スイーツ TOKYO 百名店 2020 / 公式掲載順 57/100 / Tabelog ID 13008691
HYK2020-0958	FOD-1760	食べログ	食べログ 百名店	百名店	スイーツ	2020	TOKYO	アトリエコータ 神楽坂店	東京都	https://award.tabelog.com/hyakumeiten/sweets_tokyo/2020	46232	店舗照合済	食べログ スイーツ TOKYO 百名店 2020 / 公式掲載順 58/100 / Tabelog ID 13136823
HYK2020-0959	FOD-1761	食べログ	食べログ 百名店	百名店	スイーツ	2020	TOKYO	ホットケーキパーラー フルフル 赤坂店	東京都	https://award.tabelog.com/hyakumeiten/sweets_tokyo/2020	46232	店舗照合済	食べログ スイーツ TOKYO 百名店 2020 / 公式掲載順 59/100 / Tabelog ID 13155288
HYK2020-0960	FOD-1762	食べログ	食べログ 百名店	百名店	スイーツ	2020	TOKYO	Toshi Yoroizuka Mid Town	東京都	https://award.tabelog.com/hyakumeiten/sweets_tokyo/2020	46232	店舗照合済	食べログ スイーツ TOKYO 百名店 2020 / 公式掲載順 60/100 / Tabelog ID 13037382
HYK2020-0961	FOD-1763	食べログ	食べログ 百名店	百名店	スイーツ	2020	TOKYO	梅むら	東京都	https://award.tabelog.com/hyakumeiten/sweets_tokyo/2020	46232	店舗照合済	食べログ スイーツ TOKYO 百名店 2020 / 公式掲載順 61/100 / Tabelog ID 13008698
HYK2020-0962	FOD-1764	食べログ	食べログ 百名店	百名店	スイーツ	2020	TOKYO	パティスリー レザネフォール 恵比寿本店	東京都	https://award.tabelog.com/hyakumeiten/sweets_tokyo/2020	46232	店舗照合済	食べログ スイーツ TOKYO 百名店 2020 / 公式掲載順 62/100 / Tabelog ID 13149501
HYK2020-0963	FOD-1765	食べログ	食べログ 百名店	百名店	スイーツ	2020	TOKYO	清寿軒	東京都	https://award.tabelog.com/hyakumeiten/sweets_tokyo/2020	46232	店舗照合済	食べログ スイーツ TOKYO 百名店 2020 / 公式掲載順 63/100 / Tabelog ID 13213772
HYK2020-0964	FOD-1766	食べログ	食べログ 百名店	百名店	スイーツ	2020	TOKYO	パティスリー カカオエット・パリ	東京都	https://award.tabelog.com/hyakumeiten/sweets_tokyo/2020	46232	店舗照合済	食べログ スイーツ TOKYO 百名店 2020 / 公式掲載順 64/100 / Tabelog ID 13039525
HYK2020-0965	FOD-1767	食べログ	食べログ 百名店	百名店	スイーツ	2020	TOKYO	スタイルズケイクス＆カンパニー	東京都	https://award.tabelog.com/hyakumeiten/sweets_tokyo/2020	46232	店舗照合済	食べログ スイーツ TOKYO 百名店 2020 / 公式掲載順 65/100 / Tabelog ID 13125138
HYK2020-0966	FOD-1768	食べログ	食べログ 百名店	百名店	スイーツ	2020	TOKYO	西洋菓子 しろたえ	東京都	https://award.tabelog.com/hyakumeiten/sweets_tokyo/2020	46232	店舗照合済	食べログ スイーツ TOKYO 百名店 2020 / 公式掲載順 66/100 / Tabelog ID 13002850
HYK2020-0967	FOD-1769	食べログ	食べログ 百名店	百名店	スイーツ	2020	TOKYO	オーボンヴュータン 日本橋高島屋店	東京都	https://award.tabelog.com/hyakumeiten/sweets_tokyo/2020	46232	店舗照合済	食べログ スイーツ TOKYO 百名店 2020 / 公式掲載順 67/100 / Tabelog ID 13023670
HYK2020-0968	FOD-1770	食べログ	食べログ 百名店	百名店	スイーツ	2020	TOKYO	パティスリー ユウ ササゲ	東京都	https://award.tabelog.com/hyakumeiten/sweets_tokyo/2020	46232	店舗照合済	食べログ スイーツ TOKYO 百名店 2020 / 公式掲載順 68/100 / Tabelog ID 13155662
HYK2020-0969	FOD-1771	食べログ	食べログ 百名店	百名店	スイーツ	2020	TOKYO	アルカション	東京都	https://award.tabelog.com/hyakumeiten/sweets_tokyo/2020	46232	店舗照合済	食べログ スイーツ TOKYO 百名店 2020 / 公式掲載順 69/100 / Tabelog ID 13023168
HYK2020-0970	FOD-1772	食べログ	食べログ 百名店	百名店	スイーツ	2020	TOKYO	北斎茶房	東京都	https://award.tabelog.com/hyakumeiten/sweets_tokyo/2020	46232	店舗照合済	食べログ スイーツ TOKYO 百名店 2020 / 公式掲載順 70/100 / Tabelog ID 13009563
HYK2020-0971	FOD-1773	食べログ	食べログ 百名店	百名店	スイーツ	2020	TOKYO	ラ・ファミーユ	東京都	https://award.tabelog.com/hyakumeiten/sweets_tokyo/2020	46232	店舗照合済	食べログ スイーツ TOKYO 百名店 2020 / 公式掲載順 71/100 / Tabelog ID 13005624
HYK2020-0972	FOD-1774	食べログ	食べログ 百名店	百名店	スイーツ	2020	TOKYO	アディクト オ シュクル	東京都	https://award.tabelog.com/hyakumeiten/sweets_tokyo/2020	46232	店舗照合済	食べログ スイーツ TOKYO 百名店 2020 / 公式掲載順 72/100 / Tabelog ID 13171753
HYK2020-0973	FOD-1775	食べログ	食べログ 百名店	百名店	スイーツ	2020	TOKYO	パーラー ローレル	東京都	https://award.tabelog.com/hyakumeiten/sweets_tokyo/2020	46232	店舗照合済	食べログ スイーツ TOKYO 百名店 2020 / 公式掲載順 73/100 / Tabelog ID 13003097
HYK2020-0974	FOD-1776	食べログ	食べログ 百名店	百名店	スイーツ	2020	TOKYO	御菓子処 さゝま	東京都	https://award.tabelog.com/hyakumeiten/sweets_tokyo/2020	46232	店舗照合済	食べログ スイーツ TOKYO 百名店 2020 / 公式掲載順 74/100 / Tabelog ID 13000627
HYK2020-0975	FOD-1777	食べログ	食べログ 百名店	百名店	スイーツ	2020	TOKYO	たちばな	東京都	https://award.tabelog.com/hyakumeiten/sweets_tokyo/2020	46232	店舗照合済	食べログ スイーツ TOKYO 百名店 2020 / 公式掲載順 75/100 / Tabelog ID 13022189
HYK2020-0976	FOD-0374	食べログ	食べログ 百名店	百名店	スイーツ	2020	TOKYO	イデミスギノ	東京都	https://award.tabelog.com/hyakumeiten/sweets_tokyo/2020	46232	店舗照合済	食べログ スイーツ TOKYO 百名店 2020 / 公式掲載順 76/100 / Tabelog ID 13002285
HYK2020-0977	FOD-1778	食べログ	食べログ 百名店	百名店	スイーツ	2020	TOKYO	チリムーロ	東京都	https://award.tabelog.com/hyakumeiten/sweets_tokyo/2020	46232	店舗照合済	食べログ スイーツ TOKYO 百名店 2020 / 公式掲載順 77/100 / Tabelog ID 13164533
HYK2020-0978	FOD-1779	食べログ	食べログ 百名店	百名店	スイーツ	2020	TOKYO	パティスリー ジュンウジタ	東京都	https://award.tabelog.com/hyakumeiten/sweets_tokyo/2020	46232	店舗照合済	食べログ スイーツ TOKYO 百名店 2020 / 公式掲載順 78/100 / Tabelog ID 13133033
HYK2020-0979	FOD-1780	食べログ	食べログ 百名店	百名店	スイーツ	2020	TOKYO	ケンズカフェ東京	東京都	https://award.tabelog.com/hyakumeiten/sweets_tokyo/2020	46232	店舗照合済	食べログ スイーツ TOKYO 百名店 2020 / 公式掲載順 79/100 / Tabelog ID 13024643
HYK2020-0980	FOD-1781	食べログ	食べログ 百名店	百名店	スイーツ	2020	TOKYO	松島屋	東京都	https://award.tabelog.com/hyakumeiten/sweets_tokyo/2020	46232	店舗照合済	食べログ スイーツ TOKYO 百名店 2020 / 公式掲載順 80/100 / Tabelog ID 13007137
HYK2020-0981	FOD-1782	食べログ	食べログ 百名店	百名店	スイーツ	2020	TOKYO	空也	東京都	https://award.tabelog.com/hyakumeiten/sweets_tokyo/2020	46232	店舗照合済	食べログ スイーツ TOKYO 百名店 2020 / 公式掲載順 81/100 / Tabelog ID 13002591
HYK2020-0982	FOD-1783	食べログ	食べログ 百名店	百名店	スイーツ	2020	TOKYO	クリオロ 中目黒店	東京都	https://award.tabelog.com/hyakumeiten/sweets_tokyo/2020	46232	店舗照合済	食べログ スイーツ TOKYO 百名店 2020 / 公式掲載順 82/100 / Tabelog ID 13077927
HYK2020-0983	FOD-1784	食べログ	食べログ 百名店	百名店	スイーツ	2020	TOKYO	エーグルドゥース	東京都	https://award.tabelog.com/hyakumeiten/sweets_tokyo/2020	46232	店舗照合済	食べログ スイーツ TOKYO 百名店 2020 / 公式掲載順 83/100 / Tabelog ID 13005641
HYK2020-0984	FOD-1785	食べログ	食べログ 百名店	百名店	スイーツ	2020	TOKYO	浅草浪花家	東京都	https://award.tabelog.com/hyakumeiten/sweets_tokyo/2020	46232	店舗照合済	食べログ スイーツ TOKYO 百名店 2020 / 公式掲載順 84/100 / Tabelog ID 13120735
HYK2020-0985	FOD-1786	食べログ	食べログ 百名店	百名店	スイーツ	2020	TOKYO	クリオロ 東京本店	東京都	https://award.tabelog.com/hyakumeiten/sweets_tokyo/2020	46232	店舗照合済	食べログ スイーツ TOKYO 百名店 2020 / 公式掲載順 85/100 / Tabelog ID 13194959
HYK2020-0986	FOD-1787	食べログ	食べログ 百名店	百名店	スイーツ	2020	TOKYO	ジェラテリア シンチェリータ	東京都	https://award.tabelog.com/hyakumeiten/sweets_tokyo/2020	46232	店舗照合済	食べログ スイーツ TOKYO 百名店 2020 / 公式掲載順 86/100 / Tabelog ID 13108556
HYK2020-0987	FOD-1788	食べログ	食べログ 百名店	百名店	スイーツ	2020	TOKYO	群林堂	東京都	https://award.tabelog.com/hyakumeiten/sweets_tokyo/2020	46232	店舗照合済	食べログ スイーツ TOKYO 百名店 2020 / 公式掲載順 87/100 / Tabelog ID 13003816
HYK2020-0988	FOD-1789	食べログ	食べログ 百名店	百名店	スイーツ	2020	TOKYO	メゾン・ダーニ	東京都	https://award.tabelog.com/hyakumeiten/sweets_tokyo/2020	46232	店舗照合済	食べログ スイーツ TOKYO 百名店 2020 / 公式掲載順 88/100 / Tabelog ID 13183428
HYK2020-0989	FOD-1790	食べログ	食べログ 百名店	百名店	スイーツ	2020	TOKYO	ラデュレ サロン・ド・テ 銀座三越店	東京都	https://award.tabelog.com/hyakumeiten/sweets_tokyo/2020	46232	店舗照合済	食べログ スイーツ TOKYO 百名店 2020 / 公式掲載順 89/100 / Tabelog ID 13053865
HYK2020-0990	FOD-1791	食べログ	食べログ 百名店	百名店	スイーツ	2020	TOKYO	リョウラ	東京都	https://award.tabelog.com/hyakumeiten/sweets_tokyo/2020	46232	店舗照合済	食べログ スイーツ TOKYO 百名店 2020 / 公式掲載順 90/100 / Tabelog ID 13188208
HYK2020-0991	FOD-1792	食べログ	食べログ 百名店	百名店	スイーツ	2020	TOKYO	パティスリー ラブリコチエ	東京都	https://award.tabelog.com/hyakumeiten/sweets_tokyo/2020	46232	店舗照合済	食べログ スイーツ TOKYO 百名店 2020 / 公式掲載順 91/100 / Tabelog ID 13100828
HYK2020-0992	FOD-1793	食べログ	食べログ 百名店	百名店	スイーツ	2020	TOKYO	パティスリー・パリセヴェイユ	東京都	https://award.tabelog.com/hyakumeiten/sweets_tokyo/2020	46232	店舗照合済	食べログ スイーツ TOKYO 百名店 2020 / 公式掲載順 92/100 / Tabelog ID 13005198
HYK2020-0993	FOD-1794	食べログ	食べログ 百名店	百名店	スイーツ	2020	TOKYO	ロートンヌ 秋津本店	東京都	https://award.tabelog.com/hyakumeiten/sweets_tokyo/2020	46232	店舗照合済	食べログ スイーツ TOKYO 百名店 2020 / 公式掲載順 93/100 / Tabelog ID 13005967
HYK2020-0994	FOD-1795	食べログ	食べログ 百名店	百名店	スイーツ	2020	TOKYO	ア コテ パティスリー	東京都	https://award.tabelog.com/hyakumeiten/sweets_tokyo/2020	46232	店舗照合済	食べログ スイーツ TOKYO 百名店 2020 / 公式掲載順 94/100 / Tabelog ID 13051424
HYK2020-0995	FOD-1796	食べログ	食べログ 百名店	百名店	スイーツ	2020	TOKYO	パティスリー プレジール	東京都	https://award.tabelog.com/hyakumeiten/sweets_tokyo/2020	46232	店舗照合済	食べログ スイーツ TOKYO 百名店 2020 / 公式掲載順 95/100 / Tabelog ID 13045491
HYK2020-0996	FOD-1797	食べログ	食べログ 百名店	百名店	スイーツ	2020	TOKYO	アルノー・ラエール 広尾本店	東京都	https://award.tabelog.com/hyakumeiten/sweets_tokyo/2020	46232	店舗照合済	食べログ スイーツ TOKYO 百名店 2020 / 公式掲載順 96/100 / Tabelog ID 13217253
HYK2020-0997	FOD-1798	食べログ	食べログ 百名店	百名店	スイーツ	2020	TOKYO	フィオレンティーナ ペストリーブティック	東京都	https://award.tabelog.com/hyakumeiten/sweets_tokyo/2020	46232	店舗照合済	食べログ スイーツ TOKYO 百名店 2020 / 公式掲載順 97/100 / Tabelog ID 13060521
HYK2020-0998	FOD-1799	食べログ	食べログ 百名店	百名店	スイーツ	2020	TOKYO	柳屋	東京都	https://award.tabelog.com/hyakumeiten/sweets_tokyo/2020	46232	店舗照合済	食べログ スイーツ TOKYO 百名店 2020 / 公式掲載順 98/100 / Tabelog ID 13003065
HYK2020-0999	FOD-1800	食べログ	食べログ 百名店	百名店	スイーツ	2020	TOKYO	シュークリー	東京都	https://award.tabelog.com/hyakumeiten/sweets_tokyo/2020	46232	店舗照合済	食べログ スイーツ TOKYO 百名店 2020 / 公式掲載順 99/100 / Tabelog ID 13050996
HYK2020-1000	FOD-1801	食べログ	食べログ 百名店	百名店	スイーツ	2020	TOKYO	リュードパッシー	東京都	https://award.tabelog.com/hyakumeiten/sweets_tokyo/2020	46232	店舗照合済	食べログ スイーツ TOKYO 百名店 2020 / 公式掲載順 100/100 / Tabelog ID 13005155
HYK2020-1001	FOD-1802	食べログ	食べログ 百名店	百名店	スイーツ	2020	EAST	アングランパ	埼玉県	https://award.tabelog.com/hyakumeiten/sweets_east/2020	46232	店舗照合済	食べログ スイーツ EAST 百名店 2020 / 公式掲載順 1/100 / Tabelog ID 11035130
HYK2020-1002	FOD-1803	食べログ	食べログ 百名店	百名店	スイーツ	2020	EAST	パティスリー アン	愛知県	https://award.tabelog.com/hyakumeiten/sweets_east/2020	46232	店舗照合済	食べログ スイーツ EAST 百名店 2020 / 公式掲載順 2/100 / Tabelog ID 23041407
HYK2020-1003	FOD-1804	食べログ	食べログ 百名店	百名店	スイーツ	2020	EAST	村上屋餅店	宮城県	https://award.tabelog.com/hyakumeiten/sweets_east/2020	46232	店舗照合済	食べログ スイーツ EAST 百名店 2020 / 公式掲載順 3/100 / Tabelog ID 4000119
HYK2020-1004	FOD-1805	食べログ	食べログ 百名店	百名店	スイーツ	2020	EAST	川口屋	愛知県	https://award.tabelog.com/hyakumeiten/sweets_east/2020	46232	店舗照合済	食べログ スイーツ EAST 百名店 2020 / 公式掲載順 4/100 / Tabelog ID 23027478
HYK2020-1005	FOD-1806	食べログ	食べログ 百名店	百名店	スイーツ	2020	EAST	平五郎 本店	長野県	https://award.tabelog.com/hyakumeiten/sweets_east/2020	46232	店舗照合済	食べログ スイーツ EAST 百名店 2020 / 公式掲載順 5/100 / Tabelog ID 20015759
HYK2020-1006	FOD-1807	食べログ	食べログ 百名店	百名店	スイーツ	2020	EAST	エチエンヌ	神奈川県	https://award.tabelog.com/hyakumeiten/sweets_east/2020	46232	店舗照合済	食べログ スイーツ EAST 百名店 2020 / 公式掲載順 6/100 / Tabelog ID 14042063
HYK2020-1007	FOD-1808	食べログ	食べログ 百名店	百名店	スイーツ	2020	EAST	ベルグの４月 本店	神奈川県	https://award.tabelog.com/hyakumeiten/sweets_east/2020	46232	店舗照合済	食べログ スイーツ EAST 百名店 2020 / 公式掲載順 7/100 / Tabelog ID 14000432
HYK2020-1008	FOD-1809	食べログ	食べログ 百名店	百名店	スイーツ	2020	EAST	甘酒茶屋	神奈川県	https://award.tabelog.com/hyakumeiten/sweets_east/2020	46232	店舗照合済	食べログ スイーツ EAST 百名店 2020 / 公式掲載順 8/100 / Tabelog ID 14001260
HYK2020-1009	FOD-1810	食べログ	食べログ 百名店	百名店	スイーツ	2020	EAST	アカシエ 浦和店	埼玉県	https://award.tabelog.com/hyakumeiten/sweets_east/2020	46232	店舗照合済	食べログ スイーツ EAST 百名店 2020 / 公式掲載順 9/100 / Tabelog ID 11003500
HYK2020-1010	FOD-1811	食べログ	食べログ 百名店	百名店	スイーツ	2020	EAST	プレリュード 福光店	岐阜県	https://award.tabelog.com/hyakumeiten/sweets_east/2020	46232	店舗照合済	食べログ スイーツ EAST 百名店 2020 / 公式掲載順 10/100 / Tabelog ID 21008360
HYK2020-1011	FOD-1812	食べログ	食べログ 百名店	百名店	スイーツ	2020	EAST	CALVA	神奈川県	https://award.tabelog.com/hyakumeiten/sweets_east/2020	46232	店舗照合済	食べログ スイーツ EAST 百名店 2020 / 公式掲載順 11/100 / Tabelog ID 14030857
HYK2020-1012	FOD-1813	食べログ	食べログ 百名店	百名店	スイーツ	2020	EAST	ピュイサンス	神奈川県	https://award.tabelog.com/hyakumeiten/sweets_east/2020	46232	店舗照合済	食べログ スイーツ EAST 百名店 2020 / 公式掲載順 12/100 / Tabelog ID 14003354
HYK2020-1013	FOD-1814	食べログ	食べログ 百名店	百名店	スイーツ	2020	EAST	シンフラ	埼玉県	https://award.tabelog.com/hyakumeiten/sweets_east/2020	46232	店舗照合済	食べログ スイーツ EAST 百名店 2020 / 公式掲載順 13/100 / Tabelog ID 11035335
HYK2020-1014	FOD-1815	食べログ	食べログ 百名店	百名店	スイーツ	2020	EAST	フルーツパーラー 弘法屋 池下店	愛知県	https://award.tabelog.com/hyakumeiten/sweets_east/2020	46232	店舗照合済	食べログ スイーツ EAST 百名店 2020 / 公式掲載順 14/100 / Tabelog ID 23020841
HYK2020-1015	FOD-1816	食べログ	食べログ 百名店	百名店	スイーツ	2020	EAST	アボンドンス	静岡県	https://award.tabelog.com/hyakumeiten/sweets_east/2020	46232	店舗照合済	食べログ スイーツ EAST 百名店 2020 / 公式掲載順 15/100 / Tabelog ID 22003393
HYK2020-1016	FOD-1817	食べログ	食べログ 百名店	百名店	スイーツ	2020	EAST	栗きんとん本家 すや 本店	岐阜県	https://award.tabelog.com/hyakumeiten/sweets_east/2020	46232	店舗照合済	食べログ スイーツ EAST 百名店 2020 / 公式掲載順 16/100 / Tabelog ID 21000030
HYK2020-1017	FOD-1818	食べログ	食べログ 百名店	百名店	スイーツ	2020	EAST	ミルク村 SAPPORO本店	北海道	https://award.tabelog.com/hyakumeiten/sweets_east/2020	46232	店舗照合済	食べログ スイーツ EAST 百名店 2020 / 公式掲載順 17/100 / Tabelog ID 1000194
HYK2020-1018	FOD-1819	食べログ	食べログ 百名店	百名店	スイーツ	2020	EAST	リリエンベルグ	神奈川県	https://award.tabelog.com/hyakumeiten/sweets_east/2020	46232	店舗照合済	食べログ スイーツ EAST 百名店 2020 / 公式掲載順 18/100 / Tabelog ID 14000034
HYK2020-1019	FOD-1820	食べログ	食べログ 百名店	百名店	スイーツ	2020	EAST	フラノデリス	北海道	https://award.tabelog.com/hyakumeiten/sweets_east/2020	46232	店舗照合済	食べログ スイーツ EAST 百名店 2020 / 公式掲載順 19/100 / Tabelog ID 1000940
HYK2020-1020	FOD-1821	食べログ	食べログ 百名店	百名店	スイーツ	2020	EAST	栗きんとん本家 すや JR名古屋高島屋・直営店	愛知県	https://award.tabelog.com/hyakumeiten/sweets_east/2020	46232	店舗照合済	食べログ スイーツ EAST 百名店 2020 / 公式掲載順 20/100 / Tabelog ID 23009929
HYK2020-1021	FOD-1822	食べログ	食べログ 百名店	百名店	スイーツ	2020	EAST	Patisserie Rond-to	長野県	https://award.tabelog.com/hyakumeiten/sweets_east/2020	46232	店舗照合済	食べログ スイーツ EAST 百名店 2020 / 公式掲載順 21/100 / Tabelog ID 20006070
HYK2020-1022	FOD-1823	食べログ	食べログ 百名店	百名店	スイーツ	2020	EAST	フォルテシモ アッシュ	愛知県	https://award.tabelog.com/hyakumeiten/sweets_east/2020	46232	店舗照合済	食べログ スイーツ EAST 百名店 2020 / 公式掲載順 22/100 / Tabelog ID 23004369
HYK2020-1023	FOD-1824	食べログ	食べログ 百名店	百名店	スイーツ	2020	EAST	Paris パイ	新潟県	https://award.tabelog.com/hyakumeiten/sweets_east/2020	46232	店舗照合済	食べログ スイーツ EAST 百名店 2020 / 公式掲載順 23/100 / Tabelog ID 15002650
HYK2020-1024	FOD-1825	食べログ	食べログ 百名店	百名店	スイーツ	2020	EAST	グランディール アンサンブル	神奈川県	https://award.tabelog.com/hyakumeiten/sweets_east/2020	46232	店舗照合済	食べログ スイーツ EAST 百名店 2020 / 公式掲載順 24/100 / Tabelog ID 14061044
HYK2020-1025	FOD-1826	食べログ	食べログ 百名店	百名店	スイーツ	2020	EAST	ロア レギューム 朝霞本店	埼玉県	https://award.tabelog.com/hyakumeiten/sweets_east/2020	46232	店舗照合済	食べログ スイーツ EAST 百名店 2020 / 公式掲載順 25/100 / Tabelog ID 11000029
HYK2020-1026	FOD-1827	食べログ	食べログ 百名店	百名店	スイーツ	2020	EAST	レナーズ 横浜ワールドポーターズ店	神奈川県	https://award.tabelog.com/hyakumeiten/sweets_east/2020	46232	店舗照合済	食べログ スイーツ EAST 百名店 2020 / 公式掲載順 26/100 / Tabelog ID 14014796
HYK2020-1027	FOD-1828	食べログ	食べログ 百名店	百名店	スイーツ	2020	EAST	ル・パティシエ ヨコヤマ 京成大久保店	千葉県	https://award.tabelog.com/hyakumeiten/sweets_east/2020	46232	店舗照合済	食べログ スイーツ EAST 百名店 2020 / 公式掲載順 27/100 / Tabelog ID 12000513
HYK2020-1028	FOD-1829	食べログ	食べログ 百名店	百名店	スイーツ	2020	EAST	パティスリー ロタンティック	埼玉県	https://award.tabelog.com/hyakumeiten/sweets_east/2020	46232	店舗照合済	食べログ スイーツ EAST 百名店 2020 / 公式掲載順 28/100 / Tabelog ID 11035023
HYK2020-1029	FOD-1830	食べログ	食べログ 百名店	百名店	スイーツ	2020	EAST	シャンドワゾー	埼玉県	https://award.tabelog.com/hyakumeiten/sweets_east/2020	46232	店舗照合済	食べログ スイーツ EAST 百名店 2020 / 公式掲載順 29/100 / Tabelog ID 11025121
HYK2020-1030	FOD-1831	食べログ	食べログ 百名店	百名店	スイーツ	2020	EAST	七福	岐阜県	https://award.tabelog.com/hyakumeiten/sweets_east/2020	46232	店舗照合済	食べログ スイーツ EAST 百名店 2020 / 公式掲載順 30/100 / Tabelog ID 21000992
HYK2020-1031	FOD-1832	食べログ	食べログ 百名店	百名店	スイーツ	2020	EAST	松月氷室	栃木県	https://award.tabelog.com/hyakumeiten/sweets_east/2020	46232	店舗照合済	食べログ スイーツ EAST 百名店 2020 / 公式掲載順 31/100 / Tabelog ID 9003227
HYK2020-1032	FOD-1833	食べログ	食べログ 百名店	百名店	スイーツ	2020	EAST	栗の木テラス 小布施店	長野県	https://award.tabelog.com/hyakumeiten/sweets_east/2020	46232	店舗照合済	食べログ スイーツ EAST 百名店 2020 / 公式掲載順 32/100 / Tabelog ID 20000669
HYK2020-1033	FOD-1834	食べログ	食べログ 百名店	百名店	スイーツ	2020	EAST	細井	埼玉県	https://award.tabelog.com/hyakumeiten/sweets_east/2020	46232	店舗照合済	食べログ スイーツ EAST 百名店 2020 / 公式掲載順 33/100 / Tabelog ID 11022003
HYK2020-1034	FOD-1835	食べログ	食べログ 百名店	百名店	スイーツ	2020	EAST	小倉屋	茨城県	https://award.tabelog.com/hyakumeiten/sweets_east/2020	46232	店舗照合済	食べログ スイーツ EAST 百名店 2020 / 公式掲載順 34/100 / Tabelog ID 8000238
HYK2020-1035	FOD-1836	食べログ	食べログ 百名店	百名店	スイーツ	2020	EAST	マーロウ そごう横浜店	神奈川県	https://award.tabelog.com/hyakumeiten/sweets_east/2020	46232	店舗照合済	食べログ スイーツ EAST 百名店 2020 / 公式掲載順 35/100 / Tabelog ID 14000083
HYK2020-1036	FOD-1837	食べログ	食べログ 百名店	百名店	スイーツ	2020	EAST	アン・プチ・パケ	神奈川県	https://award.tabelog.com/hyakumeiten/sweets_east/2020	46232	店舗照合済	食べログ スイーツ EAST 百名店 2020 / 公式掲載順 36/100 / Tabelog ID 14000173
HYK2020-1037	FOD-1838	食べログ	食べログ 百名店	百名店	スイーツ	2020	EAST	みのわ	神奈川県	https://award.tabelog.com/hyakumeiten/sweets_east/2020	46232	店舗照合済	食べログ スイーツ EAST 百名店 2020 / 公式掲載順 37/100 / Tabelog ID 14002574
HYK2020-1038	FOD-1839	食べログ	食べログ 百名店	百名店	スイーツ	2020	EAST	シュトラウス	青森県	https://award.tabelog.com/hyakumeiten/sweets_east/2020	46232	店舗照合済	食べログ スイーツ EAST 百名店 2020 / 公式掲載順 38/100 / Tabelog ID 2000092
HYK2020-1039	FOD-1840	食べログ	食べログ 百名店	百名店	スイーツ	2020	EAST	喜久家洋菓子舗	神奈川県	https://award.tabelog.com/hyakumeiten/sweets_east/2020	46232	店舗照合済	食べログ スイーツ EAST 百名店 2020 / 公式掲載順 39/100 / Tabelog ID 14002810
HYK2020-1040	FOD-1841	食べログ	食べログ 百名店	百名店	スイーツ	2020	EAST	ピネキ	千葉県	https://award.tabelog.com/hyakumeiten/sweets_east/2020	46232	店舗照合済	食べログ スイーツ EAST 百名店 2020 / 公式掲載順 40/100 / Tabelog ID 12005224
HYK2020-1041	FOD-1842	食べログ	食べログ 百名店	百名店	スイーツ	2020	EAST	腰掛庵	山形県	https://award.tabelog.com/hyakumeiten/sweets_east/2020	46232	店舗照合済	食べログ スイーツ EAST 百名店 2020 / 公式掲載順 41/100 / Tabelog ID 6000084
HYK2020-1042	FOD-1843	食べログ	食べログ 百名店	百名店	スイーツ	2020	EAST	ピエールプレシュウズ 本店	愛知県	https://award.tabelog.com/hyakumeiten/sweets_east/2020	46232	店舗照合済	食べログ スイーツ EAST 百名店 2020 / 公式掲載順 42/100 / Tabelog ID 23000859
HYK2020-1043	FOD-1844	食べログ	食べログ 百名店	百名店	スイーツ	2020	EAST	ジェラテリア・イル・ブリガンテ	神奈川県	https://award.tabelog.com/hyakumeiten/sweets_east/2020	46232	店舗照合済	食べログ スイーツ EAST 百名店 2020 / 公式掲載順 43/100 / Tabelog ID 14011873
HYK2020-1044	FOD-1845	食べログ	食べログ 百名店	百名店	スイーツ	2020	EAST	パティスリー イケダ	神奈川県	https://award.tabelog.com/hyakumeiten/sweets_east/2020	46232	店舗照合済	食べログ スイーツ EAST 百名店 2020 / 公式掲載順 44/100 / Tabelog ID 14038154
HYK2020-1045	FOD-1846	食べログ	食べログ 百名店	百名店	スイーツ	2020	EAST	ミセスエリザベスマフィン ランドマークプラザ店	神奈川県	https://award.tabelog.com/hyakumeiten/sweets_east/2020	46232	店舗照合済	食べログ スイーツ EAST 百名店 2020 / 公式掲載順 45/100 / Tabelog ID 14002570
HYK2020-1046	FOD-1847	食べログ	食べログ 百名店	百名店	スイーツ	2020	EAST	一夜城 ヨロイヅカ・ファーム	神奈川県	https://award.tabelog.com/hyakumeiten/sweets_east/2020	46232	店舗照合済	食べログ スイーツ EAST 百名店 2020 / 公式掲載順 46/100 / Tabelog ID 14043156
HYK2020-1047	FOD-1848	食べログ	食べログ 百名店	百名店	スイーツ	2020	EAST	ミッシェル・ブラン JR名古屋高島屋	愛知県	https://award.tabelog.com/hyakumeiten/sweets_east/2020	46232	店舗照合済	食べログ スイーツ EAST 百名店 2020 / 公式掲載順 47/100 / Tabelog ID 23036323
HYK2020-1048	FOD-1849	食べログ	食べログ 百名店	百名店	スイーツ	2020	EAST	山田家	山形県	https://award.tabelog.com/hyakumeiten/sweets_east/2020	46232	店舗照合済	食べログ スイーツ EAST 百名店 2020 / 公式掲載順 48/100 / Tabelog ID 6000124
HYK2020-1049	FOD-1850	食べログ	食べログ 百名店	百名店	スイーツ	2020	EAST	オークウッド	埼玉県	https://award.tabelog.com/hyakumeiten/sweets_east/2020	46232	店舗照合済	食べログ スイーツ EAST 百名店 2020 / 公式掲載順 49/100 / Tabelog ID 11000265
HYK2020-1050	FOD-1851	食べログ	食べログ 百名店	百名店	スイーツ	2020	EAST	ピエール マルコリーニ 名古屋	愛知県	https://award.tabelog.com/hyakumeiten/sweets_east/2020	46232	店舗照合済	食べログ スイーツ EAST 百名店 2020 / 公式掲載順 50/100 / Tabelog ID 23004138
HYK2020-1051	FOD-1852	食べログ	食べログ 百名店	百名店	スイーツ	2020	EAST	Bébé	愛知県	https://award.tabelog.com/hyakumeiten/sweets_east/2020	46232	店舗照合済	食べログ スイーツ EAST 百名店 2020 / 公式掲載順 51/100 / Tabelog ID 23044273
HYK2020-1052	FOD-1853	食べログ	食べログ 百名店	百名店	スイーツ	2020	EAST	SE1	神奈川県	https://award.tabelog.com/hyakumeiten/sweets_east/2020	46232	店舗照合済	食べログ スイーツ EAST 百名店 2020 / 公式掲載順 52/100 / Tabelog ID 14029135
HYK2020-1053	FOD-1854	食べログ	食べログ 百名店	百名店	スイーツ	2020	EAST	パブロフ 元町本店	神奈川県	https://award.tabelog.com/hyakumeiten/sweets_east/2020	46232	店舗照合済	食べログ スイーツ EAST 百名店 2020 / 公式掲載順 53/100 / Tabelog ID 14046956
HYK2020-1054	FOD-1855	食べログ	食べログ 百名店	百名店	スイーツ	2020	EAST	芳光	愛知県	https://award.tabelog.com/hyakumeiten/sweets_east/2020	46232	店舗照合済	食べログ スイーツ EAST 百名店 2020 / 公式掲載順 54/100 / Tabelog ID 23001413
HYK2020-1055	FOD-1856	食べログ	食べログ 百名店	百名店	スイーツ	2020	EAST	納言志るこ店	神奈川県	https://award.tabelog.com/hyakumeiten/sweets_east/2020	46232	店舗照合済	食べログ スイーツ EAST 百名店 2020 / 公式掲載順 55/100 / Tabelog ID 14001525
HYK2020-1056	FOD-1857	食べログ	食べログ 百名店	百名店	スイーツ	2020	EAST	fika.	愛知県	https://award.tabelog.com/hyakumeiten/sweets_east/2020	46232	店舗照合済	食べログ スイーツ EAST 百名店 2020 / 公式掲載順 56/100 / Tabelog ID 23009514
HYK2020-1057	FOD-1858	食べログ	食べログ 百名店	百名店	スイーツ	2020	EAST	埜庵	神奈川県	https://award.tabelog.com/hyakumeiten/sweets_east/2020	46232	店舗照合済	食べログ スイーツ EAST 百名店 2020 / 公式掲載順 57/100 / Tabelog ID 14002792
HYK2020-1058	FOD-1859	食べログ	食べログ 百名店	百名店	スイーツ	2020	EAST	パティスリーアプラノス	埼玉県	https://award.tabelog.com/hyakumeiten/sweets_east/2020	46232	店舗照合済	食べログ スイーツ EAST 百名店 2020 / 公式掲載順 58/100 / Tabelog ID 11027913
HYK2020-1059	FOD-1860	食べログ	食べログ 百名店	百名店	スイーツ	2020	EAST	赤福茶屋 ジェイアール名古屋タカシマヤ店	愛知県	https://award.tabelog.com/hyakumeiten/sweets_east/2020	46232	店舗照合済	食べログ スイーツ EAST 百名店 2020 / 公式掲載順 59/100 / Tabelog ID 23000989
HYK2020-1060	FOD-1861	食べログ	食べログ 百名店	百名店	スイーツ	2020	EAST	たい焼き なみへい	神奈川県	https://award.tabelog.com/hyakumeiten/sweets_east/2020	46232	店舗照合済	食べログ スイーツ EAST 百名店 2020 / 公式掲載順 60/100 / Tabelog ID 14032944
HYK2020-1061	FOD-1862	食べログ	食べログ 百名店	百名店	スイーツ	2020	EAST	ハッピーベリー	福島県	https://award.tabelog.com/hyakumeiten/sweets_east/2020	46232	店舗照合済	食べログ スイーツ EAST 百名店 2020 / 公式掲載順 61/100 / Tabelog ID 7006158
HYK2020-1062	FOD-1863	食べログ	食べログ 百名店	百名店	スイーツ	2020	EAST	ナッシュカッツェ	神奈川県	https://award.tabelog.com/hyakumeiten/sweets_east/2020	46232	店舗照合済	食べログ スイーツ EAST 百名店 2020 / 公式掲載順 62/100 / Tabelog ID 14010007
HYK2020-1063	FOD-1864	食べログ	食べログ 百名店	百名店	スイーツ	2020	EAST	アンジェリック ヴォヤージュ	北海道	https://award.tabelog.com/hyakumeiten/sweets_east/2020	46232	店舗照合済	食べログ スイーツ EAST 百名店 2020 / 公式掲載順 63/100 / Tabelog ID 1026155
HYK2020-1064	FOD-1865	食べログ	食べログ 百名店	百名店	スイーツ	2020	EAST	アルカイク	埼玉県	https://award.tabelog.com/hyakumeiten/sweets_east/2020	46232	店舗照合済	食べログ スイーツ EAST 百名店 2020 / 公式掲載順 64/100 / Tabelog ID 11000266
HYK2020-1065	FOD-1866	食べログ	食べログ 百名店	百名店	スイーツ	2020	EAST	バニラビーンズ みなとみらい本店	神奈川県	https://award.tabelog.com/hyakumeiten/sweets_east/2020	46232	店舗照合済	食べログ スイーツ EAST 百名店 2020 / 公式掲載順 65/100 / Tabelog ID 14053382
HYK2020-1066	FOD-1867	食べログ	食べログ 百名店	百名店	スイーツ	2020	EAST	ル・パティシエ ヨコヤマ 谷津店	千葉県	https://award.tabelog.com/hyakumeiten/sweets_east/2020	46232	店舗照合済	食べログ スイーツ EAST 百名店 2020 / 公式掲載順 66/100 / Tabelog ID 12000255
HYK2020-1067	FOD-1868	食べログ	食べログ 百名店	百名店	スイーツ	2020	EAST	覚王山 吉芋 本店	愛知県	https://award.tabelog.com/hyakumeiten/sweets_east/2020	46232	店舗照合済	食べログ スイーツ EAST 百名店 2020 / 公式掲載順 67/100 / Tabelog ID 23003953
HYK2020-1068	FOD-1869	食べログ	食べログ 百名店	百名店	スイーツ	2020	EAST	茶屋赤鰐	岐阜県	https://award.tabelog.com/hyakumeiten/sweets_east/2020	46232	店舗照合済	食べログ スイーツ EAST 百名店 2020 / 公式掲載順 68/100 / Tabelog ID 21000111
HYK2020-1069	FOD-1870	食べログ	食べログ 百名店	百名店	スイーツ	2020	EAST	パティスリーシイヤ	北海道	https://award.tabelog.com/hyakumeiten/sweets_east/2020	46232	店舗照合済	食べログ スイーツ EAST 百名店 2020 / 公式掲載順 69/100 / Tabelog ID 1000154
HYK2020-1070	FOD-1871	食べログ	食べログ 百名店	百名店	スイーツ	2020	EAST	川上屋 本店	岐阜県	https://award.tabelog.com/hyakumeiten/sweets_east/2020	46232	店舗照合済	食べログ スイーツ EAST 百名店 2020 / 公式掲載順 70/100 / Tabelog ID 21000034
HYK2020-1071	FOD-1872	食べログ	食べログ 百名店	百名店	スイーツ	2020	EAST	カプセルモンスター	北海道	https://award.tabelog.com/hyakumeiten/sweets_east/2020	46232	店舗照合済	食べログ スイーツ EAST 百名店 2020 / 公式掲載順 71/100 / Tabelog ID 1041432
HYK2020-1072	FOD-1873	食べログ	食べログ 百名店	百名店	スイーツ	2020	EAST	覚王山 吉芋 名古屋駅店	愛知県	https://award.tabelog.com/hyakumeiten/sweets_east/2020	46232	店舗照合済	食べログ スイーツ EAST 百名店 2020 / 公式掲載順 72/100 / Tabelog ID 23031418
HYK2020-1073	FOD-1874	食べログ	食べログ 百名店	百名店	スイーツ	2020	EAST	茶房 雲母	神奈川県	https://award.tabelog.com/hyakumeiten/sweets_east/2020	46232	店舗照合済	食べログ スイーツ EAST 百名店 2020 / 公式掲載順 73/100 / Tabelog ID 14000248
HYK2020-1074	FOD-1875	食べログ	食べログ 百名店	百名店	スイーツ	2020	EAST	三日月氷菓店	千葉県	https://award.tabelog.com/hyakumeiten/sweets_east/2020	46232	店舗照合済	食べログ スイーツ EAST 百名店 2020 / 公式掲載順 74/100 / Tabelog ID 12023093
HYK2020-1075	FOD-1876	食べログ	食べログ 百名店	百名店	スイーツ	2020	EAST	とらや工房	静岡県	https://award.tabelog.com/hyakumeiten/sweets_east/2020	46232	店舗照合済	食べログ スイーツ EAST 百名店 2020 / 公式掲載順 75/100 / Tabelog ID 22004106
HYK2020-1076	FOD-1877	食べログ	食べログ 百名店	百名店	スイーツ	2020	EAST	パティスリー アヴァロン	愛知県	https://award.tabelog.com/hyakumeiten/sweets_east/2020	46232	店舗照合済	食べログ スイーツ EAST 百名店 2020 / 公式掲載順 76/100 / Tabelog ID 23046476
HYK2020-1077	FOD-1878	食べログ	食べログ 百名店	百名店	スイーツ	2020	EAST	ムラタ	宮城県	https://award.tabelog.com/hyakumeiten/sweets_east/2020	46232	店舗照合済	食べログ スイーツ EAST 百名店 2020 / 公式掲載順 77/100 / Tabelog ID 4002939
HYK2020-1078	FOD-1879	食べログ	食べログ 百名店	百名店	スイーツ	2020	EAST	梵くら	宮城県	https://award.tabelog.com/hyakumeiten/sweets_east/2020	46232	店舗照合済	食べログ スイーツ EAST 百名店 2020 / 公式掲載順 78/100 / Tabelog ID 4013005
HYK2020-1079	FOD-0580	食べログ	食べログ 百名店	百名店	スイーツ	2020	EAST	スイーツガーデン ユウジアジキ	神奈川県	https://award.tabelog.com/hyakumeiten/sweets_east/2020	46232	店舗照合済	食べログ スイーツ EAST 百名店 2020 / 公式掲載順 79/100 / Tabelog ID 14035784
HYK2020-1080	FOD-1880	食べログ	食べログ 百名店	百名店	スイーツ	2020	EAST	ティーハウスマユール 宮崎台店	神奈川県	https://award.tabelog.com/hyakumeiten/sweets_east/2020	46232	店舗照合済	食べログ スイーツ EAST 百名店 2020 / 公式掲載順 80/100 / Tabelog ID 14009451
HYK2020-1081	FOD-1881	食べログ	食べログ 百名店	百名店	スイーツ	2020	EAST	ツバメヤ 柳ヶ瀬本店	岐阜県	https://award.tabelog.com/hyakumeiten/sweets_east/2020	46232	店舗照合済	食べログ スイーツ EAST 百名店 2020 / 公式掲載順 81/100 / Tabelog ID 21009683
HYK2020-1082	FOD-1882	食べログ	食べログ 百名店	百名店	スイーツ	2020	EAST	パティスリーグラム	愛知県	https://award.tabelog.com/hyakumeiten/sweets_east/2020	46232	店舗照合済	食べログ スイーツ EAST 百名店 2020 / 公式掲載順 82/100 / Tabelog ID 23042366
HYK2020-1083	FOD-1883	食べログ	食べログ 百名店	百名店	スイーツ	2020	EAST	すや 西木	岐阜県	https://award.tabelog.com/hyakumeiten/sweets_east/2020	46232	店舗照合済	食べログ スイーツ EAST 百名店 2020 / 公式掲載順 83/100 / Tabelog ID 21000352
HYK2020-1084	FOD-1884	食べログ	食べログ 百名店	百名店	スイーツ	2020	EAST	フランス焼菓子 シャンドゥリエ	愛知県	https://award.tabelog.com/hyakumeiten/sweets_east/2020	46232	店舗照合済	食べログ スイーツ EAST 百名店 2020 / 公式掲載順 84/100 / Tabelog ID 23037600
HYK2020-1085	FOD-1885	食べログ	食べログ 百名店	百名店	スイーツ	2020	EAST	歐林洞 鎌倉本店	神奈川県	https://award.tabelog.com/hyakumeiten/sweets_east/2020	46232	店舗照合済	食べログ スイーツ EAST 百名店 2020 / 公式掲載順 85/100 / Tabelog ID 14001686
HYK2020-1086	FOD-1886	食べログ	食べログ 百名店	百名店	スイーツ	2020	EAST	ケーキショップ コフレ	神奈川県	https://award.tabelog.com/hyakumeiten/sweets_east/2020	46232	店舗照合済	食べログ スイーツ EAST 百名店 2020 / 公式掲載順 86/100 / Tabelog ID 14000632
HYK2020-1087	FOD-1887	食べログ	食べログ 百名店	百名店	スイーツ	2020	EAST	菓匠 花桔梗 本店	愛知県	https://award.tabelog.com/hyakumeiten/sweets_east/2020	46232	店舗照合済	食べログ スイーツ EAST 百名店 2020 / 公式掲載順 87/100 / Tabelog ID 23001344
HYK2020-1088	FOD-1888	食べログ	食べログ 百名店	百名店	スイーツ	2020	EAST	ハーベスト ナガイファーム 軽井沢店	長野県	https://award.tabelog.com/hyakumeiten/sweets_east/2020	46232	店舗照合済	食べログ スイーツ EAST 百名店 2020 / 公式掲載順 88/100 / Tabelog ID 20009286
HYK2020-1089	FOD-1889	食べログ	食べログ 百名店	百名店	スイーツ	2020	EAST	ツバメヤ 大名古屋ビルヂング店	愛知県	https://award.tabelog.com/hyakumeiten/sweets_east/2020	46232	店舗照合済	食べログ スイーツ EAST 百名店 2020 / 公式掲載順 89/100 / Tabelog ID 23059315
HYK2020-1090	FOD-1890	食べログ	食べログ 百名店	百名店	スイーツ	2020	EAST	アトリエうかい たまプラーザ	神奈川県	https://award.tabelog.com/hyakumeiten/sweets_east/2020	46232	店舗照合済	食べログ スイーツ EAST 百名店 2020 / 公式掲載順 90/100 / Tabelog ID 14054070
HYK2020-1091	FOD-1891	食べログ	食べログ 百名店	百名店	スイーツ	2020	EAST	桔梗屋 本社	山梨県	https://award.tabelog.com/hyakumeiten/sweets_east/2020	46232	店舗照合済	食べログ スイーツ EAST 百名店 2020 / 公式掲載順 91/100 / Tabelog ID 19000866
HYK2020-1092	FOD-1892	食べログ	食べログ 百名店	百名店	スイーツ	2020	EAST	パティスリー オランジュ	埼玉県	https://award.tabelog.com/hyakumeiten/sweets_east/2020	46232	店舗照合済	食べログ スイーツ EAST 百名店 2020 / 公式掲載順 92/100 / Tabelog ID 11024456
HYK2020-1093	FOD-1893	食べログ	食べログ 百名店	百名店	スイーツ	2020	EAST	シェ・シバタ 名古屋	愛知県	https://award.tabelog.com/hyakumeiten/sweets_east/2020	46232	店舗照合済	食べログ スイーツ EAST 百名店 2020 / 公式掲載順 93/100 / Tabelog ID 23001565
HYK2020-1094	FOD-1894	食べログ	食べログ 百名店	百名店	スイーツ	2020	EAST	阿左美冷蔵 金崎本店	埼玉県	https://award.tabelog.com/hyakumeiten/sweets_east/2020	46232	店舗照合済	食べログ スイーツ EAST 百名店 2020 / 公式掲載順 94/100 / Tabelog ID 11000259
HYK2020-1095	FOD-1895	食べログ	食べログ 百名店	百名店	スイーツ	2020	EAST	ちもと 駅前通り店	神奈川県	https://award.tabelog.com/hyakumeiten/sweets_east/2020	46232	店舗照合済	食べログ スイーツ EAST 百名店 2020 / 公式掲載順 95/100 / Tabelog ID 14011112
HYK2020-1096	FOD-1896	食べログ	食べログ 百名店	百名店	スイーツ	2020	EAST	ピエールプレシュウズ 覚王山店	愛知県	https://award.tabelog.com/hyakumeiten/sweets_east/2020	46232	店舗照合済	食べログ スイーツ EAST 百名店 2020 / 公式掲載順 96/100 / Tabelog ID 23052549
HYK2020-1097	FOD-1897	食べログ	食べログ 百名店	百名店	スイーツ	2020	EAST	Patisserie 雪乃下  鎌倉本店	神奈川県	https://award.tabelog.com/hyakumeiten/sweets_east/2020	46232	店舗照合済	食べログ スイーツ EAST 百名店 2020 / 公式掲載順 97/100 / Tabelog ID 14007483
HYK2020-1098	FOD-1898	食べログ	食べログ 百名店	百名店	スイーツ	2020	EAST	カズノリ イケダ アンディヴィデュエル 南町通店	宮城県	https://award.tabelog.com/hyakumeiten/sweets_east/2020	46232	店舗照合済	食べログ スイーツ EAST 百名店 2020 / 公式掲載順 98/100 / Tabelog ID 4012124
HYK2020-1099	FOD-1899	食べログ	食べログ 百名店	百名店	スイーツ	2020	EAST	オ・プティ・マタン	神奈川県	https://award.tabelog.com/hyakumeiten/sweets_east/2020	46232	店舗照合済	食べログ スイーツ EAST 百名店 2020 / 公式掲載順 99/100 / Tabelog ID 14011336
HYK2020-1100	FOD-1900	食べログ	食べログ 百名店	百名店	スイーツ	2020	EAST	ハウス オブ フレーバーズ	神奈川県	https://award.tabelog.com/hyakumeiten/sweets_east/2020	46232	店舗照合済	食べログ スイーツ EAST 百名店 2020 / 公式掲載順 100/100 / Tabelog ID 14001208
HYK2020-1101	FOD-1901	食べログ	食べログ 百名店	百名店	スイーツ	2020	WEST	ル ミュゼ ドゥ アッシュ 金沢店	石川県	https://award.tabelog.com/hyakumeiten/sweets_west/2020	46232	店舗照合済	食べログ スイーツ WEST 百名店 2020 / 公式掲載順 1/100 / Tabelog ID 17001257
HYK2020-1102	FOD-1902	食べログ	食べログ 百名店	百名店	スイーツ	2020	WEST	カフェ ラインベック	京都府	https://award.tabelog.com/hyakumeiten/sweets_west/2020	46232	店舗照合済	食べログ スイーツ WEST 百名店 2020 / 公式掲載順 2/100 / Tabelog ID 26014941
HYK2020-1103	FOD-1903	食べログ	食べログ 百名店	百名店	スイーツ	2020	WEST	ラ・ペッシュ	奈良県	https://award.tabelog.com/hyakumeiten/sweets_west/2020	46232	店舗照合済	食べログ スイーツ WEST 百名店 2020 / 公式掲載順 3/100 / Tabelog ID 29004292
HYK2020-1104	FOD-1904	食べログ	食べログ 百名店	百名店	スイーツ	2020	WEST	出町ふたば	京都府	https://award.tabelog.com/hyakumeiten/sweets_west/2020	46232	店舗照合済	食べログ スイーツ WEST 百名店 2020 / 公式掲載順 4/100 / Tabelog ID 26001520
HYK2020-1105	FOD-1905	食べログ	食べログ 百名店	百名店	スイーツ	2020	WEST	Patisserie Ravi,e relier	大阪府	https://award.tabelog.com/hyakumeiten/sweets_west/2020	46232	店舗照合済	食べログ スイーツ WEST 百名店 2020 / 公式掲載順 5/100 / Tabelog ID 27044987
HYK2020-1106	FOD-1906	食べログ	食べログ 百名店	百名店	スイーツ	2020	WEST	アシッドラシーヌ	大阪府	https://award.tabelog.com/hyakumeiten/sweets_west/2020	46232	店舗照合済	食べログ スイーツ WEST 百名店 2020 / 公式掲載順 6/100 / Tabelog ID 27071315
HYK2020-1107	FOD-1907	食べログ	食べログ 百名店	百名店	スイーツ	2020	WEST	村上開新堂	京都府	https://award.tabelog.com/hyakumeiten/sweets_west/2020	46232	店舗照合済	食べログ スイーツ WEST 百名店 2020 / 公式掲載順 7/100 / Tabelog ID 26004753
HYK2020-1108	FOD-1908	食べログ	食べログ 百名店	百名店	スイーツ	2020	WEST	パティシエ エス コヤマ	兵庫県	https://award.tabelog.com/hyakumeiten/sweets_west/2020	46232	店舗照合済	食べログ スイーツ WEST 百名店 2020 / 公式掲載順 8/100 / Tabelog ID 28001965
HYK2020-1109	FOD-1909	食べログ	食べログ 百名店	百名店	スイーツ	2020	WEST	甘泉堂	京都府	https://award.tabelog.com/hyakumeiten/sweets_west/2020	46232	店舗照合済	食べログ スイーツ WEST 百名店 2020 / 公式掲載順 9/100 / Tabelog ID 26001392
HYK2020-1110	FOD-1910	食べログ	食べログ 百名店	百名店	スイーツ	2020	WEST	洛叉庵	京都府	https://award.tabelog.com/hyakumeiten/sweets_west/2020	46232	店舗照合済	食べログ スイーツ WEST 百名店 2020 / 公式掲載順 10/100 / Tabelog ID 26012788
HYK2020-1111	FOD-1911	食べログ	食べログ 百名店	百名店	スイーツ	2020	WEST	夢菓房たから	香川県	https://award.tabelog.com/hyakumeiten/sweets_west/2020	46232	店舗照合済	食べログ スイーツ WEST 百名店 2020 / 公式掲載順 11/100 / Tabelog ID 37003380
HYK2020-1112	FOD-1912	食べログ	食べログ 百名店	百名店	スイーツ	2020	WEST	クレープスタンド シャンデレール 梅田店	大阪府	https://award.tabelog.com/hyakumeiten/sweets_west/2020	46232	店舗照合済	食べログ スイーツ WEST 百名店 2020 / 公式掲載順 12/100 / Tabelog ID 27053125
HYK2020-1113	FOD-1913	食べログ	食べログ 百名店	百名店	スイーツ	2020	WEST	かん袋	大阪府	https://award.tabelog.com/hyakumeiten/sweets_west/2020	46232	店舗照合済	食べログ スイーツ WEST 百名店 2020 / 公式掲載順 13/100 / Tabelog ID 27001078
HYK2020-1114	FOD-1914	食べログ	食べログ 百名店	百名店	スイーツ	2020	WEST	ドゥブルベ・ボレロ 守山本店	滋賀県	https://award.tabelog.com/hyakumeiten/sweets_west/2020	46232	店舗照合済	食べログ スイーツ WEST 百名店 2020 / 公式掲載順 14/100 / Tabelog ID 25000747
HYK2020-1115	FOD-1915	食べログ	食べログ 百名店	百名店	スイーツ	2020	WEST	塩芳軒	京都府	https://award.tabelog.com/hyakumeiten/sweets_west/2020	46232	店舗照合済	食べログ スイーツ WEST 百名店 2020 / 公式掲載順 15/100 / Tabelog ID 26005963
HYK2020-1116	FOD-1916	食べログ	食べログ 百名店	百名店	スイーツ	2020	WEST	中谷堂	奈良県	https://award.tabelog.com/hyakumeiten/sweets_west/2020	46232	店舗照合済	食べログ スイーツ WEST 百名店 2020 / 公式掲載順 16/100 / Tabelog ID 29000222
HYK2020-1117	FOD-1917	食べログ	食べログ 百名店	百名店	スイーツ	2020	WEST	レ・プティット・パピヨット	大阪府	https://award.tabelog.com/hyakumeiten/sweets_west/2020	46232	店舗照合済	食べログ スイーツ WEST 百名店 2020 / 公式掲載順 17/100 / Tabelog ID 27064714
HYK2020-1118	FOD-1918	食べログ	食べログ 百名店	百名店	スイーツ	2020	WEST	ル ミュゼ ドゥ アッシュ 和倉店	石川県	https://award.tabelog.com/hyakumeiten/sweets_west/2020	46232	店舗照合済	食べログ スイーツ WEST 百名店 2020 / 公式掲載順 18/100 / Tabelog ID 17000223
HYK2020-1119	FOD-1919	食べログ	食べログ 百名店	百名店	スイーツ	2020	WEST	ジャック 大濠店	福岡県	https://award.tabelog.com/hyakumeiten/sweets_west/2020	46232	店舗照合済	食べログ スイーツ WEST 百名店 2020 / 公式掲載順 19/100 / Tabelog ID 40025283
HYK2020-1120	FOD-1920	食べログ	食べログ 百名店	百名店	スイーツ	2020	WEST	アンオー	宮崎県	https://award.tabelog.com/hyakumeiten/sweets_west/2020	46232	店舗照合済	食べログ スイーツ WEST 百名店 2020 / 公式掲載順 20/100 / Tabelog ID 45006780
HYK2020-1121	FOD-1921	食べログ	食べログ 百名店	百名店	スイーツ	2020	WEST	阿闍梨餅本舗 京菓子司 満月 本店	京都府	https://award.tabelog.com/hyakumeiten/sweets_west/2020	46232	店舗照合済	食べログ スイーツ WEST 百名店 2020 / 公式掲載順 21/100 / Tabelog ID 26003917
HYK2020-1122	FOD-1922	食べログ	食べログ 百名店	百名店	スイーツ	2020	WEST	マリベル 京都本店	京都府	https://award.tabelog.com/hyakumeiten/sweets_west/2020	46232	店舗照合済	食べログ スイーツ WEST 百名店 2020 / 公式掲載順 22/100 / Tabelog ID 26019937
HYK2020-1123	FOD-1923	食べログ	食べログ 百名店	百名店	スイーツ	2020	WEST	茶房いせはん	京都府	https://award.tabelog.com/hyakumeiten/sweets_west/2020	46232	店舗照合済	食べログ スイーツ WEST 百名店 2020 / 公式掲載順 23/100 / Tabelog ID 26001023
HYK2020-1124	FOD-1924	食べログ	食べログ 百名店	百名店	スイーツ	2020	WEST	エシレ・マルシェ オ ブール	大阪府	https://award.tabelog.com/hyakumeiten/sweets_west/2020	46232	店舗照合済	食べログ スイーツ WEST 百名店 2020 / 公式掲載順 24/100 / Tabelog ID 27068734
HYK2020-1125	FOD-1925	食べログ	食べログ 百名店	百名店	スイーツ	2020	WEST	カファレル 神戸北野本店	兵庫県	https://award.tabelog.com/hyakumeiten/sweets_west/2020	46232	店舗照合済	食べログ スイーツ WEST 百名店 2020 / 公式掲載順 25/100 / Tabelog ID 28002143
HYK2020-1126	FOD-1926	食べログ	食べログ 百名店	百名店	スイーツ	2020	WEST	ガトー・ド・ボワ A LA MAISON	奈良県	https://award.tabelog.com/hyakumeiten/sweets_west/2020	46232	店舗照合済	食べログ スイーツ WEST 百名店 2020 / 公式掲載順 26/100 / Tabelog ID 29000134
HYK2020-1127	FOD-1927	食べログ	食べログ 百名店	百名店	スイーツ	2020	WEST	サロン・ド・テ・アルション 法善寺本店	大阪府	https://award.tabelog.com/hyakumeiten/sweets_west/2020	46232	店舗照合済	食べログ スイーツ WEST 百名店 2020 / 公式掲載順 27/100 / Tabelog ID 27001538
HYK2020-1128	FOD-1928	食べログ	食べログ 百名店	百名店	スイーツ	2020	WEST	パティスリージラフ	富山県	https://award.tabelog.com/hyakumeiten/sweets_west/2020	46232	店舗照合済	食べログ スイーツ WEST 百名店 2020 / 公式掲載順 28/100 / Tabelog ID 16000052
HYK2020-1129	FOD-1929	食べログ	食べログ 百名店	百名店	スイーツ	2020	WEST	シェ・アガタ	京都府	https://award.tabelog.com/hyakumeiten/sweets_west/2020	46232	店舗照合済	食べログ スイーツ WEST 百名店 2020 / 公式掲載順 29/100 / Tabelog ID 26009042
HYK2020-1130	FOD-1930	食べログ	食べログ 百名店	百名店	スイーツ	2020	WEST	亀末廣	京都府	https://award.tabelog.com/hyakumeiten/sweets_west/2020	46232	店舗照合済	食べログ スイーツ WEST 百名店 2020 / 公式掲載順 30/100 / Tabelog ID 26000641
HYK2020-1131	FOD-1931	食べログ	食べログ 百名店	百名店	スイーツ	2020	WEST	パティシエ・エイジ・ニッタ	兵庫県	https://award.tabelog.com/hyakumeiten/sweets_west/2020	46232	店舗照合済	食べログ スイーツ WEST 百名店 2020 / 公式掲載順 31/100 / Tabelog ID 28002149
HYK2020-1132	FOD-1932	食べログ	食べログ 百名店	百名店	スイーツ	2020	WEST	祇園きなな 本店	京都府	https://award.tabelog.com/hyakumeiten/sweets_west/2020	46232	店舗照合済	食べログ スイーツ WEST 百名店 2020 / 公式掲載順 32/100 / Tabelog ID 26002500
HYK2020-1133	FOD-1933	食べログ	食べログ 百名店	百名店	スイーツ	2020	WEST	大阪浪花家	大阪府	https://award.tabelog.com/hyakumeiten/sweets_west/2020	46232	店舗照合済	食べログ スイーツ WEST 百名店 2020 / 公式掲載順 33/100 / Tabelog ID 27069919
HYK2020-1134	FOD-1934	食べログ	食べログ 百名店	百名店	スイーツ	2020	WEST	パティスリー モンプリュ 本店	兵庫県	https://award.tabelog.com/hyakumeiten/sweets_west/2020	46232	店舗照合済	食べログ スイーツ WEST 百名店 2020 / 公式掲載順 34/100 / Tabelog ID 28002315
HYK2020-1135	FOD-1935	食べログ	食べログ 百名店	百名店	スイーツ	2020	WEST	白熊菓琲	鹿児島県	https://award.tabelog.com/hyakumeiten/sweets_west/2020	46232	店舗照合済	食べログ スイーツ WEST 百名店 2020 / 公式掲載順 35/100 / Tabelog ID 46000044
HYK2020-1136	FOD-1936	食べログ	食べログ 百名店	百名店	スイーツ	2020	WEST	デリチュース  箕面本店	大阪府	https://award.tabelog.com/hyakumeiten/sweets_west/2020	46232	店舗照合済	食べログ スイーツ WEST 百名店 2020 / 公式掲載順 36/100 / Tabelog ID 27004930
HYK2020-1137	FOD-1937	食べログ	食べログ 百名店	百名店	スイーツ	2020	WEST	粟餅所・澤屋	京都府	https://award.tabelog.com/hyakumeiten/sweets_west/2020	46232	店舗照合済	食べログ スイーツ WEST 百名店 2020 / 公式掲載順 37/100 / Tabelog ID 26001539
HYK2020-1138	FOD-1938	食べログ	食べログ 百名店	百名店	スイーツ	2020	WEST	本家月餅家直正	京都府	https://award.tabelog.com/hyakumeiten/sweets_west/2020	46232	店舗照合済	食べログ スイーツ WEST 百名店 2020 / 公式掲載順 38/100 / Tabelog ID 26002393
HYK2020-1139	FOD-1939	食べログ	食べログ 百名店	百名店	スイーツ	2020	WEST	みつばち	京都府	https://award.tabelog.com/hyakumeiten/sweets_west/2020	46232	店舗照合済	食べログ スイーツ WEST 百名店 2020 / 公式掲載順 39/100 / Tabelog ID 26002128
HYK2020-1140	FOD-1940	食べログ	食べログ 百名店	百名店	スイーツ	2020	WEST	ぎおん徳屋	京都府	https://award.tabelog.com/hyakumeiten/sweets_west/2020	46232	店舗照合済	食べログ スイーツ WEST 百名店 2020 / 公式掲載順 40/100 / Tabelog ID 26002075
HYK2020-1141	FOD-1941	食べログ	食べログ 百名店	百名店	スイーツ	2020	WEST	加茂みたらし茶屋	京都府	https://award.tabelog.com/hyakumeiten/sweets_west/2020	46232	店舗照合済	食べログ スイーツ WEST 百名店 2020 / 公式掲載順 41/100 / Tabelog ID 26001758
HYK2020-1142	FOD-1942	食べログ	食べログ 百名店	百名店	スイーツ	2020	WEST	木と根	京都府	https://award.tabelog.com/hyakumeiten/sweets_west/2020	46232	店舗照合済	食べログ スイーツ WEST 百名店 2020 / 公式掲載順 42/100 / Tabelog ID 26005984
HYK2020-1143	FOD-1943	食べログ	食べログ 百名店	百名店	スイーツ	2020	WEST	聚洸	京都府	https://award.tabelog.com/hyakumeiten/sweets_west/2020	46232	店舗照合済	食べログ スイーツ WEST 百名店 2020 / 公式掲載順 43/100 / Tabelog ID 26005468
HYK2020-1144	FOD-1944	食べログ	食べログ 百名店	百名店	スイーツ	2020	WEST	エクチュア  からほり「蔵」本店	大阪府	https://award.tabelog.com/hyakumeiten/sweets_west/2020	46232	店舗照合済	食べログ スイーツ WEST 百名店 2020 / 公式掲載順 44/100 / Tabelog ID 27000958
HYK2020-1145	FOD-1945	食べログ	食べログ 百名店	百名店	スイーツ	2020	WEST	かしや	京都府	https://award.tabelog.com/hyakumeiten/sweets_west/2020	46232	店舗照合済	食べログ スイーツ WEST 百名店 2020 / 公式掲載順 45/100 / Tabelog ID 26024343
HYK2020-1146	FOD-1946	食べログ	食べログ 百名店	百名店	スイーツ	2020	WEST	アッサンブラージュ カキモト	京都府	https://award.tabelog.com/hyakumeiten/sweets_west/2020	46232	店舗照合済	食べログ スイーツ WEST 百名店 2020 / 公式掲載順 46/100 / Tabelog ID 26027283
HYK2020-1147	FOD-1947	食べログ	食べログ 百名店	百名店	スイーツ	2020	WEST	フランス菓子16区	福岡県	https://award.tabelog.com/hyakumeiten/sweets_west/2020	46232	店舗照合済	食べログ スイーツ WEST 百名店 2020 / 公式掲載順 47/100 / Tabelog ID 40000550
HYK2020-1148	FOD-1948	食べログ	食べログ 百名店	百名店	スイーツ	2020	WEST	松寿軒	京都府	https://award.tabelog.com/hyakumeiten/sweets_west/2020	46232	店舗照合済	食べログ スイーツ WEST 百名店 2020 / 公式掲載順 48/100 / Tabelog ID 26009387
HYK2020-1149	FOD-1949	食べログ	食べログ 百名店	百名店	スイーツ	2020	WEST	みやけ 旧鴻池邸表屋	奈良県	https://award.tabelog.com/hyakumeiten/sweets_west/2020	46232	店舗照合済	食べログ スイーツ WEST 百名店 2020 / 公式掲載順 49/100 / Tabelog ID 29004637
HYK2020-1150	FOD-1950	食べログ	食べログ 百名店	百名店	スイーツ	2020	WEST	五感 北浜本館	大阪府	https://award.tabelog.com/hyakumeiten/sweets_west/2020	46232	店舗照合済	食べログ スイーツ WEST 百名店 2020 / 公式掲載順 50/100 / Tabelog ID 27003404
HYK2020-1151	FOD-1951	食べログ	食べログ 百名店	百名店	スイーツ	2020	WEST	ひつじ	京都府	https://award.tabelog.com/hyakumeiten/sweets_west/2020	46232	店舗照合済	食べログ スイーツ WEST 百名店 2020 / 公式掲載順 51/100 / Tabelog ID 26018786
HYK2020-1152	FOD-1952	食べログ	食べログ 百名店	百名店	スイーツ	2020	WEST	パティスリーエス	京都府	https://award.tabelog.com/hyakumeiten/sweets_west/2020	46232	店舗照合済	食べログ スイーツ WEST 百名店 2020 / 公式掲載順 52/100 / Tabelog ID 26012808
HYK2020-1153	FOD-1953	食べログ	食べログ 百名店	百名店	スイーツ	2020	WEST	ジェラテリア チルコドーロ	大阪府	https://award.tabelog.com/hyakumeiten/sweets_west/2020	46232	店舗照合済	食べログ スイーツ WEST 百名店 2020 / 公式掲載順 53/100 / Tabelog ID 27009531
HYK2020-1154	FOD-1954	食べログ	食べログ 百名店	百名店	スイーツ	2020	WEST	レ・グーテ	大阪府	https://award.tabelog.com/hyakumeiten/sweets_west/2020	46232	店舗照合済	食べログ スイーツ WEST 百名店 2020 / 公式掲載順 54/100 / Tabelog ID 27052440
HYK2020-1155	FOD-1955	食べログ	食べログ 百名店	百名店	スイーツ	2020	WEST	サロン・ド・ロワイヤル 京都店	京都府	https://award.tabelog.com/hyakumeiten/sweets_west/2020	46232	店舗照合済	食べログ スイーツ WEST 百名店 2020 / 公式掲載順 55/100 / Tabelog ID 26021798
HYK2020-1156	FOD-1956	食べログ	食べログ 百名店	百名店	スイーツ	2020	WEST	甘納豆かわむら	石川県	https://award.tabelog.com/hyakumeiten/sweets_west/2020	46232	店舗照合済	食べログ スイーツ WEST 百名店 2020 / 公式掲載順 56/100 / Tabelog ID 17000514
HYK2020-1157	FOD-1957	食べログ	食べログ 百名店	百名店	スイーツ	2020	WEST	cocoo cafe	大阪府	https://award.tabelog.com/hyakumeiten/sweets_west/2020	46232	店舗照合済	食べログ スイーツ WEST 百名店 2020 / 公式掲載順 57/100 / Tabelog ID 27031667
HYK2020-1158	FOD-1958	食べログ	食べログ 百名店	百名店	スイーツ	2020	WEST	ラ・ヴァチュール	京都府	https://award.tabelog.com/hyakumeiten/sweets_west/2020	46232	店舗照合済	食べログ スイーツ WEST 百名店 2020 / 公式掲載順 58/100 / Tabelog ID 26001070
HYK2020-1159	FOD-1959	食べログ	食べログ 百名店	百名店	スイーツ	2020	WEST	ショコラティエ パレ ド オール 大阪	大阪府	https://award.tabelog.com/hyakumeiten/sweets_west/2020	46232	店舗照合済	食べログ スイーツ WEST 百名店 2020 / 公式掲載順 59/100 / Tabelog ID 27003190
HYK2020-1160	FOD-1960	食べログ	食べログ 百名店	百名店	スイーツ	2020	WEST	ドゥブルベ・ボレロ 大阪本町店	大阪府	https://award.tabelog.com/hyakumeiten/sweets_west/2020	46232	店舗照合済	食べログ スイーツ WEST 百名店 2020 / 公式掲載順 60/100 / Tabelog ID 27075194
HYK2020-1161	FOD-1961	食べログ	食べログ 百名店	百名店	スイーツ	2020	WEST	遊形 サロン・ド・テ	京都府	https://award.tabelog.com/hyakumeiten/sweets_west/2020	46232	店舗照合済	食べログ スイーツ WEST 百名店 2020 / 公式掲載順 61/100 / Tabelog ID 26005378
HYK2020-1162	FOD-1962	食べログ	食べログ 百名店	百名店	スイーツ	2020	WEST	宝泉 JR新幹線京都駅店	京都府	https://award.tabelog.com/hyakumeiten/sweets_west/2020	46232	店舗照合済	食べログ スイーツ WEST 百名店 2020 / 公式掲載順 62/100 / Tabelog ID 26006790
HYK2020-1163	FOD-1963	食べログ	食べログ 百名店	百名店	スイーツ	2020	WEST	クレープリー・アルション	大阪府	https://award.tabelog.com/hyakumeiten/sweets_west/2020	46232	店舗照合済	食べログ スイーツ WEST 百名店 2020 / 公式掲載順 63/100 / Tabelog ID 27003897
HYK2020-1164	FOD-1964	食べログ	食べログ 百名店	百名店	スイーツ	2020	WEST	岩村もみじ屋	広島県	https://award.tabelog.com/hyakumeiten/sweets_west/2020	46232	店舗照合済	食べログ スイーツ WEST 百名店 2020 / 公式掲載順 64/100 / Tabelog ID 34001087
HYK2020-1165	FOD-1965	食べログ	食べログ 百名店	百名店	スイーツ	2020	WEST	サロン・ド・テ・ジャマン	大阪府	https://award.tabelog.com/hyakumeiten/sweets_west/2020	46232	店舗照合済	食べログ スイーツ WEST 百名店 2020 / 公式掲載順 65/100 / Tabelog ID 27012523
HYK2020-1166	FOD-1966	食べログ	食べログ 百名店	百名店	スイーツ	2020	WEST	餅匠しづく 新町店	大阪府	https://award.tabelog.com/hyakumeiten/sweets_west/2020	46232	店舗照合済	食べログ スイーツ WEST 百名店 2020 / 公式掲載順 66/100 / Tabelog ID 27024632
HYK2020-1167	FOD-1967	食べログ	食べログ 百名店	百名店	スイーツ	2020	WEST	ル・ピノー 北堀江本店	大阪府	https://award.tabelog.com/hyakumeiten/sweets_west/2020	46232	店舗照合済	食べログ スイーツ WEST 百名店 2020 / 公式掲載順 67/100 / Tabelog ID 27001030
HYK2020-1168	FOD-0145	食べログ	食べログ 百名店	百名店	スイーツ	2020	WEST	一文字屋和輔	京都府	https://award.tabelog.com/hyakumeiten/sweets_west/2020	46232	店舗照合済	食べログ スイーツ WEST 百名店 2020 / 公式掲載順 68/100 / Tabelog ID 26001669
HYK2020-1169	FOD-1968	食べログ	食べログ 百名店	百名店	スイーツ	2020	WEST	二條若狭屋 寺町店	京都府	https://award.tabelog.com/hyakumeiten/sweets_west/2020	46232	店舗照合済	食べログ スイーツ WEST 百名店 2020 / 公式掲載順 69/100 / Tabelog ID 26022589
HYK2020-1170	FOD-1969	食べログ	食べログ 百名店	百名店	スイーツ	2020	WEST	茶菓円山	京都府	https://award.tabelog.com/hyakumeiten/sweets_west/2020	46232	店舗照合済	食べログ スイーツ WEST 百名店 2020 / 公式掲載順 70/100 / Tabelog ID 26024782
HYK2020-1171	FOD-1970	食べログ	食べログ 百名店	百名店	スイーツ	2020	WEST	大極殿本舗 六角店	京都府	https://award.tabelog.com/hyakumeiten/sweets_west/2020	46232	店舗照合済	食べログ スイーツ WEST 百名店 2020 / 公式掲載順 71/100 / Tabelog ID 26004652
HYK2020-1172	FOD-1971	食べログ	食べログ 百名店	百名店	スイーツ	2020	WEST	神馬堂	京都府	https://award.tabelog.com/hyakumeiten/sweets_west/2020	46232	店舗照合済	食べログ スイーツ WEST 百名店 2020 / 公式掲載順 72/100 / Tabelog ID 26000370
HYK2020-1173	FOD-1972	食べログ	食べログ 百名店	百名店	スイーツ	2020	WEST	川端道喜	京都府	https://award.tabelog.com/hyakumeiten/sweets_west/2020	46232	店舗照合済	食べログ スイーツ WEST 百名店 2020 / 公式掲載順 73/100 / Tabelog ID 26001766
HYK2020-1174	FOD-1973	食べログ	食べログ 百名店	百名店	スイーツ	2020	WEST	パティスリー プラン	兵庫県	https://award.tabelog.com/hyakumeiten/sweets_west/2020	46232	店舗照合済	食べログ スイーツ WEST 百名店 2020 / 公式掲載順 74/100 / Tabelog ID 28005628
HYK2020-1175	FOD-1974	食べログ	食べログ 百名店	百名店	スイーツ	2020	WEST	マツシタキッチン	大阪府	https://award.tabelog.com/hyakumeiten/sweets_west/2020	46232	店舗照合済	食べログ スイーツ WEST 百名店 2020 / 公式掲載順 75/100 / Tabelog ID 27066981
HYK2020-1176	FOD-1975	食べログ	食べログ 百名店	百名店	スイーツ	2020	WEST	カフェ フェイト	大阪府	https://award.tabelog.com/hyakumeiten/sweets_west/2020	46232	店舗照合済	食べログ スイーツ WEST 百名店 2020 / 公式掲載順 76/100 / Tabelog ID 27076635
HYK2020-1177	FOD-1976	食べログ	食べログ 百名店	百名店	スイーツ	2020	WEST	今西軒	京都府	https://award.tabelog.com/hyakumeiten/sweets_west/2020	46232	店舗照合済	食べログ スイーツ WEST 百名店 2020 / 公式掲載順 77/100 / Tabelog ID 26002101
HYK2020-1178	FOD-1977	食べログ	食べログ 百名店	百名店	スイーツ	2020	WEST	萬御菓子誂處 樫舎	奈良県	https://award.tabelog.com/hyakumeiten/sweets_west/2020	46232	店舗照合済	食べログ スイーツ WEST 百名店 2020 / 公式掲載順 78/100 / Tabelog ID 29002296
HYK2020-1179	FOD-1978	食べログ	食べログ 百名店	百名店	スイーツ	2020	WEST	パスティチュリア・デリチュース 大阪店	大阪府	https://award.tabelog.com/hyakumeiten/sweets_west/2020	46232	店舗照合済	食べログ スイーツ WEST 百名店 2020 / 公式掲載順 79/100 / Tabelog ID 27010561
HYK2020-1180	FOD-1979	食べログ	食べログ 百名店	百名店	スイーツ	2020	WEST	ゼンカフェ	京都府	https://award.tabelog.com/hyakumeiten/sweets_west/2020	46232	店舗照合済	食べログ スイーツ WEST 百名店 2020 / 公式掲載順 80/100 / Tabelog ID 26021305
HYK2020-1181	FOD-1980	食べログ	食べログ 百名店	百名店	スイーツ	2020	WEST	麩嘉 府庁前本店	京都府	https://award.tabelog.com/hyakumeiten/sweets_west/2020	46232	店舗照合済	食べログ スイーツ WEST 百名店 2020 / 公式掲載順 81/100 / Tabelog ID 26001531
HYK2020-1182	FOD-1981	食べログ	食べログ 百名店	百名店	スイーツ	2020	WEST	中村軒	京都府	https://award.tabelog.com/hyakumeiten/sweets_west/2020	46232	店舗照合済	食べログ スイーツ WEST 百名店 2020 / 公式掲載順 82/100 / Tabelog ID 26001883
HYK2020-1183	FOD-1982	食べログ	食べログ 百名店	百名店	スイーツ	2020	WEST	なかたに亭	大阪府	https://award.tabelog.com/hyakumeiten/sweets_west/2020	46232	店舗照合済	食べログ スイーツ WEST 百名店 2020 / 公式掲載順 83/100 / Tabelog ID 27000953
HYK2020-1184	FOD-0274	食べログ	食べログ 百名店	百名店	スイーツ	2020	WEST	嘯月	京都府	https://award.tabelog.com/hyakumeiten/sweets_west/2020	46232	店舗照合済	食べログ スイーツ WEST 百名店 2020 / 公式掲載順 84/100 / Tabelog ID 26001672
HYK2020-1185	FOD-1983	食べログ	食べログ 百名店	百名店	スイーツ	2020	WEST	茶寮 宝泉	京都府	https://award.tabelog.com/hyakumeiten/sweets_west/2020	46232	店舗照合済	食べログ スイーツ WEST 百名店 2020 / 公式掲載順 85/100 / Tabelog ID 26001872
HYK2020-1186	FOD-1984	食べログ	食べログ 百名店	百名店	スイーツ	2020	WEST	ラヴニュー	兵庫県	https://award.tabelog.com/hyakumeiten/sweets_west/2020	46232	店舗照合済	食べログ スイーツ WEST 百名店 2020 / 公式掲載順 86/100 / Tabelog ID 28033447
HYK2020-1187	FOD-1985	食べログ	食べログ 百名店	百名店	スイーツ	2020	WEST	ツマガリ 甲陽園本店	兵庫県	https://award.tabelog.com/hyakumeiten/sweets_west/2020	46232	店舗照合済	食べログ スイーツ WEST 百名店 2020 / 公式掲載順 87/100 / Tabelog ID 28001357
HYK2020-1188	FOD-1986	食べログ	食べログ 百名店	百名店	スイーツ	2020	WEST	鍵善良房 四条本店	京都府	https://award.tabelog.com/hyakumeiten/sweets_west/2020	46232	店舗照合済	食べログ スイーツ WEST 百名店 2020 / 公式掲載順 88/100 / Tabelog ID 26001887
HYK2020-1189	FOD-1987	食べログ	食べログ 百名店	百名店	スイーツ	2020	WEST	グラン・ヴァニーユ	京都府	https://award.tabelog.com/hyakumeiten/sweets_west/2020	46232	店舗照合済	食べログ スイーツ WEST 百名店 2020 / 公式掲載順 89/100 / Tabelog ID 26017389
HYK2020-1190	FOD-1988	食べログ	食べログ 百名店	百名店	スイーツ	2020	WEST	かざりや	京都府	https://award.tabelog.com/hyakumeiten/sweets_west/2020	46232	店舗照合済	食べログ スイーツ WEST 百名店 2020 / 公式掲載順 90/100 / Tabelog ID 26001670
HYK2020-1191	FOD-1989	食べログ	食べログ 百名店	百名店	スイーツ	2020	WEST	ロトス洋菓子店	京都府	https://award.tabelog.com/hyakumeiten/sweets_west/2020	46232	店舗照合済	食べログ スイーツ WEST 百名店 2020 / 公式掲載順 91/100 / Tabelog ID 26017308
HYK2020-1192	FOD-1990	食べログ	食べログ 百名店	百名店	スイーツ	2020	WEST	パティスリー ショコラトリー オーディネール	大阪府	https://award.tabelog.com/hyakumeiten/sweets_west/2020	46232	店舗照合済	食べログ スイーツ WEST 百名店 2020 / 公式掲載順 92/100 / Tabelog ID 27076593
HYK2020-1193	FOD-1991	食べログ	食べログ 百名店	百名店	スイーツ	2020	WEST	緑寿庵清水	京都府	https://award.tabelog.com/hyakumeiten/sweets_west/2020	46232	店舗照合済	食べログ スイーツ WEST 百名店 2020 / 公式掲載順 93/100 / Tabelog ID 26005325
HYK2020-1194	FOD-1992	食べログ	食べログ 百名店	百名店	スイーツ	2020	WEST	カカオサンパカ 大丸梅田店	大阪府	https://award.tabelog.com/hyakumeiten/sweets_west/2020	46232	店舗照合済	食べログ スイーツ WEST 百名店 2020 / 公式掲載順 94/100 / Tabelog ID 27055936
HYK2020-1195	FOD-1993	食べログ	食べログ 百名店	百名店	スイーツ	2020	WEST	パティスリー タンドレス	京都府	https://award.tabelog.com/hyakumeiten/sweets_west/2020	46232	店舗照合済	食べログ スイーツ WEST 百名店 2020 / 公式掲載順 95/100 / Tabelog ID 26003706
HYK2020-1196	FOD-1994	食べログ	食べログ 百名店	百名店	スイーツ	2020	WEST	こちかぜ	大阪府	https://award.tabelog.com/hyakumeiten/sweets_west/2020	46232	店舗照合済	食べログ スイーツ WEST 百名店 2020 / 公式掲載順 96/100 / Tabelog ID 27009604
HYK2020-1197	FOD-1995	食べログ	食べログ 百名店	百名店	スイーツ	2020	WEST	PATISSERIE LACROIX	兵庫県	https://award.tabelog.com/hyakumeiten/sweets_west/2020	46232	店舗照合済	食べログ スイーツ WEST 百名店 2020 / 公式掲載順 97/100 / Tabelog ID 28031988
HYK2020-1198	FOD-1996	食べログ	食べログ 百名店	百名店	スイーツ	2020	WEST	ミッシェルバッハ	兵庫県	https://award.tabelog.com/hyakumeiten/sweets_west/2020	46232	店舗照合済	食べログ スイーツ WEST 百名店 2020 / 公式掲載順 98/100 / Tabelog ID 28001388
HYK2020-1199	FOD-1997	食べログ	食べログ 百名店	百名店	スイーツ	2020	WEST	Poche du Reve	兵庫県	https://award.tabelog.com/hyakumeiten/sweets_west/2020	46232	店舗照合済	食べログ スイーツ WEST 百名店 2020 / 公式掲載順 99/100 / Tabelog ID 28012993
HYK2020-1200	FOD-1998	食べログ	食べログ 百名店	百名店	スイーツ	2020	WEST	玉製家	大阪府	https://award.tabelog.com/hyakumeiten/sweets_west/2020	46232	店舗照合済	食べログ スイーツ WEST 百名店 2020 / 公式掲載順 100/100 / Tabelog ID 27001576
HYK2020-1201	FOD-1999	食べログ	食べログ 百名店	百名店	うどん	2020	TOKYO	うちたて家	東京都	https://award.tabelog.com/hyakumeiten/udon_tokyo/2020	46232	店舗照合済	食べログ うどん TOKYO 百名店 2020 / 公式掲載順 1/100 / Tabelog ID 13003889
HYK2020-1202	FOD-2000	食べログ	食べログ 百名店	百名店	うどん	2020	TOKYO	うどん弥 根古坂	東京都	https://award.tabelog.com/hyakumeiten/udon_tokyo/2020	46232	店舗照合済	食べログ うどん TOKYO 百名店 2020 / 公式掲載順 2/100 / Tabelog ID 13137697
HYK2020-1203	FOD-2001	食べログ	食べログ 百名店	百名店	うどん	2020	TOKYO	おにやんま 東品川店	東京都	https://award.tabelog.com/hyakumeiten/udon_tokyo/2020	46232	店舗照合済	食べログ うどん TOKYO 百名店 2020 / 公式掲載順 3/100 / Tabelog ID 13142095
HYK2020-1204	FOD-2002	食べログ	食べログ 百名店	百名店	うどん	2020	TOKYO	恵	東京都	https://award.tabelog.com/hyakumeiten/udon_tokyo/2020	46232	店舗照合済	食べログ うどん TOKYO 百名店 2020 / 公式掲載順 4/100 / Tabelog ID 13141730
HYK2020-1205	FOD-2003	食べログ	食べログ 百名店	百名店	うどん	2020	TOKYO	根津 釜竹	東京都	https://award.tabelog.com/hyakumeiten/udon_tokyo/2020	46232	店舗照合済	食べログ うどん TOKYO 百名店 2020 / 公式掲載順 5/100 / Tabelog ID 13020252
HYK2020-1206	FOD-2004	食べログ	食べログ 百名店	百名店	うどん	2020	TOKYO	古奈屋 巣鴨本店	東京都	https://award.tabelog.com/hyakumeiten/udon_tokyo/2020	46232	店舗照合済	食べログ うどん TOKYO 百名店 2020 / 公式掲載順 6/100 / Tabelog ID 13003814
HYK2020-1207	FOD-2005	食べログ	食べログ 百名店	百名店	うどん	2020	TOKYO	うどん 丸香	東京都	https://award.tabelog.com/hyakumeiten/udon_tokyo/2020	46232	店舗照合済	食べログ うどん TOKYO 百名店 2020 / 公式掲載順 7/100 / Tabelog ID 13000629
HYK2020-1208	FOD-2006	食べログ	食べログ 百名店	百名店	うどん	2020	TOKYO	小平うどん 小平本店	東京都	https://award.tabelog.com/hyakumeiten/udon_tokyo/2020	46232	店舗照合済	食べログ うどん TOKYO 百名店 2020 / 公式掲載順 8/100 / Tabelog ID 13087964
HYK2020-1209	FOD-2007	食べログ	食べログ 百名店	百名店	うどん	2020	TOKYO	元咲	東京都	https://award.tabelog.com/hyakumeiten/udon_tokyo/2020	46232	店舗照合済	食べログ うどん TOKYO 百名店 2020 / 公式掲載順 9/100 / Tabelog ID 13041174
HYK2020-1210	FOD-2008	食べログ	食べログ 百名店	百名店	うどん	2020	TOKYO	手打うどん すみた	東京都	https://award.tabelog.com/hyakumeiten/udon_tokyo/2020	46232	店舗照合済	食べログ うどん TOKYO 百名店 2020 / 公式掲載順 10/100 / Tabelog ID 13003783
HYK2020-1211	FOD-2009	食べログ	食べログ 百名店	百名店	うどん	2020	TOKYO	あんぷく 池袋店	東京都	https://award.tabelog.com/hyakumeiten/udon_tokyo/2020	46232	店舗照合済	食べログ うどん TOKYO 百名店 2020 / 公式掲載順 11/100 / Tabelog ID 13097934
HYK2020-1212	FOD-2010	食べログ	食べログ 百名店	百名店	うどん	2020	TOKYO	本格手打うどん あらた	東京都	https://award.tabelog.com/hyakumeiten/udon_tokyo/2020	46232	店舗照合済	食べログ うどん TOKYO 百名店 2020 / 公式掲載順 12/100 / Tabelog ID 13025001
HYK2020-1213	FOD-2011	食べログ	食べログ 百名店	百名店	うどん	2020	TOKYO	葉隠	東京都	https://award.tabelog.com/hyakumeiten/udon_tokyo/2020	46232	店舗照合済	食べログ うどん TOKYO 百名店 2020 / 公式掲載順 13/100 / Tabelog ID 13024229
HYK2020-1214	FOD-2012	食べログ	食べログ 百名店	百名店	うどん	2020	TOKYO	博多うどん酒場イチカバチカ 恵比寿店	東京都	https://award.tabelog.com/hyakumeiten/udon_tokyo/2020	46232	店舗照合済	食べログ うどん TOKYO 百名店 2020 / 公式掲載順 14/100 / Tabelog ID 13198167
HYK2020-1215	FOD-2013	食べログ	食べログ 百名店	百名店	うどん	2020	TOKYO	銀座 佐藤養助	東京都	https://award.tabelog.com/hyakumeiten/udon_tokyo/2020	46232	店舗照合済	食べログ うどん TOKYO 百名店 2020 / 公式掲載順 15/100 / Tabelog ID 13033146
HYK2020-1216	FOD-2014	食べログ	食べログ 百名店	百名店	うどん	2020	TOKYO	うどん山長	東京都	https://award.tabelog.com/hyakumeiten/udon_tokyo/2020	46232	店舗照合済	食べログ うどん TOKYO 百名店 2020 / 公式掲載順 16/100 / Tabelog ID 13045327
HYK2020-1217	FOD-2015	食べログ	食べログ 百名店	百名店	うどん	2020	TOKYO	手打うどん長谷川	東京都	https://award.tabelog.com/hyakumeiten/udon_tokyo/2020	46232	店舗照合済	食べログ うどん TOKYO 百名店 2020 / 公式掲載順 17/100 / Tabelog ID 13105083
HYK2020-1218	FOD-2016	食べログ	食べログ 百名店	百名店	うどん	2020	TOKYO	竹や	東京都	https://award.tabelog.com/hyakumeiten/udon_tokyo/2020	46232	店舗照合済	食べログ うどん TOKYO 百名店 2020 / 公式掲載順 18/100 / Tabelog ID 13005072
HYK2020-1219	FOD-2017	食べログ	食べログ 百名店	百名店	うどん	2020	TOKYO	きくや	東京都	https://award.tabelog.com/hyakumeiten/udon_tokyo/2020	46232	店舗照合済	食べログ うどん TOKYO 百名店 2020 / 公式掲載順 19/100 / Tabelog ID 13010118
HYK2020-1220	FOD-2018	食べログ	食べログ 百名店	百名店	うどん	2020	TOKYO	香川 一福 神田店	東京都	https://award.tabelog.com/hyakumeiten/udon_tokyo/2020	46232	店舗照合済	食べログ うどん TOKYO 百名店 2020 / 公式掲載順 20/100 / Tabelog ID 13185500
HYK2020-1221	FOD-2019	食べログ	食べログ 百名店	百名店	うどん	2020	TOKYO	しまだ	東京都	https://award.tabelog.com/hyakumeiten/udon_tokyo/2020	46232	店舗照合済	食べログ うどん TOKYO 百名店 2020 / 公式掲載順 21/100 / Tabelog ID 13006991
HYK2020-1222	FOD-2020	食べログ	食べログ 百名店	百名店	うどん	2020	TOKYO	おにやんま 人形町店	東京都	https://award.tabelog.com/hyakumeiten/udon_tokyo/2020	46232	店舗照合済	食べログ うどん TOKYO 百名店 2020 / 公式掲載順 22/100 / Tabelog ID 13216456
HYK2020-1223	FOD-2021	食べログ	食べログ 百名店	百名店	うどん	2020	TOKYO	叶屋	東京都	https://award.tabelog.com/hyakumeiten/udon_tokyo/2020	46232	店舗照合済	食べログ うどん TOKYO 百名店 2020 / 公式掲載順 23/100 / Tabelog ID 13025846
HYK2020-1224	FOD-2022	食べログ	食べログ 百名店	百名店	うどん	2020	TOKYO	正太郎うどん	東京都	https://award.tabelog.com/hyakumeiten/udon_tokyo/2020	46232	店舗照合済	食べログ うどん TOKYO 百名店 2020 / 公式掲載順 24/100 / Tabelog ID 13095768
HYK2020-1225	FOD-2023	食べログ	食べログ 百名店	百名店	うどん	2020	TOKYO	四ツ木製麺所	東京都	https://award.tabelog.com/hyakumeiten/udon_tokyo/2020	46232	店舗照合済	食べログ うどん TOKYO 百名店 2020 / 公式掲載順 25/100 / Tabelog ID 13163404
HYK2020-1226	FOD-2024	食べログ	食べログ 百名店	百名店	うどん	2020	TOKYO	五代目 花山うどん 銀座店	東京都	https://award.tabelog.com/hyakumeiten/udon_tokyo/2020	46232	店舗照合済	食べログ うどん TOKYO 百名店 2020 / 公式掲載順 26/100 / Tabelog ID 13200630
HYK2020-1227	FOD-2025	食べログ	食べログ 百名店	百名店	うどん	2020	TOKYO	とこ井	東京都	https://award.tabelog.com/hyakumeiten/udon_tokyo/2020	46232	店舗照合済	食べログ うどん TOKYO 百名店 2020 / 公式掲載順 27/100 / Tabelog ID 13153065
HYK2020-1228	FOD-2026	食べログ	食べログ 百名店	百名店	うどん	2020	TOKYO	こんぴら茶屋	東京都	https://award.tabelog.com/hyakumeiten/udon_tokyo/2020	46232	店舗照合済	食べログ うどん TOKYO 百名店 2020 / 公式掲載順 28/100 / Tabelog ID 13013189
HYK2020-1229	FOD-2027	食べログ	食べログ 百名店	百名店	うどん	2020	TOKYO	慶屋	東京都	https://award.tabelog.com/hyakumeiten/udon_tokyo/2020	46232	店舗照合済	食べログ うどん TOKYO 百名店 2020 / 公式掲載順 29/100 / Tabelog ID 13044658
HYK2020-1230	FOD-2028	食べログ	食べログ 百名店	百名店	うどん	2020	TOKYO	籠や	東京都	https://award.tabelog.com/hyakumeiten/udon_tokyo/2020	46232	店舗照合済	食べログ うどん TOKYO 百名店 2020 / 公式掲載順 30/100 / Tabelog ID 13015161
HYK2020-1231	FOD-2029	食べログ	食べログ 百名店	百名店	うどん	2020	TOKYO	栄屋うどん店	東京都	https://award.tabelog.com/hyakumeiten/udon_tokyo/2020	46232	店舗照合済	食べログ うどん TOKYO 百名店 2020 / 公式掲載順 31/100 / Tabelog ID 13070422
HYK2020-1232	FOD-2030	食べログ	食べログ 百名店	百名店	うどん	2020	TOKYO	石臼挽きうどん しゅはり	東京都	https://award.tabelog.com/hyakumeiten/udon_tokyo/2020	46232	店舗照合済	食べログ うどん TOKYO 百名店 2020 / 公式掲載順 32/100 / Tabelog ID 13174640
HYK2020-1233	FOD-2031	食べログ	食べログ 百名店	百名店	うどん	2020	TOKYO	よしふじ	東京都	https://award.tabelog.com/hyakumeiten/udon_tokyo/2020	46232	店舗照合済	食べログ うどん TOKYO 百名店 2020 / 公式掲載順 33/100 / Tabelog ID 13080472
HYK2020-1234	FOD-2032	食べログ	食べログ 百名店	百名店	うどん	2020	TOKYO	古奈屋 丸の内オアゾ店	東京都	https://award.tabelog.com/hyakumeiten/udon_tokyo/2020	46232	店舗照合済	食べログ うどん TOKYO 百名店 2020 / 公式掲載順 34/100 / Tabelog ID 13017139
HYK2020-1235	FOD-2033	食べログ	食べログ 百名店	百名店	うどん	2020	TOKYO	つくつくぼうし	東京都	https://award.tabelog.com/hyakumeiten/udon_tokyo/2020	46232	店舗照合済	食べログ うどん TOKYO 百名店 2020 / 公式掲載順 35/100 / Tabelog ID 13218651
HYK2020-1236	FOD-2034	食べログ	食べログ 百名店	百名店	うどん	2020	TOKYO	でら打ち	東京都	https://award.tabelog.com/hyakumeiten/udon_tokyo/2020	46232	店舗照合済	食べログ うどん TOKYO 百名店 2020 / 公式掲載順 36/100 / Tabelog ID 13003419
HYK2020-1237	FOD-2035	食べログ	食べログ 百名店	百名店	うどん	2020	TOKYO	純手打ち讃岐うどん五郎	東京都	https://award.tabelog.com/hyakumeiten/udon_tokyo/2020	46232	店舗照合済	食べログ うどん TOKYO 百名店 2020 / 公式掲載順 37/100 / Tabelog ID 13156107
HYK2020-1238	FOD-2036	食べログ	食べログ 百名店	百名店	うどん	2020	TOKYO	cuud	東京都	https://award.tabelog.com/hyakumeiten/udon_tokyo/2020	46232	店舗照合済	食べログ うどん TOKYO 百名店 2020 / 公式掲載順 38/100 / Tabelog ID 13193378
HYK2020-1239	FOD-2037	食べログ	食べログ 百名店	百名店	うどん	2020	TOKYO	千駄木うどん 汐満	東京都	https://award.tabelog.com/hyakumeiten/udon_tokyo/2020	46232	店舗照合済	食べログ うどん TOKYO 百名店 2020 / 公式掲載順 39/100 / Tabelog ID 13119510
HYK2020-1240	FOD-2038	食べログ	食べログ 百名店	百名店	うどん	2020	TOKYO	トウキョウライトブルー ホンゴウスリー	東京都	https://award.tabelog.com/hyakumeiten/udon_tokyo/2020	46232	店舗照合済	食べログ うどん TOKYO 百名店 2020 / 公式掲載順 40/100 / Tabelog ID 13240246
HYK2020-1241	FOD-2039	食べログ	食べログ 百名店	百名店	うどん	2020	TOKYO	太常うどん 銀座本店	東京都	https://award.tabelog.com/hyakumeiten/udon_tokyo/2020	46232	店舗照合済	食べログ うどん TOKYO 百名店 2020 / 公式掲載順 41/100 / Tabelog ID 13104580
HYK2020-1242	FOD-2040	食べログ	食べログ 百名店	百名店	うどん	2020	TOKYO	咲花善伝	東京都	https://award.tabelog.com/hyakumeiten/udon_tokyo/2020	46232	店舗照合済	食べログ うどん TOKYO 百名店 2020 / 公式掲載順 42/100 / Tabelog ID 13104627
HYK2020-1243	FOD-2041	食べログ	食べログ 百名店	百名店	うどん	2020	TOKYO	讃岐饂飩 恩家	東京都	https://award.tabelog.com/hyakumeiten/udon_tokyo/2020	46232	店舗照合済	食べログ うどん TOKYO 百名店 2020 / 公式掲載順 43/100 / Tabelog ID 13008395
HYK2020-1244	FOD-2042	食べログ	食べログ 百名店	百名店	うどん	2020	TOKYO	麻布久徳 六本木ヒルズ店	東京都	https://award.tabelog.com/hyakumeiten/udon_tokyo/2020	46232	店舗照合済	食べログ うどん TOKYO 百名店 2020 / 公式掲載順 44/100 / Tabelog ID 13015611
HYK2020-1245	FOD-2043	食べログ	食べログ 百名店	百名店	うどん	2020	TOKYO	澤乃井	東京都	https://award.tabelog.com/hyakumeiten/udon_tokyo/2020	46232	店舗照合済	食べログ うどん TOKYO 百名店 2020 / 公式掲載順 45/100 / Tabelog ID 13001352
HYK2020-1246	FOD-2044	食べログ	食べログ 百名店	百名店	うどん	2020	TOKYO	讃岐のおうどん 花は咲く 新中野本店	東京都	https://award.tabelog.com/hyakumeiten/udon_tokyo/2020	46232	店舗照合済	食べログ うどん TOKYO 百名店 2020 / 公式掲載順 46/100 / Tabelog ID 13156851
HYK2020-1247	FOD-2045	食べログ	食べログ 百名店	百名店	うどん	2020	TOKYO	本格手打 もり家 東京店	東京都	https://award.tabelog.com/hyakumeiten/udon_tokyo/2020	46232	店舗照合済	食べログ うどん TOKYO 百名店 2020 / 公式掲載順 47/100 / Tabelog ID 13227953
HYK2020-1248	FOD-2046	食べログ	食べログ 百名店	百名店	うどん	2020	TOKYO	関西風手打うどん いらっしゃい	東京都	https://award.tabelog.com/hyakumeiten/udon_tokyo/2020	46232	店舗照合済	食べログ うどん TOKYO 百名店 2020 / 公式掲載順 48/100 / Tabelog ID 13042758
HYK2020-1249	FOD-2047	食べログ	食べログ 百名店	百名店	うどん	2020	TOKYO	谷や	東京都	https://award.tabelog.com/hyakumeiten/udon_tokyo/2020	46232	店舗照合済	食べログ うどん TOKYO 百名店 2020 / 公式掲載順 49/100 / Tabelog ID 13114085
HYK2020-1250	FOD-2048	食べログ	食べログ 百名店	百名店	うどん	2020	TOKYO	天茶屋 七蔵	東京都	https://award.tabelog.com/hyakumeiten/udon_tokyo/2020	46232	店舗照合済	食べログ うどん TOKYO 百名店 2020 / 公式掲載順 50/100 / Tabelog ID 13002602
HYK2020-1251	FOD-2049	食べログ	食べログ 百名店	百名店	うどん	2020	TOKYO	ウドンスタンド五頭	東京都	https://award.tabelog.com/hyakumeiten/udon_tokyo/2020	46232	店舗照合済	食べログ うどん TOKYO 百名店 2020 / 公式掲載順 51/100 / Tabelog ID 13117283
HYK2020-1252	FOD-2050	食べログ	食べログ 百名店	百名店	うどん	2020	TOKYO	うどん豊前房	東京都	https://award.tabelog.com/hyakumeiten/udon_tokyo/2020	46232	店舗照合済	食べログ うどん TOKYO 百名店 2020 / 公式掲載順 52/100 / Tabelog ID 13003158
HYK2020-1253	FOD-2051	食べログ	食べログ 百名店	百名店	うどん	2020	TOKYO	四国屋	東京都	https://award.tabelog.com/hyakumeiten/udon_tokyo/2020	46232	店舗照合済	食べログ うどん TOKYO 百名店 2020 / 公式掲載順 53/100 / Tabelog ID 13046601
HYK2020-1254	FOD-2052	食べログ	食べログ 百名店	百名店	うどん	2020	TOKYO	讃岐饂飩 元喜	東京都	https://award.tabelog.com/hyakumeiten/udon_tokyo/2020	46232	店舗照合済	食べログ うどん TOKYO 百名店 2020 / 公式掲載順 54/100 / Tabelog ID 13023908
HYK2020-1255	FOD-2053	食べログ	食べログ 百名店	百名店	うどん	2020	TOKYO	うたた寝	東京都	https://award.tabelog.com/hyakumeiten/udon_tokyo/2020	46232	店舗照合済	食べログ うどん TOKYO 百名店 2020 / 公式掲載順 55/100 / Tabelog ID 13012311
HYK2020-1256	FOD-2054	食べログ	食べログ 百名店	百名店	うどん	2020	TOKYO	手打ちうどん こげら	東京都	https://award.tabelog.com/hyakumeiten/udon_tokyo/2020	46232	店舗照合済	食べログ うどん TOKYO 百名店 2020 / 公式掲載順 56/100 / Tabelog ID 13163619
HYK2020-1257	FOD-2055	食べログ	食べログ 百名店	百名店	うどん	2020	TOKYO	自家製さぬきうどんと肉 甚三	東京都	https://award.tabelog.com/hyakumeiten/udon_tokyo/2020	46232	店舗照合済	食べログ うどん TOKYO 百名店 2020 / 公式掲載順 57/100 / Tabelog ID 13188754
HYK2020-1258	FOD-2056	食べログ	食べログ 百名店	百名店	うどん	2020	TOKYO	賞讃	東京都	https://award.tabelog.com/hyakumeiten/udon_tokyo/2020	46232	店舗照合済	食べログ うどん TOKYO 百名店 2020 / 公式掲載順 58/100 / Tabelog ID 13022111
HYK2020-1259	FOD-2057	食べログ	食べログ 百名店	百名店	うどん	2020	TOKYO	本格ぶっかけうどん 麺の里	東京都	https://award.tabelog.com/hyakumeiten/udon_tokyo/2020	46232	店舗照合済	食べログ うどん TOKYO 百名店 2020 / 公式掲載順 59/100 / Tabelog ID 13182335
HYK2020-1260	FOD-2058	食べログ	食べログ 百名店	百名店	うどん	2020	TOKYO	むさしの エン座	東京都	https://award.tabelog.com/hyakumeiten/udon_tokyo/2020	46232	店舗照合済	食べログ うどん TOKYO 百名店 2020 / 公式掲載順 60/100 / Tabelog ID 13022818
HYK2020-1261	FOD-2059	食べログ	食べログ 百名店	百名店	うどん	2020	TOKYO	おにやんま 新橋店	東京都	https://award.tabelog.com/hyakumeiten/udon_tokyo/2020	46232	店舗照合済	食べログ うどん TOKYO 百名店 2020 / 公式掲載順 61/100 / Tabelog ID 13162575
HYK2020-1262	FOD-2060	食べログ	食べログ 百名店	百名店	うどん	2020	TOKYO	村山 満月うどん	東京都	https://award.tabelog.com/hyakumeiten/udon_tokyo/2020	46232	店舗照合済	食べログ うどん TOKYO 百名店 2020 / 公式掲載順 62/100 / Tabelog ID 13026307
HYK2020-1263	FOD-2061	食べログ	食べログ 百名店	百名店	うどん	2020	TOKYO	さぬきや	東京都	https://award.tabelog.com/hyakumeiten/udon_tokyo/2020	46232	店舗照合済	食べログ うどん TOKYO 百名店 2020 / 公式掲載順 63/100 / Tabelog ID 13018265
HYK2020-1264	FOD-2062	食べログ	食べログ 百名店	百名店	うどん	2020	TOKYO	讃岐うどん いわい	東京都	https://award.tabelog.com/hyakumeiten/udon_tokyo/2020	46232	店舗照合済	食べログ うどん TOKYO 百名店 2020 / 公式掲載順 64/100 / Tabelog ID 13141130
HYK2020-1265	FOD-2063	食べログ	食べログ 百名店	百名店	うどん	2020	TOKYO	讃岐うどん いそや	東京都	https://award.tabelog.com/hyakumeiten/udon_tokyo/2020	46232	店舗照合済	食べログ うどん TOKYO 百名店 2020 / 公式掲載順 65/100 / Tabelog ID 13022380
HYK2020-1266	FOD-2064	食べログ	食べログ 百名店	百名店	うどん	2020	TOKYO	ゆず屋製麺所	東京都	https://award.tabelog.com/hyakumeiten/udon_tokyo/2020	46232	店舗照合済	食べログ うどん TOKYO 百名店 2020 / 公式掲載順 66/100 / Tabelog ID 13043315
HYK2020-1267	FOD-2065	食べログ	食べログ 百名店	百名店	うどん	2020	TOKYO	JAZZ KEIRIN	東京都	https://award.tabelog.com/hyakumeiten/udon_tokyo/2020	46232	店舗照合済	食べログ うどん TOKYO 百名店 2020 / 公式掲載順 67/100 / Tabelog ID 13000696
HYK2020-1268	FOD-2066	食べログ	食べログ 百名店	百名店	うどん	2020	TOKYO	笑乃讃	東京都	https://award.tabelog.com/hyakumeiten/udon_tokyo/2020	46232	店舗照合済	食べログ うどん TOKYO 百名店 2020 / 公式掲載順 68/100 / Tabelog ID 13067097
HYK2020-1269	FOD-2067	食べログ	食べログ 百名店	百名店	うどん	2020	TOKYO	大地のうどん 東京馬場店	東京都	https://award.tabelog.com/hyakumeiten/udon_tokyo/2020	46232	店舗照合済	食べログ うどん TOKYO 百名店 2020 / 公式掲載順 69/100 / Tabelog ID 13193668
HYK2020-1270	FOD-2068	食べログ	食べログ 百名店	百名店	うどん	2020	TOKYO	おにやんま 五反田本店	東京都	https://award.tabelog.com/hyakumeiten/udon_tokyo/2020	46232	店舗照合済	食べログ うどん TOKYO 百名店 2020 / 公式掲載順 70/100 / Tabelog ID 13111869
HYK2020-1271	FOD-2069	食べログ	食べログ 百名店	百名店	うどん	2020	TOKYO	肉汁うどん長嶋屋	東京都	https://award.tabelog.com/hyakumeiten/udon_tokyo/2020	46232	店舗照合済	食べログ うどん TOKYO 百名店 2020 / 公式掲載順 71/100 / Tabelog ID 13120176
HYK2020-1272	FOD-2070	食べログ	食べログ 百名店	百名店	うどん	2020	TOKYO	釜あげうどん はつとみ	東京都	https://award.tabelog.com/hyakumeiten/udon_tokyo/2020	46232	店舗照合済	食べログ うどん TOKYO 百名店 2020 / 公式掲載順 72/100 / Tabelog ID 13095976
HYK2020-1273	FOD-2071	食べログ	食べログ 百名店	百名店	うどん	2020	TOKYO	初代 恵比寿店	東京都	https://award.tabelog.com/hyakumeiten/udon_tokyo/2020	46232	店舗照合済	食べログ うどん TOKYO 百名店 2020 / 公式掲載順 73/100 / Tabelog ID 13118189
HYK2020-1274	FOD-2072	食べログ	食べログ 百名店	百名店	うどん	2020	TOKYO	切麦や 甚六	東京都	https://award.tabelog.com/hyakumeiten/udon_tokyo/2020	46232	店舗照合済	食べログ うどん TOKYO 百名店 2020 / 公式掲載順 74/100 / Tabelog ID 13182646
HYK2020-1275	FOD-2073	食べログ	食べログ 百名店	百名店	うどん	2020	TOKYO	雅楽	東京都	https://award.tabelog.com/hyakumeiten/udon_tokyo/2020	46232	店舗照合済	食べログ うどん TOKYO 百名店 2020 / 公式掲載順 75/100 / Tabelog ID 13032356
HYK2020-1276	FOD-2074	食べログ	食べログ 百名店	百名店	うどん	2020	TOKYO	手打うどん いわしや 青山店	東京都	https://award.tabelog.com/hyakumeiten/udon_tokyo/2020	46232	店舗照合済	食べログ うどん TOKYO 百名店 2020 / 公式掲載順 76/100 / Tabelog ID 13224471
HYK2020-1277	FOD-2075	食べログ	食べログ 百名店	百名店	うどん	2020	TOKYO	讃岐うどん河野	東京都	https://award.tabelog.com/hyakumeiten/udon_tokyo/2020	46232	店舗照合済	食べログ うどん TOKYO 百名店 2020 / 公式掲載順 77/100 / Tabelog ID 13109309
HYK2020-1278	FOD-2076	食べログ	食べログ 百名店	百名店	うどん	2020	TOKYO	五島うどん びぜん家	東京都	https://award.tabelog.com/hyakumeiten/udon_tokyo/2020	46232	店舗照合済	食べログ うどん TOKYO 百名店 2020 / 公式掲載順 78/100 / Tabelog ID 13126103
HYK2020-1279	FOD-2077	食べログ	食べログ 百名店	百名店	うどん	2020	TOKYO	酒と味噌煮込み 味噌煮込罠	東京都	https://award.tabelog.com/hyakumeiten/udon_tokyo/2020	46232	店舗照合済	食べログ うどん TOKYO 百名店 2020 / 公式掲載順 79/100 / Tabelog ID 13036030
HYK2020-1280	FOD-2078	食べログ	食べログ 百名店	百名店	うどん	2020	TOKYO	稲庭うどんとめし 金子半之助 コレド室町店	東京都	https://award.tabelog.com/hyakumeiten/udon_tokyo/2020	46232	店舗照合済	食べログ うどん TOKYO 百名店 2020 / 公式掲載順 80/100 / Tabelog ID 13193074
HYK2020-1281	FOD-2079	食べログ	食べログ 百名店	百名店	うどん	2020	TOKYO	五葵	東京都	https://award.tabelog.com/hyakumeiten/udon_tokyo/2020	46232	店舗照合済	食べログ うどん TOKYO 百名店 2020 / 公式掲載順 81/100 / Tabelog ID 13161758
HYK2020-1282	FOD-2080	食べログ	食べログ 百名店	百名店	うどん	2020	TOKYO	玉丁本店 八重洲店	東京都	https://award.tabelog.com/hyakumeiten/udon_tokyo/2020	46232	店舗照合済	食べログ うどん TOKYO 百名店 2020 / 公式掲載順 82/100 / Tabelog ID 13015841
HYK2020-1283	FOD-2081	食べログ	食べログ 百名店	百名店	うどん	2020	TOKYO	うどん 慎	東京都	https://award.tabelog.com/hyakumeiten/udon_tokyo/2020	46232	店舗照合済	食べログ うどん TOKYO 百名店 2020 / 公式掲載順 83/100 / Tabelog ID 13125862
HYK2020-1284	FOD-2082	食べログ	食べログ 百名店	百名店	うどん	2020	TOKYO	麺匠 釜善	東京都	https://award.tabelog.com/hyakumeiten/udon_tokyo/2020	46232	店舗照合済	食べログ うどん TOKYO 百名店 2020 / 公式掲載順 84/100 / Tabelog ID 13201863
HYK2020-1285	FOD-2083	食べログ	食べログ 百名店	百名店	うどん	2020	TOKYO	讃岐うどん 蔵之介	東京都	https://award.tabelog.com/hyakumeiten/udon_tokyo/2020	46232	店舗照合済	食べログ うどん TOKYO 百名店 2020 / 公式掲載順 85/100 / Tabelog ID 13049983
HYK2020-1286	FOD-2084	食べログ	食べログ 百名店	百名店	うどん	2020	TOKYO	釜たけうどん 八重洲北口店	東京都	https://award.tabelog.com/hyakumeiten/udon_tokyo/2020	46232	店舗照合済	食べログ うどん TOKYO 百名店 2020 / 公式掲載順 86/100 / Tabelog ID 13156494
HYK2020-1287	FOD-2085	食べログ	食べログ 百名店	百名店	うどん	2020	TOKYO	豚や	東京都	https://award.tabelog.com/hyakumeiten/udon_tokyo/2020	46232	店舗照合済	食べログ うどん TOKYO 百名店 2020 / 公式掲載順 87/100 / Tabelog ID 13018776
HYK2020-1288	FOD-2086	食べログ	食べログ 百名店	百名店	うどん	2020	TOKYO	さぬきや	東京都	https://award.tabelog.com/hyakumeiten/udon_tokyo/2020	46232	店舗照合済	食べログ うどん TOKYO 百名店 2020 / 公式掲載順 88/100 / Tabelog ID 13011726
HYK2020-1289	FOD-2087	食べログ	食べログ 百名店	百名店	うどん	2020	TOKYO	カレーうどん ひかり TOKYO	東京都	https://award.tabelog.com/hyakumeiten/udon_tokyo/2020	46232	店舗照合済	食べログ うどん TOKYO 百名店 2020 / 公式掲載順 89/100 / Tabelog ID 13170124
HYK2020-1290	FOD-2088	食べログ	食べログ 百名店	百名店	うどん	2020	TOKYO	手打うどん あかう	東京都	https://award.tabelog.com/hyakumeiten/udon_tokyo/2020	46232	店舗照合済	食べログ うどん TOKYO 百名店 2020 / 公式掲載順 90/100 / Tabelog ID 13018604
HYK2020-1291	FOD-2089	食べログ	食べログ 百名店	百名店	うどん	2020	TOKYO	野口製麺所	東京都	https://award.tabelog.com/hyakumeiten/udon_tokyo/2020	46232	店舗照合済	食べログ うどん TOKYO 百名店 2020 / 公式掲載順 91/100 / Tabelog ID 13016162
HYK2020-1292	FOD-2090	食べログ	食べログ 百名店	百名店	うどん	2020	TOKYO	一滴八銭屋 新宿本店	東京都	https://award.tabelog.com/hyakumeiten/udon_tokyo/2020	46232	店舗照合済	食べログ うどん TOKYO 百名店 2020 / 公式掲載順 92/100 / Tabelog ID 13000760
HYK2020-1293	FOD-2091	食べログ	食べログ 百名店	百名店	うどん	2020	TOKYO	きつね庵	東京都	https://award.tabelog.com/hyakumeiten/udon_tokyo/2020	46232	店舗照合済	食べログ うどん TOKYO 百名店 2020 / 公式掲載順 93/100 / Tabelog ID 13181414
HYK2020-1294	FOD-2092	食べログ	食べログ 百名店	百名店	うどん	2020	TOKYO	二◯加屋長介 中目黒店	東京都	https://award.tabelog.com/hyakumeiten/udon_tokyo/2020	46232	店舗照合済	食べログ うどん TOKYO 百名店 2020 / 公式掲載順 94/100 / Tabelog ID 13201618
HYK2020-1295	FOD-2093	食べログ	食べログ 百名店	百名店	うどん	2020	TOKYO	むぎきり	東京都	https://award.tabelog.com/hyakumeiten/udon_tokyo/2020	46232	店舗照合済	食べログ うどん TOKYO 百名店 2020 / 公式掲載順 95/100 / Tabelog ID 13005951
HYK2020-1296	FOD-2094	食べログ	食べログ 百名店	百名店	うどん	2020	TOKYO	香川 一福 立川店	東京都	https://award.tabelog.com/hyakumeiten/udon_tokyo/2020	46232	店舗照合済	食べログ うどん TOKYO 百名店 2020 / 公式掲載順 96/100 / Tabelog ID 13209088
HYK2020-1297	FOD-2095	食べログ	食べログ 百名店	百名店	うどん	2020	TOKYO	二代目 甚八	東京都	https://award.tabelog.com/hyakumeiten/udon_tokyo/2020	46232	店舗照合済	食べログ うどん TOKYO 百名店 2020 / 公式掲載順 97/100 / Tabelog ID 13121200
HYK2020-1298	FOD-2096	食べログ	食べログ 百名店	百名店	うどん	2020	TOKYO	おにやんま 中目黒店	東京都	https://award.tabelog.com/hyakumeiten/udon_tokyo/2020	46232	店舗照合済	食べログ うどん TOKYO 百名店 2020 / 公式掲載順 98/100 / Tabelog ID 13199054
HYK2020-1299	FOD-2097	食べログ	食べログ 百名店	百名店	うどん	2020	TOKYO	福助	東京都	https://award.tabelog.com/hyakumeiten/udon_tokyo/2020	46232	店舗照合済	食べログ うどん TOKYO 百名店 2020 / 公式掲載順 99/100 / Tabelog ID 13149268
HYK2020-1300	FOD-2098	食べログ	食べログ 百名店	百名店	うどん	2020	TOKYO	つるとんたん 六本木店	東京都	https://award.tabelog.com/hyakumeiten/udon_tokyo/2020	46232	店舗照合済	食べログ うどん TOKYO 百名店 2020 / 公式掲載順 100/100 / Tabelog ID 13001859
HYK2020-1301	FOD-2099	食べログ	食べログ 百名店	百名店	うどん	2020	EAST	うどん料理 千	愛知県	https://award.tabelog.com/hyakumeiten/udon_east/2020	46232	店舗照合済	食べログ うどん EAST 百名店 2020 / 公式掲載順 1/100 / Tabelog ID 23007583
HYK2020-1302	FOD-2100	食べログ	食べログ 百名店	百名店	うどん	2020	EAST	佐藤養助 秋田店	秋田県	https://award.tabelog.com/hyakumeiten/udon_east/2020	46232	店舗照合済	食べログ うどん EAST 百名店 2020 / 公式掲載順 2/100 / Tabelog ID 5000022
HYK2020-1303	FOD-2101	食べログ	食べログ 百名店	百名店	うどん	2020	EAST	うどん 錦	愛知県	https://award.tabelog.com/hyakumeiten/udon_east/2020	46232	店舗照合済	食べログ うどん EAST 百名店 2020 / 公式掲載順 3/100 / Tabelog ID 23000374
HYK2020-1304	FOD-2102	食べログ	食べログ 百名店	百名店	うどん	2020	EAST	ぶつをのうどん	栃木県	https://award.tabelog.com/hyakumeiten/udon_east/2020	46232	店舗照合済	食べログ うどん EAST 百名店 2020 / 公式掲載順 4/100 / Tabelog ID 9003113
HYK2020-1305	FOD-2103	食べログ	食べログ 百名店	百名店	うどん	2020	EAST	元祖武蔵野うどん めんこや 本店	埼玉県	https://award.tabelog.com/hyakumeiten/udon_east/2020	46232	店舗照合済	食べログ うどん EAST 百名店 2020 / 公式掲載順 5/100 / Tabelog ID 11003031
HYK2020-1306	FOD-2104	食べログ	食べログ 百名店	百名店	うどん	2020	EAST	鯱市 錦通伏見店	愛知県	https://award.tabelog.com/hyakumeiten/udon_east/2020	46232	店舗照合済	食べログ うどん EAST 百名店 2020 / 公式掲載順 6/100 / Tabelog ID 23053858
HYK2020-1307	FOD-2105	食べログ	食べログ 百名店	百名店	うどん	2020	EAST	白須うどん	山梨県	https://award.tabelog.com/hyakumeiten/udon_east/2020	46232	店舗照合済	食べログ うどん EAST 百名店 2020 / 公式掲載順 7/100 / Tabelog ID 19000055
HYK2020-1308	FOD-2106	食べログ	食べログ 百名店	百名店	うどん	2020	EAST	宗	神奈川県	https://award.tabelog.com/hyakumeiten/udon_east/2020	46232	店舗照合済	食べログ うどん EAST 百名店 2020 / 公式掲載順 8/100 / Tabelog ID 14033545
HYK2020-1309	FOD-2107	食べログ	食べログ 百名店	百名店	うどん	2020	EAST	手打うどん かとう	愛知県	https://award.tabelog.com/hyakumeiten/udon_east/2020	46232	店舗照合済	食べログ うどん EAST 百名店 2020 / 公式掲載順 9/100 / Tabelog ID 23039141
HYK2020-1310	FOD-2108	食べログ	食べログ 百名店	百名店	うどん	2020	EAST	うどん 有田	埼玉県	https://award.tabelog.com/hyakumeiten/udon_east/2020	46232	店舗照合済	食べログ うどん EAST 百名店 2020 / 公式掲載順 10/100 / Tabelog ID 11009188
HYK2020-1311	FOD-2109	食べログ	食べログ 百名店	百名店	うどん	2020	EAST	讃岐うどん 麦福	愛知県	https://award.tabelog.com/hyakumeiten/udon_east/2020	46232	店舗照合済	食べログ うどん EAST 百名店 2020 / 公式掲載順 11/100 / Tabelog ID 23059222
HYK2020-1312	FOD-2110	食べログ	食べログ 百名店	百名店	うどん	2020	EAST	喜多一	埼玉県	https://award.tabelog.com/hyakumeiten/udon_east/2020	46232	店舗照合済	食べログ うどん EAST 百名店 2020 / 公式掲載順 12/100 / Tabelog ID 11003682
HYK2020-1313	FOD-2111	食べログ	食べログ 百名店	百名店	うどん	2020	EAST	しょうね家	千葉県	https://award.tabelog.com/hyakumeiten/udon_east/2020	46232	店舗照合済	食べログ うどん EAST 百名店 2020 / 公式掲載順 13/100 / Tabelog ID 12004760
HYK2020-1314	FOD-2112	食べログ	食べログ 百名店	百名店	うどん	2020	EAST	田舎打ち 麺蔵	埼玉県	https://award.tabelog.com/hyakumeiten/udon_east/2020	46232	店舗照合済	食べログ うどん EAST 百名店 2020 / 公式掲載順 14/100 / Tabelog ID 11000974
HYK2020-1315	FOD-2113	食べログ	食べログ 百名店	百名店	うどん	2020	EAST	手打うどん 寿庵	埼玉県	https://award.tabelog.com/hyakumeiten/udon_east/2020	46232	店舗照合済	食べログ うどん EAST 百名店 2020 / 公式掲載順 15/100 / Tabelog ID 11028810
HYK2020-1316	FOD-2114	食べログ	食べログ 百名店	百名店	うどん	2020	EAST	手打ちうどん寺屋	北海道	https://award.tabelog.com/hyakumeiten/udon_east/2020	46232	店舗照合済	食べログ うどん EAST 百名店 2020 / 公式掲載順 16/100 / Tabelog ID 1001950
HYK2020-1317	FOD-2115	食べログ	食べログ 百名店	百名店	うどん	2020	EAST	うどん本舗	埼玉県	https://award.tabelog.com/hyakumeiten/udon_east/2020	46232	店舗照合済	食べログ うどん EAST 百名店 2020 / 公式掲載順 17/100 / Tabelog ID 11033050
HYK2020-1318	FOD-2116	食べログ	食べログ 百名店	百名店	うどん	2020	EAST	鈴や	千葉県	https://award.tabelog.com/hyakumeiten/udon_east/2020	46232	店舗照合済	食べログ うどん EAST 百名店 2020 / 公式掲載順 18/100 / Tabelog ID 12006332
HYK2020-1319	FOD-2117	食べログ	食べログ 百名店	百名店	うどん	2020	EAST	うどん処 おはな	埼玉県	https://award.tabelog.com/hyakumeiten/udon_east/2020	46232	店舗照合済	食べログ うどん EAST 百名店 2020 / 公式掲載順 19/100 / Tabelog ID 11022150
HYK2020-1320	FOD-2118	食べログ	食べログ 百名店	百名店	うどん	2020	EAST	信濃屋	岐阜県	https://award.tabelog.com/hyakumeiten/udon_east/2020	46232	店舗照合済	食べログ うどん EAST 百名店 2020 / 公式掲載順 20/100 / Tabelog ID 21000027
HYK2020-1321	FOD-2119	食べログ	食べログ 百名店	百名店	うどん	2020	EAST	清水屋	群馬県	https://award.tabelog.com/hyakumeiten/udon_east/2020	46232	店舗照合済	食べログ うどん EAST 百名店 2020 / 公式掲載順 21/100 / Tabelog ID 10000216
HYK2020-1322	FOD-2120	食べログ	食べログ 百名店	百名店	うどん	2020	EAST	駕籠休み	埼玉県	https://award.tabelog.com/hyakumeiten/udon_east/2020	46232	店舗照合済	食べログ うどん EAST 百名店 2020 / 公式掲載順 22/100 / Tabelog ID 11005442
HYK2020-1323	FOD-2121	食べログ	食べログ 百名店	百名店	うどん	2020	EAST	手打うどん 松屋	埼玉県	https://award.tabelog.com/hyakumeiten/udon_east/2020	46232	店舗照合済	食べログ うどん EAST 百名店 2020 / 公式掲載順 23/100 / Tabelog ID 11004724
HYK2020-1324	FOD-2122	食べログ	食べログ 百名店	百名店	うどん	2020	EAST	桜井うどん	山梨県	https://award.tabelog.com/hyakumeiten/udon_east/2020	46232	店舗照合済	食べログ うどん EAST 百名店 2020 / 公式掲載順 24/100 / Tabelog ID 19000357
HYK2020-1325	FOD-2123	食べログ	食べログ 百名店	百名店	うどん	2020	EAST	カレーうどん 鯱乃家	愛知県	https://award.tabelog.com/hyakumeiten/udon_east/2020	46232	店舗照合済	食べログ うどん EAST 百名店 2020 / 公式掲載順 25/100 / Tabelog ID 23000050
HYK2020-1326	FOD-2124	食べログ	食べログ 百名店	百名店	うどん	2020	EAST	四方吉うどん 吉見本店	埼玉県	https://award.tabelog.com/hyakumeiten/udon_east/2020	46232	店舗照合済	食べログ うどん EAST 百名店 2020 / 公式掲載順 26/100 / Tabelog ID 11006341
HYK2020-1327	FOD-2125	食べログ	食べログ 百名店	百名店	うどん	2020	EAST	武蔵野うどん 藤原 北与野本店	埼玉県	https://award.tabelog.com/hyakumeiten/udon_east/2020	46232	店舗照合済	食べログ うどん EAST 百名店 2020 / 公式掲載順 27/100 / Tabelog ID 11004286
HYK2020-1328	FOD-2126	食べログ	食べログ 百名店	百名店	うどん	2020	EAST	うどん家　一	埼玉県	https://award.tabelog.com/hyakumeiten/udon_east/2020	46232	店舗照合済	食べログ うどん EAST 百名店 2020 / 公式掲載順 28/100 / Tabelog ID 11026435
HYK2020-1329	FOD-2127	食べログ	食べログ 百名店	百名店	うどん	2020	EAST	手打ちうどん いしづか	埼玉県	https://award.tabelog.com/hyakumeiten/udon_east/2020	46232	店舗照合済	食べログ うどん EAST 百名店 2020 / 公式掲載順 29/100 / Tabelog ID 11005554
HYK2020-1330	FOD-2128	食べログ	食べログ 百名店	百名店	うどん	2020	EAST	お多福	千葉県	https://award.tabelog.com/hyakumeiten/udon_east/2020	46232	店舗照合済	食べログ うどん EAST 百名店 2020 / 公式掲載順 30/100 / Tabelog ID 12007471
HYK2020-1331	FOD-2129	食べログ	食べログ 百名店	百名店	うどん	2020	EAST	たかちゃんうどん	山梨県	https://award.tabelog.com/hyakumeiten/udon_east/2020	46232	店舗照合済	食べログ うどん EAST 百名店 2020 / 公式掲載順 31/100 / Tabelog ID 19000919
HYK2020-1332	FOD-2130	食べログ	食べログ 百名店	百名店	うどん	2020	EAST	釜揚げうどん専門店もと	神奈川県	https://award.tabelog.com/hyakumeiten/udon_east/2020	46232	店舗照合済	食べログ うどん EAST 百名店 2020 / 公式掲載順 32/100 / Tabelog ID 14061080
HYK2020-1333	FOD-2131	食べログ	食べログ 百名店	百名店	うどん	2020	EAST	みうらうどん	山梨県	https://award.tabelog.com/hyakumeiten/udon_east/2020	46232	店舗照合済	食べログ うどん EAST 百名店 2020 / 公式掲載順 33/100 / Tabelog ID 19000359
HYK2020-1334	FOD-2132	食べログ	食べログ 百名店	百名店	うどん	2020	EAST	玉川 豊橋広小路本店	愛知県	https://award.tabelog.com/hyakumeiten/udon_east/2020	46232	店舗照合済	食べログ うどん EAST 百名店 2020 / 公式掲載順 34/100 / Tabelog ID 23009617
HYK2020-1335	FOD-2133	食べログ	食べログ 百名店	百名店	うどん	2020	EAST	岡崎 二橋	愛知県	https://award.tabelog.com/hyakumeiten/udon_east/2020	46232	店舗照合済	食べログ うどん EAST 百名店 2020 / 公式掲載順 35/100 / Tabelog ID 23008668
HYK2020-1336	FOD-2134	食べログ	食べログ 百名店	百名店	うどん	2020	EAST	鬼はそと福はうち	北海道	https://award.tabelog.com/hyakumeiten/udon_east/2020	46232	店舗照合済	食べログ うどん EAST 百名店 2020 / 公式掲載順 36/100 / Tabelog ID 1002856
HYK2020-1337	FOD-2135	食べログ	食べログ 百名店	百名店	うどん	2020	EAST	ががちゃ屋	埼玉県	https://award.tabelog.com/hyakumeiten/udon_east/2020	46232	店舗照合済	食べログ うどん EAST 百名店 2020 / 公式掲載順 37/100 / Tabelog ID 11017604
HYK2020-1338	FOD-2136	食べログ	食べログ 百名店	百名店	うどん	2020	EAST	美也樹	山梨県	https://award.tabelog.com/hyakumeiten/udon_east/2020	46232	店舗照合済	食べログ うどん EAST 百名店 2020 / 公式掲載順 38/100 / Tabelog ID 19000160
HYK2020-1339	FOD-2137	食べログ	食べログ 百名店	百名店	うどん	2020	EAST	花山うどん 本店	群馬県	https://award.tabelog.com/hyakumeiten/udon_east/2020	46232	店舗照合済	食べログ うどん EAST 百名店 2020 / 公式掲載順 39/100 / Tabelog ID 10001132
HYK2020-1340	FOD-2138	食べログ	食べログ 百名店	百名店	うどん	2020	EAST	讃岐うどん 本格手打 てつ家	愛知県	https://award.tabelog.com/hyakumeiten/udon_east/2020	46232	店舗照合済	食べログ うどん EAST 百名店 2020 / 公式掲載順 40/100 / Tabelog ID 23041118
HYK2020-1341	FOD-2139	食べログ	食べログ 百名店	百名店	うどん	2020	EAST	讃州手打ちうどん 我流	愛知県	https://award.tabelog.com/hyakumeiten/udon_east/2020	46232	店舗照合済	食べログ うどん EAST 百名店 2020 / 公式掲載順 41/100 / Tabelog ID 23032890
HYK2020-1342	FOD-2140	食べログ	食べログ 百名店	百名店	うどん	2020	EAST	粉家	埼玉県	https://award.tabelog.com/hyakumeiten/udon_east/2020	46232	店舗照合済	食べログ うどん EAST 百名店 2020 / 公式掲載順 42/100 / Tabelog ID 11006382
HYK2020-1343	FOD-2141	食べログ	食べログ 百名店	百名店	うどん	2020	EAST	くれちうどん	山梨県	https://award.tabelog.com/hyakumeiten/udon_east/2020	46232	店舗照合済	食べログ うどん EAST 百名店 2020 / 公式掲載順 43/100 / Tabelog ID 19004114
HYK2020-1344	FOD-2142	食べログ	食べログ 百名店	百名店	うどん	2020	EAST	永井	埼玉県	https://award.tabelog.com/hyakumeiten/udon_east/2020	46232	店舗照合済	食べログ うどん EAST 百名店 2020 / 公式掲載順 44/100 / Tabelog ID 11033420
HYK2020-1345	FOD-2143	食べログ	食べログ 百名店	百名店	うどん	2020	EAST	田丸屋	群馬県	https://award.tabelog.com/hyakumeiten/udon_east/2020	46232	店舗照合済	食べログ うどん EAST 百名店 2020 / 公式掲載順 45/100 / Tabelog ID 10000215
HYK2020-1346	FOD-2144	食べログ	食べログ 百名店	百名店	うどん	2020	EAST	ザンギうどん一久 狸小路店	北海道	https://award.tabelog.com/hyakumeiten/udon_east/2020	46232	店舗照合済	食べログ うどん EAST 百名店 2020 / 公式掲載順 46/100 / Tabelog ID 1007039
HYK2020-1347	FOD-2145	食べログ	食べログ 百名店	百名店	うどん	2020	EAST	麦屋	埼玉県	https://award.tabelog.com/hyakumeiten/udon_east/2020	46232	店舗照合済	食べログ うどん EAST 百名店 2020 / 公式掲載順 47/100 / Tabelog ID 11024696
HYK2020-1348	FOD-2146	食べログ	食べログ 百名店	百名店	うどん	2020	EAST	麺一滴	神奈川県	https://award.tabelog.com/hyakumeiten/udon_east/2020	46232	店舗照合済	食べログ うどん EAST 百名店 2020 / 公式掲載順 48/100 / Tabelog ID 14041477
HYK2020-1349	FOD-2147	食べログ	食べログ 百名店	百名店	うどん	2020	EAST	がむしゃら	埼玉県	https://award.tabelog.com/hyakumeiten/udon_east/2020	46232	店舗照合済	食べログ うどん EAST 百名店 2020 / 公式掲載順 49/100 / Tabelog ID 11029324
HYK2020-1350	FOD-2148	食べログ	食べログ 百名店	百名店	うどん	2020	EAST	六助うどん	埼玉県	https://award.tabelog.com/hyakumeiten/udon_east/2020	46232	店舗照合済	食べログ うどん EAST 百名店 2020 / 公式掲載順 50/100 / Tabelog ID 11004153
HYK2020-1351	FOD-2149	食べログ	食べログ 百名店	百名店	うどん	2020	EAST	角丸	愛知県	https://award.tabelog.com/hyakumeiten/udon_east/2020	46232	店舗照合済	食べログ うどん EAST 百名店 2020 / 公式掲載順 51/100 / Tabelog ID 23000031
HYK2020-1352	FOD-2150	食べログ	食べログ 百名店	百名店	うどん	2020	EAST	手打ちうどん ムサシ	山梨県	https://award.tabelog.com/hyakumeiten/udon_east/2020	46232	店舗照合済	食べログ うどん EAST 百名店 2020 / 公式掲載順 52/100 / Tabelog ID 19000243
HYK2020-1353	FOD-2151	食べログ	食べログ 百名店	百名店	うどん	2020	EAST	野村屋本店	栃木県	https://award.tabelog.com/hyakumeiten/udon_east/2020	46232	店舗照合済	食べログ うどん EAST 百名店 2020 / 公式掲載順 53/100 / Tabelog ID 9001007
HYK2020-1354	FOD-2152	食べログ	食べログ 百名店	百名店	うどん	2020	EAST	饂飩頑陣 本店	神奈川県	https://award.tabelog.com/hyakumeiten/udon_east/2020	46232	店舗照合済	食べログ うどん EAST 百名店 2020 / 公式掲載順 54/100 / Tabelog ID 14055488
HYK2020-1355	FOD-2153	食べログ	食べログ 百名店	百名店	うどん	2020	EAST	あじめん 北浦和店	埼玉県	https://award.tabelog.com/hyakumeiten/udon_east/2020	46232	店舗照合済	食べログ うどん EAST 百名店 2020 / 公式掲載順 55/100 / Tabelog ID 11024986
HYK2020-1356	FOD-2154	食べログ	食べログ 百名店	百名店	うどん	2020	EAST	煮込うどん 山本屋本店 エスカ店	愛知県	https://award.tabelog.com/hyakumeiten/udon_east/2020	46232	店舗照合済	食べログ うどん EAST 百名店 2020 / 公式掲載順 56/100 / Tabelog ID 23000123
HYK2020-1357	FOD-2155	食べログ	食べログ 百名店	百名店	うどん	2020	EAST	大地	埼玉県	https://award.tabelog.com/hyakumeiten/udon_east/2020	46232	店舗照合済	食べログ うどん EAST 百名店 2020 / 公式掲載順 57/100 / Tabelog ID 11034232
HYK2020-1358	FOD-2156	食べログ	食べログ 百名店	百名店	うどん	2020	EAST	地酒と饂飩 たらいうどん椛や	茨城県	https://award.tabelog.com/hyakumeiten/udon_east/2020	46232	店舗照合済	食べログ うどん EAST 百名店 2020 / 公式掲載順 58/100 / Tabelog ID 8001852
HYK2020-1359	FOD-2157	食べログ	食べログ 百名店	百名店	うどん	2020	EAST	まつ奈	埼玉県	https://award.tabelog.com/hyakumeiten/udon_east/2020	46232	店舗照合済	食べログ うどん EAST 百名店 2020 / 公式掲載順 59/100 / Tabelog ID 11028299
HYK2020-1360	FOD-2158	食べログ	食べログ 百名店	百名店	うどん	2020	EAST	めん専門店 味良	愛知県	https://award.tabelog.com/hyakumeiten/udon_east/2020	46232	店舗照合済	食べログ うどん EAST 百名店 2020 / 公式掲載順 60/100 / Tabelog ID 23013430
HYK2020-1361	FOD-2159	食べログ	食べログ 百名店	百名店	うどん	2020	EAST	きしや	愛知県	https://award.tabelog.com/hyakumeiten/udon_east/2020	46232	店舗照合済	食べログ うどん EAST 百名店 2020 / 公式掲載順 61/100 / Tabelog ID 23001708
HYK2020-1362	FOD-2160	食べログ	食べログ 百名店	百名店	うどん	2020	EAST	たけ川うどん	山梨県	https://award.tabelog.com/hyakumeiten/udon_east/2020	46232	店舗照合済	食べログ うどん EAST 百名店 2020 / 公式掲載順 62/100 / Tabelog ID 19000815
HYK2020-1363	FOD-2161	食べログ	食べログ 百名店	百名店	うどん	2020	EAST	田中屋	群馬県	https://award.tabelog.com/hyakumeiten/udon_east/2020	46232	店舗照合済	食べログ うどん EAST 百名店 2020 / 公式掲載順 63/100 / Tabelog ID 10000108
HYK2020-1364	FOD-2162	食べログ	食べログ 百名店	百名店	うどん	2020	EAST	うどん匠人 岡本	栃木県	https://award.tabelog.com/hyakumeiten/udon_east/2020	46232	店舗照合済	食べログ うどん EAST 百名店 2020 / 公式掲載順 64/100 / Tabelog ID 9002782
HYK2020-1365	FOD-2163	食べログ	食べログ 百名店	百名店	うどん	2020	EAST	彩花	山梨県	https://award.tabelog.com/hyakumeiten/udon_east/2020	46232	店舗照合済	食べログ うどん EAST 百名店 2020 / 公式掲載順 65/100 / Tabelog ID 19000050
HYK2020-1366	FOD-2164	食べログ	食べログ 百名店	百名店	うどん	2020	EAST	藤屋本店	群馬県	https://award.tabelog.com/hyakumeiten/udon_east/2020	46232	店舗照合済	食べログ うどん EAST 百名店 2020 / 公式掲載順 66/100 / Tabelog ID 10001147
HYK2020-1367	FOD-2165	食べログ	食べログ 百名店	百名店	うどん	2020	EAST	うどん屋 源さん 本店	山梨県	https://award.tabelog.com/hyakumeiten/udon_east/2020	46232	店舗照合済	食べログ うどん EAST 百名店 2020 / 公式掲載順 67/100 / Tabelog ID 19000403
HYK2020-1368	FOD-2166	食べログ	食べログ 百名店	百名店	うどん	2020	EAST	増田うどん	北海道	https://award.tabelog.com/hyakumeiten/udon_east/2020	46232	店舗照合済	食べログ うどん EAST 百名店 2020 / 公式掲載順 68/100 / Tabelog ID 1043434
HYK2020-1369	FOD-2167	食べログ	食べログ 百名店	百名店	うどん	2020	EAST	清平	愛知県	https://award.tabelog.com/hyakumeiten/udon_east/2020	46232	店舗照合済	食べログ うどん EAST 百名店 2020 / 公式掲載順 69/100 / Tabelog ID 23013234
HYK2020-1370	FOD-2168	食べログ	食べログ 百名店	百名店	うどん	2020	EAST	手打ちうどんZ	千葉県	https://award.tabelog.com/hyakumeiten/udon_east/2020	46232	店舗照合済	食べログ うどん EAST 百名店 2020 / 公式掲載順 70/100 / Tabelog ID 12005569
HYK2020-1371	FOD-2169	食べログ	食べログ 百名店	百名店	うどん	2020	EAST	麺許皆伝	山梨県	https://award.tabelog.com/hyakumeiten/udon_east/2020	46232	店舗照合済	食べログ うどん EAST 百名店 2020 / 公式掲載順 71/100 / Tabelog ID 19000136
HYK2020-1372	FOD-2170	食べログ	食べログ 百名店	百名店	うどん	2020	EAST	太門	愛知県	https://award.tabelog.com/hyakumeiten/udon_east/2020	46232	店舗照合済	食べログ うどん EAST 百名店 2020 / 公式掲載順 72/100 / Tabelog ID 23045911
HYK2020-1373	FOD-2171	食べログ	食べログ 百名店	百名店	うどん	2020	EAST	渡辺うどん	山梨県	https://award.tabelog.com/hyakumeiten/udon_east/2020	46232	店舗照合済	食べログ うどん EAST 百名店 2020 / 公式掲載順 73/100 / Tabelog ID 19000342
HYK2020-1374	FOD-2172	食べログ	食べログ 百名店	百名店	うどん	2020	EAST	由す美	埼玉県	https://award.tabelog.com/hyakumeiten/udon_east/2020	46232	店舗照合済	食べログ うどん EAST 百名店 2020 / 公式掲載順 74/100 / Tabelog ID 11003505
HYK2020-1375	FOD-2173	食べログ	食べログ 百名店	百名店	うどん	2020	EAST	讃岐饂飩 まるは	千葉県	https://award.tabelog.com/hyakumeiten/udon_east/2020	46232	店舗照合済	食べログ うどん EAST 百名店 2020 / 公式掲載順 75/100 / Tabelog ID 12023023
HYK2020-1376	FOD-2174	食べログ	食べログ 百名店	百名店	うどん	2020	EAST	手打うどん 牛コロ 宮内	愛知県	https://award.tabelog.com/hyakumeiten/udon_east/2020	46232	店舗照合済	食べログ うどん EAST 百名店 2020 / 公式掲載順 76/100 / Tabelog ID 23040430
HYK2020-1377	FOD-2175	食べログ	食べログ 百名店	百名店	うどん	2020	EAST	武蔵野伝統の味 涼太郎	埼玉県	https://award.tabelog.com/hyakumeiten/udon_east/2020	46232	店舗照合済	食べログ うどん EAST 百名店 2020 / 公式掲載順 77/100 / Tabelog ID 11000460
HYK2020-1378	FOD-2176	食べログ	食べログ 百名店	百名店	うどん	2020	EAST	讃岐うどん 條辺	埼玉県	https://award.tabelog.com/hyakumeiten/udon_east/2020	46232	店舗照合済	食べログ うどん EAST 百名店 2020 / 公式掲載順 78/100 / Tabelog ID 11004258
HYK2020-1379	FOD-2177	食べログ	食べログ 百名店	百名店	うどん	2020	EAST	藤店うどん 川越店	埼玉県	https://award.tabelog.com/hyakumeiten/udon_east/2020	46232	店舗照合済	食べログ うどん EAST 百名店 2020 / 公式掲載順 79/100 / Tabelog ID 11004070
HYK2020-1380	FOD-2178	食べログ	食べログ 百名店	百名店	うどん	2020	EAST	だるまや	埼玉県	https://award.tabelog.com/hyakumeiten/udon_east/2020	46232	店舗照合済	食べログ うどん EAST 百名店 2020 / 公式掲載順 80/100 / Tabelog ID 11016730
HYK2020-1381	FOD-2179	食べログ	食べログ 百名店	百名店	うどん	2020	EAST	鈴家	愛知県	https://award.tabelog.com/hyakumeiten/udon_east/2020	46232	店舗照合済	食べログ うどん EAST 百名店 2020 / 公式掲載順 81/100 / Tabelog ID 23007899
HYK2020-1382	FOD-2180	食べログ	食べログ 百名店	百名店	うどん	2020	EAST	手打ちうどん さわいち	埼玉県	https://award.tabelog.com/hyakumeiten/udon_east/2020	46232	店舗照合済	食べログ うどん EAST 百名店 2020 / 公式掲載順 82/100 / Tabelog ID 11003324
HYK2020-1383	FOD-2181	食べログ	食べログ 百名店	百名店	うどん	2020	EAST	あそび	埼玉県	https://award.tabelog.com/hyakumeiten/udon_east/2020	46232	店舗照合済	食べログ うどん EAST 百名店 2020 / 公式掲載順 83/100 / Tabelog ID 11017560
HYK2020-1384	FOD-2182	食べログ	食べログ 百名店	百名店	うどん	2020	EAST	さわだ	埼玉県	https://award.tabelog.com/hyakumeiten/udon_east/2020	46232	店舗照合済	食べログ うどん EAST 百名店 2020 / 公式掲載順 84/100 / Tabelog ID 11004534
HYK2020-1385	FOD-2183	食べログ	食べログ 百名店	百名店	うどん	2020	EAST	手打ちうどん 自遊席	神奈川県	https://award.tabelog.com/hyakumeiten/udon_east/2020	46232	店舗照合済	食べログ うどん EAST 百名店 2020 / 公式掲載順 85/100 / Tabelog ID 14014003
HYK2020-1386	FOD-2184	食べログ	食べログ 百名店	百名店	うどん	2020	EAST	手打うどん 長谷沼	埼玉県	https://award.tabelog.com/hyakumeiten/udon_east/2020	46232	店舗照合済	食べログ うどん EAST 百名店 2020 / 公式掲載順 86/100 / Tabelog ID 11033610
HYK2020-1387	FOD-2185	食べログ	食べログ 百名店	百名店	うどん	2020	EAST	田舎うどん てつ	埼玉県	https://award.tabelog.com/hyakumeiten/udon_east/2020	46232	店舗照合済	食べログ うどん EAST 百名店 2020 / 公式掲載順 87/100 / Tabelog ID 11004160
HYK2020-1388	FOD-2186	食べログ	食べログ 百名店	百名店	うどん	2020	EAST	深山うどん	埼玉県	https://award.tabelog.com/hyakumeiten/udon_east/2020	46232	店舗照合済	食べログ うどん EAST 百名店 2020 / 公式掲載順 88/100 / Tabelog ID 11005759
HYK2020-1389	FOD-2187	食べログ	食べログ 百名店	百名店	うどん	2020	EAST	本手打うどん庄司	埼玉県	https://award.tabelog.com/hyakumeiten/udon_east/2020	46232	店舗照合済	食べログ うどん EAST 百名店 2020 / 公式掲載順 89/100 / Tabelog ID 11001574
HYK2020-1390	FOD-2188	食べログ	食べログ 百名店	百名店	うどん	2020	EAST	ぶっかけうどん 小野	埼玉県	https://award.tabelog.com/hyakumeiten/udon_east/2020	46232	店舗照合済	食べログ うどん EAST 百名店 2020 / 公式掲載順 90/100 / Tabelog ID 11000761
HYK2020-1391	FOD-2189	食べログ	食べログ 百名店	百名店	うどん	2020	EAST	かれーうどん 椿	北海道	https://award.tabelog.com/hyakumeiten/udon_east/2020	46232	店舗照合済	食べログ うどん EAST 百名店 2020 / 公式掲載順 91/100 / Tabelog ID 1006400
HYK2020-1392	FOD-2190	食べログ	食べログ 百名店	百名店	うどん	2020	EAST	久良一	埼玉県	https://award.tabelog.com/hyakumeiten/udon_east/2020	46232	店舗照合済	食べログ うどん EAST 百名店 2020 / 公式掲載順 92/100 / Tabelog ID 11009882
HYK2020-1393	FOD-2191	食べログ	食べログ 百名店	百名店	うどん	2020	EAST	寛文五年堂 秋田店	秋田県	https://award.tabelog.com/hyakumeiten/udon_east/2020	46232	店舗照合済	食べログ うどん EAST 百名店 2020 / 公式掲載順 93/100 / Tabelog ID 5005720
HYK2020-1394	FOD-2192	食べログ	食べログ 百名店	百名店	うどん	2020	EAST	三丁目の手打うどん	埼玉県	https://award.tabelog.com/hyakumeiten/udon_east/2020	46232	店舗照合済	食べログ うどん EAST 百名店 2020 / 公式掲載順 94/100 / Tabelog ID 11001573
HYK2020-1395	FOD-2193	食べログ	食べログ 百名店	百名店	うどん	2020	EAST	手打ち 山もとうどん	山梨県	https://award.tabelog.com/hyakumeiten/udon_east/2020	46232	店舗照合済	食べログ うどん EAST 百名店 2020 / 公式掲載順 95/100 / Tabelog ID 19000292
HYK2020-1396	FOD-2194	食べログ	食べログ 百名店	百名店	うどん	2020	EAST	まことや	愛知県	https://award.tabelog.com/hyakumeiten/udon_east/2020	46232	店舗照合済	食べログ うどん EAST 百名店 2020 / 公式掲載順 96/100 / Tabelog ID 23000094
HYK2020-1397	FOD-2195	食べログ	食べログ 百名店	百名店	うどん	2020	EAST	藤店うどん	埼玉県	https://award.tabelog.com/hyakumeiten/udon_east/2020	46232	店舗照合済	食べログ うどん EAST 百名店 2020 / 公式掲載順 97/100 / Tabelog ID 11000476
HYK2020-1398	FOD-2196	食べログ	食べログ 百名店	百名店	うどん	2020	EAST	千年ニコ天	愛知県	https://award.tabelog.com/hyakumeiten/udon_east/2020	46232	店舗照合済	食べログ うどん EAST 百名店 2020 / 公式掲載順 98/100 / Tabelog ID 23012864
HYK2020-1399	FOD-2197	食べログ	食べログ 百名店	百名店	うどん	2020	EAST	手打うどん 郁兵衛	岐阜県	https://award.tabelog.com/hyakumeiten/udon_east/2020	46232	店舗照合済	食べログ うどん EAST 百名店 2020 / 公式掲載順 99/100 / Tabelog ID 21001856
HYK2020-1400	FOD-2198	食べログ	食べログ 百名店	百名店	うどん	2020	EAST	うどん家 こむぎ	北海道	https://award.tabelog.com/hyakumeiten/udon_east/2020	46232	店舗照合済	食べログ うどん EAST 百名店 2020 / 公式掲載順 100/100 / Tabelog ID 1002003
HYK2020-1401	FOD-2199	食べログ	食べログ 百名店	百名店	うどん	2020	WEST	本格手打 もり家	香川県	https://award.tabelog.com/hyakumeiten/udon_west/2020	46232	店舗照合済	食べログ うどん WEST 百名店 2020 / 公式掲載順 1/105 / Tabelog ID 37000134
HYK2020-1402	FOD-2200	食べログ	食べログ 百名店	百名店	うどん	2020	WEST	釜喜利うどん	福岡県	https://award.tabelog.com/hyakumeiten/udon_west/2020	46232	店舗照合済	食べログ うどん WEST 百名店 2020 / 公式掲載順 2/105 / Tabelog ID 40034851
HYK2020-1403	FOD-2201	食べログ	食べログ 百名店	百名店	うどん	2020	WEST	活麺富蔵	大阪府	https://award.tabelog.com/hyakumeiten/udon_west/2020	46232	店舗照合済	食べログ うどん WEST 百名店 2020 / 公式掲載順 3/105 / Tabelog ID 27052338
HYK2020-1404	FOD-2202	食べログ	食べログ 百名店	百名店	うどん	2020	WEST	宮川製麺所	香川県	https://award.tabelog.com/hyakumeiten/udon_west/2020	46232	店舗照合済	食べログ うどん WEST 百名店 2020 / 公式掲載順 4/105 / Tabelog ID 37000128
HYK2020-1405	FOD-2203	食べログ	食べログ 百名店	百名店	うどん	2020	WEST	麦香	香川県	https://award.tabelog.com/hyakumeiten/udon_west/2020	46232	店舗照合済	食べログ うどん WEST 百名店 2020 / 公式掲載順 5/105 / Tabelog ID 37006914
HYK2020-1406	FOD-2204	食べログ	食べログ 百名店	百名店	うどん	2020	WEST	マルタニ製麺	香川県	https://award.tabelog.com/hyakumeiten/udon_west/2020	46232	店舗照合済	食べログ うどん WEST 百名店 2020 / 公式掲載順 6/105 / Tabelog ID 37000378
HYK2020-1407	FOD-2205	食べログ	食べログ 百名店	百名店	うどん	2020	WEST	うどん屋 きすけ	大阪府	https://award.tabelog.com/hyakumeiten/udon_west/2020	46232	店舗照合済	食べログ うどん WEST 百名店 2020 / 公式掲載順 7/105 / Tabelog ID 27015342
HYK2020-1408	FOD-2206	食べログ	食べログ 百名店	百名店	うどん	2020	WEST	中西うどん	香川県	https://award.tabelog.com/hyakumeiten/udon_west/2020	46232	店舗照合済	食べログ うどん WEST 百名店 2020 / 公式掲載順 8/105 / Tabelog ID 37000040
HYK2020-1409	FOD-2207	食べログ	食べログ 百名店	百名店	うどん	2020	WEST	麦きり トクオカ	兵庫県	https://award.tabelog.com/hyakumeiten/udon_west/2020	46232	店舗照合済	食べログ うどん WEST 百名店 2020 / 公式掲載順 9/105 / Tabelog ID 28001187
HYK2020-1410	FOD-2208	食べログ	食べログ 百名店	百名店	うどん	2020	WEST	手打麺や 大島	香川県	https://award.tabelog.com/hyakumeiten/udon_west/2020	46232	店舗照合済	食べログ うどん WEST 百名店 2020 / 公式掲載順 10/105 / Tabelog ID 37000224
HYK2020-1411	FOD-2209	食べログ	食べログ 百名店	百名店	うどん	2020	WEST	本格手打うどん 麺むすび	香川県	https://award.tabelog.com/hyakumeiten/udon_west/2020	46232	店舗照合済	食べログ うどん WEST 百名店 2020 / 公式掲載順 11/105 / Tabelog ID 37004775
HYK2020-1412	FOD-2210	食べログ	食べログ 百名店	百名店	うどん	2020	WEST	讃岐うどん 白庵	大阪府	https://award.tabelog.com/hyakumeiten/udon_west/2020	46232	店舗照合済	食べログ うどん WEST 百名店 2020 / 公式掲載順 12/105 / Tabelog ID 27014852
HYK2020-1413	FOD-2211	食べログ	食べログ 百名店	百名店	うどん	2020	WEST	わら家	香川県	https://award.tabelog.com/hyakumeiten/udon_west/2020	46232	店舗照合済	食べログ うどん WEST 百名店 2020 / 公式掲載順 13/105 / Tabelog ID 37000057
HYK2020-1414	FOD-2212	食べログ	食べログ 百名店	百名店	うどん	2020	WEST	カマ喜ri	香川県	https://award.tabelog.com/hyakumeiten/udon_west/2020	46232	店舗照合済	食べログ うどん WEST 百名店 2020 / 公式掲載順 14/105 / Tabelog ID 37006622
HYK2020-1415	FOD-2213	食べログ	食べログ 百名店	百名店	うどん	2020	WEST	江戸堀 木田 讃岐うどん	大阪府	https://award.tabelog.com/hyakumeiten/udon_west/2020	46232	店舗照合済	食べログ うどん WEST 百名店 2020 / 公式掲載順 15/105 / Tabelog ID 27027893
HYK2020-1416	FOD-2214	食べログ	食べログ 百名店	百名店	うどん	2020	WEST	山越うどん	香川県	https://award.tabelog.com/hyakumeiten/udon_west/2020	46232	店舗照合済	食べログ うどん WEST 百名店 2020 / 公式掲載順 16/105 / Tabelog ID 37000080
HYK2020-1417	FOD-2215	食べログ	食べログ 百名店	百名店	うどん	2020	WEST	三好うどん	香川県	https://award.tabelog.com/hyakumeiten/udon_west/2020	46232	店舗照合済	食べログ うどん WEST 百名店 2020 / 公式掲載順 17/105 / Tabelog ID 37008190
HYK2020-1418	FOD-2216	食べログ	食べログ 百名店	百名店	うどん	2020	WEST	あやうた製麺	香川県	https://award.tabelog.com/hyakumeiten/udon_west/2020	46232	店舗照合済	食べログ うどん WEST 百名店 2020 / 公式掲載順 18/105 / Tabelog ID 37007004
HYK2020-1419	FOD-0486	食べログ	食べログ 百名店	百名店	うどん	2020	WEST	釜あげうどん 長田 in 香の香	香川県	https://award.tabelog.com/hyakumeiten/udon_west/2020	46232	店舗照合済	食べログ うどん WEST 百名店 2020 / 公式掲載順 19/105 / Tabelog ID 37000015
HYK2020-1420	FOD-2217	食べログ	食べログ 百名店	百名店	うどん	2020	WEST	讃岐うどん いってつ	大阪府	https://award.tabelog.com/hyakumeiten/udon_west/2020	46232	店舗照合済	食べログ うどん WEST 百名店 2020 / 公式掲載順 20/105 / Tabelog ID 27009072
HYK2020-1421	FOD-2218	食べログ	食べログ 百名店	百名店	うどん	2020	WEST	本格手打うどん 大河	京都府	https://award.tabelog.com/hyakumeiten/udon_west/2020	46232	店舗照合済	食べログ うどん WEST 百名店 2020 / 公式掲載順 21/105 / Tabelog ID 26020260
HYK2020-1422	FOD-2219	食べログ	食べログ 百名店	百名店	うどん	2020	WEST	うどん工房悠々	兵庫県	https://award.tabelog.com/hyakumeiten/udon_west/2020	46232	店舗照合済	食べログ うどん WEST 百名店 2020 / 公式掲載順 22/105 / Tabelog ID 28029478
HYK2020-1423	FOD-2220	食べログ	食べログ 百名店	百名店	うどん	2020	WEST	シラカワ	香川県	https://award.tabelog.com/hyakumeiten/udon_west/2020	46232	店舗照合済	食べログ うどん WEST 百名店 2020 / 公式掲載順 23/105 / Tabelog ID 37000147
HYK2020-1424	FOD-2221	食べログ	食べログ 百名店	百名店	うどん	2020	WEST	宮武うどん	香川県	https://award.tabelog.com/hyakumeiten/udon_west/2020	46232	店舗照合済	食べログ うどん WEST 百名店 2020 / 公式掲載順 24/105 / Tabelog ID 37005339
HYK2020-1425	FOD-2222	食べログ	食べログ 百名店	百名店	うどん	2020	WEST	うどんの田	香川県	https://award.tabelog.com/hyakumeiten/udon_west/2020	46232	店舗照合済	食べログ うどん WEST 百名店 2020 / 公式掲載順 25/105 / Tabelog ID 37000384
HYK2020-1426	FOD-2223	食べログ	食べログ 百名店	百名店	うどん	2020	WEST	極楽うどん TKU	大阪府	https://award.tabelog.com/hyakumeiten/udon_west/2020	46232	店舗照合済	食べログ うどん WEST 百名店 2020 / 公式掲載順 26/105 / Tabelog ID 27042400
HYK2020-1427	FOD-2224	食べログ	食べログ 百名店	百名店	うどん	2020	WEST	がいな製麺所	兵庫県	https://award.tabelog.com/hyakumeiten/udon_west/2020	46232	店舗照合済	食べログ うどん WEST 百名店 2020 / 公式掲載順 27/105 / Tabelog ID 28003753
HYK2020-1428	FOD-2225	食べログ	食べログ 百名店	百名店	うどん	2020	WEST	根ッ子うどん	香川県	https://award.tabelog.com/hyakumeiten/udon_west/2020	46232	店舗照合済	食べログ うどん WEST 百名店 2020 / 公式掲載順 28/105 / Tabelog ID 37000533
HYK2020-1429	FOD-2226	食べログ	食べログ 百名店	百名店	うどん	2020	WEST	長田うどん	香川県	https://award.tabelog.com/hyakumeiten/udon_west/2020	46232	店舗照合済	食べログ うどん WEST 百名店 2020 / 公式掲載順 29/105 / Tabelog ID 37000005
HYK2020-1430	FOD-2227	食べログ	食べログ 百名店	百名店	うどん	2020	WEST	山下うどん	香川県	https://award.tabelog.com/hyakumeiten/udon_west/2020	46232	店舗照合済	食べログ うどん WEST 百名店 2020 / 公式掲載順 30/105 / Tabelog ID 37000020
HYK2020-1431	FOD-0581	食べログ	食べログ 百名店	百名店	うどん	2020	WEST	須崎食料品店	香川県	https://award.tabelog.com/hyakumeiten/udon_west/2020	46232	店舗照合済	食べログ うどん WEST 百名店 2020 / 公式掲載順 31/105 / Tabelog ID 37000143
HYK2020-1432	FOD-2228	食べログ	食べログ 百名店	百名店	うどん	2020	WEST	純手打うどん よしや	香川県	https://award.tabelog.com/hyakumeiten/udon_west/2020	46232	店舗照合済	食べログ うどん WEST 百名店 2020 / 公式掲載順 32/105 / Tabelog ID 37004606
HYK2020-1433	FOD-2229	食べログ	食べログ 百名店	百名店	うどん	2020	WEST	なかむら	香川県	https://award.tabelog.com/hyakumeiten/udon_west/2020	46232	店舗照合済	食べログ うどん WEST 百名店 2020 / 公式掲載順 33/105 / Tabelog ID 37000068
HYK2020-1434	FOD-2230	食べログ	食べログ 百名店	百名店	うどん	2020	WEST	吉本食品	香川県	https://award.tabelog.com/hyakumeiten/udon_west/2020	46232	店舗照合済	食べログ うどん WEST 百名店 2020 / 公式掲載順 34/105 / Tabelog ID 37000684
HYK2020-1435	FOD-2231	食べログ	食べログ 百名店	百名店	うどん	2020	WEST	手打うどん たむら	香川県	https://award.tabelog.com/hyakumeiten/udon_west/2020	46232	店舗照合済	食べログ うどん WEST 百名店 2020 / 公式掲載順 35/105 / Tabelog ID 37000077
HYK2020-1436	FOD-2232	食べログ	食べログ 百名店	百名店	うどん	2020	WEST	うどん棒 大阪本店	大阪府	https://award.tabelog.com/hyakumeiten/udon_west/2020	46232	店舗照合済	食べログ うどん WEST 百名店 2020 / 公式掲載順 36/105 / Tabelog ID 27003766
HYK2020-1437	FOD-2233	食べログ	食べログ 百名店	百名店	うどん	2020	WEST	日の出製麺所	香川県	https://award.tabelog.com/hyakumeiten/udon_west/2020	46232	店舗照合済	食べログ うどん WEST 百名店 2020 / 公式掲載順 37/105 / Tabelog ID 37000016
HYK2020-1438	FOD-2234	食べログ	食べログ 百名店	百名店	うどん	2020	WEST	手打ちうどん はりや	香川県	https://award.tabelog.com/hyakumeiten/udon_west/2020	46232	店舗照合済	食べログ うどん WEST 百名店 2020 / 公式掲載順 38/105 / Tabelog ID 37000049
HYK2020-1439	FOD-2235	食べログ	食べログ 百名店	百名店	うどん	2020	WEST	本格手打 いわしや 西宮店	兵庫県	https://award.tabelog.com/hyakumeiten/udon_west/2020	46232	店舗照合済	食べログ うどん WEST 百名店 2020 / 公式掲載順 39/105 / Tabelog ID 28002495
HYK2020-1440	FOD-2236	食べログ	食べログ 百名店	百名店	うどん	2020	WEST	白川うどん	香川県	https://award.tabelog.com/hyakumeiten/udon_west/2020	46232	店舗照合済	食べログ うどん WEST 百名店 2020 / 公式掲載順 40/105 / Tabelog ID 37000240
HYK2020-1441	FOD-2237	食べログ	食べログ 百名店	百名店	うどん	2020	WEST	讃岐うどん 上原屋本店	香川県	https://award.tabelog.com/hyakumeiten/udon_west/2020	46232	店舗照合済	食べログ うどん WEST 百名店 2020 / 公式掲載順 41/105 / Tabelog ID 37000048
HYK2020-1442	FOD-0298	食べログ	食べログ 百名店	百名店	うどん	2020	WEST	手造りうどん 楽々	大阪府	https://award.tabelog.com/hyakumeiten/udon_west/2020	46232	店舗照合済	食べログ うどん WEST 百名店 2020 / 公式掲載順 42/105 / Tabelog ID 27011240
HYK2020-1443	FOD-2238	食べログ	食べログ 百名店	百名店	うどん	2020	WEST	釜ひろ	大阪府	https://award.tabelog.com/hyakumeiten/udon_west/2020	46232	店舗照合済	食べログ うどん WEST 百名店 2020 / 公式掲載順 43/105 / Tabelog ID 27011913
HYK2020-1444	FOD-2239	食べログ	食べログ 百名店	百名店	うどん	2020	WEST	京うどん 生蕎麦 岡北	京都府	https://award.tabelog.com/hyakumeiten/udon_west/2020	46232	店舗照合済	食べログ うどん WEST 百名店 2020 / 公式掲載順 44/105 / Tabelog ID 26000919
HYK2020-1445	FOD-2240	食べログ	食べログ 百名店	百名店	うどん	2020	WEST	うどん日和	大阪府	https://award.tabelog.com/hyakumeiten/udon_west/2020	46232	店舗照合済	食べログ うどん WEST 百名店 2020 / 公式掲載順 45/105 / Tabelog ID 27023042
HYK2020-1446	FOD-2241	食べログ	食べログ 百名店	百名店	うどん	2020	WEST	手打うどん 風月	香川県	https://award.tabelog.com/hyakumeiten/udon_west/2020	46232	店舗照合済	食べログ うどん WEST 百名店 2020 / 公式掲載順 46/105 / Tabelog ID 37001023
HYK2020-1447	FOD-2242	食べログ	食べログ 百名店	百名店	うどん	2020	WEST	釜揚げうどん 鈴庵	奈良県	https://award.tabelog.com/hyakumeiten/udon_west/2020	46232	店舗照合済	食べログ うどん WEST 百名店 2020 / 公式掲載順 47/105 / Tabelog ID 29004110
HYK2020-1448	FOD-2243	食べログ	食べログ 百名店	百名店	うどん	2020	WEST	さぬき手打ちうどん 銭形	大阪府	https://award.tabelog.com/hyakumeiten/udon_west/2020	46232	店舗照合済	食べログ うどん WEST 百名店 2020 / 公式掲載順 48/105 / Tabelog ID 27012525
HYK2020-1449	FOD-2244	食べログ	食べログ 百名店	百名店	うどん	2020	WEST	本格手打うどん おか泉	香川県	https://award.tabelog.com/hyakumeiten/udon_west/2020	46232	店舗照合済	食べログ うどん WEST 百名店 2020 / 公式掲載順 49/105 / Tabelog ID 37000074
HYK2020-1450	FOD-2245	食べログ	食べログ 百名店	百名店	うどん	2020	WEST	空飛ぶうどん やまぶき家	大阪府	https://award.tabelog.com/hyakumeiten/udon_west/2020	46232	店舗照合済	食べログ うどん WEST 百名店 2020 / 公式掲載順 50/105 / Tabelog ID 27069779
HYK2020-1451	FOD-2246	食べログ	食べログ 百名店	百名店	うどん	2020	WEST	一匠	徳島県	https://award.tabelog.com/hyakumeiten/udon_west/2020	46232	店舗照合済	食べログ うどん WEST 百名店 2020 / 公式掲載順 51/105 / Tabelog ID 36002902
HYK2020-1452	FOD-2247	食べログ	食べログ 百名店	百名店	うどん	2020	WEST	ゴッドハンド	香川県	https://award.tabelog.com/hyakumeiten/udon_west/2020	46232	店舗照合済	食べログ うどん WEST 百名店 2020 / 公式掲載順 52/105 / Tabelog ID 37000710
HYK2020-1453	FOD-2248	食べログ	食べログ 百名店	百名店	うどん	2020	WEST	手打十段 うどんバカ一代	香川県	https://award.tabelog.com/hyakumeiten/udon_west/2020	46232	店舗照合済	食べログ うどん WEST 百名店 2020 / 公式掲載順 53/105 / Tabelog ID 37000242
HYK2020-1454	FOD-2249	食べログ	食べログ 百名店	百名店	うどん	2020	WEST	竹清 本店	香川県	https://award.tabelog.com/hyakumeiten/udon_west/2020	46232	店舗照合済	食べログ うどん WEST 百名店 2020 / 公式掲載順 54/105 / Tabelog ID 37000051
HYK2020-1455	FOD-2250	食べログ	食べログ 百名店	百名店	うどん	2020	WEST	うぶしな	香川県	https://award.tabelog.com/hyakumeiten/udon_west/2020	46232	店舗照合済	食べログ うどん WEST 百名店 2020 / 公式掲載順 55/105 / Tabelog ID 37000231
HYK2020-1456	FOD-2251	食べログ	食べログ 百名店	百名店	うどん	2020	WEST	山下うどん	香川県	https://award.tabelog.com/hyakumeiten/udon_west/2020	46232	店舗照合済	食べログ うどん WEST 百名店 2020 / 公式掲載順 56/105 / Tabelog ID 37000012
HYK2020-1457	FOD-2252	食べログ	食べログ 百名店	百名店	うどん	2020	WEST	手打ちうどん 団平	大阪府	https://award.tabelog.com/hyakumeiten/udon_west/2020	46232	店舗照合済	食べログ うどん WEST 百名店 2020 / 公式掲載順 57/105 / Tabelog ID 27006805
HYK2020-1458	FOD-2253	食べログ	食べログ 百名店	百名店	うどん	2020	WEST	うどん 蔵十	大阪府	https://award.tabelog.com/hyakumeiten/udon_west/2020	46232	店舗照合済	食べログ うどん WEST 百名店 2020 / 公式掲載順 58/105 / Tabelog ID 27000719
HYK2020-1459	FOD-2254	食べログ	食べログ 百名店	百名店	うどん	2020	WEST	道頓堀 今井 本店	大阪府	https://award.tabelog.com/hyakumeiten/udon_west/2020	46232	店舗照合済	食べログ うどん WEST 百名店 2020 / 公式掲載順 59/105 / Tabelog ID 27001289
HYK2020-1460	FOD-2255	食べログ	食べログ 百名店	百名店	うどん	2020	WEST	葉隠うどん	福岡県	https://award.tabelog.com/hyakumeiten/udon_west/2020	46232	店舗照合済	食べログ うどん WEST 百名店 2020 / 公式掲載順 60/105 / Tabelog ID 40004342
HYK2020-1461	FOD-2256	食べログ	食べログ 百名店	百名店	うどん	2020	WEST	たからや	大阪府	https://award.tabelog.com/hyakumeiten/udon_west/2020	46232	店舗照合済	食べログ うどん WEST 百名店 2020 / 公式掲載順 61/105 / Tabelog ID 27019530
HYK2020-1462	FOD-2257	食べログ	食べログ 百名店	百名店	うどん	2020	WEST	ふたみうどん研究所	宮崎県	https://award.tabelog.com/hyakumeiten/udon_west/2020	46232	店舗照合済	食べログ うどん WEST 百名店 2020 / 公式掲載順 62/105 / Tabelog ID 45004957
HYK2020-1463	FOD-2258	食べログ	食べログ 百名店	百名店	うどん	2020	WEST	桂ちゃん	大阪府	https://award.tabelog.com/hyakumeiten/udon_west/2020	46232	店舗照合済	食べログ うどん WEST 百名店 2020 / 公式掲載順 63/105 / Tabelog ID 27013633
HYK2020-1464	FOD-2259	食べログ	食べログ 百名店	百名店	うどん	2020	WEST	JUN大谷製麺処	大阪府	https://award.tabelog.com/hyakumeiten/udon_west/2020	46232	店舗照合済	食べログ うどん WEST 百名店 2020 / 公式掲載順 64/105 / Tabelog ID 27049353
HYK2020-1465	FOD-2260	食べログ	食べログ 百名店	百名店	うどん	2020	WEST	うどん居酒屋 麦笑	大阪府	https://award.tabelog.com/hyakumeiten/udon_west/2020	46232	店舗照合済	食べログ うどん WEST 百名店 2020 / 公式掲載順 65/105 / Tabelog ID 27013801
HYK2020-1466	FOD-2261	食べログ	食べログ 百名店	百名店	うどん	2020	WEST	自家製粉石臼挽きうどん 青空blue 本店	大阪府	https://award.tabelog.com/hyakumeiten/udon_west/2020	46232	店舗照合済	食べログ うどん WEST 百名店 2020 / 公式掲載順 66/105 / Tabelog ID 27082212
HYK2020-1467	FOD-2262	食べログ	食べログ 百名店	百名店	うどん	2020	WEST	本格さぬきうどん 穂乃香	兵庫県	https://award.tabelog.com/hyakumeiten/udon_west/2020	46232	店舗照合済	食べログ うどん WEST 百名店 2020 / 公式掲載順 67/105 / Tabelog ID 28025306
HYK2020-1468	FOD-2263	食べログ	食べログ 百名店	百名店	うどん	2020	WEST	仁王門 うね乃	京都府	https://award.tabelog.com/hyakumeiten/udon_west/2020	46232	店舗照合済	食べログ うどん WEST 百名店 2020 / 公式掲載順 68/105 / Tabelog ID 26023852
HYK2020-1469	FOD-2264	食べログ	食べログ 百名店	百名店	うどん	2020	WEST	讃岐屋 雅次郎	大阪府	https://award.tabelog.com/hyakumeiten/udon_west/2020	46232	店舗照合済	食べログ うどん WEST 百名店 2020 / 公式掲載順 69/105 / Tabelog ID 27019261
HYK2020-1470	FOD-2265	食べログ	食べログ 百名店	百名店	うどん	2020	WEST	饂飩工房 うばら	大阪府	https://award.tabelog.com/hyakumeiten/udon_west/2020	46232	店舗照合済	食べログ うどん WEST 百名店 2020 / 公式掲載順 70/105 / Tabelog ID 27060219
HYK2020-1471	FOD-2266	食べログ	食べログ 百名店	百名店	うどん	2020	WEST	うどん ゆきの	大阪府	https://award.tabelog.com/hyakumeiten/udon_west/2020	46232	店舗照合済	食べログ うどん WEST 百名店 2020 / 公式掲載順 71/105 / Tabelog ID 27000574
HYK2020-1472	FOD-2267	食べログ	食べログ 百名店	百名店	うどん	2020	WEST	釜揚げうどん 織田薪 本店	宮崎県	https://award.tabelog.com/hyakumeiten/udon_west/2020	46232	店舗照合済	食べログ うどん WEST 百名店 2020 / 公式掲載順 72/105 / Tabelog ID 45001975
HYK2020-1473	FOD-2268	食べログ	食べログ 百名店	百名店	うどん	2020	WEST	麺処 綿谷 丸亀店	香川県	https://award.tabelog.com/hyakumeiten/udon_west/2020	46232	店舗照合済	食べログ うどん WEST 百名店 2020 / 公式掲載順 73/105 / Tabelog ID 37000289
HYK2020-1474	FOD-2269	食べログ	食べログ 百名店	百名店	うどん	2020	WEST	日の出うどん	京都府	https://award.tabelog.com/hyakumeiten/udon_west/2020	46232	店舗照合済	食べログ うどん WEST 百名店 2020 / 公式掲載順 74/105 / Tabelog ID 26000815
HYK2020-1475	FOD-2270	食べログ	食べログ 百名店	百名店	うどん	2020	WEST	立花うどん	福岡県	https://award.tabelog.com/hyakumeiten/udon_west/2020	46232	店舗照合済	食べログ うどん WEST 百名店 2020 / 公式掲載順 75/105 / Tabelog ID 40006354
HYK2020-1476	FOD-2271	食べログ	食べログ 百名店	百名店	うどん	2020	WEST	極楽うどん Ah-麺	大阪府	https://award.tabelog.com/hyakumeiten/udon_west/2020	46232	店舗照合済	食べログ うどん WEST 百名店 2020 / 公式掲載順 76/105 / Tabelog ID 27075334
HYK2020-1477	FOD-2272	食べログ	食べログ 百名店	百名店	うどん	2020	WEST	三嶋製麺所	香川県	https://award.tabelog.com/hyakumeiten/udon_west/2020	46232	店舗照合済	食べログ うどん WEST 百名店 2020 / 公式掲載順 77/105 / Tabelog ID 37000140
HYK2020-1478	FOD-2273	食べログ	食べログ 百名店	百名店	うどん	2020	WEST	本町製麺所 本店	大阪府	https://award.tabelog.com/hyakumeiten/udon_west/2020	46232	店舗照合済	食べログ うどん WEST 百名店 2020 / 公式掲載順 78/105 / Tabelog ID 27014646
HYK2020-1479	FOD-2274	食べログ	食べログ 百名店	百名店	うどん	2020	WEST	讃岐うどん がもう	香川県	https://award.tabelog.com/hyakumeiten/udon_west/2020	46232	店舗照合済	食べログ うどん WEST 百名店 2020 / 公式掲載順 79/105 / Tabelog ID 37000019
HYK2020-1480	FOD-2275	食べログ	食べログ 百名店	百名店	うどん	2020	WEST	西端手打 上戸	香川県	https://award.tabelog.com/hyakumeiten/udon_west/2020	46232	店舗照合済	食べログ うどん WEST 百名店 2020 / 公式掲載順 80/105 / Tabelog ID 37000152
HYK2020-1481	FOD-2276	食べログ	食べログ 百名店	百名店	うどん	2020	WEST	糸庄	富山県	https://award.tabelog.com/hyakumeiten/udon_west/2020	46232	店舗照合済	食べログ うどん WEST 百名店 2020 / 公式掲載順 81/105 / Tabelog ID 16000661
HYK2020-1482	FOD-2277	食べログ	食べログ 百名店	百名店	うどん	2020	WEST	讃岐うどん 今雪	大阪府	https://award.tabelog.com/hyakumeiten/udon_west/2020	46232	店舗照合済	食べログ うどん WEST 百名店 2020 / 公式掲載順 82/105 / Tabelog ID 27067874
HYK2020-1483	FOD-0023	食べログ	食べログ 百名店	百名店	うどん	2020	WEST	山内うどん店	香川県	https://award.tabelog.com/hyakumeiten/udon_west/2020	46232	店舗照合済	食べログ うどん WEST 百名店 2020 / 公式掲載順 83/105 / Tabelog ID 37000007
HYK2020-1484	FOD-2278	食べログ	食べログ 百名店	百名店	うどん	2020	WEST	どとう ぜにや	大阪府	https://award.tabelog.com/hyakumeiten/udon_west/2020	46232	店舗照合済	食べログ うどん WEST 百名店 2020 / 公式掲載順 84/105 / Tabelog ID 27013157
HYK2020-1485	FOD-2279	食べログ	食べログ 百名店	百名店	うどん	2020	WEST	うどん本陣 山田家 讃岐本店	香川県	https://award.tabelog.com/hyakumeiten/udon_west/2020	46232	店舗照合済	食べログ うどん WEST 百名店 2020 / 公式掲載順 85/105 / Tabelog ID 37000002
HYK2020-1486	FOD-2280	食べログ	食べログ 百名店	百名店	うどん	2020	WEST	手打ちうどん 鶴丸	香川県	https://award.tabelog.com/hyakumeiten/udon_west/2020	46232	店舗照合済	食べログ うどん WEST 百名店 2020 / 公式掲載順 86/105 / Tabelog ID 37000044
HYK2020-1487	FOD-2281	食べログ	食べログ 百名店	百名店	うどん	2020	WEST	うどん居酒屋 江戸堀	大阪府	https://award.tabelog.com/hyakumeiten/udon_west/2020	46232	店舗照合済	食べログ うどん WEST 百名店 2020 / 公式掲載順 87/105 / Tabelog ID 27094721
HYK2020-1488	FOD-2282	食べログ	食べログ 百名店	百名店	うどん	2020	WEST	うどん 一福	香川県	https://award.tabelog.com/hyakumeiten/udon_west/2020	46232	店舗照合済	食べログ うどん WEST 百名店 2020 / 公式掲載順 88/105 / Tabelog ID 37001209
HYK2020-1489	FOD-2283	食べログ	食べログ 百名店	百名店	うどん	2020	WEST	うだま 梅田店	大阪府	https://award.tabelog.com/hyakumeiten/udon_west/2020	46232	店舗照合済	食べログ うどん WEST 百名店 2020 / 公式掲載順 89/105 / Tabelog ID 27056300
HYK2020-1490	FOD-2284	食べログ	食べログ 百名店	百名店	うどん	2020	WEST	純手打 うどん 勝一	山口県	https://award.tabelog.com/hyakumeiten/udon_west/2020	46232	店舗照合済	食べログ うどん WEST 百名店 2020 / 公式掲載順 90/105 / Tabelog ID 35000311
HYK2020-1491	FOD-0021	食べログ	食べログ 百名店	百名店	うどん	2020	WEST	谷川米穀店	香川県	https://award.tabelog.com/hyakumeiten/udon_west/2020	46232	店舗照合済	食べログ うどん WEST 百名店 2020 / 公式掲載順 91/105 / Tabelog ID 37000011
HYK2020-1492	FOD-2285	食べログ	食べログ 百名店	百名店	うどん	2020	WEST	うどん さか枝	香川県	https://award.tabelog.com/hyakumeiten/udon_west/2020	46232	店舗照合済	食べログ うどん WEST 百名店 2020 / 公式掲載順 92/105 / Tabelog ID 37000026
HYK2020-1493	FOD-2286	食べログ	食べログ 百名店	百名店	うどん	2020	WEST	山元麺蔵	京都府	https://award.tabelog.com/hyakumeiten/udon_west/2020	46232	店舗照合済	食べログ うどん WEST 百名店 2020 / 公式掲載順 93/105 / Tabelog ID 26002504
HYK2020-1494	FOD-2287	食べログ	食べログ 百名店	百名店	うどん	2020	WEST	中村うどん	香川県	https://award.tabelog.com/hyakumeiten/udon_west/2020	46232	店舗照合済	食べログ うどん WEST 百名店 2020 / 公式掲載順 94/105 / Tabelog ID 37000135
HYK2020-1495	FOD-2288	食べログ	食べログ 百名店	百名店	うどん	2020	WEST	手打ちうどん 紅屋	大阪府	https://award.tabelog.com/hyakumeiten/udon_west/2020	46232	店舗照合済	食べログ うどん WEST 百名店 2020 / 公式掲載順 95/105 / Tabelog ID 27017094
HYK2020-1496	FOD-2289	食べログ	食べログ 百名店	百名店	うどん	2020	WEST	手打うどん 三徳	香川県	https://award.tabelog.com/hyakumeiten/udon_west/2020	46232	店舗照合済	食べログ うどん WEST 百名店 2020 / 公式掲載順 96/105 / Tabelog ID 37000142
HYK2020-1497	FOD-2290	食べログ	食べログ 百名店	百名店	うどん	2020	WEST	踊るうどん 滝井本店	大阪府	https://award.tabelog.com/hyakumeiten/udon_west/2020	46232	店舗照合済	食べログ うどん WEST 百名店 2020 / 公式掲載順 97/105 / Tabelog ID 27004023
HYK2020-1498	FOD-2291	食べログ	食べログ 百名店	百名店	うどん	2020	WEST	釜揚うどん一紀	大阪府	https://award.tabelog.com/hyakumeiten/udon_west/2020	46232	店舗照合済	食べログ うどん WEST 百名店 2020 / 公式掲載順 98/105 / Tabelog ID 27059480
HYK2020-1499	FOD-2292	食べログ	食べログ 百名店	百名店	うどん	2020	WEST	本格手打うどん はゆか	香川県	https://award.tabelog.com/hyakumeiten/udon_west/2020	46232	店舗照合済	食べログ うどん WEST 百名店 2020 / 公式掲載順 99/105 / Tabelog ID 37000233
HYK2020-1500	FOD-2293	食べログ	食べログ 百名店	百名店	うどん	2020	WEST	爽月	大阪府	https://award.tabelog.com/hyakumeiten/udon_west/2020	46232	店舗照合済	食べログ うどん WEST 百名店 2020 / 公式掲載順 100/105 / Tabelog ID 27051701
HYK2020-1501	FOD-2294	食べログ	食べログ 百名店	百名店	うどん	2020	WEST	うどん 讃く	大阪府	https://award.tabelog.com/hyakumeiten/udon_west/2020	46232	店舗照合済	食べログ うどん WEST 百名店 2020 / 公式掲載順 101/105 / Tabelog ID 27066859
HYK2020-1502	FOD-2295	食べログ	食べログ 百名店	百名店	うどん	2020	WEST	たけうちうどん店	大阪府	https://award.tabelog.com/hyakumeiten/udon_west/2020	46232	店舗照合済	食べログ うどん WEST 百名店 2020 / 公式掲載順 102/105 / Tabelog ID 27006684
HYK2020-1503	FOD-2296	食べログ	食べログ 百名店	百名店	うどん	2020	WEST	松下製麺所	香川県	https://award.tabelog.com/hyakumeiten/udon_west/2020	46232	店舗照合済	食べログ うどん WEST 百名店 2020 / 公式掲載順 103/105 / Tabelog ID 37000033
HYK2020-1504	FOD-2297	食べログ	食べログ 百名店	百名店	うどん	2020	WEST	手打うどん 麦蔵	香川県	https://award.tabelog.com/hyakumeiten/udon_west/2020	46232	店舗照合済	食べログ うどん WEST 百名店 2020 / 公式掲載順 104/105 / Tabelog ID 37000874
HYK2020-1505	FOD-2298	食べログ	食べログ 百名店	百名店	うどん	2020	WEST	讃歌うどん はんげしょう	兵庫県	https://award.tabelog.com/hyakumeiten/udon_west/2020	46232	店舗照合済	食べログ うどん WEST 百名店 2020 / 公式掲載順 105/105 / Tabelog ID 28026561
HYK2020-1506	FOD-2299	食べログ	食べログ 百名店	百名店	焼肉	2020	TOKYO	焼肉 京城 水道橋店	東京都	https://award.tabelog.com/hyakumeiten/yakiniku_tokyo/2020	46232	店舗照合済	食べログ 焼肉 TOKYO 百名店 2020 / 公式掲載順 1/100 / Tabelog ID 13000222
HYK2020-1507	FOD-0569	食べログ	食べログ 百名店	百名店	焼肉	2020	TOKYO	正泰苑 総本店	東京都	https://award.tabelog.com/hyakumeiten/yakiniku_tokyo/2020	46232	店舗照合済	食べログ 焼肉 TOKYO 百名店 2020 / 公式掲載順 2/100 / Tabelog ID 13003776
HYK2020-1508	FOD-2300	食べログ	食べログ 百名店	百名店	焼肉	2020	TOKYO	焼肉 いぶさな	東京都	https://award.tabelog.com/hyakumeiten/yakiniku_tokyo/2020	46232	店舗照合済	食べログ 焼肉 TOKYO 百名店 2020 / 公式掲載順 3/100 / Tabelog ID 13221220
HYK2020-1509	FOD-0002	食べログ	食べログ 百名店	百名店	焼肉	2020	TOKYO	スタミナ苑	東京都	https://award.tabelog.com/hyakumeiten/yakiniku_tokyo/2020	46232	店舗照合済	食べログ 焼肉 TOKYO 百名店 2020 / 公式掲載順 4/100 / Tabelog ID 13003777
HYK2020-1510	FOD-0235	食べログ	食べログ 百名店	百名店	焼肉	2020	TOKYO	赤坂 らいもん	東京都	https://award.tabelog.com/hyakumeiten/yakiniku_tokyo/2020	46232	店舗照合済	食べログ 焼肉 TOKYO 百名店 2020 / 公式掲載順 5/100 / Tabelog ID 13224635
HYK2020-1511	FOD-2301	食べログ	食べログ 百名店	百名店	焼肉	2020	TOKYO	たん清	東京都	https://award.tabelog.com/hyakumeiten/yakiniku_tokyo/2020	46232	店舗照合済	食べログ 焼肉 TOKYO 百名店 2020 / 公式掲載順 6/100 / Tabelog ID 13000384
HYK2020-1512	FOD-2302	食べログ	食べログ 百名店	百名店	焼肉	2020	TOKYO	炭火焼肉 牛和鹿 本店	東京都	https://award.tabelog.com/hyakumeiten/yakiniku_tokyo/2020	46232	店舗照合済	食べログ 焼肉 TOKYO 百名店 2020 / 公式掲載順 7/100 / Tabelog ID 13038809
HYK2020-1513	FOD-2303	食べログ	食べログ 百名店	百名店	焼肉	2020	TOKYO	焼肉くにもと 本店	東京都	https://award.tabelog.com/hyakumeiten/yakiniku_tokyo/2020	46232	店舗照合済	食べログ 焼肉 TOKYO 百名店 2020 / 公式掲載順 8/100 / Tabelog ID 13007842
HYK2020-1514	FOD-2304	食べログ	食べログ 百名店	百名店	焼肉	2020	TOKYO	西麻布けんしろう	東京都	https://award.tabelog.com/hyakumeiten/yakiniku_tokyo/2020	46232	店舗照合済	食べログ 焼肉 TOKYO 百名店 2020 / 公式掲載順 9/100 / Tabelog ID 13184885
HYK2020-1515	FOD-2305	食べログ	食べログ 百名店	百名店	焼肉	2020	TOKYO	日本橋イタダキ	東京都	https://award.tabelog.com/hyakumeiten/yakiniku_tokyo/2020	46232	店舗照合済	食べログ 焼肉 TOKYO 百名店 2020 / 公式掲載順 10/100 / Tabelog ID 13022343
HYK2020-1516	FOD-2306	食べログ	食べログ 百名店	百名店	焼肉	2020	TOKYO	かるびあ～の	東京都	https://award.tabelog.com/hyakumeiten/yakiniku_tokyo/2020	46232	店舗照合済	食べログ 焼肉 TOKYO 百名店 2020 / 公式掲載順 11/100 / Tabelog ID 13026295
HYK2020-1517	FOD-0751	食べログ	食べログ 百名店	百名店	焼肉	2020	TOKYO	焼肉 ジャンボ 篠崎本店	東京都	https://award.tabelog.com/hyakumeiten/yakiniku_tokyo/2020	46232	店舗照合済	食べログ 焼肉 TOKYO 百名店 2020 / 公式掲載順 12/100 / Tabelog ID 13003075
HYK2020-1518	FOD-2307	食べログ	食べログ 百名店	百名店	焼肉	2020	TOKYO	焼肉 静龍苑	東京都	https://award.tabelog.com/hyakumeiten/yakiniku_tokyo/2020	46232	店舗照合済	食べログ 焼肉 TOKYO 百名店 2020 / 公式掲載順 13/100 / Tabelog ID 13237978
HYK2020-1519	FOD-0387	食べログ	食べログ 百名店	百名店	焼肉	2020	TOKYO	USHIGORO S. NISHIAZABU	東京都	https://award.tabelog.com/hyakumeiten/yakiniku_tokyo/2020	46232	店舗照合済	食べログ 焼肉 TOKYO 百名店 2020 / 公式掲載順 14/100 / Tabelog ID 13209611
HYK2020-1520	FOD-0750	食べログ	食べログ 百名店	百名店	焼肉	2020	TOKYO	焼肉 銀座コバウ	東京都	https://award.tabelog.com/hyakumeiten/yakiniku_tokyo/2020	46232	店舗照合済	食べログ 焼肉 TOKYO 百名店 2020 / 公式掲載順 15/100 / Tabelog ID 13005008
HYK2020-1521	FOD-2308	食べログ	食べログ 百名店	百名店	焼肉	2020	TOKYO	銀座 王十里	東京都	https://award.tabelog.com/hyakumeiten/yakiniku_tokyo/2020	46232	店舗照合済	食べログ 焼肉 TOKYO 百名店 2020 / 公式掲載順 16/100 / Tabelog ID 13002283
HYK2020-1522	FOD-2309	食べログ	食べログ 百名店	百名店	焼肉	2020	TOKYO	焼肉芝浦 三宿店	東京都	https://award.tabelog.com/hyakumeiten/yakiniku_tokyo/2020	46232	店舗照合済	食べログ 焼肉 TOKYO 百名店 2020 / 公式掲載順 17/100 / Tabelog ID 13118245
HYK2020-1523	FOD-2310	食べログ	食べログ 百名店	百名店	焼肉	2020	TOKYO	焼肉五鉄 八丁堀本店	東京都	https://award.tabelog.com/hyakumeiten/yakiniku_tokyo/2020	46232	店舗照合済	食べログ 焼肉 TOKYO 百名店 2020 / 公式掲載順 18/100 / Tabelog ID 13002399
HYK2020-1524	FOD-2311	食べログ	食べログ 百名店	百名店	焼肉	2020	TOKYO	天空焼肉 星遊山	東京都	https://award.tabelog.com/hyakumeiten/yakiniku_tokyo/2020	46232	店舗照合済	食べログ 焼肉 TOKYO 百名店 2020 / 公式掲載順 19/100 / Tabelog ID 13002530
HYK2020-1525	FOD-2312	食べログ	食べログ 百名店	百名店	焼肉	2020	TOKYO	焼肉うしごろ 西麻布本店	東京都	https://award.tabelog.com/hyakumeiten/yakiniku_tokyo/2020	46232	店舗照合済	食べログ 焼肉 TOKYO 百名店 2020 / 公式掲載順 20/100 / Tabelog ID 13124592
HYK2020-1526	FOD-2313	食べログ	食べログ 百名店	百名店	焼肉	2020	TOKYO	赤坂 みすじ	東京都	https://award.tabelog.com/hyakumeiten/yakiniku_tokyo/2020	46232	店舗照合済	食べログ 焼肉 TOKYO 百名店 2020 / 公式掲載順 21/100 / Tabelog ID 13114946
HYK2020-1527	FOD-2314	食べログ	食べログ 百名店	百名店	焼肉	2020	TOKYO	大幸園 小宮本店	東京都	https://award.tabelog.com/hyakumeiten/yakiniku_tokyo/2020	46232	店舗照合済	食べログ 焼肉 TOKYO 百名店 2020 / 公式掲載順 22/100 / Tabelog ID 13107594
HYK2020-1528	FOD-2315	食べログ	食べログ 百名店	百名店	焼肉	2020	TOKYO	好ちゃん 飯田橋分家	東京都	https://award.tabelog.com/hyakumeiten/yakiniku_tokyo/2020	46232	店舗照合済	食べログ 焼肉 TOKYO 百名店 2020 / 公式掲載順 23/100 / Tabelog ID 13030762
HYK2020-1529	FOD-2316	食べログ	食べログ 百名店	百名店	焼肉	2020	TOKYO	にくがとう 人形町本店	東京都	https://award.tabelog.com/hyakumeiten/yakiniku_tokyo/2020	46232	店舗照合済	食べログ 焼肉 TOKYO 百名店 2020 / 公式掲載順 24/100 / Tabelog ID 13168436
HYK2020-1530	FOD-2317	食べログ	食べログ 百名店	百名店	焼肉	2020	TOKYO	李朝園 吉祥寺店	東京都	https://award.tabelog.com/hyakumeiten/yakiniku_tokyo/2020	46232	店舗照合済	食べログ 焼肉 TOKYO 百名店 2020 / 公式掲載順 25/100 / Tabelog ID 13005772
HYK2020-1531	FOD-2318	食べログ	食べログ 百名店	百名店	焼肉	2020	TOKYO	焼肉 綾小路	東京都	https://award.tabelog.com/hyakumeiten/yakiniku_tokyo/2020	46232	店舗照合済	食べログ 焼肉 TOKYO 百名店 2020 / 公式掲載順 26/100 / Tabelog ID 13038804
HYK2020-1532	FOD-2319	食べログ	食べログ 百名店	百名店	焼肉	2020	TOKYO	焼肉問屋 牛蔵	東京都	https://award.tabelog.com/hyakumeiten/yakiniku_tokyo/2020	46232	店舗照合済	食べログ 焼肉 TOKYO 百名店 2020 / 公式掲載順 27/100 / Tabelog ID 13008910
HYK2020-1533	FOD-2320	食べログ	食べログ 百名店	百名店	焼肉	2020	TOKYO	ホルモン青木	東京都	https://award.tabelog.com/hyakumeiten/yakiniku_tokyo/2020	46232	店舗照合済	食べログ 焼肉 TOKYO 百名店 2020 / 公式掲載順 28/100 / Tabelog ID 13059962
HYK2020-1534	FOD-2321	食べログ	食べログ 百名店	百名店	焼肉	2020	TOKYO	ら・ぼうふ 用賀本店	東京都	https://award.tabelog.com/hyakumeiten/yakiniku_tokyo/2020	46232	店舗照合済	食べログ 焼肉 TOKYO 百名店 2020 / 公式掲載順 29/100 / Tabelog ID 13005123
HYK2020-1535	FOD-2322	食べログ	食べログ 百名店	百名店	焼肉	2020	TOKYO	正泰苑 新橋店	東京都	https://award.tabelog.com/hyakumeiten/yakiniku_tokyo/2020	46232	店舗照合済	食べログ 焼肉 TOKYO 百名店 2020 / 公式掲載順 30/100 / Tabelog ID 13054487
HYK2020-1536	FOD-2323	食べログ	食べログ 百名店	百名店	焼肉	2020	TOKYO	在市 月島本店	東京都	https://award.tabelog.com/hyakumeiten/yakiniku_tokyo/2020	46232	店舗照合済	食べログ 焼肉 TOKYO 百名店 2020 / 公式掲載順 31/100 / Tabelog ID 13095398
HYK2020-1537	FOD-2324	食べログ	食べログ 百名店	百名店	焼肉	2020	TOKYO	炭火焼肉 あもん	東京都	https://award.tabelog.com/hyakumeiten/yakiniku_tokyo/2020	46232	店舗照合済	食べログ 焼肉 TOKYO 百名店 2020 / 公式掲載順 32/100 / Tabelog ID 13019476
HYK2020-1538	FOD-0466	食べログ	食べログ 百名店	百名店	焼肉	2020	TOKYO	SATOブリアン にごう	東京都	https://award.tabelog.com/hyakumeiten/yakiniku_tokyo/2020	46232	店舗照合済	食べログ 焼肉 TOKYO 百名店 2020 / 公式掲載順 33/100 / Tabelog ID 13159782
HYK2020-1539	FOD-2325	食べログ	食べログ 百名店	百名店	焼肉	2020	TOKYO	焼肉 凛	東京都	https://award.tabelog.com/hyakumeiten/yakiniku_tokyo/2020	46232	店舗照合済	食べログ 焼肉 TOKYO 百名店 2020 / 公式掲載順 34/100 / Tabelog ID 13002240
HYK2020-1540	FOD-2326	食べログ	食べログ 百名店	百名店	焼肉	2020	TOKYO	焼肉 ジャンボ 白金	東京都	https://award.tabelog.com/hyakumeiten/yakiniku_tokyo/2020	46232	店舗照合済	食べログ 焼肉 TOKYO 百名店 2020 / 公式掲載順 35/100 / Tabelog ID 13026377
HYK2020-1541	FOD-0749	食べログ	食べログ 百名店	百名店	焼肉	2020	TOKYO	焼肉うしごろ 銀座店	東京都	https://award.tabelog.com/hyakumeiten/yakiniku_tokyo/2020	46232	店舗照合済	食べログ 焼肉 TOKYO 百名店 2020 / 公式掲載順 36/100 / Tabelog ID 13167325
HYK2020-1542	FOD-0329	食べログ	食べログ 百名店	百名店	焼肉	2020	TOKYO	よろにく	東京都	https://award.tabelog.com/hyakumeiten/yakiniku_tokyo/2020	46232	店舗照合済	食べログ 焼肉 TOKYO 百名店 2020 / 公式掲載順 37/100 / Tabelog ID 13042979
HYK2020-1543	FOD-2327	食べログ	食べログ 百名店	百名店	焼肉	2020	TOKYO	和牛焼肉KIM 白金本店	東京都	https://award.tabelog.com/hyakumeiten/yakiniku_tokyo/2020	46232	店舗照合済	食べログ 焼肉 TOKYO 百名店 2020 / 公式掲載順 38/100 / Tabelog ID 13110222
HYK2020-1544	FOD-2328	食べログ	食べログ 百名店	百名店	焼肉	2020	TOKYO	赤坂大関 本店	東京都	https://award.tabelog.com/hyakumeiten/yakiniku_tokyo/2020	46232	店舗照合済	食べログ 焼肉 TOKYO 百名店 2020 / 公式掲載順 39/100 / Tabelog ID 13015197
HYK2020-1545	FOD-0748	食べログ	食べログ 百名店	百名店	焼肉	2020	TOKYO	焼肉うしごろ 銀座並木通り店	東京都	https://award.tabelog.com/hyakumeiten/yakiniku_tokyo/2020	46232	店舗照合済	食べログ 焼肉 TOKYO 百名店 2020 / 公式掲載順 40/100 / Tabelog ID 13226719
HYK2020-1546	FOD-2329	食べログ	食べログ 百名店	百名店	焼肉	2020	TOKYO	飛騨牛一頭家 馬喰一代 銀座	東京都	https://award.tabelog.com/hyakumeiten/yakiniku_tokyo/2020	46232	店舗照合済	食べログ 焼肉 TOKYO 百名店 2020 / 公式掲載順 41/100 / Tabelog ID 13104436
HYK2020-1547	FOD-2330	食べログ	食べログ 百名店	百名店	焼肉	2020	TOKYO	おやじ	東京都	https://award.tabelog.com/hyakumeiten/yakiniku_tokyo/2020	46232	店舗照合済	食べログ 焼肉 TOKYO 百名店 2020 / 公式掲載順 42/100 / Tabelog ID 13042753
HYK2020-1548	FOD-2331	食べログ	食べログ 百名店	百名店	焼肉	2020	TOKYO	焼肉 稲田	東京都	https://award.tabelog.com/hyakumeiten/yakiniku_tokyo/2020	46232	店舗照合済	食べログ 焼肉 TOKYO 百名店 2020 / 公式掲載順 43/100 / Tabelog ID 13049914
HYK2020-1549	FOD-0681	食べログ	食べログ 百名店	百名店	焼肉	2020	TOKYO	生粋	東京都	https://award.tabelog.com/hyakumeiten/yakiniku_tokyo/2020	46232	店舗照合済	食べログ 焼肉 TOKYO 百名店 2020 / 公式掲載順 44/100 / Tabelog ID 13165294
HYK2020-1550	FOD-0618	食べログ	食べログ 百名店	百名店	焼肉	2020	TOKYO	炭火焼肉 なかはら	東京都	https://award.tabelog.com/hyakumeiten/yakiniku_tokyo/2020	46232	店舗照合済	食べログ 焼肉 TOKYO 百名店 2020 / 公式掲載順 45/100 / Tabelog ID 13175110
HYK2020-1551	FOD-2332	食べログ	食べログ 百名店	百名店	焼肉	2020	TOKYO	焼肉 名門	東京都	https://award.tabelog.com/hyakumeiten/yakiniku_tokyo/2020	46232	店舗照合済	食べログ 焼肉 TOKYO 百名店 2020 / 公式掲載順 46/100 / Tabelog ID 13006823
HYK2020-1552	FOD-2333	食べログ	食べログ 百名店	百名店	焼肉	2020	TOKYO	ホルモン道場闇市倶楽部 目黒店	東京都	https://award.tabelog.com/hyakumeiten/yakiniku_tokyo/2020	46232	店舗照合済	食べログ 焼肉 TOKYO 百名店 2020 / 公式掲載順 47/100 / Tabelog ID 13002038
HYK2020-1553	FOD-0386	食べログ	食べログ 百名店	百名店	焼肉	2020	TOKYO	USHIGORO S. GINZA	東京都	https://award.tabelog.com/hyakumeiten/yakiniku_tokyo/2020	46232	店舗照合済	食べログ 焼肉 TOKYO 百名店 2020 / 公式掲載順 48/100 / Tabelog ID 13222093
HYK2020-1554	FOD-2334	食べログ	食べログ 百名店	百名店	焼肉	2020	TOKYO	焼肉くにもと 新館	東京都	https://award.tabelog.com/hyakumeiten/yakiniku_tokyo/2020	46232	店舗照合済	食べログ 焼肉 TOKYO 百名店 2020 / 公式掲載順 49/100 / Tabelog ID 13035852
HYK2020-1555	FOD-2335	食べログ	食べログ 百名店	百名店	焼肉	2020	TOKYO	韓灯	東京都	https://award.tabelog.com/hyakumeiten/yakiniku_tokyo/2020	46232	店舗照合済	食べログ 焼肉 TOKYO 百名店 2020 / 公式掲載順 50/100 / Tabelog ID 13019721
HYK2020-1556	FOD-0245	食べログ	食べログ 百名店	百名店	焼肉	2020	TOKYO	蕃 YORONIKU	東京都	https://award.tabelog.com/hyakumeiten/yakiniku_tokyo/2020	46232	店舗照合済	食べログ 焼肉 TOKYO 百名店 2020 / 公式掲載順 51/100 / Tabelog ID 13211927
HYK2020-1557	FOD-0752	食べログ	食べログ 百名店	百名店	焼肉	2020	TOKYO	焼肉 ジャンボ 本郷店	東京都	https://award.tabelog.com/hyakumeiten/yakiniku_tokyo/2020	46232	店舗照合済	食べログ 焼肉 TOKYO 百名店 2020 / 公式掲載順 52/100 / Tabelog ID 13110601
HYK2020-1558	FOD-2336	食べログ	食べログ 百名店	百名店	焼肉	2020	TOKYO	焼肉 うしみつ一門 目黒店	東京都	https://award.tabelog.com/hyakumeiten/yakiniku_tokyo/2020	46232	店舗照合済	食べログ 焼肉 TOKYO 百名店 2020 / 公式掲載順 53/100 / Tabelog ID 13208975
HYK2020-1559	FOD-0549	食べログ	食べログ 百名店	百名店	焼肉	2020	TOKYO	SATOブリアン さんごう	東京都	https://award.tabelog.com/hyakumeiten/yakiniku_tokyo/2020	46232	店舗照合済	食べログ 焼肉 TOKYO 百名店 2020 / 公式掲載順 54/100 / Tabelog ID 13223460
HYK2020-1560	FOD-2337	食べログ	食べログ 百名店	百名店	焼肉	2020	TOKYO	游玄亭 西麻布本館	東京都	https://award.tabelog.com/hyakumeiten/yakiniku_tokyo/2020	46232	店舗照合済	食べログ 焼肉 TOKYO 百名店 2020 / 公式掲載順 55/100 / Tabelog ID 13003488
HYK2020-1561	FOD-2338	食べログ	食べログ 百名店	百名店	焼肉	2020	TOKYO	誇味山	東京都	https://award.tabelog.com/hyakumeiten/yakiniku_tokyo/2020	46232	店舗照合済	食べログ 焼肉 TOKYO 百名店 2020 / 公式掲載順 56/100 / Tabelog ID 13230924
HYK2020-1562	FOD-2339	食べログ	食べログ 百名店	百名店	焼肉	2020	TOKYO	恵比寿焼肉　kintan	東京都	https://award.tabelog.com/hyakumeiten/yakiniku_tokyo/2020	46232	店舗照合済	食べログ 焼肉 TOKYO 百名店 2020 / 公式掲載順 57/100 / Tabelog ID 13157343
HYK2020-1563	FOD-2340	食べログ	食べログ 百名店	百名店	焼肉	2020	TOKYO	焼肉 芝浦 駒沢本店	東京都	https://award.tabelog.com/hyakumeiten/yakiniku_tokyo/2020	46232	店舗照合済	食べログ 焼肉 TOKYO 百名店 2020 / 公式掲載順 58/100 / Tabelog ID 13045307
HYK2020-1564	FOD-2341	食べログ	食べログ 百名店	百名店	焼肉	2020	TOKYO	焼肉 うしみつ 恵比寿本店	東京都	https://award.tabelog.com/hyakumeiten/yakiniku_tokyo/2020	46232	店舗照合済	食べログ 焼肉 TOKYO 百名店 2020 / 公式掲載順 59/100 / Tabelog ID 13204541
HYK2020-1565	FOD-2342	食べログ	食べログ 百名店	百名店	焼肉	2020	TOKYO	マルタケ	東京都	https://award.tabelog.com/hyakumeiten/yakiniku_tokyo/2020	46232	店舗照合済	食べログ 焼肉 TOKYO 百名店 2020 / 公式掲載順 60/100 / Tabelog ID 13009120
HYK2020-1566	FOD-2343	食べログ	食べログ 百名店	百名店	焼肉	2020	TOKYO	焼肉 大貫	東京都	https://award.tabelog.com/hyakumeiten/yakiniku_tokyo/2020	46232	店舗照合済	食べログ 焼肉 TOKYO 百名店 2020 / 公式掲載順 61/100 / Tabelog ID 13191277
HYK2020-1567	FOD-0385	食べログ	食べログ 百名店	百名店	焼肉	2020	TOKYO	焼肉 鶯谷園	東京都	https://award.tabelog.com/hyakumeiten/yakiniku_tokyo/2020	46232	店舗照合済	食べログ 焼肉 TOKYO 百名店 2020 / 公式掲載順 62/100 / Tabelog ID 13012243
HYK2020-1568	FOD-2344	食べログ	食べログ 百名店	百名店	焼肉	2020	TOKYO	東京苑 祐天寺	東京都	https://award.tabelog.com/hyakumeiten/yakiniku_tokyo/2020	46232	店舗照合済	食べログ 焼肉 TOKYO 百名店 2020 / 公式掲載順 63/100 / Tabelog ID 13059296
HYK2020-1569	FOD-2345	食べログ	食べログ 百名店	百名店	焼肉	2020	TOKYO	うし松	東京都	https://award.tabelog.com/hyakumeiten/yakiniku_tokyo/2020	46232	店舗照合済	食べログ 焼肉 TOKYO 百名店 2020 / 公式掲載順 64/100 / Tabelog ID 13242515
HYK2020-1570	FOD-2346	食べログ	食べログ 百名店	百名店	焼肉	2020	TOKYO	ホルモン船　ホールちゃん	東京都	https://award.tabelog.com/hyakumeiten/yakiniku_tokyo/2020	46232	店舗照合済	食べログ 焼肉 TOKYO 百名店 2020 / 公式掲載順 65/100 / Tabelog ID 13113717
HYK2020-1571	FOD-2347	食べログ	食べログ 百名店	百名店	焼肉	2020	TOKYO	焼肉ヒロミヤ 本店	東京都	https://award.tabelog.com/hyakumeiten/yakiniku_tokyo/2020	46232	店舗照合済	食べログ 焼肉 TOKYO 百名店 2020 / 公式掲載順 66/100 / Tabelog ID 13177366
HYK2020-1572	FOD-2348	食べログ	食べログ 百名店	百名店	焼肉	2020	TOKYO	ぴょんぴょん舎  GINZA UNA	東京都	https://award.tabelog.com/hyakumeiten/yakiniku_tokyo/2020	46232	店舗照合済	食べログ 焼肉 TOKYO 百名店 2020 / 公式掲載順 67/100 / Tabelog ID 13048942
HYK2020-1573	FOD-2349	食べログ	食べログ 百名店	百名店	焼肉	2020	TOKYO	正泰苑 銀座店	東京都	https://award.tabelog.com/hyakumeiten/yakiniku_tokyo/2020	46232	店舗照合済	食べログ 焼肉 TOKYO 百名店 2020 / 公式掲載順 68/100 / Tabelog ID 13016578
HYK2020-1574	FOD-2350	食べログ	食べログ 百名店	百名店	焼肉	2020	TOKYO	ビーフキッチン 中目黒店	東京都	https://award.tabelog.com/hyakumeiten/yakiniku_tokyo/2020	46232	店舗照合済	食べログ 焼肉 TOKYO 百名店 2020 / 公式掲載順 69/100 / Tabelog ID 13054178
HYK2020-1575	FOD-0617	食べログ	食べログ 百名店	百名店	焼肉	2020	TOKYO	炭火焼 ゆうじ	東京都	https://award.tabelog.com/hyakumeiten/yakiniku_tokyo/2020	46232	店舗照合済	食べログ 焼肉 TOKYO 百名店 2020 / 公式掲載順 70/100 / Tabelog ID 13001794
HYK2020-1576	FOD-0325	食べログ	食べログ 百名店	百名店	焼肉	2020	TOKYO	焼肉 ジャンボ はなれ	東京都	https://award.tabelog.com/hyakumeiten/yakiniku_tokyo/2020	46232	店舗照合済	食べログ 焼肉 TOKYO 百名店 2020 / 公式掲載順 71/100 / Tabelog ID 13160962
HYK2020-1577	FOD-2351	食べログ	食べログ 百名店	百名店	焼肉	2020	TOKYO	肉のすずき	東京都	https://award.tabelog.com/hyakumeiten/yakiniku_tokyo/2020	46232	店舗照合済	食べログ 焼肉 TOKYO 百名店 2020 / 公式掲載順 72/100 / Tabelog ID 13057827
HYK2020-1578	FOD-2352	食べログ	食べログ 百名店	百名店	焼肉	2020	TOKYO	神泉ホルモン 三百屋	東京都	https://award.tabelog.com/hyakumeiten/yakiniku_tokyo/2020	46232	店舗照合済	食べログ 焼肉 TOKYO 百名店 2020 / 公式掲載順 73/100 / Tabelog ID 13024281
HYK2020-1579	FOD-2353	食べログ	食べログ 百名店	百名店	焼肉	2020	TOKYO	本牧亭。	東京都	https://award.tabelog.com/hyakumeiten/yakiniku_tokyo/2020	46232	店舗照合済	食べログ 焼肉 TOKYO 百名店 2020 / 公式掲載順 74/100 / Tabelog ID 13010448
HYK2020-1580	FOD-2354	食べログ	食べログ 百名店	百名店	焼肉	2020	TOKYO	東京園	東京都	https://award.tabelog.com/hyakumeiten/yakiniku_tokyo/2020	46232	店舗照合済	食べログ 焼肉 TOKYO 百名店 2020 / 公式掲載順 75/100 / Tabelog ID 13002566
HYK2020-1581	FOD-2355	食べログ	食べログ 百名店	百名店	焼肉	2020	TOKYO	正泰苑 芝大門店	東京都	https://award.tabelog.com/hyakumeiten/yakiniku_tokyo/2020	46232	店舗照合済	食べログ 焼肉 TOKYO 百名店 2020 / 公式掲載順 76/100 / Tabelog ID 13005213
HYK2020-1582	FOD-2356	食べログ	食べログ 百名店	百名店	焼肉	2020	TOKYO	焼肉 ぽんが 目黒本店	東京都	https://award.tabelog.com/hyakumeiten/yakiniku_tokyo/2020	46232	店舗照合済	食べログ 焼肉 TOKYO 百名店 2020 / 公式掲載順 77/100 / Tabelog ID 13136905
HYK2020-1583	FOD-0472	食べログ	食べログ 百名店	百名店	焼肉	2020	TOKYO	炭焼 金竜山	東京都	https://award.tabelog.com/hyakumeiten/yakiniku_tokyo/2020	46232	店舗照合済	食べログ 焼肉 TOKYO 百名店 2020 / 公式掲載順 78/100 / Tabelog ID 13001625
HYK2020-1584	FOD-2357	食べログ	食べログ 百名店	百名店	焼肉	2020	TOKYO	牛和鹿 六本木店	東京都	https://award.tabelog.com/hyakumeiten/yakiniku_tokyo/2020	46232	店舗照合済	食べログ 焼肉 TOKYO 百名店 2020 / 公式掲載順 79/100 / Tabelog ID 13104930
HYK2020-1585	FOD-2358	食べログ	食べログ 百名店	百名店	焼肉	2020	TOKYO	きらく亭	東京都	https://award.tabelog.com/hyakumeiten/yakiniku_tokyo/2020	46232	店舗照合済	食べログ 焼肉 TOKYO 百名店 2020 / 公式掲載順 80/100 / Tabelog ID 13007145
HYK2020-1586	FOD-2359	食べログ	食べログ 百名店	百名店	焼肉	2020	TOKYO	本とさや	東京都	https://award.tabelog.com/hyakumeiten/yakiniku_tokyo/2020	46232	店舗照合済	食べログ 焼肉 TOKYO 百名店 2020 / 公式掲載順 81/100 / Tabelog ID 13003711
HYK2020-1587	FOD-2360	食べログ	食べログ 百名店	百名店	焼肉	2020	TOKYO	代官山 焼肉かねこ	東京都	https://award.tabelog.com/hyakumeiten/yakiniku_tokyo/2020	46232	店舗照合済	食べログ 焼肉 TOKYO 百名店 2020 / 公式掲載順 82/100 / Tabelog ID 13178613
HYK2020-1588	FOD-0548	食べログ	食べログ 百名店	百名店	焼肉	2020	TOKYO	SATOブリアン 本店	東京都	https://award.tabelog.com/hyakumeiten/yakiniku_tokyo/2020	46232	店舗照合済	食べログ 焼肉 TOKYO 百名店 2020 / 公式掲載順 83/100 / Tabelog ID 13127046
HYK2020-1589	FOD-2361	食べログ	食べログ 百名店	百名店	焼肉	2020	TOKYO	焼肉酒家 傳々 本店	東京都	https://award.tabelog.com/hyakumeiten/yakiniku_tokyo/2020	46232	店舗照合済	食べログ 焼肉 TOKYO 百名店 2020 / 公式掲載順 84/100 / Tabelog ID 13022287
HYK2020-1590	FOD-2362	食べログ	食べログ 百名店	百名店	焼肉	2020	TOKYO	亀戸ホルモン 恵比寿店	東京都	https://award.tabelog.com/hyakumeiten/yakiniku_tokyo/2020	46232	店舗照合済	食べログ 焼肉 TOKYO 百名店 2020 / 公式掲載順 85/100 / Tabelog ID 13041990
HYK2020-1591	FOD-2363	食べログ	食べログ 百名店	百名店	焼肉	2020	TOKYO	炭火焼肉 ふちおか	東京都	https://award.tabelog.com/hyakumeiten/yakiniku_tokyo/2020	46232	店舗照合済	食べログ 焼肉 TOKYO 百名店 2020 / 公式掲載順 86/100 / Tabelog ID 13208137
HYK2020-1592	FOD-2364	食べログ	食べログ 百名店	百名店	焼肉	2020	TOKYO	肉匠堀越	東京都	https://award.tabelog.com/hyakumeiten/yakiniku_tokyo/2020	46232	店舗照合済	食べログ 焼肉 TOKYO 百名店 2020 / 公式掲載順 87/100 / Tabelog ID 13183716
HYK2020-1593	FOD-2365	食べログ	食べログ 百名店	百名店	焼肉	2020	TOKYO	びーふてい 中目黒店	東京都	https://award.tabelog.com/hyakumeiten/yakiniku_tokyo/2020	46232	店舗照合済	食べログ 焼肉 TOKYO 百名店 2020 / 公式掲載順 88/100 / Tabelog ID 13003237
HYK2020-1594	FOD-2366	食べログ	食べログ 百名店	百名店	焼肉	2020	TOKYO	うしごろ 貫 恵比寿本店	東京都	https://award.tabelog.com/hyakumeiten/yakiniku_tokyo/2020	46232	店舗照合済	食べログ 焼肉 TOKYO 百名店 2020 / 公式掲載順 89/100 / Tabelog ID 13160330
HYK2020-1595	FOD-2367	食べログ	食べログ 百名店	百名店	焼肉	2020	TOKYO	黒牛	東京都	https://award.tabelog.com/hyakumeiten/yakiniku_tokyo/2020	46232	店舗照合済	食べログ 焼肉 TOKYO 百名店 2020 / 公式掲載順 90/100 / Tabelog ID 13045232
HYK2020-1596	FOD-2368	食べログ	食べログ 百名店	百名店	焼肉	2020	TOKYO	焼肉 京城 北千住店	東京都	https://award.tabelog.com/hyakumeiten/yakiniku_tokyo/2020	46232	店舗照合済	食べログ 焼肉 TOKYO 百名店 2020 / 公式掲載順 91/100 / Tabelog ID 13003740
HYK2020-1597	FOD-2369	食べログ	食べログ 百名店	百名店	焼肉	2020	TOKYO	みやび 六本木店	東京都	https://award.tabelog.com/hyakumeiten/yakiniku_tokyo/2020	46232	店舗照合済	食べログ 焼肉 TOKYO 百名店 2020 / 公式掲載順 92/100 / Tabelog ID 13095890
HYK2020-1598	FOD-2370	食べログ	食べログ 百名店	百名店	焼肉	2020	TOKYO	ホルモンまさる	東京都	https://award.tabelog.com/hyakumeiten/yakiniku_tokyo/2020	46232	店舗照合済	食べログ 焼肉 TOKYO 百名店 2020 / 公式掲載順 93/100 / Tabelog ID 13150755
HYK2020-1599	FOD-2371	食べログ	食べログ 百名店	百名店	焼肉	2020	TOKYO	亀戸ホルモン 本店	東京都	https://award.tabelog.com/hyakumeiten/yakiniku_tokyo/2020	46232	店舗照合済	食べログ 焼肉 TOKYO 百名店 2020 / 公式掲載順 94/100 / Tabelog ID 13008099
HYK2020-1600	FOD-2372	食べログ	食べログ 百名店	百名店	焼肉	2020	TOKYO	羅生門 四谷本店	東京都	https://award.tabelog.com/hyakumeiten/yakiniku_tokyo/2020	46232	店舗照合済	食べログ 焼肉 TOKYO 百名店 2020 / 公式掲載順 95/100 / Tabelog ID 13000973
HYK2020-1601	FOD-2373	食べログ	食べログ 百名店	百名店	焼肉	2020	TOKYO	うしごろバンビーナ 恵比寿本店	東京都	https://award.tabelog.com/hyakumeiten/yakiniku_tokyo/2020	46232	店舗照合済	食べログ 焼肉 TOKYO 百名店 2020 / 公式掲載順 96/100 / Tabelog ID 13144971
HYK2020-1602	FOD-2374	食べログ	食べログ 百名店	百名店	焼肉	2020	TOKYO	三幸園	東京都	https://award.tabelog.com/hyakumeiten/yakiniku_tokyo/2020	46232	店舗照合済	食べログ 焼肉 TOKYO 百名店 2020 / 公式掲載順 97/100 / Tabelog ID 13002823
HYK2020-1603	FOD-2375	食べログ	食べログ 百名店	百名店	焼肉	2020	TOKYO	焼肉しみず	東京都	https://award.tabelog.com/hyakumeiten/yakiniku_tokyo/2020	46232	店舗照合済	食べログ 焼肉 TOKYO 百名店 2020 / 公式掲載順 98/100 / Tabelog ID 13096548
HYK2020-1604	FOD-0551	食べログ	食べログ 百名店	百名店	焼肉	2020	TOKYO	サトブリDA	東京都	https://award.tabelog.com/hyakumeiten/yakiniku_tokyo/2020	46232	店舗照合済	食べログ 焼肉 TOKYO 百名店 2020 / 公式掲載順 99/100 / Tabelog ID 13216529
HYK2020-1605	FOD-2376	食べログ	食べログ 百名店	百名店	焼肉	2020	TOKYO	焼肉 矢澤 東京	東京都	https://award.tabelog.com/hyakumeiten/yakiniku_tokyo/2020	46232	店舗照合済	食べログ 焼肉 TOKYO 百名店 2020 / 公式掲載順 100/100 / Tabelog ID 13168322
HYK2020-1606	FOD-2377	食べログ	食べログ 百名店	百名店	焼肉	2020	EAST	四条ホルモン	北海道	https://award.tabelog.com/hyakumeiten/yakiniku_east/2020	46232	店舗照合済	食べログ 焼肉 EAST 百名店 2020 / 公式掲載順 1/100 / Tabelog ID 1004371
HYK2020-1607	FOD-2378	食べログ	食べログ 百名店	百名店	焼肉	2020	EAST	和牛焼肉じろうや　介 wagyu&sake 名古屋駅前本店	愛知県	https://award.tabelog.com/hyakumeiten/yakiniku_east/2020	46232	店舗照合済	食べログ 焼肉 EAST 百名店 2020 / 公式掲載順 2/100 / Tabelog ID 23056573
HYK2020-1608	FOD-2379	食べログ	食べログ 百名店	百名店	焼肉	2020	EAST	綾屋	北海道	https://award.tabelog.com/hyakumeiten/yakiniku_east/2020	46232	店舗照合済	食べログ 焼肉 EAST 百名店 2020 / 公式掲載順 3/100 / Tabelog ID 1033027
HYK2020-1609	FOD-2380	食べログ	食べログ 百名店	百名店	焼肉	2020	EAST	やきにく藤太	岐阜県	https://award.tabelog.com/hyakumeiten/yakiniku_east/2020	46232	店舗照合済	食べログ 焼肉 EAST 百名店 2020 / 公式掲載順 4/100 / Tabelog ID 21000671
HYK2020-1610	FOD-2381	食べログ	食べログ 百名店	百名店	焼肉	2020	EAST	焼肉 大河	愛知県	https://award.tabelog.com/hyakumeiten/yakiniku_east/2020	46232	店舗照合済	食べログ 焼肉 EAST 百名店 2020 / 公式掲載順 5/100 / Tabelog ID 23046007
HYK2020-1611	FOD-2382	食べログ	食べログ 百名店	百名店	焼肉	2020	EAST	杏樹亭 岸根店	神奈川県	https://award.tabelog.com/hyakumeiten/yakiniku_east/2020	46232	店舗照合済	食べログ 焼肉 EAST 百名店 2020 / 公式掲載順 6/100 / Tabelog ID 14011715
HYK2020-1612	FOD-2383	食べログ	食べログ 百名店	百名店	焼肉	2020	EAST	ヒロ ナゴヤ	愛知県	https://award.tabelog.com/hyakumeiten/yakiniku_east/2020	46232	店舗照合済	食べログ 焼肉 EAST 百名店 2020 / 公式掲載順 7/100 / Tabelog ID 23059055
HYK2020-1613	FOD-2384	食べログ	食べログ 百名店	百名店	焼肉	2020	EAST	はつかの	静岡県	https://award.tabelog.com/hyakumeiten/yakiniku_east/2020	46232	店舗照合済	食べログ 焼肉 EAST 百名店 2020 / 公式掲載順 8/100 / Tabelog ID 22003671
HYK2020-1614	FOD-2385	食べログ	食べログ 百名店	百名店	焼肉	2020	EAST	炭火焼肉徳重	愛知県	https://award.tabelog.com/hyakumeiten/yakiniku_east/2020	46232	店舗照合済	食べログ 焼肉 EAST 百名店 2020 / 公式掲載順 9/100 / Tabelog ID 23012381
HYK2020-1615	FOD-2386	食べログ	食べログ 百名店	百名店	焼肉	2020	EAST	焼肉旬やさい ファンボギ	岐阜県	https://award.tabelog.com/hyakumeiten/yakiniku_east/2020	46232	店舗照合済	食べログ 焼肉 EAST 百名店 2020 / 公式掲載順 10/100 / Tabelog ID 21009615
HYK2020-1616	FOD-2387	食べログ	食べログ 百名店	百名店	焼肉	2020	EAST	北京	神奈川県	https://award.tabelog.com/hyakumeiten/yakiniku_east/2020	46232	店舗照合済	食べログ 焼肉 EAST 百名店 2020 / 公式掲載順 11/100 / Tabelog ID 14001578
HYK2020-1617	FOD-2388	食べログ	食べログ 百名店	百名店	焼肉	2020	EAST	備長炭焼肉としゃぶしゃぶ 仔虎 国分町店	宮城県	https://award.tabelog.com/hyakumeiten/yakiniku_east/2020	46232	店舗照合済	食べログ 焼肉 EAST 百名店 2020 / 公式掲載順 12/100 / Tabelog ID 4013542
HYK2020-1618	FOD-2389	食べログ	食べログ 百名店	百名店	焼肉	2020	EAST	牛亭	愛知県	https://award.tabelog.com/hyakumeiten/yakiniku_east/2020	46232	店舗照合済	食べログ 焼肉 EAST 百名店 2020 / 公式掲載順 13/100 / Tabelog ID 23012215
HYK2020-1619	FOD-2390	食べログ	食べログ 百名店	百名店	焼肉	2020	EAST	昇家 池下向陽荘店	愛知県	https://award.tabelog.com/hyakumeiten/yakiniku_east/2020	46232	店舗照合済	食べログ 焼肉 EAST 百名店 2020 / 公式掲載順 14/100 / Tabelog ID 23005795
HYK2020-1620	FOD-2391	食べログ	食べログ 百名店	百名店	焼肉	2020	EAST	龍園	愛知県	https://award.tabelog.com/hyakumeiten/yakiniku_east/2020	46232	店舗照合済	食べログ 焼肉 EAST 百名店 2020 / 公式掲載順 15/100 / Tabelog ID 23012457
HYK2020-1621	FOD-2392	食べログ	食べログ 百名店	百名店	焼肉	2020	EAST	秋田牛玄亭 駅前本店	秋田県	https://award.tabelog.com/hyakumeiten/yakiniku_east/2020	46232	店舗照合済	食べログ 焼肉 EAST 百名店 2020 / 公式掲載順 16/100 / Tabelog ID 5004372
HYK2020-1622	FOD-2393	食べログ	食べログ 百名店	百名店	焼肉	2020	EAST	大滝	神奈川県	https://award.tabelog.com/hyakumeiten/yakiniku_east/2020	46232	店舗照合済	食べログ 焼肉 EAST 百名店 2020 / 公式掲載順 17/100 / Tabelog ID 14014394
HYK2020-1623	FOD-2394	食べログ	食べログ 百名店	百名店	焼肉	2020	EAST	今久 本店	千葉県	https://award.tabelog.com/hyakumeiten/yakiniku_east/2020	46232	店舗照合済	食べログ 焼肉 EAST 百名店 2020 / 公式掲載順 18/100 / Tabelog ID 12006170
HYK2020-1624	FOD-2395	食べログ	食べログ 百名店	百名店	焼肉	2020	EAST	ビーフキッチン 横浜店	神奈川県	https://award.tabelog.com/hyakumeiten/yakiniku_east/2020	46232	店舗照合済	食べログ 焼肉 EAST 百名店 2020 / 公式掲載順 19/100 / Tabelog ID 14031061
HYK2020-1625	FOD-2396	食べログ	食べログ 百名店	百名店	焼肉	2020	EAST	焼肉 炭こう	群馬県	https://award.tabelog.com/hyakumeiten/yakiniku_east/2020	46232	店舗照合済	食べログ 焼肉 EAST 百名店 2020 / 公式掲載順 20/100 / Tabelog ID 10012132
HYK2020-1626	FOD-2397	食べログ	食べログ 百名店	百名店	焼肉	2020	EAST	焼肉や 大善	愛知県	https://award.tabelog.com/hyakumeiten/yakiniku_east/2020	46232	店舗照合済	食べログ 焼肉 EAST 百名店 2020 / 公式掲載順 21/100 / Tabelog ID 23003688
HYK2020-1627	FOD-2398	食べログ	食べログ 百名店	百名店	焼肉	2020	EAST	焼肉園 花牛 清田本店	北海道	https://award.tabelog.com/hyakumeiten/yakiniku_east/2020	46232	店舗照合済	食べログ 焼肉 EAST 百名店 2020 / 公式掲載順 22/100 / Tabelog ID 1033828
HYK2020-1628	FOD-2399	食べログ	食べログ 百名店	百名店	焼肉	2020	EAST	ぴょんぴょん舎 盛岡駅前店	岩手県	https://award.tabelog.com/hyakumeiten/yakiniku_east/2020	46232	店舗照合済	食べログ 焼肉 EAST 百名店 2020 / 公式掲載順 23/100 / Tabelog ID 3000023
HYK2020-1629	FOD-2400	食べログ	食べログ 百名店	百名店	焼肉	2020	EAST	但馬家幸之助 小淵沢店	山梨県	https://award.tabelog.com/hyakumeiten/yakiniku_east/2020	46232	店舗照合済	食べログ 焼肉 EAST 百名店 2020 / 公式掲載順 24/100 / Tabelog ID 19000066
HYK2020-1630	FOD-2401	食べログ	食べログ 百名店	百名店	焼肉	2020	EAST	新羅館 名東本店	愛知県	https://award.tabelog.com/hyakumeiten/yakiniku_east/2020	46232	店舗照合済	食べログ 焼肉 EAST 百名店 2020 / 公式掲載順 25/100 / Tabelog ID 23000966
HYK2020-1631	FOD-2402	食べログ	食べログ 百名店	百名店	焼肉	2020	EAST	ほるもん猿	秋田県	https://award.tabelog.com/hyakumeiten/yakiniku_east/2020	46232	店舗照合済	食べログ 焼肉 EAST 百名店 2020 / 公式掲載順 26/100 / Tabelog ID 5004381
HYK2020-1632	FOD-2403	食べログ	食べログ 百名店	百名店	焼肉	2020	EAST	さんか亭	北海道	https://award.tabelog.com/hyakumeiten/yakiniku_east/2020	46232	店舗照合済	食べログ 焼肉 EAST 百名店 2020 / 公式掲載順 27/100 / Tabelog ID 1028834
HYK2020-1633	FOD-2404	食べログ	食べログ 百名店	百名店	焼肉	2020	EAST	しげ吉 横浜元町店	神奈川県	https://award.tabelog.com/hyakumeiten/yakiniku_east/2020	46232	店舗照合済	食べログ 焼肉 EAST 百名店 2020 / 公式掲載順 28/100 / Tabelog ID 14014011
HYK2020-1634	FOD-2405	食べログ	食べログ 百名店	百名店	焼肉	2020	EAST	美奈登	愛知県	https://award.tabelog.com/hyakumeiten/yakiniku_east/2020	46232	店舗照合済	食べログ 焼肉 EAST 百名店 2020 / 公式掲載順 29/100 / Tabelog ID 23005752
HYK2020-1635	FOD-2406	食べログ	食べログ 百名店	百名店	焼肉	2020	EAST	食彩和牛 しげ吉 大和本店	神奈川県	https://award.tabelog.com/hyakumeiten/yakiniku_east/2020	46232	店舗照合済	食べログ 焼肉 EAST 百名店 2020 / 公式掲載順 30/100 / Tabelog ID 14003476
HYK2020-1636	FOD-2407	食べログ	食べログ 百名店	百名店	焼肉	2020	EAST	昇家 正々堂	愛知県	https://award.tabelog.com/hyakumeiten/yakiniku_east/2020	46232	店舗照合済	食べログ 焼肉 EAST 百名店 2020 / 公式掲載順 31/100 / Tabelog ID 23007039
HYK2020-1637	FOD-2408	食べログ	食べログ 百名店	百名店	焼肉	2020	EAST	焼肉 東京山	神奈川県	https://award.tabelog.com/hyakumeiten/yakiniku_east/2020	46232	店舗照合済	食べログ 焼肉 EAST 百名店 2020 / 公式掲載順 32/100 / Tabelog ID 14013921
HYK2020-1638	FOD-2409	食べログ	食べログ 百名店	百名店	焼肉	2020	EAST	肉や大善 大名古屋ビルヂング店	愛知県	https://award.tabelog.com/hyakumeiten/yakiniku_east/2020	46232	店舗照合済	食べログ 焼肉 EAST 百名店 2020 / 公式掲載順 33/100 / Tabelog ID 23059322
HYK2020-1639	FOD-2410	食べログ	食べログ 百名店	百名店	焼肉	2020	EAST	昇家 三蔵	愛知県	https://award.tabelog.com/hyakumeiten/yakiniku_east/2020	46232	店舗照合済	食べログ 焼肉 EAST 百名店 2020 / 公式掲載順 34/100 / Tabelog ID 23012280
HYK2020-1640	FOD-2411	食べログ	食べログ 百名店	百名店	焼肉	2020	EAST	馬力屋	愛知県	https://award.tabelog.com/hyakumeiten/yakiniku_east/2020	46232	店舗照合済	食べログ 焼肉 EAST 百名店 2020 / 公式掲載順 35/100 / Tabelog ID 23000645
HYK2020-1641	FOD-2412	食べログ	食べログ 百名店	百名店	焼肉	2020	EAST	桔梗苑 本店	岐阜県	https://award.tabelog.com/hyakumeiten/yakiniku_east/2020	46232	店舗照合済	食べログ 焼肉 EAST 百名店 2020 / 公式掲載順 36/100 / Tabelog ID 21000004
HYK2020-1642	FOD-2413	食べログ	食べログ 百名店	百名店	焼肉	2020	EAST	野毛ホルモンセンター	神奈川県	https://award.tabelog.com/hyakumeiten/yakiniku_east/2020	46232	店舗照合済	食べログ 焼肉 EAST 百名店 2020 / 公式掲載順 37/100 / Tabelog ID 14045993
HYK2020-1643	FOD-2414	食べログ	食べログ 百名店	百名店	焼肉	2020	EAST	ホルモンショウヤ	愛知県	https://award.tabelog.com/hyakumeiten/yakiniku_east/2020	46232	店舗照合済	食べログ 焼肉 EAST 百名店 2020 / 公式掲載順 38/100 / Tabelog ID 23044961
HYK2020-1644	FOD-2415	食べログ	食べログ 百名店	百名店	焼肉	2020	EAST	にくがとう 名古屋店	愛知県	https://award.tabelog.com/hyakumeiten/yakiniku_east/2020	46232	店舗照合済	食べログ 焼肉 EAST 百名店 2020 / 公式掲載順 39/100 / Tabelog ID 23064227
HYK2020-1645	FOD-2416	食べログ	食べログ 百名店	百名店	焼肉	2020	EAST	焼肉みつ星	愛知県	https://award.tabelog.com/hyakumeiten/yakiniku_east/2020	46232	店舗照合済	食べログ 焼肉 EAST 百名店 2020 / 公式掲載順 40/100 / Tabelog ID 23064486
HYK2020-1646	FOD-2417	食べログ	食べログ 百名店	百名店	焼肉	2020	EAST	食道園	岩手県	https://award.tabelog.com/hyakumeiten/yakiniku_east/2020	46232	店舗照合済	食べログ 焼肉 EAST 百名店 2020 / 公式掲載順 41/100 / Tabelog ID 3000025
HYK2020-1647	FOD-2418	食べログ	食べログ 百名店	百名店	焼肉	2020	EAST	肉の匠 将泰庵 はなれ 船橋駅前店	千葉県	https://award.tabelog.com/hyakumeiten/yakiniku_east/2020	46232	店舗照合済	食べログ 焼肉 EAST 百名店 2020 / 公式掲載順 42/100 / Tabelog ID 12032975
HYK2020-1648	FOD-2419	食べログ	食べログ 百名店	百名店	焼肉	2020	EAST	酔笑苑	神奈川県	https://award.tabelog.com/hyakumeiten/yakiniku_east/2020	46232	店舗照合済	食べログ 焼肉 EAST 百名店 2020 / 公式掲載順 43/100 / Tabelog ID 14001796
HYK2020-1649	FOD-2420	食べログ	食べログ 百名店	百名店	焼肉	2020	EAST	ホルモン・焼肉 キムチ	北海道	https://award.tabelog.com/hyakumeiten/yakiniku_east/2020	46232	店舗照合済	食べログ 焼肉 EAST 百名店 2020 / 公式掲載順 44/100 / Tabelog ID 1019191
HYK2020-1650	FOD-2421	食べログ	食べログ 百名店	百名店	焼肉	2020	EAST	竹千代	愛知県	https://award.tabelog.com/hyakumeiten/yakiniku_east/2020	46232	店舗照合済	食べログ 焼肉 EAST 百名店 2020 / 公式掲載順 45/100 / Tabelog ID 23007634
HYK2020-1651	FOD-2422	食べログ	食べログ 百名店	百名店	焼肉	2020	EAST	黒牛の里 半田店	愛知県	https://award.tabelog.com/hyakumeiten/yakiniku_east/2020	46232	店舗照合済	食べログ 焼肉 EAST 百名店 2020 / 公式掲載順 46/100 / Tabelog ID 23002578
HYK2020-1652	FOD-2423	食べログ	食べログ 百名店	百名店	焼肉	2020	EAST	焼肉 グルマンズいとう	北海道	https://award.tabelog.com/hyakumeiten/yakiniku_east/2020	46232	店舗照合済	食べログ 焼肉 EAST 百名店 2020 / 公式掲載順 47/100 / Tabelog ID 1037834
HYK2020-1653	FOD-2424	食べログ	食べログ 百名店	百名店	焼肉	2020	EAST	焼肉　はせ川	神奈川県	https://award.tabelog.com/hyakumeiten/yakiniku_east/2020	46232	店舗照合済	食べログ 焼肉 EAST 百名店 2020 / 公式掲載順 48/100 / Tabelog ID 14033424
HYK2020-1654	FOD-2425	食べログ	食べログ 百名店	百名店	焼肉	2020	EAST	肉の米内	岩手県	https://award.tabelog.com/hyakumeiten/yakiniku_east/2020	46232	店舗照合済	食べログ 焼肉 EAST 百名店 2020 / 公式掲載順 49/100 / Tabelog ID 3000013
HYK2020-1655	FOD-2426	食べログ	食べログ 百名店	百名店	焼肉	2020	EAST	柳橋焼にく わにく	愛知県	https://award.tabelog.com/hyakumeiten/yakiniku_east/2020	46232	店舗照合済	食べログ 焼肉 EAST 百名店 2020 / 公式掲載順 50/100 / Tabelog ID 23067138
HYK2020-1656	FOD-2427	食べログ	食べログ 百名店	百名店	焼肉	2020	EAST	龍園	岩手県	https://award.tabelog.com/hyakumeiten/yakiniku_east/2020	46232	店舗照合済	食べログ 焼肉 EAST 百名店 2020 / 公式掲載順 51/100 / Tabelog ID 3000006
HYK2020-1657	FOD-2428	食べログ	食べログ 百名店	百名店	焼肉	2020	EAST	トトリ 本店	北海道	https://award.tabelog.com/hyakumeiten/yakiniku_east/2020	46232	店舗照合済	食べログ 焼肉 EAST 百名店 2020 / 公式掲載順 52/100 / Tabelog ID 1000023
HYK2020-1658	FOD-2429	食べログ	食べログ 百名店	百名店	焼肉	2020	EAST	髭	岩手県	https://award.tabelog.com/hyakumeiten/yakiniku_east/2020	46232	店舗照合済	食べログ 焼肉 EAST 百名店 2020 / 公式掲載順 53/100 / Tabelog ID 3000011
HYK2020-1659	FOD-2430	食べログ	食べログ 百名店	百名店	焼肉	2020	EAST	焼肉 大衆 本店	神奈川県	https://award.tabelog.com/hyakumeiten/yakiniku_east/2020	46232	店舗照合済	食べログ 焼肉 EAST 百名店 2020 / 公式掲載順 54/100 / Tabelog ID 14000451
HYK2020-1660	FOD-2431	食べログ	食べログ 百名店	百名店	焼肉	2020	EAST	盛楼閣	岩手県	https://award.tabelog.com/hyakumeiten/yakiniku_east/2020	46232	店舗照合済	食べログ 焼肉 EAST 百名店 2020 / 公式掲載順 55/100 / Tabelog ID 3000020
HYK2020-1661	FOD-2432	食べログ	食べログ 百名店	百名店	焼肉	2020	EAST	コサリ	北海道	https://award.tabelog.com/hyakumeiten/yakiniku_east/2020	46232	店舗照合済	食べログ 焼肉 EAST 百名店 2020 / 公式掲載順 56/100 / Tabelog ID 1012297
HYK2020-1662	FOD-2433	食べログ	食べログ 百名店	百名店	焼肉	2020	EAST	肉山 名古屋	愛知県	https://award.tabelog.com/hyakumeiten/yakiniku_east/2020	46232	店舗照合済	食べログ 焼肉 EAST 百名店 2020 / 公式掲載順 57/100 / Tabelog ID 23056995
HYK2020-1663	FOD-2434	食べログ	食べログ 百名店	百名店	焼肉	2020	EAST	焼肉 三水苑 東口店	宮城県	https://award.tabelog.com/hyakumeiten/yakiniku_east/2020	46232	店舗照合済	食べログ 焼肉 EAST 百名店 2020 / 公式掲載順 58/100 / Tabelog ID 4000693
HYK2020-1664	FOD-2435	食べログ	食べログ 百名店	百名店	焼肉	2020	EAST	炭火焼肉 たけのうち 本店	愛知県	https://award.tabelog.com/hyakumeiten/yakiniku_east/2020	46232	店舗照合済	食べログ 焼肉 EAST 百名店 2020 / 公式掲載順 59/100 / Tabelog ID 23008521
HYK2020-1665	FOD-2436	食べログ	食べログ 百名店	百名店	焼肉	2020	EAST	治郎丸 野毛店	神奈川県	https://award.tabelog.com/hyakumeiten/yakiniku_east/2020	46232	店舗照合済	食べログ 焼肉 EAST 百名店 2020 / 公式掲載順 60/100 / Tabelog ID 14057942
HYK2020-1666	FOD-2437	食べログ	食べログ 百名店	百名店	焼肉	2020	EAST	もうもう亭	福島県	https://award.tabelog.com/hyakumeiten/yakiniku_east/2020	46232	店舗照合済	食べログ 焼肉 EAST 百名店 2020 / 公式掲載順 61/100 / Tabelog ID 7000807
HYK2020-1667	FOD-2438	食べログ	食べログ 百名店	百名店	焼肉	2020	EAST	USHIHACHI 武蔵小杉店	神奈川県	https://award.tabelog.com/hyakumeiten/yakiniku_east/2020	46232	店舗照合済	食べログ 焼肉 EAST 百名店 2020 / 公式掲載順 62/100 / Tabelog ID 14061683
HYK2020-1668	FOD-2439	食べログ	食べログ 百名店	百名店	焼肉	2020	EAST	関内苑 本店	神奈川県	https://award.tabelog.com/hyakumeiten/yakiniku_east/2020	46232	店舗照合済	食べログ 焼肉 EAST 百名店 2020 / 公式掲載順 63/100 / Tabelog ID 14002802
HYK2020-1669	FOD-2440	食べログ	食べログ 百名店	百名店	焼肉	2020	EAST	肉の割烹 田村  菊水元町店	北海道	https://award.tabelog.com/hyakumeiten/yakiniku_east/2020	46232	店舗照合済	食べログ 焼肉 EAST 百名店 2020 / 公式掲載順 64/100 / Tabelog ID 1005323
HYK2020-1670	FOD-2441	食べログ	食べログ 百名店	百名店	焼肉	2020	EAST	馬場ホルモン	北海道	https://award.tabelog.com/hyakumeiten/yakiniku_east/2020	46232	店舗照合済	食べログ 焼肉 EAST 百名店 2020 / 公式掲載順 65/100 / Tabelog ID 1001340
HYK2020-1671	FOD-2442	食べログ	食べログ 百名店	百名店	焼肉	2020	EAST	炭焼小屋	愛知県	https://award.tabelog.com/hyakumeiten/yakiniku_east/2020	46232	店舗照合済	食べログ 焼肉 EAST 百名店 2020 / 公式掲載順 66/100 / Tabelog ID 23012283
HYK2020-1672	FOD-2443	食べログ	食べログ 百名店	百名店	焼肉	2020	EAST	焼肉グレート 宇都宮駅前店	栃木県	https://award.tabelog.com/hyakumeiten/yakiniku_east/2020	46232	店舗照合済	食べログ 焼肉 EAST 百名店 2020 / 公式掲載順 67/100 / Tabelog ID 9011956
HYK2020-1673	FOD-2444	食べログ	食べログ 百名店	百名店	焼肉	2020	EAST	伊勢屋本店	愛知県	https://award.tabelog.com/hyakumeiten/yakiniku_east/2020	46232	店舗照合済	食べログ 焼肉 EAST 百名店 2020 / 公式掲載順 68/100 / Tabelog ID 23007606
HYK2020-1674	FOD-2445	食べログ	食べログ 百名店	百名店	焼肉	2020	EAST	つる屋	神奈川県	https://award.tabelog.com/hyakumeiten/yakiniku_east/2020	46232	店舗照合済	食べログ 焼肉 EAST 百名店 2020 / 公式掲載順 69/100 / Tabelog ID 14000856
HYK2020-1675	FOD-2446	食べログ	食べログ 百名店	百名店	焼肉	2020	EAST	焼肉道食	北海道	https://award.tabelog.com/hyakumeiten/yakiniku_east/2020	46232	店舗照合済	食べログ 焼肉 EAST 百名店 2020 / 公式掲載順 70/100 / Tabelog ID 1021776
HYK2020-1676	FOD-2447	食べログ	食べログ 百名店	百名店	焼肉	2020	EAST	炭火焼肉 ホルモンセンター どうげん	神奈川県	https://award.tabelog.com/hyakumeiten/yakiniku_east/2020	46232	店舗照合済	食べログ 焼肉 EAST 百名店 2020 / 公式掲載順 71/100 / Tabelog ID 14000772
HYK2020-1677	FOD-2448	食べログ	食べログ 百名店	百名店	焼肉	2020	EAST	ホルモン 銀牙	北海道	https://award.tabelog.com/hyakumeiten/yakiniku_east/2020	46232	店舗照合済	食べログ 焼肉 EAST 百名店 2020 / 公式掲載順 72/100 / Tabelog ID 1033174
HYK2020-1678	FOD-2449	食べログ	食べログ 百名店	百名店	焼肉	2020	EAST	ワイン&焼肉レストラン 承陽庭	愛知県	https://award.tabelog.com/hyakumeiten/yakiniku_east/2020	46232	店舗照合済	食べログ 焼肉 EAST 百名店 2020 / 公式掲載順 73/100 / Tabelog ID 23059423
HYK2020-1679	FOD-2450	食べログ	食べログ 百名店	百名店	焼肉	2020	EAST	炭火焼 ぐら 塩釜本店	宮城県	https://award.tabelog.com/hyakumeiten/yakiniku_east/2020	46232	店舗照合済	食べログ 焼肉 EAST 百名店 2020 / 公式掲載順 74/100 / Tabelog ID 4008582
HYK2020-1680	FOD-2451	食べログ	食べログ 百名店	百名店	焼肉	2020	EAST	塩ホルモン 炭楽	秋田県	https://award.tabelog.com/hyakumeiten/yakiniku_east/2020	46232	店舗照合済	食べログ 焼肉 EAST 百名店 2020 / 公式掲載順 75/100 / Tabelog ID 5000442
HYK2020-1681	FOD-2452	食べログ	食べログ 百名店	百名店	焼肉	2020	EAST	仔虎 エスパル仙台店	宮城県	https://award.tabelog.com/hyakumeiten/yakiniku_east/2020	46232	店舗照合済	食べログ 焼肉 EAST 百名店 2020 / 公式掲載順 76/100 / Tabelog ID 4017454
HYK2020-1682	FOD-2453	食べログ	食べログ 百名店	百名店	焼肉	2020	EAST	李昇 本館	愛知県	https://award.tabelog.com/hyakumeiten/yakiniku_east/2020	46232	店舗照合済	食べログ 焼肉 EAST 百名店 2020 / 公式掲載順 77/100 / Tabelog ID 23007886
HYK2020-1683	FOD-2454	食べログ	食べログ 百名店	百名店	焼肉	2020	EAST	味蔵天国	岐阜県	https://award.tabelog.com/hyakumeiten/yakiniku_east/2020	46232	店舗照合済	食べログ 焼肉 EAST 百名店 2020 / 公式掲載順 78/100 / Tabelog ID 21000286
HYK2020-1684	FOD-2455	食べログ	食べログ 百名店	百名店	焼肉	2020	EAST	焼肉 べこ亭 たまプラーザ本店	神奈川県	https://award.tabelog.com/hyakumeiten/yakiniku_east/2020	46232	店舗照合済	食べログ 焼肉 EAST 百名店 2020 / 公式掲載順 79/100 / Tabelog ID 14012025
HYK2020-1685	FOD-2456	食べログ	食べログ 百名店	百名店	焼肉	2020	EAST	とんちゃんや ふじ	愛知県	https://award.tabelog.com/hyakumeiten/yakiniku_east/2020	46232	店舗照合済	食べログ 焼肉 EAST 百名店 2020 / 公式掲載順 80/100 / Tabelog ID 23005731
HYK2020-1686	FOD-2457	食べログ	食べログ 百名店	百名店	焼肉	2020	EAST	焼肉と料理シルクロード	北海道	https://award.tabelog.com/hyakumeiten/yakiniku_east/2020	46232	店舗照合済	食べログ 焼肉 EAST 百名店 2020 / 公式掲載順 81/100 / Tabelog ID 1000928
HYK2020-1687	FOD-2458	食べログ	食べログ 百名店	百名店	焼肉	2020	EAST	飛騨牛一頭家 馬喰一代 岐阜神田	岐阜県	https://award.tabelog.com/hyakumeiten/yakiniku_east/2020	46232	店舗照合済	食べログ 焼肉 EAST 百名店 2020 / 公式掲載順 82/100 / Tabelog ID 21000284
HYK2020-1688	FOD-2459	食べログ	食べログ 百名店	百名店	焼肉	2020	EAST	ぴょんぴょん舎 稲荷町本店	岩手県	https://award.tabelog.com/hyakumeiten/yakiniku_east/2020	46232	店舗照合済	食べログ 焼肉 EAST 百名店 2020 / 公式掲載順 83/100 / Tabelog ID 3000008
HYK2020-1689	FOD-2460	食べログ	食べログ 百名店	百名店	焼肉	2020	EAST	仙台牛焼肉 花牛	宮城県	https://award.tabelog.com/hyakumeiten/yakiniku_east/2020	46232	店舗照合済	食べログ 焼肉 EAST 百名店 2020 / 公式掲載順 84/100 / Tabelog ID 4000133
HYK2020-1690	FOD-2461	食べログ	食べログ 百名店	百名店	焼肉	2020	EAST	焼肉・冷麺 三千里	岩手県	https://award.tabelog.com/hyakumeiten/yakiniku_east/2020	46232	店舗照合済	食べログ 焼肉 EAST 百名店 2020 / 公式掲載順 85/100 / Tabelog ID 3000337
HYK2020-1691	FOD-2462	食べログ	食べログ 百名店	百名店	焼肉	2020	EAST	炭火焼肉ぐら 仙台朝市駅前店	宮城県	https://award.tabelog.com/hyakumeiten/yakiniku_east/2020	46232	店舗照合済	食べログ 焼肉 EAST 百名店 2020 / 公式掲載順 86/100 / Tabelog ID 4019691
HYK2020-1692	FOD-2463	食べログ	食べログ 百名店	百名店	焼肉	2020	EAST	焼肉×ホルモン 溝の口 ひゃくてん	神奈川県	https://award.tabelog.com/hyakumeiten/yakiniku_east/2020	46232	店舗照合済	食べログ 焼肉 EAST 百名店 2020 / 公式掲載順 87/100 / Tabelog ID 14037400
HYK2020-1693	FOD-2464	食べログ	食べログ 百名店	百名店	焼肉	2020	EAST	炭焼喰人 本店	神奈川県	https://award.tabelog.com/hyakumeiten/yakiniku_east/2020	46232	店舗照合済	食べログ 焼肉 EAST 百名店 2020 / 公式掲載順 88/100 / Tabelog ID 14001884
HYK2020-1694	FOD-2465	食べログ	食べログ 百名店	百名店	焼肉	2020	EAST	A5焼肉&手打ち冷麺 二郎 柳橋店	愛知県	https://award.tabelog.com/hyakumeiten/yakiniku_east/2020	46232	店舗照合済	食べログ 焼肉 EAST 百名店 2020 / 公式掲載順 89/100 / Tabelog ID 23062109
HYK2020-1695	FOD-2466	食べログ	食べログ 百名店	百名店	焼肉	2020	EAST	米沢牛焼肉 仔虎 仙台駅前店	宮城県	https://award.tabelog.com/hyakumeiten/yakiniku_east/2020	46232	店舗照合済	食べログ 焼肉 EAST 百名店 2020 / 公式掲載順 90/100 / Tabelog ID 4003320
HYK2020-1696	FOD-2467	食べログ	食べログ 百名店	百名店	焼肉	2020	EAST	勢太	愛知県	https://award.tabelog.com/hyakumeiten/yakiniku_east/2020	46232	店舗照合済	食べログ 焼肉 EAST 百名店 2020 / 公式掲載順 91/100 / Tabelog ID 23052179
HYK2020-1697	FOD-2468	食べログ	食べログ 百名店	百名店	焼肉	2020	EAST	肉の匠 将泰庵  船橋本店	千葉県	https://award.tabelog.com/hyakumeiten/yakiniku_east/2020	46232	店舗照合済	食べログ 焼肉 EAST 百名店 2020 / 公式掲載順 92/100 / Tabelog ID 12026157
HYK2020-1698	FOD-2469	食べログ	食べログ 百名店	百名店	焼肉	2020	EAST	眞佐可	愛知県	https://award.tabelog.com/hyakumeiten/yakiniku_east/2020	46232	店舗照合済	食べログ 焼肉 EAST 百名店 2020 / 公式掲載順 93/100 / Tabelog ID 23000156
HYK2020-1699	FOD-2470	食べログ	食べログ 百名店	百名店	焼肉	2020	EAST	昇家 泉店	愛知県	https://award.tabelog.com/hyakumeiten/yakiniku_east/2020	46232	店舗照合済	食べログ 焼肉 EAST 百名店 2020 / 公式掲載順 94/100 / Tabelog ID 23000042
HYK2020-1700	FOD-2471	食べログ	食べログ 百名店	百名店	焼肉	2020	EAST	焼肉ホルモン せいご 本店	愛知県	https://award.tabelog.com/hyakumeiten/yakiniku_east/2020	46232	店舗照合済	食べログ 焼肉 EAST 百名店 2020 / 公式掲載順 95/100 / Tabelog ID 23046507
HYK2020-1701	FOD-2472	食べログ	食べログ 百名店	百名店	焼肉	2020	EAST	炭火和牛焼肉 じろうや	愛知県	https://award.tabelog.com/hyakumeiten/yakiniku_east/2020	46232	店舗照合済	食べログ 焼肉 EAST 百名店 2020 / 公式掲載順 96/100 / Tabelog ID 23004583
HYK2020-1702	FOD-2473	食べログ	食べログ 百名店	百名店	焼肉	2020	EAST	肉の割烹 田村 大通BISSE店	北海道	https://award.tabelog.com/hyakumeiten/yakiniku_east/2020	46232	店舗照合済	食べログ 焼肉 EAST 百名店 2020 / 公式掲載順 97/100 / Tabelog ID 1029717
HYK2020-1703	FOD-2474	食べログ	食べログ 百名店	百名店	焼肉	2020	EAST	まんぷく	愛知県	https://award.tabelog.com/hyakumeiten/yakiniku_east/2020	46232	店舗照合済	食べログ 焼肉 EAST 百名店 2020 / 公式掲載順 98/100 / Tabelog ID 23012328
HYK2020-1704	FOD-2475	食べログ	食べログ 百名店	百名店	焼肉	2020	EAST	炭火焼肉 久	秋田県	https://award.tabelog.com/hyakumeiten/yakiniku_east/2020	46232	店舗照合済	食べログ 焼肉 EAST 百名店 2020 / 公式掲載順 99/100 / Tabelog ID 5009110
HYK2020-1705	FOD-2476	食べログ	食べログ 百名店	百名店	焼肉	2020	EAST	丸明 飛騨高山店	岐阜県	https://award.tabelog.com/hyakumeiten/yakiniku_east/2020	46232	店舗照合済	食べログ 焼肉 EAST 百名店 2020 / 公式掲載順 100/100 / Tabelog ID 21000041
HYK2020-1706	FOD-2477	食べログ	食べログ 百名店	百名店	焼肉	2020	WEST	肉料理とワイン YUZAN 南船場	大阪府	https://award.tabelog.com/hyakumeiten/yakiniku_west/2020	46232	店舗照合済	食べログ 焼肉 WEST 百名店 2020 / 公式掲載順 1/100 / Tabelog ID 27000597
HYK2020-1707	FOD-2478	食べログ	食べログ 百名店	百名店	焼肉	2020	WEST	万両 天神橋店	大阪府	https://award.tabelog.com/hyakumeiten/yakiniku_west/2020	46232	店舗照合済	食べログ 焼肉 WEST 百名店 2020 / 公式掲載順 2/100 / Tabelog ID 27013555
HYK2020-1708	FOD-2479	食べログ	食べログ 百名店	百名店	焼肉	2020	WEST	やきにくポッサムチプ	兵庫県	https://award.tabelog.com/hyakumeiten/yakiniku_west/2020	46232	店舗照合済	食べログ 焼肉 WEST 百名店 2020 / 公式掲載順 3/100 / Tabelog ID 28002221
HYK2020-1709	FOD-2480	食べログ	食べログ 百名店	百名店	焼肉	2020	WEST	哲	大阪府	https://award.tabelog.com/hyakumeiten/yakiniku_west/2020	46232	店舗照合済	食べログ 焼肉 WEST 百名店 2020 / 公式掲載順 4/100 / Tabelog ID 27019684
HYK2020-1710	FOD-2481	食べログ	食べログ 百名店	百名店	焼肉	2020	WEST	柘榴 奈良きみや 別邸	大阪府	https://award.tabelog.com/hyakumeiten/yakiniku_west/2020	46232	店舗照合済	食べログ 焼肉 WEST 百名店 2020 / 公式掲載順 5/100 / Tabelog ID 27113560
HYK2020-1711	FOD-2482	食べログ	食べログ 百名店	百名店	焼肉	2020	WEST	和牛焼肉 布上 本店	大阪府	https://award.tabelog.com/hyakumeiten/yakiniku_west/2020	46232	店舗照合済	食べログ 焼肉 WEST 百名店 2020 / 公式掲載順 6/100 / Tabelog ID 27040961
HYK2020-1712	FOD-2483	食べログ	食べログ 百名店	百名店	焼肉	2020	WEST	炭焼肉 石田屋。 本店	兵庫県	https://award.tabelog.com/hyakumeiten/yakiniku_west/2020	46232	店舗照合済	食べログ 焼肉 WEST 百名店 2020 / 公式掲載順 7/100 / Tabelog ID 28003841
HYK2020-1713	FOD-2484	食べログ	食べログ 百名店	百名店	焼肉	2020	WEST	吟味屋 天満店	大阪府	https://award.tabelog.com/hyakumeiten/yakiniku_west/2020	46232	店舗照合済	食べログ 焼肉 WEST 百名店 2020 / 公式掲載順 8/100 / Tabelog ID 27011939
HYK2020-1714	FOD-2485	食べログ	食べログ 百名店	百名店	焼肉	2020	WEST	焼肉 白雲台 鶴橋駅前店	大阪府	https://award.tabelog.com/hyakumeiten/yakiniku_west/2020	46232	店舗照合済	食べログ 焼肉 WEST 百名店 2020 / 公式掲載順 9/100 / Tabelog ID 27006730
HYK2020-1715	FOD-2486	食べログ	食べログ 百名店	百名店	焼肉	2020	WEST	一升びん 本店	三重県	https://award.tabelog.com/hyakumeiten/yakiniku_west/2020	46232	店舗照合済	食べログ 焼肉 WEST 百名店 2020 / 公式掲載順 10/100 / Tabelog ID 24000073
HYK2020-1716	FOD-2487	食べログ	食べログ 百名店	百名店	焼肉	2020	WEST	カウハウス	大阪府	https://award.tabelog.com/hyakumeiten/yakiniku_west/2020	46232	店舗照合済	食べログ 焼肉 WEST 百名店 2020 / 公式掲載順 11/100 / Tabelog ID 27002226
HYK2020-1717	FOD-2488	食べログ	食べログ 百名店	百名店	焼肉	2020	WEST	万両 南森町店	大阪府	https://award.tabelog.com/hyakumeiten/yakiniku_west/2020	46232	店舗照合済	食べログ 焼肉 WEST 百名店 2020 / 公式掲載順 12/100 / Tabelog ID 27002291
HYK2020-1718	FOD-2489	食べログ	食べログ 百名店	百名店	焼肉	2020	WEST	万両 堺筋本町店	大阪府	https://award.tabelog.com/hyakumeiten/yakiniku_west/2020	46232	店舗照合済	食べログ 焼肉 WEST 百名店 2020 / 公式掲載順 13/100 / Tabelog ID 27010393
HYK2020-1719	FOD-2490	食べログ	食べログ 百名店	百名店	焼肉	2020	WEST	炭火焼肉屋台 たじま屋	兵庫県	https://award.tabelog.com/hyakumeiten/yakiniku_west/2020	46232	店舗照合済	食べログ 焼肉 WEST 百名店 2020 / 公式掲載順 14/100 / Tabelog ID 28004023
HYK2020-1720	FOD-2491	食べログ	食べログ 百名店	百名店	焼肉	2020	WEST	はつだ	京都府	https://award.tabelog.com/hyakumeiten/yakiniku_west/2020	46232	店舗照合済	食べログ 焼肉 WEST 百名店 2020 / 公式掲載順 15/100 / Tabelog ID 26006045
HYK2020-1721	FOD-2492	食べログ	食べログ 百名店	百名店	焼肉	2020	WEST	北新地やまがた屋	大阪府	https://award.tabelog.com/hyakumeiten/yakiniku_west/2020	46232	店舗照合済	食べログ 焼肉 WEST 百名店 2020 / 公式掲載順 16/100 / Tabelog ID 27011099
HYK2020-1722	FOD-2493	食べログ	食べログ 百名店	百名店	焼肉	2020	WEST	なか田 別邸	大阪府	https://award.tabelog.com/hyakumeiten/yakiniku_west/2020	46232	店舗照合済	食べログ 焼肉 WEST 百名店 2020 / 公式掲載順 17/100 / Tabelog ID 27015932
HYK2020-1723	FOD-2494	食べログ	食べログ 百名店	百名店	焼肉	2020	WEST	ホルモン 徳いち	大阪府	https://award.tabelog.com/hyakumeiten/yakiniku_west/2020	46232	店舗照合済	食べログ 焼肉 WEST 百名店 2020 / 公式掲載順 18/100 / Tabelog ID 27055508
HYK2020-1724	FOD-2495	食べログ	食べログ 百名店	百名店	焼肉	2020	WEST	和牛懐石 但馬屋 梅田	大阪府	https://award.tabelog.com/hyakumeiten/yakiniku_west/2020	46232	店舗照合済	食べログ 焼肉 WEST 百名店 2020 / 公式掲載順 19/100 / Tabelog ID 27015353
HYK2020-1725	FOD-2496	食べログ	食べログ 百名店	百名店	焼肉	2020	WEST	空 道頓堀店	大阪府	https://award.tabelog.com/hyakumeiten/yakiniku_west/2020	46232	店舗照合済	食べログ 焼肉 WEST 百名店 2020 / 公式掲載順 20/100 / Tabelog ID 27001294
HYK2020-1726	FOD-2497	食べログ	食べログ 百名店	百名店	焼肉	2020	WEST	甲子園 牛萬	兵庫県	https://award.tabelog.com/hyakumeiten/yakiniku_west/2020	46232	店舗照合済	食べログ 焼肉 WEST 百名店 2020 / 公式掲載順 21/100 / Tabelog ID 28018032
HYK2020-1727	FOD-2498	食べログ	食べログ 百名店	百名店	焼肉	2020	WEST	北新地 はらみ	大阪府	https://award.tabelog.com/hyakumeiten/yakiniku_west/2020	46232	店舗照合済	食べログ 焼肉 WEST 百名店 2020 / 公式掲載順 22/100 / Tabelog ID 27099114
HYK2020-1728	FOD-2499	食べログ	食べログ 百名店	百名店	焼肉	2020	WEST	きみや	奈良県	https://award.tabelog.com/hyakumeiten/yakiniku_west/2020	46232	店舗照合済	食べログ 焼肉 WEST 百名店 2020 / 公式掲載順 23/100 / Tabelog ID 29001982
HYK2020-1729	FOD-2500	食べログ	食べログ 百名店	百名店	焼肉	2020	WEST	ホルモン 長岡	大阪府	https://award.tabelog.com/hyakumeiten/yakiniku_west/2020	46232	店舗照合済	食べログ 焼肉 WEST 百名店 2020 / 公式掲載順 24/100 / Tabelog ID 27081974
HYK2020-1730	FOD-2501	食べログ	食べログ 百名店	百名店	焼肉	2020	WEST	万両 肥後橋店	大阪府	https://award.tabelog.com/hyakumeiten/yakiniku_west/2020	46232	店舗照合済	食べログ 焼肉 WEST 百名店 2020 / 公式掲載順 25/100 / Tabelog ID 27088182
HYK2020-1731	FOD-2502	食べログ	食べログ 百名店	百名店	焼肉	2020	WEST	焼肉 弘商店 烏丸錦	京都府	https://award.tabelog.com/hyakumeiten/yakiniku_west/2020	46232	店舗照合済	食べログ 焼肉 WEST 百名店 2020 / 公式掲載順 26/100 / Tabelog ID 26016840
HYK2020-1732	FOD-2503	食べログ	食べログ 百名店	百名店	焼肉	2020	WEST	肉料理　荒川	京都府	https://award.tabelog.com/hyakumeiten/yakiniku_west/2020	46232	店舗照合済	食べログ 焼肉 WEST 百名店 2020 / 公式掲載順 27/100 / Tabelog ID 26006491
HYK2020-1733	FOD-2504	食べログ	食べログ 百名店	百名店	焼肉	2020	WEST	和牛 まつした 本通り店	大阪府	https://award.tabelog.com/hyakumeiten/yakiniku_west/2020	46232	店舗照合済	食べログ 焼肉 WEST 百名店 2020 / 公式掲載順 28/100 / Tabelog ID 27018922
HYK2020-1734	FOD-2505	食べログ	食べログ 百名店	百名店	焼肉	2020	WEST	又三郎 本店	大阪府	https://award.tabelog.com/hyakumeiten/yakiniku_west/2020	46232	店舗照合済	食べログ 焼肉 WEST 百名店 2020 / 公式掲載順 29/100 / Tabelog ID 27057397
HYK2020-1735	FOD-2506	食べログ	食べログ 百名店	百名店	焼肉	2020	WEST	藤むら	京都府	https://award.tabelog.com/hyakumeiten/yakiniku_west/2020	46232	店舗照合済	食べログ 焼肉 WEST 百名店 2020 / 公式掲載順 30/100 / Tabelog ID 26004181
HYK2020-1736	FOD-2507	食べログ	食べログ 百名店	百名店	焼肉	2020	WEST	喜八	沖縄県	https://award.tabelog.com/hyakumeiten/yakiniku_west/2020	46232	店舗照合済	食べログ 焼肉 WEST 百名店 2020 / 公式掲載順 31/100 / Tabelog ID 47012014
HYK2020-1737	FOD-2508	食べログ	食べログ 百名店	百名店	焼肉	2020	WEST	茜	大阪府	https://award.tabelog.com/hyakumeiten/yakiniku_west/2020	46232	店舗照合済	食べログ 焼肉 WEST 百名店 2020 / 公式掲載順 32/100 / Tabelog ID 27002500
HYK2020-1738	FOD-2509	食べログ	食べログ 百名店	百名店	焼肉	2020	WEST	アジェ 松原本店	京都府	https://award.tabelog.com/hyakumeiten/yakiniku_west/2020	46232	店舗照合済	食べログ 焼肉 WEST 百名店 2020 / 公式掲載順 33/100 / Tabelog ID 26000080
HYK2020-1739	FOD-2510	食べログ	食べログ 百名店	百名店	焼肉	2020	WEST	焼肉すどう 春吉	福岡県	https://award.tabelog.com/hyakumeiten/yakiniku_west/2020	46232	店舗照合済	食べログ 焼肉 WEST 百名店 2020 / 公式掲載順 34/100 / Tabelog ID 40043061
HYK2020-1740	FOD-2511	食べログ	食べログ 百名店	百名店	焼肉	2020	WEST	本家 とらちゃん 法善寺横丁店	大阪府	https://award.tabelog.com/hyakumeiten/yakiniku_west/2020	46232	店舗照合済	食べログ 焼肉 WEST 百名店 2020 / 公式掲載順 35/100 / Tabelog ID 27001288
HYK2020-1741	FOD-2512	食べログ	食べログ 百名店	百名店	焼肉	2020	WEST	和牛処 助春	大阪府	https://award.tabelog.com/hyakumeiten/yakiniku_west/2020	46232	店舗照合済	食べログ 焼肉 WEST 百名店 2020 / 公式掲載順 36/100 / Tabelog ID 27003470
HYK2020-1742	FOD-2513	食べログ	食べログ 百名店	百名店	焼肉	2020	WEST	大東園 本店	福岡県	https://award.tabelog.com/hyakumeiten/yakiniku_west/2020	46232	店舗照合済	食べログ 焼肉 WEST 百名店 2020 / 公式掲載順 37/100 / Tabelog ID 40001664
HYK2020-1743	FOD-2514	食べログ	食べログ 百名店	百名店	焼肉	2020	WEST	京の焼肉処 弘 千本三条本店	京都府	https://award.tabelog.com/hyakumeiten/yakiniku_west/2020	46232	店舗照合済	食べログ 焼肉 WEST 百名店 2020 / 公式掲載順 38/100 / Tabelog ID 26002138
HYK2020-1744	FOD-2515	食べログ	食べログ 百名店	百名店	焼肉	2020	WEST	うめしま	長崎県	https://award.tabelog.com/hyakumeiten/yakiniku_west/2020	46232	店舗照合済	食べログ 焼肉 WEST 百名店 2020 / 公式掲載順 39/100 / Tabelog ID 42000647
HYK2020-1745	FOD-2516	食べログ	食べログ 百名店	百名店	焼肉	2020	WEST	焼肉すどう 本店	熊本県	https://award.tabelog.com/hyakumeiten/yakiniku_west/2020	46232	店舗照合済	食べログ 焼肉 WEST 百名店 2020 / 公式掲載順 40/100 / Tabelog ID 43008422
HYK2020-1746	FOD-2517	食べログ	食べログ 百名店	百名店	焼肉	2020	WEST	肉匠なか田 本店	大阪府	https://award.tabelog.com/hyakumeiten/yakiniku_west/2020	46232	店舗照合済	食べログ 焼肉 WEST 百名店 2020 / 公式掲載順 41/100 / Tabelog ID 27001305
HYK2020-1747	FOD-2518	食べログ	食べログ 百名店	百名店	焼肉	2020	WEST	明月館 上本町本店	大阪府	https://award.tabelog.com/hyakumeiten/yakiniku_west/2020	46232	店舗照合済	食べログ 焼肉 WEST 百名店 2020 / 公式掲載順 42/100 / Tabelog ID 27002882
HYK2020-1748	FOD-2519	食べログ	食べログ 百名店	百名店	焼肉	2020	WEST	華	沖縄県	https://award.tabelog.com/hyakumeiten/yakiniku_west/2020	46232	店舗照合済	食べログ 焼肉 WEST 百名店 2020 / 公式掲載順 43/100 / Tabelog ID 47000296
HYK2020-1749	FOD-2520	食べログ	食べログ 百名店	百名店	焼肉	2020	WEST	吉田 新館	大阪府	https://award.tabelog.com/hyakumeiten/yakiniku_west/2020	46232	店舗照合済	食べログ 焼肉 WEST 百名店 2020 / 公式掲載順 44/100 / Tabelog ID 27000572
HYK2020-1750	FOD-2521	食べログ	食べログ 百名店	百名店	焼肉	2020	WEST	海南亭 鶴橋店	大阪府	https://award.tabelog.com/hyakumeiten/yakiniku_west/2020	46232	店舗照合済	食べログ 焼肉 WEST 百名店 2020 / 公式掲載順 45/100 / Tabelog ID 27000569
HYK2020-1751	FOD-2522	食べログ	食べログ 百名店	百名店	焼肉	2020	WEST	多平	大阪府	https://award.tabelog.com/hyakumeiten/yakiniku_west/2020	46232	店舗照合済	食べログ 焼肉 WEST 百名店 2020 / 公式掲載順 46/100 / Tabelog ID 27005087
HYK2020-1752	FOD-2523	食べログ	食べログ 百名店	百名店	焼肉	2020	WEST	和牛 まつした 上通り店	大阪府	https://award.tabelog.com/hyakumeiten/yakiniku_west/2020	46232	店舗照合済	食べログ 焼肉 WEST 百名店 2020 / 公式掲載順 47/100 / Tabelog ID 27086935
HYK2020-1753	FOD-2524	食べログ	食べログ 百名店	百名店	焼肉	2020	WEST	焼肉たきもと	大阪府	https://award.tabelog.com/hyakumeiten/yakiniku_west/2020	46232	店舗照合済	食べログ 焼肉 WEST 百名店 2020 / 公式掲載順 48/100 / Tabelog ID 27019731
HYK2020-1754	FOD-2525	食べログ	食べログ 百名店	百名店	焼肉	2020	WEST	江畑	京都府	https://award.tabelog.com/hyakumeiten/yakiniku_west/2020	46232	店舗照合済	食べログ 焼肉 WEST 百名店 2020 / 公式掲載順 49/100 / Tabelog ID 26001035
HYK2020-1755	FOD-2526	食べログ	食べログ 百名店	百名店	焼肉	2020	WEST	密陽家	岡山県	https://award.tabelog.com/hyakumeiten/yakiniku_west/2020	46232	店舗照合済	食べログ 焼肉 WEST 百名店 2020 / 公式掲載順 50/100 / Tabelog ID 33010192
HYK2020-1756	FOD-2527	食べログ	食べログ 百名店	百名店	焼肉	2020	WEST	板前焼肉 一斗 天下茶屋本店	大阪府	https://award.tabelog.com/hyakumeiten/yakiniku_west/2020	46232	店舗照合済	食べログ 焼肉 WEST 百名店 2020 / 公式掲載順 51/100 / Tabelog ID 27011178
HYK2020-1757	FOD-2528	食べログ	食べログ 百名店	百名店	焼肉	2020	WEST	万両 東天満店	大阪府	https://award.tabelog.com/hyakumeiten/yakiniku_west/2020	46232	店舗照合済	食べログ 焼肉 WEST 百名店 2020 / 公式掲載順 52/100 / Tabelog ID 27003763
HYK2020-1758	FOD-2529	食べログ	食べログ 百名店	百名店	焼肉	2020	WEST	川もり	京都府	https://award.tabelog.com/hyakumeiten/yakiniku_west/2020	46232	店舗照合済	食べログ 焼肉 WEST 百名店 2020 / 公式掲載順 53/100 / Tabelog ID 26008216
HYK2020-1759	FOD-2530	食べログ	食べログ 百名店	百名店	焼肉	2020	WEST	空 鶴橋総本店	大阪府	https://award.tabelog.com/hyakumeiten/yakiniku_west/2020	46232	店舗照合済	食べログ 焼肉 WEST 百名店 2020 / 公式掲載順 54/100 / Tabelog ID 27000564
HYK2020-1760	FOD-2531	食べログ	食べログ 百名店	百名店	焼肉	2020	WEST	蔓牛	大阪府	https://award.tabelog.com/hyakumeiten/yakiniku_west/2020	46232	店舗照合済	食べログ 焼肉 WEST 百名店 2020 / 公式掲載順 55/100 / Tabelog ID 27010644
HYK2020-1761	FOD-2532	食べログ	食べログ 百名店	百名店	焼肉	2020	WEST	炭焼肉　石田屋。 Hanare	兵庫県	https://award.tabelog.com/hyakumeiten/yakiniku_west/2020	46232	店舗照合済	食べログ 焼肉 WEST 百名店 2020 / 公式掲載順 56/100 / Tabelog ID 28028299
HYK2020-1762	FOD-2533	食べログ	食べログ 百名店	百名店	焼肉	2020	WEST	にくや萬野	大阪府	https://award.tabelog.com/hyakumeiten/yakiniku_west/2020	46232	店舗照合済	食べログ 焼肉 WEST 百名店 2020 / 公式掲載順 57/100 / Tabelog ID 27083854
HYK2020-1763	FOD-2534	食べログ	食べログ 百名店	百名店	焼肉	2020	WEST	北新地 すがはら	大阪府	https://award.tabelog.com/hyakumeiten/yakiniku_west/2020	46232	店舗照合済	食べログ 焼肉 WEST 百名店 2020 / 公式掲載順 58/100 / Tabelog ID 27000219
HYK2020-1764	FOD-2535	食べログ	食べログ 百名店	百名店	焼肉	2020	WEST	田無羅	福岡県	https://award.tabelog.com/hyakumeiten/yakiniku_west/2020	46232	店舗照合済	食べログ 焼肉 WEST 百名店 2020 / 公式掲載順 59/100 / Tabelog ID 40000441
HYK2020-1765	FOD-2536	食べログ	食べログ 百名店	百名店	焼肉	2020	WEST	きらく	兵庫県	https://award.tabelog.com/hyakumeiten/yakiniku_west/2020	46232	店舗照合済	食べログ 焼肉 WEST 百名店 2020 / 公式掲載順 60/100 / Tabelog ID 28005344
HYK2020-1766	FOD-2537	食べログ	食べログ 百名店	百名店	焼肉	2020	WEST	京松蘭 本店	大阪府	https://award.tabelog.com/hyakumeiten/yakiniku_west/2020	46232	店舗照合済	食べログ 焼肉 WEST 百名店 2020 / 公式掲載順 61/100 / Tabelog ID 27090232
HYK2020-1767	FOD-2538	食べログ	食べログ 百名店	百名店	焼肉	2020	WEST	多来多来	京都府	https://award.tabelog.com/hyakumeiten/yakiniku_west/2020	46232	店舗照合済	食べログ 焼肉 WEST 百名店 2020 / 公式掲載順 62/100 / Tabelog ID 26002078
HYK2020-1768	FOD-2539	食べログ	食べログ 百名店	百名店	焼肉	2020	WEST	すすむ	大阪府	https://award.tabelog.com/hyakumeiten/yakiniku_west/2020	46232	店舗照合済	食べログ 焼肉 WEST 百名店 2020 / 公式掲載順 63/100 / Tabelog ID 27073864
HYK2020-1769	FOD-2540	食べログ	食べログ 百名店	百名店	焼肉	2020	WEST	板前焼肉 一斗 京橋支店	大阪府	https://award.tabelog.com/hyakumeiten/yakiniku_west/2020	46232	店舗照合済	食べログ 焼肉 WEST 百名店 2020 / 公式掲載順 64/100 / Tabelog ID 27005121
HYK2020-1770	FOD-2541	食べログ	食べログ 百名店	百名店	焼肉	2020	WEST	大倉	大阪府	https://award.tabelog.com/hyakumeiten/yakiniku_west/2020	46232	店舗照合済	食べログ 焼肉 WEST 百名店 2020 / 公式掲載順 65/100 / Tabelog ID 27000570
HYK2020-1771	FOD-2542	食べログ	食べログ 百名店	百名店	焼肉	2020	WEST	焼肉 初栄	宮崎県	https://award.tabelog.com/hyakumeiten/yakiniku_west/2020	46232	店舗照合済	食べログ 焼肉 WEST 百名店 2020 / 公式掲載順 66/100 / Tabelog ID 45000767
HYK2020-1772	FOD-2543	食べログ	食べログ 百名店	百名店	焼肉	2020	WEST	かどやホルモン店	大阪府	https://award.tabelog.com/hyakumeiten/yakiniku_west/2020	46232	店舗照合済	食べログ 焼肉 WEST 百名店 2020 / 公式掲載順 67/100 / Tabelog ID 27009408
HYK2020-1773	FOD-2544	食べログ	食べログ 百名店	百名店	焼肉	2020	WEST	疾風ホルモン 久茂地本店	沖縄県	https://award.tabelog.com/hyakumeiten/yakiniku_west/2020	46232	店舗照合済	食べログ 焼肉 WEST 百名店 2020 / 公式掲載順 68/100 / Tabelog ID 47007248
HYK2020-1774	FOD-2545	食べログ	食べログ 百名店	百名店	焼肉	2020	WEST	万正	大阪府	https://award.tabelog.com/hyakumeiten/yakiniku_west/2020	46232	店舗照合済	食べログ 焼肉 WEST 百名店 2020 / 公式掲載順 69/100 / Tabelog ID 27000561
HYK2020-1775	FOD-2546	食べログ	食べログ 百名店	百名店	焼肉	2020	WEST	祇園鹿六	京都府	https://award.tabelog.com/hyakumeiten/yakiniku_west/2020	46232	店舗照合済	食べログ 焼肉 WEST 百名店 2020 / 公式掲載順 70/100 / Tabelog ID 26002425
HYK2020-1776	FOD-2547	食べログ	食べログ 百名店	百名店	焼肉	2020	WEST	焼肉 八廣	三重県	https://award.tabelog.com/hyakumeiten/yakiniku_west/2020	46232	店舗照合済	食べログ 焼肉 WEST 百名店 2020 / 公式掲載順 71/100 / Tabelog ID 24001944
HYK2020-1777	FOD-2548	食べログ	食べログ 百名店	百名店	焼肉	2020	WEST	万葉 八日市店	滋賀県	https://award.tabelog.com/hyakumeiten/yakiniku_west/2020	46232	店舗照合済	食べログ 焼肉 WEST 百名店 2020 / 公式掲載順 72/100 / Tabelog ID 25005328
HYK2020-1778	FOD-2549	食べログ	食べログ 百名店	百名店	焼肉	2020	WEST	宮本屋	三重県	https://award.tabelog.com/hyakumeiten/yakiniku_west/2020	46232	店舗照合済	食べログ 焼肉 WEST 百名店 2020 / 公式掲載順 73/100 / Tabelog ID 24000064
HYK2020-1779	FOD-2550	食べログ	食べログ 百名店	百名店	焼肉	2020	WEST	和牛の紀楽	大阪府	https://award.tabelog.com/hyakumeiten/yakiniku_west/2020	46232	店舗照合済	食べログ 焼肉 WEST 百名店 2020 / 公式掲載順 74/100 / Tabelog ID 27008433
HYK2020-1780	FOD-2551	食べログ	食べログ 百名店	百名店	焼肉	2020	WEST	炭火焼肉 やまもと	沖縄県	https://award.tabelog.com/hyakumeiten/yakiniku_west/2020	46232	店舗照合済	食べログ 焼肉 WEST 百名店 2020 / 公式掲載順 75/100 / Tabelog ID 47001010
HYK2020-1781	FOD-2552	食べログ	食べログ 百名店	百名店	焼肉	2020	WEST	焼肉萬野 天王寺	大阪府	https://award.tabelog.com/hyakumeiten/yakiniku_west/2020	46232	店舗照合済	食べログ 焼肉 WEST 百名店 2020 / 公式掲載順 76/100 / Tabelog ID 27019581
HYK2020-1782	FOD-2553	食べログ	食べログ 百名店	百名店	焼肉	2020	WEST	石垣島 きたうち牧場 美崎店	沖縄県	https://award.tabelog.com/hyakumeiten/yakiniku_west/2020	46232	店舗照合済	食べログ 焼肉 WEST 百名店 2020 / 公式掲載順 77/100 / Tabelog ID 47001554
HYK2020-1783	FOD-2554	食べログ	食べログ 百名店	百名店	焼肉	2020	WEST	焼肉 かっぱ梶岡	大阪府	https://award.tabelog.com/hyakumeiten/yakiniku_west/2020	46232	店舗照合済	食べログ 焼肉 WEST 百名店 2020 / 公式掲載順 78/100 / Tabelog ID 27023459
HYK2020-1784	FOD-2555	食べログ	食べログ 百名店	百名店	焼肉	2020	WEST	益市 本店	京都府	https://award.tabelog.com/hyakumeiten/yakiniku_west/2020	46232	店舗照合済	食べログ 焼肉 WEST 百名店 2020 / 公式掲載順 79/100 / Tabelog ID 26004812
HYK2020-1785	FOD-2556	食べログ	食べログ 百名店	百名店	焼肉	2020	WEST	雄三郎	兵庫県	https://award.tabelog.com/hyakumeiten/yakiniku_west/2020	46232	店舗照合済	食べログ 焼肉 WEST 百名店 2020 / 公式掲載順 80/100 / Tabelog ID 28043971
HYK2020-1786	FOD-2557	食べログ	食べログ 百名店	百名店	焼肉	2020	WEST	焼肉矢澤 京都	京都府	https://award.tabelog.com/hyakumeiten/yakiniku_west/2020	46232	店舗照合済	食べログ 焼肉 WEST 百名店 2020 / 公式掲載順 81/100 / Tabelog ID 26028368
HYK2020-1787	FOD-2558	食べログ	食べログ 百名店	百名店	焼肉	2020	WEST	さつま	大阪府	https://award.tabelog.com/hyakumeiten/yakiniku_west/2020	46232	店舗照合済	食べログ 焼肉 WEST 百名店 2020 / 公式掲載順 82/100 / Tabelog ID 27006074
HYK2020-1788	FOD-0682	食べログ	食べログ 百名店	百名店	焼肉	2020	WEST	生ホルモン処 おさむちゃん。	大阪府	https://award.tabelog.com/hyakumeiten/yakiniku_west/2020	46232	店舗照合済	食べログ 焼肉 WEST 百名店 2020 / 公式掲載順 83/100 / Tabelog ID 27052134
HYK2020-1789	FOD-2559	食べログ	食べログ 百名店	百名店	焼肉	2020	WEST	電撃ホルモン ツギヱ	大阪府	https://award.tabelog.com/hyakumeiten/yakiniku_west/2020	46232	店舗照合済	食べログ 焼肉 WEST 百名店 2020 / 公式掲載順 84/100 / Tabelog ID 27013294
HYK2020-1790	FOD-2560	食べログ	食べログ 百名店	百名店	焼肉	2020	WEST	利花苑 大名本店	福岡県	https://award.tabelog.com/hyakumeiten/yakiniku_west/2020	46232	店舗照合済	食べログ 焼肉 WEST 百名店 2020 / 公式掲載順 85/100 / Tabelog ID 40000443
HYK2020-1791	FOD-2561	食べログ	食べログ 百名店	百名店	焼肉	2020	WEST	神戸元町 炭火焼肉 くにきや	兵庫県	https://award.tabelog.com/hyakumeiten/yakiniku_west/2020	46232	店舗照合済	食べログ 焼肉 WEST 百名店 2020 / 公式掲載順 86/100 / Tabelog ID 28006104
HYK2020-1792	FOD-2562	食べログ	食べログ 百名店	百名店	焼肉	2020	WEST	焼肉の吉田 本店	大阪府	https://award.tabelog.com/hyakumeiten/yakiniku_west/2020	46232	店舗照合済	食べログ 焼肉 WEST 百名店 2020 / 公式掲載順 87/100 / Tabelog ID 27000567
HYK2020-1793	FOD-2563	食べログ	食べログ 百名店	百名店	焼肉	2020	WEST	焼肉政ちゃん	大阪府	https://award.tabelog.com/hyakumeiten/yakiniku_west/2020	46232	店舗照合済	食べログ 焼肉 WEST 百名店 2020 / 公式掲載順 88/100 / Tabelog ID 27023255
HYK2020-1794	FOD-2564	食べログ	食べログ 百名店	百名店	焼肉	2020	WEST	焼肉&グリル　貴坂	兵庫県	https://award.tabelog.com/hyakumeiten/yakiniku_west/2020	46232	店舗照合済	食べログ 焼肉 WEST 百名店 2020 / 公式掲載順 89/100 / Tabelog ID 28031858
HYK2020-1795	FOD-2565	食べログ	食べログ 百名店	百名店	焼肉	2020	WEST	京の焼肉処 弘 三条木屋町店	京都府	https://award.tabelog.com/hyakumeiten/yakiniku_west/2020	46232	店舗照合済	食べログ 焼肉 WEST 百名店 2020 / 公式掲載順 90/100 / Tabelog ID 26000947
HYK2020-1796	FOD-2566	食べログ	食べログ 百名店	百名店	焼肉	2020	WEST	力飯店	福岡県	https://award.tabelog.com/hyakumeiten/yakiniku_west/2020	46232	店舗照合済	食べログ 焼肉 WEST 百名店 2020 / 公式掲載順 91/100 / Tabelog ID 40005186
HYK2020-1797	FOD-2567	食べログ	食べログ 百名店	百名店	焼肉	2020	WEST	オカダ食品株式会社	兵庫県	https://award.tabelog.com/hyakumeiten/yakiniku_west/2020	46232	店舗照合済	食べログ 焼肉 WEST 百名店 2020 / 公式掲載順 92/100 / Tabelog ID 28042651
HYK2020-1798	FOD-2568	食べログ	食べログ 百名店	百名店	焼肉	2020	WEST	松蘭	大阪府	https://award.tabelog.com/hyakumeiten/yakiniku_west/2020	46232	店舗照合済	食べログ 焼肉 WEST 百名店 2020 / 公式掲載順 93/100 / Tabelog ID 27015864
HYK2020-1799	FOD-2569	食べログ	食べログ 百名店	百名店	焼肉	2020	WEST	鶴屋	兵庫県	https://award.tabelog.com/hyakumeiten/yakiniku_west/2020	46232	店舗照合済	食べログ 焼肉 WEST 百名店 2020 / 公式掲載順 94/100 / Tabelog ID 28007472
HYK2020-1800	FOD-2570	食べログ	食べログ 百名店	百名店	焼肉	2020	WEST	厳選和牛 焼肉 犇屋 天満本店	大阪府	https://award.tabelog.com/hyakumeiten/yakiniku_west/2020	46232	店舗照合済	食べログ 焼肉 WEST 百名店 2020 / 公式掲載順 95/100 / Tabelog ID 27046669
HYK2020-1801	FOD-2571	食べログ	食べログ 百名店	百名店	焼肉	2020	WEST	満月	兵庫県	https://award.tabelog.com/hyakumeiten/yakiniku_west/2020	46232	店舗照合済	食べログ 焼肉 WEST 百名店 2020 / 公式掲載順 96/100 / Tabelog ID 28000918
HYK2020-1802	FOD-2572	食べログ	食べログ 百名店	百名店	焼肉	2020	WEST	味楽園	兵庫県	https://award.tabelog.com/hyakumeiten/yakiniku_west/2020	46232	店舗照合済	食べログ 焼肉 WEST 百名店 2020 / 公式掲載順 97/100 / Tabelog ID 28001406
HYK2020-1803	FOD-2573	食べログ	食べログ 百名店	百名店	焼肉	2020	WEST	なり田屋	京都府	https://award.tabelog.com/hyakumeiten/yakiniku_west/2020	46232	店舗照合済	食べログ 焼肉 WEST 百名店 2020 / 公式掲載順 98/100 / Tabelog ID 26001017
HYK2020-1804	FOD-0733	食べログ	食べログ 百名店	百名店	焼肉	2020	WEST	みょうが屋	宮崎県	https://award.tabelog.com/hyakumeiten/yakiniku_west/2020	46232	店舗照合済	食べログ 焼肉 WEST 百名店 2020 / 公式掲載順 99/100 / Tabelog ID 45000273
HYK2020-1805	FOD-2574	食べログ	食べログ 百名店	百名店	焼肉	2020	WEST	ソウル	大阪府	https://award.tabelog.com/hyakumeiten/yakiniku_west/2020	46232	店舗照合済	食べログ 焼肉 WEST 百名店 2020 / 公式掲載順 100/100 / Tabelog ID 27003344
HYK2020-1806	FOD-2575	食べログ	食べログ 百名店	百名店	洋食	2020	全国	新富士本店	大阪府	https://award.tabelog.com/hyakumeiten/yoshoku/2020	46232	店舗照合済	食べログ 洋食 全国 百名店 2020 / 公式掲載順 1/100 / Tabelog ID 27019800
HYK2020-1807	FOD-2576	食べログ	食べログ 百名店	百名店	洋食	2020	全国	洋食キムラ 野毛店	神奈川県	https://award.tabelog.com/hyakumeiten/yoshoku/2020	46232	店舗照合済	食べログ 洋食 全国 百名店 2020 / 公式掲載順 2/100 / Tabelog ID 14000046
HYK2020-1808	FOD-2577	食べログ	食べログ 百名店	百名店	洋食	2020	全国	グリルばらの木	大阪府	https://award.tabelog.com/hyakumeiten/yoshoku/2020	46232	店舗照合済	食べログ 洋食 全国 百名店 2020 / 公式掲載順 3/100 / Tabelog ID 27000886
HYK2020-1809	FOD-2578	食べログ	食べログ 百名店	百名店	洋食	2020	全国	ポトフ	北海道	https://award.tabelog.com/hyakumeiten/yoshoku/2020	46232	店舗照合済	食べログ 洋食 全国 百名店 2020 / 公式掲載順 4/100 / Tabelog ID 1001222
HYK2020-1810	FOD-2579	食べログ	食べログ 百名店	百名店	洋食	2020	全国	洋食 キラク	東京都	https://award.tabelog.com/hyakumeiten/yoshoku/2020	46232	店舗照合済	食べログ 洋食 全国 百名店 2020 / 公式掲載順 5/100 / Tabelog ID 13003057
HYK2020-1811	FOD-2580	食べログ	食べログ 百名店	百名店	洋食	2020	全国	コリス	京都府	https://award.tabelog.com/hyakumeiten/yoshoku/2020	46232	店舗照合済	食べログ 洋食 全国 百名店 2020 / 公式掲載順 6/100 / Tabelog ID 26006119
HYK2020-1812	FOD-2581	食べログ	食べログ 百名店	百名店	洋食	2020	全国	キッチンれん	東京都	https://award.tabelog.com/hyakumeiten/yoshoku/2020	46232	店舗照合済	食べログ 洋食 全国 百名店 2020 / 公式掲載順 7/100 / Tabelog ID 13014520
HYK2020-1813	FOD-2582	食べログ	食べログ 百名店	百名店	洋食	2020	全国	ヨシカミ 浅草店	東京都	https://award.tabelog.com/hyakumeiten/yoshoku/2020	46232	店舗照合済	食べログ 洋食 全国 百名店 2020 / 公式掲載順 8/100 / Tabelog ID 13003654
HYK2020-1814	FOD-2583	食べログ	食べログ 百名店	百名店	洋食	2020	全国	小古食堂	東京都	https://award.tabelog.com/hyakumeiten/yoshoku/2020	46232	店舗照合済	食べログ 洋食 全国 百名店 2020 / 公式掲載順 9/100 / Tabelog ID 13111762
HYK2020-1815	FOD-2584	食べログ	食べログ 百名店	百名店	洋食	2020	全国	旬香亭	東京都	https://award.tabelog.com/hyakumeiten/yoshoku/2020	46232	店舗照合済	食べログ 洋食 全国 百名店 2020 / 公式掲載順 10/100 / Tabelog ID 13175757
HYK2020-1816	FOD-2585	食べログ	食べログ 百名店	百名店	洋食	2020	全国	洋食の朝日	兵庫県	https://award.tabelog.com/hyakumeiten/yoshoku/2020	46232	店舗照合済	食べログ 洋食 全国 百名店 2020 / 公式掲載順 11/100 / Tabelog ID 28000591
HYK2020-1817	FOD-2586	食べログ	食べログ 百名店	百名店	洋食	2020	全国	Ｇｒｉｌｌマッシュ	東京都	https://award.tabelog.com/hyakumeiten/yoshoku/2020	46232	店舗照合済	食べログ 洋食 全国 百名店 2020 / 公式掲載順 12/100 / Tabelog ID 13043306
HYK2020-1818	FOD-2587	食べログ	食べログ 百名店	百名店	洋食	2020	全国	三福亭	東京都	https://award.tabelog.com/hyakumeiten/yoshoku/2020	46232	店舗照合済	食べログ 洋食 全国 百名店 2020 / 公式掲載順 13/100 / Tabelog ID 13059379
HYK2020-1819	FOD-2588	食べログ	食べログ 百名店	百名店	洋食	2020	全国	明治の館	栃木県	https://award.tabelog.com/hyakumeiten/yoshoku/2020	46232	店舗照合済	食べログ 洋食 全国 百名店 2020 / 公式掲載順 14/100 / Tabelog ID 9000107
HYK2020-1820	FOD-2589	食べログ	食べログ 百名店	百名店	洋食	2020	全国	むさしや	東京都	https://award.tabelog.com/hyakumeiten/yoshoku/2020	46232	店舗照合済	食べログ 洋食 全国 百名店 2020 / 公式掲載順 15/100 / Tabelog ID 13023938
HYK2020-1821	FOD-2590	食べログ	食べログ 百名店	百名店	洋食	2020	全国	レストラン香味屋	東京都	https://award.tabelog.com/hyakumeiten/yoshoku/2020	46232	店舗照合済	食べログ 洋食 全国 百名店 2020 / 公式掲載順 16/100 / Tabelog ID 13003752
HYK2020-1822	FOD-2591	食べログ	食べログ 百名店	百名店	洋食	2020	全国	洋食 小春軒	東京都	https://award.tabelog.com/hyakumeiten/yoshoku/2020	46232	店舗照合済	食べログ 洋食 全国 百名店 2020 / 公式掲載順 17/100 / Tabelog ID 13003031
HYK2020-1823	FOD-2592	食べログ	食べログ 百名店	百名店	洋食	2020	全国	キッチンさくらい	東京都	https://award.tabelog.com/hyakumeiten/yoshoku/2020	46232	店舗照合済	食べログ 洋食 全国 百名店 2020 / 公式掲載順 18/100 / Tabelog ID 13118917
HYK2020-1824	FOD-2593	食べログ	食べログ 百名店	百名店	洋食	2020	全国	ポッケ	大阪府	https://award.tabelog.com/hyakumeiten/yoshoku/2020	46232	店舗照合済	食べログ 洋食 全国 百名店 2020 / 公式掲載順 19/100 / Tabelog ID 27002873
HYK2020-1825	FOD-2594	食べログ	食べログ 百名店	百名店	洋食	2020	全国	ウチョウテン	東京都	https://award.tabelog.com/hyakumeiten/yoshoku/2020	46232	店舗照合済	食べログ 洋食 全国 百名店 2020 / 公式掲載順 20/100 / Tabelog ID 13003914
HYK2020-1826	FOD-2595	食べログ	食べログ 百名店	百名店	洋食	2020	全国	うちだ	東京都	https://award.tabelog.com/hyakumeiten/yoshoku/2020	46232	店舗照合済	食べログ 洋食 全国 百名店 2020 / 公式掲載順 21/100 / Tabelog ID 13008124
HYK2020-1827	FOD-2596	食べログ	食べログ 百名店	百名店	洋食	2020	全国	ゴメンネJIRO	大阪府	https://award.tabelog.com/hyakumeiten/yoshoku/2020	46232	店舗照合済	食べログ 洋食 全国 百名店 2020 / 公式掲載順 22/100 / Tabelog ID 27012753
HYK2020-1828	FOD-2597	食べログ	食べログ 百名店	百名店	洋食	2020	全国	洋食 三浦亭	東京都	https://award.tabelog.com/hyakumeiten/yoshoku/2020	46232	店舗照合済	食べログ 洋食 全国 百名店 2020 / 公式掲載順 23/100 / Tabelog ID 13040217
HYK2020-1829	FOD-2598	食べログ	食べログ 百名店	百名店	洋食	2020	全国	煉瓦亭	東京都	https://award.tabelog.com/hyakumeiten/yoshoku/2020	46232	店舗照合済	食べログ 洋食 全国 百名店 2020 / 公式掲載順 24/100 / Tabelog ID 13002430
HYK2020-1830	FOD-2599	食べログ	食べログ 百名店	百名店	洋食	2020	全国	資生堂パーラー 銀座本店	東京都	https://award.tabelog.com/hyakumeiten/yoshoku/2020	46232	店舗照合済	食べログ 洋食 全国 百名店 2020 / 公式掲載順 25/100 / Tabelog ID 13004938
HYK2020-1831	FOD-2600	食べログ	食べログ 百名店	百名店	洋食	2020	全国	キッチン チェック	東京都	https://award.tabelog.com/hyakumeiten/yoshoku/2020	46232	店舗照合済	食べログ 洋食 全国 百名店 2020 / 公式掲載順 26/100 / Tabelog ID 13003941
HYK2020-1832	FOD-2601	食べログ	食べログ 百名店	百名店	洋食	2020	全国	明治軒	大阪府	https://award.tabelog.com/hyakumeiten/yoshoku/2020	46232	店舗照合済	食べログ 洋食 全国 百名店 2020 / 公式掲載順 27/100 / Tabelog ID 27001834
HYK2020-1833	FOD-2602	食べログ	食べログ 百名店	百名店	洋食	2020	全国	ハンバーグ ウィル	東京都	https://award.tabelog.com/hyakumeiten/yoshoku/2020	46232	店舗照合済	食べログ 洋食 全国 百名店 2020 / 公式掲載順 28/100 / Tabelog ID 13041176
HYK2020-1834	FOD-2603	食べログ	食べログ 百名店	百名店	洋食	2020	全国	レストラン・サカキ	東京都	https://award.tabelog.com/hyakumeiten/yoshoku/2020	46232	店舗照合済	食べログ 洋食 全国 百名店 2020 / 公式掲載順 29/100 / Tabelog ID 13002443
HYK2020-1835	FOD-2604	食べログ	食べログ 百名店	百名店	洋食	2020	全国	レストラン クインベル	東京都	https://award.tabelog.com/hyakumeiten/yoshoku/2020	46232	店舗照合済	食べログ 洋食 全国 百名店 2020 / 公式掲載順 30/100 / Tabelog ID 13017962
HYK2020-1836	FOD-2605	食べログ	食べログ 百名店	百名店	洋食	2020	全国	キッチン パンチ	東京都	https://award.tabelog.com/hyakumeiten/yoshoku/2020	46232	店舗照合済	食べログ 洋食 全国 百名店 2020 / 公式掲載順 31/100 / Tabelog ID 13018284
HYK2020-1837	FOD-2606	食べログ	食べログ 百名店	百名店	洋食	2020	全国	キッチン ノム	愛知県	https://award.tabelog.com/hyakumeiten/yoshoku/2020	46232	店舗照合済	食べログ 洋食 全国 百名店 2020 / 公式掲載順 32/100 / Tabelog ID 23038279
HYK2020-1838	FOD-2607	食べログ	食べログ 百名店	百名店	洋食	2020	全国	洋食の店　みしな	京都府	https://award.tabelog.com/hyakumeiten/yoshoku/2020	46232	店舗照合済	食べログ 洋食 全国 百名店 2020 / 公式掲載順 33/100 / Tabelog ID 26001870
HYK2020-1839	FOD-2608	食べログ	食べログ 百名店	百名店	洋食	2020	全国	チャモロ	東京都	https://award.tabelog.com/hyakumeiten/yoshoku/2020	46232	店舗照合済	食べログ 洋食 全国 百名店 2020 / 公式掲載順 34/100 / Tabelog ID 13003160
HYK2020-1840	FOD-2609	食べログ	食べログ 百名店	百名店	洋食	2020	全国	ザ・カフェ	神奈川県	https://award.tabelog.com/hyakumeiten/yoshoku/2020	46232	店舗照合済	食べログ 洋食 全国 百名店 2020 / 公式掲載順 35/100 / Tabelog ID 14000136
HYK2020-1841	FOD-2610	食べログ	食べログ 百名店	百名店	洋食	2020	全国	グリル一平 新開地本店	兵庫県	https://award.tabelog.com/hyakumeiten/yoshoku/2020	46232	店舗照合済	食べログ 洋食 全国 百名店 2020 / 公式掲載順 36/100 / Tabelog ID 28000390
HYK2020-1842	FOD-2611	食べログ	食べログ 百名店	百名店	洋食	2020	全国	厳選洋食さくらい	東京都	https://award.tabelog.com/hyakumeiten/yoshoku/2020	46232	店舗照合済	食べログ 洋食 全国 百名店 2020 / 公式掲載順 37/100 / Tabelog ID 13003638
HYK2020-1843	FOD-2612	食べログ	食べログ 百名店	百名店	洋食	2020	全国	欧風料理　もん	兵庫県	https://award.tabelog.com/hyakumeiten/yoshoku/2020	46232	店舗照合済	食べログ 洋食 全国 百名店 2020 / 公式掲載順 38/100 / Tabelog ID 28000531
HYK2020-1844	FOD-2613	食べログ	食べログ 百名店	百名店	洋食	2020	全国	伊藤グリル	兵庫県	https://award.tabelog.com/hyakumeiten/yoshoku/2020	46232	店舗照合済	食べログ 洋食 全国 百名店 2020 / 公式掲載順 39/100 / Tabelog ID 28000847
HYK2020-1845	FOD-2614	食べログ	食べログ 百名店	百名店	洋食	2020	全国	洋食屋 綺・Luck	神奈川県	https://award.tabelog.com/hyakumeiten/yoshoku/2020	46232	店舗照合済	食べログ 洋食 全国 百名店 2020 / 公式掲載順 40/100 / Tabelog ID 14005150
HYK2020-1846	FOD-2615	食べログ	食べログ 百名店	百名店	洋食	2020	全国	南蛮 銀圓亭	東京都	https://award.tabelog.com/hyakumeiten/yoshoku/2020	46232	店舗照合済	食べログ 洋食 全国 百名店 2020 / 公式掲載順 41/100 / Tabelog ID 13002305
HYK2020-1847	FOD-2616	食べログ	食べログ 百名店	百名店	洋食	2020	全国	七條	東京都	https://award.tabelog.com/hyakumeiten/yoshoku/2020	46232	店舗照合済	食べログ 洋食 全国 百名店 2020 / 公式掲載順 42/100 / Tabelog ID 13152996
HYK2020-1848	FOD-2617	食べログ	食べログ 百名店	百名店	洋食	2020	全国	ジャンジャンブル	大阪府	https://award.tabelog.com/hyakumeiten/yoshoku/2020	46232	店舗照合済	食べログ 洋食 全国 百名店 2020 / 公式掲載順 43/100 / Tabelog ID 27014753
HYK2020-1849	FOD-2618	食べログ	食べログ 百名店	百名店	洋食	2020	全国	黒船亭	東京都	https://award.tabelog.com/hyakumeiten/yoshoku/2020	46232	店舗照合済	食べログ 洋食 全国 百名店 2020 / 公式掲載順 44/100 / Tabelog ID 13003640
HYK2020-1850	FOD-2619	食べログ	食べログ 百名店	百名店	洋食	2020	全国	レストラン桂	東京都	https://award.tabelog.com/hyakumeiten/yoshoku/2020	46232	店舗照合済	食べログ 洋食 全国 百名店 2020 / 公式掲載順 45/100 / Tabelog ID 13011199
HYK2020-1851	FOD-2620	食べログ	食べログ 百名店	百名店	洋食	2020	全国	洋食 おがた	京都府	https://award.tabelog.com/hyakumeiten/yoshoku/2020	46232	店舗照合済	食べログ 洋食 全国 百名店 2020 / 公式掲載順 46/100 / Tabelog ID 26026540
HYK2020-1852	FOD-2621	食べログ	食べログ 百名店	百名店	洋食	2020	全国	プクプク亭	神奈川県	https://award.tabelog.com/hyakumeiten/yoshoku/2020	46232	店舗照合済	食べログ 洋食 全国 百名店 2020 / 公式掲載順 47/100 / Tabelog ID 14042473
HYK2020-1853	FOD-2622	食べログ	食べログ 百名店	百名店	洋食	2020	全国	マルシェ	兵庫県	https://award.tabelog.com/hyakumeiten/yoshoku/2020	46232	店舗照合済	食べログ 洋食 全国 百名店 2020 / 公式掲載順 48/100 / Tabelog ID 28001012
HYK2020-1854	FOD-2623	食べログ	食べログ 百名店	百名店	洋食	2020	全国	おきな堂	長野県	https://award.tabelog.com/hyakumeiten/yoshoku/2020	46232	店舗照合済	食べログ 洋食 全国 百名店 2020 / 公式掲載順 49/100 / Tabelog ID 20000098
HYK2020-1855	FOD-2624	食べログ	食べログ 百名店	百名店	洋食	2020	全国	蜂の子	東京都	https://award.tabelog.com/hyakumeiten/yoshoku/2020	46232	店舗照合済	食べログ 洋食 全国 百名店 2020 / 公式掲載順 50/100 / Tabelog ID 13148773
HYK2020-1856	FOD-2625	食べログ	食べログ 百名店	百名店	洋食	2020	全国	フランキーアンドトリニティー	東京都	https://award.tabelog.com/hyakumeiten/yoshoku/2020	46232	店舗照合済	食べログ 洋食 全国 百名店 2020 / 公式掲載順 51/100 / Tabelog ID 13046008
HYK2020-1857	FOD-0528	食べログ	食べログ 百名店	百名店	洋食	2020	全国	グリルフレンチ	京都府	https://award.tabelog.com/hyakumeiten/yoshoku/2020	46232	店舗照合済	食べログ 洋食 全国 百名店 2020 / 公式掲載順 52/100 / Tabelog ID 26000658
HYK2020-1858	FOD-2626	食べログ	食べログ 百名店	百名店	洋食	2020	全国	レストラン吾妻	東京都	https://award.tabelog.com/hyakumeiten/yoshoku/2020	46232	店舗照合済	食べログ 洋食 全国 百名店 2020 / 公式掲載順 53/100 / Tabelog ID 13002953
HYK2020-1859	FOD-2627	食べログ	食べログ 百名店	百名店	洋食	2020	全国	グリル佐久良	東京都	https://award.tabelog.com/hyakumeiten/yoshoku/2020	46232	店舗照合済	食べログ 洋食 全国 百名店 2020 / 公式掲載順 54/100 / Tabelog ID 13003755
HYK2020-1860	FOD-2628	食べログ	食べログ 百名店	百名店	洋食	2020	全国	グリルエフ	東京都	https://award.tabelog.com/hyakumeiten/yoshoku/2020	46232	店舗照合済	食べログ 洋食 全国 百名店 2020 / 公式掲載順 55/100 / Tabelog ID 13001552
HYK2020-1861	FOD-2629	食べログ	食べログ 百名店	百名店	洋食	2020	全国	御堂筋 ロッヂ	大阪府	https://award.tabelog.com/hyakumeiten/yoshoku/2020	46232	店舗照合済	食べログ 洋食 全国 百名店 2020 / 公式掲載順 56/100 / Tabelog ID 27059987
HYK2020-1862	FOD-2630	食べログ	食べログ 百名店	百名店	洋食	2020	全国	kitchen俊貴	愛知県	https://award.tabelog.com/hyakumeiten/yoshoku/2020	46232	店舗照合済	食べログ 洋食 全国 百名店 2020 / 公式掲載順 57/100 / Tabelog ID 23070084
HYK2020-1863	FOD-2631	食べログ	食べログ 百名店	百名店	洋食	2020	全国	ルー・ド・メール	東京都	https://award.tabelog.com/hyakumeiten/yoshoku/2020	46232	店舗照合済	食べログ 洋食 全国 百名店 2020 / 公式掲載順 58/100 / Tabelog ID 13009148
HYK2020-1864	FOD-2632	食べログ	食べログ 百名店	百名店	洋食	2020	全国	C.D.TAKOH	大阪府	https://award.tabelog.com/hyakumeiten/yoshoku/2020	46232	店舗照合済	食べログ 洋食 全国 百名店 2020 / 公式掲載順 59/100 / Tabelog ID 27000621
HYK2020-1865	FOD-2633	食べログ	食べログ 百名店	百名店	洋食	2020	全国	Revo 本店	大阪府	https://award.tabelog.com/hyakumeiten/yoshoku/2020	46232	店舗照合済	食べログ 洋食 全国 百名店 2020 / 公式掲載順 60/100 / Tabelog ID 27007738
HYK2020-1866	FOD-2634	食べログ	食べログ 百名店	百名店	洋食	2020	全国	洋食屋牛銀	三重県	https://award.tabelog.com/hyakumeiten/yoshoku/2020	46232	店舗照合済	食べログ 洋食 全国 百名店 2020 / 公式掲載順 61/100 / Tabelog ID 24000063
HYK2020-1867	FOD-2635	食べログ	食べログ 百名店	百名店	洋食	2020	全国	東洋軒 名古屋三越店	愛知県	https://award.tabelog.com/hyakumeiten/yoshoku/2020	46232	店舗照合済	食べログ 洋食 全国 百名店 2020 / 公式掲載順 62/100 / Tabelog ID 23000694
HYK2020-1868	FOD-2636	食べログ	食べログ 百名店	百名店	洋食	2020	全国	グリルK 千石本店	東京都	https://award.tabelog.com/hyakumeiten/yoshoku/2020	46232	店舗照合済	食べログ 洋食 全国 百名店 2020 / 公式掲載順 63/100 / Tabelog ID 13059129
HYK2020-1869	FOD-2637	食べログ	食べログ 百名店	百名店	洋食	2020	全国	キッチン心	愛知県	https://award.tabelog.com/hyakumeiten/yoshoku/2020	46232	店舗照合済	食べログ 洋食 全国 百名店 2020 / 公式掲載順 64/100 / Tabelog ID 23013608
HYK2020-1870	FOD-2638	食べログ	食べログ 百名店	百名店	洋食	2020	全国	Toshi	北海道	https://award.tabelog.com/hyakumeiten/yoshoku/2020	46232	店舗照合済	食べログ 洋食 全国 百名店 2020 / 公式掲載順 65/100 / Tabelog ID 1009680
HYK2020-1871	FOD-2639	食べログ	食べログ 百名店	百名店	洋食	2020	全国	グリル一平 三宮店	兵庫県	https://award.tabelog.com/hyakumeiten/yoshoku/2020	46232	店舗照合済	食べログ 洋食 全国 百名店 2020 / 公式掲載順 66/100 / Tabelog ID 28031154
HYK2020-1872	FOD-2640	食べログ	食べログ 百名店	百名店	洋食	2020	全国	ノースコンチネント MACHI NO NAKA	北海道	https://award.tabelog.com/hyakumeiten/yoshoku/2020	46232	店舗照合済	食べログ 洋食 全国 百名店 2020 / 公式掲載順 67/100 / Tabelog ID 1024277
HYK2020-1873	FOD-2641	食べログ	食べログ 百名店	百名店	洋食	2020	全国	エルベ	東京都	https://award.tabelog.com/hyakumeiten/yoshoku/2020	46232	店舗照合済	食べログ 洋食 全国 百名店 2020 / 公式掲載順 68/100 / Tabelog ID 13007617
HYK2020-1874	FOD-2642	食べログ	食べログ 百名店	百名店	洋食	2020	全国	グリル 小宝	京都府	https://award.tabelog.com/hyakumeiten/yoshoku/2020	46232	店舗照合済	食べログ 洋食 全国 百名店 2020 / 公式掲載順 69/100 / Tabelog ID 26000009
HYK2020-1875	FOD-2643	食べログ	食べログ 百名店	百名店	洋食	2020	全国	津々井	東京都	https://award.tabelog.com/hyakumeiten/yoshoku/2020	46232	店舗照合済	食べログ 洋食 全国 百名店 2020 / 公式掲載順 70/100 / Tabelog ID 13002395
HYK2020-1876	FOD-2644	食べログ	食べログ 百名店	百名店	洋食	2020	全国	美味卵家	東京都	https://award.tabelog.com/hyakumeiten/yoshoku/2020	46232	店舗照合済	食べログ 洋食 全国 百名店 2020 / 公式掲載順 71/100 / Tabelog ID 13009141
HYK2020-1877	FOD-2645	食べログ	食べログ 百名店	百名店	洋食	2020	全国	めぐろ三ツ星食堂	東京都	https://award.tabelog.com/hyakumeiten/yoshoku/2020	46232	店舗照合済	食べログ 洋食 全国 百名店 2020 / 公式掲載順 72/100 / Tabelog ID 13013942
HYK2020-1878	FOD-2646	食べログ	食べログ 百名店	百名店	洋食	2020	全国	おまかせ亭	東京都	https://award.tabelog.com/hyakumeiten/yoshoku/2020	46232	店舗照合済	食べログ 洋食 全国 百名店 2020 / 公式掲載順 73/100 / Tabelog ID 13007048
HYK2020-1879	FOD-2647	食べログ	食べログ 百名店	百名店	洋食	2020	全国	洋食の店 橋本	熊本県	https://award.tabelog.com/hyakumeiten/yoshoku/2020	46232	店舗照合済	食べログ 洋食 全国 百名店 2020 / 公式掲載順 74/100 / Tabelog ID 43000997
HYK2020-1880	FOD-2648	食べログ	食べログ 百名店	百名店	洋食	2020	全国	洋食屋 ふじ家	大阪府	https://award.tabelog.com/hyakumeiten/yoshoku/2020	46232	店舗照合済	食べログ 洋食 全国 百名店 2020 / 公式掲載順 75/100 / Tabelog ID 27012521
HYK2020-1881	FOD-2649	食べログ	食べログ 百名店	百名店	洋食	2020	全国	たいめいけん	東京都	https://award.tabelog.com/hyakumeiten/yoshoku/2020	46232	店舗照合済	食べログ 洋食 全国 百名店 2020 / 公式掲載順 76/100 / Tabelog ID 13000488
HYK2020-1882	FOD-2650	食べログ	食べログ 百名店	百名店	洋食	2020	全国	銀之塔	東京都	https://award.tabelog.com/hyakumeiten/yoshoku/2020	46232	店舗照合済	食べログ 洋食 全国 百名店 2020 / 公式掲載順 77/100 / Tabelog ID 13002320
HYK2020-1883	FOD-2651	食べログ	食べログ 百名店	百名店	洋食	2020	全国	ムグニ	大阪府	https://award.tabelog.com/hyakumeiten/yoshoku/2020	46232	店舗照合済	食べログ 洋食 全国 百名店 2020 / 公式掲載順 78/100 / Tabelog ID 27014566
HYK2020-1884	FOD-2652	食べログ	食べログ 百名店	百名店	洋食	2020	全国	東洋軒	東京都	https://award.tabelog.com/hyakumeiten/yoshoku/2020	46232	店舗照合済	食べログ 洋食 全国 百名店 2020 / 公式掲載順 79/100 / Tabelog ID 13164394
HYK2020-1885	FOD-2653	食べログ	食べログ 百名店	百名店	洋食	2020	全国	重亭	大阪府	https://award.tabelog.com/hyakumeiten/yoshoku/2020	46232	店舗照合済	食べログ 洋食 全国 百名店 2020 / 公式掲載順 80/100 / Tabelog ID 27001308
HYK2020-1886	FOD-2654	食べログ	食べログ 百名店	百名店	洋食	2020	全国	レストラン西櫻亭 新宿店	東京都	https://award.tabelog.com/hyakumeiten/yoshoku/2020	46232	店舗照合済	食べログ 洋食 全国 百名店 2020 / 公式掲載順 81/100 / Tabelog ID 13012100
HYK2020-1887	FOD-2655	食べログ	食べログ 百名店	百名店	洋食	2020	全国	ミート矢澤	東京都	https://award.tabelog.com/hyakumeiten/yoshoku/2020	46232	店舗照合済	食べログ 洋食 全国 百名店 2020 / 公式掲載順 82/100 / Tabelog ID 13042320
HYK2020-1888	FOD-2656	食べログ	食べログ 百名店	百名店	洋食	2020	全国	紅花別館	東京都	https://award.tabelog.com/hyakumeiten/yoshoku/2020	46232	店舗照合済	食べログ 洋食 全国 百名店 2020 / 公式掲載順 83/100 / Tabelog ID 13000487
HYK2020-1889	FOD-2657	食べログ	食べログ 百名店	百名店	洋食	2020	全国	キッチン たか	東京都	https://award.tabelog.com/hyakumeiten/yoshoku/2020	46232	店舗照合済	食べログ 洋食 全国 百名店 2020 / 公式掲載順 84/100 / Tabelog ID 13130525
HYK2020-1890	FOD-2658	食べログ	食べログ 百名店	百名店	洋食	2020	全国	さん源	大阪府	https://award.tabelog.com/hyakumeiten/yoshoku/2020	46232	店舗照合済	食べログ 洋食 全国 百名店 2020 / 公式掲載順 85/100 / Tabelog ID 27003946
HYK2020-1891	FOD-2659	食べログ	食べログ 百名店	百名店	洋食	2020	全国	そよいち	東京都	https://award.tabelog.com/hyakumeiten/yoshoku/2020	46232	店舗照合済	食べログ 洋食 全国 百名店 2020 / 公式掲載順 86/100 / Tabelog ID 13056047
HYK2020-1892	FOD-2660	食べログ	食べログ 百名店	百名店	洋食	2020	全国	キッチン大正軒	東京都	https://award.tabelog.com/hyakumeiten/yoshoku/2020	46232	店舗照合済	食べログ 洋食 全国 百名店 2020 / 公式掲載順 87/100 / Tabelog ID 13054085
HYK2020-1893	FOD-2661	食べログ	食べログ 百名店	百名店	洋食	2020	全国	銀座スイス	東京都	https://award.tabelog.com/hyakumeiten/yoshoku/2020	46232	店舗照合済	食べログ 洋食 全国 百名店 2020 / 公式掲載順 88/100 / Tabelog ID 13002462
HYK2020-1894	FOD-2662	食べログ	食べログ 百名店	百名店	洋食	2020	全国	麻布食堂	東京都	https://award.tabelog.com/hyakumeiten/yoshoku/2020	46232	店舗照合済	食べログ 洋食 全国 百名店 2020 / 公式掲載順 89/100 / Tabelog ID 13243727
HYK2020-1895	FOD-2663	食べログ	食べログ 百名店	百名店	洋食	2020	全国	南欧料理　アンジュ	愛知県	https://award.tabelog.com/hyakumeiten/yoshoku/2020	46232	店舗照合済	食べログ 洋食 全国 百名店 2020 / 公式掲載順 90/100 / Tabelog ID 23000400
HYK2020-1896	FOD-2664	食べログ	食べログ 百名店	百名店	洋食	2020	全国	グリル末松	兵庫県	https://award.tabelog.com/hyakumeiten/yoshoku/2020	46232	店舗照合済	食べログ 洋食 全国 百名店 2020 / 公式掲載順 91/100 / Tabelog ID 28000394
HYK2020-1897	FOD-2665	食べログ	食べログ 百名店	百名店	洋食	2020	全国	グリル グランド	東京都	https://award.tabelog.com/hyakumeiten/yoshoku/2020	46232	店舗照合済	食べログ 洋食 全国 百名店 2020 / 公式掲載順 92/100 / Tabelog ID 13008702
HYK2020-1898	FOD-2666	食べログ	食べログ 百名店	百名店	洋食	2020	全国	はふう 本店	京都府	https://award.tabelog.com/hyakumeiten/yoshoku/2020	46232	店舗照合済	食べログ 洋食 全国 百名店 2020 / 公式掲載順 93/100 / Tabelog ID 26000943
HYK2020-1899	FOD-2667	食べログ	食べログ 百名店	百名店	洋食	2020	全国	キッチン南海 神保町店	東京都	https://award.tabelog.com/hyakumeiten/yoshoku/2020	46232	店舗照合済	食べログ 洋食 全国 百名店 2020 / 公式掲載順 94/100 / Tabelog ID 13000612
HYK2020-1900	FOD-2668	食べログ	食べログ 百名店	百名店	洋食	2020	全国	ヒッコリー 本店	愛知県	https://award.tabelog.com/hyakumeiten/yoshoku/2020	46232	店舗照合済	食べログ 洋食 全国 百名店 2020 / 公式掲載順 95/100 / Tabelog ID 23000420
HYK2020-1901	FOD-2669	食べログ	食べログ 百名店	百名店	洋食	2020	全国	洋食 泉	大阪府	https://award.tabelog.com/hyakumeiten/yoshoku/2020	46232	店舗照合済	食べログ 洋食 全国 百名店 2020 / 公式掲載順 96/100 / Tabelog ID 27004326
HYK2020-1902	FOD-2670	食べログ	食べログ 百名店	百名店	洋食	2020	全国	みかわや	東京都	https://award.tabelog.com/hyakumeiten/yoshoku/2020	46232	店舗照合済	食べログ 洋食 全国 百名店 2020 / 公式掲載順 97/100 / Tabelog ID 13002421
HYK2020-1903	FOD-2671	食べログ	食べログ 百名店	百名店	洋食	2020	全国	小川軒	東京都	https://award.tabelog.com/hyakumeiten/yoshoku/2020	46232	店舗照合済	食べログ 洋食 全国 百名店 2020 / 公式掲載順 98/100 / Tabelog ID 13005532
HYK2020-1904	FOD-2672	食べログ	食べログ 百名店	百名店	洋食	2020	全国	赤坂 津つ井 総本店	東京都	https://award.tabelog.com/hyakumeiten/yoshoku/2020	46232	店舗照合済	食べログ 洋食 全国 百名店 2020 / 公式掲載順 99/100 / Tabelog ID 13002829
HYK2020-1905	FOD-2673	食べログ	食べログ 百名店	百名店	洋食	2020	全国	レストラン カタヤマ 東向島本店	東京都	https://award.tabelog.com/hyakumeiten/yoshoku/2020	46232	店舗照合済	食べログ 洋食 全国 百名店 2020 / 公式掲載順 100/100 / Tabelog ID 13017945
