store_id	正式店名	店名かな	別名・旧名	施設区分	大ジャンル	小ジャンル	都道府県	市区町村	住所	緯度	経度	最寄駅・交通	電話番号	公式URL	食べログURL	GoogleマップURL	営業状態	予約区分	昼予算	夜予算	最終確認日	確認状態	備考
FOD-0822	ブランジュリー パリの空の下			飲食店	パン	食べログ パン 百名店 2020	東京都					東京都 若林駅			https://tabelog.com/tokyo/A1317/A131709/13100024/		未確認				46232	店舗照合済	食べログ 百名店 2020 / パン TOKYO / Tabelog ID 13100024 / https://award.tabelog.com/hyakumeiten/bread_tokyo/2020
FOD-0823	イエンセン			飲食店	パン	食べログ パン 百名店 2020	東京都					東京都 代々木八幡駅			https://tabelog.com/tokyo/A1318/A131810/13007309/		未確認				46232	店舗照合済	食べログ 百名店 2020 / パン TOKYO / Tabelog ID 13007309 / https://award.tabelog.com/hyakumeiten/bread_tokyo/2020
FOD-0824	ファクトリー			飲食店	パン	食べログ パン 百名店 2020	東京都					東京都 市ケ谷駅			https://tabelog.com/tokyo/A1309/A130904/13093265/		未確認				46232	店舗照合済	食べログ 百名店 2020 / パン TOKYO / Tabelog ID 13093265 / https://award.tabelog.com/hyakumeiten/bread_tokyo/2020
FOD-0825	パネッテリア・アリエッタ 五反田本店			飲食店	パン	食べログ パン 百名店 2020	東京都					東京都 五反田駅			https://tabelog.com/tokyo/A1316/A131603/13019888/		未確認				46232	店舗照合済	食べログ 百名店 2020 / パン TOKYO / Tabelog ID 13019888 / https://award.tabelog.com/hyakumeiten/bread_tokyo/2020
FOD-0826	ブーランジェリー セイジアサクラ			飲食店	パン	食べログ パン 百名店 2020	東京都					東京都 高輪台駅			https://tabelog.com/tokyo/A1316/A131603/13055881/		未確認				46232	店舗照合済	食べログ 百名店 2020 / パン TOKYO / Tabelog ID 13055881 / https://award.tabelog.com/hyakumeiten/bread_tokyo/2020
FOD-0827	ジャン・フランソワ Echika表参道			飲食店	パン	食べログ パン 百名店 2020	東京都					東京都 表参道駅			https://tabelog.com/tokyo/A1306/A130602/13020396/		未確認				46232	店舗照合済	食べログ 百名店 2020 / パン TOKYO / Tabelog ID 13020396 / https://award.tabelog.com/hyakumeiten/bread_tokyo/2020
FOD-0828	ラ ブティック ドゥ ジョエル・ロブション 丸の内ブリックスクエア店			飲食店	パン	食べログ パン 百名店 2020	東京都					東京都 二重橋前駅			https://tabelog.com/tokyo/A1302/A130201/13096409/		未確認				46232	店舗照合済	食べログ 百名店 2020 / パン TOKYO / Tabelog ID 13096409 / https://award.tabelog.com/hyakumeiten/bread_tokyo/2020
FOD-0829	365日			飲食店	パン	食べログ パン 百名店 2020	東京都					東京都 代々木公園駅			https://tabelog.com/tokyo/A1318/A131810/13164031/		未確認				46232	店舗照合済	食べログ 百名店 2020 / パン TOKYO / Tabelog ID 13164031 / https://award.tabelog.com/hyakumeiten/bread_tokyo/2020
FOD-0830	パンとエスプレッソと			飲食店	パン	食べログ パン 百名店 2020	東京都					東京都 表参道駅			https://tabelog.com/tokyo/A1306/A130602/13090477/		未確認				46232	店舗照合済	食べログ 百名店 2020 / パン TOKYO / Tabelog ID 13090477 / https://award.tabelog.com/hyakumeiten/bread_tokyo/2020
FOD-0831	リンデ 吉祥寺本店			飲食店	パン	食べログ パン 百名店 2020	東京都					東京都 吉祥寺駅			https://tabelog.com/tokyo/A1320/A132001/13005831/		未確認				46232	店舗照合済	食べログ 百名店 2020 / パン TOKYO / Tabelog ID 13005831 / https://award.tabelog.com/hyakumeiten/bread_tokyo/2020
FOD-0832	ブーランジェリー スドウ			飲食店	パン	食べログ パン 百名店 2020	東京都					東京都 松陰神社前駅			https://tabelog.com/tokyo/A1317/A131709/13098861/		未確認				46232	店舗照合済	食べログ 百名店 2020 / パン TOKYO / Tabelog ID 13098861 / https://award.tabelog.com/hyakumeiten/bread_tokyo/2020
FOD-0833	AOSAN			飲食店	パン	食べログ パン 百名店 2020	東京都					東京都 仙川駅			https://tabelog.com/tokyo/A1326/A132601/13047751/		未確認				46232	店舗照合済	食べログ 百名店 2020 / パン TOKYO / Tabelog ID 13047751 / https://award.tabelog.com/hyakumeiten/bread_tokyo/2020
FOD-0834	シニフィアン シニフィエ 日本橋タカシマヤ店			飲食店	パン	食べログ パン 百名店 2020	東京都					東京都 日本橋駅			https://tabelog.com/tokyo/A1302/A130202/13054419/		未確認				46232	店舗照合済	食べログ 百名店 2020 / パン TOKYO / Tabelog ID 13054419 / https://award.tabelog.com/hyakumeiten/bread_tokyo/2020
FOD-0835	パン・デ・フィロゾフ			飲食店	パン	食べログ パン 百名店 2020	東京都					東京都 神楽坂駅			https://tabelog.com/tokyo/A1309/A130905/13213156/		未確認				46232	店舗照合済	食べログ 百名店 2020 / パン TOKYO / Tabelog ID 13213156 / https://award.tabelog.com/hyakumeiten/bread_tokyo/2020
FOD-0836	エスプリ・ド・ビゴ			飲食店	パン	食べログ パン 百名店 2020	東京都					東京都 九品仏駅			https://tabelog.com/tokyo/A1317/A131703/13003252/		未確認				46232	店舗照合済	食べログ 百名店 2020 / パン TOKYO / Tabelog ID 13003252 / https://award.tabelog.com/hyakumeiten/bread_tokyo/2020
FOD-0837	モンシェール 東陽町工場			飲食店	パン	食べログ パン 百名店 2020	東京都					東京都 東陽町駅			https://tabelog.com/tokyo/A1313/A131303/13024396/		未確認				46232	店舗照合済	食べログ 百名店 2020 / パン TOKYO / Tabelog ID 13024396 / https://award.tabelog.com/hyakumeiten/bread_tokyo/2020
FOD-0838	マルイチベーグル			飲食店	パン	食べログ パン 百名店 2020	東京都					東京都 白金高輪駅			https://tabelog.com/tokyo/A1316/A131602/13010793/		未確認				46232	店舗照合済	食べログ 百名店 2020 / パン TOKYO / Tabelog ID 13010793 / https://award.tabelog.com/hyakumeiten/bread_tokyo/2020
FOD-0839	ル・グルニエ・ア・パン アトレ恵比寿店			飲食店	パン	食べログ パン 百名店 2020	東京都					東京都 恵比寿駅			https://tabelog.com/tokyo/A1303/A130302/13194633/		未確認				46232	店舗照合済	食べログ 百名店 2020 / パン TOKYO / Tabelog ID 13194633 / https://award.tabelog.com/hyakumeiten/bread_tokyo/2020
FOD-0840	ラ ブティック ドゥ ジョエル・ロブション 六本木ヒルズ店			飲食店	パン	食べログ パン 百名店 2020	東京都					東京都 六本木駅			https://tabelog.com/tokyo/A1307/A130701/13020237/		未確認				46232	店舗照合済	食べログ 百名店 2020 / パン TOKYO / Tabelog ID 13020237 / https://award.tabelog.com/hyakumeiten/bread_tokyo/2020
FOD-0841	ぶーる・ぶーる・ぶらんじぇり			飲食店	パン	食べログ パン 百名店 2020	東京都					東京都 八王子駅			https://tabelog.com/tokyo/A1329/A132904/13048885/		未確認				46232	店舗照合済	食べログ 百名店 2020 / パン TOKYO / Tabelog ID 13048885 / https://award.tabelog.com/hyakumeiten/bread_tokyo/2020
FOD-0842	BAGEL STANDARD			飲食店	パン	食べログ パン 百名店 2020	東京都					東京都 中目黒駅			https://tabelog.com/tokyo/A1317/A131701/13108159/		未確認				46232	店舗照合済	食べログ 百名店 2020 / パン TOKYO / Tabelog ID 13108159 / https://award.tabelog.com/hyakumeiten/bread_tokyo/2020
FOD-0843	ル・グルニエ・ア・パン			飲食店	パン	食べログ パン 百名店 2020	東京都					東京都 半蔵門駅			https://tabelog.com/tokyo/A1308/A130803/13011374/		未確認				46232	店舗照合済	食べログ 百名店 2020 / パン TOKYO / Tabelog ID 13011374 / https://award.tabelog.com/hyakumeiten/bread_tokyo/2020
FOD-0844	ジャンティーユ			飲食店	パン	食べログ パン 百名店 2020	東京都					東京都 目黒駅			https://tabelog.com/tokyo/A1316/A131601/13044382/		未確認				46232	店舗照合済	食べログ 百名店 2020 / パン TOKYO / Tabelog ID 13044382 / https://award.tabelog.com/hyakumeiten/bread_tokyo/2020
FOD-0845	ラトリエ･デュ･パン			飲食店	パン	食べログ パン 百名店 2020	東京都					東京都 六本木駅			https://tabelog.com/tokyo/A1307/A130701/13147689/		未確認				46232	店舗照合済	食べログ 百名店 2020 / パン TOKYO / Tabelog ID 13147689 / https://award.tabelog.com/hyakumeiten/bread_tokyo/2020
FOD-0846	ネモ・ベーカリー＆カフェ 武蔵小山 本店			飲食店	パン	食べログ パン 百名店 2020	東京都					東京都 武蔵小山駅			https://tabelog.com/tokyo/A1317/A131710/13045550/		未確認				46232	店舗照合済	食べログ 百名店 2020 / パン TOKYO / Tabelog ID 13045550 / https://award.tabelog.com/hyakumeiten/bread_tokyo/2020
FOD-0847	セントル ザ・ベーカリー			飲食店	パン	食べログ パン 百名店 2020	東京都					東京都 銀座一丁目駅			https://tabelog.com/tokyo/A1301/A130101/13157424/		未確認				46232	店舗照合済	食べログ 百名店 2020 / パン TOKYO / Tabelog ID 13157424 / https://award.tabelog.com/hyakumeiten/bread_tokyo/2020
FOD-0848	パーラー江古田			飲食店	パン	食べログ パン 百名店 2020	東京都					東京都 新桜台駅			https://tabelog.com/tokyo/A1321/A132101/13185945/		未確認				46232	店舗照合済	食べログ 百名店 2020 / パン TOKYO / Tabelog ID 13185945 / https://award.tabelog.com/hyakumeiten/bread_tokyo/2020
FOD-0849	SONKA			飲食店	パン	食べログ パン 百名店 2020	東京都					東京都 南阿佐ケ谷駅			https://tabelog.com/tokyo/A1319/A131905/13174215/		未確認				46232	店舗照合済	食べログ 百名店 2020 / パン TOKYO / Tabelog ID 13174215 / https://award.tabelog.com/hyakumeiten/bread_tokyo/2020
FOD-0850	ザ・シティ・ベーカリー 品川			飲食店	パン	食べログ パン 百名店 2020	東京都					東京都 品川駅			https://tabelog.com/tokyo/A1314/A131403/13162267/		未確認				46232	店舗照合済	食べログ 百名店 2020 / パン TOKYO / Tabelog ID 13162267 / https://award.tabelog.com/hyakumeiten/bread_tokyo/2020
FOD-0851	VIRON			飲食店	パン	食べログ パン 百名店 2020	東京都					東京都 東京駅			https://tabelog.com/tokyo/A1302/A130201/13043904/		未確認				46232	店舗照合済	食べログ 百名店 2020 / パン TOKYO / Tabelog ID 13043904 / https://award.tabelog.com/hyakumeiten/bread_tokyo/2020
FOD-0852	アルチザン・ブーランジェ・クピド			飲食店	パン	食べログ パン 百名店 2020	東京都					東京都 奥沢駅			https://tabelog.com/tokyo/A1317/A131711/13035704/		未確認				46232	店舗照合済	食べログ 百名店 2020 / パン TOKYO / Tabelog ID 13035704 / https://award.tabelog.com/hyakumeiten/bread_tokyo/2020
FOD-0853	パサージュ ア ニヴォ			飲食店	パン	食べログ パン 百名店 2020	東京都					東京都 武蔵境駅			https://tabelog.com/tokyo/A1320/A132003/13056438/		未確認				46232	店舗照合済	食べログ 百名店 2020 / パン TOKYO / Tabelog ID 13056438 / https://award.tabelog.com/hyakumeiten/bread_tokyo/2020
FOD-0854	トラスパレンテ 学芸大学			飲食店	パン	食べログ パン 百名店 2020	東京都					東京都 学芸大学駅			https://tabelog.com/tokyo/A1317/A131702/13129736/		未確認				46232	店舗照合済	食べログ 百名店 2020 / パン TOKYO / Tabelog ID 13129736 / https://award.tabelog.com/hyakumeiten/bread_tokyo/2020
FOD-0855	カフェむぎわらい			飲食店	パン	食べログ パン 百名店 2020	東京都					東京都 三ノ輪橋駅			https://tabelog.com/tokyo/A1311/A131104/13056511/		未確認				46232	店舗照合済	食べログ 百名店 2020 / パン TOKYO / Tabelog ID 13056511 / https://award.tabelog.com/hyakumeiten/bread_tokyo/2020
FOD-0856	TOLO PAN TOKYO			飲食店	パン	食べログ パン 百名店 2020	東京都					東京都 池尻大橋駅			https://tabelog.com/tokyo/A1317/A131705/13093803/		未確認				46232	店舗照合済	食べログ 百名店 2020 / パン TOKYO / Tabelog ID 13093803 / https://award.tabelog.com/hyakumeiten/bread_tokyo/2020
FOD-0857	ル パン ドゥ ジョエル･ロブション ニュウマン新宿店			飲食店	パン	食べログ パン 百名店 2020	東京都					東京都 新宿駅			https://tabelog.com/tokyo/A1304/A130401/13193559/		未確認				46232	店舗照合済	食べログ 百名店 2020 / パン TOKYO / Tabelog ID 13193559 / https://award.tabelog.com/hyakumeiten/bread_tokyo/2020
FOD-0858	イトキト			飲食店	パン	食べログ パン 百名店 2020	東京都					東京都 大岡山駅			https://tabelog.com/tokyo/A1317/A131711/13048404/		未確認				46232	店舗照合済	食べログ 百名店 2020 / パン TOKYO / Tabelog ID 13048404 / https://award.tabelog.com/hyakumeiten/bread_tokyo/2020
FOD-0859	ラ ブティック ドゥ ジョエル・ロブション 恵比寿ガーデンプレイス店			飲食店	パン	食べログ パン 百名店 2020	東京都					東京都 恵比寿駅			https://tabelog.com/tokyo/A1303/A130302/13014064/		未確認				46232	店舗照合済	食べログ 百名店 2020 / パン TOKYO / Tabelog ID 13014064 / https://award.tabelog.com/hyakumeiten/bread_tokyo/2020
FOD-0860	ブーランジェリー&カフェ マンマーノ			飲食店	パン	食べログ パン 百名店 2020	東京都					東京都 代々木上原駅			https://tabelog.com/tokyo/A1318/A131811/13059417/		未確認				46232	店舗照合済	食べログ 百名店 2020 / パン TOKYO / Tabelog ID 13059417 / https://award.tabelog.com/hyakumeiten/bread_tokyo/2020
FOD-0861	ザ・シティ・ベーカリー 東急プラザ銀座店			飲食店	パン	食べログ パン 百名店 2020	東京都					東京都 銀座駅			https://tabelog.com/tokyo/A1301/A130101/13193897/		未確認				46232	店舗照合済	食べログ 百名店 2020 / パン TOKYO / Tabelog ID 13193897 / https://award.tabelog.com/hyakumeiten/bread_tokyo/2020
FOD-0862	オリミネベーカーズ 築地七丁目店			飲食店	パン	食べログ パン 百名店 2020	東京都					東京都 築地駅			https://tabelog.com/tokyo/A1313/A131301/13124863/		未確認				46232	店舗照合済	食べログ 百名店 2020 / パン TOKYO / Tabelog ID 13124863 / https://award.tabelog.com/hyakumeiten/bread_tokyo/2020
FOD-0863	ピエール・ガニェール パン・エ・ガトー			飲食店	パン	食べログ パン 百名店 2020	東京都					東京都 六本木一丁目駅			https://tabelog.com/tokyo/A1308/A130802/13114277/		未確認				46232	店舗照合済	食べログ 百名店 2020 / パン TOKYO / Tabelog ID 13114277 / https://award.tabelog.com/hyakumeiten/bread_tokyo/2020
FOD-0864	セル・オ・ブレ			飲食店	パン	食べログ パン 百名店 2020	東京都					東京都 武蔵小山駅			https://tabelog.com/tokyo/A1317/A131710/13044661/		未確認				46232	店舗照合済	食べログ 百名店 2020 / パン TOKYO / Tabelog ID 13044661 / https://award.tabelog.com/hyakumeiten/bread_tokyo/2020
FOD-0865	カイソ			飲食店	パン	食べログ パン 百名店 2020	東京都					東京都 世田谷代田駅			https://tabelog.com/tokyo/A1318/A131812/13129587/		未確認				46232	店舗照合済	食べログ 百名店 2020 / パン TOKYO / Tabelog ID 13129587 / https://award.tabelog.com/hyakumeiten/bread_tokyo/2020
FOD-0866	ブレッド&タパス 沢村 広尾			飲食店	パン	食べログ パン 百名店 2020	東京都					東京都 広尾駅			https://tabelog.com/tokyo/A1307/A130703/13128350/		未確認				46232	店舗照合済	食べログ 百名店 2020 / パン TOKYO / Tabelog ID 13128350 / https://award.tabelog.com/hyakumeiten/bread_tokyo/2020
FOD-0867	ブティック・トロワグロ 小田急百貨店　新宿店			飲食店	パン	食べログ パン 百名店 2020	東京都					東京都 新宿駅			https://tabelog.com/tokyo/A1304/A130401/13004211/		未確認				46232	店舗照合済	食べログ 百名店 2020 / パン TOKYO / Tabelog ID 13004211 / https://award.tabelog.com/hyakumeiten/bread_tokyo/2020
FOD-0868	ジャン フランコ			飲食店	パン	食べログ パン 百名店 2020	東京都					東京都 用賀駅			https://tabelog.com/tokyo/A1317/A131707/13169306/		未確認				46232	店舗照合済	食べログ 百名店 2020 / パン TOKYO / Tabelog ID 13169306 / https://award.tabelog.com/hyakumeiten/bread_tokyo/2020
FOD-0869	ポワンエリーニュ			飲食店	パン	食べログ パン 百名店 2020	東京都					東京都 大手町駅			https://tabelog.com/tokyo/A1302/A130201/13038468/		未確認				46232	店舗照合済	食べログ 百名店 2020 / パン TOKYO / Tabelog ID 13038468 / https://award.tabelog.com/hyakumeiten/bread_tokyo/2020
FOD-0870	ダンディゾン			飲食店	パン	食べログ パン 百名店 2020	東京都					東京都 吉祥寺駅			https://tabelog.com/tokyo/A1320/A132001/13005834/		未確認				46232	店舗照合済	食べログ 百名店 2020 / パン TOKYO / Tabelog ID 13005834 / https://award.tabelog.com/hyakumeiten/bread_tokyo/2020
FOD-0871	ビゴの店			飲食店	パン	食べログ パン 百名店 2020	東京都					東京都 銀座一丁目駅			https://tabelog.com/tokyo/A1301/A130101/13002489/		未確認				46232	店舗照合済	食べログ 百名店 2020 / パン TOKYO / Tabelog ID 13002489 / https://award.tabelog.com/hyakumeiten/bread_tokyo/2020
FOD-0872	パン家のどん助			飲食店	パン	食べログ パン 百名店 2020	東京都					東京都 東新宿駅			https://tabelog.com/tokyo/A1304/A130401/13020179/		未確認				46232	店舗照合済	食べログ 百名店 2020 / パン TOKYO / Tabelog ID 13020179 / https://award.tabelog.com/hyakumeiten/bread_tokyo/2020
FOD-0873	俺のBakery&Cafe 恵比寿			飲食店	パン	食べログ パン 百名店 2020	東京都					東京都 恵比寿駅			https://tabelog.com/tokyo/A1303/A130302/13201307/		未確認				46232	店舗照合済	食べログ 百名店 2020 / パン TOKYO / Tabelog ID 13201307 / https://award.tabelog.com/hyakumeiten/bread_tokyo/2020
FOD-0874	エムサイズ			飲食店	パン	食べログ パン 百名店 2020	東京都					東京都 学芸大学駅			https://tabelog.com/tokyo/A1317/A131702/13024601/		未確認				46232	店舗照合済	食べログ 百名店 2020 / パン TOKYO / Tabelog ID 13024601 / https://award.tabelog.com/hyakumeiten/bread_tokyo/2020
FOD-0875	墨繪パン 新宿店			飲食店	パン	食べログ パン 百名店 2020	東京都					東京都 新宿駅			https://tabelog.com/tokyo/A1304/A130401/13000762/		未確認				46232	店舗照合済	食べログ 百名店 2020 / パン TOKYO / Tabelog ID 13000762 / https://award.tabelog.com/hyakumeiten/bread_tokyo/2020
FOD-0876	ジャン・フランソワ 渋谷マークシティ			飲食店	パン	食べログ パン 百名店 2020	東京都					東京都 渋谷駅			https://tabelog.com/tokyo/A1303/A130301/13099225/		未確認				46232	店舗照合済	食べログ 百名店 2020 / パン TOKYO / Tabelog ID 13099225 / https://award.tabelog.com/hyakumeiten/bread_tokyo/2020
FOD-0877	ポワンタージュ			飲食店	パン	食べログ パン 百名店 2020	東京都					東京都 麻布十番駅			https://tabelog.com/tokyo/A1307/A130702/13004566/		未確認				46232	店舗照合済	食べログ 百名店 2020 / パン TOKYO / Tabelog ID 13004566 / https://award.tabelog.com/hyakumeiten/bread_tokyo/2020
FOD-0878	VIRON 渋谷店			飲食店	パン	食べログ パン 百名店 2020	東京都					東京都 神泉駅			https://tabelog.com/tokyo/A1303/A130301/13004626/		未確認				46232	店舗照合済	食べログ 百名店 2020 / パン TOKYO / Tabelog ID 13004626 / https://award.tabelog.com/hyakumeiten/bread_tokyo/2020
FOD-0879	パン工房 ブランジェリーケン			飲食店	パン	食べログ パン 百名店 2020	東京都					東京都 下赤塚駅			https://tabelog.com/tokyo/A1322/A132204/13046260/		未確認				46232	店舗照合済	食べログ 百名店 2020 / パン TOKYO / Tabelog ID 13046260 / https://award.tabelog.com/hyakumeiten/bread_tokyo/2020
FOD-0880	ヴァン ドゥ リュド 尾山台店			飲食店	パン	食べログ パン 百名店 2020	東京都					東京都 尾山台駅			https://tabelog.com/tokyo/A1317/A131715/13140110/		未確認				46232	店舗照合済	食べログ 百名店 2020 / パン TOKYO / Tabelog ID 13140110 / https://award.tabelog.com/hyakumeiten/bread_tokyo/2020
FOD-0881	ブーランジェリー・イアナック			飲食店	パン	食べログ パン 百名店 2020	東京都					東京都 西日暮里駅			https://tabelog.com/tokyo/A1311/A131105/13048516/		未確認				46232	店舗照合済	食べログ 百名店 2020 / パン TOKYO / Tabelog ID 13048516 / https://award.tabelog.com/hyakumeiten/bread_tokyo/2020
FOD-0882	シニフィアン シニフィエ 世田谷本店			飲食店	パン	食べログ パン 百名店 2020	東京都					東京都 三軒茶屋駅			https://tabelog.com/tokyo/A1317/A131706/13030788/		未確認				46232	店舗照合済	食べログ 百名店 2020 / パン TOKYO / Tabelog ID 13030788 / https://award.tabelog.com/hyakumeiten/bread_tokyo/2020
FOD-0883	メゾン・ランドゥメンヌ 麻布台			飲食店	パン	食べログ パン 百名店 2020	東京都					東京都 六本木一丁目駅			https://tabelog.com/tokyo/A1307/A130701/13180316/		未確認				46232	店舗照合済	食べログ 百名店 2020 / パン TOKYO / Tabelog ID 13180316 / https://award.tabelog.com/hyakumeiten/bread_tokyo/2020
FOD-0884	プルクル			飲食店	パン	食べログ パン 百名店 2020	東京都					東京都 代々木駅			https://tabelog.com/tokyo/A1304/A130403/13133746/		未確認				46232	店舗照合済	食べログ 百名店 2020 / パン TOKYO / Tabelog ID 13133746 / https://award.tabelog.com/hyakumeiten/bread_tokyo/2020
FOD-0885	メゾン・イチ 代官山			飲食店	パン	食べログ パン 百名店 2020	東京都					東京都 代官山駅			https://tabelog.com/tokyo/A1303/A130303/13099140/		未確認				46232	店舗照合済	食べログ 百名店 2020 / パン TOKYO / Tabelog ID 13099140 / https://award.tabelog.com/hyakumeiten/bread_tokyo/2020
FOD-0886	ルヴァン 富ヶ谷店			飲食店	パン	食べログ パン 百名店 2020	東京都					東京都 代々木八幡駅			https://tabelog.com/tokyo/A1318/A131810/13001841/		未確認				46232	店舗照合済	食べログ 百名店 2020 / パン TOKYO / Tabelog ID 13001841 / https://award.tabelog.com/hyakumeiten/bread_tokyo/2020
FOD-0887	ブーランジェリー ボネダンヌ			飲食店	パン	食べログ パン 百名店 2020	東京都					東京都 三軒茶屋駅			https://tabelog.com/tokyo/A1317/A131705/13158722/		未確認				46232	店舗照合済	食べログ 百名店 2020 / パン TOKYO / Tabelog ID 13158722 / https://award.tabelog.com/hyakumeiten/bread_tokyo/2020
FOD-0888	ル・ルソール			飲食店	パン	食べログ パン 百名店 2020	東京都					東京都 駒場東大前駅			https://tabelog.com/tokyo/A1318/A131801/13026653/		未確認				46232	店舗照合済	食べログ 百名店 2020 / パン TOKYO / Tabelog ID 13026653 / https://award.tabelog.com/hyakumeiten/bread_tokyo/2020
FOD-0889	ポム・ド・テール			飲食店	パン	食べログ パン 百名店 2020	東京都					東京都 西荻窪駅			https://tabelog.com/tokyo/A1319/A131907/13009237/		未確認				46232	店舗照合済	食べログ 百名店 2020 / パン TOKYO / Tabelog ID 13009237 / https://award.tabelog.com/hyakumeiten/bread_tokyo/2020
FOD-0890	ショーマッカー			飲食店	パン	食べログ パン 百名店 2020	東京都					東京都 大岡山駅			https://tabelog.com/tokyo/A1317/A131711/13045113/		未確認				46232	店舗照合済	食べログ 百名店 2020 / パン TOKYO / Tabelog ID 13045113 / https://award.tabelog.com/hyakumeiten/bread_tokyo/2020
FOD-0891	亀井堂			飲食店	パン	食べログ パン 百名店 2020	東京都					東京都 神楽坂駅			https://tabelog.com/tokyo/A1309/A130905/13000473/		未確認				46232	店舗照合済	食べログ 百名店 2020 / パン TOKYO / Tabelog ID 13000473 / https://award.tabelog.com/hyakumeiten/bread_tokyo/2020
FOD-0892	とらやベーカリー			飲食店	パン	食べログ パン 百名店 2020	東京都					東京都 金町駅			https://tabelog.com/tokyo/A1324/A132403/13050971/		未確認				46232	店舗照合済	食べログ 百名店 2020 / パン TOKYO / Tabelog ID 13050971 / https://award.tabelog.com/hyakumeiten/bread_tokyo/2020
FOD-0893	ル パン ドゥ ジョエル・ロブション 渋谷ヒカリエShinQs店			飲食店	パン	食べログ パン 百名店 2020	東京都					東京都 渋谷駅			https://tabelog.com/tokyo/A1303/A130301/13140263/		未確認				46232	店舗照合済	食べログ 百名店 2020 / パン TOKYO / Tabelog ID 13140263 / https://award.tabelog.com/hyakumeiten/bread_tokyo/2020
FOD-0894	ベーカリー&レストラン 沢村 新宿			飲食店	パン	食べログ パン 百名店 2020	東京都					東京都 新宿駅			https://tabelog.com/tokyo/A1304/A130403/13193553/		未確認				46232	店舗照合済	食べログ 百名店 2020 / パン TOKYO / Tabelog ID 13193553 / https://award.tabelog.com/hyakumeiten/bread_tokyo/2020
FOD-0895	ブーランジェリーレカン			飲食店	パン	食べログ パン 百名店 2020	東京都					東京都 東銀座駅			https://tabelog.com/tokyo/A1301/A130101/13175684/		未確認				46232	店舗照合済	食べログ 百名店 2020 / パン TOKYO / Tabelog ID 13175684 / https://award.tabelog.com/hyakumeiten/bread_tokyo/2020
FOD-0896	レフェクトワール			飲食店	パン	食べログ パン 百名店 2020	東京都					東京都 明治神宮前駅			https://tabelog.com/tokyo/A1306/A130601/13149666/		未確認				46232	店舗照合済	食べログ 百名店 2020 / パン TOKYO / Tabelog ID 13149666 / https://award.tabelog.com/hyakumeiten/bread_tokyo/2020
FOD-0897	パンのペリカン			飲食店	パン	食べログ パン 百名店 2020	東京都					東京都 田原町駅			https://tabelog.com/tokyo/A1311/A131102/13003662/		未確認				46232	店舗照合済	食べログ 百名店 2020 / パン TOKYO / Tabelog ID 13003662 / https://award.tabelog.com/hyakumeiten/bread_tokyo/2020
FOD-0898	パン・オ・スリール			飲食店	パン	食べログ パン 百名店 2020	東京都					東京都 渋谷駅			https://tabelog.com/tokyo/A1306/A130602/13147336/		未確認				46232	店舗照合済	食べログ 百名店 2020 / パン TOKYO / Tabelog ID 13147336 / https://award.tabelog.com/hyakumeiten/bread_tokyo/2020
FOD-0899	カタネベーカリー			飲食店	パン	食べログ パン 百名店 2020	東京都					東京都 代々木上原駅			https://tabelog.com/tokyo/A1318/A131811/13020931/		未確認				46232	店舗照合済	食べログ 百名店 2020 / パン TOKYO / Tabelog ID 13020931 / https://award.tabelog.com/hyakumeiten/bread_tokyo/2020
FOD-0900	ヒルサイドパントリー 代官山			飲食店	パン	食べログ パン 百名店 2020	東京都					東京都 代官山駅			https://tabelog.com/tokyo/A1303/A130303/13002071/		未確認				46232	店舗照合済	食べログ 百名店 2020 / パン TOKYO / Tabelog ID 13002071 / https://award.tabelog.com/hyakumeiten/bread_tokyo/2020
FOD-0901	えんツコ堂 製パン			飲食店	パン	食べログ パン 百名店 2020	東京都					東京都 西荻窪駅			https://tabelog.com/tokyo/A1319/A131907/13060088/		未確認				46232	店舗照合済	食べログ 百名店 2020 / パン TOKYO / Tabelog ID 13060088 / https://award.tabelog.com/hyakumeiten/bread_tokyo/2020
FOD-0902	チクテベーカリー			飲食店	パン	食べログ パン 百名店 2020	東京都					東京都 南大沢駅			https://tabelog.com/tokyo/A1329/A132904/13153557/		未確認				46232	店舗照合済	食べログ 百名店 2020 / パン TOKYO / Tabelog ID 13153557 / https://award.tabelog.com/hyakumeiten/bread_tokyo/2020
FOD-0903	まちのパーラー			飲食店	パン	食べログ パン 百名店 2020	東京都					東京都 小竹向原駅			https://tabelog.com/tokyo/A1321/A132101/13126515/		未確認				46232	店舗照合済	食べログ 百名店 2020 / パン TOKYO / Tabelog ID 13126515 / https://award.tabelog.com/hyakumeiten/bread_tokyo/2020
FOD-0904	粉花			飲食店	パン	食べログ パン 百名店 2020	東京都					東京都 浅草（つくばＥＸＰ）駅			https://tabelog.com/tokyo/A1311/A131102/13057726/		未確認				46232	店舗照合済	食べログ 百名店 2020 / パン TOKYO / Tabelog ID 13057726 / https://award.tabelog.com/hyakumeiten/bread_tokyo/2020
FOD-0905	パン オ フゥ			飲食店	パン	食べログ パン 百名店 2020	東京都					東京都 五反田駅			https://tabelog.com/tokyo/A1316/A131603/13120288/		未確認				46232	店舗照合済	食べログ 百名店 2020 / パン TOKYO / Tabelog ID 13120288 / https://award.tabelog.com/hyakumeiten/bread_tokyo/2020
FOD-0906	breadworks エキュート品川			飲食店	パン	食べログ パン 百名店 2020	東京都					東京都 品川駅			https://tabelog.com/tokyo/A1314/A131403/13155677/		未確認				46232	店舗照合済	食べログ 百名店 2020 / パン TOKYO / Tabelog ID 13155677 / https://award.tabelog.com/hyakumeiten/bread_tokyo/2020
FOD-0907	空と麦と			飲食店	パン	食べログ パン 百名店 2020	東京都					東京都 代官山駅			https://tabelog.com/tokyo/A1303/A130302/13164057/		未確認				46232	店舗照合済	食べログ 百名店 2020 / パン TOKYO / Tabelog ID 13164057 / https://award.tabelog.com/hyakumeiten/bread_tokyo/2020
FOD-0908	ル・プチメック 日比谷店			飲食店	パン	食べログ パン 百名店 2020	東京都					東京都 日比谷駅			https://tabelog.com/tokyo/A1301/A130102/13219670/		未確認				46232	店舗照合済	食べログ 百名店 2020 / パン TOKYO / Tabelog ID 13219670 / https://award.tabelog.com/hyakumeiten/bread_tokyo/2020
FOD-0909	ベッカライ・ブロートハイム			飲食店	パン	食べログ パン 百名店 2020	東京都					東京都 桜新町駅			https://tabelog.com/tokyo/A1317/A131707/13001529/		未確認				46232	店舗照合済	食べログ 百名店 2020 / パン TOKYO / Tabelog ID 13001529 / https://award.tabelog.com/hyakumeiten/bread_tokyo/2020
FOD-0910	トロ コーヒーアンドベーカリー			飲食店	パン	食べログ パン 百名店 2020	東京都					東京都 世田谷代田駅			https://tabelog.com/tokyo/A1318/A131812/13118819/		未確認				46232	店舗照合済	食べログ 百名店 2020 / パン TOKYO / Tabelog ID 13118819 / https://award.tabelog.com/hyakumeiten/bread_tokyo/2020
FOD-0911	メゾン・イチ 西馬込店			飲食店	パン	食べログ パン 百名店 2020	東京都					東京都 西馬込駅			https://tabelog.com/tokyo/A1317/A131713/13048505/		未確認				46232	店舗照合済	食べログ 百名店 2020 / パン TOKYO / Tabelog ID 13048505 / https://award.tabelog.com/hyakumeiten/bread_tokyo/2020
FOD-0912	小麦と酵母 濱田家 三軒茶屋本店			飲食店	パン	食べログ パン 百名店 2020	東京都					東京都 西太子堂駅			https://tabelog.com/tokyo/A1317/A131706/13005398/		未確認				46232	店舗照合済	食べログ 百名店 2020 / パン TOKYO / Tabelog ID 13005398 / https://award.tabelog.com/hyakumeiten/bread_tokyo/2020
FOD-0913	小麦と酵母 満 ecute品川店			飲食店	パン	食べログ パン 百名店 2020	東京都					東京都 品川駅			https://tabelog.com/tokyo/A1314/A131403/13022775/		未確認				46232	店舗照合済	食べログ 百名店 2020 / パン TOKYO / Tabelog ID 13022775 / https://award.tabelog.com/hyakumeiten/bread_tokyo/2020
FOD-0914	エディアールベーカリー 新宿本店			飲食店	パン	食べログ パン 百名店 2020	東京都					東京都 新宿三丁目駅			https://tabelog.com/tokyo/A1304/A130401/13012061/		未確認				46232	店舗照合済	食べログ 百名店 2020 / パン TOKYO / Tabelog ID 13012061 / https://award.tabelog.com/hyakumeiten/bread_tokyo/2020
FOD-0915	ユヌクレ			飲食店	パン	食べログ パン 百名店 2020	東京都					東京都 豪徳寺駅			https://tabelog.com/tokyo/A1318/A131813/13132250/		未確認				46232	店舗照合済	食べログ 百名店 2020 / パン TOKYO / Tabelog ID 13132250 / https://award.tabelog.com/hyakumeiten/bread_tokyo/2020
FOD-0916	ヒンメル			飲食店	パン	食べログ パン 百名店 2020	東京都					東京都 大岡山駅			https://tabelog.com/tokyo/A1317/A131711/13048813/		未確認				46232	店舗照合済	食べログ 百名店 2020 / パン TOKYO / Tabelog ID 13048813 / https://award.tabelog.com/hyakumeiten/bread_tokyo/2020
FOD-0917	金麦			飲食店	パン	食べログ パン 百名店 2020	東京都					東京都 白金台駅			https://tabelog.com/tokyo/A1316/A131602/13005477/		未確認				46232	店舗照合済	食べログ 百名店 2020 / パン TOKYO / Tabelog ID 13005477 / https://award.tabelog.com/hyakumeiten/bread_tokyo/2020
FOD-0918	カーラ・アウレリア 大丸東京店			飲食店	パン	食べログ パン 百名店 2020	東京都					東京都 東京駅			https://tabelog.com/tokyo/A1302/A130201/13044993/		未確認				46232	店舗照合済	食べログ 百名店 2020 / パン TOKYO / Tabelog ID 13044993 / https://award.tabelog.com/hyakumeiten/bread_tokyo/2020
FOD-0919	ブーランジェリーブルディガラ 広尾店			飲食店	パン	食べログ パン 百名店 2020	東京都					東京都 広尾駅			https://tabelog.com/tokyo/A1307/A130703/13000523/		未確認				46232	店舗照合済	食べログ 百名店 2020 / パン TOKYO / Tabelog ID 13000523 / https://award.tabelog.com/hyakumeiten/bread_tokyo/2020
FOD-0920	テコナ　ベーグルワークス			飲食店	パン	食べログ パン 百名店 2020	東京都					東京都 代々木公園駅			https://tabelog.com/tokyo/A1318/A131810/13061492/		未確認				46232	店舗照合済	食べログ 百名店 2020 / パン TOKYO / Tabelog ID 13061492 / https://award.tabelog.com/hyakumeiten/bread_tokyo/2020
FOD-0921	フランスベ－カリー			飲食店	パン	食べログ パン 百名店 2020	長野県					長野県 北佐久郡軽井沢町			https://tabelog.com/nagano/A2003/A200301/20000200/		未確認				46232	店舗照合済	食べログ 百名店 2020 / パン EAST / Tabelog ID 20000200 / https://award.tabelog.com/hyakumeiten/bread_east/2020
FOD-0922	カマクラ 24セッキ			飲食店	パン	食べログ パン 百名店 2020	神奈川県					神奈川県 鎌倉市			https://tabelog.com/kanagawa/A1404/A140402/14040510/		未確認				46232	店舗照合済	食べログ 百名店 2020 / パン EAST / Tabelog ID 14040510 / https://award.tabelog.com/hyakumeiten/bread_east/2020
FOD-0923	Boulangerie Queue			飲食店	パン	食べログ パン 百名店 2020	千葉県					千葉県 船橋日大前駅			https://tabelog.com/chiba/A1202/A120201/12021059/		未確認				46232	店舗照合済	食べログ 百名店 2020 / パン EAST / Tabelog ID 12021059 / https://award.tabelog.com/hyakumeiten/bread_east/2020
FOD-0924	テトラ コンタ			飲食店	パン	食べログ パン 百名店 2020	愛知県					愛知県 尼ケ坂駅			https://tabelog.com/aichi/A2301/A230104/23037293/		未確認				46232	店舗照合済	食べログ 百名店 2020 / パン EAST / Tabelog ID 23037293 / https://award.tabelog.com/hyakumeiten/bread_east/2020
FOD-0925	boulangerie Matsuoka			飲食店	パン	食べログ パン 百名店 2020	埼玉県					埼玉県 熊谷駅			https://tabelog.com/saitama/A1105/A110501/11003805/		未確認				46232	店舗照合済	食べログ 百名店 2020 / パン EAST / Tabelog ID 11003805 / https://award.tabelog.com/hyakumeiten/bread_east/2020
FOD-0926	ウチキパン			飲食店	パン	食べログ パン 百名店 2020	神奈川県					神奈川県 元町・中華街駅			https://tabelog.com/kanagawa/A1401/A140105/14001139/		未確認				46232	店舗照合済	食べログ 百名店 2020 / パン EAST / Tabelog ID 14001139 / https://award.tabelog.com/hyakumeiten/bread_east/2020
FOD-0927	テーラ・テール			飲食店	パン	食べログ パン 百名店 2020	愛知県					愛知県 高岳駅			https://tabelog.com/aichi/A2301/A230104/23050735/		未確認				46232	店舗照合済	食べログ 百名店 2020 / パン EAST / Tabelog ID 23050735 / https://award.tabelog.com/hyakumeiten/bread_east/2020
FOD-0928	トツゼン ベーカーズ キッチン			飲食店	パン	食べログ パン 百名店 2020	神奈川県					神奈川県 大倉山駅			https://tabelog.com/kanagawa/A1401/A140204/14004443/		未確認				46232	店舗照合済	食べログ 百名店 2020 / パン EAST / Tabelog ID 14004443 / https://award.tabelog.com/hyakumeiten/bread_east/2020
FOD-0929	エスプラン			飲食店	パン	食べログ パン 百名店 2020	神奈川県					神奈川県 京急鶴見駅			https://tabelog.com/kanagawa/A1401/A140210/14012214/		未確認				46232	店舗照合済	食べログ 百名店 2020 / パン EAST / Tabelog ID 14012214 / https://award.tabelog.com/hyakumeiten/bread_east/2020
FOD-0930	穂の香 あざみ野			飲食店	パン	食べログ パン 百名店 2020	神奈川県					神奈川県 あざみ野駅			https://tabelog.com/kanagawa/A1401/A140201/14011303/		未確認				46232	店舗照合済	食べログ 百名店 2020 / パン EAST / Tabelog ID 14011303 / https://award.tabelog.com/hyakumeiten/bread_east/2020
FOD-0931	ココペライ			飲食店	パン	食べログ パン 百名店 2020	北海道					北海道 桑園駅			https://tabelog.com/hokkaido/A0101/A010102/1008888/		未確認				46232	店舗照合済	食べログ 百名店 2020 / パン EAST / Tabelog ID 1008888 / https://award.tabelog.com/hyakumeiten/bread_east/2020
FOD-0932	nichinichi			飲食店	パン	食べログ パン 百名店 2020	神奈川県					神奈川県 新百合ケ丘駅			https://tabelog.com/kanagawa/A1405/A140508/14065922/		未確認				46232	店舗照合済	食べログ 百名店 2020 / パン EAST / Tabelog ID 14065922 / https://award.tabelog.com/hyakumeiten/bread_east/2020
FOD-0933	ブランジェリー ラ・フォンティヌ・ドゥ・ルルド			飲食店	パン	食べログ パン 百名店 2020	北海道					北海道 札幌市中央区			https://tabelog.com/hokkaido/A0101/A010105/1007040/		未確認				46232	店舗照合済	食べログ 百名店 2020 / パン EAST / Tabelog ID 1007040 / https://award.tabelog.com/hyakumeiten/bread_east/2020
FOD-0934	シャン ド ブレ			飲食店	パン	食べログ パン 百名店 2020	神奈川県					神奈川県 新横浜駅			https://tabelog.com/kanagawa/A1401/A140206/14004229/		未確認				46232	店舗照合済	食べログ 百名店 2020 / パン EAST / Tabelog ID 14004229 / https://award.tabelog.com/hyakumeiten/bread_east/2020
FOD-0935	ベルテコ			飲食店	パン	食べログ パン 百名店 2020	埼玉県					埼玉県 東所沢駅			https://tabelog.com/saitama/A1106/A110601/11003447/		未確認				46232	店舗照合済	食べログ 百名店 2020 / パン EAST / Tabelog ID 11003447 / https://award.tabelog.com/hyakumeiten/bread_east/2020
FOD-0936	ムール ア ラ ムール			飲食店	パン	食べログ パン 百名店 2020	神奈川県					神奈川県 伊勢原市			https://tabelog.com/kanagawa/A1408/A140803/14035775/		未確認				46232	店舗照合済	食べログ 百名店 2020 / パン EAST / Tabelog ID 14035775 / https://award.tabelog.com/hyakumeiten/bread_east/2020
FOD-0937	セテュヌ ボンニデー			飲食店	パン	食べログ パン 百名店 2020	神奈川県					神奈川県 向ケ丘遊園駅			https://tabelog.com/kanagawa/A1405/A140506/14053039/		未確認				46232	店舗照合済	食べログ 百名店 2020 / パン EAST / Tabelog ID 14053039 / https://award.tabelog.com/hyakumeiten/bread_east/2020
FOD-0938	おかめや 工場直販店			飲食店	パン	食べログ パン 百名店 2020	北海道					北海道 札幌市西区			https://tabelog.com/hokkaido/A0101/A010204/1025633/		未確認				46232	店舗照合済	食べログ 百名店 2020 / パン EAST / Tabelog ID 1025633 / https://award.tabelog.com/hyakumeiten/bread_east/2020
FOD-0939	エコモ ベーカリー ヨコハマ モトマチ			飲食店	パン	食べログ パン 百名店 2020	神奈川県					神奈川県 元町・中華街駅			https://tabelog.com/kanagawa/A1401/A140105/14059688/		未確認				46232	店舗照合済	食べログ 百名店 2020 / パン EAST / Tabelog ID 14059688 / https://award.tabelog.com/hyakumeiten/bread_east/2020
FOD-0940	VANITOY BAGEL 蔵づくり本店			飲食店	パン	食べログ パン 百名店 2020	埼玉県					埼玉県 川越市			https://tabelog.com/saitama/A1103/A110303/11003096/		未確認				46232	店舗照合済	食べログ 百名店 2020 / パン EAST / Tabelog ID 11003096 / https://award.tabelog.com/hyakumeiten/bread_east/2020
FOD-0941	麦音			飲食店	パン	食べログ パン 百名店 2020	北海道					北海道 帯広市			https://tabelog.com/hokkaido/A0111/A011101/1021428/		未確認				46232	店舗照合済	食べログ 百名店 2020 / パン EAST / Tabelog ID 1021428 / https://award.tabelog.com/hyakumeiten/bread_east/2020
FOD-0942	ブレッド＆サーカス			飲食店	パン	食べログ パン 百名店 2020	神奈川県					神奈川県 湯河原駅			https://tabelog.com/kanagawa/A1410/A141002/14004024/		未確認				46232	店舗照合済	食べログ 百名店 2020 / パン EAST / Tabelog ID 14004024 / https://award.tabelog.com/hyakumeiten/bread_east/2020
FOD-0943	ドーレ			飲食店	パン	食べログ パン 百名店 2020	神奈川県					神奈川県 横浜駅			https://tabelog.com/kanagawa/A1401/A140101/14000421/		未確認				46232	店舗照合済	食べログ 百名店 2020 / パン EAST / Tabelog ID 14000421 / https://award.tabelog.com/hyakumeiten/bread_east/2020
FOD-0944	ベーカリー＆テーブル 東府や			飲食店	パン	食べログ パン 百名店 2020	静岡県					静岡県 伊豆市			https://tabelog.com/shizuoka/A2205/A220504/22021103/		未確認				46232	店舗照合済	食べログ 百名店 2020 / パン EAST / Tabelog ID 22021103 / https://award.tabelog.com/hyakumeiten/bread_east/2020
FOD-0945	Petit Riche			飲食店	パン	食べログ パン 百名店 2020	埼玉県					埼玉県 南浦和駅			https://tabelog.com/saitama/A1101/A110102/11024415/		未確認				46232	店舗照合済	食べログ 百名店 2020 / パン EAST / Tabelog ID 11024415 / https://award.tabelog.com/hyakumeiten/bread_east/2020
FOD-0946	zacro			飲食店	パン	食べログ パン 百名店 2020	神奈川県					神奈川県 横須賀市			https://tabelog.com/kanagawa/A1406/A140601/14012394/		未確認				46232	店舗照合済	食べログ 百名店 2020 / パン EAST / Tabelog ID 14012394 / https://award.tabelog.com/hyakumeiten/bread_east/2020
FOD-0947	天然酵母パン工房 KIBIYAベーカリー 段葛店			飲食店	パン	食べログ パン 百名店 2020	神奈川県					神奈川県 鎌倉駅			https://tabelog.com/kanagawa/A1404/A140402/14004671/		未確認				46232	店舗照合済	食べログ 百名店 2020 / パン EAST / Tabelog ID 14004671 / https://award.tabelog.com/hyakumeiten/bread_east/2020
FOD-0948	プルクワ			飲食店	パン	食べログ パン 百名店 2020	神奈川県					神奈川県 藤沢市			https://tabelog.com/kanagawa/A1404/A140404/14004623/		未確認				46232	店舗照合済	食べログ 百名店 2020 / パン EAST / Tabelog ID 14004623 / https://award.tabelog.com/hyakumeiten/bread_east/2020
FOD-0949	ポンレヴェック			飲食店	パン	食べログ パン 百名店 2020	愛知県					愛知県 海部郡蟹江町			https://tabelog.com/aichi/A2302/A230202/23003662/		未確認				46232	店舗照合済	食べログ 百名店 2020 / パン EAST / Tabelog ID 23003662 / https://award.tabelog.com/hyakumeiten/bread_east/2020
FOD-0950	ベーグルショップ vivant			飲食店	パン	食べログ パン 百名店 2020	埼玉県					埼玉県 武蔵浦和駅			https://tabelog.com/saitama/A1101/A110102/11003565/		未確認				46232	店舗照合済	食べログ 百名店 2020 / パン EAST / Tabelog ID 11003565 / https://award.tabelog.com/hyakumeiten/bread_east/2020
FOD-0951	オープンオーブン			飲食店	パン	食べログ パン 百名店 2020	千葉県					千葉県 市川駅			https://tabelog.com/chiba/A1202/A120202/12000978/		未確認				46232	店舗照合済	食べログ 百名店 2020 / パン EAST / Tabelog ID 12000978 / https://award.tabelog.com/hyakumeiten/bread_east/2020
FOD-0952	ブーランジェリー オンニ			飲食店	パン	食べログ パン 百名店 2020	神奈川県					神奈川県 上大岡駅			https://tabelog.com/kanagawa/A1401/A140307/14060669/		未確認				46232	店舗照合済	食べログ 百名店 2020 / パン EAST / Tabelog ID 14060669 / https://award.tabelog.com/hyakumeiten/bread_east/2020
FOD-0953	前田パン			飲食店	パン	食べログ パン 百名店 2020	神奈川県					神奈川県 横浜市青葉区			https://tabelog.com/kanagawa/A1401/A140201/14041192/		未確認				46232	店舗照合済	食べログ 百名店 2020 / パン EAST / Tabelog ID 14041192 / https://award.tabelog.com/hyakumeiten/bread_east/2020
FOD-0954	ブレドール			飲食店	パン	食べログ パン 百名店 2020	神奈川県					神奈川県 三浦郡葉山町			https://tabelog.com/kanagawa/A1406/A140602/14002514/		未確認				46232	店舗照合済	食べログ 百名店 2020 / パン EAST / Tabelog ID 14002514 / https://award.tabelog.com/hyakumeiten/bread_east/2020
FOD-0955	ペニー・レイン 那須店			飲食店	パン	食べログ パン 百名店 2020	栃木県					栃木県 那須郡那須町			https://tabelog.com/tochigi/A0905/A090501/9000301/		未確認				46232	店舗照合済	食べログ 百名店 2020 / パン EAST / Tabelog ID 9000301 / https://award.tabelog.com/hyakumeiten/bread_east/2020
FOD-0956	ダヴィッド パン			飲食店	パン	食べログ パン 百名店 2020	茨城県					茨城県 つくば市			https://tabelog.com/ibaraki/A0803/A080302/8000928/		未確認				46232	店舗照合済	食べログ 百名店 2020 / パン EAST / Tabelog ID 8000928 / https://award.tabelog.com/hyakumeiten/bread_east/2020
FOD-0957	nico			飲食店	パン	食べログ パン 百名店 2020	神奈川県					神奈川県 平塚駅			https://tabelog.com/kanagawa/A1404/A140407/14054459/		未確認				46232	店舗照合済	食べログ 百名店 2020 / パン EAST / Tabelog ID 14054459 / https://award.tabelog.com/hyakumeiten/bread_east/2020
FOD-0958	アサカベーカリー 本町店			飲食店	パン	食べログ パン 百名店 2020	埼玉県					埼玉県 朝霞駅			https://tabelog.com/saitama/A1103/A110301/11006122/		未確認				46232	店舗照合済	食べログ 百名店 2020 / パン EAST / Tabelog ID 11006122 / https://award.tabelog.com/hyakumeiten/bread_east/2020
FOD-0959	エグ・ヴィヴ			飲食店	パン	食べログ パン 百名店 2020	北海道					北海道 小樽市			https://tabelog.com/hokkaido/A0106/A010601/1004949/		未確認				46232	店舗照合済	食べログ 百名店 2020 / パン EAST / Tabelog ID 1004949 / https://award.tabelog.com/hyakumeiten/bread_east/2020
FOD-0960	ラ ベルコリーヌ			飲食店	パン	食べログ パン 百名店 2020	神奈川県					神奈川県 たまプラーザ駅			https://tabelog.com/kanagawa/A1401/A140201/14000431/		未確認				46232	店舗照合済	食べログ 百名店 2020 / パン EAST / Tabelog ID 14000431 / https://award.tabelog.com/hyakumeiten/bread_east/2020
FOD-0961	アドゥマン			飲食店	パン	食べログ パン 百名店 2020	宮城県					宮城県 泉中央駅			https://tabelog.com/miyagi/A0401/A040104/4012831/		未確認				46232	店舗照合済	食べログ 百名店 2020 / パン EAST / Tabelog ID 4012831 / https://award.tabelog.com/hyakumeiten/bread_east/2020
FOD-0962	ブーランジェリー エス			飲食店	パン	食べログ パン 百名店 2020	神奈川県					神奈川県 逗子駅			https://tabelog.com/kanagawa/A1406/A140602/14008269/		未確認				46232	店舗照合済	食べログ 百名店 2020 / パン EAST / Tabelog ID 14008269 / https://award.tabelog.com/hyakumeiten/bread_east/2020
FOD-0963	ルヴァン 信州上田店			飲食店	パン	食べログ パン 百名店 2020	長野県					長野県 上田市			https://tabelog.com/nagano/A2004/A200401/20000537/		未確認				46232	店舗照合済	食べログ 百名店 2020 / パン EAST / Tabelog ID 20000537 / https://award.tabelog.com/hyakumeiten/bread_east/2020
FOD-0964	オンザディッシュ			飲食店	パン	食べログ パン 百名店 2020	神奈川県					神奈川県 山手駅			https://tabelog.com/kanagawa/A1401/A140106/14041169/		未確認				46232	店舗照合済	食べログ 百名店 2020 / パン EAST / Tabelog ID 14041169 / https://award.tabelog.com/hyakumeiten/bread_east/2020
FOD-0965	アーブル			飲食店	パン	食べログ パン 百名店 2020	埼玉県					埼玉県 朝霞駅			https://tabelog.com/saitama/A1103/A110301/11022163/		未確認				46232	店舗照合済	食べログ 百名店 2020 / パン EAST / Tabelog ID 11022163 / https://award.tabelog.com/hyakumeiten/bread_east/2020
FOD-0966	人舟			飲食店	パン	食べログ パン 百名店 2020	千葉県					千葉県 長生郡長生村			https://tabelog.com/chiba/A1205/A120504/12001352/		未確認				46232	店舗照合済	食べログ 百名店 2020 / パン EAST / Tabelog ID 12001352 / https://award.tabelog.com/hyakumeiten/bread_east/2020
FOD-0967	mbs 46.7			飲食店	パン	食べログ パン 百名店 2020	神奈川県					神奈川県 鎌倉駅			https://tabelog.com/kanagawa/A1404/A140402/14042523/		未確認				46232	店舗照合済	食べログ 百名店 2020 / パン EAST / Tabelog ID 14042523 / https://award.tabelog.com/hyakumeiten/bread_east/2020
FOD-0968	中屋パン			飲食店	パン	食べログ パン 百名店 2020	愛知県					愛知県 今池駅			https://tabelog.com/aichi/A2301/A230106/23004452/		未確認				46232	店舗照合済	食べログ 百名店 2020 / パン EAST / Tabelog ID 23004452 / https://award.tabelog.com/hyakumeiten/bread_east/2020
FOD-0969	ラフォレ・エ・ラターブル			飲食店	パン	食べログ パン 百名店 2020	神奈川県					神奈川県 和田塚駅			https://tabelog.com/kanagawa/A1404/A140402/14050307/		未確認				46232	店舗照合済	食べログ 百名店 2020 / パン EAST / Tabelog ID 14050307 / https://award.tabelog.com/hyakumeiten/bread_east/2020
FOD-0970	cimai			飲食店	パン	食べログ パン 百名店 2020	埼玉県					埼玉県 幸手市			https://tabelog.com/saitama/A1104/A110402/11012294/		未確認				46232	店舗照合済	食べログ 百名店 2020 / パン EAST / Tabelog ID 11012294 / https://award.tabelog.com/hyakumeiten/bread_east/2020
FOD-0971	ベッカライサカツジ			飲食店	パン	食べログ パン 百名店 2020	埼玉県					埼玉県 三郷市			https://tabelog.com/saitama/A1102/A110205/11034449/		未確認				46232	店舗照合済	食べログ 百名店 2020 / パン EAST / Tabelog ID 11034449 / https://award.tabelog.com/hyakumeiten/bread_east/2020
FOD-0972	川越ベーカリー 楽楽			飲食店	パン	食べログ パン 百名店 2020	埼玉県					埼玉県 川越市			https://tabelog.com/saitama/A1103/A110303/11005320/		未確認				46232	店舗照合済	食べログ 百名店 2020 / パン EAST / Tabelog ID 11005320 / https://award.tabelog.com/hyakumeiten/bread_east/2020
FOD-0973	ラパン ノワール くろうさぎ			飲食店	パン	食べログ パン 百名店 2020	埼玉県					埼玉県 西武秩父駅			https://tabelog.com/saitama/A1107/A110701/11003478/		未確認				46232	店舗照合済	食べログ 百名店 2020 / パン EAST / Tabelog ID 11003478 / https://award.tabelog.com/hyakumeiten/bread_east/2020
FOD-0974	ブーランジェリー 14区			飲食店	パン	食べログ パン 百名店 2020	神奈川県					神奈川県 妙蓮寺駅			https://tabelog.com/kanagawa/A1401/A140205/14049332/		未確認				46232	店舗照合済	食べログ 百名店 2020 / パン EAST / Tabelog ID 14049332 / https://award.tabelog.com/hyakumeiten/bread_east/2020
FOD-0975	渡邊ベーカリー			飲食店	パン	食べログ パン 百名店 2020	神奈川県					神奈川県 宮ノ下駅			https://tabelog.com/kanagawa/A1410/A141001/14003548/		未確認				46232	店舗照合済	食べログ 百名店 2020 / パン EAST / Tabelog ID 14003548 / https://award.tabelog.com/hyakumeiten/bread_east/2020
FOD-0976	トラン・ブルー			飲食店	パン	食べログ パン 百名店 2020	岐阜県					岐阜県 高山市			https://tabelog.com/gifu/A2104/A210401/21000586/		未確認				46232	店舗照合済	食べログ 百名店 2020 / パン EAST / Tabelog ID 21000586 / https://award.tabelog.com/hyakumeiten/bread_east/2020
FOD-0977	Le Supreme. 栄生本店			飲食店	パン	食べログ パン 百名店 2020	愛知県					愛知県 栄生駅			https://tabelog.com/aichi/A2301/A230113/23005960/		未確認				46232	店舗照合済	食べログ 百名店 2020 / パン EAST / Tabelog ID 23005960 / https://award.tabelog.com/hyakumeiten/bread_east/2020
FOD-0978	ブーランジェリー メチエ パークシティ武蔵小杉ザ・ガーデン			飲食店	パン	食べログ パン 百名店 2020	神奈川県					神奈川県 武蔵小杉駅			https://tabelog.com/kanagawa/A1405/A140504/14071269/		未確認				46232	店舗照合済	食べログ 百名店 2020 / パン EAST / Tabelog ID 14071269 / https://award.tabelog.com/hyakumeiten/bread_east/2020
FOD-0979	白楽ベーグル			飲食店	パン	食べログ パン 百名店 2020	神奈川県					神奈川県 白楽駅			https://tabelog.com/kanagawa/A1401/A140205/14034186/		未確認				46232	店舗照合済	食べログ 百名店 2020 / パン EAST / Tabelog ID 14034186 / https://award.tabelog.com/hyakumeiten/bread_east/2020
FOD-0980	ベッカライ 徳多朗 元石川本店			飲食店	パン	食べログ パン 百名店 2020	神奈川県					神奈川県 横浜市青葉区			https://tabelog.com/kanagawa/A1401/A140201/14042306/		未確認				46232	店舗照合済	食べログ 百名店 2020 / パン EAST / Tabelog ID 14042306 / https://award.tabelog.com/hyakumeiten/bread_east/2020
FOD-0981	ブラフベーカリー			飲食店	パン	食べログ パン 百名店 2020	神奈川県					神奈川県 元町・中華街駅			https://tabelog.com/kanagawa/A1401/A140105/14038740/		未確認				46232	店舗照合済	食べログ 百名店 2020 / パン EAST / Tabelog ID 14038740 / https://award.tabelog.com/hyakumeiten/bread_east/2020
FOD-0982	Boulanger ペイザン			飲食店	パン	食べログ パン 百名店 2020	岐阜県					岐阜県 関市			https://tabelog.com/gifu/A2102/A210204/21000884/		未確認				46232	店舗照合済	食べログ 百名店 2020 / パン EAST / Tabelog ID 21000884 / https://award.tabelog.com/hyakumeiten/bread_east/2020
FOD-0983	鎌倉 利々庵			飲食店	パン	食べログ パン 百名店 2020	神奈川県					神奈川県 鎌倉駅			https://tabelog.com/kanagawa/A1404/A140402/14046895/		未確認				46232	店舗照合済	食べログ 百名店 2020 / パン EAST / Tabelog ID 14046895 / https://award.tabelog.com/hyakumeiten/bread_east/2020
FOD-0984	サカエパン			飲食店	パン	食べログ パン 百名店 2020	岐阜県					岐阜県 岐阜市			https://tabelog.com/gifu/A2101/A210101/21000648/		未確認				46232	店舗照合済	食べログ 百名店 2020 / パン EAST / Tabelog ID 21000648 / https://award.tabelog.com/hyakumeiten/bread_east/2020
FOD-0985	ル シュプレーム ジェイアール名古屋高島屋店			飲食店	パン	食べログ パン 百名店 2020	愛知県					愛知県 名鉄名古屋駅			https://tabelog.com/aichi/A2301/A230101/23052895/		未確認				46232	店舗照合済	食べログ 百名店 2020 / パン EAST / Tabelog ID 23052895 / https://award.tabelog.com/hyakumeiten/bread_east/2020
FOD-0986	大須ベーカリー			飲食店	パン	食べログ パン 百名店 2020	愛知県					愛知県 上前津駅			https://tabelog.com/aichi/A2301/A230105/23005844/		未確認				46232	店舗照合済	食べログ 百名店 2020 / パン EAST / Tabelog ID 23005844 / https://award.tabelog.com/hyakumeiten/bread_east/2020
FOD-0987	ル・フィヤージュ			飲食店	パン	食べログ パン 百名店 2020	静岡県					静岡県 伊東市			https://tabelog.com/shizuoka/A2205/A220503/22003252/		未確認				46232	店舗照合済	食べログ 百名店 2020 / パン EAST / Tabelog ID 22003252 / https://award.tabelog.com/hyakumeiten/bread_east/2020
FOD-0988	プーフレカンテ			飲食店	パン	食べログ パン 百名店 2020	愛知県					愛知県 瑞穂運動場西駅			https://tabelog.com/aichi/A2301/A230112/23002593/		未確認				46232	店舗照合済	食べログ 百名店 2020 / パン EAST / Tabelog ID 23002593 / https://award.tabelog.com/hyakumeiten/bread_east/2020
FOD-0989	パリゼット			飲食店	パン	食べログ パン 百名店 2020	埼玉県					埼玉県			https://tabelog.com/saitama/A1104/A110401/11028894/		未確認				46232	店舗照合済	食べログ 百名店 2020 / パン EAST / Tabelog ID 11028894 / https://award.tabelog.com/hyakumeiten/bread_east/2020
FOD-0990	バックシュトゥーベ ツオップ			飲食店	パン	食べログ パン 百名店 2020	千葉県					千葉県 松戸市			https://tabelog.com/chiba/A1203/A120302/12000514/		未確認				46232	店舗照合済	食べログ 百名店 2020 / パン EAST / Tabelog ID 12000514 / https://award.tabelog.com/hyakumeiten/bread_east/2020
FOD-0991	ブーランジェリー　ジン			飲食店	パン	食べログ パン 百名店 2020	北海道					北海道 虻田郡真狩村			https://tabelog.com/hokkaido/A0106/A010603/1004625/		未確認				46232	店舗照合済	食べログ 百名店 2020 / パン EAST / Tabelog ID 1004625 / https://award.tabelog.com/hyakumeiten/bread_east/2020
FOD-0992	スーリープー			飲食店	パン	食べログ パン 百名店 2020	愛知県					愛知県 鶴舞駅			https://tabelog.com/aichi/A2301/A230105/23031040/		未確認				46232	店舗照合済	食べログ 百名店 2020 / パン EAST / Tabelog ID 23031040 / https://award.tabelog.com/hyakumeiten/bread_east/2020
FOD-0993	トースト ネイバーフッド ベイカリー			飲食店	パン	食べログ パン 百名店 2020	神奈川県					神奈川県 山手駅			https://tabelog.com/kanagawa/A1401/A140106/14037517/		未確認				46232	店舗照合済	食べログ 百名店 2020 / パン EAST / Tabelog ID 14037517 / https://award.tabelog.com/hyakumeiten/bread_east/2020
FOD-0994	ベッカライ徳多朗 Yotsubako			飲食店	パン	食べログ パン 百名店 2020	神奈川県					神奈川県 センター北駅			https://tabelog.com/kanagawa/A1401/A140203/14043497/		未確認				46232	店舗照合済	食べログ 百名店 2020 / パン EAST / Tabelog ID 14043497 / https://award.tabelog.com/hyakumeiten/bread_east/2020
FOD-0995	のり蔵			飲食店	パン	食べログ パン 百名店 2020	神奈川県					神奈川県 元町・中華街駅			https://tabelog.com/kanagawa/A1401/A140105/14057349/		未確認				46232	店舗照合済	食べログ 百名店 2020 / パン EAST / Tabelog ID 14057349 / https://award.tabelog.com/hyakumeiten/bread_east/2020
FOD-0996	美瑛選果 新千歳空港店			飲食店	パン	食べログ パン 百名店 2020	北海道					北海道 千歳市			https://tabelog.com/hokkaido/A0107/A010701/1034722/		未確認				46232	店舗照合済	食べログ 百名店 2020 / パン EAST / Tabelog ID 1034722 / https://award.tabelog.com/hyakumeiten/bread_east/2020
FOD-0997	ぱん吉			飲食店	パン	食べログ パン 百名店 2020	北海道					北海道 札幌（ＪＲ）駅			https://tabelog.com/hokkaido/A0101/A010101/1001468/		未確認				46232	店舗照合済	食べログ 百名店 2020 / パン EAST / Tabelog ID 1001468 / https://award.tabelog.com/hyakumeiten/bread_east/2020
FOD-0998	ピコット 本店			飲食店	パン	食べログ パン 百名店 2020	神奈川県					神奈川県 宮ノ下駅			https://tabelog.com/kanagawa/A1410/A141001/14007490/		未確認				46232	店舗照合済	食べログ 百名店 2020 / パン EAST / Tabelog ID 14007490 / https://award.tabelog.com/hyakumeiten/bread_east/2020
FOD-0999	ブーランジェリー コロン 本店			飲食店	パン	食べログ パン 百名店 2020	北海道					北海道 バスセンター前駅			https://tabelog.com/hokkaido/A0101/A010102/1040487/		未確認				46232	店舗照合済	食べログ 百名店 2020 / パン EAST / Tabelog ID 1040487 / https://award.tabelog.com/hyakumeiten/bread_east/2020
FOD-1000	キビヤベーカリー			飲食店	パン	食べログ パン 百名店 2020	神奈川県					神奈川県 鎌倉駅			https://tabelog.com/kanagawa/A1404/A140402/14014244/		未確認				46232	店舗照合済	食べログ 百名店 2020 / パン EAST / Tabelog ID 14014244 / https://award.tabelog.com/hyakumeiten/bread_east/2020
FOD-1001	みやび亭			飲食店	パン	食べログ パン 百名店 2020	埼玉県					埼玉県 羽生市			https://tabelog.com/saitama/A1104/A110403/11035931/		未確認				46232	店舗照合済	食べログ 百名店 2020 / パン EAST / Tabelog ID 11035931 / https://award.tabelog.com/hyakumeiten/bread_east/2020
FOD-1002	芦名ベーカリー 芦兵衛			飲食店	パン	食べログ パン 百名店 2020	神奈川県					神奈川県 横須賀市			https://tabelog.com/kanagawa/A1406/A140601/14052229/		未確認				46232	店舗照合済	食べログ 百名店 2020 / パン EAST / Tabelog ID 14052229 / https://award.tabelog.com/hyakumeiten/bread_east/2020
FOD-1003	クーネルベーカリー			飲食店	パン	食べログ パン 百名店 2020	埼玉県					埼玉県 浦和駅			https://tabelog.com/saitama/A1101/A110102/11028957/		未確認				46232	店舗照合済	食べログ 百名店 2020 / パン EAST / Tabelog ID 11028957 / https://award.tabelog.com/hyakumeiten/bread_east/2020
FOD-1004	充麦			飲食店	パン	食べログ パン 百名店 2020	神奈川県					神奈川県 三浦市			https://tabelog.com/kanagawa/A1406/A140603/14015303/		未確認				46232	店舗照合済	食べログ 百名店 2020 / パン EAST / Tabelog ID 14015303 / https://award.tabelog.com/hyakumeiten/bread_east/2020
FOD-1005	ル・プレジール・デュ・パン 東山本店			飲食店	パン	食べログ パン 百名店 2020	愛知県					愛知県 東山公園駅			https://tabelog.com/aichi/A2301/A230107/23039677/		未確認				46232	店舗照合済	食べログ 百名店 2020 / パン EAST / Tabelog ID 23039677 / https://award.tabelog.com/hyakumeiten/bread_east/2020
FOD-1006	バゲット ラビット			飲食店	パン	食べログ パン 百名店 2020	愛知県					愛知県 一社駅			https://tabelog.com/aichi/A2301/A230111/23058942/		未確認				46232	店舗照合済	食べログ 百名店 2020 / パン EAST / Tabelog ID 23058942 / https://award.tabelog.com/hyakumeiten/bread_east/2020
FOD-1007	守谷製パン店			飲食店	パン	食べログ パン 百名店 2020	神奈川県					神奈川県 小田原駅			https://tabelog.com/kanagawa/A1409/A140901/14003916/		未確認				46232	店舗照合済	食べログ 百名店 2020 / パン EAST / Tabelog ID 14003916 / https://award.tabelog.com/hyakumeiten/bread_east/2020
FOD-1008	ブランジェリー ぱぴ・ぱん			飲食店	パン	食べログ パン 百名店 2020	愛知県					愛知県 植田（名古屋市営）駅			https://tabelog.com/aichi/A2301/A230111/23004064/		未確認				46232	店舗照合済	食べログ 百名店 2020 / パン EAST / Tabelog ID 23004064 / https://award.tabelog.com/hyakumeiten/bread_east/2020
FOD-1009	アサカベーカリー 朝霞台店			飲食店	パン	食べログ パン 百名店 2020	埼玉県					埼玉県 朝霞台駅			https://tabelog.com/saitama/A1103/A110301/11003063/		未確認				46232	店舗照合済	食べログ 百名店 2020 / パン EAST / Tabelog ID 11003063 / https://award.tabelog.com/hyakumeiten/bread_east/2020
FOD-1010	ハルタ 軽井沢			飲食店	パン	食べログ パン 百名店 2020	長野県					長野県 北佐久郡軽井沢町			https://tabelog.com/nagano/A2003/A200301/20011411/		未確認				46232	店舗照合済	食べログ 百名店 2020 / パン EAST / Tabelog ID 20011411 / https://award.tabelog.com/hyakumeiten/bread_east/2020
FOD-1011	ベッカライ・ブロートツァイト			飲食店	パン	食べログ パン 百名店 2020	茨城県					茨城県 つくば市			https://tabelog.com/ibaraki/A0802/A080201/8001938/		未確認				46232	店舗照合済	食べログ 百名店 2020 / パン EAST / Tabelog ID 8001938 / https://award.tabelog.com/hyakumeiten/bread_east/2020
FOD-1012	パンヤコット			飲食店	パン	食べログ パン 百名店 2020	神奈川県					神奈川県 逗子市			https://tabelog.com/kanagawa/A1406/A140602/14009181/		未確認				46232	店舗照合済	食べログ 百名店 2020 / パン EAST / Tabelog ID 14009181 / https://award.tabelog.com/hyakumeiten/bread_east/2020
FOD-1013	ブーランジェリー パティスリー トレトゥール アダチ			飲食店	パン	食べログ パン 百名店 2020	神奈川県					神奈川県 センター南駅			https://tabelog.com/kanagawa/A1401/A140203/14070721/		未確認				46232	店舗照合済	食べログ 百名店 2020 / パン EAST / Tabelog ID 14070721 / https://award.tabelog.com/hyakumeiten/bread_east/2020
FOD-1014	ジャン・フランソワ 横浜ポルタ			飲食店	パン	食べログ パン 百名店 2020	神奈川県					神奈川県 横浜駅			https://tabelog.com/kanagawa/A1401/A140101/14043136/		未確認				46232	店舗照合済	食べログ 百名店 2020 / パン EAST / Tabelog ID 14043136 / https://award.tabelog.com/hyakumeiten/bread_east/2020
FOD-1015	マダムルージュ			飲食店	パン	食べログ パン 百名店 2020	神奈川県					神奈川県 藤沢駅			https://tabelog.com/kanagawa/A1404/A140404/14046435/		未確認				46232	店舗照合済	食べログ 百名店 2020 / パン EAST / Tabelog ID 14046435 / https://award.tabelog.com/hyakumeiten/bread_east/2020
FOD-1016	小春日和			飲食店	パン	食べログ パン 百名店 2020	埼玉県					埼玉県 北大宮駅			https://tabelog.com/saitama/A1101/A110101/11004747/		未確認				46232	店舗照合済	食べログ 百名店 2020 / パン EAST / Tabelog ID 11004747 / https://award.tabelog.com/hyakumeiten/bread_east/2020
FOD-1017	モン・ペシェ・ミニョン			飲食店	パン	食べログ パン 百名店 2020	神奈川県					神奈川県 鎌倉市			https://tabelog.com/kanagawa/A1404/A140402/14041555/		未確認				46232	店舗照合済	食べログ 百名店 2020 / パン EAST / Tabelog ID 14041555 / https://award.tabelog.com/hyakumeiten/bread_east/2020
FOD-1018	NAOZO			飲食店	パン	食べログ パン 百名店 2020	栃木県					栃木県 那須塩原市			https://tabelog.com/tochigi/A0905/A090501/9002708/		未確認				46232	店舗照合済	食べログ 百名店 2020 / パン EAST / Tabelog ID 9002708 / https://award.tabelog.com/hyakumeiten/bread_east/2020
FOD-1019	パンの店　ポルカ			飲食店	パン	食べログ パン 百名店 2020	愛知県					愛知県 尾張旭市			https://tabelog.com/aichi/A2303/A230302/23008648/		未確認				46232	店舗照合済	食べログ 百名店 2020 / パン EAST / Tabelog ID 23008648 / https://award.tabelog.com/hyakumeiten/bread_east/2020
FOD-1020	ザ シティ ベーカリー UMEDA			飲食店	パン	食べログ パン 百名店 2020	大阪府					大阪府 大阪駅			https://tabelog.com/osaka/A2701/A270101/27072545/		未確認				46232	店舗照合済	食べログ 百名店 2020 / パン WEST / Tabelog ID 27072545 / https://award.tabelog.com/hyakumeiten/bread_west/2020
FOD-1021	ファイブラン			飲食店	パン	食べログ パン 百名店 2020	京都府					京都府 烏丸御池駅			https://tabelog.com/kyoto/A2601/A260202/26026337/		未確認				46232	店舗照合済	食べログ 百名店 2020 / パン WEST / Tabelog ID 26026337 / https://award.tabelog.com/hyakumeiten/bread_west/2020
FOD-1022	手作りパン工房 コネルヤ			飲食店	パン	食べログ パン 百名店 2020	京都府					京都府 二条駅			https://tabelog.com/kyoto/A2601/A260203/26002695/		未確認				46232	店舗照合済	食べログ 百名店 2020 / パン WEST / Tabelog ID 26002695 / https://award.tabelog.com/hyakumeiten/bread_west/2020
FOD-1023	フロイン堂			飲食店	パン	食べログ パン 百名店 2020	兵庫県					兵庫県 岡本駅			https://tabelog.com/hyogo/A2801/A280105/28001078/		未確認				46232	店舗照合済	食べログ 百名店 2020 / パン WEST / Tabelog ID 28001078 / https://award.tabelog.com/hyakumeiten/bread_west/2020
FOD-1024	グランディール 下鴨店			飲食店	パン	食べログ パン 百名店 2020	京都府					京都府 北山駅			https://tabelog.com/kyoto/A2601/A260503/26002312/		未確認				46232	店舗照合済	食べログ 百名店 2020 / パン WEST / Tabelog ID 26002312 / https://award.tabelog.com/hyakumeiten/bread_west/2020
FOD-1025	レディオベーグル			飲食店	パン	食べログ パン 百名店 2020	京都府					京都府 北山駅			https://tabelog.com/kyoto/A2601/A260503/26007367/		未確認				46232	店舗照合済	食べログ 百名店 2020 / パン WEST / Tabelog ID 26007367 / https://award.tabelog.com/hyakumeiten/bread_west/2020
FOD-1026	ameen’s oven			飲食店	パン	食べログ パン 百名店 2020	兵庫県					兵庫県 夙川駅			https://tabelog.com/hyogo/A2803/A280301/28006379/		未確認				46232	店舗照合済	食べログ 百名店 2020 / パン WEST / Tabelog ID 28006379 / https://award.tabelog.com/hyakumeiten/bread_west/2020
FOD-1027	カンテ・グランデ ベーカリー			飲食店	パン	食べログ パン 百名店 2020	大阪府					大阪府 中津（阪急）駅			https://tabelog.com/osaka/A2701/A270101/27005149/		未確認				46232	店舗照合済	食べログ 百名店 2020 / パン WEST / Tabelog ID 27005149 / https://award.tabelog.com/hyakumeiten/bread_west/2020
FOD-1028	ベッカライ・ペルケオ・アルト・ハイデルベルク			飲食店	パン	食べログ パン 百名店 2020	京都府					京都府 京都市左京区			https://tabelog.com/kyoto/A2601/A260301/26014599/		未確認				46232	店舗照合済	食べログ 百名店 2020 / パン WEST / Tabelog ID 26014599 / https://award.tabelog.com/hyakumeiten/bread_west/2020
FOD-1029	ココロ			飲食店	パン	食べログ パン 百名店 2020	大阪府					大阪府 大阪上本町駅			https://tabelog.com/osaka/A2701/A270205/27015189/		未確認				46232	店舗照合済	食べログ 百名店 2020 / パン WEST / Tabelog ID 27015189 / https://award.tabelog.com/hyakumeiten/bread_west/2020
FOD-1030	エス・ブーランジュリー			飲食店	パン	食べログ パン 百名店 2020	兵庫県					兵庫県 ウッディタウン中央駅			https://tabelog.com/hyogo/A2807/A280703/28009524/		未確認				46232	店舗照合済	食べログ 百名店 2020 / パン WEST / Tabelog ID 28009524 / https://award.tabelog.com/hyakumeiten/bread_west/2020
FOD-1031	ゴジュウニチョウメベーカリー			飲食店	パン	食べログ パン 百名店 2020	大阪府					大阪府 谷町四丁目駅			https://tabelog.com/osaka/A2701/A270104/27059169/		未確認				46232	店舗照合済	食べログ 百名店 2020 / パン WEST / Tabelog ID 27059169 / https://award.tabelog.com/hyakumeiten/bread_west/2020
FOD-1032	ラ・フルネ			飲食店	パン	食べログ パン 百名店 2020	大阪府					大阪府 肥後橋駅			https://tabelog.com/osaka/A2701/A270102/27081942/		未確認				46232	店舗照合済	食べログ 百名店 2020 / パン WEST / Tabelog ID 27081942 / https://award.tabelog.com/hyakumeiten/bread_west/2020
FOD-1033	パンデュース			飲食店	パン	食べログ パン 百名店 2020	大阪府					大阪府 本町駅			https://tabelog.com/osaka/A2701/A270106/27003262/		未確認				46232	店舗照合済	食べログ 百名店 2020 / パン WEST / Tabelog ID 27003262 / https://award.tabelog.com/hyakumeiten/bread_west/2020
FOD-1034	モグモグベーカリー			飲食店	パン	食べログ パン 百名店 2020	京都府					京都府 宇治（ＪＲ）駅			https://tabelog.com/kyoto/A2607/A260701/26006153/		未確認				46232	店舗照合済	食べログ 百名店 2020 / パン WEST / Tabelog ID 26006153 / https://award.tabelog.com/hyakumeiten/bread_west/2020
FOD-1035	ブーランジェリー ブルディガラ 大阪店			飲食店	パン	食べログ パン 百名店 2020	大阪府					大阪府 西梅田駅			https://tabelog.com/osaka/A2701/A270101/27009000/		未確認				46232	店舗照合済	食べログ 百名店 2020 / パン WEST / Tabelog ID 27009000 / https://award.tabelog.com/hyakumeiten/bread_west/2020
FOD-1036	泉北堂 本店			飲食店	パン	食べログ パン 百名店 2020	大阪府					大阪府 泉ケ丘駅			https://tabelog.com/osaka/A2705/A270501/27014335/		未確認				46232	店舗照合済	食べログ 百名店 2020 / パン WEST / Tabelog ID 27014335 / https://award.tabelog.com/hyakumeiten/bread_west/2020
FOD-1037	パンやきどころ RIKI			飲食店	パン	食べログ パン 百名店 2020	兵庫県					兵庫県 元町（阪神）駅			https://tabelog.com/hyogo/A2801/A280102/28038627/		未確認				46232	店舗照合済	食べログ 百名店 2020 / パン WEST / Tabelog ID 28038627 / https://award.tabelog.com/hyakumeiten/bread_west/2020
FOD-1038	ベーカリー柳月堂			飲食店	パン	食べログ パン 百名店 2020	京都府					京都府 出町柳駅			https://tabelog.com/kyoto/A2601/A260302/26001108/		未確認				46232	店舗照合済	食べログ 百名店 2020 / パン WEST / Tabelog ID 26001108 / https://award.tabelog.com/hyakumeiten/bread_west/2020
FOD-1039	ブーランジェリー ミヤナガ			飲食店	パン	食べログ パン 百名店 2020	兵庫県					兵庫県 夙川駅			https://tabelog.com/hyogo/A2803/A280301/28026569/		未確認				46232	店舗照合済	食べログ 百名店 2020 / パン WEST / Tabelog ID 28026569 / https://award.tabelog.com/hyakumeiten/bread_west/2020
FOD-1040	リョウイチヤマウチ			飲食店	パン	食べログ パン 百名店 2020	兵庫県					兵庫県 苦楽園口駅			https://tabelog.com/hyogo/A2803/A280301/28006731/		未確認				46232	店舗照合済	食べログ 百名店 2020 / パン WEST / Tabelog ID 28006731 / https://award.tabelog.com/hyakumeiten/bread_west/2020
FOD-1041	トミーズ 三宮店			飲食店	パン	食べログ パン 百名店 2020	兵庫県					兵庫県 神戸三宮（阪急）駅			https://tabelog.com/hyogo/A2801/A280101/28002135/		未確認				46232	店舗照合済	食べログ 百名店 2020 / パン WEST / Tabelog ID 28002135 / https://award.tabelog.com/hyakumeiten/bread_west/2020
FOD-1042	まるき製パン所			飲食店	パン	食べログ パン 百名店 2020	京都府					京都府 四条大宮駅			https://tabelog.com/kyoto/A2601/A260203/26003237/		未確認				46232	店舗照合済	食べログ 百名店 2020 / パン WEST / Tabelog ID 26003237 / https://award.tabelog.com/hyakumeiten/bread_west/2020
FOD-1043	ROUTE271 高槻店			飲食店	パン	食べログ パン 百名店 2020	大阪府					大阪府 高槻駅			https://tabelog.com/osaka/A2706/A270604/27056279/		未確認				46232	店舗照合済	食べログ 百名店 2020 / パン WEST / Tabelog ID 27056279 / https://award.tabelog.com/hyakumeiten/bread_west/2020
FOD-1044	ベッカライ ビオブロート			飲食店	パン	食べログ パン 百名店 2020	兵庫県					兵庫県 芦屋（ＪＲ）駅			https://tabelog.com/hyogo/A2803/A280302/28001945/		未確認				46232	店舗照合済	食べログ 百名店 2020 / パン WEST / Tabelog ID 28001945 / https://award.tabelog.com/hyakumeiten/bread_west/2020
FOD-1045	ROUTE271 梅田本店			飲食店	パン	食べログ パン 百名店 2020	大阪府					大阪府 大阪梅田（阪急）駅			https://tabelog.com/osaka/A2701/A270101/27087157/		未確認				46232	店舗照合済	食べログ 百名店 2020 / パン WEST / Tabelog ID 27087157 / https://award.tabelog.com/hyakumeiten/bread_west/2020
FOD-1046	エズ ブルー			飲食店	パン	食べログ パン 百名店 2020	京都府					京都府 出町柳駅			https://tabelog.com/kyoto/A2601/A260302/26002639/		未確認				46232	店舗照合済	食べログ 百名店 2020 / パン WEST / Tabelog ID 26002639 / https://award.tabelog.com/hyakumeiten/bread_west/2020
FOD-1047	プレザン			飲食店	パン	食べログ パン 百名店 2020	大阪府					大阪府 高槻駅			https://tabelog.com/osaka/A2706/A270604/27017741/		未確認				46232	店舗照合済	食べログ 百名店 2020 / パン WEST / Tabelog ID 27017741 / https://award.tabelog.com/hyakumeiten/bread_west/2020
FOD-1048	トロワ			飲食店	パン	食べログ パン 百名店 2020	大阪府					大阪府 平野（大阪メトロ）駅			https://tabelog.com/osaka/A2701/A270405/27054996/		未確認				46232	店舗照合済	食べログ 百名店 2020 / パン WEST / Tabelog ID 27054996 / https://award.tabelog.com/hyakumeiten/bread_west/2020
FOD-1049	アド・パンデュース			飲食店	パン	食べログ パン 百名店 2020	大阪府					大阪府 淀屋橋駅			https://tabelog.com/osaka/A2701/A270102/27015191/		未確認				46232	店舗照合済	食べログ 百名店 2020 / パン WEST / Tabelog ID 27015191 / https://award.tabelog.com/hyakumeiten/bread_west/2020
FOD-1050	ル・プチメック 大丸京都店			飲食店	パン	食べログ パン 百名店 2020	京都府					京都府 烏丸駅			https://tabelog.com/kyoto/A2601/A260201/26023941/		未確認				46232	店舗照合済	食べログ 百名店 2020 / パン WEST / Tabelog ID 26023941 / https://award.tabelog.com/hyakumeiten/bread_west/2020
FOD-1051	un peu de			飲食店	パン	食べログ パン 百名店 2020	兵庫県					兵庫県 甲南山手駅			https://tabelog.com/hyogo/A2801/A280105/28025630/		未確認				46232	店舗照合済	食べログ 百名店 2020 / パン WEST / Tabelog ID 28025630 / https://award.tabelog.com/hyakumeiten/bread_west/2020
FOD-1052	デ・トゥット・パンデュース エキマルシェ大阪店			飲食店	パン	食べログ パン 百名店 2020	大阪府					大阪府 大阪梅田（阪神）駅			https://tabelog.com/osaka/A2701/A270101/27068845/		未確認				46232	店舗照合済	食べログ 百名店 2020 / パン WEST / Tabelog ID 27068845 / https://award.tabelog.com/hyakumeiten/bread_west/2020
FOD-1053	マッシュキョウト			飲食店	パン	食べログ パン 百名店 2020	京都府					京都府 四条（京都市営）駅			https://tabelog.com/kyoto/A2601/A260201/26006051/		未確認				46232	店舗照合済	食べログ 百名店 2020 / パン WEST / Tabelog ID 26006051 / https://award.tabelog.com/hyakumeiten/bread_west/2020
FOD-1054	ル・シュクレクール 岸部			飲食店	パン	食べログ パン 百名店 2020	大阪府					大阪府 吹田市			https://tabelog.com/osaka/A2706/A270602/27003426/		未確認				46232	店舗照合済	食べログ 百名店 2020 / パン WEST / Tabelog ID 27003426 / https://award.tabelog.com/hyakumeiten/bread_west/2020
FOD-1055	グランディール  堀川店			飲食店	パン	食べログ パン 百名店 2020	京都府					京都府 北大路駅			https://tabelog.com/kyoto/A2601/A260503/26005570/		未確認				46232	店舗照合済	食べログ 百名店 2020 / パン WEST / Tabelog ID 26005570 / https://award.tabelog.com/hyakumeiten/bread_west/2020
FOD-1056	ボン・ボランテ			飲食店	パン	食べログ パン 百名店 2020	京都府					京都府 神宮丸太町駅			https://tabelog.com/kyoto/A2601/A260302/26002684/		未確認				46232	店舗照合済	食べログ 百名店 2020 / パン WEST / Tabelog ID 26002684 / https://award.tabelog.com/hyakumeiten/bread_west/2020
FOD-1057	ミシェルズベーグル			飲食店	パン	食べログ パン 百名店 2020	京都府					京都府 鞍馬口駅			https://tabelog.com/kyoto/A2601/A260503/26007648/		未確認				46232	店舗照合済	食べログ 百名店 2020 / パン WEST / Tabelog ID 26007648 / https://award.tabelog.com/hyakumeiten/bread_west/2020
FOD-1058	コム・シノワ 高島屋大阪店			飲食店	パン	食べログ パン 百名店 2020	大阪府					大阪府 難波（南海）駅			https://tabelog.com/osaka/A2701/A270202/27014893/		未確認				46232	店舗照合済	食べログ 百名店 2020 / パン WEST / Tabelog ID 27014893 / https://award.tabelog.com/hyakumeiten/bread_west/2020
FOD-1059	ハッピーキャンパーベーグル			飲食店	パン	食べログ パン 百名店 2020	大阪府					大阪府 扇町駅			https://tabelog.com/osaka/A2701/A270103/27071749/		未確認				46232	店舗照合済	食べログ 百名店 2020 / パン WEST / Tabelog ID 27071749 / https://award.tabelog.com/hyakumeiten/bread_west/2020
FOD-1060	ハナカゴ			飲食店	パン	食べログ パン 百名店 2020	京都府					京都府 烏丸駅			https://tabelog.com/kyoto/A2601/A260202/26025406/		未確認				46232	店舗照合済	食べログ 百名店 2020 / パン WEST / Tabelog ID 26025406 / https://award.tabelog.com/hyakumeiten/bread_west/2020
FOD-1061	ビゴの店 本店			飲食店	パン	食べログ パン 百名店 2020	兵庫県					兵庫県 芦屋（ＪＲ）駅			https://tabelog.com/hyogo/A2803/A280302/28001784/		未確認				46232	店舗照合済	食べログ 百名店 2020 / パン WEST / Tabelog ID 28001784 / https://award.tabelog.com/hyakumeiten/bread_west/2020
FOD-1062	wada			飲食店	パン	食べログ パン 百名店 2020	兵庫県					兵庫県 芦屋川駅			https://tabelog.com/hyogo/A2803/A280302/28028120/		未確認				46232	店舗照合済	食べログ 百名店 2020 / パン WEST / Tabelog ID 28028120 / https://award.tabelog.com/hyakumeiten/bread_west/2020
FOD-1063	アップルの発音			飲食店	パン	食べログ パン 百名店 2020	大阪府					大阪府 平野（大阪メトロ）駅			https://tabelog.com/osaka/A2701/A270405/27044053/		未確認				46232	店舗照合済	食べログ 百名店 2020 / パン WEST / Tabelog ID 27044053 / https://award.tabelog.com/hyakumeiten/bread_west/2020
FOD-1064	コム・シノワ			飲食店	パン	食べログ パン 百名店 2020	兵庫県					兵庫県 三宮・花時計前駅			https://tabelog.com/hyogo/A2801/A280101/28004087/		未確認				46232	店舗照合済	食べログ 百名店 2020 / パン WEST / Tabelog ID 28004087 / https://award.tabelog.com/hyakumeiten/bread_west/2020
FOD-1065	ブーランジェリー パリゴ			飲食店	パン	食べログ パン 百名店 2020	大阪府					大阪府 四天王寺前夕陽ケ丘駅			https://tabelog.com/osaka/A2701/A270205/27007052/		未確認				46232	店舗照合済	食べログ 百名店 2020 / パン WEST / Tabelog ID 27007052 / https://award.tabelog.com/hyakumeiten/bread_west/2020
FOD-1066	ル・プチメック 今出川店			飲食店	パン	食べログ パン 百名店 2020	京都府					京都府 京都市上京区			https://tabelog.com/kyoto/A2601/A260202/26000210/		未確認				46232	店舗照合済	食べログ 百名店 2020 / パン WEST / Tabelog ID 26000210 / https://award.tabelog.com/hyakumeiten/bread_west/2020
FOD-1067	ブーランジュリー&カフェ グウ			飲食店	パン	食べログ パン 百名店 2020	大阪府					大阪府 谷町四丁目駅			https://tabelog.com/osaka/A2701/A270104/27075014/		未確認				46232	店舗照合済	食べログ 百名店 2020 / パン WEST / Tabelog ID 27075014 / https://award.tabelog.com/hyakumeiten/bread_west/2020
FOD-1068	ル・ブーランジェ・ドゥ・モンジュ うめだ阪急店			飲食店	パン	食べログ パン 百名店 2020	大阪府					大阪府 梅田駅			https://tabelog.com/osaka/A2701/A270101/27068669/		未確認				46232	店舗照合済	食べログ 百名店 2020 / パン WEST / Tabelog ID 27068669 / https://award.tabelog.com/hyakumeiten/bread_west/2020
FOD-1069	ジュエ ボワット			飲食店	パン	食べログ パン 百名店 2020	大阪府					大阪府 高槻市駅			https://tabelog.com/osaka/A2706/A270604/27012984/		未確認				46232	店舗照合済	食べログ 百名店 2020 / パン WEST / Tabelog ID 27012984 / https://award.tabelog.com/hyakumeiten/bread_west/2020
FOD-1070	ルルット			飲食店	パン	食べログ パン 百名店 2020	大阪府					大阪府 中之島駅			https://tabelog.com/osaka/A2701/A270102/27075939/		未確認				46232	店舗照合済	食べログ 百名店 2020 / パン WEST / Tabelog ID 27075939 / https://award.tabelog.com/hyakumeiten/bread_west/2020
FOD-1071	サイラー			飲食店	パン	食べログ パン 百名店 2020	福岡県					福岡県 福岡市南区			https://tabelog.com/fukuoka/A4001/A400202/40000552/		未確認				46232	店舗照合済	食べログ 百名店 2020 / パン WEST / Tabelog ID 40000552 / https://award.tabelog.com/hyakumeiten/bread_west/2020
FOD-1072	オーガニックパン工房　それいゆ			飲食店	パン	食べログ パン 百名店 2020	大阪府					大阪府 姫松駅			https://tabelog.com/osaka/A2701/A270203/27062806/		未確認				46232	店舗照合済	食べログ 百名店 2020 / パン WEST / Tabelog ID 27062806 / https://award.tabelog.com/hyakumeiten/bread_west/2020
FOD-1073	ル・プチメック 御池店			飲食店	パン	食べログ パン 百名店 2020	京都府					京都府 烏丸御池駅			https://tabelog.com/kyoto/A2601/A260202/26005029/		未確認				46232	店舗照合済	食べログ 百名店 2020 / パン WEST / Tabelog ID 26005029 / https://award.tabelog.com/hyakumeiten/bread_west/2020
FOD-1074	まん福ベーカリー			飲食店	パン	食べログ パン 百名店 2020	大阪府					大阪府 北浜駅			https://tabelog.com/osaka/A2701/A270102/27060424/		未確認				46232	店舗照合済	食べログ 百名店 2020 / パン WEST / Tabelog ID 27060424 / https://award.tabelog.com/hyakumeiten/bread_west/2020
FOD-1075	ル・プチメック OMAKE			飲食店	パン	食べログ パン 百名店 2020	京都府					京都府 烏丸駅			https://tabelog.com/kyoto/A2601/A260201/26025036/		未確認				46232	店舗照合済	食べログ 百名店 2020 / パン WEST / Tabelog ID 26025036 / https://award.tabelog.com/hyakumeiten/bread_west/2020
FOD-1076	ラ バゲット ド パリ ヨシカワ			飲食店	パン	食べログ パン 百名店 2020	兵庫県					兵庫県 苦楽園口駅			https://tabelog.com/hyogo/A2803/A280301/28018035/		未確認				46232	店舗照合済	食べログ 百名店 2020 / パン WEST / Tabelog ID 28018035 / https://award.tabelog.com/hyakumeiten/bread_west/2020
FOD-1077	フリップアップ			飲食店	パン	食べログ パン 百名店 2020	京都府					京都府 烏丸御池駅			https://tabelog.com/kyoto/A2601/A260202/26004579/		未確認				46232	店舗照合済	食べログ 百名店 2020 / パン WEST / Tabelog ID 26004579 / https://award.tabelog.com/hyakumeiten/bread_west/2020
FOD-1078	パンストック			飲食店	パン	食べログ パン 百名店 2020	福岡県					福岡県 箱崎九大前駅			https://tabelog.com/fukuoka/A4001/A400201/40024379/		未確認				46232	店舗照合済	食べログ 百名店 2020 / パン WEST / Tabelog ID 40024379 / https://award.tabelog.com/hyakumeiten/bread_west/2020
FOD-1079	マンハッタン			飲食店	パン	食べログ パン 百名店 2020	京都府					京都府 丹波口駅			https://tabelog.com/kyoto/A2601/A260203/26014268/		未確認				46232	店舗照合済	食べログ 百名店 2020 / パン WEST / Tabelog ID 26014268 / https://award.tabelog.com/hyakumeiten/bread_west/2020
FOD-1080	ブリアン 北山本店			飲食店	パン	食べログ パン 百名店 2020	京都府					京都府 北山駅			https://tabelog.com/kyoto/A2601/A260503/26004348/		未確認				46232	店舗照合済	食べログ 百名店 2020 / パン WEST / Tabelog ID 26004348 / https://award.tabelog.com/hyakumeiten/bread_west/2020
FOD-1081	ル・シュクレクール			飲食店	パン	食べログ パン 百名店 2020	大阪府					大阪府 大江橋駅			https://tabelog.com/osaka/A2701/A270101/27092018/		未確認				46232	店舗照合済	食べログ 百名店 2020 / パン WEST / Tabelog ID 27092018 / https://award.tabelog.com/hyakumeiten/bread_west/2020
FOD-1082	めるころ			飲食店	パン	食べログ パン 百名店 2020	熊本県					熊本県 阿蘇郡南阿蘇村			https://tabelog.com/kumamoto/A4302/A430202/43001344/		未確認				46232	店舗照合済	食べログ 百名店 2020 / パン WEST / Tabelog ID 43001344 / https://award.tabelog.com/hyakumeiten/bread_west/2020
FOD-1083	ル・ディマンシュ トアロード店			飲食店	パン	食べログ パン 百名店 2020	兵庫県					兵庫県 旧居留地・大丸前駅			https://tabelog.com/hyogo/A2801/A280102/28002012/		未確認				46232	店舗照合済	食べログ 百名店 2020 / パン WEST / Tabelog ID 28002012 / https://award.tabelog.com/hyakumeiten/bread_west/2020
FOD-1084	食パン工房　ラミ 福島本店			飲食店	パン	食べログ パン 百名店 2020	大阪府					大阪府 新福島駅			https://tabelog.com/osaka/A2701/A270108/27017967/		未確認				46232	店舗照合済	食べログ 百名店 2020 / パン WEST / Tabelog ID 27017967 / https://award.tabelog.com/hyakumeiten/bread_west/2020
FOD-1085	ワルダー			飲食店	パン	食べログ パン 百名店 2020	京都府					京都府 京都河原町駅			https://tabelog.com/kyoto/A2601/A260201/26004637/		未確認				46232	店舗照合済	食べログ 百名店 2020 / パン WEST / Tabelog ID 26004637 / https://award.tabelog.com/hyakumeiten/bread_west/2020
FOD-1086	ブーランジェリエ デ ラ リベルテ			飲食店	パン	食べログ パン 百名店 2020	京都府					京都府 京都市役所前駅			https://tabelog.com/kyoto/A2601/A260201/26014258/		未確認				46232	店舗照合済	食べログ 百名店 2020 / パン WEST / Tabelog ID 26014258 / https://award.tabelog.com/hyakumeiten/bread_west/2020
FOD-1087	マリーフランス 北山店			飲食店	パン	食べログ パン 百名店 2020	京都府					京都府 北山駅			https://tabelog.com/kyoto/A2601/A260503/26004491/		未確認				46232	店舗照合済	食べログ 百名店 2020 / パン WEST / Tabelog ID 26004491 / https://award.tabelog.com/hyakumeiten/bread_west/2020
FOD-1088	パン・ドゥ・マルシェ			飲食店	パン	食べログ パン 百名店 2020	滋賀県					滋賀県 草津市			https://tabelog.com/shiga/A2502/A250201/25001153/		未確認				46232	店舗照合済	食べログ 百名店 2020 / パン WEST / Tabelog ID 25001153 / https://award.tabelog.com/hyakumeiten/bread_west/2020
FOD-1089	フォション 京都高島屋店			飲食店	パン	食べログ パン 百名店 2020	京都府					京都府 京都河原町駅			https://tabelog.com/kyoto/A2601/A260201/26005569/		未確認				46232	店舗照合済	食べログ 百名店 2020 / パン WEST / Tabelog ID 26005569 / https://award.tabelog.com/hyakumeiten/bread_west/2020
FOD-1090	アルチザナル			飲食店	パン	食べログ パン 百名店 2020	京都府					京都府 出町柳駅			https://tabelog.com/kyoto/A2601/A260302/26020779/		未確認				46232	店舗照合済	食べログ 百名店 2020 / パン WEST / Tabelog ID 26020779 / https://award.tabelog.com/hyakumeiten/bread_west/2020
FOD-1091	グランディール 御池店			飲食店	パン	食べログ パン 百名店 2020	京都府					京都府 京都市役所前駅			https://tabelog.com/kyoto/A2601/A260201/26023110/		未確認				46232	店舗照合済	食べログ 百名店 2020 / パン WEST / Tabelog ID 26023110 / https://award.tabelog.com/hyakumeiten/bread_west/2020
FOD-1092	Croix-Rousse			飲食店	パン	食べログ パン 百名店 2020	京都府					京都府 四条（京都市営）駅			https://tabelog.com/kyoto/A2601/A260201/26007737/		未確認				46232	店舗照合済	食べログ 百名店 2020 / パン WEST / Tabelog ID 26007737 / https://award.tabelog.com/hyakumeiten/bread_west/2020
FOD-1093	パン屋航路			飲食店	パン	食べログ パン 百名店 2020	広島県					広島県 尾道市			https://tabelog.com/hiroshima/A3406/A340302/34014537/		未確認				46232	店舗照合済	食べログ 百名店 2020 / パン WEST / Tabelog ID 34014537 / https://award.tabelog.com/hyakumeiten/bread_west/2020
FOD-1094	ビゴの店 神戸国際会館店			飲食店	パン	食べログ パン 百名店 2020	兵庫県					兵庫県 三宮・花時計前駅			https://tabelog.com/hyogo/A2801/A280101/28003325/		未確認				46232	店舗照合済	食べログ 百名店 2020 / パン WEST / Tabelog ID 28003325 / https://award.tabelog.com/hyakumeiten/bread_west/2020
FOD-1095	eight			飲食店	パン	食べログ パン 百名店 2020	京都府					京都府 藤森駅			https://tabelog.com/kyoto/A2601/A260601/26018675/		未確認				46232	店舗照合済	食べログ 百名店 2020 / パン WEST / Tabelog ID 26018675 / https://award.tabelog.com/hyakumeiten/bread_west/2020
FOD-1096	たま木亭			飲食店	パン	食べログ パン 百名店 2020	京都府					京都府 黄檗（ＪＲ）駅			https://tabelog.com/kyoto/A2607/A260701/26025957/		未確認				46232	店舗照合済	食べログ 百名店 2020 / パン WEST / Tabelog ID 26025957 / https://award.tabelog.com/hyakumeiten/bread_west/2020
FOD-1097	パンスケープ 二条駅前店			飲食店	パン	食べログ パン 百名店 2020	京都府					京都府 二条駅			https://tabelog.com/kyoto/A2601/A260203/26017091/		未確認				46232	店舗照合済	食べログ 百名店 2020 / パン WEST / Tabelog ID 26017091 / https://award.tabelog.com/hyakumeiten/bread_west/2020
FOD-1098	キルシュブリューテ			飲食店	パン	食べログ パン 百名店 2020	大阪府					大阪府 西長堀駅			https://tabelog.com/osaka/A2701/A270105/27059403/		未確認				46232	店舗照合済	食べログ 百名店 2020 / パン WEST / Tabelog ID 27059403 / https://award.tabelog.com/hyakumeiten/bread_west/2020
FOD-1099	プラス ドゥ パスト			飲食店	パン	食べログ パン 百名店 2020	兵庫県					兵庫県 高速神戸駅			https://tabelog.com/hyogo/A2801/A280102/28002212/		未確認				46232	店舗照合済	食べログ 百名店 2020 / パン WEST / Tabelog ID 28002212 / https://award.tabelog.com/hyakumeiten/bread_west/2020
FOD-1100	レガル			飲食店	パン	食べログ パン 百名店 2020	京都府					京都府 木津川市			https://tabelog.com/kyoto/A2607/A260705/26005980/		未確認				46232	店舗照合済	食べログ 百名店 2020 / パン WEST / Tabelog ID 26005980 / https://award.tabelog.com/hyakumeiten/bread_west/2020
FOD-1101	イシノウエ			飲食店	パン	食べログ パン 百名店 2020	大阪府					大阪府 中百舌鳥（南海・泉北）駅			https://tabelog.com/osaka/A2705/A270501/27046308/		未確認				46232	店舗照合済	食べログ 百名店 2020 / パン WEST / Tabelog ID 27046308 / https://award.tabelog.com/hyakumeiten/bread_west/2020
FOD-1102	コンセントマーケット			飲食店	パン	食べログ パン 百名店 2020	兵庫県					兵庫県 夙川駅			https://tabelog.com/hyogo/A2803/A280301/28025424/		未確認				46232	店舗照合済	食べログ 百名店 2020 / パン WEST / Tabelog ID 28025424 / https://award.tabelog.com/hyakumeiten/bread_west/2020
FOD-1103	しろはとベーカリー			飲食店	パン	食べログ パン 百名店 2020	京都府					京都府 烏丸御池駅			https://tabelog.com/kyoto/A2601/A260202/26021765/		未確認				46232	店舗照合済	食べログ 百名店 2020 / パン WEST / Tabelog ID 26021765 / https://award.tabelog.com/hyakumeiten/bread_west/2020
FOD-1104	クラブハリエ ジュブリルタン			飲食店	パン	食べログ パン 百名店 2020	滋賀県					滋賀県 彦根市			https://tabelog.com/shiga/A2503/A250303/25004738/		未確認				46232	店舗照合済	食べログ 百名店 2020 / パン WEST / Tabelog ID 25004738 / https://award.tabelog.com/hyakumeiten/bread_west/2020
FOD-1105	生瀬ヒュッテ			飲食店	パン	食べログ パン 百名店 2020	兵庫県					兵庫県 生瀬駅			https://tabelog.com/hyogo/A2803/A280303/28045372/		未確認				46232	店舗照合済	食べログ 百名店 2020 / パン WEST / Tabelog ID 28045372 / https://award.tabelog.com/hyakumeiten/bread_west/2020
FOD-1106	パリアッシュ			飲食店	パン	食べログ パン 百名店 2020	大阪府					大阪府 渡辺橋駅			https://tabelog.com/osaka/A2701/A270108/27074010/		未確認				46232	店舗照合済	食べログ 百名店 2020 / パン WEST / Tabelog ID 27074010 / https://award.tabelog.com/hyakumeiten/bread_west/2020
FOD-1107	パン工房　フルニエ			飲食店	パン	食べログ パン 百名店 2020	大阪府					大阪府 和泉市			https://tabelog.com/osaka/A2705/A270502/27016975/		未確認				46232	店舗照合済	食べログ 百名店 2020 / パン WEST / Tabelog ID 27016975 / https://award.tabelog.com/hyakumeiten/bread_west/2020
FOD-1108	サ・マーシュ			飲食店	パン	食べログ パン 百名店 2020	兵庫県					兵庫県 三宮（神戸市営）駅			https://tabelog.com/hyogo/A2801/A280101/28027356/		未確認				46232	店舗照合済	食べログ 百名店 2020 / パン WEST / Tabelog ID 28027356 / https://award.tabelog.com/hyakumeiten/bread_west/2020
FOD-1109	トリコ			飲食店	パン	食べログ パン 百名店 2020	兵庫県					兵庫県 夙川駅			https://tabelog.com/hyogo/A2803/A280301/28031160/		未確認				46232	店舗照合済	食べログ 百名店 2020 / パン WEST / Tabelog ID 28031160 / https://award.tabelog.com/hyakumeiten/bread_west/2020
FOD-1110	パネ・ポルチーニ			飲食店	パン	食べログ パン 百名店 2020	大阪府					大阪府 福島駅			https://tabelog.com/osaka/A2701/A270108/27049674/		未確認				46232	店舗照合済	食べログ 百名店 2020 / パン WEST / Tabelog ID 27049674 / https://award.tabelog.com/hyakumeiten/bread_west/2020
FOD-1111	グリム			飲食店	パン	食べログ パン 百名店 2020	兵庫県					兵庫県 伊丹（阪急）駅			https://tabelog.com/hyogo/A2803/A280306/28005935/		未確認				46232	店舗照合済	食べログ 百名店 2020 / パン WEST / Tabelog ID 28005935 / https://award.tabelog.com/hyakumeiten/bread_west/2020
FOD-1112	ブランジュリ P&B			飲食店	パン	食べログ パン 百名店 2020	大阪府					大阪府 西大橋駅			https://tabelog.com/osaka/A2701/A270105/27010111/		未確認				46232	店舗照合済	食べログ 百名店 2020 / パン WEST / Tabelog ID 27010111 / https://award.tabelog.com/hyakumeiten/bread_west/2020
FOD-1113	ナカガワ小麦店			飲食店	パン	食べログ パン 百名店 2020	京都府					京都府 京都市左京区			https://tabelog.com/kyoto/A2601/A260302/26019004/		未確認				46232	店舗照合済	食べログ 百名店 2020 / パン WEST / Tabelog ID 26019004 / https://award.tabelog.com/hyakumeiten/bread_west/2020
FOD-1114	クロア			飲食店	パン	食べログ パン 百名店 2020	京都府					京都府 京都市北区			https://tabelog.com/kyoto/A2601/A260503/26002694/		未確認				46232	店舗照合済	食べログ 百名店 2020 / パン WEST / Tabelog ID 26002694 / https://award.tabelog.com/hyakumeiten/bread_west/2020
FOD-1115	ブーランジェ エス・カガワ			飲食店	パン	食べログ パン 百名店 2020	大阪府					大阪府 中崎町駅			https://tabelog.com/osaka/A2701/A270101/27059555/		未確認				46232	店舗照合済	食べログ 百名店 2020 / パン WEST / Tabelog ID 27059555 / https://award.tabelog.com/hyakumeiten/bread_west/2020
FOD-1116	ブランジェリー タカギ			飲食店	パン	食べログ パン 百名店 2020	大阪府					大阪府 肥後橋駅			https://tabelog.com/osaka/A2701/A270102/27002376/		未確認				46232	店舗照合済	食べログ 百名店 2020 / パン WEST / Tabelog ID 27002376 / https://award.tabelog.com/hyakumeiten/bread_west/2020
FOD-1117	グラン マーブル ファクトリー店			飲食店	パン	食べログ パン 百名店 2020	京都府					京都府 上鳥羽口駅			https://tabelog.com/kyoto/A2601/A260604/26006683/		未確認				46232	店舗照合済	食べログ 百名店 2020 / パン WEST / Tabelog ID 26006683 / https://award.tabelog.com/hyakumeiten/bread_west/2020
FOD-1118	オレノ パン オクムラ 京都駅店			飲食店	パン	食べログ パン 百名店 2020	京都府					京都府 京都駅			https://tabelog.com/kyoto/A2601/A260101/26014187/		未確認				46232	店舗照合済	食べログ 百名店 2020 / パン WEST / Tabelog ID 26014187 / https://award.tabelog.com/hyakumeiten/bread_west/2020
FOD-1119	ブーランジュリー グウ			飲食店	パン	食べログ パン 百名店 2020	大阪府					大阪府 谷町六丁目駅			https://tabelog.com/osaka/A2701/A270204/27014650/		未確認				46232	店舗照合済	食べログ 百名店 2020 / パン WEST / Tabelog ID 27014650 / https://award.tabelog.com/hyakumeiten/bread_west/2020
FOD-1120	CURRY BAL くじら			飲食店	カレー	食べログ カレー 百名店 2020	東京都					東京都 高円寺駅			https://tabelog.com/tokyo/A1319/A131904/13149528/		未確認				46232	店舗照合済	食べログ 百名店 2020 / カレー TOKYO / Tabelog ID 13149528 / https://award.tabelog.com/hyakumeiten/curry_tokyo/2020
FOD-1121	スパイスバル コザブロ			飲食店	カレー	食べログ カレー 百名店 2020	東京都					東京都 本駒込駅			https://tabelog.com/tokyo/A1323/A132301/13207647/		未確認				46232	店舗照合済	食べログ 百名店 2020 / カレー TOKYO / Tabelog ID 13207647 / https://award.tabelog.com/hyakumeiten/curry_tokyo/2020
FOD-1122	ヴェヌス サウス インディアン ダイニング 錦糸町店			飲食店	カレー	食べログ カレー 百名店 2020	東京都					東京都 錦糸町駅			https://tabelog.com/tokyo/A1312/A131201/13183010/		未確認				46232	店舗照合済	食べログ 百名店 2020 / カレー TOKYO / Tabelog ID 13183010 / https://award.tabelog.com/hyakumeiten/curry_tokyo/2020
FOD-1123	３丁目のカレー屋さん			飲食店	カレー	食べログ カレー 百名店 2020	東京都					東京都 宝町駅			https://tabelog.com/tokyo/A1302/A130202/13025962/		未確認				46232	店舗照合済	食べログ 百名店 2020 / カレー TOKYO / Tabelog ID 13025962 / https://award.tabelog.com/hyakumeiten/curry_tokyo/2020
FOD-1124	フジヤ			飲食店	カレー	食べログ カレー 百名店 2020	東京都					東京都 三越前駅			https://tabelog.com/tokyo/A1302/A130202/13006311/		未確認				46232	店舗照合済	食べログ 百名店 2020 / カレー TOKYO / Tabelog ID 13006311 / https://award.tabelog.com/hyakumeiten/curry_tokyo/2020
FOD-1125	カルパシ			飲食店	カレー	食べログ カレー 百名店 2020	東京都					東京都 千歳船橋駅			https://tabelog.com/tokyo/A1318/A131813/13202529/		未確認				46232	店舗照合済	食べログ 百名店 2020 / カレー TOKYO / Tabelog ID 13202529 / https://award.tabelog.com/hyakumeiten/curry_tokyo/2020
FOD-1126	カレーライス専門店 ブラザー			飲食店	カレー	食べログ カレー 百名店 2020	東京都					東京都 高田馬場駅			https://tabelog.com/tokyo/A1305/A130503/13212319/		未確認				46232	店舗照合済	食べログ 百名店 2020 / カレー TOKYO / Tabelog ID 13212319 / https://award.tabelog.com/hyakumeiten/curry_tokyo/2020
FOD-1127	エリックサウス 八重洲店			飲食店	カレー	食べログ カレー 百名店 2020	東京都					東京都 京橋駅			https://tabelog.com/tokyo/A1302/A130202/13130363/		未確認				46232	店舗照合済	食べログ 百名店 2020 / カレー TOKYO / Tabelog ID 13130363 / https://award.tabelog.com/hyakumeiten/curry_tokyo/2020
FOD-1128	カレー食堂 リトルスパイス			飲食店	カレー	食べログ カレー 百名店 2020	東京都					東京都 吉祥寺駅			https://tabelog.com/tokyo/A1320/A132001/13009943/		未確認				46232	店舗照合済	食べログ 百名店 2020 / カレー TOKYO / Tabelog ID 13009943 / https://award.tabelog.com/hyakumeiten/curry_tokyo/2020
FOD-1129	アーンドラ・キッチン			飲食店	カレー	食べログ カレー 百名店 2020	東京都					東京都 御徒町駅			https://tabelog.com/tokyo/A1311/A131101/13096305/		未確認				46232	店舗照合済	食べログ 百名店 2020 / カレー TOKYO / Tabelog ID 13096305 / https://award.tabelog.com/hyakumeiten/curry_tokyo/2020
FOD-1130	かれーの店 うどん			飲食店	カレー	食べログ カレー 百名店 2020	東京都					東京都 大崎広小路駅			https://tabelog.com/tokyo/A1316/A131603/13004531/		未確認				46232	店舗照合済	食べログ 百名店 2020 / カレー TOKYO / Tabelog ID 13004531 / https://award.tabelog.com/hyakumeiten/curry_tokyo/2020
FOD-1131	砂の岬			飲食店	カレー	食べログ カレー 百名店 2020	東京都					東京都 桜新町駅			https://tabelog.com/tokyo/A1317/A131707/13120204/		未確認				46232	店舗照合済	食べログ 百名店 2020 / カレー TOKYO / Tabelog ID 13120204 / https://award.tabelog.com/hyakumeiten/curry_tokyo/2020
FOD-1132	ブラウニー			飲食店	カレー	食べログ カレー 百名店 2020	東京都					東京都 末広町駅			https://tabelog.com/tokyo/A1311/A131101/13006343/		未確認				46232	店舗照合済	食べログ 百名店 2020 / カレー TOKYO / Tabelog ID 13006343 / https://award.tabelog.com/hyakumeiten/curry_tokyo/2020
FOD-1133	パンチマハル			飲食店	カレー	食べログ カレー 百名店 2020	東京都					東京都 神保町駅			https://tabelog.com/tokyo/A1310/A131003/13026681/		未確認				46232	店舗照合済	食べログ 百名店 2020 / カレー TOKYO / Tabelog ID 13026681 / https://award.tabelog.com/hyakumeiten/curry_tokyo/2020
FOD-1134	吉田カレー			飲食店	カレー	食べログ カレー 百名店 2020	東京都					東京都 荻窪駅			https://tabelog.com/tokyo/A1319/A131906/13132405/		未確認				46232	店舗照合済	食べログ 百名店 2020 / カレー TOKYO / Tabelog ID 13132405 / https://award.tabelog.com/hyakumeiten/curry_tokyo/2020
FOD-1135	ムーナ			飲食店	カレー	食べログ カレー 百名店 2020	東京都					東京都 下北沢駅			https://tabelog.com/tokyo/A1318/A131802/13048166/		未確認				46232	店舗照合済	食べログ 百名店 2020 / カレー TOKYO / Tabelog ID 13048166 / https://award.tabelog.com/hyakumeiten/curry_tokyo/2020
FOD-1136	トプカ 神田本店			飲食店	カレー	食べログ カレー 百名店 2020	東京都					東京都 淡路町駅			https://tabelog.com/tokyo/A1310/A131002/13000377/		未確認				46232	店舗照合済	食べログ 百名店 2020 / カレー TOKYO / Tabelog ID 13000377 / https://award.tabelog.com/hyakumeiten/curry_tokyo/2020
FOD-1137	curry 草枕			飲食店	カレー	食べログ カレー 百名店 2020	東京都					東京都 新宿御苑前駅			https://tabelog.com/tokyo/A1304/A130402/13042970/		未確認				46232	店舗照合済	食べログ 百名店 2020 / カレー TOKYO / Tabelog ID 13042970 / https://award.tabelog.com/hyakumeiten/curry_tokyo/2020
FOD-1138	デリー 上野店			飲食店	カレー	食べログ カレー 百名店 2020	東京都					東京都 上野広小路駅			https://tabelog.com/tokyo/A1311/A131101/13003605/		未確認				46232	店舗照合済	食べログ 百名店 2020 / カレー TOKYO / Tabelog ID 13003605 / https://award.tabelog.com/hyakumeiten/curry_tokyo/2020
FOD-1139	南印度ダイニング ポンディバワン 武蔵新田			飲食店	カレー	食べログ カレー 百名店 2020	東京都					東京都 武蔵新田駅			https://tabelog.com/tokyo/A1317/A131716/13105113/		未確認				46232	店舗照合済	食べログ 百名店 2020 / カレー TOKYO / Tabelog ID 13105113 / https://award.tabelog.com/hyakumeiten/curry_tokyo/2020
FOD-1140	スープカレー屋 鴻 神田駿河台店			飲食店	カレー	食べログ カレー 百名店 2020	東京都					東京都 神保町駅			https://tabelog.com/tokyo/A1310/A131003/13040204/		未確認				46232	店舗照合済	食べログ 百名店 2020 / カレー TOKYO / Tabelog ID 13040204 / https://award.tabelog.com/hyakumeiten/curry_tokyo/2020
FOD-1141	ハリマ・ケバブ・ビリヤニ			飲食店	カレー	食べログ カレー 百名店 2020	東京都					東京都 稲荷町駅			https://tabelog.com/tokyo/A1311/A131101/13168753/		未確認				46232	店舗照合済	食べログ 百名店 2020 / カレー TOKYO / Tabelog ID 13168753 / https://award.tabelog.com/hyakumeiten/curry_tokyo/2020
FOD-1142	かえる食堂			飲食店	カレー	食べログ カレー 百名店 2020	東京都					東京都 要町駅			https://tabelog.com/tokyo/A1322/A132202/13030312/		未確認				46232	店舗照合済	食べログ 百名店 2020 / カレー TOKYO / Tabelog ID 13030312 / https://award.tabelog.com/hyakumeiten/curry_tokyo/2020
FOD-1143	カレー&オリエンタルバル 桃の実 水道橋店			飲食店	カレー	食べログ カレー 百名店 2020	東京都					東京都 水道橋駅			https://tabelog.com/tokyo/A1310/A131003/13204150/		未確認				46232	店舗照合済	食べログ 百名店 2020 / カレー TOKYO / Tabelog ID 13204150 / https://award.tabelog.com/hyakumeiten/curry_tokyo/2020
FOD-1144	メーヤウ			飲食店	カレー	食べログ カレー 百名店 2020	東京都					東京都 信濃町駅			https://tabelog.com/tokyo/A1309/A130901/13000930/		未確認				46232	店舗照合済	食べログ 百名店 2020 / カレー TOKYO / Tabelog ID 13000930 / https://award.tabelog.com/hyakumeiten/curry_tokyo/2020
FOD-1145	新川デリー			飲食店	カレー	食べログ カレー 百名店 2020	東京都					東京都 八丁堀駅			https://tabelog.com/tokyo/A1302/A130203/13000644/		未確認				46232	店舗照合済	食べログ 百名店 2020 / カレー TOKYO / Tabelog ID 13000644 / https://award.tabelog.com/hyakumeiten/curry_tokyo/2020
FOD-1146	タイカリーピキヌー			飲食店	カレー	食べログ カレー 百名店 2020	東京都					東京都 駒沢大学駅			https://tabelog.com/tokyo/A1317/A131707/13001446/		未確認				46232	店舗照合済	食べログ 百名店 2020 / カレー TOKYO / Tabelog ID 13001446 / https://award.tabelog.com/hyakumeiten/curry_tokyo/2020
FOD-1147	MOKUBAZA			飲食店	カレー	食べログ カレー 百名店 2020	東京都					東京都 北参道駅			https://tabelog.com/tokyo/A1309/A130901/13154685/		未確認				46232	店舗照合済	食べログ 百名店 2020 / カレー TOKYO / Tabelog ID 13154685 / https://award.tabelog.com/hyakumeiten/curry_tokyo/2020
FOD-1148	シターラ 青山店			飲食店	カレー	食べログ カレー 百名店 2020	東京都					東京都 表参道駅			https://tabelog.com/tokyo/A1306/A130602/13009705/		未確認				46232	店舗照合済	食べログ 百名店 2020 / カレー TOKYO / Tabelog ID 13009705 / https://award.tabelog.com/hyakumeiten/curry_tokyo/2020
FOD-1149	タンドール料理ひつじや 日比谷店			飲食店	カレー	食べログ カレー 百名店 2020	東京都					東京都 日比谷駅			https://tabelog.com/tokyo/A1301/A130102/13007608/		未確認				46232	店舗照合済	食べログ 百名店 2020 / カレー TOKYO / Tabelog ID 13007608 / https://award.tabelog.com/hyakumeiten/curry_tokyo/2020
FOD-1150	フレンチカレー スプーン			飲食店	カレー	食べログ カレー 百名店 2020	東京都					東京都 西荻窪駅			https://tabelog.com/tokyo/A1319/A131907/13093699/		未確認				46232	店舗照合済	食べログ 百名店 2020 / カレー TOKYO / Tabelog ID 13093699 / https://award.tabelog.com/hyakumeiten/curry_tokyo/2020
FOD-1151	エリックサウス 東京ガーデンテラス店			飲食店	カレー	食べログ カレー 百名店 2020	東京都					東京都 永田町駅			https://tabelog.com/tokyo/A1308/A130801/13195343/		未確認				46232	店舗照合済	食べログ 百名店 2020 / カレー TOKYO / Tabelog ID 13195343 / https://award.tabelog.com/hyakumeiten/curry_tokyo/2020
FOD-1152	ナイルレストラン			飲食店	カレー	食べログ カレー 百名店 2020	東京都					東京都 東銀座駅			https://tabelog.com/tokyo/A1301/A130101/13002329/		未確認				46232	店舗照合済	食べログ 百名店 2020 / カレー TOKYO / Tabelog ID 13002329 / https://award.tabelog.com/hyakumeiten/curry_tokyo/2020
FOD-1153	ダバ インディア			飲食店	カレー	食べログ カレー 百名店 2020	東京都					東京都 京橋駅			https://tabelog.com/tokyo/A1302/A130202/13000506/		未確認				46232	店舗照合済	食べログ 百名店 2020 / カレー TOKYO / Tabelog ID 13000506 / https://award.tabelog.com/hyakumeiten/curry_tokyo/2020
FOD-1154	ヘンドリクス カリー バー			飲食店	カレー	食べログ カレー 百名店 2020	東京都					東京都 国立競技場駅			https://tabelog.com/tokyo/A1309/A130901/13007422/		未確認				46232	店舗照合済	食べログ 百名店 2020 / カレー TOKYO / Tabelog ID 13007422 / https://award.tabelog.com/hyakumeiten/curry_tokyo/2020
FOD-1155	スパイスボックス			飲食店	カレー	食べログ カレー 百名店 2020	東京都					東京都 小川町駅			https://tabelog.com/tokyo/A1310/A131002/13191118/		未確認				46232	店舗照合済	食べログ 百名店 2020 / カレー TOKYO / Tabelog ID 13191118 / https://award.tabelog.com/hyakumeiten/curry_tokyo/2020
FOD-1156	アジアカレーハウス			飲食店	カレー	食べログ カレー 百名店 2020	東京都					東京都 錦糸町駅			https://tabelog.com/tokyo/A1312/A131201/13168072/		未確認				46232	店舗照合済	食べログ 百名店 2020 / カレー TOKYO / Tabelog ID 13168072 / https://award.tabelog.com/hyakumeiten/curry_tokyo/2020
FOD-1157	カリーライス専門店エチオピア 本店			飲食店	カレー	食べログ カレー 百名店 2020	東京都					東京都 神保町駅			https://tabelog.com/tokyo/A1310/A131003/13000638/		未確認				46232	店舗照合済	食べログ 百名店 2020 / カレー TOKYO / Tabelog ID 13000638 / https://award.tabelog.com/hyakumeiten/curry_tokyo/2020
FOD-1158	南インド料理ダクシン 八重洲店			飲食店	カレー	食べログ カレー 百名店 2020	東京都					東京都 京橋駅			https://tabelog.com/tokyo/A1302/A130202/13117635/		未確認				46232	店舗照合済	食べログ 百名店 2020 / カレー TOKYO / Tabelog ID 13117635 / https://award.tabelog.com/hyakumeiten/curry_tokyo/2020
FOD-1159	リッチなカレーの店 アサノ			飲食店	カレー	食べログ カレー 百名店 2020	東京都					東京都 町田駅			https://tabelog.com/tokyo/A1327/A132701/13006035/		未確認				46232	店舗照合済	食べログ 百名店 2020 / カレー TOKYO / Tabelog ID 13006035 / https://award.tabelog.com/hyakumeiten/curry_tokyo/2020
FOD-1160	ガラムマサラ			飲食店	カレー	食べログ カレー 百名店 2020	東京都					東京都 経堂駅			https://tabelog.com/tokyo/A1318/A131813/13013124/		未確認				46232	店舗照合済	食べログ 百名店 2020 / カレー TOKYO / Tabelog ID 13013124 / https://award.tabelog.com/hyakumeiten/curry_tokyo/2020
FOD-1161	ディルセ			飲食店	カレー	食べログ カレー 百名店 2020	東京都					東京都 千駄ケ谷駅			https://tabelog.com/tokyo/A1309/A130901/13131028/		未確認				46232	店舗照合済	食べログ 百名店 2020 / カレー TOKYO / Tabelog ID 13131028 / https://award.tabelog.com/hyakumeiten/curry_tokyo/2020
FOD-1162	ニルワナム 神谷町店			飲食店	カレー	食べログ カレー 百名店 2020	東京都					東京都 神谷町駅			https://tabelog.com/tokyo/A1307/A130704/13019915/		未確認				46232	店舗照合済	食べログ 百名店 2020 / カレー TOKYO / Tabelog ID 13019915 / https://award.tabelog.com/hyakumeiten/curry_tokyo/2020
FOD-1163	サンサール 新宿店			飲食店	カレー	食べログ カレー 百名店 2020	東京都					東京都 東新宿駅			https://tabelog.com/tokyo/A1304/A130401/13006805/		未確認				46232	店舗照合済	食べログ 百名店 2020 / カレー TOKYO / Tabelog ID 13006805 / https://award.tabelog.com/hyakumeiten/curry_tokyo/2020
FOD-1164	ムルギー			飲食店	カレー	食べログ カレー 百名店 2020	東京都					東京都 神泉駅			https://tabelog.com/tokyo/A1303/A130301/13001732/		未確認				46232	店舗照合済	食べログ 百名店 2020 / カレー TOKYO / Tabelog ID 13001732 / https://award.tabelog.com/hyakumeiten/curry_tokyo/2020
FOD-1165	シバカリーワラ			飲食店	カレー	食べログ カレー 百名店 2020	東京都					東京都 三軒茶屋駅			https://tabelog.com/tokyo/A1317/A131706/13151738/		未確認				46232	店舗照合済	食べログ 百名店 2020 / カレー TOKYO / Tabelog ID 13151738 / https://award.tabelog.com/hyakumeiten/curry_tokyo/2020
FOD-1166	ハレギンザ			飲食店	カレー	食べログ カレー 百名店 2020	東京都					東京都 銀座駅			https://tabelog.com/tokyo/A1301/A130101/13000576/		未確認				46232	店舗照合済	食べログ 百名店 2020 / カレー TOKYO / Tabelog ID 13000576 / https://award.tabelog.com/hyakumeiten/curry_tokyo/2020
FOD-1167	ベンガルカレーファクトリー			飲食店	カレー	食べログ カレー 百名店 2020	東京都					東京都 神田駅			https://tabelog.com/tokyo/A1310/A131002/13220519/		未確認				46232	店舗照合済	食べログ 百名店 2020 / カレー TOKYO / Tabelog ID 13220519 / https://award.tabelog.com/hyakumeiten/curry_tokyo/2020
FOD-1168	本石亭			飲食店	カレー	食べログ カレー 百名店 2020	東京都					東京都 新日本橋駅			https://tabelog.com/tokyo/A1302/A130202/13046781/		未確認				46232	店舗照合済	食べログ 百名店 2020 / カレー TOKYO / Tabelog ID 13046781 / https://award.tabelog.com/hyakumeiten/curry_tokyo/2020
FOD-1169	インドカレーカーマ			飲食店	カレー	食べログ カレー 百名店 2020	東京都					東京都 神保町駅			https://tabelog.com/tokyo/A1310/A131003/13000243/		未確認				46232	店舗照合済	食べログ 百名店 2020 / カレー TOKYO / Tabelog ID 13000243 / https://award.tabelog.com/hyakumeiten/curry_tokyo/2020
FOD-1170	アヒリヤ 代々木店			飲食店	カレー	食べログ カレー 百名店 2020	東京都					東京都 代々木駅			https://tabelog.com/tokyo/A1304/A130403/13009222/		未確認				46232	店舗照合済	食べログ 百名店 2020 / カレー TOKYO / Tabelog ID 13009222 / https://award.tabelog.com/hyakumeiten/curry_tokyo/2020
FOD-1171	ゼロワンカレーA.o.D			飲食店	カレー	食べログ カレー 百名店 2020	東京都					東京都 三田駅			https://tabelog.com/tokyo/A1314/A131402/13239329/		未確認				46232	店舗照合済	食べログ 百名店 2020 / カレー TOKYO / Tabelog ID 13239329 / https://award.tabelog.com/hyakumeiten/curry_tokyo/2020
FOD-1172	ガンジー			飲食店	カレー	食べログ カレー 百名店 2020	東京都					東京都 新宿三丁目駅			https://tabelog.com/tokyo/A1304/A130401/13000880/		未確認				46232	店舗照合済	食べログ 百名店 2020 / カレー TOKYO / Tabelog ID 13000880 / https://award.tabelog.com/hyakumeiten/curry_tokyo/2020
FOD-1173	ガヴィアル			飲食店	カレー	食べログ カレー 百名店 2020	東京都					東京都 神保町駅			https://tabelog.com/tokyo/A1310/A131003/13000358/		未確認				46232	店舗照合済	食べログ 百名店 2020 / カレー TOKYO / Tabelog ID 13000358 / https://award.tabelog.com/hyakumeiten/curry_tokyo/2020
FOD-1174	サイーファ ケバブ アンド ビリヤニ			飲食店	カレー	食べログ カレー 百名店 2020	東京都					東京都 六本木駅			https://tabelog.com/tokyo/A1307/A130701/13144423/		未確認				46232	店舗照合済	食べログ 百名店 2020 / カレー TOKYO / Tabelog ID 13144423 / https://award.tabelog.com/hyakumeiten/curry_tokyo/2020
FOD-1175	南インド料理ダクシン 東日本橋店			飲食店	カレー	食べログ カレー 百名店 2020	東京都					東京都 馬喰町駅			https://tabelog.com/tokyo/A1302/A130204/13060858/		未確認				46232	店舗照合済	食べログ 百名店 2020 / カレー TOKYO / Tabelog ID 13060858 / https://award.tabelog.com/hyakumeiten/curry_tokyo/2020
FOD-1176	すぱいす			飲食店	カレー	食べログ カレー 百名店 2020	東京都					東京都 荻窪駅			https://tabelog.com/tokyo/A1319/A131906/13004379/		未確認				46232	店舗照合済	食べログ 百名店 2020 / カレー TOKYO / Tabelog ID 13004379 / https://award.tabelog.com/hyakumeiten/curry_tokyo/2020
FOD-1177	プティフ・ア・ラ・カンパーニュ			飲食店	カレー	食べログ カレー 百名店 2020	東京都					東京都 半蔵門駅			https://tabelog.com/tokyo/A1308/A130803/13000254/		未確認				46232	店舗照合済	食べログ 百名店 2020 / カレー TOKYO / Tabelog ID 13000254 / https://award.tabelog.com/hyakumeiten/curry_tokyo/2020
FOD-1178	やっぱりインディア			飲食店	カレー	食べログ カレー 百名店 2020	東京都					東京都 大塚駅			https://tabelog.com/tokyo/A1323/A132302/13207605/		未確認				46232	店舗照合済	食べログ 百名店 2020 / カレー TOKYO / Tabelog ID 13207605 / https://award.tabelog.com/hyakumeiten/curry_tokyo/2020
FOD-1179	とんかつ檍のカレー屋いっぺこっぺ			飲食店	カレー	食べログ カレー 百名店 2020	東京都					東京都 蒲田駅			https://tabelog.com/tokyo/A1315/A131503/13178494/		未確認				46232	店舗照合済	食べログ 百名店 2020 / カレー TOKYO / Tabelog ID 13178494 / https://award.tabelog.com/hyakumeiten/curry_tokyo/2020
FOD-1180	スパイスカフェ			飲食店	カレー	食べログ カレー 百名店 2020	東京都					東京都 押上駅			https://tabelog.com/tokyo/A1312/A131203/13002935/		未確認				46232	店舗照合済	食べログ 百名店 2020 / カレー TOKYO / Tabelog ID 13002935 / https://award.tabelog.com/hyakumeiten/curry_tokyo/2020
FOD-1181	コチン ニヴァース			飲食店	カレー	食べログ カレー 百名店 2020	東京都					東京都 西新宿五丁目駅			https://tabelog.com/tokyo/A1304/A130401/13056242/		未確認				46232	店舗照合済	食べログ 百名店 2020 / カレー TOKYO / Tabelog ID 13056242 / https://award.tabelog.com/hyakumeiten/curry_tokyo/2020
FOD-1182	インディアンレストラン アールティ			飲食店	カレー	食べログ カレー 百名店 2020	東京都					東京都 岩本町駅			https://tabelog.com/tokyo/A1310/A131001/13091984/		未確認				46232	店舗照合済	食べログ 百名店 2020 / カレー TOKYO / Tabelog ID 13091984 / https://award.tabelog.com/hyakumeiten/curry_tokyo/2020
FOD-1183	ヨゴロウ			飲食店	カレー	食べログ カレー 百名店 2020	東京都					東京都 国立競技場駅			https://tabelog.com/tokyo/A1306/A130601/13076645/		未確認				46232	店舗照合済	食べログ 百名店 2020 / カレー TOKYO / Tabelog ID 13076645 / https://award.tabelog.com/hyakumeiten/curry_tokyo/2020
FOD-1184	ベジキッチン			飲食店	カレー	食べログ カレー 百名店 2020	東京都					東京都 仲御徒町駅			https://tabelog.com/tokyo/A1311/A131101/13168026/		未確認				46232	店舗照合済	食べログ 百名店 2020 / カレー TOKYO / Tabelog ID 13168026 / https://award.tabelog.com/hyakumeiten/curry_tokyo/2020
FOD-1185	バンゲラズ キッチン			飲食店	カレー	食べログ カレー 百名店 2020	東京都					東京都 有楽町駅			https://tabelog.com/tokyo/A1301/A130101/13217211/		未確認				46232	店舗照合済	食べログ 百名店 2020 / カレー TOKYO / Tabelog ID 13217211 / https://award.tabelog.com/hyakumeiten/curry_tokyo/2020
FOD-1186	ザ・カリ			飲食店	カレー	食べログ カレー 百名店 2020	東京都					東京都 御成門駅			https://tabelog.com/tokyo/A1301/A130103/13007129/		未確認				46232	店舗照合済	食べログ 百名店 2020 / カレー TOKYO / Tabelog ID 13007129 / https://award.tabelog.com/hyakumeiten/curry_tokyo/2020
FOD-1187	共栄堂			飲食店	カレー	食べログ カレー 百名店 2020	東京都					東京都 神保町駅			https://tabelog.com/tokyo/A1310/A131003/13000596/		未確認				46232	店舗照合済	食べログ 百名店 2020 / カレー TOKYO / Tabelog ID 13000596 / https://award.tabelog.com/hyakumeiten/curry_tokyo/2020
FOD-1188	ニルヴァーナ ニューヨーク 東京ミッドタウン			飲食店	カレー	食べログ カレー 百名店 2020	東京都					東京都 乃木坂駅			https://tabelog.com/tokyo/A1307/A130701/13037327/		未確認				46232	店舗照合済	食べログ 百名店 2020 / カレー TOKYO / Tabelog ID 13037327 / https://award.tabelog.com/hyakumeiten/curry_tokyo/2020
FOD-1189	葡萄舎			飲食店	カレー	食べログ カレー 百名店 2020	東京都					東京都 神田駅			https://tabelog.com/tokyo/A1310/A131002/13036906/		未確認				46232	店舗照合済	食べログ 百名店 2020 / カレー TOKYO / Tabelog ID 13036906 / https://award.tabelog.com/hyakumeiten/curry_tokyo/2020
FOD-1190	まめ蔵			飲食店	カレー	食べログ カレー 百名店 2020	東京都					東京都 吉祥寺駅			https://tabelog.com/tokyo/A1320/A132001/13005789/		未確認				46232	店舗照合済	食べログ 百名店 2020 / カレー TOKYO / Tabelog ID 13005789 / https://award.tabelog.com/hyakumeiten/curry_tokyo/2020
FOD-1191	旧ヤム邸  シモキタ荘			飲食店	カレー	食べログ カレー 百名店 2020	東京都					東京都 下北沢駅			https://tabelog.com/tokyo/A1318/A131802/13211142/		未確認				46232	店舗照合済	食べログ 百名店 2020 / カレー TOKYO / Tabelog ID 13211142 / https://award.tabelog.com/hyakumeiten/curry_tokyo/2020
FOD-1192	アジャンタ			飲食店	カレー	食べログ カレー 百名店 2020	東京都					東京都 麹町駅			https://tabelog.com/tokyo/A1308/A130803/13000438/		未確認				46232	店舗照合済	食べログ 百名店 2020 / カレー TOKYO / Tabelog ID 13000438 / https://award.tabelog.com/hyakumeiten/curry_tokyo/2020
FOD-1193	ネパリコ 渋谷店			飲食店	カレー	食べログ カレー 百名店 2020	東京都					東京都 渋谷駅			https://tabelog.com/tokyo/A1303/A130301/13116418/		未確認				46232	店舗照合済	食べログ 百名店 2020 / カレー TOKYO / Tabelog ID 13116418 / https://award.tabelog.com/hyakumeiten/curry_tokyo/2020
FOD-1194	アーンドラ・ダイニング 銀座			飲食店	カレー	食べログ カレー 百名店 2020	東京都					東京都 銀座一丁目駅			https://tabelog.com/tokyo/A1301/A130101/13136701/		未確認				46232	店舗照合済	食べログ 百名店 2020 / カレー TOKYO / Tabelog ID 13136701 / https://award.tabelog.com/hyakumeiten/curry_tokyo/2020
FOD-1195	サンサール 小岩店			飲食店	カレー	食べログ カレー 百名店 2020	東京都					東京都 小岩駅			https://tabelog.com/tokyo/A1312/A131204/13009589/		未確認				46232	店舗照合済	食べログ 百名店 2020 / カレー TOKYO / Tabelog ID 13009589 / https://award.tabelog.com/hyakumeiten/curry_tokyo/2020
FOD-1196	サンバレーホテル			飲食店	カレー	食べログ カレー 百名店 2020	東京都					東京都 三軒茶屋駅			https://tabelog.com/tokyo/A1317/A131706/13195313/		未確認				46232	店舗照合済	食べログ 百名店 2020 / カレー TOKYO / Tabelog ID 13195313 / https://award.tabelog.com/hyakumeiten/curry_tokyo/2020
FOD-1197	タンドールバル カマルプール			飲食店	カレー	食べログ カレー 百名店 2020	東京都					東京都 木場駅			https://tabelog.com/tokyo/A1313/A131303/13128960/		未確認				46232	店舗照合済	食べログ 百名店 2020 / カレー TOKYO / Tabelog ID 13128960 / https://award.tabelog.com/hyakumeiten/curry_tokyo/2020
FOD-1198	ロダン			飲食店	カレー	食べログ カレー 百名店 2020	東京都					東京都 宝町駅			https://tabelog.com/tokyo/A1302/A130203/13048485/		未確認				46232	店舗照合済	食べログ 百名店 2020 / カレー TOKYO / Tabelog ID 13048485 / https://award.tabelog.com/hyakumeiten/curry_tokyo/2020
FOD-1199	みのりんご			飲食店	カレー	食べログ カレー 百名店 2020	東京都					東京都 原宿駅			https://tabelog.com/tokyo/A1306/A130601/13108716/		未確認				46232	店舗照合済	食べログ 百名店 2020 / カレー TOKYO / Tabelog ID 13108716 / https://award.tabelog.com/hyakumeiten/curry_tokyo/2020
FOD-1200	カレーの店 プーさん			飲食店	カレー	食べログ カレー 百名店 2020	東京都					東京都 武蔵小金井駅			https://tabelog.com/tokyo/A1325/A132501/13005962/		未確認				46232	店舗照合済	食べログ 百名店 2020 / カレー TOKYO / Tabelog ID 13005962 / https://award.tabelog.com/hyakumeiten/curry_tokyo/2020
FOD-1201	ビートイート			飲食店	カレー	食べログ カレー 百名店 2020	東京都					東京都 喜多見駅			https://tabelog.com/tokyo/A1318/A131814/13196455/		未確認				46232	店舗照合済	食べログ 百名店 2020 / カレー TOKYO / Tabelog ID 13196455 / https://award.tabelog.com/hyakumeiten/curry_tokyo/2020
FOD-1202	イエローカンパニー 恵比寿本店			飲食店	カレー	食べログ カレー 百名店 2020	東京都					東京都 恵比寿駅			https://tabelog.com/tokyo/A1303/A130302/13014312/		未確認				46232	店舗照合済	食べログ 百名店 2020 / カレー TOKYO / Tabelog ID 13014312 / https://award.tabelog.com/hyakumeiten/curry_tokyo/2020
FOD-1203	インド料理 想いの木			飲食店	カレー	食べログ カレー 百名店 2020	東京都					東京都 牛込神楽坂駅			https://tabelog.com/tokyo/A1309/A130905/13023967/		未確認				46232	店舗照合済	食べログ 百名店 2020 / カレー TOKYO / Tabelog ID 13023967 / https://award.tabelog.com/hyakumeiten/curry_tokyo/2020
FOD-1204	ガネー舎			飲食店	カレー	食べログ カレー 百名店 2020	東京都					東京都 汐留駅			https://tabelog.com/tokyo/A1301/A130103/13001507/		未確認				46232	店舗照合済	食べログ 百名店 2020 / カレー TOKYO / Tabelog ID 13001507 / https://award.tabelog.com/hyakumeiten/curry_tokyo/2020
FOD-1205	グルガオン			飲食店	カレー	食べログ カレー 百名店 2020	東京都					東京都 銀座一丁目駅			https://tabelog.com/tokyo/A1301/A130101/13002457/		未確認				46232	店舗照合済	食べログ 百名店 2020 / カレー TOKYO / Tabelog ID 13002457 / https://award.tabelog.com/hyakumeiten/curry_tokyo/2020
FOD-1206	欧風カレー ボンディ 神保町本店			飲食店	カレー	食べログ カレー 百名店 2020	東京都					東京都 神保町駅			https://tabelog.com/tokyo/A1310/A131003/13000439/		未確認				46232	店舗照合済	食べログ 百名店 2020 / カレー TOKYO / Tabelog ID 13000439 / https://award.tabelog.com/hyakumeiten/curry_tokyo/2020
FOD-1207	東京 京橋屋カレー			飲食店	カレー	食べログ カレー 百名店 2020	東京都					東京都 銀座一丁目駅			https://tabelog.com/tokyo/A1302/A130202/13027104/		未確認				46232	店舗照合済	食べログ 百名店 2020 / カレー TOKYO / Tabelog ID 13027104 / https://award.tabelog.com/hyakumeiten/curry_tokyo/2020
FOD-1208	初台スパイス食堂 和魂印才たんどーる			飲食店	カレー	食べログ カレー 百名店 2020	東京都					東京都 初台駅			https://tabelog.com/tokyo/A1318/A131807/13195398/		未確認				46232	店舗照合済	食べログ 百名店 2020 / カレー TOKYO / Tabelog ID 13195398 / https://award.tabelog.com/hyakumeiten/curry_tokyo/2020
FOD-1209	カーン・ケバブ・ビリヤニ			飲食店	カレー	食べログ カレー 百名店 2020	東京都					東京都 新橋駅			https://tabelog.com/tokyo/A1301/A130103/13170211/		未確認				46232	店舗照合済	食べログ 百名店 2020 / カレー TOKYO / Tabelog ID 13170211 / https://award.tabelog.com/hyakumeiten/curry_tokyo/2020
FOD-1210	ビストロべっぴん舍 お茶の水			飲食店	カレー	食べログ カレー 百名店 2020	東京都					東京都 神保町駅			https://tabelog.com/tokyo/A1310/A131002/13198751/		未確認				46232	店舗照合済	食べログ 百名店 2020 / カレー TOKYO / Tabelog ID 13198751 / https://award.tabelog.com/hyakumeiten/curry_tokyo/2020
FOD-1211	奥芝商店 八王子田代城			飲食店	カレー	食べログ カレー 百名店 2020	東京都					東京都 八王子駅			https://tabelog.com/tokyo/A1329/A132904/13048177/		未確認				46232	店舗照合済	食べログ 百名店 2020 / カレー TOKYO / Tabelog ID 13048177 / https://award.tabelog.com/hyakumeiten/curry_tokyo/2020
FOD-1212	カリ～ アンド スパイスバル カリ～ビト			飲食店	カレー	食べログ カレー 百名店 2020	東京都					東京都 飯田橋駅			https://tabelog.com/tokyo/A1309/A130905/13186472/		未確認				46232	店舗照合済	食べログ 百名店 2020 / カレー TOKYO / Tabelog ID 13186472 / https://award.tabelog.com/hyakumeiten/curry_tokyo/2020
FOD-1213	デリー 銀座店			飲食店	カレー	食べログ カレー 百名店 2020	東京都					東京都 銀座駅			https://tabelog.com/tokyo/A1301/A130101/13002616/		未確認				46232	店舗照合済	食べログ 百名店 2020 / カレー TOKYO / Tabelog ID 13002616 / https://award.tabelog.com/hyakumeiten/curry_tokyo/2020
FOD-1214	ベンガル料理プージャー			飲食店	カレー	食べログ カレー 百名店 2020	東京都					東京都 町屋駅前駅			https://tabelog.com/tokyo/A1324/A132401/13036794/		未確認				46232	店舗照合済	食べログ 百名店 2020 / カレー TOKYO / Tabelog ID 13036794 / https://award.tabelog.com/hyakumeiten/curry_tokyo/2020
FOD-1215	サルマ ティッカアンドビリヤニ			飲食店	カレー	食べログ カレー 百名店 2020	東京都					東京都 品川駅			https://tabelog.com/tokyo/A1314/A131403/13037862/		未確認				46232	店舗照合済	食べログ 百名店 2020 / カレー TOKYO / Tabelog ID 13037862 / https://award.tabelog.com/hyakumeiten/curry_tokyo/2020
FOD-1216	カリーハウス コロンボ			飲食店	カレー	食べログ カレー 百名店 2020	北海道					北海道 さっぽろ（札幌市営）駅			https://tabelog.com/hokkaido/A0101/A010101/1004447/		未確認				46232	店舗照合済	食べログ 百名店 2020 / カレー EAST / Tabelog ID 1004447 / https://award.tabelog.com/hyakumeiten/curry_east/2020
FOD-1217	印度料理シタール			飲食店	カレー	食べログ カレー 百名店 2020	千葉県					千葉県 検見川駅			https://tabelog.com/chiba/A1201/A120104/12000109/		未確認				46232	店舗照合済	食べログ 百名店 2020 / カレー EAST / Tabelog ID 12000109 / https://award.tabelog.com/hyakumeiten/curry_east/2020
FOD-1218	カレー リーブス			飲食店	カレー	食べログ カレー 百名店 2020	北海道					北海道 札幌市豊平区			https://tabelog.com/hokkaido/A0101/A010303/1000687/		未確認				46232	店舗照合済	食べログ 百名店 2020 / カレー EAST / Tabelog ID 1000687 / https://award.tabelog.com/hyakumeiten/curry_east/2020
FOD-1219	スパイス・ツリー			飲食店	カレー	食べログ カレー 百名店 2020	神奈川県					神奈川県 逗子駅			https://tabelog.com/kanagawa/A1406/A140602/14053565/		未確認				46232	店舗照合済	食べログ 百名店 2020 / カレー EAST / Tabelog ID 14053565 / https://award.tabelog.com/hyakumeiten/curry_east/2020
FOD-1220	イムイェム			飲食店	カレー	食べログ カレー 百名店 2020	神奈川県					神奈川県 川崎市宮前区			https://tabelog.com/kanagawa/A1405/A140507/14003331/		未確認				46232	店舗照合済	食べログ 百名店 2020 / カレー EAST / Tabelog ID 14003331 / https://award.tabelog.com/hyakumeiten/curry_east/2020
FOD-1221	マジックスパイス 札幌本店			飲食店	カレー	食べログ カレー 百名店 2020	北海道					北海道 南郷７丁目駅			https://tabelog.com/hokkaido/A0101/A010301/1000163/		未確認				46232	店舗照合済	食べログ 百名店 2020 / カレー EAST / Tabelog ID 1000163 / https://award.tabelog.com/hyakumeiten/curry_east/2020
FOD-1222	STAR			飲食店	カレー	食べログ カレー 百名店 2020	北海道					北海道 小樽市			https://tabelog.com/hokkaido/A0106/A010601/1042370/		未確認				46232	店舗照合済	食べログ 百名店 2020 / カレー EAST / Tabelog ID 1042370 / https://award.tabelog.com/hyakumeiten/curry_east/2020
FOD-1223	アジャンタ 総本家			飲食店	カレー	食べログ カレー 百名店 2020	北海道					北海道 元町（札幌）駅			https://tabelog.com/hokkaido/A0101/A010202/1006509/		未確認				46232	店舗照合済	食べログ 百名店 2020 / カレー EAST / Tabelog ID 1006509 / https://award.tabelog.com/hyakumeiten/curry_east/2020
FOD-1224	カレーハウス 横浜 ボンベイ			飲食店	カレー	食べログ カレー 百名店 2020	神奈川県					神奈川県 戸塚駅			https://tabelog.com/kanagawa/A1401/A140305/14000620/		未確認				46232	店舗照合済	食べログ 百名店 2020 / カレー EAST / Tabelog ID 14000620 / https://award.tabelog.com/hyakumeiten/curry_east/2020
FOD-1225	エリックサウス KITTE名古屋店			飲食店	カレー	食べログ カレー 百名店 2020	愛知県					愛知県 名古屋駅			https://tabelog.com/aichi/A2301/A230101/23060430/		未確認				46232	店舗照合済	食べログ 百名店 2020 / カレー EAST / Tabelog ID 23060430 / https://award.tabelog.com/hyakumeiten/curry_east/2020
FOD-1226	レッドチリ			飲食店	カレー	食べログ カレー 百名店 2020	北海道					北海道 西２８丁目駅			https://tabelog.com/hokkaido/A0101/A010105/1003320/		未確認				46232	店舗照合済	食べログ 百名店 2020 / カレー EAST / Tabelog ID 1003320 / https://award.tabelog.com/hyakumeiten/curry_east/2020
FOD-1227	ニュールドリ			飲食店	カレー	食べログ カレー 百名店 2020	埼玉県					埼玉県 谷塚駅			https://tabelog.com/saitama/A1102/A110203/11035816/		未確認				46232	店舗照合済	食べログ 百名店 2020 / カレー EAST / Tabelog ID 11035816 / https://award.tabelog.com/hyakumeiten/curry_east/2020
FOD-1228	ラマイ 横浜伊勢佐木モール店			飲食店	カレー	食べログ カレー 百名店 2020	神奈川県					神奈川県 関内駅			https://tabelog.com/kanagawa/A1401/A140104/14045095/		未確認				46232	店舗照合済	食べログ 百名店 2020 / カレー EAST / Tabelog ID 14045095 / https://award.tabelog.com/hyakumeiten/curry_east/2020
FOD-1229	マドラスミールス			飲食店	カレー	食べログ カレー 百名店 2020	神奈川県					神奈川県 新丸子駅			https://tabelog.com/kanagawa/A1405/A140504/14043719/		未確認				46232	店舗照合済	食べログ 百名店 2020 / カレー EAST / Tabelog ID 14043719 / https://award.tabelog.com/hyakumeiten/curry_east/2020
FOD-1230	gopのアナグラ			飲食店	カレー	食べログ カレー 百名店 2020	北海道					北海道 札幌市西区			https://tabelog.com/hokkaido/A0101/A010204/1000635/		未確認				46232	店舗照合済	食べログ 百名店 2020 / カレー EAST / Tabelog ID 1000635 / https://award.tabelog.com/hyakumeiten/curry_east/2020
FOD-1231	カレーの店 マボロシ			飲食店	カレー	食べログ カレー 百名店 2020	神奈川県					神奈川県 相模原市中央区			https://tabelog.com/kanagawa/A1407/A140701/14040492/		未確認				46232	店舗照合済	食べログ 百名店 2020 / カレー EAST / Tabelog ID 14040492 / https://award.tabelog.com/hyakumeiten/curry_east/2020
FOD-1232	天竺 札幌清田本店			飲食店	カレー	食べログ カレー 百名店 2020	北海道					北海道 札幌市清田区			https://tabelog.com/hokkaido/A0101/A010304/1039442/		未確認				46232	店舗照合済	食べログ 百名店 2020 / カレー EAST / Tabelog ID 1039442 / https://award.tabelog.com/hyakumeiten/curry_east/2020
FOD-1233	コジコジ			飲食店	カレー	食べログ カレー 百名店 2020	茨城県					茨城県 水戸市			https://tabelog.com/ibaraki/A0801/A080101/8014163/		未確認				46232	店舗照合済	食べログ 百名店 2020 / カレー EAST / Tabelog ID 8014163 / https://award.tabelog.com/hyakumeiten/curry_east/2020
FOD-1234	ガンディー			飲食店	カレー	食べログ カレー 百名店 2020	千葉県					千葉県 京成船橋駅			https://tabelog.com/chiba/A1202/A120201/12000107/		未確認				46232	店舗照合済	食べログ 百名店 2020 / カレー EAST / Tabelog ID 12000107 / https://award.tabelog.com/hyakumeiten/curry_east/2020
FOD-1235	こうひいはうす			飲食店	カレー	食べログ カレー 百名店 2020	北海道					北海道 ロープウェイ入口駅			https://tabelog.com/hokkaido/A0101/A010104/1002169/		未確認				46232	店舗照合済	食べログ 百名店 2020 / カレー EAST / Tabelog ID 1002169 / https://award.tabelog.com/hyakumeiten/curry_east/2020
FOD-1236	ポレポレ			飲食店	カレー	食べログ カレー 百名店 2020	北海道					北海道 南郷１８丁目駅			https://tabelog.com/hokkaido/A0101/A010301/1002197/		未確認				46232	店舗照合済	食べログ 百名店 2020 / カレー EAST / Tabelog ID 1002197 / https://award.tabelog.com/hyakumeiten/curry_east/2020
FOD-1237	カリーヤ！コング			飲食店	カレー	食べログ カレー 百名店 2020	北海道					北海道 静修学園前駅			https://tabelog.com/hokkaido/A0101/A010104/1029696/		未確認				46232	店舗照合済	食べログ 百名店 2020 / カレー EAST / Tabelog ID 1029696 / https://award.tabelog.com/hyakumeiten/curry_east/2020
FOD-1238	スパイス ポット			飲食店	カレー	食べログ カレー 百名店 2020	北海道					北海道 菊水駅			https://tabelog.com/hokkaido/A0101/A010301/1025000/		未確認				46232	店舗照合済	食べログ 百名店 2020 / カレー EAST / Tabelog ID 1025000 / https://award.tabelog.com/hyakumeiten/curry_east/2020
FOD-1239	ラマイ 札幌中央店			飲食店	カレー	食べログ カレー 百名店 2020	北海道					北海道 中央区役所前駅			https://tabelog.com/hokkaido/A0101/A010102/1029827/		未確認				46232	店舗照合済	食べログ 百名店 2020 / カレー EAST / Tabelog ID 1029827 / https://award.tabelog.com/hyakumeiten/curry_east/2020
FOD-1240	カレー気分			飲食店	カレー	食べログ カレー 百名店 2020	北海道					北海道 札幌市清田区			https://tabelog.com/hokkaido/A0101/A010304/1000874/		未確認				46232	店舗照合済	食べログ 百名店 2020 / カレー EAST / Tabelog ID 1000874 / https://award.tabelog.com/hyakumeiten/curry_east/2020
FOD-1241	カレー専門店 KEN			飲食店	カレー	食べログ カレー 百名店 2020	神奈川県					神奈川県 青葉台駅			https://tabelog.com/kanagawa/A1401/A140202/14010409/		未確認				46232	店舗照合済	食べログ 百名店 2020 / カレー EAST / Tabelog ID 14010409 / https://award.tabelog.com/hyakumeiten/curry_east/2020
FOD-1242	エイト カリー			飲食店	カレー	食べログ カレー 百名店 2020	北海道					北海道 中の島駅			https://tabelog.com/hokkaido/A0101/A010303/1052435/		未確認				46232	店舗照合済	食べログ 百名店 2020 / カレー EAST / Tabelog ID 1052435 / https://award.tabelog.com/hyakumeiten/curry_east/2020
FOD-1243	スパイス			飲食店	カレー	食べログ カレー 百名店 2020	北海道					北海道 北１８条駅			https://tabelog.com/hokkaido/A0101/A010201/1035826/		未確認				46232	店舗照合済	食べログ 百名店 2020 / カレー EAST / Tabelog ID 1035826 / https://award.tabelog.com/hyakumeiten/curry_east/2020
FOD-1244	カレーのふらのや			飲食店	カレー	食べログ カレー 百名店 2020	北海道					北海道 森林公園駅			https://tabelog.com/hokkaido/A0101/A010302/1031618/		未確認				46232	店舗照合済	食べログ 百名店 2020 / カレー EAST / Tabelog ID 1031618 / https://award.tabelog.com/hyakumeiten/curry_east/2020
FOD-1245	らっきょ			飲食店	カレー	食べログ カレー 百名店 2020	北海道					北海道 琴似（ＪＲ）駅			https://tabelog.com/hokkaido/A0101/A010204/1000164/		未確認				46232	店舗照合済	食べログ 百名店 2020 / カレー EAST / Tabelog ID 1000164 / https://award.tabelog.com/hyakumeiten/curry_east/2020
FOD-1246	オクシモロン コマチ			飲食店	カレー	食べログ カレー 百名店 2020	神奈川県					神奈川県 鎌倉駅			https://tabelog.com/kanagawa/A1404/A140402/14014612/		未確認				46232	店舗照合済	食べログ 百名店 2020 / カレー EAST / Tabelog ID 14014612 / https://award.tabelog.com/hyakumeiten/curry_east/2020
FOD-1247	バンチャガル			飲食店	カレー	食べログ カレー 百名店 2020	愛知県					愛知県 星ケ丘駅			https://tabelog.com/aichi/A2301/A230111/23009012/		未確認				46232	店舗照合済	食べログ 百名店 2020 / カレー EAST / Tabelog ID 23009012 / https://award.tabelog.com/hyakumeiten/curry_east/2020
FOD-1248	スープカリー ヒリヒリ2号			飲食店	カレー	食べログ カレー 百名店 2020	北海道					北海道 さっぽろ（札幌市営）駅			https://tabelog.com/hokkaido/A0101/A010101/1004285/		未確認				46232	店舗照合済	食べログ 百名店 2020 / カレー EAST / Tabelog ID 1004285 / https://award.tabelog.com/hyakumeiten/curry_east/2020
FOD-1249	サールナート			飲食店	カレー	食べログ カレー 百名店 2020	千葉県					千葉県 大神宮下駅			https://tabelog.com/chiba/A1202/A120201/12000128/		未確認				46232	店舗照合済	食べログ 百名店 2020 / カレー EAST / Tabelog ID 12000128 / https://award.tabelog.com/hyakumeiten/curry_east/2020
FOD-1250	さっぽろルーカレーNAGAMIYA			飲食店	カレー	食べログ カレー 百名店 2020	北海道					北海道 西１５丁目駅			https://tabelog.com/hokkaido/A0101/A010102/1048553/		未確認				46232	店舗照合済	食べログ 百名店 2020 / カレー EAST / Tabelog ID 1048553 / https://award.tabelog.com/hyakumeiten/curry_east/2020
FOD-1251	ミルチ			飲食店	カレー	食べログ カレー 百名店 2020	北海道					北海道 西線６条駅			https://tabelog.com/hokkaido/A0101/A010102/1000166/		未確認				46232	店舗照合済	食べログ 百名店 2020 / カレー EAST / Tabelog ID 1000166 / https://award.tabelog.com/hyakumeiten/curry_east/2020
FOD-1252	DEWAN 幕張店			飲食店	カレー	食べログ カレー 百名店 2020	千葉県					千葉県 千葉市美浜区			https://tabelog.com/chiba/A1201/A120102/12000695/		未確認				46232	店舗照合済	食べログ 百名店 2020 / カレー EAST / Tabelog ID 12000695 / https://award.tabelog.com/hyakumeiten/curry_east/2020
FOD-1253	メディスンマン			飲食店	カレー	食べログ カレー 百名店 2020	北海道					北海道 中島公園通駅			https://tabelog.com/hokkaido/A0101/A010104/1003072/		未確認				46232	店舗照合済	食べログ 百名店 2020 / カレー EAST / Tabelog ID 1003072 / https://award.tabelog.com/hyakumeiten/curry_east/2020
FOD-1254	ひげ男爵			飲食店	カレー	食べログ カレー 百名店 2020	北海道					北海道 バスセンター前駅			https://tabelog.com/hokkaido/A0101/A010102/1005374/		未確認				46232	店舗照合済	食べログ 百名店 2020 / カレー EAST / Tabelog ID 1005374 / https://award.tabelog.com/hyakumeiten/curry_east/2020
FOD-1255	ベンベラ・ネットワークカンパニー			飲食店	カレー	食べログ カレー 百名店 2020	北海道					北海道 西８丁目駅			https://tabelog.com/hokkaido/A0101/A010102/1000587/		未確認				46232	店舗照合済	食べログ 百名店 2020 / カレー EAST / Tabelog ID 1000587 / https://award.tabelog.com/hyakumeiten/curry_east/2020
FOD-1256	ラマイ 札幌北33条店			飲食店	カレー	食べログ カレー 百名店 2020	北海道					北海道 北３４条駅			https://tabelog.com/hokkaido/A0101/A010202/1007585/		未確認				46232	店舗照合済	食べログ 百名店 2020 / カレー EAST / Tabelog ID 1007585 / https://award.tabelog.com/hyakumeiten/curry_east/2020
FOD-1257	カラバト・カリー			飲食店	カレー	食べログ カレー 百名店 2020	北海道					北海道 札幌市南区			https://tabelog.com/hokkaido/A0101/A010305/1002186/		未確認				46232	店舗照合済	食べログ 百名店 2020 / カレー EAST / Tabelog ID 1002186 / https://award.tabelog.com/hyakumeiten/curry_east/2020
FOD-1258	スープカリー スアゲ プラス 本店			飲食店	カレー	食べログ カレー 百名店 2020	北海道					北海道 すすきの（市電）駅			https://tabelog.com/hokkaido/A0101/A010103/1006004/		未確認				46232	店舗照合済	食べログ 百名店 2020 / カレー EAST / Tabelog ID 1006004 / https://award.tabelog.com/hyakumeiten/curry_east/2020
FOD-1259	カレー専門店cafe New Delhi			飲食店	カレー	食べログ カレー 百名店 2020	愛知県					愛知県 岩塚駅			https://tabelog.com/aichi/A2301/A230113/23007998/		未確認				46232	店舗照合済	食べログ 百名店 2020 / カレー EAST / Tabelog ID 23007998 / https://award.tabelog.com/hyakumeiten/curry_east/2020
FOD-1260	SOUP CURRY KING 本店			飲食店	カレー	食べログ カレー 百名店 2020	北海道					北海道 南平岸駅			https://tabelog.com/hokkaido/A0101/A010303/1006357/		未確認				46232	店舗照合済	食べログ 百名店 2020 / カレー EAST / Tabelog ID 1006357 / https://award.tabelog.com/hyakumeiten/curry_east/2020
FOD-1261	村上カレー店・プルプル			飲食店	カレー	食べログ カレー 百名店 2020	北海道					北海道 中央区役所前駅			https://tabelog.com/hokkaido/A0101/A010102/1000476/		未確認				46232	店舗照合済	食べログ 百名店 2020 / カレー EAST / Tabelog ID 1000476 / https://award.tabelog.com/hyakumeiten/curry_east/2020
FOD-1262	イエロー			飲食店	カレー	食べログ カレー 百名店 2020	北海道					北海道 豊水すすきの駅			https://tabelog.com/hokkaido/A0101/A010103/1002181/		未確認				46232	店舗照合済	食べログ 百名店 2020 / カレー EAST / Tabelog ID 1002181 / https://award.tabelog.com/hyakumeiten/curry_east/2020
FOD-1263	SOUP CURRY KING セントラル			飲食店	カレー	食べログ カレー 百名店 2020	北海道					北海道 狸小路駅			https://tabelog.com/hokkaido/A0101/A010102/1055662/		未確認				46232	店舗照合済	食べログ 百名店 2020 / カレー EAST / Tabelog ID 1055662 / https://award.tabelog.com/hyakumeiten/curry_east/2020
FOD-1264	カフェパハナ			飲食店	カレー	食べログ カレー 百名店 2020	愛知県					愛知県 金山駅			https://tabelog.com/aichi/A2301/A230105/23037973/		未確認				46232	店舗照合済	食べログ 百名店 2020 / カレー EAST / Tabelog ID 23037973 / https://award.tabelog.com/hyakumeiten/curry_east/2020
FOD-1265	Handi レストラン			飲食店	カレー	食べログ カレー 百名店 2020	千葉県					千葉県 野田市			https://tabelog.com/chiba/A1203/A120305/12026828/		未確認				46232	店舗照合済	食べログ 百名店 2020 / カレー EAST / Tabelog ID 12026828 / https://award.tabelog.com/hyakumeiten/curry_east/2020
FOD-1266	マタレー 円山店			飲食店	カレー	食べログ カレー 百名店 2020	北海道					北海道 円山公園駅			https://tabelog.com/hokkaido/A0101/A010105/1025101/		未確認				46232	店舗照合済	食べログ 百名店 2020 / カレー EAST / Tabelog ID 1025101 / https://award.tabelog.com/hyakumeiten/curry_east/2020
FOD-1267	唯我独尊			飲食店	カレー	食べログ カレー 百名店 2020	北海道					北海道 富良野市			https://tabelog.com/hokkaido/A0104/A010403/1000063/		未確認				46232	店舗照合済	食べログ 百名店 2020 / カレー EAST / Tabelog ID 1000063 / https://award.tabelog.com/hyakumeiten/curry_east/2020
FOD-1268	ガネーシュ			飲食店	カレー	食べログ カレー 百名店 2020	神奈川県					神奈川県 能見台駅			https://tabelog.com/kanagawa/A1401/A140310/14012113/		未確認				46232	店舗照合済	食べログ 百名店 2020 / カレー EAST / Tabelog ID 14012113 / https://award.tabelog.com/hyakumeiten/curry_east/2020
FOD-1269	カオスヘブン 札幌店			飲食店	カレー	食べログ カレー 百名店 2020	北海道					北海道 豊水すすきの駅			https://tabelog.com/hokkaido/A0101/A010103/1042039/		未確認				46232	店舗照合済	食べログ 百名店 2020 / カレー EAST / Tabelog ID 1042039 / https://award.tabelog.com/hyakumeiten/curry_east/2020
FOD-1270	アジアンスープカリー べす			飲食店	カレー	食べログ カレー 百名店 2020	北海道					北海道 白石（ＪＲ北海道）駅			https://tabelog.com/hokkaido/A0101/A010301/1049808/		未確認				46232	店舗照合済	食べログ 百名店 2020 / カレー EAST / Tabelog ID 1049808 / https://award.tabelog.com/hyakumeiten/curry_east/2020
FOD-1271	オクシモロン onari			飲食店	カレー	食べログ カレー 百名店 2020	神奈川県					神奈川県 鎌倉駅			https://tabelog.com/kanagawa/A1404/A140402/14060276/		未確認				46232	店舗照合済	食べログ 百名店 2020 / カレー EAST / Tabelog ID 14060276 / https://award.tabelog.com/hyakumeiten/curry_east/2020
FOD-1272	ベンガルタイガー			飲食店	カレー	食べログ カレー 百名店 2020	千葉県					千葉県 千葉駅			https://tabelog.com/chiba/A1201/A120101/12043752/		未確認				46232	店舗照合済	食べログ 百名店 2020 / カレー EAST / Tabelog ID 12043752 / https://award.tabelog.com/hyakumeiten/curry_east/2020
FOD-1273	スープカレーディップ			飲食店	カレー	食べログ カレー 百名店 2020	北海道					北海道 北３４条駅			https://tabelog.com/hokkaido/A0101/A010201/1055946/		未確認				46232	店舗照合済	食べログ 百名店 2020 / カレー EAST / Tabelog ID 1055946 / https://award.tabelog.com/hyakumeiten/curry_east/2020
FOD-1274	南インド家庭料理 カルナータカー			飲食店	カレー	食べログ カレー 百名店 2020	愛知県					愛知県 藤が丘駅			https://tabelog.com/aichi/A2301/A230111/23044940/		未確認				46232	店舗照合済	食べログ 百名店 2020 / カレー EAST / Tabelog ID 23044940 / https://award.tabelog.com/hyakumeiten/curry_east/2020
FOD-1275	曉			飲食店	カレー	食べログ カレー 百名店 2020	北海道					北海道 中央区役所前駅			https://tabelog.com/hokkaido/A0101/A010102/1050112/		未確認				46232	店舗照合済	食べログ 百名店 2020 / カレー EAST / Tabelog ID 1050112 / https://award.tabelog.com/hyakumeiten/curry_east/2020
FOD-1276	黒岩_哩飯店			飲食店	カレー	食べログ カレー 百名店 2020	北海道					北海道 西８丁目駅			https://tabelog.com/hokkaido/A0101/A010102/1049128/		未確認				46232	店舗照合済	食べログ 百名店 2020 / カレー EAST / Tabelog ID 1049128 / https://award.tabelog.com/hyakumeiten/curry_east/2020
FOD-1277	カラチの空			飲食店	カレー	食べログ カレー 百名店 2020	埼玉県					埼玉県 八潮市			https://tabelog.com/saitama/A1102/A110205/11020803/		未確認				46232	店舗照合済	食べログ 百名店 2020 / カレー EAST / Tabelog ID 11020803 / https://award.tabelog.com/hyakumeiten/curry_east/2020
FOD-1278	ボンベイ			飲食店	カレー	食べログ カレー 百名店 2020	神奈川県					神奈川県 厚木市			https://tabelog.com/kanagawa/A1408/A140802/14003773/		未確認				46232	店舗照合済	食べログ 百名店 2020 / カレー EAST / Tabelog ID 14003773 / https://award.tabelog.com/hyakumeiten/curry_east/2020
FOD-1279	べいらっきょ			飲食店	カレー	食べログ カレー 百名店 2020	神奈川県					神奈川県 馬車道駅			https://tabelog.com/kanagawa/A1401/A140104/14000111/		未確認				46232	店舗照合済	食べログ 百名店 2020 / カレー EAST / Tabelog ID 14000111 / https://award.tabelog.com/hyakumeiten/curry_east/2020
FOD-1280	ZORA			飲食店	カレー	食べログ カレー 百名店 2020	北海道					北海道 西８丁目駅			https://tabelog.com/hokkaido/A0101/A010102/1024540/		未確認				46232	店舗照合済	食べログ 百名店 2020 / カレー EAST / Tabelog ID 1024540 / https://award.tabelog.com/hyakumeiten/curry_east/2020
FOD-1281	札幌スープカレー専門店エスパーイトウ 八軒総本店			飲食店	カレー	食べログ カレー 百名店 2020	北海道					北海道 八軒駅			https://tabelog.com/hokkaido/A0101/A010204/1009667/		未確認				46232	店舗照合済	食べログ 百名店 2020 / カレー EAST / Tabelog ID 1009667 / https://award.tabelog.com/hyakumeiten/curry_east/2020
FOD-1282	らっきょ＆Star			飲食店	カレー	食べログ カレー 百名店 2020	神奈川県					神奈川県 綱島駅			https://tabelog.com/kanagawa/A1401/A140204/14009431/		未確認				46232	店舗照合済	食べログ 百名店 2020 / カレー EAST / Tabelog ID 14009431 / https://award.tabelog.com/hyakumeiten/curry_east/2020
FOD-1283	ONSEN食堂			飲食店	カレー	食べログ カレー 百名店 2020	北海道					北海道 札幌市南区			https://tabelog.com/hokkaido/A0101/A010305/1000167/		未確認				46232	店舗照合済	食べログ 百名店 2020 / カレー EAST / Tabelog ID 1000167 / https://award.tabelog.com/hyakumeiten/curry_east/2020
FOD-1284	kanakoのスープカレー屋さん 札幌大通店			飲食店	カレー	食べログ カレー 百名店 2020	北海道					北海道 西４丁目駅			https://tabelog.com/hokkaido/A0101/A010102/1026119/		未確認				46232	店舗照合済	食べログ 百名店 2020 / カレー EAST / Tabelog ID 1026119 / https://award.tabelog.com/hyakumeiten/curry_east/2020
FOD-1285	アリアナレストラン			飲食店	カレー	食べログ カレー 百名店 2020	愛知県					愛知県 車道駅			https://tabelog.com/aichi/A2301/A230106/23000471/		未確認				46232	店舗照合済	食べログ 百名店 2020 / カレー EAST / Tabelog ID 23000471 / https://award.tabelog.com/hyakumeiten/curry_east/2020
FOD-1286	カレーの店 ボンベイ 本店			飲食店	カレー	食べログ カレー 百名店 2020	千葉県					千葉県 柏駅			https://tabelog.com/chiba/A1203/A120301/12026182/		未確認				46232	店舗照合済	食べログ 百名店 2020 / カレー EAST / Tabelog ID 12026182 / https://award.tabelog.com/hyakumeiten/curry_east/2020
FOD-1287	一文字カリー店			飲食店	カレー	食べログ カレー 百名店 2020	北海道					北海道 南郷１８丁目駅			https://tabelog.com/hokkaido/A0101/A010301/1024063/		未確認				46232	店舗照合済	食べログ 百名店 2020 / カレー EAST / Tabelog ID 1024063 / https://award.tabelog.com/hyakumeiten/curry_east/2020
FOD-1288	アルペンジロー 本店			飲食店	カレー	食べログ カレー 百名店 2020	神奈川県					神奈川県 阪東橋駅			https://tabelog.com/kanagawa/A1401/A140104/14000553/		未確認				46232	店舗照合済	食べログ 百名店 2020 / カレー EAST / Tabelog ID 14000553 / https://award.tabelog.com/hyakumeiten/curry_east/2020
FOD-1289	ハイ，ハウ アー ユー			飲食店	カレー	食べログ カレー 百名店 2020	神奈川県					神奈川県 日吉駅			https://tabelog.com/kanagawa/A1401/A140204/14040637/		未確認				46232	店舗照合済	食べログ 百名店 2020 / カレー EAST / Tabelog ID 14040637 / https://award.tabelog.com/hyakumeiten/curry_east/2020
FOD-1290	Spice&mill			飲食店	カレー	食べログ カレー 百名店 2020	北海道					北海道 南郷１３丁目駅			https://tabelog.com/hokkaido/A0101/A010301/1050715/		未確認				46232	店舗照合済	食べログ 百名店 2020 / カレー EAST / Tabelog ID 1050715 / https://award.tabelog.com/hyakumeiten/curry_east/2020
FOD-1291	スパイスカレー モクロミ			飲食店	カレー	食べログ カレー 百名店 2020	埼玉県					埼玉県 せんげん台駅			https://tabelog.com/saitama/A1102/A110203/11045458/		未確認				46232	店舗照合済	食べログ 百名店 2020 / カレー EAST / Tabelog ID 11045458 / https://award.tabelog.com/hyakumeiten/curry_east/2020
FOD-1292	Rojiura Curry SAMURAI. さくら店			飲食店	カレー	食べログ カレー 百名店 2020	北海道					北海道 資生館小学校前駅			https://tabelog.com/hokkaido/A0101/A010103/1031790/		未確認				46232	店舗照合済	食べログ 百名店 2020 / カレー EAST / Tabelog ID 1031790 / https://award.tabelog.com/hyakumeiten/curry_east/2020
FOD-1293	五○堂			飲食店	カレー	食べログ カレー 百名店 2020	北海道					北海道 山鼻９条駅			https://tabelog.com/hokkaido/A0101/A010104/1029487/		未確認				46232	店舗照合済	食べログ 百名店 2020 / カレー EAST / Tabelog ID 1029487 / https://award.tabelog.com/hyakumeiten/curry_east/2020
FOD-1294	ルッカパイパイ			飲食店	カレー	食べログ カレー 百名店 2020	北海道					北海道 平岸（札幌市営）駅			https://tabelog.com/hokkaido/A0101/A010303/1000683/		未確認				46232	店舗照合済	食べログ 百名店 2020 / カレー EAST / Tabelog ID 1000683 / https://award.tabelog.com/hyakumeiten/curry_east/2020
FOD-1295	SAKURA BROWN			飲食店	カレー	食べログ カレー 百名店 2020	北海道					北海道 琴似（札幌市営）駅			https://tabelog.com/hokkaido/A0101/A010204/1044404/		未確認				46232	店舗照合済	食べログ 百名店 2020 / カレー EAST / Tabelog ID 1044404 / https://award.tabelog.com/hyakumeiten/curry_east/2020
FOD-1296	コスギカレー			飲食店	カレー	食べログ カレー 百名店 2020	神奈川県					神奈川県 新丸子駅			https://tabelog.com/kanagawa/A1405/A140504/14042207/		未確認				46232	店舗照合済	食べログ 百名店 2020 / カレー EAST / Tabelog ID 14042207 / https://award.tabelog.com/hyakumeiten/curry_east/2020
FOD-1297	ラマイ 札幌本店			飲食店	カレー	食べログ カレー 百名店 2020	北海道					北海道 札幌市豊平区			https://tabelog.com/hokkaido/A0101/A010303/1001470/		未確認				46232	店舗照合済	食べログ 百名店 2020 / カレー EAST / Tabelog ID 1001470 / https://award.tabelog.com/hyakumeiten/curry_east/2020
FOD-1298	ピカンティ			飲食店	カレー	食べログ カレー 百名店 2020	北海道					北海道 北１２条駅			https://tabelog.com/hokkaido/A0101/A010201/1000060/		未確認				46232	店舗照合済	食べログ 百名店 2020 / カレー EAST / Tabelog ID 1000060 / https://award.tabelog.com/hyakumeiten/curry_east/2020
FOD-1299	スープカレー トムトムキキル			飲食店	カレー	食べログ カレー 百名店 2020	北海道					北海道 札幌市清田区			https://tabelog.com/hokkaido/A0101/A010304/1037079/		未確認				46232	店舗照合済	食べログ 百名店 2020 / カレー EAST / Tabelog ID 1037079 / https://award.tabelog.com/hyakumeiten/curry_east/2020
FOD-1300	negombo33			飲食店	カレー	食べログ カレー 百名店 2020	埼玉県					埼玉県 西所沢駅			https://tabelog.com/saitama/A1106/A110601/11015014/		未確認				46232	店舗照合済	食べログ 百名店 2020 / カレー EAST / Tabelog ID 11015014 / https://award.tabelog.com/hyakumeiten/curry_east/2020
FOD-1301	元祖インドカレー 小いけ			飲食店	カレー	食べログ カレー 百名店 2020	北海道					北海道 函館市			https://tabelog.com/hokkaido/A0105/A010501/1008130/		未確認				46232	店舗照合済	食べログ 百名店 2020 / カレー EAST / Tabelog ID 1008130 / https://award.tabelog.com/hyakumeiten/curry_east/2020
FOD-1302	Kikuya Curry			飲食店	カレー	食べログ カレー 百名店 2020	神奈川県					神奈川県 日ノ出町駅			https://tabelog.com/kanagawa/A1401/A140102/14004143/		未確認				46232	店舗照合済	食べログ 百名店 2020 / カレー EAST / Tabelog ID 14004143 / https://award.tabelog.com/hyakumeiten/curry_east/2020
FOD-1303	ラム			飲食店	カレー	食べログ カレー 百名店 2020	北海道					北海道 北３４条駅			https://tabelog.com/hokkaido/A0101/A010201/1004045/		未確認				46232	店舗照合済	食べログ 百名店 2020 / カレー EAST / Tabelog ID 1004045 / https://award.tabelog.com/hyakumeiten/curry_east/2020
FOD-1304	南インド料理 葉菜			飲食店	カレー	食べログ カレー 百名店 2020	千葉県					千葉県 勝田台駅			https://tabelog.com/chiba/A1202/A120204/12012667/		未確認				46232	店舗照合済	食べログ 百名店 2020 / カレー EAST / Tabelog ID 12012667 / https://award.tabelog.com/hyakumeiten/curry_east/2020
FOD-1305	アーユーボーワン			飲食店	カレー	食べログ カレー 百名店 2020	千葉県					千葉県 柏駅			https://tabelog.com/chiba/A1203/A120301/12033520/		未確認				46232	店舗照合済	食べログ 百名店 2020 / カレー EAST / Tabelog ID 12033520 / https://award.tabelog.com/hyakumeiten/curry_east/2020
FOD-1306	デリー 札幌店			飲食店	カレー	食べログ カレー 百名店 2020	北海道					北海道 狸小路駅			https://tabelog.com/hokkaido/A0101/A010103/1006116/		未確認				46232	店舗照合済	食べログ 百名店 2020 / カレー EAST / Tabelog ID 1006116 / https://award.tabelog.com/hyakumeiten/curry_east/2020
FOD-1307	未来カレー こりす			飲食店	カレー	食べログ カレー 百名店 2020	北海道					北海道 資生館小学校前駅			https://tabelog.com/hokkaido/A0101/A010103/1035490/		未確認				46232	店舗照合済	食べログ 百名店 2020 / カレー EAST / Tabelog ID 1035490 / https://award.tabelog.com/hyakumeiten/curry_east/2020
FOD-1308	ターラ			飲食店	カレー	食べログ カレー 百名店 2020	北海道					北海道 西４丁目駅			https://tabelog.com/hokkaido/A0101/A010102/1001916/		未確認				46232	店舗照合済	食べログ 百名店 2020 / カレー EAST / Tabelog ID 1001916 / https://award.tabelog.com/hyakumeiten/curry_east/2020
FOD-1309	Rojiura Curry SAMURAI. 平岸総本店			飲食店	カレー	食べログ カレー 百名店 2020	北海道					北海道 豊平公園駅			https://tabelog.com/hokkaido/A0101/A010303/1005698/		未確認				46232	店舗照合済	食べログ 百名店 2020 / カレー EAST / Tabelog ID 1005698 / https://award.tabelog.com/hyakumeiten/curry_east/2020
FOD-1310	タイガーカレー			飲食店	カレー	食べログ カレー 百名店 2020	北海道					北海道 北２４条駅			https://tabelog.com/hokkaido/A0101/A010201/1003065/		未確認				46232	店舗照合済	食べログ 百名店 2020 / カレー EAST / Tabelog ID 1003065 / https://award.tabelog.com/hyakumeiten/curry_east/2020
FOD-1311	欧風カレーKEN			飲食店	カレー	食べログ カレー 百名店 2020	北海道					北海道 北１３条東駅			https://tabelog.com/hokkaido/A0101/A010202/1041827/		未確認				46232	店舗照合済	食べログ 百名店 2020 / カレー EAST / Tabelog ID 1041827 / https://award.tabelog.com/hyakumeiten/curry_east/2020
FOD-1312	西屯田通りスープカレー本舗			飲食店	カレー	食べログ カレー 百名店 2020	北海道					北海道 西線９条旭山公園通駅			https://tabelog.com/hokkaido/A0101/A010104/1007981/		未確認				46232	店舗照合済	食べログ 百名店 2020 / カレー EAST / Tabelog ID 1007981 / https://award.tabelog.com/hyakumeiten/curry_east/2020
FOD-1313	クロック			飲食店	カレー	食べログ カレー 百名店 2020	北海道					北海道 札幌市中央区			https://tabelog.com/hokkaido/A0101/A010105/1000162/		未確認				46232	店舗照合済	食べログ 百名店 2020 / カレー EAST / Tabelog ID 1000162 / https://award.tabelog.com/hyakumeiten/curry_east/2020
FOD-1314	カレーレストラン シバ			飲食店	カレー	食べログ カレー 百名店 2020	千葉県					千葉県 稲毛駅			https://tabelog.com/chiba/A1201/A120104/12000017/		未確認				46232	店舗照合済	食べログ 百名店 2020 / カレー EAST / Tabelog ID 12000017 / https://award.tabelog.com/hyakumeiten/curry_east/2020
FOD-1315	木多郎 澄川本店			飲食店	カレー	食べログ カレー 百名店 2020	北海道					北海道 澄川駅			https://tabelog.com/hokkaido/A0101/A010305/1000174/		未確認				46232	店舗照合済	食べログ 百名店 2020 / カレー EAST / Tabelog ID 1000174 / https://award.tabelog.com/hyakumeiten/curry_east/2020
FOD-1316	旧ヤム鐵道			飲食店	カレー	食べログ カレー 百名店 2020	大阪府					大阪府 大阪駅			https://tabelog.com/osaka/A2701/A270101/27084538/		未確認				46232	店舗照合済	食べログ 百名店 2020 / カレー WEST / Tabelog ID 27084538 / https://award.tabelog.com/hyakumeiten/curry_west/2020
FOD-1317	ヴァスコ・ダ・ガマ 本店			飲食店	カレー	食べログ カレー 百名店 2020	大阪府					大阪府 高槻駅			https://tabelog.com/osaka/A2706/A270604/27059288/		未確認				46232	店舗照合済	食べログ 百名店 2020 / カレー WEST / Tabelog ID 27059288 / https://award.tabelog.com/hyakumeiten/curry_west/2020
FOD-1318	アリーズ キッチン			飲食店	カレー	食べログ カレー 百名店 2020	大阪府					大阪府 心斎橋駅			https://tabelog.com/osaka/A2701/A270201/27045608/		未確認				46232	店舗照合済	食べログ 百名店 2020 / カレー WEST / Tabelog ID 27045608 / https://award.tabelog.com/hyakumeiten/curry_west/2020
FOD-1319	curry restaurant BRUNO HEP NAVIO店			飲食店	カレー	食べログ カレー 百名店 2020	大阪府					大阪府 梅田駅			https://tabelog.com/osaka/A2701/A270101/27001963/		未確認				46232	店舗照合済	食べログ 百名店 2020 / カレー WEST / Tabelog ID 27001963 / https://award.tabelog.com/hyakumeiten/curry_west/2020
FOD-1320	カレー コンドル			飲食店	カレー	食べログ カレー 百名店 2020	大阪府					大阪府 西大橋駅			https://tabelog.com/osaka/A2701/A270201/27059870/		未確認				46232	店舗照合済	食べログ 百名店 2020 / カレー WEST / Tabelog ID 27059870 / https://award.tabelog.com/hyakumeiten/curry_west/2020
FOD-1321	スパイスれすとらん cardamom			飲食店	カレー	食べログ カレー 百名店 2020	徳島県					徳島県 徳島市			https://tabelog.com/tokushima/A3601/A360101/36000907/		未確認				46232	店舗照合済	食べログ 百名店 2020 / カレー WEST / Tabelog ID 36000907 / https://award.tabelog.com/hyakumeiten/curry_west/2020
FOD-1322	curry&cafe Warung			飲食店	カレー	食べログ カレー 百名店 2020	大阪府					大阪府 西長堀駅			https://tabelog.com/osaka/A2701/A270105/27074470/		未確認				46232	店舗照合済	食べログ 百名店 2020 / カレー WEST / Tabelog ID 27074470 / https://award.tabelog.com/hyakumeiten/curry_west/2020
FOD-1323	カレイヤー			飲食店	カレー	食べログ カレー 百名店 2020	大阪府					大阪府 心斎橋駅			https://tabelog.com/osaka/A2701/A270201/27073790/		未確認				46232	店舗照合済	食べログ 百名店 2020 / カレー WEST / Tabelog ID 27073790 / https://award.tabelog.com/hyakumeiten/curry_west/2020
FOD-1324	和レー屋 南船場ゴヤクラ			飲食店	カレー	食べログ カレー 百名店 2020	大阪府					大阪府 松屋町駅			https://tabelog.com/osaka/A2701/A270201/27015562/		未確認				46232	店舗照合済	食べログ 百名店 2020 / カレー WEST / Tabelog ID 27015562 / https://award.tabelog.com/hyakumeiten/curry_west/2020
FOD-1325	アジャンタ 京都店			飲食店	カレー	食べログ カレー 百名店 2020	京都府					京都府 清水五条駅			https://tabelog.com/kyoto/A2601/A260201/26000970/		未確認				46232	店舗照合済	食べログ 百名店 2020 / カレー WEST / Tabelog ID 26000970 / https://award.tabelog.com/hyakumeiten/curry_west/2020
FOD-1326	ネパール&インド料理 Manakamana			飲食店	カレー	食べログ カレー 百名店 2020	大阪府					大阪府 北浜駅			https://tabelog.com/osaka/A2701/A270102/27009454/		未確認				46232	店舗照合済	食べログ 百名店 2020 / カレー WEST / Tabelog ID 27009454 / https://award.tabelog.com/hyakumeiten/curry_west/2020
FOD-1327	SOMA			飲食店	カレー	食べログ カレー 百名店 2020	大阪府					大阪府 中津（阪急）駅			https://tabelog.com/osaka/A2701/A270101/27065233/		未確認				46232	店舗照合済	食べログ 百名店 2020 / カレー WEST / Tabelog ID 27065233 / https://award.tabelog.com/hyakumeiten/curry_west/2020
FOD-1328	スパイスカレーまるせ			飲食店	カレー	食べログ カレー 百名店 2020	大阪府					大阪府 中津（大阪メトロ）駅			https://tabelog.com/osaka/A2701/A270101/27076552/		未確認				46232	店舗照合済	食べログ 百名店 2020 / カレー WEST / Tabelog ID 27076552 / https://award.tabelog.com/hyakumeiten/curry_west/2020
FOD-1329	和レー屋 丁子			飲食店	カレー	食べログ カレー 百名店 2020	大阪府					大阪府 北浜駅			https://tabelog.com/osaka/A2701/A270102/27092176/		未確認				46232	店舗照合済	食べログ 百名店 2020 / カレー WEST / Tabelog ID 27092176 / https://award.tabelog.com/hyakumeiten/curry_west/2020
FOD-1330	GARAM			飲食店	カレー	食べログ カレー 百名店 2020	福岡県					福岡県 渡辺通駅			https://tabelog.com/fukuoka/A4001/A400103/40032412/		未確認				46232	店舗照合済	食べログ 百名店 2020 / カレー WEST / Tabelog ID 40032412 / https://award.tabelog.com/hyakumeiten/curry_west/2020
FOD-1331	谷口カレー			飲食店	カレー	食べログ カレー 百名店 2020	大阪府					大阪府 北浜駅			https://tabelog.com/osaka/A2701/A270102/27088233/		未確認				46232	店舗照合済	食べログ 百名店 2020 / カレー WEST / Tabelog ID 27088233 / https://award.tabelog.com/hyakumeiten/curry_west/2020
FOD-1332	ナミニノカレー			飲食店	カレー	食べログ カレー 百名店 2020	大阪府					大阪府 天神橋筋六丁目駅			https://tabelog.com/osaka/A2701/A270103/27096795/		未確認				46232	店舗照合済	食べログ 百名店 2020 / カレー WEST / Tabelog ID 27096795 / https://award.tabelog.com/hyakumeiten/curry_west/2020
FOD-1333	タンダーパニー			飲食店	カレー	食べログ カレー 百名店 2020	大阪府					大阪府 関大前駅			https://tabelog.com/osaka/A2706/A270602/27001142/		未確認				46232	店舗照合済	食べログ 百名店 2020 / カレー WEST / Tabelog ID 27001142 / https://award.tabelog.com/hyakumeiten/curry_west/2020
FOD-1334	ノムソン カリー			飲食店	カレー	食べログ カレー 百名店 2020	大阪府					大阪府 四天王寺前夕陽ケ丘駅			https://tabelog.com/osaka/A2701/A270202/27086130/		未確認				46232	店舗照合済	食べログ 百名店 2020 / カレー WEST / Tabelog ID 27086130 / https://award.tabelog.com/hyakumeiten/curry_west/2020
FOD-1335	アイリッシュ カレー 中津店			飲食店	カレー	食べログ カレー 百名店 2020	大阪府					大阪府 中津（大阪メトロ）駅			https://tabelog.com/osaka/A2701/A270101/27017872/		未確認				46232	店舗照合済	食べログ 百名店 2020 / カレー WEST / Tabelog ID 27017872 / https://award.tabelog.com/hyakumeiten/curry_west/2020
FOD-1336	もりやま屋			飲食店	カレー	食べログ カレー 百名店 2020	大阪府					大阪府 大江橋駅			https://tabelog.com/osaka/A2701/A270102/27002387/		未確認				46232	店舗照合済	食べログ 百名店 2020 / カレー WEST / Tabelog ID 27002387 / https://award.tabelog.com/hyakumeiten/curry_west/2020
FOD-1337	ガネーシュ m 北浜店			飲食店	カレー	食べログ カレー 百名店 2020	大阪府					大阪府 北浜駅			https://tabelog.com/osaka/A2701/A270102/27083172/		未確認				46232	店舗照合済	食べログ 百名店 2020 / カレー WEST / Tabelog ID 27083172 / https://award.tabelog.com/hyakumeiten/curry_west/2020
FOD-1338	ヤタラ スパイス			飲食店	カレー	食べログ カレー 百名店 2020	大阪府					大阪府 大正駅			https://tabelog.com/osaka/A2701/A270401/27092688/		未確認				46232	店舗照合済	食べログ 百名店 2020 / カレー WEST / Tabelog ID 27092688 / https://award.tabelog.com/hyakumeiten/curry_west/2020
FOD-1339	大阪ハラールレストラン			飲食店	カレー	食べログ カレー 百名店 2020	大阪府					大阪府 千船駅			https://tabelog.com/osaka/A2701/A270407/27072992/		未確認				46232	店舗照合済	食べログ 百名店 2020 / カレー WEST / Tabelog ID 27072992 / https://award.tabelog.com/hyakumeiten/curry_west/2020
FOD-1340	セイロンカリー			飲食店	カレー	食べログ カレー 百名店 2020	大阪府					大阪府 長堀橋駅			https://tabelog.com/osaka/A2701/A270106/27072653/		未確認				46232	店舗照合済	食べログ 百名店 2020 / カレー WEST / Tabelog ID 27072653 / https://award.tabelog.com/hyakumeiten/curry_west/2020
FOD-1341	いずみバーグ			飲食店	カレー	食べログ カレー 百名店 2020	大阪府					大阪府 九条（阪神）駅			https://tabelog.com/osaka/A2701/A270401/27013033/		未確認				46232	店舗照合済	食べログ 百名店 2020 / カレー WEST / Tabelog ID 27013033 / https://award.tabelog.com/hyakumeiten/curry_west/2020
FOD-1342	ヤドカリー 天満橋店			飲食店	カレー	食べログ カレー 百名店 2020	大阪府					大阪府 天満橋駅			https://tabelog.com/osaka/A2701/A270104/27072330/		未確認				46232	店舗照合済	食べログ 百名店 2020 / カレー WEST / Tabelog ID 27072330 / https://award.tabelog.com/hyakumeiten/curry_west/2020
FOD-1343	カレーちゃん家			飲食店	カレー	食べログ カレー 百名店 2020	大阪府					大阪府 寺田町駅			https://tabelog.com/osaka/A2701/A270306/27063137/		未確認				46232	店舗照合済	食べログ 百名店 2020 / カレー WEST / Tabelog ID 27063137 / https://award.tabelog.com/hyakumeiten/curry_west/2020
FOD-1344	ボナボナ			飲食店	カレー	食べログ カレー 百名店 2020	大阪府					大阪府 西大橋駅			https://tabelog.com/osaka/A2701/A270201/27005018/		未確認				46232	店舗照合済	食べログ 百名店 2020 / カレー WEST / Tabelog ID 27005018 / https://award.tabelog.com/hyakumeiten/curry_west/2020
FOD-1345	旧ヤム邸 空堀店			飲食店	カレー	食べログ カレー 百名店 2020	大阪府					大阪府 谷町六丁目駅			https://tabelog.com/osaka/A2701/A270204/27060944/		未確認				46232	店舗照合済	食べログ 百名店 2020 / カレー WEST / Tabelog ID 27060944 / https://award.tabelog.com/hyakumeiten/curry_west/2020
FOD-1346	王様のスプーン			飲食店	カレー	食べログ カレー 百名店 2020	大阪府					大阪府 南森町駅			https://tabelog.com/osaka/A2701/A270103/27017245/		未確認				46232	店舗照合済	食べログ 百名店 2020 / カレー WEST / Tabelog ID 27017245 / https://award.tabelog.com/hyakumeiten/curry_west/2020
FOD-1347	ダルバート食堂			飲食店	カレー	食べログ カレー 百名店 2020	大阪府					大阪府 谷町六丁目駅			https://tabelog.com/osaka/A2701/A270104/27085329/		未確認				46232	店舗照合済	食べログ 百名店 2020 / カレー WEST / Tabelog ID 27085329 / https://award.tabelog.com/hyakumeiten/curry_west/2020
FOD-1348	SIMBA			飲食店	カレー	食べログ カレー 百名店 2020	大阪府					大阪府 大阪難波駅			https://tabelog.com/osaka/A2701/A270201/27051373/		未確認				46232	店舗照合済	食べログ 百名店 2020 / カレー WEST / Tabelog ID 27051373 / https://award.tabelog.com/hyakumeiten/curry_west/2020
FOD-1349	渡邊カリー 梅田本店			飲食店	カレー	食べログ カレー 百名店 2020	大阪府					大阪府 北新地駅			https://tabelog.com/osaka/A2701/A270101/27091294/		未確認				46232	店舗照合済	食べログ 百名店 2020 / カレー WEST / Tabelog ID 27091294 / https://award.tabelog.com/hyakumeiten/curry_west/2020
FOD-1350	ハラールフードマルハバ			飲食店	カレー	食べログ カレー 百名店 2020	福岡県					福岡県 箱崎駅			https://tabelog.com/fukuoka/A4001/A400201/40034419/		未確認				46232	店舗照合済	食べログ 百名店 2020 / カレー WEST / Tabelog ID 40034419 / https://award.tabelog.com/hyakumeiten/curry_west/2020
FOD-1351	モリ商店			飲食店	カレー	食べログ カレー 百名店 2020	大阪府					大阪府 なにわ橋駅			https://tabelog.com/osaka/A2701/A270103/27046303/		未確認				46232	店舗照合済	食べログ 百名店 2020 / カレー WEST / Tabelog ID 27046303 / https://award.tabelog.com/hyakumeiten/curry_west/2020
FOD-1352	太陽カレー			飲食店	カレー	食べログ カレー 百名店 2020	京都府					京都府 西院（京福）駅			https://tabelog.com/kyoto/A2601/A260401/26022669/		未確認				46232	店舗照合済	食べログ 百名店 2020 / カレー WEST / Tabelog ID 26022669 / https://award.tabelog.com/hyakumeiten/curry_west/2020
FOD-1353	カルータラ			飲食店	カレー	食べログ カレー 百名店 2020	大阪府					大阪府 肥後橋駅			https://tabelog.com/osaka/A2701/A270102/27002839/		未確認				46232	店舗照合済	食べログ 百名店 2020 / カレー WEST / Tabelog ID 27002839 / https://award.tabelog.com/hyakumeiten/curry_west/2020
FOD-1354	カラピンチャ			飲食店	カレー	食べログ カレー 百名店 2020	兵庫県					兵庫県 王子公園駅			https://tabelog.com/hyogo/A2801/A280103/28038103/		未確認				46232	店舗照合済	食べログ 百名店 2020 / カレー WEST / Tabelog ID 28038103 / https://award.tabelog.com/hyakumeiten/curry_west/2020
FOD-1355	スパイスカリー バビルの塔			飲食店	カレー	食べログ カレー 百名店 2020	大阪府					大阪府 谷町四丁目駅			https://tabelog.com/osaka/A2701/A270104/27064588/		未確認				46232	店舗照合済	食べログ 百名店 2020 / カレー WEST / Tabelog ID 27064588 / https://award.tabelog.com/hyakumeiten/curry_west/2020
FOD-1356	カレー屋バンバン			飲食店	カレー	食べログ カレー 百名店 2020	大阪府					大阪府 大阪難波駅			https://tabelog.com/osaka/A2701/A270202/27092161/		未確認				46232	店舗照合済	食べログ 百名店 2020 / カレー WEST / Tabelog ID 27092161 / https://award.tabelog.com/hyakumeiten/curry_west/2020
FOD-1357	カンティプール 天五店			飲食店	カレー	食べログ カレー 百名店 2020	大阪府					大阪府 天神橋筋六丁目駅			https://tabelog.com/osaka/A2701/A270103/27000526/		未確認				46232	店舗照合済	食べログ 百名店 2020 / カレー WEST / Tabelog ID 27000526 / https://award.tabelog.com/hyakumeiten/curry_west/2020
FOD-1358	虹の仏			飲食店	カレー	食べログ カレー 百名店 2020	大阪府					大阪府 四天王寺前夕陽ケ丘駅			https://tabelog.com/osaka/A2701/A270203/27066977/		未確認				46232	店舗照合済	食べログ 百名店 2020 / カレー WEST / Tabelog ID 27066977 / https://award.tabelog.com/hyakumeiten/curry_west/2020
FOD-1359	白銀亭			飲食店	カレー	食べログ カレー 百名店 2020	大阪府					大阪府 本町駅			https://tabelog.com/osaka/A2701/A270106/27012545/		未確認				46232	店舗照合済	食べログ 百名店 2020 / カレー WEST / Tabelog ID 27012545 / https://award.tabelog.com/hyakumeiten/curry_west/2020
FOD-1360	アアベルカレー			飲食店	カレー	食べログ カレー 百名店 2020	大阪府					大阪府 九条（大阪メトロ）駅			https://tabelog.com/osaka/A2701/A270401/27091414/		未確認				46232	店舗照合済	食べログ 百名店 2020 / カレー WEST / Tabelog ID 27091414 / https://award.tabelog.com/hyakumeiten/curry_west/2020
FOD-1361	不思議香菜 ツナパハ			飲食店	カレー	食べログ カレー 百名店 2020	福岡県					福岡県 西鉄福岡（天神）駅			https://tabelog.com/fukuoka/A4001/A400103/40000116/		未確認				46232	店舗照合済	食べログ 百名店 2020 / カレー WEST / Tabelog ID 40000116 / https://award.tabelog.com/hyakumeiten/curry_west/2020
FOD-1362	シナジー			飲食店	カレー	食べログ カレー 百名店 2020	大阪府					大阪府 北新地駅			https://tabelog.com/osaka/A2701/A270101/27074379/		未確認				46232	店舗照合済	食べログ 百名店 2020 / カレー WEST / Tabelog ID 27074379 / https://award.tabelog.com/hyakumeiten/curry_west/2020
FOD-1363	旧ヤム邸 中之島洋館			飲食店	カレー	食べログ カレー 百名店 2020	大阪府					大阪府 渡辺橋駅			https://tabelog.com/osaka/A2701/A270108/27073991/		未確認				46232	店舗照合済	食べログ 百名店 2020 / カレー WEST / Tabelog ID 27073991 / https://award.tabelog.com/hyakumeiten/curry_west/2020
FOD-1364	コロンビアエイト 堺筋本町店			飲食店	カレー	食べログ カレー 百名店 2020	大阪府					大阪府 堺筋本町駅			https://tabelog.com/osaka/A2701/A270106/27050088/		未確認				46232	店舗照合済	食べログ 百名店 2020 / カレー WEST / Tabelog ID 27050088 / https://award.tabelog.com/hyakumeiten/curry_west/2020
FOD-1365	ぶはら			飲食店	カレー	食べログ カレー 百名店 2020	兵庫県					兵庫県 摂津本山駅			https://tabelog.com/hyogo/A2801/A280105/28000646/		未確認				46232	店舗照合済	食べログ 百名店 2020 / カレー WEST / Tabelog ID 28000646 / https://award.tabelog.com/hyakumeiten/curry_west/2020
FOD-1366	ラヴィリンス			飲食店	カレー	食べログ カレー 百名店 2020	大阪府					大阪府 西大橋駅			https://tabelog.com/osaka/A2701/A270201/27051602/		未確認				46232	店舗照合済	食べログ 百名店 2020 / カレー WEST / Tabelog ID 27051602 / https://award.tabelog.com/hyakumeiten/curry_west/2020
FOD-1367	サッチェズカリー			飲食店	カレー	食べログ カレー 百名店 2020	大阪府					大阪府 中崎町駅			https://tabelog.com/osaka/A2701/A270101/27085130/		未確認				46232	店舗照合済	食べログ 百名店 2020 / カレー WEST / Tabelog ID 27085130 / https://award.tabelog.com/hyakumeiten/curry_west/2020
FOD-1368	スパイス料理ナッラマナム			飲食店	カレー	食べログ カレー 百名店 2020	大阪府					大阪府 堺筋本町駅			https://tabelog.com/osaka/A2701/A270106/27090916/		未確認				46232	店舗照合済	食べログ 百名店 2020 / カレー WEST / Tabelog ID 27090916 / https://award.tabelog.com/hyakumeiten/curry_west/2020
FOD-1369	カレー屋ヌンクイ			飲食店	カレー	食べログ カレー 百名店 2020	大阪府					大阪府 七道駅			https://tabelog.com/osaka/A2705/A270501/27071545/		未確認				46232	店舗照合済	食べログ 百名店 2020 / カレー WEST / Tabelog ID 27071545 / https://award.tabelog.com/hyakumeiten/curry_west/2020
FOD-1370	らくしゅみ			飲食店	カレー	食べログ カレー 百名店 2020	大阪府					大阪府 西大橋駅			https://tabelog.com/osaka/A2701/A270201/27004574/		未確認				46232	店舗照合済	食べログ 百名店 2020 / カレー WEST / Tabelog ID 27004574 / https://award.tabelog.com/hyakumeiten/curry_west/2020
FOD-1371	山口カリー			飲食店	カレー	食べログ カレー 百名店 2020	大阪府					大阪府 大阪天満宮駅			https://tabelog.com/osaka/A2701/A270103/27086717/		未確認				46232	店舗照合済	食べログ 百名店 2020 / カレー WEST / Tabelog ID 27086717 / https://award.tabelog.com/hyakumeiten/curry_west/2020
FOD-1372	スパイスチャンバー			飲食店	カレー	食べログ カレー 百名店 2020	京都府					京都府 四条（京都市営）駅			https://tabelog.com/kyoto/A2601/A260201/26015938/		未確認				46232	店舗照合済	食べログ 百名店 2020 / カレー WEST / Tabelog ID 26015938 / https://award.tabelog.com/hyakumeiten/curry_west/2020
FOD-1373	タリカロ			飲食店	カレー	食べログ カレー 百名店 2020	奈良県					奈良県 奈良市			https://tabelog.com/nara/A2901/A290101/29008701/		未確認				46232	店舗照合済	食べログ 百名店 2020 / カレー WEST / Tabelog ID 29008701 / https://award.tabelog.com/hyakumeiten/curry_west/2020
FOD-1374	辛口飯屋 森元			飲食店	カレー	食べログ カレー 百名店 2020	大阪府					大阪府 なにわ橋駅			https://tabelog.com/osaka/A2701/A270103/27087911/		未確認				46232	店舗照合済	食べログ 百名店 2020 / カレー WEST / Tabelog ID 27087911 / https://award.tabelog.com/hyakumeiten/curry_west/2020
FOD-1375	SAVOY			飲食店	カレー	食べログ カレー 百名店 2020	兵庫県					兵庫県 神戸三宮（阪急）駅			https://tabelog.com/hyogo/A2801/A280101/28000095/		未確認				46232	店舗照合済	食べログ 百名店 2020 / カレー WEST / Tabelog ID 28000095 / https://award.tabelog.com/hyakumeiten/curry_west/2020
FOD-1376	マダム・カリー			飲食店	カレー	食べログ カレー 百名店 2020	大阪府					大阪府 北浜駅			https://tabelog.com/osaka/A2701/A270102/27050578/		未確認				46232	店舗照合済	食べログ 百名店 2020 / カレー WEST / Tabelog ID 27050578 / https://award.tabelog.com/hyakumeiten/curry_west/2020
FOD-1377	curry bar nidomi			飲食店	カレー	食べログ カレー 百名店 2020	大阪府					大阪府 谷町四丁目駅			https://tabelog.com/osaka/A2701/A270104/27062194/		未確認				46232	店舗照合済	食べログ 百名店 2020 / カレー WEST / Tabelog ID 27062194 / https://award.tabelog.com/hyakumeiten/curry_west/2020
FOD-1378	カシミール			飲食店	カレー	食べログ カレー 百名店 2020	大阪府					大阪府 北浜駅			https://tabelog.com/osaka/A2701/A270102/27003694/		未確認				46232	店舗照合済	食べログ 百名店 2020 / カレー WEST / Tabelog ID 27003694 / https://award.tabelog.com/hyakumeiten/curry_west/2020
FOD-1379	スパイスカリー 大陸			飲食店	カレー	食べログ カレー 百名店 2020	大阪府					大阪府 新福島駅			https://tabelog.com/osaka/A2701/A270108/27093666/		未確認				46232	店舗照合済	食べログ 百名店 2020 / カレー WEST / Tabelog ID 27093666 / https://award.tabelog.com/hyakumeiten/curry_west/2020
FOD-1380	アングル			飲食店	カレー	食べログ カレー 百名店 2020	兵庫県					兵庫県 塚口（阪急）駅			https://tabelog.com/hyogo/A2803/A280304/28000142/		未確認				46232	店舗照合済	食べログ 百名店 2020 / カレー WEST / Tabelog ID 28000142 / https://award.tabelog.com/hyakumeiten/curry_west/2020
FOD-1381	スパイス食堂 ニッキ			飲食店	カレー	食べログ カレー 百名店 2020	大阪府					大阪府 西大橋駅			https://tabelog.com/osaka/A2701/A270106/27093085/		未確認				46232	店舗照合済	食べログ 百名店 2020 / カレー WEST / Tabelog ID 27093085 / https://award.tabelog.com/hyakumeiten/curry_west/2020
FOD-1382	ナヤ インディア ヌール			飲食店	カレー	食べログ カレー 百名店 2020	京都府					京都府 鞍馬口駅			https://tabelog.com/kyoto/A2601/A260503/26021825/		未確認				46232	店舗照合済	食べログ 百名店 2020 / カレー WEST / Tabelog ID 26021825 / https://award.tabelog.com/hyakumeiten/curry_west/2020
FOD-1383	インド食堂TADKA			飲食店	カレー	食べログ カレー 百名店 2020	京都府					京都府 烏丸御池駅			https://tabelog.com/kyoto/A2601/A260202/26019333/		未確認				46232	店舗照合済	食べログ 百名店 2020 / カレー WEST / Tabelog ID 26019333 / https://award.tabelog.com/hyakumeiten/curry_west/2020
FOD-1384	ラーマ			飲食店	カレー	食べログ カレー 百名店 2020	大阪府					大阪府 中之島駅			https://tabelog.com/osaka/A2701/A270105/27089469/		未確認				46232	店舗照合済	食べログ 百名店 2020 / カレー WEST / Tabelog ID 27089469 / https://award.tabelog.com/hyakumeiten/curry_west/2020
FOD-1385	コロンビア エイト 北浜本店			飲食店	カレー	食べログ カレー 百名店 2020	大阪府					大阪府 北浜駅			https://tabelog.com/osaka/A2701/A270102/27015618/		未確認				46232	店舗照合済	食べログ 百名店 2020 / カレー WEST / Tabelog ID 27015618 / https://award.tabelog.com/hyakumeiten/curry_west/2020
FOD-1386	定食堂 金剛石			飲食店	カレー	食べログ カレー 百名店 2020	大阪府					大阪府 松屋町駅			https://tabelog.com/osaka/A2701/A270204/27097683/		未確認				46232	店舗照合済	食べログ 百名店 2020 / カレー WEST / Tabelog ID 27097683 / https://award.tabelog.com/hyakumeiten/curry_west/2020
FOD-1387	バンブルビー			飲食店	カレー	食べログ カレー 百名店 2020	大阪府					大阪府 本町駅			https://tabelog.com/osaka/A2701/A270106/27007862/		未確認				46232	店舗照合済	食べログ 百名店 2020 / カレー WEST / Tabelog ID 27007862 / https://award.tabelog.com/hyakumeiten/curry_west/2020
FOD-1388	ザエカ			飲食店	カレー	食べログ カレー 百名店 2020	福岡県					福岡県 赤坂駅			https://tabelog.com/fukuoka/A4001/A400104/40005367/		未確認				46232	店舗照合済	食べログ 百名店 2020 / カレー WEST / Tabelog ID 40005367 / https://award.tabelog.com/hyakumeiten/curry_west/2020
FOD-1389	さぼてん食堂			飲食店	カレー	食べログ カレー 百名店 2020	大阪府					大阪府 肥後橋駅			https://tabelog.com/osaka/A2701/A270102/27080580/		未確認				46232	店舗照合済	食べログ 百名店 2020 / カレー WEST / Tabelog ID 27080580 / https://award.tabelog.com/hyakumeiten/curry_west/2020
FOD-1390	カルダモン．			飲食店	カレー	食べログ カレー 百名店 2020	大阪府					大阪府 天神橋筋六丁目駅			https://tabelog.com/osaka/A2701/A270103/27004332/		未確認				46232	店舗照合済	食べログ 百名店 2020 / カレー WEST / Tabelog ID 27004332 / https://award.tabelog.com/hyakumeiten/curry_west/2020
FOD-1391	創作カレー ツキノワ			飲食店	カレー	食べログ カレー 百名店 2020	大阪府					大阪府 松屋町駅			https://tabelog.com/osaka/A2701/A270106/27092078/		未確認				46232	店舗照合済	食べログ 百名店 2020 / カレー WEST / Tabelog ID 27092078 / https://award.tabelog.com/hyakumeiten/curry_west/2020
FOD-1392	106 サウスインディアン 福岡天神店			飲食店	カレー	食べログ カレー 百名店 2020	福岡県					福岡県 西鉄福岡（天神）駅			https://tabelog.com/fukuoka/A4001/A400103/40041110/		未確認				46232	店舗照合済	食べログ 百名店 2020 / カレー WEST / Tabelog ID 40041110 / https://award.tabelog.com/hyakumeiten/curry_west/2020
FOD-1393	辛激屋			飲食店	カレー	食べログ カレー 百名店 2020	大阪府					大阪府 長堀橋駅			https://tabelog.com/osaka/A2701/A270201/27011492/		未確認				46232	店舗照合済	食べログ 百名店 2020 / カレー WEST / Tabelog ID 27011492 / https://award.tabelog.com/hyakumeiten/curry_west/2020
FOD-1394	カレーや デッカオ			飲食店	カレー	食べログ カレー 百名店 2020	大阪府					大阪府 心斎橋駅			https://tabelog.com/osaka/A2701/A270201/27091309/		未確認				46232	店舗照合済	食べログ 百名店 2020 / カレー WEST / Tabelog ID 27091309 / https://award.tabelog.com/hyakumeiten/curry_west/2020
FOD-1395	ヌワラ カデ			飲食店	カレー	食べログ カレー 百名店 2020	大阪府					大阪府 阿波座駅			https://tabelog.com/osaka/A2701/A270105/27085952/		未確認				46232	店舗照合済	食べログ 百名店 2020 / カレー WEST / Tabelog ID 27085952 / https://award.tabelog.com/hyakumeiten/curry_west/2020
FOD-1396	辛来飯			飲食店	カレー	食べログ カレー 百名店 2020	大阪府					大阪府 堺筋本町駅			https://tabelog.com/osaka/A2701/A270106/27000068/		未確認				46232	店舗照合済	食べログ 百名店 2020 / カレー WEST / Tabelog ID 27000068 / https://award.tabelog.com/hyakumeiten/curry_west/2020
FOD-1397	東方遊酒菜ヌワラエリヤ			飲食店	カレー	食べログ カレー 百名店 2020	福岡県					福岡県 赤坂駅			https://tabelog.com/fukuoka/A4001/A400104/40000407/		未確認				46232	店舗照合済	食べログ 百名店 2020 / カレー WEST / Tabelog ID 40000407 / https://award.tabelog.com/hyakumeiten/curry_west/2020
FOD-1398	ラッキーガーデン			飲食店	カレー	食べログ カレー 百名店 2020	奈良県					奈良県 生駒市			https://tabelog.com/nara/A2902/A290201/29000010/		未確認				46232	店舗照合済	食べログ 百名店 2020 / カレー WEST / Tabelog ID 29000010 / https://award.tabelog.com/hyakumeiten/curry_west/2020
FOD-1399	月と亀			飲食店	カレー	食べログ カレー 百名店 2020	福岡県					福岡県 朝倉市			https://tabelog.com/fukuoka/A4008/A400802/40036916/		未確認				46232	店舗照合済	食べログ 百名店 2020 / カレー WEST / Tabelog ID 40036916 / https://award.tabelog.com/hyakumeiten/curry_west/2020
FOD-1400	ロッダグループ			飲食店	カレー	食べログ カレー 百名店 2020	大阪府					大阪府 ドーム前千代崎駅			https://tabelog.com/osaka/A2701/A270401/27056190/		未確認				46232	店舗照合済	食べログ 百名店 2020 / カレー WEST / Tabelog ID 27056190 / https://award.tabelog.com/hyakumeiten/curry_west/2020
FOD-1401	カシミール			飲食店	カレー	食べログ カレー 百名店 2020	富山県					富山県 射水市			https://tabelog.com/toyama/A1604/A160401/16000629/		未確認				46232	店舗照合済	食べログ 百名店 2020 / カレー WEST / Tabelog ID 16000629 / https://award.tabelog.com/hyakumeiten/curry_west/2020
FOD-1402	Ghar			飲食店	カレー	食べログ カレー 百名店 2020	大阪府					大阪府 肥後橋駅			https://tabelog.com/osaka/A2701/A270102/27066220/		未確認				46232	店舗照合済	食べログ 百名店 2020 / カレー WEST / Tabelog ID 27066220 / https://award.tabelog.com/hyakumeiten/curry_west/2020
FOD-1403	アララギ			飲食店	カレー	食べログ カレー 百名店 2020	大阪府					大阪府 松屋町駅			https://tabelog.com/osaka/A2701/A270204/27053896/		未確認				46232	店舗照合済	食べログ 百名店 2020 / カレー WEST / Tabelog ID 27053896 / https://award.tabelog.com/hyakumeiten/curry_west/2020
FOD-1404	あいまい			飲食店	カレー	食べログ カレー 百名店 2020	大阪府					大阪府 大阪天満宮駅			https://tabelog.com/osaka/A2701/A270103/27082162/		未確認				46232	店舗照合済	食べログ 百名店 2020 / カレー WEST / Tabelog ID 27082162 / https://award.tabelog.com/hyakumeiten/curry_west/2020
FOD-1405	レベルカレー			飲食店	カレー	食べログ カレー 百名店 2020	大阪府					大阪府 本町駅			https://tabelog.com/osaka/A2701/A270106/27082257/		未確認				46232	店舗照合済	食べログ 百名店 2020 / カレー WEST / Tabelog ID 27082257 / https://award.tabelog.com/hyakumeiten/curry_west/2020
FOD-1406	森林食堂			飲食店	カレー	食べログ カレー 百名店 2020	京都府					京都府 二条駅			https://tabelog.com/kyoto/A2601/A260203/26020410/		未確認				46232	店舗照合済	食べログ 百名店 2020 / カレー WEST / Tabelog ID 26020410 / https://award.tabelog.com/hyakumeiten/curry_west/2020
FOD-1407	ポンガラカレー 阪急サン広場店			飲食店	カレー	食べログ カレー 百名店 2020	大阪府					大阪府 梅田駅			https://tabelog.com/osaka/A2701/A270101/27091267/		未確認				46232	店舗照合済	食べログ 百名店 2020 / カレー WEST / Tabelog ID 27091267 / https://award.tabelog.com/hyakumeiten/curry_west/2020
FOD-1408	アンナプルナ			飲食店	カレー	食べログ カレー 百名店 2020	大阪府					大阪府 大阪天満宮駅			https://tabelog.com/osaka/A2701/A270103/27042046/		未確認				46232	店舗照合済	食べログ 百名店 2020 / カレー WEST / Tabelog ID 27042046 / https://award.tabelog.com/hyakumeiten/curry_west/2020
FOD-1409	Tiki			飲食店	カレー	食べログ カレー 百名店 2020	福岡県					福岡県 天神南駅			https://tabelog.com/fukuoka/A4001/A400103/40032551/		未確認				46232	店舗照合済	食べログ 百名店 2020 / カレー WEST / Tabelog ID 40032551 / https://award.tabelog.com/hyakumeiten/curry_west/2020
FOD-1410	シンズキッチン			飲食店	カレー	食べログ カレー 百名店 2020	大阪府					大阪府 近鉄日本橋駅			https://tabelog.com/osaka/A2701/A270202/27044516/		未確認				46232	店舗照合済	食べログ 百名店 2020 / カレー WEST / Tabelog ID 27044516 / https://award.tabelog.com/hyakumeiten/curry_west/2020
FOD-1411	ガネーシュ N 大阪天満宮店			飲食店	カレー	食べログ カレー 百名店 2020	大阪府					大阪府 大阪天満宮駅			https://tabelog.com/osaka/A2701/A270103/27065938/		未確認				46232	店舗照合済	食べログ 百名店 2020 / カレー WEST / Tabelog ID 27065938 / https://award.tabelog.com/hyakumeiten/curry_west/2020
FOD-1412	インド料理 ショナ・ルパ			飲食店	カレー	食べログ カレー 百名店 2020	兵庫県					兵庫県 神戸三宮（阪急）駅			https://tabelog.com/hyogo/A2801/A280101/28000424/		未確認				46232	店舗照合済	食べログ 百名店 2020 / カレー WEST / Tabelog ID 28000424 / https://award.tabelog.com/hyakumeiten/curry_west/2020
FOD-1413	カマル			飲食店	カレー	食べログ カレー 百名店 2020	京都府					京都府 烏丸御池駅			https://tabelog.com/kyoto/A2601/A260202/26019639/		未確認				46232	店舗照合済	食べログ 百名店 2020 / カレー WEST / Tabelog ID 26019639 / https://award.tabelog.com/hyakumeiten/curry_west/2020
FOD-1414	はつね			ラーメン店	ラーメン	食べログ ラーメン 百名店 2020	東京都					東京都 西荻窪駅			https://tabelog.com/tokyo/A1319/A131907/13000717/		未確認				46232	店舗照合済	食べログ 百名店 2020 / ラーメン TOKYO / Tabelog ID 13000717 / https://award.tabelog.com/hyakumeiten/ramen_tokyo/2020
FOD-1415	竹末東京Premium			ラーメン店	ラーメン	食べログ ラーメン 百名店 2020	東京都					東京都 押上駅			https://tabelog.com/tokyo/A1312/A131203/13167920/		未確認				46232	店舗照合済	食べログ 百名店 2020 / ラーメン TOKYO / Tabelog ID 13167920 / https://award.tabelog.com/hyakumeiten/ramen_tokyo/2020
FOD-1416	八雲			ラーメン店	ラーメン	食べログ ラーメン 百名店 2020	東京都					東京都 池尻大橋駅			https://tabelog.com/tokyo/A1317/A131705/13204333/		未確認				46232	店舗照合済	食べログ 百名店 2020 / ラーメン TOKYO / Tabelog ID 13204333 / https://award.tabelog.com/hyakumeiten/ramen_tokyo/2020
FOD-1417	迂直			ラーメン店	ラーメン	食べログ ラーメン 百名店 2020	東京都					東京都 荻窪駅			https://tabelog.com/tokyo/A1319/A131906/13229952/		未確認				46232	店舗照合済	食べログ 百名店 2020 / ラーメン TOKYO / Tabelog ID 13229952 / https://award.tabelog.com/hyakumeiten/ramen_tokyo/2020
FOD-1418	神保町 黒須			ラーメン店	ラーメン	食べログ ラーメン 百名店 2020	東京都					東京都 神保町駅			https://tabelog.com/tokyo/A1310/A131003/13201888/		未確認				46232	店舗照合済	食べログ 百名店 2020 / ラーメン TOKYO / Tabelog ID 13201888 / https://award.tabelog.com/hyakumeiten/ramen_tokyo/2020
FOD-1419	らぁめん小池			ラーメン店	ラーメン	食べログ ラーメン 百名店 2020	東京都					東京都 上北沢駅			https://tabelog.com/tokyo/A1318/A131809/13172994/		未確認				46232	店舗照合済	食べログ 百名店 2020 / ラーメン TOKYO / Tabelog ID 13172994 / https://award.tabelog.com/hyakumeiten/ramen_tokyo/2020
FOD-1420	MENSHO			ラーメン店	ラーメン	食べログ ラーメン 百名店 2020	東京都					東京都 護国寺駅			https://tabelog.com/tokyo/A1323/A132302/13203848/		未確認				46232	店舗照合済	食べログ 百名店 2020 / ラーメン TOKYO / Tabelog ID 13203848 / https://award.tabelog.com/hyakumeiten/ramen_tokyo/2020
FOD-1421	中華そば うお青			ラーメン店	ラーメン	食べログ ラーメン 百名店 2020	東京都					東京都 万願寺駅			https://tabelog.com/tokyo/A1329/A132903/13229181/		未確認				46232	店舗照合済	食べログ 百名店 2020 / ラーメン TOKYO / Tabelog ID 13229181 / https://award.tabelog.com/hyakumeiten/ramen_tokyo/2020
FOD-1422	クラム＆ボニート 貝節麺ライク			ラーメン店	ラーメン	食べログ ラーメン 百名店 2020	東京都					東京都 方南町駅			https://tabelog.com/tokyo/A1319/A131903/13219341/		未確認				46232	店舗照合済	食べログ 百名店 2020 / ラーメン TOKYO / Tabelog ID 13219341 / https://award.tabelog.com/hyakumeiten/ramen_tokyo/2020
FOD-1423	喜楽			ラーメン店	ラーメン	食べログ ラーメン 百名店 2020	東京都					東京都 神泉駅			https://tabelog.com/tokyo/A1303/A130301/13001705/		未確認				46232	店舗照合済	食べログ 百名店 2020 / ラーメン TOKYO / Tabelog ID 13001705 / https://award.tabelog.com/hyakumeiten/ramen_tokyo/2020
FOD-1424	中華そば 多賀野			ラーメン店	ラーメン	食べログ ラーメン 百名店 2020	東京都					東京都 荏原中延駅			https://tabelog.com/tokyo/A1317/A131712/13003421/		未確認				46232	店舗照合済	食べログ 百名店 2020 / ラーメン TOKYO / Tabelog ID 13003421 / https://award.tabelog.com/hyakumeiten/ramen_tokyo/2020
FOD-1425	ほっこり中華そば もつけ			ラーメン店	ラーメン	食べログ ラーメン 百名店 2020	東京都					東京都 八王子駅			https://tabelog.com/tokyo/A1329/A132904/13192847/		未確認				46232	店舗照合済	食べログ 百名店 2020 / ラーメン TOKYO / Tabelog ID 13192847 / https://award.tabelog.com/hyakumeiten/ramen_tokyo/2020
FOD-1426	新橋 纏			ラーメン店	ラーメン	食べログ ラーメン 百名店 2020	東京都					東京都 新橋駅			https://tabelog.com/tokyo/A1301/A130103/13156937/		未確認				46232	店舗照合済	食べログ 百名店 2020 / ラーメン TOKYO / Tabelog ID 13156937 / https://award.tabelog.com/hyakumeiten/ramen_tokyo/2020
FOD-1427	食堂七彩			ラーメン店	ラーメン	食べログ ラーメン 百名店 2020	東京都					東京都 都立家政駅			https://tabelog.com/tokyo/A1321/A132104/13145418/		未確認				46232	店舗照合済	食べログ 百名店 2020 / ラーメン TOKYO / Tabelog ID 13145418 / https://award.tabelog.com/hyakumeiten/ramen_tokyo/2020
FOD-1428	月曜日は煮干rabo			ラーメン店	ラーメン	食べログ ラーメン 百名店 2020	東京都					東京都 永福町駅			https://tabelog.com/tokyo/A1318/A131805/13229593/		未確認				46232	店舗照合済	食べログ 百名店 2020 / ラーメン TOKYO / Tabelog ID 13229593 / https://award.tabelog.com/hyakumeiten/ramen_tokyo/2020
FOD-1429	麺庵ちとせ			ラーメン店	ラーメン	食べログ ラーメン 百名店 2020	東京都					東京都 若松河田駅			https://tabelog.com/tokyo/A1305/A130504/13182327/		未確認				46232	店舗照合済	食べログ 百名店 2020 / ラーメン TOKYO / Tabelog ID 13182327 / https://award.tabelog.com/hyakumeiten/ramen_tokyo/2020
FOD-1430	麺処 篠はら			ラーメン店	ラーメン	食べログ ラーメン 百名店 2020	東京都					東京都 要町駅			https://tabelog.com/tokyo/A1322/A132202/13188419/		未確認				46232	店舗照合済	食べログ 百名店 2020 / ラーメン TOKYO / Tabelog ID 13188419 / https://award.tabelog.com/hyakumeiten/ramen_tokyo/2020
FOD-1431	麺屋 翔 本店			ラーメン店	ラーメン	食べログ ラーメン 百名店 2020	東京都					東京都 西武新宿駅			https://tabelog.com/tokyo/A1304/A130401/13040181/		未確認				46232	店舗照合済	食べログ 百名店 2020 / ラーメン TOKYO / Tabelog ID 13040181 / https://award.tabelog.com/hyakumeiten/ramen_tokyo/2020
FOD-1432	煮干そば 流。			ラーメン店	ラーメン	食べログ ラーメン 百名店 2020	東京都					東京都 十条駅			https://tabelog.com/tokyo/A1323/A132304/13175140/		未確認				46232	店舗照合済	食べログ 百名店 2020 / ラーメン TOKYO / Tabelog ID 13175140 / https://award.tabelog.com/hyakumeiten/ramen_tokyo/2020
FOD-1433	超純水採麺 天国屋			ラーメン店	ラーメン	食べログ ラーメン 百名店 2020	東京都					東京都 町田市			https://tabelog.com/tokyo/A1327/A132701/13162732/		未確認				46232	店舗照合済	食べログ 百名店 2020 / ラーメン TOKYO / Tabelog ID 13162732 / https://award.tabelog.com/hyakumeiten/ramen_tokyo/2020
FOD-1434	中華そば屋 伊藤			ラーメン店	ラーメン	食べログ ラーメン 百名店 2020	東京都					東京都 王子神谷駅			https://tabelog.com/tokyo/A1323/A132304/13008779/		未確認				46232	店舗照合済	食べログ 百名店 2020 / ラーメン TOKYO / Tabelog ID 13008779 / https://award.tabelog.com/hyakumeiten/ramen_tokyo/2020
FOD-1435	四川担担麺 阿吽 湯島本店			ラーメン店	ラーメン	食べログ ラーメン 百名店 2020	東京都					東京都 湯島駅			https://tabelog.com/tokyo/A1311/A131101/13042564/		未確認				46232	店舗照合済	食べログ 百名店 2020 / ラーメン TOKYO / Tabelog ID 13042564 / https://award.tabelog.com/hyakumeiten/ramen_tokyo/2020
FOD-1436	麺 みつヰ			ラーメン店	ラーメン	食べログ ラーメン 百名店 2020	東京都					東京都 浅草（つくばＥＸＰ）駅			https://tabelog.com/tokyo/A1311/A131102/13203387/		未確認				46232	店舗照合済	食べログ 百名店 2020 / ラーメン TOKYO / Tabelog ID 13203387 / https://award.tabelog.com/hyakumeiten/ramen_tokyo/2020
FOD-1437	つけ麺 五ノ神製作所 新宿店			ラーメン店	ラーメン	食べログ ラーメン 百名店 2020	東京都					東京都 新宿三丁目駅			https://tabelog.com/tokyo/A1304/A130401/13120708/		未確認				46232	店舗照合済	食べログ 百名店 2020 / ラーメン TOKYO / Tabelog ID 13120708 / https://award.tabelog.com/hyakumeiten/ramen_tokyo/2020
FOD-1438	麺屋吉左右			ラーメン店	ラーメン	食べログ ラーメン 百名店 2020	東京都					東京都 木場駅			https://tabelog.com/tokyo/A1313/A131303/13021140/		未確認				46232	店舗照合済	食べログ 百名店 2020 / ラーメン TOKYO / Tabelog ID 13021140 / https://award.tabelog.com/hyakumeiten/ramen_tokyo/2020
FOD-1439	ラーメン巌哲			ラーメン店	ラーメン	食べログ ラーメン 百名店 2020	東京都					東京都 早稲田（都電）駅			https://tabelog.com/tokyo/A1305/A130504/13167439/		未確認				46232	店舗照合済	食べログ 百名店 2020 / ラーメン TOKYO / Tabelog ID 13167439 / https://award.tabelog.com/hyakumeiten/ramen_tokyo/2020
FOD-1440	らーめん飛粋			ラーメン店	ラーメン	食べログ ラーメン 百名店 2020	東京都					東京都 蒲田駅			https://tabelog.com/tokyo/A1315/A131503/13217922/		未確認				46232	店舗照合済	食べログ 百名店 2020 / ラーメン TOKYO / Tabelog ID 13217922 / https://award.tabelog.com/hyakumeiten/ramen_tokyo/2020
FOD-1441	ラーメン大至			ラーメン店	ラーメン	食べログ ラーメン 百名店 2020	東京都					東京都 御茶ノ水駅			https://tabelog.com/tokyo/A1310/A131002/13042832/		未確認				46232	店舗照合済	食べログ 百名店 2020 / ラーメン TOKYO / Tabelog ID 13042832 / https://award.tabelog.com/hyakumeiten/ramen_tokyo/2020
FOD-1442	麺や 七彩			ラーメン店	ラーメン	食べログ ラーメン 百名店 2020	東京都					東京都 八丁堀駅			https://tabelog.com/tokyo/A1302/A130203/13184399/		未確認				46232	店舗照合済	食べログ 百名店 2020 / ラーメン TOKYO / Tabelog ID 13184399 / https://award.tabelog.com/hyakumeiten/ramen_tokyo/2020
FOD-1443	銀座 八五			ラーメン店	ラーメン	食べログ ラーメン 百名店 2020	東京都					東京都 東銀座駅			https://tabelog.com/tokyo/A1301/A130101/13228602/		未確認				46232	店舗照合済	食べログ 百名店 2020 / ラーメン TOKYO / Tabelog ID 13228602 / https://award.tabelog.com/hyakumeiten/ramen_tokyo/2020
FOD-1444	SOBA HOUSE 金色不如帰 新宿御苑本店			ラーメン店	ラーメン	食べログ ラーメン 百名店 2020	東京都					東京都 新宿御苑前駅			https://tabelog.com/tokyo/A1304/A130402/13222172/		未確認				46232	店舗照合済	食べログ 百名店 2020 / ラーメン TOKYO / Tabelog ID 13222172 / https://award.tabelog.com/hyakumeiten/ramen_tokyo/2020
FOD-1445	中華そば ふくみみ			ラーメン店	ラーメン	食べログ ラーメン 百名店 2020	東京都					東京都 分倍河原駅			https://tabelog.com/tokyo/A1326/A132602/13016486/		未確認				46232	店舗照合済	食べログ 百名店 2020 / ラーメン TOKYO / Tabelog ID 13016486 / https://award.tabelog.com/hyakumeiten/ramen_tokyo/2020
FOD-1446	RAMEN GOTTSU			ラーメン店	ラーメン	食べログ ラーメン 百名店 2020	東京都					東京都 練馬駅			https://tabelog.com/tokyo/A1321/A132102/13153294/		未確認				46232	店舗照合済	食べログ 百名店 2020 / ラーメン TOKYO / Tabelog ID 13153294 / https://award.tabelog.com/hyakumeiten/ramen_tokyo/2020
FOD-1447	つけ麺 道			ラーメン店	ラーメン	食べログ ラーメン 百名店 2020	東京都					東京都 亀有駅			https://tabelog.com/tokyo/A1324/A132403/13094595/		未確認				46232	店舗照合済	食べログ 百名店 2020 / ラーメン TOKYO / Tabelog ID 13094595 / https://award.tabelog.com/hyakumeiten/ramen_tokyo/2020
FOD-1448	中華そば　堀川			ラーメン店	ラーメン	食べログ ラーメン 百名店 2020	東京都					東京都 自由が丘駅			https://tabelog.com/tokyo/A1317/A131703/13243173/		未確認				46232	店舗照合済	食べログ 百名店 2020 / ラーメン TOKYO / Tabelog ID 13243173 / https://award.tabelog.com/hyakumeiten/ramen_tokyo/2020
FOD-1449	鶏そば  ムタヒロ 2号店			ラーメン店	ラーメン	食べログ ラーメン 百名店 2020	東京都					東京都 国分寺駅			https://tabelog.com/tokyo/A1325/A132502/13147068/		未確認				46232	店舗照合済	食べログ 百名店 2020 / ラーメン TOKYO / Tabelog ID 13147068 / https://award.tabelog.com/hyakumeiten/ramen_tokyo/2020
FOD-1450	RAMEN CiQUE			ラーメン店	ラーメン	食べログ ラーメン 百名店 2020	東京都					東京都 南阿佐ケ谷駅			https://tabelog.com/tokyo/A1319/A131905/13048520/		未確認				46232	店舗照合済	食べログ 百名店 2020 / ラーメン TOKYO / Tabelog ID 13048520 / https://award.tabelog.com/hyakumeiten/ramen_tokyo/2020
FOD-1451	煮干鰮らーめん 圓 八王子本店			ラーメン店	ラーメン	食べログ ラーメン 百名店 2020	東京都					東京都 京王八王子駅			https://tabelog.com/tokyo/A1329/A132904/13091258/		未確認				46232	店舗照合済	食べログ 百名店 2020 / ラーメン TOKYO / Tabelog ID 13091258 / https://award.tabelog.com/hyakumeiten/ramen_tokyo/2020
FOD-1452	勝本 水道橋店			ラーメン店	ラーメン	食べログ ラーメン 百名店 2020	東京都					東京都 水道橋駅			https://tabelog.com/tokyo/A1310/A131003/13179757/		未確認				46232	店舗照合済	食べログ 百名店 2020 / ラーメン TOKYO / Tabelog ID 13179757 / https://award.tabelog.com/hyakumeiten/ramen_tokyo/2020
FOD-1453	手打式超多加水麺 ののくら			ラーメン店	ラーメン	食べログ ラーメン 百名店 2020	東京都					東京都 亀有駅			https://tabelog.com/tokyo/A1324/A132403/13215713/		未確認				46232	店舗照合済	食べログ 百名店 2020 / ラーメン TOKYO / Tabelog ID 13215713 / https://award.tabelog.com/hyakumeiten/ramen_tokyo/2020
FOD-1454	中華そば べんてん			ラーメン店	ラーメン	食べログ ラーメン 百名店 2020	東京都					東京都 地下鉄成増駅			https://tabelog.com/tokyo/A1322/A132204/13200351/		未確認				46232	店舗照合済	食べログ 百名店 2020 / ラーメン TOKYO / Tabelog ID 13200351 / https://award.tabelog.com/hyakumeiten/ramen_tokyo/2020
FOD-1455	中華ソバ 伊吹			ラーメン店	ラーメン	食べログ ラーメン 百名店 2020	東京都					東京都 志村坂上駅			https://tabelog.com/tokyo/A1322/A132205/13163874/		未確認				46232	店舗照合済	食べログ 百名店 2020 / ラーメン TOKYO / Tabelog ID 13163874 / https://award.tabelog.com/hyakumeiten/ramen_tokyo/2020
FOD-1456	らぁめん山と樹			ラーメン店	ラーメン	食べログ ラーメン 百名店 2020	東京都					東京都 高円寺駅			https://tabelog.com/tokyo/A1319/A131904/13204607/		未確認				46232	店舗照合済	食べログ 百名店 2020 / ラーメン TOKYO / Tabelog ID 13204607 / https://award.tabelog.com/hyakumeiten/ramen_tokyo/2020
FOD-1457	Ramen　にじゅうぶんのいち			ラーメン店	ラーメン	食べログ ラーメン 百名店 2020	東京都					東京都 東尾久三丁目駅			https://tabelog.com/tokyo/A1324/A132401/13147594/		未確認				46232	店舗照合済	食べログ 百名店 2020 / ラーメン TOKYO / Tabelog ID 13147594 / https://award.tabelog.com/hyakumeiten/ramen_tokyo/2020
FOD-1458	むぎとオリーブ 銀座店			ラーメン店	ラーメン	食べログ ラーメン 百名店 2020	東京都					東京都 東銀座駅			https://tabelog.com/tokyo/A1301/A130101/13164932/		未確認				46232	店舗照合済	食べログ 百名店 2020 / ラーメン TOKYO / Tabelog ID 13164932 / https://award.tabelog.com/hyakumeiten/ramen_tokyo/2020
FOD-1459	宍道湖しじみ中華蕎麦 琥珀			ラーメン店	ラーメン	食べログ ラーメン 百名店 2020	東京都					東京都 雑色駅			https://tabelog.com/tokyo/A1315/A131503/13234195/		未確認				46232	店舗照合済	食べログ 百名店 2020 / ラーメン TOKYO / Tabelog ID 13234195 / https://award.tabelog.com/hyakumeiten/ramen_tokyo/2020
FOD-1460	鶏こく中華 すず喜			ラーメン店	ラーメン	食べログ ラーメン 百名店 2020	東京都					東京都 三鷹駅			https://tabelog.com/tokyo/A1320/A132002/13215409/		未確認				46232	店舗照合済	食べログ 百名店 2020 / ラーメン TOKYO / Tabelog ID 13215409 / https://award.tabelog.com/hyakumeiten/ramen_tokyo/2020
FOD-1461	麺や金時			ラーメン店	ラーメン	食べログ ラーメン 百名店 2020	東京都					東京都 江古田駅			https://tabelog.com/tokyo/A1321/A132101/13139195/		未確認				46232	店舗照合済	食べログ 百名店 2020 / ラーメン TOKYO / Tabelog ID 13139195 / https://award.tabelog.com/hyakumeiten/ramen_tokyo/2020
FOD-1462	神名備			ラーメン店	ラーメン	食べログ ラーメン 百名店 2020	東京都					東京都 西日暮里駅			https://tabelog.com/tokyo/A1311/A131105/13006070/		未確認				46232	店舗照合済	食べログ 百名店 2020 / ラーメン TOKYO / Tabelog ID 13006070 / https://award.tabelog.com/hyakumeiten/ramen_tokyo/2020
FOD-1463	麺屋 さくら井			ラーメン店	ラーメン	食べログ ラーメン 百名店 2020	東京都					東京都 三鷹駅			https://tabelog.com/tokyo/A1320/A132002/13202438/		未確認				46232	店舗照合済	食べログ 百名店 2020 / ラーメン TOKYO / Tabelog ID 13202438 / https://award.tabelog.com/hyakumeiten/ramen_tokyo/2020
FOD-1464	らぁ麺やまぐち			ラーメン店	ラーメン	食べログ ラーメン 百名店 2020	東京都					東京都 面影橋駅			https://tabelog.com/tokyo/A1305/A130504/13151200/		未確認				46232	店舗照合済	食べログ 百名店 2020 / ラーメン TOKYO / Tabelog ID 13151200 / https://award.tabelog.com/hyakumeiten/ramen_tokyo/2020
FOD-1465	かしわぎ			ラーメン店	ラーメン	食べログ ラーメン 百名店 2020	東京都					東京都 東中野駅			https://tabelog.com/tokyo/A1319/A131901/13209326/		未確認				46232	店舗照合済	食べログ 百名店 2020 / ラーメン TOKYO / Tabelog ID 13209326 / https://award.tabelog.com/hyakumeiten/ramen_tokyo/2020
FOD-1466	スパイス・ラー麺 卍力 西葛西店			ラーメン店	ラーメン	食べログ ラーメン 百名店 2020	東京都					東京都 西葛西駅			https://tabelog.com/tokyo/A1313/A131305/13168253/		未確認				46232	店舗照合済	食べログ 百名店 2020 / ラーメン TOKYO / Tabelog ID 13168253 / https://award.tabelog.com/hyakumeiten/ramen_tokyo/2020
FOD-1467	純手打ち だるま			ラーメン店	ラーメン	食べログ ラーメン 百名店 2020	東京都					東京都 中野富士見町駅			https://tabelog.com/tokyo/A1319/A131903/13218715/		未確認				46232	店舗照合済	食べログ 百名店 2020 / ラーメン TOKYO / Tabelog ID 13218715 / https://award.tabelog.com/hyakumeiten/ramen_tokyo/2020
FOD-1468	はやし			ラーメン店	ラーメン	食べログ ラーメン 百名店 2020	東京都					東京都 渋谷駅			https://tabelog.com/tokyo/A1303/A130301/13003367/		未確認				46232	店舗照合済	食べログ 百名店 2020 / ラーメン TOKYO / Tabelog ID 13003367 / https://award.tabelog.com/hyakumeiten/ramen_tokyo/2020
FOD-1469	スープメン			ラーメン店	ラーメン	食べログ ラーメン 百名店 2020	東京都					東京都 ときわ台駅			https://tabelog.com/tokyo/A1322/A132203/13227469/		未確認				46232	店舗照合済	食べログ 百名店 2020 / ラーメン TOKYO / Tabelog ID 13227469 / https://award.tabelog.com/hyakumeiten/ramen_tokyo/2020
FOD-1470	麺処 晴			ラーメン店	ラーメン	食べログ ラーメン 百名店 2020	東京都					東京都 入谷駅			https://tabelog.com/tokyo/A1311/A131104/13143115/		未確認				46232	店舗照合済	食べログ 百名店 2020 / ラーメン TOKYO / Tabelog ID 13143115 / https://award.tabelog.com/hyakumeiten/ramen_tokyo/2020
FOD-1471	田中商店 本店			ラーメン店	ラーメン	食べログ ラーメン 百名店 2020	東京都					東京都 六町駅			https://tabelog.com/tokyo/A1324/A132404/13003726/		未確認				46232	店舗照合済	食べログ 百名店 2020 / ラーメン TOKYO / Tabelog ID 13003726 / https://award.tabelog.com/hyakumeiten/ramen_tokyo/2020
FOD-1472	麺屋 はし本			ラーメン店	ラーメン	食べログ ラーメン 百名店 2020	東京都					東京都 中野駅			https://tabelog.com/tokyo/A1319/A131902/13205769/		未確認				46232	店舗照合済	食べログ 百名店 2020 / ラーメン TOKYO / Tabelog ID 13205769 / https://award.tabelog.com/hyakumeiten/ramen_tokyo/2020
FOD-1473	キング製麺			ラーメン店	ラーメン	食べログ ラーメン 百名店 2020	東京都					東京都 王子駅前駅			https://tabelog.com/tokyo/A1323/A132303/13232817/		未確認				46232	店舗照合済	食べログ 百名店 2020 / ラーメン TOKYO / Tabelog ID 13232817 / https://award.tabelog.com/hyakumeiten/ramen_tokyo/2020
FOD-1474	麺処 しろくろ			ラーメン店	ラーメン	食べログ ラーメン 百名店 2020	東京都					東京都 八幡山駅			https://tabelog.com/tokyo/A1318/A131809/13242508/		未確認				46232	店舗照合済	食べログ 百名店 2020 / ラーメン TOKYO / Tabelog ID 13242508 / https://award.tabelog.com/hyakumeiten/ramen_tokyo/2020
FOD-1475	銀座 朧月			ラーメン店	ラーメン	食べログ ラーメン 百名店 2020	東京都					東京都 銀座駅			https://tabelog.com/tokyo/A1301/A130101/13118141/		未確認				46232	店舗照合済	食べログ 百名店 2020 / ラーメン TOKYO / Tabelog ID 13118141 / https://award.tabelog.com/hyakumeiten/ramen_tokyo/2020
FOD-1476	饗 くろ喜			ラーメン店	ラーメン	食べログ ラーメン 百名店 2020	東京都					東京都 浅草橋駅			https://tabelog.com/tokyo/A1310/A131001/13127743/		未確認				46232	店舗照合済	食べログ 百名店 2020 / ラーメン TOKYO / Tabelog ID 13127743 / https://award.tabelog.com/hyakumeiten/ramen_tokyo/2020
FOD-1477	麺処 ほん田 秋葉原本店			ラーメン店	ラーメン	食べログ ラーメン 百名店 2020	東京都					東京都 秋葉原駅			https://tabelog.com/tokyo/A1310/A131001/13246285/		未確認				46232	店舗照合済	食べログ 百名店 2020 / ラーメン TOKYO / Tabelog ID 13246285 / https://award.tabelog.com/hyakumeiten/ramen_tokyo/2020
FOD-1478	自家製中華そば としおか			ラーメン店	ラーメン	食べログ ラーメン 百名店 2020	東京都					東京都 早稲田（メトロ）駅			https://tabelog.com/tokyo/A1305/A130504/13182315/		未確認				46232	店舗照合済	食べログ 百名店 2020 / ラーメン TOKYO / Tabelog ID 13182315 / https://award.tabelog.com/hyakumeiten/ramen_tokyo/2020
FOD-1479	中華そば 西川			ラーメン店	ラーメン	食べログ ラーメン 百名店 2020	東京都					東京都 千歳船橋駅			https://tabelog.com/tokyo/A1318/A131813/13213036/		未確認				46232	店舗照合済	食べログ 百名店 2020 / ラーメン TOKYO / Tabelog ID 13213036 / https://award.tabelog.com/hyakumeiten/ramen_tokyo/2020
FOD-1480	創作麺工房 鳴龍			ラーメン店	ラーメン	食べログ ラーメン 百名店 2020	東京都					東京都 新大塚駅			https://tabelog.com/tokyo/A1323/A132302/13141302/		未確認				46232	店舗照合済	食べログ 百名店 2020 / ラーメン TOKYO / Tabelog ID 13141302 / https://award.tabelog.com/hyakumeiten/ramen_tokyo/2020
FOD-1481	麺屋ひょっとこ 交通会館店			ラーメン店	ラーメン	食べログ ラーメン 百名店 2020	東京都					東京都 有楽町駅			https://tabelog.com/tokyo/A1301/A130102/13046637/		未確認				46232	店舗照合済	食べログ 百名店 2020 / ラーメン TOKYO / Tabelog ID 13046637 / https://award.tabelog.com/hyakumeiten/ramen_tokyo/2020
FOD-1482	麺屋 Hulu-lu			ラーメン店	ラーメン	食べログ ラーメン 百名店 2020	東京都					東京都 池袋駅			https://tabelog.com/tokyo/A1305/A130501/13136428/		未確認				46232	店舗照合済	食べログ 百名店 2020 / ラーメン TOKYO / Tabelog ID 13136428 / https://award.tabelog.com/hyakumeiten/ramen_tokyo/2020
FOD-1483	麺処 びぎ屋			ラーメン店	ラーメン	食べログ ラーメン 百名店 2020	東京都					東京都 学芸大学駅			https://tabelog.com/tokyo/A1317/A131702/13093976/		未確認				46232	店舗照合済	食べログ 百名店 2020 / ラーメン TOKYO / Tabelog ID 13093976 / https://award.tabelog.com/hyakumeiten/ramen_tokyo/2020
FOD-1484	らーめん改			ラーメン店	ラーメン	食べログ ラーメン 百名店 2020	東京都					東京都 蔵前駅			https://tabelog.com/tokyo/A1311/A131103/13191776/		未確認				46232	店舗照合済	食べログ 百名店 2020 / ラーメン TOKYO / Tabelog ID 13191776 / https://award.tabelog.com/hyakumeiten/ramen_tokyo/2020
FOD-1485	中華そば 児ノ木			ラーメン店	ラーメン	食べログ ラーメン 百名店 2020	東京都					東京都 落合駅			https://tabelog.com/tokyo/A1319/A131901/13154006/		未確認				46232	店舗照合済	食べログ 百名店 2020 / ラーメン TOKYO / Tabelog ID 13154006 / https://award.tabelog.com/hyakumeiten/ramen_tokyo/2020
FOD-1486	青島食堂 秋葉原店			ラーメン店	ラーメン	食べログ ラーメン 百名店 2020	東京都					東京都 岩本町駅			https://tabelog.com/tokyo/A1310/A131001/13094776/		未確認				46232	店舗照合済	食べログ 百名店 2020 / ラーメン TOKYO / Tabelog ID 13094776 / https://award.tabelog.com/hyakumeiten/ramen_tokyo/2020
FOD-1487	ラーメン二郎 三田本店			ラーメン店	ラーメン	食べログ ラーメン 百名店 2020	東京都					東京都 三田駅			https://tabelog.com/tokyo/A1314/A131402/13006051/		未確認				46232	店舗照合済	食べログ 百名店 2020 / ラーメン TOKYO / Tabelog ID 13006051 / https://award.tabelog.com/hyakumeiten/ramen_tokyo/2020
FOD-1488	中華そば 和渦 TOKYO			ラーメン店	ラーメン	食べログ ラーメン 百名店 2020	東京都					東京都 北品川駅			https://tabelog.com/tokyo/A1314/A131405/13233678/		未確認				46232	店舗照合済	食べログ 百名店 2020 / ラーメン TOKYO / Tabelog ID 13233678 / https://award.tabelog.com/hyakumeiten/ramen_tokyo/2020
FOD-1489	ラーメン屋 トイ・ボックス			ラーメン店	ラーメン	食べログ ラーメン 百名店 2020	東京都					東京都 三ノ輪橋駅			https://tabelog.com/tokyo/A1324/A132401/13162973/		未確認				46232	店舗照合済	食べログ 百名店 2020 / ラーメン TOKYO / Tabelog ID 13162973 / https://award.tabelog.com/hyakumeiten/ramen_tokyo/2020
FOD-1490	一番いちばん			ラーメン店	ラーメン	食べログ ラーメン 百名店 2020	東京都					東京都 町田駅			https://tabelog.com/tokyo/A1327/A132701/13001469/		未確認				46232	店舗照合済	食べログ 百名店 2020 / ラーメン TOKYO / Tabelog ID 13001469 / https://award.tabelog.com/hyakumeiten/ramen_tokyo/2020
FOD-1491	らーめんMAIKAGURA			ラーメン店	ラーメン	食べログ ラーメン 百名店 2020	東京都					東京都 千歳船橋駅			https://tabelog.com/tokyo/A1318/A131813/13218425/		未確認				46232	店舗照合済	食べログ 百名店 2020 / ラーメン TOKYO / Tabelog ID 13218425 / https://award.tabelog.com/hyakumeiten/ramen_tokyo/2020
FOD-1492	たんたん亭			ラーメン店	ラーメン	食べログ ラーメン 百名店 2020	東京都					東京都 浜田山駅			https://tabelog.com/tokyo/A1318/A131805/13000705/		未確認				46232	店舗照合済	食べログ 百名店 2020 / ラーメン TOKYO / Tabelog ID 13000705 / https://award.tabelog.com/hyakumeiten/ramen_tokyo/2020
FOD-1493	中華そば 満鶏軒			ラーメン店	ラーメン	食べログ ラーメン 百名店 2020	東京都					東京都 錦糸町駅			https://tabelog.com/tokyo/A1312/A131201/13220773/		未確認				46232	店舗照合済	食べログ 百名店 2020 / ラーメン TOKYO / Tabelog ID 13220773 / https://award.tabelog.com/hyakumeiten/ramen_tokyo/2020
FOD-1494	ラーメン 健やか			ラーメン店	ラーメン	食べログ ラーメン 百名店 2020	東京都					東京都 三鷹駅			https://tabelog.com/tokyo/A1320/A132002/13207054/		未確認				46232	店舗照合済	食べログ 百名店 2020 / ラーメン TOKYO / Tabelog ID 13207054 / https://award.tabelog.com/hyakumeiten/ramen_tokyo/2020
FOD-1495	六厘舎			ラーメン店	ラーメン	食べログ ラーメン 百名店 2020	東京都					東京都 東京駅			https://tabelog.com/tokyo/A1302/A130201/13093047/		未確認				46232	店舗照合済	食べログ 百名店 2020 / ラーメン TOKYO / Tabelog ID 13093047 / https://award.tabelog.com/hyakumeiten/ramen_tokyo/2020
FOD-1496	風雲児			ラーメン店	ラーメン	食べログ ラーメン 百名店 2020	東京都					東京都 南新宿駅			https://tabelog.com/tokyo/A1304/A130401/13044091/		未確認				46232	店舗照合済	食べログ 百名店 2020 / ラーメン TOKYO / Tabelog ID 13044091 / https://award.tabelog.com/hyakumeiten/ramen_tokyo/2020
FOD-1497	らぁめん 葉月			ラーメン店	ラーメン	食べログ ラーメン 百名店 2020	東京都					東京都 雪が谷大塚駅			https://tabelog.com/tokyo/A1317/A131714/13008248/		未確認				46232	店舗照合済	食べログ 百名店 2020 / ラーメン TOKYO / Tabelog ID 13008248 / https://award.tabelog.com/hyakumeiten/ramen_tokyo/2020
FOD-1498	中華蕎麦 蘭鋳			ラーメン店	ラーメン	食べログ ラーメン 百名店 2020	東京都					東京都 方南町駅			https://tabelog.com/tokyo/A1319/A131903/13113532/		未確認				46232	店舗照合済	食べログ 百名店 2020 / ラーメン TOKYO / Tabelog ID 13113532 / https://award.tabelog.com/hyakumeiten/ramen_tokyo/2020
FOD-1499	らぁ麺 はやし田 新宿本店			ラーメン店	ラーメン	食べログ ラーメン 百名店 2020	東京都					東京都 新宿三丁目駅			https://tabelog.com/tokyo/A1304/A130401/13216496/		未確認				46232	店舗照合済	食べログ 百名店 2020 / ラーメン TOKYO / Tabelog ID 13216496 / https://award.tabelog.com/hyakumeiten/ramen_tokyo/2020
FOD-1500	寿製麺 よしかわ 西台駅前店			ラーメン店	ラーメン	食べログ ラーメン 百名店 2020	東京都					東京都 西台駅			https://tabelog.com/tokyo/A1322/A132205/13228611/		未確認				46232	店舗照合済	食べログ 百名店 2020 / ラーメン TOKYO / Tabelog ID 13228611 / https://award.tabelog.com/hyakumeiten/ramen_tokyo/2020
FOD-1501	純手打ち 麺と未来			ラーメン店	ラーメン	食べログ ラーメン 百名店 2020	東京都					東京都 下北沢駅			https://tabelog.com/tokyo/A1318/A131802/13221486/		未確認				46232	店舗照合済	食べログ 百名店 2020 / ラーメン TOKYO / Tabelog ID 13221486 / https://award.tabelog.com/hyakumeiten/ramen_tokyo/2020
FOD-1502	メンドコロ キナリ			ラーメン店	ラーメン	食べログ ラーメン 百名店 2020	東京都					東京都 東中野駅			https://tabelog.com/tokyo/A1319/A131901/13221001/		未確認				46232	店舗照合済	食べログ 百名店 2020 / ラーメン TOKYO / Tabelog ID 13221001 / https://award.tabelog.com/hyakumeiten/ramen_tokyo/2020
FOD-1503	町田汁場 しおらーめん進化 本店			ラーメン店	ラーメン	食べログ ラーメン 百名店 2020	東京都					東京都 町田市			https://tabelog.com/tokyo/A1327/A132701/13050023/		未確認				46232	店舗照合済	食べログ 百名店 2020 / ラーメン TOKYO / Tabelog ID 13050023 / https://award.tabelog.com/hyakumeiten/ramen_tokyo/2020
FOD-1504	燦燦斗			ラーメン店	ラーメン	食べログ ラーメン 百名店 2020	東京都					東京都 東十条駅			https://tabelog.com/tokyo/A1323/A132304/13038064/		未確認				46232	店舗照合済	食べログ 百名店 2020 / ラーメン TOKYO / Tabelog ID 13038064 / https://award.tabelog.com/hyakumeiten/ramen_tokyo/2020
FOD-1505	麺屋海神 新宿店			ラーメン店	ラーメン	食べログ ラーメン 百名店 2020	東京都					東京都 新宿駅			https://tabelog.com/tokyo/A1304/A130401/13045287/		未確認				46232	店舗照合済	食べログ 百名店 2020 / ラーメン TOKYO / Tabelog ID 13045287 / https://award.tabelog.com/hyakumeiten/ramen_tokyo/2020
FOD-1506	煮干しつけ麺 宮元			ラーメン店	ラーメン	食べログ ラーメン 百名店 2020	東京都					東京都 蒲田駅			https://tabelog.com/tokyo/A1315/A131503/13180862/		未確認				46232	店舗照合済	食べログ 百名店 2020 / ラーメン TOKYO / Tabelog ID 13180862 / https://award.tabelog.com/hyakumeiten/ramen_tokyo/2020
FOD-1507	八咫烏			ラーメン店	ラーメン	食べログ ラーメン 百名店 2020	東京都					東京都 九段下駅			https://tabelog.com/tokyo/A1309/A130906/13198710/		未確認				46232	店舗照合済	食べログ 百名店 2020 / ラーメン TOKYO / Tabelog ID 13198710 / https://award.tabelog.com/hyakumeiten/ramen_tokyo/2020
FOD-1508	こうかいぼう			ラーメン店	ラーメン	食べログ ラーメン 百名店 2020	東京都					東京都 門前仲町駅			https://tabelog.com/tokyo/A1313/A131303/13005052/		未確認				46232	店舗照合済	食べログ 百名店 2020 / ラーメン TOKYO / Tabelog ID 13005052 / https://award.tabelog.com/hyakumeiten/ramen_tokyo/2020
FOD-1509	麺処 銀笹			ラーメン店	ラーメン	食べログ ラーメン 百名店 2020	東京都					東京都 築地市場駅			https://tabelog.com/tokyo/A1301/A130103/13119563/		未確認				46232	店舗照合済	食べログ 百名店 2020 / ラーメン TOKYO / Tabelog ID 13119563 / https://award.tabelog.com/hyakumeiten/ramen_tokyo/2020
FOD-1510	中華蕎麦にし乃			ラーメン店	ラーメン	食べログ ラーメン 百名店 2020	東京都					東京都 本郷三丁目駅			https://tabelog.com/tokyo/A1310/A131004/13218311/		未確認				46232	店舗照合済	食べログ 百名店 2020 / ラーメン TOKYO / Tabelog ID 13218311 / https://award.tabelog.com/hyakumeiten/ramen_tokyo/2020
FOD-1511	下前商店			ラーメン店	ラーメン	食べログ ラーメン 百名店 2020	神奈川県					神奈川県 元町・中華街駅			https://tabelog.com/kanagawa/A1401/A140105/14011334/		未確認				46232	店舗照合済	食べログ 百名店 2020 / ラーメン EAST / Tabelog ID 14011334 / https://award.tabelog.com/hyakumeiten/ramen_east/2020
FOD-1512	狼スープ			ラーメン店	ラーメン	食べログ ラーメン 百名店 2020	北海道					北海道 中島公園駅			https://tabelog.com/hokkaido/A0101/A010104/1000799/		未確認				46232	店舗照合済	食べログ 百名店 2020 / ラーメン EAST / Tabelog ID 1000799 / https://award.tabelog.com/hyakumeiten/ramen_east/2020
FOD-1513	らーめん いのうえ			ラーメン店	ラーメン	食べログ ラーメン 百名店 2020	神奈川県					神奈川県 尻手駅			https://tabelog.com/kanagawa/A1401/A140210/14054147/		未確認				46232	店舗照合済	食べログ 百名店 2020 / ラーメン EAST / Tabelog ID 14054147 / https://award.tabelog.com/hyakumeiten/ramen_east/2020
FOD-1514	櫻井中華そば店			ラーメン店	ラーメン	食べログ ラーメン 百名店 2020	神奈川県					神奈川県 保土ケ谷駅			https://tabelog.com/kanagawa/A1401/A140301/14068897/		未確認				46232	店舗照合済	食べログ 百名店 2020 / ラーメン EAST / Tabelog ID 14068897 / https://award.tabelog.com/hyakumeiten/ramen_east/2020
FOD-1515	寿々喜家			ラーメン店	ラーメン	食べログ ラーメン 百名店 2020	神奈川県					神奈川県 上星川駅			https://tabelog.com/kanagawa/A1401/A140302/14000063/		未確認				46232	店舗照合済	食べログ 百名店 2020 / ラーメン EAST / Tabelog ID 14000063 / https://award.tabelog.com/hyakumeiten/ramen_east/2020
FOD-1516	らーめん佳			ラーメン店	ラーメン	食べログ ラーメン 百名店 2020	北海道					北海道 月寒中央駅			https://tabelog.com/hokkaido/A0101/A010303/1007919/		未確認				46232	店舗照合済	食べログ 百名店 2020 / ラーメン EAST / Tabelog ID 1007919 / https://award.tabelog.com/hyakumeiten/ramen_east/2020
FOD-1517	うまいヨゆうちゃんラーメン			ラーメン店	ラーメン	食べログ ラーメン 百名店 2020	神奈川県					神奈川県 大和駅			https://tabelog.com/kanagawa/A1407/A140702/14057313/		未確認				46232	店舗照合済	食べログ 百名店 2020 / ラーメン EAST / Tabelog ID 14057313 / https://award.tabelog.com/hyakumeiten/ramen_east/2020
FOD-1518	ラーメン二郎 中山駅前店			ラーメン店	ラーメン	食べログ ラーメン 百名店 2020	神奈川県					神奈川県 中山駅			https://tabelog.com/kanagawa/A1401/A140207/14038422/		未確認				46232	店舗照合済	食べログ 百名店 2020 / ラーメン EAST / Tabelog ID 14038422 / https://award.tabelog.com/hyakumeiten/ramen_east/2020
FOD-1519	流星軒			ラーメン店	ラーメン	食べログ ラーメン 百名店 2020	神奈川県					神奈川県 吉野町駅			https://tabelog.com/kanagawa/A1401/A140306/14000569/		未確認				46232	店舗照合済	食べログ 百名店 2020 / ラーメン EAST / Tabelog ID 14000569 / https://award.tabelog.com/hyakumeiten/ramen_east/2020
FOD-1520	狼煙 本店			ラーメン店	ラーメン	食べログ ラーメン 百名店 2020	埼玉県					埼玉県 鉄道博物館駅			https://tabelog.com/saitama/A1101/A110101/11004115/		未確認				46232	店舗照合済	食べログ 百名店 2020 / ラーメン EAST / Tabelog ID 11004115 / https://award.tabelog.com/hyakumeiten/ramen_east/2020
FOD-1521	らぁ麺や 汐そば雫			ラーメン店	ラーメン	食べログ ラーメン 百名店 2020	愛知県					愛知県 堀田（名鉄）駅			https://tabelog.com/aichi/A2301/A230112/23050560/		未確認				46232	店舗照合済	食べログ 百名店 2020 / ラーメン EAST / Tabelog ID 23050560 / https://award.tabelog.com/hyakumeiten/ramen_east/2020
FOD-1522	環2家			ラーメン店	ラーメン	食べログ ラーメン 百名店 2020	神奈川県					神奈川県 下永谷駅			https://tabelog.com/kanagawa/A1401/A140307/14000161/		未確認				46232	店舗照合済	食べログ 百名店 2020 / ラーメン EAST / Tabelog ID 14000161 / https://award.tabelog.com/hyakumeiten/ramen_east/2020
FOD-1523	らーめんNageyari			ラーメン店	ラーメン	食べログ ラーメン 百名店 2020	岐阜県					岐阜県 各務原市			https://tabelog.com/gifu/A2101/A210102/21000295/		未確認				46232	店舗照合済	食べログ 百名店 2020 / ラーメン EAST / Tabelog ID 21000295 / https://award.tabelog.com/hyakumeiten/ramen_east/2020
FOD-1524	麺家 喜多楽			ラーメン店	ラーメン	食べログ ラーメン 百名店 2020	愛知県					愛知県 東別院駅			https://tabelog.com/aichi/A2301/A230105/23000186/		未確認				46232	店舗照合済	食べログ 百名店 2020 / ラーメン EAST / Tabelog ID 23000186 / https://award.tabelog.com/hyakumeiten/ramen_east/2020
FOD-1525	中華そば 麺や食堂 本店			ラーメン店	ラーメン	食べログ ラーメン 百名店 2020	神奈川県					神奈川県 本厚木駅			https://tabelog.com/kanagawa/A1408/A140802/14001610/		未確認				46232	店舗照合済	食べログ 百名店 2020 / ラーメン EAST / Tabelog ID 14001610 / https://award.tabelog.com/hyakumeiten/ramen_east/2020
FOD-1526	麺や けせらせら			ラーメン店	ラーメン	食べログ ラーメン 百名店 2020	北海道					北海道 百合が原駅			https://tabelog.com/hokkaido/A0101/A010201/1009525/		未確認				46232	店舗照合済	食べログ 百名店 2020 / ラーメン EAST / Tabelog ID 1009525 / https://award.tabelog.com/hyakumeiten/ramen_east/2020
FOD-1527	からみそラーメン ふくろう 本店			ラーメン店	ラーメン	食べログ ラーメン 百名店 2020	愛知県					愛知県 上飯田駅			https://tabelog.com/aichi/A2301/A230110/23050032/		未確認				46232	店舗照合済	食べログ 百名店 2020 / ラーメン EAST / Tabelog ID 23050032 / https://award.tabelog.com/hyakumeiten/ramen_east/2020
FOD-1528	麺屋 菜々兵衛			ラーメン店	ラーメン	食べログ ラーメン 百名店 2020	北海道					北海道 平和駅			https://tabelog.com/hokkaido/A0101/A010301/1009634/		未確認				46232	店舗照合済	食べログ 百名店 2020 / ラーメン EAST / Tabelog ID 1009634 / https://award.tabelog.com/hyakumeiten/ramen_east/2020
FOD-1529	とら食堂			ラーメン店	ラーメン	食べログ ラーメン 百名店 2020	福島県					福島県 白河市			https://tabelog.com/fukushima/A0703/A070301/7000016/		未確認				46232	店舗照合済	食べログ 百名店 2020 / ラーメン EAST / Tabelog ID 7000016 / https://award.tabelog.com/hyakumeiten/ramen_east/2020
FOD-1530	濃麺 海月			ラーメン店	ラーメン	食べログ ラーメン 百名店 2020	千葉県					千葉県 東千葉駅			https://tabelog.com/chiba/A1201/A120101/12033982/		未確認				46232	店舗照合済	食べログ 百名店 2020 / ラーメン EAST / Tabelog ID 12033982 / https://award.tabelog.com/hyakumeiten/ramen_east/2020
FOD-1531	オランダ軒			ラーメン店	ラーメン	食べログ ラーメン 百名店 2020	埼玉県					埼玉県 東岩槻駅			https://tabelog.com/saitama/A1101/A110103/11043376/		未確認				46232	店舗照合済	食べログ 百名店 2020 / ラーメン EAST / Tabelog ID 11043376 / https://award.tabelog.com/hyakumeiten/ramen_east/2020
FOD-1532	味処 むさし野			ラーメン店	ラーメン	食べログ ラーメン 百名店 2020	千葉県					千葉県 上本郷駅			https://tabelog.com/chiba/A1203/A120302/12000080/		未確認				46232	店舗照合済	食べログ 百名店 2020 / ラーメン EAST / Tabelog ID 12000080 / https://award.tabelog.com/hyakumeiten/ramen_east/2020
FOD-1533	杉田家 千葉店			ラーメン店	ラーメン	食べログ ラーメン 百名店 2020	千葉県					千葉県 東千葉駅			https://tabelog.com/chiba/A1201/A120101/12025333/		未確認				46232	店舗照合済	食べログ 百名店 2020 / ラーメン EAST / Tabelog ID 12025333 / https://award.tabelog.com/hyakumeiten/ramen_east/2020
FOD-1534	丿貫 福富町本店			ラーメン店	ラーメン	食べログ ラーメン 百名店 2020	神奈川県					神奈川県 桜木町駅			https://tabelog.com/kanagawa/A1401/A140104/14062435/		未確認				46232	店舗照合済	食べログ 百名店 2020 / ラーメン EAST / Tabelog ID 14062435 / https://award.tabelog.com/hyakumeiten/ramen_east/2020
FOD-1535	らぁめん 喜乃壺			ラーメン店	ラーメン	食べログ ラーメン 百名店 2020	茨城県					茨城県 つくば市			https://tabelog.com/ibaraki/A0802/A080201/8010935/		未確認				46232	店舗照合済	食べログ 百名店 2020 / ラーメン EAST / Tabelog ID 8010935 / https://award.tabelog.com/hyakumeiten/ramen_east/2020
FOD-1536	中華そば 嘉一			ラーメン店	ラーメン	食べログ ラーメン 百名店 2020	宮城県					宮城県 勾当台公園駅			https://tabelog.com/miyagi/A0401/A040101/4009075/		未確認				46232	店舗照合済	食べログ 百名店 2020 / ラーメン EAST / Tabelog ID 4009075 / https://award.tabelog.com/hyakumeiten/ramen_east/2020
FOD-1537	中村麺三郎商店			ラーメン店	ラーメン	食べログ ラーメン 百名店 2020	神奈川県					神奈川県 淵野辺駅			https://tabelog.com/kanagawa/A1407/A140701/14063423/		未確認				46232	店舗照合済	食べログ 百名店 2020 / ラーメン EAST / Tabelog ID 14063423 / https://award.tabelog.com/hyakumeiten/ramen_east/2020
FOD-1538	ぜんや			ラーメン店	ラーメン	食べログ ラーメン 百名店 2020	埼玉県					埼玉県 新座駅			https://tabelog.com/saitama/A1103/A110301/11000014/		未確認				46232	店舗照合済	食べログ 百名店 2020 / ラーメン EAST / Tabelog ID 11000014 / https://award.tabelog.com/hyakumeiten/ramen_east/2020
FOD-1539	中華そば 四つ葉			ラーメン店	ラーメン	食べログ ラーメン 百名店 2020	埼玉県					埼玉県 比企郡川島町			https://tabelog.com/saitama/A1105/A110502/11034264/		未確認				46232	店舗照合済	食べログ 百名店 2020 / ラーメン EAST / Tabelog ID 11034264 / https://award.tabelog.com/hyakumeiten/ramen_east/2020
FOD-1540	らぁ麺 紫陽花			ラーメン店	ラーメン	食べログ ラーメン 百名店 2020	愛知県					愛知県 六番町駅			https://tabelog.com/aichi/A2301/A230112/23055953/		未確認				46232	店舗照合済	食べログ 百名店 2020 / ラーメン EAST / Tabelog ID 23055953 / https://award.tabelog.com/hyakumeiten/ramen_east/2020
FOD-1541	いち井			ラーメン店	ラーメン	食べログ ラーメン 百名店 2020	新潟県					新潟県 長岡市			https://tabelog.com/niigata/A1502/A150201/15000043/		未確認				46232	店舗照合済	食べログ 百名店 2020 / ラーメン EAST / Tabelog ID 15000043 / https://award.tabelog.com/hyakumeiten/ramen_east/2020
FOD-1542	我流麺舞 飛燕			ラーメン店	ラーメン	食べログ ラーメン 百名店 2020	北海道					北海道 札幌市豊平区			https://tabelog.com/hokkaido/A0101/A010303/1026753/		未確認				46232	店舗照合済	食べログ 百名店 2020 / ラーメン EAST / Tabelog ID 1026753 / https://award.tabelog.com/hyakumeiten/ramen_east/2020
FOD-1543	啜磨専科			ラーメン店	ラーメン	食べログ ラーメン 百名店 2020	神奈川県					神奈川県 港南中央駅			https://tabelog.com/kanagawa/A1401/A140307/14043755/		未確認				46232	店舗照合済	食べログ 百名店 2020 / ラーメン EAST / Tabelog ID 14043755 / https://award.tabelog.com/hyakumeiten/ramen_east/2020
FOD-1544	らーめん　かねかつ			ラーメン店	ラーメン	食べログ ラーメン 百名店 2020	埼玉県					埼玉県 川口駅			https://tabelog.com/saitama/A1102/A110201/11034385/		未確認				46232	店舗照合済	食べログ 百名店 2020 / ラーメン EAST / Tabelog ID 11034385 / https://award.tabelog.com/hyakumeiten/ramen_east/2020
FOD-1545	らぁめん夢			ラーメン店	ラーメン	食べログ ラーメン 百名店 2020	神奈川県					神奈川県 東神奈川駅			https://tabelog.com/kanagawa/A1401/A140212/14053385/		未確認				46232	店舗照合済	食べログ 百名店 2020 / ラーメン EAST / Tabelog ID 14053385 / https://award.tabelog.com/hyakumeiten/ramen_east/2020
FOD-1546	麺屋 高橋			ラーメン店	ラーメン	食べログ ラーメン 百名店 2020	北海道					北海道 札幌市豊平区			https://tabelog.com/hokkaido/A0101/A010303/1009886/		未確認				46232	店舗照合済	食べログ 百名店 2020 / ラーメン EAST / Tabelog ID 1009886 / https://award.tabelog.com/hyakumeiten/ramen_east/2020
FOD-1547	杭州飯店			ラーメン店	ラーメン	食べログ ラーメン 百名店 2020	新潟県					新潟県 燕市			https://tabelog.com/niigata/A1501/A150102/15000002/		未確認				46232	店舗照合済	食べログ 百名店 2020 / ラーメン EAST / Tabelog ID 15000002 / https://award.tabelog.com/hyakumeiten/ramen_east/2020
FOD-1548	とら食堂 松戸分店			ラーメン店	ラーメン	食べログ ラーメン 百名店 2020	千葉県					千葉県 松飛台駅			https://tabelog.com/chiba/A1203/A120302/12026940/		未確認				46232	店舗照合済	食べログ 百名店 2020 / ラーメン EAST / Tabelog ID 12026940 / https://award.tabelog.com/hyakumeiten/ramen_east/2020
FOD-1549	中華蕎麦 時雨			ラーメン店	ラーメン	食べログ ラーメン 百名店 2020	神奈川県					神奈川県 伊勢佐木長者町駅			https://tabelog.com/kanagawa/A1401/A140104/14067138/		未確認				46232	店舗照合済	食べログ 百名店 2020 / ラーメン EAST / Tabelog ID 14067138 / https://award.tabelog.com/hyakumeiten/ramen_east/2020
FOD-1550	中華そば よしかわ 上尾店			ラーメン店	ラーメン	食べログ ラーメン 百名店 2020	埼玉県					埼玉県 上尾市			https://tabelog.com/saitama/A1104/A110401/11036997/		未確認				46232	店舗照合済	食べログ 百名店 2020 / ラーメン EAST / Tabelog ID 11036997 / https://award.tabelog.com/hyakumeiten/ramen_east/2020
FOD-1551	めん奏心			ラーメン店	ラーメン	食べログ ラーメン 百名店 2020	静岡県					静岡県 島田市			https://tabelog.com/shizuoka/A2203/A220302/22019502/		未確認				46232	店舗照合済	食べログ 百名店 2020 / ラーメン EAST / Tabelog ID 22019502 / https://award.tabelog.com/hyakumeiten/ramen_east/2020
FOD-1552	らーめん森や。			ラーメン店	ラーメン	食べログ ラーメン 百名店 2020	神奈川県					神奈川県 横浜市栄区			https://tabelog.com/kanagawa/A1401/A140309/14055421/		未確認				46232	店舗照合済	食べログ 百名店 2020 / ラーメン EAST / Tabelog ID 14055421 / https://award.tabelog.com/hyakumeiten/ramen_east/2020
FOD-1553	鶏そば　一瑳			ラーメン店	ラーメン	食べログ ラーメン 百名店 2020	埼玉県					埼玉県 浦和駅			https://tabelog.com/saitama/A1101/A110102/11026125/		未確認				46232	店舗照合済	食べログ 百名店 2020 / ラーメン EAST / Tabelog ID 11026125 / https://award.tabelog.com/hyakumeiten/ramen_east/2020
FOD-1554	麺屋 雪風 すすきの店			ラーメン店	ラーメン	食べログ ラーメン 百名店 2020	北海道					北海道 東本願寺前駅			https://tabelog.com/hokkaido/A0101/A010103/1004868/		未確認				46232	店舗照合済	食べログ 百名店 2020 / ラーメン EAST / Tabelog ID 1004868 / https://award.tabelog.com/hyakumeiten/ramen_east/2020
FOD-1555	麺処 懐や			ラーメン店	ラーメン	食べログ ラーメン 百名店 2020	神奈川県					神奈川県 鷺沼駅			https://tabelog.com/kanagawa/A1405/A140507/14049709/		未確認				46232	店舗照合済	食べログ 百名店 2020 / ラーメン EAST / Tabelog ID 14049709 / https://award.tabelog.com/hyakumeiten/ramen_east/2020
FOD-1556	次念序			ラーメン店	ラーメン	食べログ ラーメン 百名店 2020	埼玉県					埼玉県 鴻巣駅			https://tabelog.com/saitama/A1104/A110401/11001881/		未確認				46232	店舗照合済	食べログ 百名店 2020 / ラーメン EAST / Tabelog ID 11001881 / https://award.tabelog.com/hyakumeiten/ramen_east/2020
FOD-1557	伊達屋			ラーメン店	ラーメン	食べログ ラーメン 百名店 2020	福島県					福島県 福島市			https://tabelog.com/fukushima/A0701/A070101/7001032/		未確認				46232	店舗照合済	食べログ 百名店 2020 / ラーメン EAST / Tabelog ID 7001032 / https://award.tabelog.com/hyakumeiten/ramen_east/2020
FOD-1558	らーめん奏			ラーメン店	ラーメン	食べログ ラーメン 百名店 2020	愛知県					愛知県 吹上駅			https://tabelog.com/aichi/A2301/A230106/23056955/		未確認				46232	店舗照合済	食べログ 百名店 2020 / ラーメン EAST / Tabelog ID 23056955 / https://award.tabelog.com/hyakumeiten/ramen_east/2020
FOD-1559	青竹手打ラーメン 日向屋			ラーメン店	ラーメン	食べログ ラーメン 百名店 2020	栃木県					栃木県 佐野市			https://tabelog.com/tochigi/A0902/A090202/9009352/		未確認				46232	店舗照合済	食べログ 百名店 2020 / ラーメン EAST / Tabelog ID 9009352 / https://award.tabelog.com/hyakumeiten/ramen_east/2020
FOD-1560	煮干乱舞			ラーメン店	ラーメン	食べログ ラーメン 百名店 2020	埼玉県					埼玉県 武里駅			https://tabelog.com/saitama/A1102/A110204/11043059/		未確認				46232	店舗照合済	食べログ 百名店 2020 / ラーメン EAST / Tabelog ID 11043059 / https://award.tabelog.com/hyakumeiten/ramen_east/2020
FOD-1561	家系総本山 吉村家			ラーメン店	ラーメン	食べログ ラーメン 百名店 2020	神奈川県					神奈川県 平沼橋駅			https://tabelog.com/kanagawa/A1401/A140101/14000059/		未確認				46232	店舗照合済	食べログ 百名店 2020 / ラーメン EAST / Tabelog ID 14000059 / https://award.tabelog.com/hyakumeiten/ramen_east/2020
FOD-1562	ラーメン フリーバーズ			ラーメン店	ラーメン	食べログ ラーメン 百名店 2020	神奈川県					神奈川県 本郷台駅			https://tabelog.com/kanagawa/A1401/A140309/14072025/		未確認				46232	店舗照合済	食べログ 百名店 2020 / ラーメン EAST / Tabelog ID 14072025 / https://award.tabelog.com/hyakumeiten/ramen_east/2020
FOD-1563	ラーメン 末廣家			ラーメン店	ラーメン	食べログ ラーメン 百名店 2020	神奈川県					神奈川県 白楽駅			https://tabelog.com/kanagawa/A1401/A140205/14051496/		未確認				46232	店舗照合済	食べログ 百名店 2020 / ラーメン EAST / Tabelog ID 14051496 / https://award.tabelog.com/hyakumeiten/ramen_east/2020
FOD-1564	はりけんラーメン 本店			ラーメン店	ラーメン	食べログ ラーメン 百名店 2020	茨城県					茨城県 つくば市			https://tabelog.com/ibaraki/A0802/A080201/8012178/		未確認				46232	店舗照合済	食べログ 百名店 2020 / ラーメン EAST / Tabelog ID 8012178 / https://award.tabelog.com/hyakumeiten/ramen_east/2020
FOD-1565	麺処 有彩			ラーメン店	ラーメン	食べログ ラーメン 百名店 2020	埼玉県					埼玉県 西川口駅			https://tabelog.com/saitama/A1102/A110201/11038476/		未確認				46232	店舗照合済	食べログ 百名店 2020 / ラーメン EAST / Tabelog ID 11038476 / https://award.tabelog.com/hyakumeiten/ramen_east/2020
FOD-1566	Sagamihara 欅			ラーメン店	ラーメン	食べログ ラーメン 百名店 2020	神奈川県					神奈川県 小田急相模原駅			https://tabelog.com/kanagawa/A1407/A140701/14068944/		未確認				46232	店舗照合済	食べログ 百名店 2020 / ラーメン EAST / Tabelog ID 14068944 / https://award.tabelog.com/hyakumeiten/ramen_east/2020
FOD-1567	麺屋 ようすけ			ラーメン店	ラーメン	食べログ ラーメン 百名店 2020	栃木県					栃木県 佐野市			https://tabelog.com/tochigi/A0902/A090202/9012617/		未確認				46232	店舗照合済	食べログ 百名店 2020 / ラーメン EAST / Tabelog ID 9012617 / https://award.tabelog.com/hyakumeiten/ramen_east/2020
FOD-1568	杉田家			ラーメン店	ラーメン	食べログ ラーメン 百名店 2020	神奈川県					神奈川県 新杉田駅			https://tabelog.com/kanagawa/A1401/A140308/14000917/		未確認				46232	店舗照合済	食べログ 百名店 2020 / ラーメン EAST / Tabelog ID 14000917 / https://award.tabelog.com/hyakumeiten/ramen_east/2020
FOD-1569	中華ソバ 篤々			ラーメン店	ラーメン	食べログ ラーメン 百名店 2020	千葉県					千葉県 勝田台駅			https://tabelog.com/chiba/A1202/A120204/12040080/		未確認				46232	店舗照合済	食べログ 百名店 2020 / ラーメン EAST / Tabelog ID 12040080 / https://award.tabelog.com/hyakumeiten/ramen_east/2020
FOD-1570	豚星。			ラーメン店	ラーメン	食べログ ラーメン 百名店 2020	神奈川県					神奈川県 元住吉駅			https://tabelog.com/kanagawa/A1405/A140504/14058333/		未確認				46232	店舗照合済	食べログ 百名店 2020 / ラーメン EAST / Tabelog ID 14058333 / https://award.tabelog.com/hyakumeiten/ramen_east/2020
FOD-1571	貝ガラ屋			ラーメン店	ラーメン	食べログ ラーメン 百名店 2020	神奈川県					神奈川県 相模原市中央区			https://tabelog.com/kanagawa/A1407/A140701/14056997/		未確認				46232	店舗照合済	食べログ 百名店 2020 / ラーメン EAST / Tabelog ID 14056997 / https://award.tabelog.com/hyakumeiten/ramen_east/2020
FOD-1572	兎に角 松戸本店			ラーメン店	ラーメン	食べログ ラーメン 百名店 2020	千葉県					千葉県 松戸駅			https://tabelog.com/chiba/A1203/A120302/12001198/		未確認				46232	店舗照合済	食べログ 百名店 2020 / ラーメン EAST / Tabelog ID 12001198 / https://award.tabelog.com/hyakumeiten/ramen_east/2020
FOD-1573	麺や 麗			ラーメン店	ラーメン	食べログ ラーメン 百名店 2020	北海道					北海道 千歳市			https://tabelog.com/hokkaido/A0107/A010701/1026411/		未確認				46232	店舗照合済	食べログ 百名店 2020 / ラーメン EAST / Tabelog ID 1026411 / https://award.tabelog.com/hyakumeiten/ramen_east/2020
FOD-1574	ラーメン 木曜日			ラーメン店	ラーメン	食べログ ラーメン 百名店 2020	北海道					北海道 西線９条旭山公園通駅			https://tabelog.com/hokkaido/A0101/A010104/1038229/		未確認				46232	店舗照合済	食べログ 百名店 2020 / ラーメン EAST / Tabelog ID 1038229 / https://award.tabelog.com/hyakumeiten/ramen_east/2020
FOD-1575	らぁ麺 飛鶏			ラーメン店	ラーメン	食べログ ラーメン 百名店 2020	愛知県					愛知県 春日井市			https://tabelog.com/aichi/A2303/A230301/23051026/		未確認				46232	店舗照合済	食べログ 百名店 2020 / ラーメン EAST / Tabelog ID 23051026 / https://award.tabelog.com/hyakumeiten/ramen_east/2020
FOD-1576	らーめん芝浜			ラーメン店	ラーメン	食べログ ラーメン 百名店 2020	群馬県					群馬県 桐生市			https://tabelog.com/gunma/A1002/A100201/10014488/		未確認				46232	店舗照合済	食べログ 百名店 2020 / ラーメン EAST / Tabelog ID 10014488 / https://award.tabelog.com/hyakumeiten/ramen_east/2020
FOD-1577	麺処 秋もと			ラーメン店	ラーメン	食べログ ラーメン 百名店 2020	神奈川県					神奈川県 市が尾駅			https://tabelog.com/kanagawa/A1401/A140201/14058820/		未確認				46232	店舗照合済	食べログ 百名店 2020 / ラーメン EAST / Tabelog ID 14058820 / https://award.tabelog.com/hyakumeiten/ramen_east/2020
FOD-1578	頑者 本店			ラーメン店	ラーメン	食べログ ラーメン 百名店 2020	埼玉県					埼玉県 本川越駅			https://tabelog.com/saitama/A1103/A110303/11000150/		未確認				46232	店舗照合済	食べログ 百名店 2020 / ラーメン EAST / Tabelog ID 11000150 / https://award.tabelog.com/hyakumeiten/ramen_east/2020
FOD-1579	麺屋 彩未			ラーメン店	ラーメン	食べログ ラーメン 百名店 2020	北海道					北海道 美園駅			https://tabelog.com/hokkaido/A0101/A010303/1000018/		未確認				46232	店舗照合済	食べログ 百名店 2020 / ラーメン EAST / Tabelog ID 1000018 / https://award.tabelog.com/hyakumeiten/ramen_east/2020
FOD-1580	ラーメン専門店 徳川町 如水			ラーメン店	ラーメン	食べログ ラーメン 百名店 2020	愛知県					愛知県 森下駅			https://tabelog.com/aichi/A2301/A230110/23000971/		未確認				46232	店舗照合済	食べログ 百名店 2020 / ラーメン EAST / Tabelog ID 23000971 / https://award.tabelog.com/hyakumeiten/ramen_east/2020
FOD-1581	拉麺 大公 南太田本店			ラーメン店	ラーメン	食べログ ラーメン 百名店 2020	神奈川県					神奈川県 南太田駅			https://tabelog.com/kanagawa/A1401/A140306/14050344/		未確認				46232	店舗照合済	食べログ 百名店 2020 / ラーメン EAST / Tabelog ID 14050344 / https://award.tabelog.com/hyakumeiten/ramen_east/2020
FOD-1582	煮干中華ソバ イチカワ			ラーメン店	ラーメン	食べログ ラーメン 百名店 2020	茨城県					茨城県 つくば市			https://tabelog.com/ibaraki/A0802/A080201/8014295/		未確認				46232	店舗照合済	食べログ 百名店 2020 / ラーメン EAST / Tabelog ID 8014295 / https://award.tabelog.com/hyakumeiten/ramen_east/2020
FOD-1583	なるとや			ラーメン店	ラーメン	食べログ ラーメン 百名店 2020	愛知県					愛知県 栄町駅			https://tabelog.com/aichi/A2301/A230104/23005819/		未確認				46232	店舗照合済	食べログ 百名店 2020 / ラーメン EAST / Tabelog ID 23005819 / https://award.tabelog.com/hyakumeiten/ramen_east/2020
FOD-1584	ZUND-BAR			ラーメン店	ラーメン	食べログ ラーメン 百名店 2020	神奈川県					神奈川県 厚木市			https://tabelog.com/kanagawa/A1408/A140802/14000184/		未確認				46232	店舗照合済	食べログ 百名店 2020 / ラーメン EAST / Tabelog ID 14000184 / https://award.tabelog.com/hyakumeiten/ramen_east/2020
FOD-1585	和風楽麺 四代目 ひのでや			ラーメン店	ラーメン	食べログ ラーメン 百名店 2020	埼玉県					埼玉県 蓮田駅			https://tabelog.com/saitama/A1104/A110402/11030891/		未確認				46232	店舗照合済	食べログ 百名店 2020 / ラーメン EAST / Tabelog ID 11030891 / https://award.tabelog.com/hyakumeiten/ramen_east/2020
FOD-1586	中華そば 華丸			ラーメン店	ラーメン	食べログ ラーメン 百名店 2020	愛知県					愛知県 一宮市			https://tabelog.com/aichi/A2302/A230201/23007195/		未確認				46232	店舗照合済	食べログ 百名店 2020 / ラーメン EAST / Tabelog ID 23007195 / https://award.tabelog.com/hyakumeiten/ramen_east/2020
FOD-1587	寿製麺 よしかわ 川越店			ラーメン店	ラーメン	食べログ ラーメン 百名店 2020	埼玉県					埼玉県 川越市			https://tabelog.com/saitama/A1103/A110303/11040851/		未確認				46232	店舗照合済	食べログ 百名店 2020 / ラーメン EAST / Tabelog ID 11040851 / https://award.tabelog.com/hyakumeiten/ramen_east/2020
FOD-1588	喜元門 研究学園駅前店			ラーメン店	ラーメン	食べログ ラーメン 百名店 2020	茨城県					茨城県 つくば市			https://tabelog.com/ibaraki/A0802/A080201/8013639/		未確認				46232	店舗照合済	食べログ 百名店 2020 / ラーメン EAST / Tabelog ID 8013639 / https://award.tabelog.com/hyakumeiten/ramen_east/2020
FOD-1589	食堂なまえ			ラーメン店	ラーメン	食べログ ラーメン 百名店 2020	福島県					福島県 喜多方市			https://tabelog.com/fukushima/A0706/A070601/7000006/		未確認				46232	店舗照合済	食べログ 百名店 2020 / ラーメン EAST / Tabelog ID 7000006 / https://award.tabelog.com/hyakumeiten/ramen_east/2020
FOD-1590	らーめん 鶏喰			ラーメン店	ラーメン	食べログ ラーメン 百名店 2020	神奈川県					神奈川県 吉野町駅			https://tabelog.com/kanagawa/A1401/A140306/14048864/		未確認				46232	店舗照合済	食べログ 百名店 2020 / ラーメン EAST / Tabelog ID 14048864 / https://award.tabelog.com/hyakumeiten/ramen_east/2020
FOD-1591	ラーメン星印			ラーメン店	ラーメン	食べログ ラーメン 百名店 2020	神奈川県					神奈川県 反町駅			https://tabelog.com/kanagawa/A1401/A140205/14054005/		未確認				46232	店舗照合済	食べログ 百名店 2020 / ラーメン EAST / Tabelog ID 14054005 / https://award.tabelog.com/hyakumeiten/ramen_east/2020
FOD-1592	ラーメン 厚木家			ラーメン店	ラーメン	食べログ ラーメン 百名店 2020	神奈川県					神奈川県 厚木市			https://tabelog.com/kanagawa/A1408/A140802/14013886/		未確認				46232	店舗照合済	食べログ 百名店 2020 / ラーメン EAST / Tabelog ID 14013886 / https://award.tabelog.com/hyakumeiten/ramen_east/2020
FOD-1593	MEN-EIJI HIRAGISHI BASE			ラーメン店	ラーメン	食べログ ラーメン 百名店 2020	北海道					北海道 南平岸駅			https://tabelog.com/hokkaido/A0101/A010303/1034678/		未確認				46232	店舗照合済	食べログ 百名店 2020 / ラーメン EAST / Tabelog ID 1034678 / https://award.tabelog.com/hyakumeiten/ramen_east/2020
FOD-1594	麺家獅子丸			ラーメン店	ラーメン	食べログ ラーメン 百名店 2020	愛知県					愛知県 亀島駅			https://tabelog.com/aichi/A2301/A230101/23060674/		未確認				46232	店舗照合済	食べログ 百名店 2020 / ラーメン EAST / Tabelog ID 23060674 / https://award.tabelog.com/hyakumeiten/ramen_east/2020
FOD-1595	自家製手もみ麺 鈴ノ木			ラーメン店	ラーメン	食べログ ラーメン 百名店 2020	埼玉県					埼玉県 狭山ケ丘駅			https://tabelog.com/saitama/A1106/A110601/11048539/		未確認				46232	店舗照合済	食べログ 百名店 2020 / ラーメン EAST / Tabelog ID 11048539 / https://award.tabelog.com/hyakumeiten/ramen_east/2020
FOD-1596	くり山			ラーメン店	ラーメン	食べログ ラーメン 百名店 2020	神奈川県					神奈川県 白楽駅			https://tabelog.com/kanagawa/A1401/A140205/14012001/		未確認				46232	店舗照合済	食べログ 百名店 2020 / ラーメン EAST / Tabelog ID 14012001 / https://award.tabelog.com/hyakumeiten/ramen_east/2020
FOD-1597	中村屋			ラーメン店	ラーメン	食べログ ラーメン 百名店 2020	神奈川県					神奈川県 海老名駅			https://tabelog.com/kanagawa/A1408/A140801/14000186/		未確認				46232	店舗照合済	食べログ 百名店 2020 / ラーメン EAST / Tabelog ID 14000186 / https://award.tabelog.com/hyakumeiten/ramen_east/2020
FOD-1598	らぁめん鴇			ラーメン店	ラーメン	食べログ ラーメン 百名店 2020	神奈川県					神奈川県 藤沢駅			https://tabelog.com/kanagawa/A1404/A140404/14059192/		未確認				46232	店舗照合済	食べログ 百名店 2020 / ラーメン EAST / Tabelog ID 14059192 / https://award.tabelog.com/hyakumeiten/ramen_east/2020
FOD-1599	ラーメン二郎 横浜関内店			ラーメン店	ラーメン	食べログ ラーメン 百名店 2020	神奈川県					神奈川県 伊勢佐木長者町駅			https://tabelog.com/kanagawa/A1401/A140104/14001518/		未確認				46232	店舗照合済	食べログ 百名店 2020 / ラーメン EAST / Tabelog ID 14001518 / https://award.tabelog.com/hyakumeiten/ramen_east/2020
FOD-1600	さっぽろ純連 札幌店			ラーメン店	ラーメン	食べログ ラーメン 百名店 2020	北海道					北海道 澄川駅			https://tabelog.com/hokkaido/A0101/A010303/1000031/		未確認				46232	店舗照合済	食べログ 百名店 2020 / ラーメン EAST / Tabelog ID 1000031 / https://award.tabelog.com/hyakumeiten/ramen_east/2020
FOD-1601	支那そばや 本店			ラーメン店	ラーメン	食べログ ラーメン 百名店 2020	神奈川県					神奈川県 戸塚駅			https://tabelog.com/kanagawa/A1401/A140305/14014445/		未確認				46232	店舗照合済	食べログ 百名店 2020 / ラーメン EAST / Tabelog ID 14014445 / https://award.tabelog.com/hyakumeiten/ramen_east/2020
FOD-1602	Japanese Ramen Noodle Lab Q			ラーメン店	ラーメン	食べログ ラーメン 百名店 2020	北海道					北海道 さっぽろ（札幌市営）駅			https://tabelog.com/hokkaido/A0101/A010102/1057715/		未確認				46232	店舗照合済	食べログ 百名店 2020 / ラーメン EAST / Tabelog ID 1057715 / https://award.tabelog.com/hyakumeiten/ramen_east/2020
FOD-1603	横浜中華そば 維新商店 本店			ラーメン店	ラーメン	食べログ ラーメン 百名店 2020	神奈川県					神奈川県 平沼橋駅			https://tabelog.com/kanagawa/A1401/A140101/14051850/		未確認				46232	店舗照合済	食べログ 百名店 2020 / ラーメン EAST / Tabelog ID 14051850 / https://award.tabelog.com/hyakumeiten/ramen_east/2020
FOD-1604	厚木本丸亭			ラーメン店	ラーメン	食べログ ラーメン 百名店 2020	神奈川県					神奈川県 本厚木駅			https://tabelog.com/kanagawa/A1408/A140802/14000181/		未確認				46232	店舗照合済	食べログ 百名店 2020 / ラーメン EAST / Tabelog ID 14000181 / https://award.tabelog.com/hyakumeiten/ramen_east/2020
FOD-1605	家系ラーメン とらきち家			ラーメン店	ラーメン	食べログ ラーメン 百名店 2020	神奈川県					神奈川県 東白楽駅			https://tabelog.com/kanagawa/A1401/A140205/14053454/		未確認				46232	店舗照合済	食べログ 百名店 2020 / ラーメン EAST / Tabelog ID 14053454 / https://award.tabelog.com/hyakumeiten/ramen_east/2020
FOD-1606	支那蕎麦屋 藤花			ラーメン店	ラーメン	食べログ ラーメン 百名店 2020	神奈川県					神奈川県 横浜市都筑区			https://tabelog.com/kanagawa/A1401/A140207/14070248/		未確認				46232	店舗照合済	食べログ 百名店 2020 / ラーメン EAST / Tabelog ID 14070248 / https://award.tabelog.com/hyakumeiten/ramen_east/2020
FOD-1607	地球の中華そば			ラーメン店	ラーメン	食べログ ラーメン 百名店 2020	神奈川県					神奈川県 伊勢佐木長者町駅			https://tabelog.com/kanagawa/A1401/A140104/14056490/		未確認				46232	店舗照合済	食べログ 百名店 2020 / ラーメン EAST / Tabelog ID 14056490 / https://award.tabelog.com/hyakumeiten/ramen_east/2020
FOD-1608	福島壱麺			ラーメン店	ラーメン	食べログ ラーメン 百名店 2020	大阪府					大阪府 福島駅			https://tabelog.com/osaka/A2701/A270108/27079245/		未確認				46232	店舗照合済	食べログ 百名店 2020 / ラーメン WEST / Tabelog ID 27079245 / https://award.tabelog.com/hyakumeiten/ramen_west/2020
FOD-1609	麺や高倉二条			ラーメン店	ラーメン	食べログ ラーメン 百名店 2020	京都府					京都府 丸太町（京都市営）駅			https://tabelog.com/kyoto/A2601/A260202/26003182/		未確認				46232	店舗照合済	食べログ 百名店 2020 / ラーメン WEST / Tabelog ID 26003182 / https://award.tabelog.com/hyakumeiten/ramen_west/2020
FOD-1610	らーめん専門 和心 武庫之荘店			ラーメン店	ラーメン	食べログ ラーメン 百名店 2020	兵庫県					兵庫県 武庫之荘駅			https://tabelog.com/hyogo/A2803/A280304/28042762/		未確認				46232	店舗照合済	食べログ 百名店 2020 / ラーメン WEST / Tabelog ID 28042762 / https://award.tabelog.com/hyakumeiten/ramen_west/2020
FOD-1611	らーめん 鉢ノ葦葉			ラーメン店	ラーメン	食べログ ラーメン 百名店 2020	三重県					三重県 四日市市			https://tabelog.com/mie/A2402/A240201/24000851/		未確認				46232	店舗照合済	食べログ 百名店 2020 / ラーメン WEST / Tabelog ID 24000851 / https://award.tabelog.com/hyakumeiten/ramen_west/2020
FOD-1612	中華そば うえまち			ラーメン店	ラーメン	食べログ ラーメン 百名店 2020	大阪府					大阪府 谷町六丁目駅			https://tabelog.com/osaka/A2701/A270204/27069769/		未確認				46232	店舗照合済	食べログ 百名店 2020 / ラーメン WEST / Tabelog ID 27069769 / https://award.tabelog.com/hyakumeiten/ramen_west/2020
FOD-1613	麺屋 はなぶさ			ラーメン店	ラーメン	食べログ ラーメン 百名店 2020	大阪府					大阪府 堺筋本町駅			https://tabelog.com/osaka/A2701/A270106/27071670/		未確認				46232	店舗照合済	食べログ 百名店 2020 / ラーメン WEST / Tabelog ID 27071670 / https://award.tabelog.com/hyakumeiten/ramen_west/2020
FOD-1614	カドヤ食堂 本店			ラーメン店	ラーメン	食べログ ラーメン 百名店 2020	大阪府					大阪府 西長堀駅			https://tabelog.com/osaka/A2701/A270105/27001084/		未確認				46232	店舗照合済	食べログ 百名店 2020 / ラーメン WEST / Tabelog ID 27001084 / https://award.tabelog.com/hyakumeiten/ramen_west/2020
FOD-1615	彩色ラーメンきんせい 高槻駅前店			ラーメン店	ラーメン	食べログ ラーメン 百名店 2020	大阪府					大阪府 高槻市駅			https://tabelog.com/osaka/A2706/A270604/27040392/		未確認				46232	店舗照合済	食べログ 百名店 2020 / ラーメン WEST / Tabelog ID 27040392 / https://award.tabelog.com/hyakumeiten/ramen_west/2020
FOD-1616	麺屋 丈六 なんば店			ラーメン店	ラーメン	食べログ ラーメン 百名店 2020	大阪府					大阪府 難波（南海）駅			https://tabelog.com/osaka/A2701/A270202/27084754/		未確認				46232	店舗照合済	食べログ 百名店 2020 / ラーメン WEST / Tabelog ID 27084754 / https://award.tabelog.com/hyakumeiten/ramen_west/2020
FOD-1617	総大醤			ラーメン店	ラーメン	食べログ ラーメン 百名店 2020	大阪府					大阪府 天神橋筋六丁目駅			https://tabelog.com/osaka/A2701/A270103/27003383/		未確認				46232	店舗照合済	食べログ 百名店 2020 / ラーメン WEST / Tabelog ID 27003383 / https://award.tabelog.com/hyakumeiten/ramen_west/2020
FOD-1618	みつ星製麺所 福島本店			ラーメン店	ラーメン	食べログ ラーメン 百名店 2020	大阪府					大阪府 福島駅			https://tabelog.com/osaka/A2701/A270108/27057392/		未確認				46232	店舗照合済	食べログ 百名店 2020 / ラーメン WEST / Tabelog ID 27057392 / https://award.tabelog.com/hyakumeiten/ramen_west/2020
FOD-1619	中華蕎麦 葛			ラーメン店	ラーメン	食べログ ラーメン 百名店 2020	大阪府					大阪府 本町駅			https://tabelog.com/osaka/A2701/A270106/27087256/		未確認				46232	店舗照合済	食べログ 百名店 2020 / ラーメン WEST / Tabelog ID 27087256 / https://award.tabelog.com/hyakumeiten/ramen_west/2020
FOD-1620	麺屋 たけ井 R1店			ラーメン店	ラーメン	食べログ ラーメン 百名店 2020	京都府					京都府 八幡市			https://tabelog.com/kyoto/A2607/A260702/26023971/		未確認				46232	店舗照合済	食べログ 百名店 2020 / ラーメン WEST / Tabelog ID 26023971 / https://award.tabelog.com/hyakumeiten/ramen_west/2020
FOD-1621	烈火 本店			ラーメン店	ラーメン	食べログ ラーメン 百名店 2020	大阪府					大阪府 庄内駅			https://tabelog.com/osaka/A2706/A270601/27059898/		未確認				46232	店舗照合済	食べログ 百名店 2020 / ラーメン WEST / Tabelog ID 27059898 / https://award.tabelog.com/hyakumeiten/ramen_west/2020
FOD-1622	ラーメン人生JET600			ラーメン店	ラーメン	食べログ ラーメン 百名店 2020	大阪府					大阪府 玉造（ＪＲ）駅			https://tabelog.com/osaka/A2701/A270204/27059047/		未確認				46232	店舗照合済	食べログ 百名店 2020 / ラーメン WEST / Tabelog ID 27059047 / https://award.tabelog.com/hyakumeiten/ramen_west/2020
FOD-1623	ラーメン家 みつ葉			ラーメン店	ラーメン	食べログ ラーメン 百名店 2020	奈良県					奈良県 奈良市			https://tabelog.com/nara/A2901/A290102/29006502/		未確認				46232	店舗照合済	食べログ 百名店 2020 / ラーメン WEST / Tabelog ID 29006502 / https://award.tabelog.com/hyakumeiten/ramen_west/2020
FOD-1624	らーめん香澄 阿波座本店			ラーメン店	ラーメン	食べログ ラーメン 百名店 2020	大阪府					大阪府 阿波座駅			https://tabelog.com/osaka/A2701/A270105/27065090/		未確認				46232	店舗照合済	食べログ 百名店 2020 / ラーメン WEST / Tabelog ID 27065090 / https://award.tabelog.com/hyakumeiten/ramen_west/2020
FOD-1625	らぁ麺 とうひち			ラーメン店	ラーメン	食べログ ラーメン 百名店 2020	京都府					京都府 京都市北区			https://tabelog.com/kyoto/A2601/A260503/26025306/		未確認				46232	店舗照合済	食べログ 百名店 2020 / ラーメン WEST / Tabelog ID 26025306 / https://award.tabelog.com/hyakumeiten/ramen_west/2020
FOD-1626	京都 麺屋たけ井 阪急梅田店			ラーメン店	ラーメン	食べログ ラーメン 百名店 2020	大阪府					大阪府 大阪梅田（阪急）駅			https://tabelog.com/osaka/A2701/A270101/27092383/		未確認				46232	店舗照合済	食べログ 百名店 2020 / ラーメン WEST / Tabelog ID 27092383 / https://award.tabelog.com/hyakumeiten/ramen_west/2020
FOD-1627	中華そば 高安			ラーメン店	ラーメン	食べログ ラーメン 百名店 2020	京都府					京都府 一乗寺駅			https://tabelog.com/kyoto/A2601/A260303/26001199/		未確認				46232	店舗照合済	食べログ 百名店 2020 / ラーメン WEST / Tabelog ID 26001199 / https://award.tabelog.com/hyakumeiten/ramen_west/2020
FOD-1628	彩色ラーメン きんせい総本家 夢風			ラーメン店	ラーメン	食べログ ラーメン 百名店 2020	大阪府					大阪府 高槻市			https://tabelog.com/osaka/A2706/A270604/27002131/		未確認				46232	店舗照合済	食べログ 百名店 2020 / ラーメン WEST / Tabelog ID 27002131 / https://award.tabelog.com/hyakumeiten/ramen_west/2020
FOD-1629	自然派ラーメン 神楽			ラーメン店	ラーメン	食べログ ラーメン 百名店 2020	石川県					石川県 金沢市			https://tabelog.com/ishikawa/A1701/A170101/17001321/		未確認				46232	店舗照合済	食べログ 百名店 2020 / ラーメン WEST / Tabelog ID 17001321 / https://award.tabelog.com/hyakumeiten/ramen_west/2020
FOD-1630	つけ麺無心			ラーメン店	ラーメン	食べログ ラーメン 百名店 2020	奈良県					奈良県 奈良市			https://tabelog.com/nara/A2901/A290102/29004440/		未確認				46232	店舗照合済	食べログ 百名店 2020 / ラーメン WEST / Tabelog ID 29004440 / https://award.tabelog.com/hyakumeiten/ramen_west/2020
FOD-1631	中華そば いぶき			ラーメン店	ラーメン	食べログ ラーメン 百名店 2020	大阪府					大阪府 天神橋筋六丁目駅			https://tabelog.com/osaka/A2701/A270103/27062565/		未確認				46232	店舗照合済	食べログ 百名店 2020 / ラーメン WEST / Tabelog ID 27062565 / https://award.tabelog.com/hyakumeiten/ramen_west/2020
FOD-1632	らーめん鱗 西中島店			ラーメン店	ラーメン	食べログ ラーメン 百名店 2020	大阪府					大阪府 西中島南方駅			https://tabelog.com/osaka/A2701/A270301/27082871/		未確認				46232	店舗照合済	食べログ 百名店 2020 / ラーメン WEST / Tabelog ID 27082871 / https://award.tabelog.com/hyakumeiten/ramen_west/2020
FOD-1633	博多一双 博多駅東本店			ラーメン店	ラーメン	食べログ ラーメン 百名店 2020	福岡県					福岡県 博多駅			https://tabelog.com/fukuoka/A4001/A400101/40032701/		未確認				46232	店舗照合済	食べログ 百名店 2020 / ラーメン WEST / Tabelog ID 40032701 / https://award.tabelog.com/hyakumeiten/ramen_west/2020
FOD-1634	支那そば 王王軒 本店			ラーメン店	ラーメン	食べログ ラーメン 百名店 2020	徳島県					徳島県 板野郡藍住町			https://tabelog.com/tokushima/A3603/A360303/36000071/		未確認				46232	店舗照合済	食べログ 百名店 2020 / ラーメン WEST / Tabelog ID 36000071 / https://award.tabelog.com/hyakumeiten/ramen_west/2020
FOD-1635	麺～leads～なかの 大和高田本店			ラーメン店	ラーメン	食べログ ラーメン 百名店 2020	奈良県					奈良県 大和高田市			https://tabelog.com/nara/A2903/A290302/29009138/		未確認				46232	店舗照合済	食べログ 百名店 2020 / ラーメン WEST / Tabelog ID 29009138 / https://award.tabelog.com/hyakumeiten/ramen_west/2020
FOD-1636	麺元素			ラーメン店	ラーメン	食べログ ラーメン 百名店 2020	大阪府					大阪府 天満駅			https://tabelog.com/osaka/A2701/A270103/27042439/		未確認				46232	店舗照合済	食べログ 百名店 2020 / ラーメン WEST / Tabelog ID 27042439 / https://award.tabelog.com/hyakumeiten/ramen_west/2020
FOD-1637	麺のようじ			ラーメン店	ラーメン	食べログ ラーメン 百名店 2020	大阪府					大阪府 日本橋駅			https://tabelog.com/osaka/A2701/A270202/27072765/		未確認				46232	店舗照合済	食べログ 百名店 2020 / ラーメン WEST / Tabelog ID 27072765 / https://award.tabelog.com/hyakumeiten/ramen_west/2020
FOD-1638	俺のラーメン あっぱれ屋			ラーメン店	ラーメン	食べログ ラーメン 百名店 2020	京都府					京都府 城陽市			https://tabelog.com/kyoto/A2607/A260704/26011617/		未確認				46232	店舗照合済	食べログ 百名店 2020 / ラーメン WEST / Tabelog ID 26011617 / https://award.tabelog.com/hyakumeiten/ramen_west/2020
FOD-1639	麺屋 えぐち			ラーメン店	ラーメン	食べログ ラーメン 百名店 2020	大阪府					大阪府 江坂駅			https://tabelog.com/osaka/A2706/A270602/27017957/		未確認				46232	店舗照合済	食べログ 百名店 2020 / ラーメン WEST / Tabelog ID 27017957 / https://award.tabelog.com/hyakumeiten/ramen_west/2020
FOD-1640	群青			ラーメン店	ラーメン	食べログ ラーメン 百名店 2020	大阪府					大阪府 天神橋筋六丁目駅			https://tabelog.com/osaka/A2701/A270103/27018753/		未確認				46232	店舗照合済	食べログ 百名店 2020 / ラーメン WEST / Tabelog ID 27018753 / https://award.tabelog.com/hyakumeiten/ramen_west/2020
FOD-1641	セアブラノ神 壬生本店			ラーメン店	ラーメン	食べログ ラーメン 百名店 2020	京都府					京都府 四条大宮駅			https://tabelog.com/kyoto/A2601/A260203/26022456/		未確認				46232	店舗照合済	食べログ 百名店 2020 / ラーメン WEST / Tabelog ID 26022456 / https://award.tabelog.com/hyakumeiten/ramen_west/2020
FOD-1642	麺や 紡			ラーメン店	ラーメン	食べログ ラーメン 百名店 2020	大阪府					大阪府 宇野辺駅			https://tabelog.com/osaka/A2706/A270604/27064537/		未確認				46232	店舗照合済	食べログ 百名店 2020 / ラーメン WEST / Tabelog ID 27064537 / https://award.tabelog.com/hyakumeiten/ramen_west/2020
FOD-1643	人類みな麺類			ラーメン店	ラーメン	食べログ ラーメン 百名店 2020	大阪府					大阪府 南方駅			https://tabelog.com/osaka/A2701/A270301/27064584/		未確認				46232	店舗照合済	食べログ 百名店 2020 / ラーメン WEST / Tabelog ID 27064584 / https://award.tabelog.com/hyakumeiten/ramen_west/2020
FOD-1644	博多元気一杯!!			ラーメン店	ラーメン	食べログ ラーメン 百名店 2020	福岡県					福岡県 呉服町駅			https://tabelog.com/fukuoka/A4001/A400106/40000488/		未確認				46232	店舗照合済	食べログ 百名店 2020 / ラーメン WEST / Tabelog ID 40000488 / https://award.tabelog.com/hyakumeiten/ramen_west/2020
FOD-1645	吟醸らーめん 久保田			ラーメン店	ラーメン	食べログ ラーメン 百名店 2020	京都府					京都府 五条（京都市営）駅			https://tabelog.com/kyoto/A2601/A260101/26004660/		未確認				46232	店舗照合済	食べログ 百名店 2020 / ラーメン WEST / Tabelog ID 26004660 / https://award.tabelog.com/hyakumeiten/ramen_west/2020
FOD-1646	ラーメン人生JET			ラーメン店	ラーメン	食べログ ラーメン 百名店 2020	大阪府					大阪府 福島駅			https://tabelog.com/osaka/A2701/A270108/27050827/		未確認				46232	店舗照合済	食べログ 百名店 2020 / ラーメン WEST / Tabelog ID 27050827 / https://award.tabelog.com/hyakumeiten/ramen_west/2020
FOD-1647	フスマにかけろ 中崎壱丁 中崎商店會1-6-18号ラーメン			ラーメン店	ラーメン	食べログ ラーメン 百名店 2020	大阪府					大阪府 中崎町駅			https://tabelog.com/osaka/A2701/A270103/27056367/		未確認				46232	店舗照合済	食べログ 百名店 2020 / ラーメン WEST / Tabelog ID 27056367 / https://award.tabelog.com/hyakumeiten/ramen_west/2020
FOD-1648	中華そば麦右衛門			ラーメン店	ラーメン	食べログ ラーメン 百名店 2020	兵庫県					兵庫県 揖保郡太子町			https://tabelog.com/hyogo/A2805/A280503/28037743/		未確認				46232	店舗照合済	食べログ 百名店 2020 / ラーメン WEST / Tabelog ID 28037743 / https://award.tabelog.com/hyakumeiten/ramen_west/2020
FOD-1649	拳ラーメン			ラーメン店	ラーメン	食べログ ラーメン 百名店 2020	京都府					京都府 梅小路京都西駅			https://tabelog.com/kyoto/A2601/A260203/26017616/		未確認				46232	店舗照合済	食べログ 百名店 2020 / ラーメン WEST / Tabelog ID 26017616 / https://award.tabelog.com/hyakumeiten/ramen_west/2020
FOD-1650	麺屋 たけ井 本店			ラーメン店	ラーメン	食べログ ラーメン 百名店 2020	京都府					京都府 長池駅			https://tabelog.com/kyoto/A2607/A260704/26017227/		未確認				46232	店舗照合済	食べログ 百名店 2020 / ラーメン WEST / Tabelog ID 26017227 / https://award.tabelog.com/hyakumeiten/ramen_west/2020
FOD-1651	麺や福はら			ラーメン店	ラーメン	食べログ ラーメン 百名店 2020	大阪府					大阪府 今里（近鉄）駅			https://tabelog.com/osaka/A2701/A270306/27099659/		未確認				46232	店舗照合済	食べログ 百名店 2020 / ラーメン WEST / Tabelog ID 27099659 / https://award.tabelog.com/hyakumeiten/ramen_west/2020
FOD-1652	麺屋 八海山			ラーメン店	ラーメン	食べログ ラーメン 百名店 2020	大阪府					大阪府 高槻駅			https://tabelog.com/osaka/A2706/A270604/27061072/		未確認				46232	店舗照合済	食べログ 百名店 2020 / ラーメン WEST / Tabelog ID 27061072 / https://award.tabelog.com/hyakumeiten/ramen_west/2020
FOD-1653	麺や而今 大東本店			ラーメン店	ラーメン	食べログ ラーメン 百名店 2020	大阪府					大阪府 鴻池新田駅			https://tabelog.com/osaka/A2707/A270704/27054613/		未確認				46232	店舗照合済	食べログ 百名店 2020 / ラーメン WEST / Tabelog ID 27054613 / https://award.tabelog.com/hyakumeiten/ramen_west/2020
FOD-1654	自己流ラーメン綿麺			ラーメン店	ラーメン	食べログ ラーメン 百名店 2020	大阪府					大阪府 松原市			https://tabelog.com/osaka/A2708/A270801/27007813/		未確認				46232	店舗照合済	食べログ 百名店 2020 / ラーメン WEST / Tabelog ID 27007813 / https://award.tabelog.com/hyakumeiten/ramen_west/2020
FOD-1655	麺屋NOROMA			ラーメン店	ラーメン	食べログ ラーメン 百名店 2020	奈良県					奈良県 奈良市			https://tabelog.com/nara/A2901/A290101/29007675/		未確認				46232	店舗照合済	食べログ 百名店 2020 / ラーメン WEST / Tabelog ID 29007675 / https://award.tabelog.com/hyakumeiten/ramen_west/2020
FOD-1656	ラーメンにっこう			ラーメン店	ラーメン	食べログ ラーメン 百名店 2020	滋賀県					滋賀県 彦根市			https://tabelog.com/shiga/A2503/A250303/25000362/		未確認				46232	店舗照合済	食べログ 百名店 2020 / ラーメン WEST / Tabelog ID 25000362 / https://award.tabelog.com/hyakumeiten/ramen_west/2020
FOD-1657	新福菜館 本店			ラーメン店	ラーメン	食べログ ラーメン 百名店 2020	京都府					京都府 京都駅			https://tabelog.com/kyoto/A2601/A260101/26000791/		未確認				46232	店舗照合済	食べログ 百名店 2020 / ラーメン WEST / Tabelog ID 26000791 / https://award.tabelog.com/hyakumeiten/ramen_west/2020
FOD-1658	桐麺 本店			ラーメン店	ラーメン	食べログ ラーメン 百名店 2020	大阪府					大阪府 神崎川駅			https://tabelog.com/osaka/A2701/A270302/27082568/		未確認				46232	店舗照合済	食べログ 百名店 2020 / ラーメン WEST / Tabelog ID 27082568 / https://award.tabelog.com/hyakumeiten/ramen_west/2020
FOD-1659	とんぴととりの光龍益			ラーメン店	ラーメン	食べログ ラーメン 百名店 2020	大阪府					大阪府 桜ノ宮駅			https://tabelog.com/osaka/A2701/A270304/27015801/		未確認				46232	店舗照合済	食べログ 百名店 2020 / ラーメン WEST / Tabelog ID 27015801 / https://award.tabelog.com/hyakumeiten/ramen_west/2020
FOD-1660	三谷製麺所 鶴橋店			ラーメン店	ラーメン	食べログ ラーメン 百名店 2020	大阪府					大阪府 鶴橋駅			https://tabelog.com/osaka/A2701/A270306/27058724/		未確認				46232	店舗照合済	食べログ 百名店 2020 / ラーメン WEST / Tabelog ID 27058724 / https://award.tabelog.com/hyakumeiten/ramen_west/2020
FOD-1661	新宿めんや風花			ラーメン店	ラーメン	食べログ ラーメン 百名店 2020	京都府					京都府 四条（京都市営）駅			https://tabelog.com/kyoto/A2601/A260201/26000827/		未確認				46232	店舗照合済	食べログ 百名店 2020 / ラーメン WEST / Tabelog ID 26000827 / https://award.tabelog.com/hyakumeiten/ramen_west/2020
FOD-1662	燃えよ麺助			ラーメン店	ラーメン	食べログ ラーメン 百名店 2020	大阪府					大阪府 福島駅			https://tabelog.com/osaka/A2701/A270108/27091454/		未確認				46232	店舗照合済	食べログ 百名店 2020 / ラーメン WEST / Tabelog ID 27091454 / https://award.tabelog.com/hyakumeiten/ramen_west/2020
FOD-1663	麺屋 さん田			ラーメン店	ラーメン	食べログ ラーメン 百名店 2020	京都府					京都府 西院（阪急）駅			https://tabelog.com/kyoto/A2601/A260401/26029285/		未確認				46232	店舗照合済	食べログ 百名店 2020 / ラーメン WEST / Tabelog ID 26029285 / https://award.tabelog.com/hyakumeiten/ramen_west/2020
FOD-1664	麺一盃			ラーメン店	ラーメン	食べログ ラーメン 百名店 2020	大阪府					大阪府 塚本駅			https://tabelog.com/osaka/A2701/A270302/27052471/		未確認				46232	店舗照合済	食べログ 百名店 2020 / ラーメン WEST / Tabelog ID 27052471 / https://award.tabelog.com/hyakumeiten/ramen_west/2020
FOD-1665	本家 第一旭 たかばし本店			ラーメン店	ラーメン	食べログ ラーメン 百名店 2020	京都府					京都府 京都駅			https://tabelog.com/kyoto/A2601/A260101/26000873/		未確認				46232	店舗照合済	食べログ 百名店 2020 / ラーメン WEST / Tabelog ID 26000873 / https://award.tabelog.com/hyakumeiten/ramen_west/2020
FOD-1666	中華そば ムタヒロ 大阪福島店			ラーメン店	ラーメン	食べログ ラーメン 百名店 2020	大阪府					大阪府 福島駅			https://tabelog.com/osaka/A2701/A270108/27082989/		未確認				46232	店舗照合済	食べログ 百名店 2020 / ラーメン WEST / Tabelog ID 27082989 / https://award.tabelog.com/hyakumeiten/ramen_west/2020
FOD-1667	山崎麺二郎			ラーメン店	ラーメン	食べログ ラーメン 百名店 2020	京都府					京都府 円町駅			https://tabelog.com/kyoto/A2601/A260501/26008681/		未確認				46232	店舗照合済	食べログ 百名店 2020 / ラーメン WEST / Tabelog ID 26008681 / https://award.tabelog.com/hyakumeiten/ramen_west/2020
FOD-1668	貧瞋癡			ラーメン店	ラーメン	食べログ ラーメン 百名店 2020	富山県					富山県 氷見市			https://tabelog.com/toyama/A1604/A160402/16001104/		未確認				46232	店舗照合済	食べログ 百名店 2020 / ラーメン WEST / Tabelog ID 16001104 / https://award.tabelog.com/hyakumeiten/ramen_west/2020
FOD-1669	麺匠而今			ラーメン店	ラーメン	食べログ ラーメン 百名店 2020	大阪府					大阪府 滝井駅			https://tabelog.com/osaka/A2707/A270701/27078739/		未確認				46232	店舗照合済	食べログ 百名店 2020 / ラーメン WEST / Tabelog ID 27078739 / https://award.tabelog.com/hyakumeiten/ramen_west/2020
FOD-1670	担担麺専門店 DAN DAN NOODLES. ENISHI			ラーメン店	ラーメン	食べログ ラーメン 百名店 2020	兵庫県					兵庫県 岩屋駅			https://tabelog.com/hyogo/A2801/A280103/28040621/		未確認				46232	店舗照合済	食べログ 百名店 2020 / ラーメン WEST / Tabelog ID 28040621 / https://award.tabelog.com/hyakumeiten/ramen_west/2020
FOD-1671	らーめん弥七			ラーメン店	ラーメン	食べログ ラーメン 百名店 2020	大阪府					大阪府 中津（大阪メトロ）駅			https://tabelog.com/osaka/A2701/A270101/27003232/		未確認				46232	店舗照合済	食べログ 百名店 2020 / ラーメン WEST / Tabelog ID 27003232 / https://award.tabelog.com/hyakumeiten/ramen_west/2020
FOD-1672	中華そば 無限			ラーメン店	ラーメン	食べログ ラーメン 百名店 2020	大阪府					大阪府 海老江駅			https://tabelog.com/osaka/A2701/A270108/27053626/		未確認				46232	店舗照合済	食べログ 百名店 2020 / ラーメン WEST / Tabelog ID 27053626 / https://award.tabelog.com/hyakumeiten/ramen_west/2020
FOD-1673	烈志笑魚油 麺香房 三く			ラーメン店	ラーメン	食べログ ラーメン 百名店 2020	大阪府					大阪府 新福島駅			https://tabelog.com/osaka/A2701/A270108/27058993/		未確認				46232	店舗照合済	食べログ 百名店 2020 / ラーメン WEST / Tabelog ID 27058993 / https://award.tabelog.com/hyakumeiten/ramen_west/2020
FOD-1674	自家製麺と自然派食材　晴耕雨読			ラーメン店	ラーメン	食べログ ラーメン 百名店 2020	京都府					京都府 宇治（ＪＲ）駅			https://tabelog.com/kyoto/A2607/A260701/26030760/		未確認				46232	店舗照合済	食べログ 百名店 2020 / ラーメン WEST / Tabelog ID 26030760 / https://award.tabelog.com/hyakumeiten/ramen_west/2020
FOD-1675	かしや			ラーメン店	ラーメン	食べログ ラーメン 百名店 2020	大阪府					大阪府 玉出駅			https://tabelog.com/osaka/A2701/A270406/27052519/		未確認				46232	店舗照合済	食べログ 百名店 2020 / ラーメン WEST / Tabelog ID 27052519 / https://award.tabelog.com/hyakumeiten/ramen_west/2020
FOD-1676	麺屋 極鶏			ラーメン店	ラーメン	食べログ ラーメン 百名店 2020	京都府					京都府 一乗寺駅			https://tabelog.com/kyoto/A2601/A260303/26017870/		未確認				46232	店舗照合済	食べログ 百名店 2020 / ラーメン WEST / Tabelog ID 26017870 / https://award.tabelog.com/hyakumeiten/ramen_west/2020
FOD-1677	極汁美麺 umami			ラーメン店	ラーメン	食べログ ラーメン 百名店 2020	大阪府					大阪府 河内小阪駅			https://tabelog.com/osaka/A2707/A270703/27093539/		未確認				46232	店舗照合済	食べログ 百名店 2020 / ラーメン WEST / Tabelog ID 27093539 / https://award.tabelog.com/hyakumeiten/ramen_west/2020
FOD-1678	いかれたヌードル フィッシュトンズ			ラーメン店	ラーメン	食べログ ラーメン 百名店 2020	大阪府					大阪府 西大橋駅			https://tabelog.com/osaka/A2701/A270201/27101904/		未確認				46232	店舗照合済	食べログ 百名店 2020 / ラーメン WEST / Tabelog ID 27101904 / https://award.tabelog.com/hyakumeiten/ramen_west/2020
FOD-1679	麺哲 豊中			ラーメン店	ラーメン	食べログ ラーメン 百名店 2020	大阪府					大阪府 豊中駅			https://tabelog.com/osaka/A2706/A270601/27004096/		未確認				46232	店舗照合済	食べログ 百名店 2020 / ラーメン WEST / Tabelog ID 27004096 / https://award.tabelog.com/hyakumeiten/ramen_west/2020
FOD-1680	世界一暇なラーメン屋			ラーメン店	ラーメン	食べログ ラーメン 百名店 2020	大阪府					大阪府 渡辺橋駅			https://tabelog.com/osaka/A2701/A270102/27077402/		未確認				46232	店舗照合済	食べログ 百名店 2020 / ラーメン WEST / Tabelog ID 27077402 / https://award.tabelog.com/hyakumeiten/ramen_west/2020
FOD-1681	鶏Soba 座銀 にぼし店			ラーメン店	ラーメン	食べログ ラーメン 百名店 2020	大阪府					大阪府 心斎橋駅			https://tabelog.com/osaka/A2701/A270201/27086371/		未確認				46232	店舗照合済	食べログ 百名店 2020 / ラーメン WEST / Tabelog ID 27086371 / https://award.tabelog.com/hyakumeiten/ramen_west/2020
FOD-1682	ロックンビリーS1			ラーメン店	ラーメン	食べログ ラーメン 百名店 2020	兵庫県					兵庫県 塚口（ＪＲ）駅			https://tabelog.com/hyogo/A2803/A280304/28040893/		未確認				46232	店舗照合済	食べログ 百名店 2020 / ラーメン WEST / Tabelog ID 28040893 / https://award.tabelog.com/hyakumeiten/ramen_west/2020
FOD-1683	鶏 soba 座銀 本店			ラーメン店	ラーメン	食べログ ラーメン 百名店 2020	大阪府					大阪府 肥後橋駅			https://tabelog.com/osaka/A2701/A270102/27079112/		未確認				46232	店舗照合済	食べログ 百名店 2020 / ラーメン WEST / Tabelog ID 27079112 / https://award.tabelog.com/hyakumeiten/ramen_west/2020
FOD-1684	ストライク軒			ラーメン店	ラーメン	食べログ ラーメン 百名店 2020	大阪府					大阪府 天神橋筋六丁目駅			https://tabelog.com/osaka/A2701/A270103/27074457/		未確認				46232	店舗照合済	食べログ 百名店 2020 / ラーメン WEST / Tabelog ID 27074457 / https://award.tabelog.com/hyakumeiten/ramen_west/2020
FOD-1685	時屋			ラーメン店	ラーメン	食べログ ラーメン 百名店 2020	大阪府					大阪府 西中島南方駅			https://tabelog.com/osaka/A2701/A270301/27040424/		未確認				46232	店舗照合済	食べログ 百名店 2020 / ラーメン WEST / Tabelog ID 27040424 / https://award.tabelog.com/hyakumeiten/ramen_west/2020
FOD-1686	ふく流らーめん 轍 本町本店			ラーメン店	ラーメン	食べログ ラーメン 百名店 2020	大阪府					大阪府 本町駅			https://tabelog.com/osaka/A2701/A270106/27077641/		未確認				46232	店舗照合済	食べログ 百名店 2020 / ラーメン WEST / Tabelog ID 27077641 / https://award.tabelog.com/hyakumeiten/ramen_west/2020
FOD-1687	らーめんstyle JUNK STORY 本店			ラーメン店	ラーメン	食べログ ラーメン 百名店 2020	大阪府					大阪府 谷町九丁目駅			https://tabelog.com/osaka/A2701/A270205/27050596/		未確認				46232	店舗照合済	食べログ 百名店 2020 / ラーメン WEST / Tabelog ID 27050596 / https://award.tabelog.com/hyakumeiten/ramen_west/2020
FOD-1688	手打ち麺 やす田			ラーメン店	ラーメン	食べログ ラーメン 百名店 2020	大阪府					大阪府 新大阪駅			https://tabelog.com/osaka/A2701/A270301/27060153/		未確認				46232	店舗照合済	食べログ 百名店 2020 / ラーメン WEST / Tabelog ID 27060153 / https://award.tabelog.com/hyakumeiten/ramen_west/2020
FOD-1689	無鉄砲  大阪店			ラーメン店	ラーメン	食べログ ラーメン 百名店 2020	大阪府					大阪府 今宮戎駅			https://tabelog.com/osaka/A2701/A270206/27005006/		未確認				46232	店舗照合済	食べログ 百名店 2020 / ラーメン WEST / Tabelog ID 27005006 / https://award.tabelog.com/hyakumeiten/ramen_west/2020
FOD-1690	らーめん颯人			ラーメン店	ラーメン	食べログ ラーメン 百名店 2020	大阪府					大阪府 南森町駅			https://tabelog.com/osaka/A2701/A270103/27083921/		未確認				46232	店舗照合済	食べログ 百名店 2020 / ラーメン WEST / Tabelog ID 27083921 / https://award.tabelog.com/hyakumeiten/ramen_west/2020
FOD-1691	麺屋彩々 昭和町本店			ラーメン店	ラーメン	食べログ ラーメン 百名店 2020	大阪府					大阪府 昭和町駅			https://tabelog.com/osaka/A2701/A270203/27059500/		未確認				46232	店舗照合済	食べログ 百名店 2020 / ラーメン WEST / Tabelog ID 27059500 / https://award.tabelog.com/hyakumeiten/ramen_west/2020
FOD-1692	らーめん鱗 茨木店			ラーメン店	ラーメン	食べログ ラーメン 百名店 2020	大阪府					大阪府 茨木市駅			https://tabelog.com/osaka/A2706/A270604/27077480/		未確認				46232	店舗照合済	食べログ 百名店 2020 / ラーメン WEST / Tabelog ID 27077480 / https://award.tabelog.com/hyakumeiten/ramen_west/2020
FOD-1693	麺処 と市			ラーメン店	ラーメン	食べログ ラーメン 百名店 2020	奈良県					奈良県 橿原市			https://tabelog.com/nara/A2903/A290302/29006955/		未確認				46232	店舗照合済	食べログ 百名店 2020 / ラーメン WEST / Tabelog ID 29006955 / https://award.tabelog.com/hyakumeiten/ramen_west/2020
FOD-1694	洛二神			ラーメン店	ラーメン	食べログ ラーメン 百名店 2020	大阪府					大阪府 天神橋筋六丁目駅			https://tabelog.com/osaka/A2701/A270103/27000534/		未確認				46232	店舗照合済	食べログ 百名店 2020 / ラーメン WEST / Tabelog ID 27000534 / https://award.tabelog.com/hyakumeiten/ramen_west/2020
FOD-1695	麦と麺助 新梅田中津店			ラーメン店	ラーメン	食べログ ラーメン 百名店 2020	大阪府					大阪府 中津（大阪メトロ）駅			https://tabelog.com/osaka/A2701/A270101/27104891/		未確認				46232	店舗照合済	食べログ 百名店 2020 / ラーメン WEST / Tabelog ID 27104891 / https://award.tabelog.com/hyakumeiten/ramen_west/2020
FOD-1696	大阪麺哲			ラーメン店	ラーメン	食べログ ラーメン 百名店 2020	大阪府					大阪府 東梅田駅			https://tabelog.com/osaka/A2701/A270101/27080479/		未確認				46232	店舗照合済	食べログ 百名店 2020 / ラーメン WEST / Tabelog ID 27080479 / https://award.tabelog.com/hyakumeiten/ramen_west/2020
FOD-1697	博多とんこつ 天神旗			ラーメン店	ラーメン	食べログ ラーメン 百名店 2020	大阪府					大阪府 上新庄駅			https://tabelog.com/osaka/A2701/A270307/27002613/		未確認				46232	店舗照合済	食べログ 百名店 2020 / ラーメン WEST / Tabelog ID 27002613 / https://award.tabelog.com/hyakumeiten/ramen_west/2020
FOD-1698	ラーメン坊也哲			ラーメン店	ラーメン	食べログ ラーメン 百名店 2020	大阪府					大阪府 若江岩田駅			https://tabelog.com/osaka/A2707/A270703/27073370/		未確認				46232	店舗照合済	食べログ 百名店 2020 / ラーメン WEST / Tabelog ID 27073370 / https://award.tabelog.com/hyakumeiten/ramen_west/2020
FOD-1699	あいつのラーメン かたぐるま			ラーメン店	ラーメン	食べログ ラーメン 百名店 2020	京都府					京都府 丹波口駅			https://tabelog.com/kyoto/A2601/A260203/26023737/		未確認				46232	店舗照合済	食べログ 百名店 2020 / ラーメン WEST / Tabelog ID 26023737 / https://award.tabelog.com/hyakumeiten/ramen_west/2020
FOD-1700	はまんど			ラーメン店	ラーメン	食べログ ラーメン 百名店 2020	香川県					香川県 三豊市			https://tabelog.com/kagawa/A3703/A370303/37000174/		未確認				46232	店舗照合済	食べログ 百名店 2020 / ラーメン WEST / Tabelog ID 37000174 / https://award.tabelog.com/hyakumeiten/ramen_west/2020
FOD-1701	無鉄砲 本店			ラーメン店	ラーメン	食べログ ラーメン 百名店 2020	京都府					京都府 木津川市			https://tabelog.com/kyoto/A2607/A260705/26002160/		未確認				46232	店舗照合済	食べログ 百名店 2020 / ラーメン WEST / Tabelog ID 26002160 / https://award.tabelog.com/hyakumeiten/ramen_west/2020
FOD-1702	麺と心 7			ラーメン店	ラーメン	食べログ ラーメン 百名店 2020	大阪府					大阪府 阿倍野駅			https://tabelog.com/osaka/A2701/A270203/27072629/		未確認				46232	店舗照合済	食べログ 百名店 2020 / ラーメン WEST / Tabelog ID 27072629 / https://award.tabelog.com/hyakumeiten/ramen_west/2020
FOD-1703	がふうあん			ラーメン店	ラーメン	食べログ ラーメン 百名店 2020	兵庫県					兵庫県 伊丹（阪急）駅			https://tabelog.com/hyogo/A2803/A280306/28022134/		未確認				46232	店舗照合済	食べログ 百名店 2020 / ラーメン WEST / Tabelog ID 28022134 / https://award.tabelog.com/hyakumeiten/ramen_west/2020
FOD-1704	がむしゃら 奈良			ラーメン店	ラーメン	食べログ ラーメン 百名店 2020	奈良県					奈良県 大和郡山市			https://tabelog.com/nara/A2902/A290202/29001411/		未確認				46232	店舗照合済	食べログ 百名店 2020 / ラーメン WEST / Tabelog ID 29001411 / https://award.tabelog.com/hyakumeiten/ramen_west/2020
FOD-1705	中華そば 閃			ラーメン店	ラーメン	食べログ ラーメン 百名店 2020	大阪府					大阪府 あびこ駅			https://tabelog.com/osaka/A2701/A270404/27061126/		未確認				46232	店舗照合済	食べログ 百名店 2020 / ラーメン WEST / Tabelog ID 27061126 / https://award.tabelog.com/hyakumeiten/ramen_west/2020
FOD-1706	うさぎや 中央通り店			飲食店	スイーツ	食べログ スイーツ 百名店 2020	東京都					東京都 日本橋駅			https://tabelog.com/tokyo/A1302/A130202/13041161/		未確認				46232	店舗照合済	食べログ 百名店 2020 / スイーツ TOKYO / Tabelog ID 13041161 / https://award.tabelog.com/hyakumeiten/sweets_tokyo/2020
FOD-1707	日本橋 長門			飲食店	スイーツ	食べログ スイーツ 百名店 2020	東京都					東京都 日本橋駅			https://tabelog.com/tokyo/A1302/A130202/13011481/		未確認				46232	店舗照合済	食べログ 百名店 2020 / スイーツ TOKYO / Tabelog ID 13011481 / https://award.tabelog.com/hyakumeiten/sweets_tokyo/2020
FOD-1708	ラ・ヴィエイユ・フランス 本店			飲食店	スイーツ	食べログ スイーツ 百名店 2020	東京都					東京都 千歳烏山駅			https://tabelog.com/tokyo/A1318/A131809/13043939/		未確認				46232	店舗照合済	食べログ 百名店 2020 / スイーツ TOKYO / Tabelog ID 13043939 / https://award.tabelog.com/hyakumeiten/sweets_tokyo/2020
FOD-1709	志むら			飲食店	スイーツ	食べログ スイーツ 百名店 2020	東京都					東京都 目白駅			https://tabelog.com/tokyo/A1305/A130502/13003855/		未確認				46232	店舗照合済	食べログ 百名店 2020 / スイーツ TOKYO / Tabelog ID 13003855 / https://award.tabelog.com/hyakumeiten/sweets_tokyo/2020
FOD-1710	ラ･メゾン･デュ･ショコラ 丸の内店			飲食店	スイーツ	食べログ スイーツ 百名店 2020	東京都					東京都 有楽町駅			https://tabelog.com/tokyo/A1301/A130102/13000036/		未確認				46232	店舗照合済	食べログ 百名店 2020 / スイーツ TOKYO / Tabelog ID 13000036 / https://award.tabelog.com/hyakumeiten/sweets_tokyo/2020
FOD-1711	ひみつ堂			飲食店	スイーツ	食べログ スイーツ 百名店 2020	東京都					東京都 千駄木駅			https://tabelog.com/tokyo/A1311/A131106/13126796/		未確認				46232	店舗照合済	食べログ 百名店 2020 / スイーツ TOKYO / Tabelog ID 13126796 / https://award.tabelog.com/hyakumeiten/sweets_tokyo/2020
FOD-1712	亀十			飲食店	スイーツ	食べログ スイーツ 百名店 2020	東京都					東京都 浅草（東武・都営・メトロ）駅			https://tabelog.com/tokyo/A1311/A131102/13003655/		未確認				46232	店舗照合済	食べログ 百名店 2020 / スイーツ TOKYO / Tabelog ID 13003655 / https://award.tabelog.com/hyakumeiten/sweets_tokyo/2020
FOD-1713	すずめや			飲食店	スイーツ	食べログ スイーツ 百名店 2020	東京都					東京都 池袋駅			https://tabelog.com/tokyo/A1305/A130501/13009255/		未確認				46232	店舗照合済	食べログ 百名店 2020 / スイーツ TOKYO / Tabelog ID 13009255 / https://award.tabelog.com/hyakumeiten/sweets_tokyo/2020
FOD-1714	瑞穂			飲食店	スイーツ	食べログ スイーツ 百名店 2020	東京都					東京都 明治神宮前駅			https://tabelog.com/tokyo/A1306/A130601/13001154/		未確認				46232	店舗照合済	食べログ 百名店 2020 / スイーツ TOKYO / Tabelog ID 13001154 / https://award.tabelog.com/hyakumeiten/sweets_tokyo/2020
FOD-1715	うさぎや			飲食店	スイーツ	食べログ スイーツ 百名店 2020	東京都					東京都 阿佐ケ谷駅			https://tabelog.com/tokyo/A1319/A131905/13000731/		未確認				46232	店舗照合済	食べログ 百名店 2020 / スイーツ TOKYO / Tabelog ID 13000731 / https://award.tabelog.com/hyakumeiten/sweets_tokyo/2020
FOD-1716	アステリスク			飲食店	スイーツ	食べログ スイーツ 百名店 2020	東京都					東京都 代々木上原駅			https://tabelog.com/tokyo/A1318/A131811/13140735/		未確認				46232	店舗照合済	食べログ 百名店 2020 / スイーツ TOKYO / Tabelog ID 13140735 / https://award.tabelog.com/hyakumeiten/sweets_tokyo/2020
FOD-1717	パティスリーサロン・ドゥ・テ アミティエ			飲食店	スイーツ	食べログ スイーツ 百名店 2020	東京都					東京都 神楽坂駅			https://tabelog.com/tokyo/A1309/A130905/13047005/		未確認				46232	店舗照合済	食べログ 百名店 2020 / スイーツ TOKYO / Tabelog ID 13047005 / https://award.tabelog.com/hyakumeiten/sweets_tokyo/2020
FOD-1718	レ・カカオ			飲食店	スイーツ	食べログ スイーツ 百名店 2020	東京都					東京都 五反田駅			https://tabelog.com/tokyo/A1316/A131603/13203619/		未確認				46232	店舗照合済	食べログ 百名店 2020 / スイーツ TOKYO / Tabelog ID 13203619 / https://award.tabelog.com/hyakumeiten/sweets_tokyo/2020
FOD-1719	ショコラティエ パレ ド オール 東京			飲食店	スイーツ	食べログ スイーツ 百名店 2020	東京都					東京都 大手町駅			https://tabelog.com/tokyo/A1302/A130201/13038473/		未確認				46232	店舗照合済	食べログ 百名店 2020 / スイーツ TOKYO / Tabelog ID 13038473 / https://award.tabelog.com/hyakumeiten/sweets_tokyo/2020
FOD-1720	ラ・プレシューズ 紀尾井町店			飲食店	スイーツ	食べログ スイーツ 百名店 2020	東京都					東京都 永田町駅			https://tabelog.com/tokyo/A1308/A130801/13198490/		未確認				46232	店舗照合済	食べログ 百名店 2020 / スイーツ TOKYO / Tabelog ID 13198490 / https://award.tabelog.com/hyakumeiten/sweets_tokyo/2020
FOD-1721	草月			飲食店	スイーツ	食べログ スイーツ 百名店 2020	東京都					東京都 東十条駅			https://tabelog.com/tokyo/A1323/A132304/13003793/		未確認				46232	店舗照合済	食べログ 百名店 2020 / スイーツ TOKYO / Tabelog ID 13003793 / https://award.tabelog.com/hyakumeiten/sweets_tokyo/2020
FOD-1722	たいやき ひいらぎ			飲食店	スイーツ	食べログ スイーツ 百名店 2020	東京都					東京都 恵比寿駅			https://tabelog.com/tokyo/A1303/A130302/13026096/		未確認				46232	店舗照合済	食べログ 百名店 2020 / スイーツ TOKYO / Tabelog ID 13026096 / https://award.tabelog.com/hyakumeiten/sweets_tokyo/2020
FOD-1723	廚 菓子 くろぎ			飲食店	スイーツ	食べログ スイーツ 百名店 2020	東京都					東京都 本郷三丁目駅			https://tabelog.com/tokyo/A1310/A131004/13167993/		未確認				46232	店舗照合済	食べログ 百名店 2020 / スイーツ TOKYO / Tabelog ID 13167993 / https://award.tabelog.com/hyakumeiten/sweets_tokyo/2020
FOD-1724	エシレ・メゾン デュ ブール			飲食店	スイーツ	食べログ スイーツ 百名店 2020	東京都					東京都 二重橋前駅			https://tabelog.com/tokyo/A1302/A130201/13096439/		未確認				46232	店舗照合済	食べログ 百名店 2020 / スイーツ TOKYO / Tabelog ID 13096439 / https://award.tabelog.com/hyakumeiten/sweets_tokyo/2020
FOD-1725	フレデリック カッセル 銀座三越			飲食店	スイーツ	食べログ スイーツ 百名店 2020	東京都					東京都 銀座駅			https://tabelog.com/tokyo/A1301/A130101/13116839/		未確認				46232	店舗照合済	食べログ 百名店 2020 / スイーツ TOKYO / Tabelog ID 13116839 / https://award.tabelog.com/hyakumeiten/sweets_tokyo/2020
FOD-1726	PATISSERIE ASAKO IWAYANAGI			飲食店	スイーツ	食べログ スイーツ 百名店 2020	東京都					東京都 等々力駅			https://tabelog.com/tokyo/A1317/A131715/13189509/		未確認				46232	店舗照合済	食べログ 百名店 2020 / スイーツ TOKYO / Tabelog ID 13189509 / https://award.tabelog.com/hyakumeiten/sweets_tokyo/2020
FOD-1727	ちもと			飲食店	スイーツ	食べログ スイーツ 百名店 2020	東京都					東京都 都立大学駅			https://tabelog.com/tokyo/A1317/A131702/13003218/		未確認				46232	店舗照合済	食べログ 百名店 2020 / スイーツ TOKYO / Tabelog ID 13003218 / https://award.tabelog.com/hyakumeiten/sweets_tokyo/2020
FOD-1728	パティスリー・スリール			飲食店	スイーツ	食べログ スイーツ 百名店 2020	東京都					東京都 祐天寺駅			https://tabelog.com/tokyo/A1317/A131701/13018799/		未確認				46232	店舗照合済	食べログ 百名店 2020 / スイーツ TOKYO / Tabelog ID 13018799 / https://award.tabelog.com/hyakumeiten/sweets_tokyo/2020
FOD-1729	和kitchen かんな			飲食店	スイーツ	食べログ スイーツ 百名店 2020	東京都					東京都 三軒茶屋駅			https://tabelog.com/tokyo/A1317/A131706/13156812/		未確認				46232	店舗照合済	食べログ 百名店 2020 / スイーツ TOKYO / Tabelog ID 13156812 / https://award.tabelog.com/hyakumeiten/sweets_tokyo/2020
FOD-1730	パティスリー SATSUKI			飲食店	スイーツ	食べログ スイーツ 百名店 2020	東京都					東京都 麹町駅			https://tabelog.com/tokyo/A1308/A130803/13000178/		未確認				46232	店舗照合済	食べログ 百名店 2020 / スイーツ TOKYO / Tabelog ID 13000178 / https://award.tabelog.com/hyakumeiten/sweets_tokyo/2020
FOD-1731	紀の善			飲食店	スイーツ	食べログ スイーツ 百名店 2020	東京都					東京都 飯田橋駅			https://tabelog.com/tokyo/A1309/A130905/13000478/		未確認				46232	店舗照合済	食べログ 百名店 2020 / スイーツ TOKYO / Tabelog ID 13000478 / https://award.tabelog.com/hyakumeiten/sweets_tokyo/2020
FOD-1732	一幸庵			飲食店	スイーツ	食べログ スイーツ 百名店 2020	東京都					東京都 茗荷谷駅			https://tabelog.com/tokyo/A1323/A132302/13005076/		未確認				46232	店舗照合済	食べログ 百名店 2020 / スイーツ TOKYO / Tabelog ID 13005076 / https://award.tabelog.com/hyakumeiten/sweets_tokyo/2020
FOD-1733	うさぎや			飲食店	スイーツ	食べログ スイーツ 百名店 2020	東京都					東京都 上野広小路駅			https://tabelog.com/tokyo/A1311/A131101/13003599/		未確認				46232	店舗照合済	食べログ 百名店 2020 / スイーツ TOKYO / Tabelog ID 13003599 / https://award.tabelog.com/hyakumeiten/sweets_tokyo/2020
FOD-1734	浪花家総本店			飲食店	スイーツ	食べログ スイーツ 百名店 2020	東京都					東京都 麻布十番駅			https://tabelog.com/tokyo/A1307/A130702/13002775/		未確認				46232	店舗照合済	食べログ 百名店 2020 / スイーツ TOKYO / Tabelog ID 13002775 / https://award.tabelog.com/hyakumeiten/sweets_tokyo/2020
FOD-1735	リベルターブル 赤坂店			飲食店	スイーツ	食べログ スイーツ 百名店 2020	東京都					東京都 赤坂駅			https://tabelog.com/tokyo/A1308/A130801/13160987/		未確認				46232	店舗照合済	食べログ 百名店 2020 / スイーツ TOKYO / Tabelog ID 13160987 / https://award.tabelog.com/hyakumeiten/sweets_tokyo/2020
FOD-1736	たいやき わかば			飲食店	スイーツ	食べログ スイーツ 百名店 2020	東京都					東京都 四ツ谷駅			https://tabelog.com/tokyo/A1309/A130902/13000848/		未確認				46232	店舗照合済	食べログ 百名店 2020 / スイーツ TOKYO / Tabelog ID 13000848 / https://award.tabelog.com/hyakumeiten/sweets_tokyo/2020
FOD-1737	ロートンヌ 中野店			飲食店	スイーツ	食べログ スイーツ 百名店 2020	東京都					東京都 新江古田駅			https://tabelog.com/tokyo/A1321/A132101/13118933/		未確認				46232	店舗照合済	食べログ 百名店 2020 / スイーツ TOKYO / Tabelog ID 13118933 / https://award.tabelog.com/hyakumeiten/sweets_tokyo/2020
FOD-1738	パティスリー イル・プルー・シュル・ラ・セーヌ			飲食店	スイーツ	食べログ スイーツ 百名店 2020	東京都					東京都 代官山駅			https://tabelog.com/tokyo/A1303/A130303/13001912/		未確認				46232	店舗照合済	食べログ 百名店 2020 / スイーツ TOKYO / Tabelog ID 13001912 / https://award.tabelog.com/hyakumeiten/sweets_tokyo/2020
FOD-1739	アヴランシュ・ゲネー			飲食店	スイーツ	食べログ スイーツ 百名店 2020	東京都					東京都 春日駅			https://tabelog.com/tokyo/A1310/A131004/13186450/		未確認				46232	店舗照合済	食べログ 百名店 2020 / スイーツ TOKYO / Tabelog ID 13186450 / https://award.tabelog.com/hyakumeiten/sweets_tokyo/2020
FOD-1740	ホレンディッシェ・カカオシュトゥーベ 新宿伊勢丹店			飲食店	スイーツ	食べログ スイーツ 百名店 2020	東京都					東京都 新宿三丁目駅			https://tabelog.com/tokyo/A1304/A130401/13097078/		未確認				46232	店舗照合済	食べログ 百名店 2020 / スイーツ TOKYO / Tabelog ID 13097078 / https://award.tabelog.com/hyakumeiten/sweets_tokyo/2020
FOD-1741	ツッカベッカライ カヤヌマ			飲食店	スイーツ	食べログ スイーツ 百名店 2020	東京都					東京都 溜池山王駅			https://tabelog.com/tokyo/A1308/A130802/13002756/		未確認				46232	店舗照合済	食べログ 百名店 2020 / スイーツ TOKYO / Tabelog ID 13002756 / https://award.tabelog.com/hyakumeiten/sweets_tokyo/2020
FOD-1742	モンサンクレール			飲食店	スイーツ	食べログ スイーツ 百名店 2020	東京都					東京都 自由が丘駅			https://tabelog.com/tokyo/A1317/A131703/13003221/		未確認				46232	店舗照合済	食べログ 百名店 2020 / スイーツ TOKYO / Tabelog ID 13003221 / https://award.tabelog.com/hyakumeiten/sweets_tokyo/2020
FOD-1743	フルーツパーラーゴトー			飲食店	スイーツ	食べログ スイーツ 百名店 2020	東京都					東京都 浅草（つくばＥＸＰ）駅			https://tabelog.com/tokyo/A1311/A131102/13095672/		未確認				46232	店舗照合済	食べログ 百名店 2020 / スイーツ TOKYO / Tabelog ID 13095672 / https://award.tabelog.com/hyakumeiten/sweets_tokyo/2020
FOD-1744	だるまや餅菓子店			飲食店	スイーツ	食べログ スイーツ 百名店 2020	東京都					東京都 十条駅			https://tabelog.com/tokyo/A1323/A132304/13008769/		未確認				46232	店舗照合済	食べログ 百名店 2020 / スイーツ TOKYO / Tabelog ID 13008769 / https://award.tabelog.com/hyakumeiten/sweets_tokyo/2020
FOD-1745	パティスリィ ドゥ・ボン・クーフゥ 武蔵小山本店			飲食店	スイーツ	食べログ スイーツ 百名店 2020	東京都					東京都 武蔵小山駅			https://tabelog.com/tokyo/A1317/A131710/13032289/		未確認				46232	店舗照合済	食べログ 百名店 2020 / スイーツ TOKYO / Tabelog ID 13032289 / https://award.tabelog.com/hyakumeiten/sweets_tokyo/2020
FOD-1746	パティスリー タダシ ヤナギ 八雲店			飲食店	スイーツ	食べログ スイーツ 百名店 2020	東京都					東京都 都立大学駅			https://tabelog.com/tokyo/A1317/A131702/13019733/		未確認				46232	店舗照合済	食べログ 百名店 2020 / スイーツ TOKYO / Tabelog ID 13019733 / https://award.tabelog.com/hyakumeiten/sweets_tokyo/2020
FOD-1747	パティスリー カーヴァンソン			飲食店	スイーツ	食べログ スイーツ 百名店 2020	東京都					東京都 飯田橋駅			https://tabelog.com/tokyo/A1309/A130905/13035194/		未確認				46232	店舗照合済	食べログ 百名店 2020 / スイーツ TOKYO / Tabelog ID 13035194 / https://award.tabelog.com/hyakumeiten/sweets_tokyo/2020
FOD-1748	ラトリエ モトゾー			飲食店	スイーツ	食べログ スイーツ 百名店 2020	東京都					東京都 池尻大橋駅			https://tabelog.com/tokyo/A1317/A131705/13199223/		未確認				46232	店舗照合済	食べログ 百名店 2020 / スイーツ TOKYO / Tabelog ID 13199223 / https://award.tabelog.com/hyakumeiten/sweets_tokyo/2020
FOD-1749	フルーツパーラーフクナガ			飲食店	スイーツ	食べログ スイーツ 百名店 2020	東京都					東京都 四谷三丁目駅			https://tabelog.com/tokyo/A1309/A130903/13006765/		未確認				46232	店舗照合済	食べログ 百名店 2020 / スイーツ TOKYO / Tabelog ID 13006765 / https://award.tabelog.com/hyakumeiten/sweets_tokyo/2020
FOD-1750	ナタ・デ・クリスチアノ			飲食店	スイーツ	食べログ スイーツ 百名店 2020	東京都					東京都 代々木公園駅			https://tabelog.com/tokyo/A1318/A131810/13153384/		未確認				46232	店舗照合済	食べログ 百名店 2020 / スイーツ TOKYO / Tabelog ID 13153384 / https://award.tabelog.com/hyakumeiten/sweets_tokyo/2020
FOD-1751	フルーツカフェ フルータス			飲食店	スイーツ	食べログ スイーツ 百名店 2020	東京都					東京都 門前仲町駅			https://tabelog.com/tokyo/A1313/A131303/13056677/		未確認				46232	店舗照合済	食べログ 百名店 2020 / スイーツ TOKYO / Tabelog ID 13056677 / https://award.tabelog.com/hyakumeiten/sweets_tokyo/2020
FOD-1752	マテリエル			飲食店	スイーツ	食べログ スイーツ 百名店 2020	東京都					東京都 大山駅			https://tabelog.com/tokyo/A1322/A132203/13110008/		未確認				46232	店舗照合済	食べログ 百名店 2020 / スイーツ TOKYO / Tabelog ID 13110008 / https://award.tabelog.com/hyakumeiten/sweets_tokyo/2020
FOD-1753	ハリッツ 上原店			飲食店	スイーツ	食べログ スイーツ 百名店 2020	東京都					東京都 代々木上原駅			https://tabelog.com/tokyo/A1318/A131811/13023466/		未確認				46232	店舗照合済	食べログ 百名店 2020 / スイーツ TOKYO / Tabelog ID 13023466 / https://award.tabelog.com/hyakumeiten/sweets_tokyo/2020
FOD-1754	うさぎや 本店			飲食店	スイーツ	食べログ スイーツ 百名店 2020	東京都					東京都 日本橋駅			https://tabelog.com/tokyo/A1302/A130202/13003250/		未確認				46232	店舗照合済	食べログ 百名店 2020 / スイーツ TOKYO / Tabelog ID 13003250 / https://award.tabelog.com/hyakumeiten/sweets_tokyo/2020
FOD-1755	レピキュリアン			飲食店	スイーツ	食べログ スイーツ 百名店 2020	東京都					東京都 吉祥寺駅			https://tabelog.com/tokyo/A1320/A132001/13005891/		未確認				46232	店舗照合済	食べログ 百名店 2020 / スイーツ TOKYO / Tabelog ID 13005891 / https://award.tabelog.com/hyakumeiten/sweets_tokyo/2020
FOD-1756	オーボンヴュータン 尾山台店			飲食店	スイーツ	食べログ スイーツ 百名店 2020	東京都					東京都 尾山台駅			https://tabelog.com/tokyo/A1317/A131715/13181654/		未確認				46232	店舗照合済	食べログ 百名店 2020 / スイーツ TOKYO / Tabelog ID 13181654 / https://award.tabelog.com/hyakumeiten/sweets_tokyo/2020
FOD-1757	フランス菓子 パティシエ ショコラティエ イナムラショウゾウ			飲食店	スイーツ	食べログ スイーツ 百名店 2020	東京都					東京都 日暮里駅			https://tabelog.com/tokyo/A1311/A131105/13047298/		未確認				46232	店舗照合済	食べログ 百名店 2020 / スイーツ TOKYO / Tabelog ID 13047298 / https://award.tabelog.com/hyakumeiten/sweets_tokyo/2020
FOD-1758	和栗や 谷中店			飲食店	スイーツ	食べログ スイーツ 百名店 2020	東京都					東京都 千駄木駅			https://tabelog.com/tokyo/A1311/A131106/13130539/		未確認				46232	店舗照合済	食べログ 百名店 2020 / スイーツ TOKYO / Tabelog ID 13130539 / https://award.tabelog.com/hyakumeiten/sweets_tokyo/2020
FOD-1759	千葉屋			飲食店	スイーツ	食べログ スイーツ 百名店 2020	東京都					東京都 浅草（つくばＥＸＰ）駅			https://tabelog.com/tokyo/A1311/A131102/13008691/		未確認				46232	店舗照合済	食べログ 百名店 2020 / スイーツ TOKYO / Tabelog ID 13008691 / https://award.tabelog.com/hyakumeiten/sweets_tokyo/2020
FOD-1760	アトリエコータ 神楽坂店			飲食店	スイーツ	食べログ スイーツ 百名店 2020	東京都					東京都 神楽坂駅			https://tabelog.com/tokyo/A1309/A130905/13136823/		未確認				46232	店舗照合済	食べログ 百名店 2020 / スイーツ TOKYO / Tabelog ID 13136823 / https://award.tabelog.com/hyakumeiten/sweets_tokyo/2020
FOD-1761	ホットケーキパーラー フルフル 赤坂店			飲食店	スイーツ	食べログ スイーツ 百名店 2020	東京都					東京都 赤坂駅			https://tabelog.com/tokyo/A1308/A130801/13155288/		未確認				46232	店舗照合済	食べログ 百名店 2020 / スイーツ TOKYO / Tabelog ID 13155288 / https://award.tabelog.com/hyakumeiten/sweets_tokyo/2020
FOD-1762	Toshi Yoroizuka Mid Town			飲食店	スイーツ	食べログ スイーツ 百名店 2020	東京都					東京都 六本木駅			https://tabelog.com/tokyo/A1307/A130701/13037382/		未確認				46232	店舗照合済	食べログ 百名店 2020 / スイーツ TOKYO / Tabelog ID 13037382 / https://award.tabelog.com/hyakumeiten/sweets_tokyo/2020
FOD-1763	梅むら			飲食店	スイーツ	食べログ スイーツ 百名店 2020	東京都					東京都 浅草（つくばＥＸＰ）駅			https://tabelog.com/tokyo/A1311/A131102/13008698/		未確認				46232	店舗照合済	食べログ 百名店 2020 / スイーツ TOKYO / Tabelog ID 13008698 / https://award.tabelog.com/hyakumeiten/sweets_tokyo/2020
FOD-1764	パティスリー レザネフォール 恵比寿本店			飲食店	スイーツ	食べログ スイーツ 百名店 2020	東京都					東京都 代官山駅			https://tabelog.com/tokyo/A1303/A130302/13149501/		未確認				46232	店舗照合済	食べログ 百名店 2020 / スイーツ TOKYO / Tabelog ID 13149501 / https://award.tabelog.com/hyakumeiten/sweets_tokyo/2020
FOD-1765	清寿軒			飲食店	スイーツ	食べログ スイーツ 百名店 2020	東京都					東京都 小伝馬町駅			https://tabelog.com/tokyo/A1302/A130204/13213772/		未確認				46232	店舗照合済	食べログ 百名店 2020 / スイーツ TOKYO / Tabelog ID 13213772 / https://award.tabelog.com/hyakumeiten/sweets_tokyo/2020
FOD-1766	パティスリー カカオエット・パリ			飲食店	スイーツ	食べログ スイーツ 百名店 2020	東京都					東京都 中目黒駅			https://tabelog.com/tokyo/A1317/A131701/13039525/		未確認				46232	店舗照合済	食べログ 百名店 2020 / スイーツ TOKYO / Tabelog ID 13039525 / https://award.tabelog.com/hyakumeiten/sweets_tokyo/2020
FOD-1767	スタイルズケイクス＆カンパニー			飲食店	スイーツ	食べログ スイーツ 百名店 2020	東京都					東京都 神保町駅			https://tabelog.com/tokyo/A1310/A131003/13125138/		未確認				46232	店舗照合済	食べログ 百名店 2020 / スイーツ TOKYO / Tabelog ID 13125138 / https://award.tabelog.com/hyakumeiten/sweets_tokyo/2020
FOD-1768	西洋菓子 しろたえ			飲食店	スイーツ	食べログ スイーツ 百名店 2020	東京都					東京都 赤坂見附駅			https://tabelog.com/tokyo/A1308/A130801/13002850/		未確認				46232	店舗照合済	食べログ 百名店 2020 / スイーツ TOKYO / Tabelog ID 13002850 / https://award.tabelog.com/hyakumeiten/sweets_tokyo/2020
FOD-1769	オーボンヴュータン 日本橋高島屋店			飲食店	スイーツ	食べログ スイーツ 百名店 2020	東京都					東京都 日本橋駅			https://tabelog.com/tokyo/A1302/A130202/13023670/		未確認				46232	店舗照合済	食べログ 百名店 2020 / スイーツ TOKYO / Tabelog ID 13023670 / https://award.tabelog.com/hyakumeiten/sweets_tokyo/2020
FOD-1770	パティスリー ユウ ササゲ			飲食店	スイーツ	食べログ スイーツ 百名店 2020	東京都					東京都 千歳烏山駅			https://tabelog.com/tokyo/A1318/A131809/13155662/		未確認				46232	店舗照合済	食べログ 百名店 2020 / スイーツ TOKYO / Tabelog ID 13155662 / https://award.tabelog.com/hyakumeiten/sweets_tokyo/2020
FOD-1771	アルカション			飲食店	スイーツ	食べログ スイーツ 百名店 2020	東京都					東京都 保谷駅			https://tabelog.com/tokyo/A1328/A132801/13023168/		未確認				46232	店舗照合済	食べログ 百名店 2020 / スイーツ TOKYO / Tabelog ID 13023168 / https://award.tabelog.com/hyakumeiten/sweets_tokyo/2020
FOD-1772	北斎茶房			飲食店	スイーツ	食べログ スイーツ 百名店 2020	東京都					東京都 錦糸町駅			https://tabelog.com/tokyo/A1312/A131201/13009563/		未確認				46232	店舗照合済	食べログ 百名店 2020 / スイーツ TOKYO / Tabelog ID 13009563 / https://award.tabelog.com/hyakumeiten/sweets_tokyo/2020
FOD-1773	ラ・ファミーユ			飲食店	スイーツ	食べログ スイーツ 百名店 2020	東京都					東京都 池袋駅			https://tabelog.com/tokyo/A1305/A130501/13005624/		未確認				46232	店舗照合済	食べログ 百名店 2020 / スイーツ TOKYO / Tabelog ID 13005624 / https://award.tabelog.com/hyakumeiten/sweets_tokyo/2020
FOD-1774	アディクト オ シュクル			飲食店	スイーツ	食べログ スイーツ 百名店 2020	東京都					東京都 都立大学駅			https://tabelog.com/tokyo/A1317/A131702/13171753/		未確認				46232	店舗照合済	食べログ 百名店 2020 / スイーツ TOKYO / Tabelog ID 13171753 / https://award.tabelog.com/hyakumeiten/sweets_tokyo/2020
FOD-1775	パーラー ローレル			飲食店	スイーツ	食べログ スイーツ 百名店 2020	東京都					東京都 九品仏駅			https://tabelog.com/tokyo/A1317/A131715/13003097/		未確認				46232	店舗照合済	食べログ 百名店 2020 / スイーツ TOKYO / Tabelog ID 13003097 / https://award.tabelog.com/hyakumeiten/sweets_tokyo/2020
FOD-1776	御菓子処 さゝま			飲食店	スイーツ	食べログ スイーツ 百名店 2020	東京都					東京都 神保町駅			https://tabelog.com/tokyo/A1310/A131003/13000627/		未確認				46232	店舗照合済	食べログ 百名店 2020 / スイーツ TOKYO / Tabelog ID 13000627 / https://award.tabelog.com/hyakumeiten/sweets_tokyo/2020
FOD-1777	たちばな			飲食店	スイーツ	食べログ スイーツ 百名店 2020	東京都					東京都 新橋駅			https://tabelog.com/tokyo/A1301/A130103/13022189/		未確認				46232	店舗照合済	食べログ 百名店 2020 / スイーツ TOKYO / Tabelog ID 13022189 / https://award.tabelog.com/hyakumeiten/sweets_tokyo/2020
FOD-1778	チリムーロ			飲食店	スイーツ	食べログ スイーツ 百名店 2020	東京都					東京都 代官山駅			https://tabelog.com/tokyo/A1303/A130301/13164533/		未確認				46232	店舗照合済	食べログ 百名店 2020 / スイーツ TOKYO / Tabelog ID 13164533 / https://award.tabelog.com/hyakumeiten/sweets_tokyo/2020
FOD-1779	パティスリー ジュンウジタ			飲食店	スイーツ	食べログ スイーツ 百名店 2020	東京都					東京都 都立大学駅			https://tabelog.com/tokyo/A1317/A131702/13133033/		未確認				46232	店舗照合済	食べログ 百名店 2020 / スイーツ TOKYO / Tabelog ID 13133033 / https://award.tabelog.com/hyakumeiten/sweets_tokyo/2020
FOD-1780	ケンズカフェ東京			飲食店	スイーツ	食べログ スイーツ 百名店 2020	東京都					東京都 新宿御苑前駅			https://tabelog.com/tokyo/A1304/A130402/13024643/		未確認				46232	店舗照合済	食べログ 百名店 2020 / スイーツ TOKYO / Tabelog ID 13024643 / https://award.tabelog.com/hyakumeiten/sweets_tokyo/2020
FOD-1781	松島屋			飲食店	スイーツ	食べログ スイーツ 百名店 2020	東京都					東京都 泉岳寺駅			https://tabelog.com/tokyo/A1314/A131403/13007137/		未確認				46232	店舗照合済	食べログ 百名店 2020 / スイーツ TOKYO / Tabelog ID 13007137 / https://award.tabelog.com/hyakumeiten/sweets_tokyo/2020
FOD-1782	空也			飲食店	スイーツ	食べログ スイーツ 百名店 2020	東京都					東京都 銀座駅			https://tabelog.com/tokyo/A1301/A130101/13002591/		未確認				46232	店舗照合済	食べログ 百名店 2020 / スイーツ TOKYO / Tabelog ID 13002591 / https://award.tabelog.com/hyakumeiten/sweets_tokyo/2020
FOD-1783	クリオロ 中目黒店			飲食店	スイーツ	食べログ スイーツ 百名店 2020	東京都					東京都 中目黒駅			https://tabelog.com/tokyo/A1317/A131701/13077927/		未確認				46232	店舗照合済	食べログ 百名店 2020 / スイーツ TOKYO / Tabelog ID 13077927 / https://award.tabelog.com/hyakumeiten/sweets_tokyo/2020
FOD-1784	エーグルドゥース			飲食店	スイーツ	食べログ スイーツ 百名店 2020	東京都					東京都 目白駅			https://tabelog.com/tokyo/A1305/A130502/13005641/		未確認				46232	店舗照合済	食べログ 百名店 2020 / スイーツ TOKYO / Tabelog ID 13005641 / https://award.tabelog.com/hyakumeiten/sweets_tokyo/2020
FOD-1785	浅草浪花家			飲食店	スイーツ	食べログ スイーツ 百名店 2020	東京都					東京都 浅草（つくばＥＸＰ）駅			https://tabelog.com/tokyo/A1311/A131102/13120735/		未確認				46232	店舗照合済	食べログ 百名店 2020 / スイーツ TOKYO / Tabelog ID 13120735 / https://award.tabelog.com/hyakumeiten/sweets_tokyo/2020
FOD-1786	クリオロ 東京本店			飲食店	スイーツ	食べログ スイーツ 百名店 2020	東京都					東京都 小竹向原駅			https://tabelog.com/tokyo/A1322/A132202/13194959/		未確認				46232	店舗照合済	食べログ 百名店 2020 / スイーツ TOKYO / Tabelog ID 13194959 / https://award.tabelog.com/hyakumeiten/sweets_tokyo/2020
FOD-1787	ジェラテリア シンチェリータ			飲食店	スイーツ	食べログ スイーツ 百名店 2020	東京都					東京都 阿佐ケ谷駅			https://tabelog.com/tokyo/A1319/A131905/13108556/		未確認				46232	店舗照合済	食べログ 百名店 2020 / スイーツ TOKYO / Tabelog ID 13108556 / https://award.tabelog.com/hyakumeiten/sweets_tokyo/2020
FOD-1788	群林堂			飲食店	スイーツ	食べログ スイーツ 百名店 2020	東京都					東京都 護国寺駅			https://tabelog.com/tokyo/A1323/A132302/13003816/		未確認				46232	店舗照合済	食べログ 百名店 2020 / スイーツ TOKYO / Tabelog ID 13003816 / https://award.tabelog.com/hyakumeiten/sweets_tokyo/2020
FOD-1789	メゾン・ダーニ			飲食店	スイーツ	食べログ スイーツ 百名店 2020	東京都					東京都 白金高輪駅			https://tabelog.com/tokyo/A1316/A131602/13183428/		未確認				46232	店舗照合済	食べログ 百名店 2020 / スイーツ TOKYO / Tabelog ID 13183428 / https://award.tabelog.com/hyakumeiten/sweets_tokyo/2020
FOD-1790	ラデュレ サロン・ド・テ 銀座三越店			飲食店	スイーツ	食べログ スイーツ 百名店 2020	東京都					東京都 銀座駅			https://tabelog.com/tokyo/A1301/A130101/13053865/		未確認				46232	店舗照合済	食べログ 百名店 2020 / スイーツ TOKYO / Tabelog ID 13053865 / https://award.tabelog.com/hyakumeiten/sweets_tokyo/2020
FOD-1791	リョウラ			飲食店	スイーツ	食べログ スイーツ 百名店 2020	東京都					東京都 用賀駅			https://tabelog.com/tokyo/A1317/A131707/13188208/		未確認				46232	店舗照合済	食べログ 百名店 2020 / スイーツ TOKYO / Tabelog ID 13188208 / https://award.tabelog.com/hyakumeiten/sweets_tokyo/2020
FOD-1792	パティスリー ラブリコチエ			飲食店	スイーツ	食べログ スイーツ 百名店 2020	東京都					東京都 高円寺駅			https://tabelog.com/tokyo/A1319/A131904/13100828/		未確認				46232	店舗照合済	食べログ 百名店 2020 / スイーツ TOKYO / Tabelog ID 13100828 / https://award.tabelog.com/hyakumeiten/sweets_tokyo/2020
FOD-1793	パティスリー・パリセヴェイユ			飲食店	スイーツ	食べログ スイーツ 百名店 2020	東京都					東京都 自由が丘駅			https://tabelog.com/tokyo/A1317/A131703/13005198/		未確認				46232	店舗照合済	食べログ 百名店 2020 / スイーツ TOKYO / Tabelog ID 13005198 / https://award.tabelog.com/hyakumeiten/sweets_tokyo/2020
FOD-1794	ロートンヌ 秋津本店			飲食店	スイーツ	食べログ スイーツ 百名店 2020	東京都					東京都 新秋津駅			https://tabelog.com/tokyo/A1328/A132806/13005967/		未確認				46232	店舗照合済	食べログ 百名店 2020 / スイーツ TOKYO / Tabelog ID 13005967 / https://award.tabelog.com/hyakumeiten/sweets_tokyo/2020
FOD-1795	ア コテ パティスリー			飲食店	スイーツ	食べログ スイーツ 百名店 2020	東京都					東京都 白金台駅			https://tabelog.com/tokyo/A1316/A131602/13051424/		未確認				46232	店舗照合済	食べログ 百名店 2020 / スイーツ TOKYO / Tabelog ID 13051424 / https://award.tabelog.com/hyakumeiten/sweets_tokyo/2020
FOD-1796	パティスリー プレジール			飲食店	スイーツ	食べログ スイーツ 百名店 2020	東京都					東京都 西太子堂駅			https://tabelog.com/tokyo/A1317/A131706/13045491/		未確認				46232	店舗照合済	食べログ 百名店 2020 / スイーツ TOKYO / Tabelog ID 13045491 / https://award.tabelog.com/hyakumeiten/sweets_tokyo/2020
FOD-1797	アルノー・ラエール 広尾本店			飲食店	スイーツ	食べログ スイーツ 百名店 2020	東京都					東京都 広尾駅			https://tabelog.com/tokyo/A1307/A130703/13217253/		未確認				46232	店舗照合済	食べログ 百名店 2020 / スイーツ TOKYO / Tabelog ID 13217253 / https://award.tabelog.com/hyakumeiten/sweets_tokyo/2020
FOD-1798	フィオレンティーナ ペストリーブティック			飲食店	スイーツ	食べログ スイーツ 百名店 2020	東京都					東京都 六本木駅			https://tabelog.com/tokyo/A1307/A130701/13060521/		未確認				46232	店舗照合済	食べログ 百名店 2020 / スイーツ TOKYO / Tabelog ID 13060521 / https://award.tabelog.com/hyakumeiten/sweets_tokyo/2020
FOD-1799	柳屋			飲食店	スイーツ	食べログ スイーツ 百名店 2020	東京都					東京都 人形町駅			https://tabelog.com/tokyo/A1302/A130204/13003065/		未確認				46232	店舗照合済	食べログ 百名店 2020 / スイーツ TOKYO / Tabelog ID 13003065 / https://award.tabelog.com/hyakumeiten/sweets_tokyo/2020
FOD-1800	シュークリー			飲食店	スイーツ	食べログ スイーツ 百名店 2020	東京都					東京都 人形町駅			https://tabelog.com/tokyo/A1302/A130204/13050996/		未確認				46232	店舗照合済	食べログ 百名店 2020 / スイーツ TOKYO / Tabelog ID 13050996 / https://award.tabelog.com/hyakumeiten/sweets_tokyo/2020
FOD-1801	リュードパッシー			飲食店	スイーツ	食べログ スイーツ 百名店 2020	東京都					東京都 学芸大学駅			https://tabelog.com/tokyo/A1317/A131702/13005155/		未確認				46232	店舗照合済	食べログ 百名店 2020 / スイーツ TOKYO / Tabelog ID 13005155 / https://award.tabelog.com/hyakumeiten/sweets_tokyo/2020
FOD-1802	アングランパ			飲食店	スイーツ	食べログ スイーツ 百名店 2020	埼玉県					埼玉県 さいたま新都心駅			https://tabelog.com/saitama/A1101/A110101/11035130/		未確認				46232	店舗照合済	食べログ 百名店 2020 / スイーツ EAST / Tabelog ID 11035130 / https://award.tabelog.com/hyakumeiten/sweets_east/2020
FOD-1803	パティスリー アン			飲食店	スイーツ	食べログ スイーツ 百名店 2020	愛知県					愛知県 稲沢市			https://tabelog.com/aichi/A2302/A230201/23041407/		未確認				46232	店舗照合済	食べログ 百名店 2020 / スイーツ EAST / Tabelog ID 23041407 / https://award.tabelog.com/hyakumeiten/sweets_east/2020
FOD-1804	村上屋餅店			飲食店	スイーツ	食べログ スイーツ 百名店 2020	宮城県					宮城県 五橋駅			https://tabelog.com/miyagi/A0401/A040101/4000119/		未確認				46232	店舗照合済	食べログ 百名店 2020 / スイーツ EAST / Tabelog ID 4000119 / https://award.tabelog.com/hyakumeiten/sweets_east/2020
FOD-1805	川口屋			飲食店	スイーツ	食べログ スイーツ 百名店 2020	愛知県					愛知県 栄（名古屋）駅			https://tabelog.com/aichi/A2301/A230103/23027478/		未確認				46232	店舗照合済	食べログ 百名店 2020 / スイーツ EAST / Tabelog ID 23027478 / https://award.tabelog.com/hyakumeiten/sweets_east/2020
FOD-1806	平五郎 本店			飲食店	スイーツ	食べログ スイーツ 百名店 2020	長野県					長野県 長野市			https://tabelog.com/nagano/A2001/A200101/20015759/		未確認				46232	店舗照合済	食べログ 百名店 2020 / スイーツ EAST / Tabelog ID 20015759 / https://award.tabelog.com/hyakumeiten/sweets_east/2020
FOD-1807	エチエンヌ			飲食店	スイーツ	食べログ スイーツ 百名店 2020	神奈川県					神奈川県 新百合ケ丘駅			https://tabelog.com/kanagawa/A1405/A140508/14042063/		未確認				46232	店舗照合済	食べログ 百名店 2020 / スイーツ EAST / Tabelog ID 14042063 / https://award.tabelog.com/hyakumeiten/sweets_east/2020
FOD-1808	ベルグの４月 本店			飲食店	スイーツ	食べログ スイーツ 百名店 2020	神奈川県					神奈川県 たまプラーザ駅			https://tabelog.com/kanagawa/A1401/A140201/14000432/		未確認				46232	店舗照合済	食べログ 百名店 2020 / スイーツ EAST / Tabelog ID 14000432 / https://award.tabelog.com/hyakumeiten/sweets_east/2020
FOD-1809	甘酒茶屋			飲食店	スイーツ	食べログ スイーツ 百名店 2020	神奈川県					神奈川県 足柄下郡箱根町			https://tabelog.com/kanagawa/A1410/A141001/14001260/		未確認				46232	店舗照合済	食べログ 百名店 2020 / スイーツ EAST / Tabelog ID 14001260 / https://award.tabelog.com/hyakumeiten/sweets_east/2020
FOD-1810	アカシエ 浦和店			飲食店	スイーツ	食べログ スイーツ 百名店 2020	埼玉県					埼玉県 浦和駅			https://tabelog.com/saitama/A1101/A110102/11003500/		未確認				46232	店舗照合済	食べログ 百名店 2020 / スイーツ EAST / Tabelog ID 11003500 / https://award.tabelog.com/hyakumeiten/sweets_east/2020
FOD-1811	プレリュード 福光店			飲食店	スイーツ	食べログ スイーツ 百名店 2020	岐阜県					岐阜県 岐阜市			https://tabelog.com/gifu/A2101/A210101/21008360/		未確認				46232	店舗照合済	食べログ 百名店 2020 / スイーツ EAST / Tabelog ID 21008360 / https://award.tabelog.com/hyakumeiten/sweets_east/2020
FOD-1812	CALVA			飲食店	スイーツ	食べログ スイーツ 百名店 2020	神奈川県					神奈川県 大船駅			https://tabelog.com/kanagawa/A1404/A140401/14030857/		未確認				46232	店舗照合済	食べログ 百名店 2020 / スイーツ EAST / Tabelog ID 14030857 / https://award.tabelog.com/hyakumeiten/sweets_east/2020
FOD-1813	ピュイサンス			飲食店	スイーツ	食べログ スイーツ 百名店 2020	神奈川県					神奈川県 横浜市青葉区			https://tabelog.com/kanagawa/A1401/A140202/14003354/		未確認				46232	店舗照合済	食べログ 百名店 2020 / スイーツ EAST / Tabelog ID 14003354 / https://award.tabelog.com/hyakumeiten/sweets_east/2020
FOD-1814	シンフラ			飲食店	スイーツ	食べログ スイーツ 百名店 2020	埼玉県					埼玉県 柳瀬川駅			https://tabelog.com/saitama/A1103/A110302/11035335/		未確認				46232	店舗照合済	食べログ 百名店 2020 / スイーツ EAST / Tabelog ID 11035335 / https://award.tabelog.com/hyakumeiten/sweets_east/2020
FOD-1815	フルーツパーラー 弘法屋 池下店			飲食店	スイーツ	食べログ スイーツ 百名店 2020	愛知県					愛知県 池下駅			https://tabelog.com/aichi/A2301/A230106/23020841/		未確認				46232	店舗照合済	食べログ 百名店 2020 / スイーツ EAST / Tabelog ID 23020841 / https://award.tabelog.com/hyakumeiten/sweets_east/2020
FOD-1816	アボンドンス			飲食店	スイーツ	食べログ スイーツ 百名店 2020	静岡県					静岡県 浜松市中区			https://tabelog.com/shizuoka/A2202/A220201/22003393/		未確認				46232	店舗照合済	食べログ 百名店 2020 / スイーツ EAST / Tabelog ID 22003393 / https://award.tabelog.com/hyakumeiten/sweets_east/2020
FOD-1817	栗きんとん本家 すや 本店			飲食店	スイーツ	食べログ スイーツ 百名店 2020	岐阜県					岐阜県 中津川市			https://tabelog.com/gifu/A2103/A210303/21000030/		未確認				46232	店舗照合済	食べログ 百名店 2020 / スイーツ EAST / Tabelog ID 21000030 / https://award.tabelog.com/hyakumeiten/sweets_east/2020
FOD-1818	ミルク村 SAPPORO本店			飲食店	スイーツ	食べログ スイーツ 百名店 2020	北海道					北海道 すすきの（市営）駅			https://tabelog.com/hokkaido/A0101/A010103/1000194/		未確認				46232	店舗照合済	食べログ 百名店 2020 / スイーツ EAST / Tabelog ID 1000194 / https://award.tabelog.com/hyakumeiten/sweets_east/2020
FOD-1819	リリエンベルグ			飲食店	スイーツ	食べログ スイーツ 百名店 2020	神奈川県					神奈川県 川崎市麻生区			https://tabelog.com/kanagawa/A1405/A140508/14000034/		未確認				46232	店舗照合済	食べログ 百名店 2020 / スイーツ EAST / Tabelog ID 14000034 / https://award.tabelog.com/hyakumeiten/sweets_east/2020
FOD-1820	フラノデリス			飲食店	スイーツ	食べログ スイーツ 百名店 2020	北海道					北海道 富良野市			https://tabelog.com/hokkaido/A0104/A010403/1000940/		未確認				46232	店舗照合済	食べログ 百名店 2020 / スイーツ EAST / Tabelog ID 1000940 / https://award.tabelog.com/hyakumeiten/sweets_east/2020
FOD-1821	栗きんとん本家 すや JR名古屋高島屋・直営店			飲食店	スイーツ	食べログ スイーツ 百名店 2020	愛知県					愛知県 名古屋駅			https://tabelog.com/aichi/A2301/A230101/23009929/		未確認				46232	店舗照合済	食べログ 百名店 2020 / スイーツ EAST / Tabelog ID 23009929 / https://award.tabelog.com/hyakumeiten/sweets_east/2020
FOD-1822	Patisserie Rond-to			飲食店	スイーツ	食べログ スイーツ 百名店 2020	長野県					長野県 上高井郡小布施町			https://tabelog.com/nagano/A2001/A200106/20006070/		未確認				46232	店舗照合済	食べログ 百名店 2020 / スイーツ EAST / Tabelog ID 20006070 / https://award.tabelog.com/hyakumeiten/sweets_east/2020
FOD-1823	フォルテシモ アッシュ			飲食店	スイーツ	食べログ スイーツ 百名店 2020	愛知県					愛知県 池下駅			https://tabelog.com/aichi/A2301/A230106/23004369/		未確認				46232	店舗照合済	食べログ 百名店 2020 / スイーツ EAST / Tabelog ID 23004369 / https://award.tabelog.com/hyakumeiten/sweets_east/2020
FOD-1824	Paris パイ			飲食店	スイーツ	食べログ スイーツ 百名店 2020	新潟県					新潟県 長岡市			https://tabelog.com/niigata/A1502/A150201/15002650/		未確認				46232	店舗照合済	食べログ 百名店 2020 / スイーツ EAST / Tabelog ID 15002650 / https://award.tabelog.com/hyakumeiten/sweets_east/2020
FOD-1825	グランディール アンサンブル			飲食店	スイーツ	食べログ スイーツ 百名店 2020	神奈川県					神奈川県 鎌倉駅			https://tabelog.com/kanagawa/A1404/A140402/14061044/		未確認				46232	店舗照合済	食べログ 百名店 2020 / スイーツ EAST / Tabelog ID 14061044 / https://award.tabelog.com/hyakumeiten/sweets_east/2020
FOD-1826	ロア レギューム 朝霞本店			飲食店	スイーツ	食べログ スイーツ 百名店 2020	埼玉県					埼玉県 志木駅			https://tabelog.com/saitama/A1103/A110302/11000029/		未確認				46232	店舗照合済	食べログ 百名店 2020 / スイーツ EAST / Tabelog ID 11000029 / https://award.tabelog.com/hyakumeiten/sweets_east/2020
FOD-1827	レナーズ 横浜ワールドポーターズ店			飲食店	スイーツ	食べログ スイーツ 百名店 2020	神奈川県					神奈川県 馬車道駅			https://tabelog.com/kanagawa/A1401/A140103/14014796/		未確認				46232	店舗照合済	食べログ 百名店 2020 / スイーツ EAST / Tabelog ID 14014796 / https://award.tabelog.com/hyakumeiten/sweets_east/2020
FOD-1828	ル・パティシエ ヨコヤマ 京成大久保店			飲食店	スイーツ	食べログ スイーツ 百名店 2020	千葉県					千葉県 京成大久保駅			https://tabelog.com/chiba/A1202/A120204/12000513/		未確認				46232	店舗照合済	食べログ 百名店 2020 / スイーツ EAST / Tabelog ID 12000513 / https://award.tabelog.com/hyakumeiten/sweets_east/2020
FOD-1829	パティスリー ロタンティック			飲食店	スイーツ	食べログ スイーツ 百名店 2020	埼玉県					埼玉県 南浦和駅			https://tabelog.com/saitama/A1101/A110102/11035023/		未確認				46232	店舗照合済	食べログ 百名店 2020 / スイーツ EAST / Tabelog ID 11035023 / https://award.tabelog.com/hyakumeiten/sweets_east/2020
FOD-1830	シャンドワゾー			飲食店	スイーツ	食べログ スイーツ 百名店 2020	埼玉県					埼玉県 川口駅			https://tabelog.com/saitama/A1102/A110201/11025121/		未確認				46232	店舗照合済	食べログ 百名店 2020 / スイーツ EAST / Tabelog ID 11025121 / https://award.tabelog.com/hyakumeiten/sweets_east/2020
FOD-1831	七福			飲食店	スイーツ	食べログ スイーツ 百名店 2020	岐阜県					岐阜県 中津川市			https://tabelog.com/gifu/A2103/A210303/21000992/		未確認				46232	店舗照合済	食べログ 百名店 2020 / スイーツ EAST / Tabelog ID 21000992 / https://award.tabelog.com/hyakumeiten/sweets_east/2020
FOD-1832	松月氷室			飲食店	スイーツ	食べログ スイーツ 百名店 2020	栃木県					栃木県 日光市			https://tabelog.com/tochigi/A0903/A090302/9003227/		未確認				46232	店舗照合済	食べログ 百名店 2020 / スイーツ EAST / Tabelog ID 9003227 / https://award.tabelog.com/hyakumeiten/sweets_east/2020
FOD-1833	栗の木テラス 小布施店			飲食店	スイーツ	食べログ スイーツ 百名店 2020	長野県					長野県 上高井郡小布施町			https://tabelog.com/nagano/A2001/A200106/20000669/		未確認				46232	店舗照合済	食べログ 百名店 2020 / スイーツ EAST / Tabelog ID 20000669 / https://award.tabelog.com/hyakumeiten/sweets_east/2020
FOD-1834	細井			飲食店	スイーツ	食べログ スイーツ 百名店 2020	埼玉県					埼玉県 春日部市			https://tabelog.com/saitama/A1102/A110204/11022003/		未確認				46232	店舗照合済	食べログ 百名店 2020 / スイーツ EAST / Tabelog ID 11022003 / https://award.tabelog.com/hyakumeiten/sweets_east/2020
FOD-1835	小倉屋			飲食店	スイーツ	食べログ スイーツ 百名店 2020	茨城県					茨城県 水戸市			https://tabelog.com/ibaraki/A0801/A080101/8000238/		未確認				46232	店舗照合済	食べログ 百名店 2020 / スイーツ EAST / Tabelog ID 8000238 / https://award.tabelog.com/hyakumeiten/sweets_east/2020
FOD-1836	マーロウ そごう横浜店			飲食店	スイーツ	食べログ スイーツ 百名店 2020	神奈川県					神奈川県 横浜駅			https://tabelog.com/kanagawa/A1401/A140101/14000083/		未確認				46232	店舗照合済	食べログ 百名店 2020 / スイーツ EAST / Tabelog ID 14000083 / https://award.tabelog.com/hyakumeiten/sweets_east/2020
FOD-1837	アン・プチ・パケ			飲食店	スイーツ	食べログ スイーツ 百名店 2020	神奈川県					神奈川県 江田駅			https://tabelog.com/kanagawa/A1401/A140201/14000173/		未確認				46232	店舗照合済	食べログ 百名店 2020 / スイーツ EAST / Tabelog ID 14000173 / https://award.tabelog.com/hyakumeiten/sweets_east/2020
FOD-1838	みのわ			飲食店	スイーツ	食べログ スイーツ 百名店 2020	神奈川県					神奈川県 鎌倉駅			https://tabelog.com/kanagawa/A1404/A140402/14002574/		未確認				46232	店舗照合済	食べログ 百名店 2020 / スイーツ EAST / Tabelog ID 14002574 / https://award.tabelog.com/hyakumeiten/sweets_east/2020
FOD-1839	シュトラウス			飲食店	スイーツ	食べログ スイーツ 百名店 2020	青森県					青森県 青森市			https://tabelog.com/aomori/A0201/A020101/2000092/		未確認				46232	店舗照合済	食べログ 百名店 2020 / スイーツ EAST / Tabelog ID 2000092 / https://award.tabelog.com/hyakumeiten/sweets_east/2020
FOD-1840	喜久家洋菓子舗			飲食店	スイーツ	食べログ スイーツ 百名店 2020	神奈川県					神奈川県 元町・中華街駅			https://tabelog.com/kanagawa/A1401/A140105/14002810/		未確認				46232	店舗照合済	食べログ 百名店 2020 / スイーツ EAST / Tabelog ID 14002810 / https://award.tabelog.com/hyakumeiten/sweets_east/2020
FOD-1841	ピネキ			飲食店	スイーツ	食べログ スイーツ 百名店 2020	千葉県					千葉県 館山市			https://tabelog.com/chiba/A1207/A120704/12005224/		未確認				46232	店舗照合済	食べログ 百名店 2020 / スイーツ EAST / Tabelog ID 12005224 / https://award.tabelog.com/hyakumeiten/sweets_east/2020
FOD-1842	腰掛庵			飲食店	スイーツ	食べログ スイーツ 百名店 2020	山形県					山形県 天童市			https://tabelog.com/yamagata/A0605/A060501/6000084/		未確認				46232	店舗照合済	食べログ 百名店 2020 / スイーツ EAST / Tabelog ID 6000084 / https://award.tabelog.com/hyakumeiten/sweets_east/2020
FOD-1843	ピエールプレシュウズ 本店			飲食店	スイーツ	食べログ スイーツ 百名店 2020	愛知県					愛知県 長久手市			https://tabelog.com/aichi/A2303/A230302/23000859/		未確認				46232	店舗照合済	食べログ 百名店 2020 / スイーツ EAST / Tabelog ID 23000859 / https://award.tabelog.com/hyakumeiten/sweets_east/2020
FOD-1844	ジェラテリア・イル・ブリガンテ			飲食店	スイーツ	食べログ スイーツ 百名店 2020	神奈川県					神奈川県 鎌倉駅			https://tabelog.com/kanagawa/A1404/A140402/14011873/		未確認				46232	店舗照合済	食べログ 百名店 2020 / スイーツ EAST / Tabelog ID 14011873 / https://award.tabelog.com/hyakumeiten/sweets_east/2020
FOD-1845	パティスリー イケダ			飲食店	スイーツ	食べログ スイーツ 百名店 2020	神奈川県					神奈川県 センター南駅			https://tabelog.com/kanagawa/A1401/A140203/14038154/		未確認				46232	店舗照合済	食べログ 百名店 2020 / スイーツ EAST / Tabelog ID 14038154 / https://award.tabelog.com/hyakumeiten/sweets_east/2020
FOD-1846	ミセスエリザベスマフィン ランドマークプラザ店			飲食店	スイーツ	食べログ スイーツ 百名店 2020	神奈川県					神奈川県 みなとみらい駅			https://tabelog.com/kanagawa/A1401/A140103/14002570/		未確認				46232	店舗照合済	食べログ 百名店 2020 / スイーツ EAST / Tabelog ID 14002570 / https://award.tabelog.com/hyakumeiten/sweets_east/2020
FOD-1847	一夜城 ヨロイヅカ・ファーム			飲食店	スイーツ	食べログ スイーツ 百名店 2020	神奈川県					神奈川県 小田原市			https://tabelog.com/kanagawa/A1409/A140901/14043156/		未確認				46232	店舗照合済	食べログ 百名店 2020 / スイーツ EAST / Tabelog ID 14043156 / https://award.tabelog.com/hyakumeiten/sweets_east/2020
FOD-1848	ミッシェル・ブラン JR名古屋高島屋			飲食店	スイーツ	食べログ スイーツ 百名店 2020	愛知県					愛知県 名古屋駅			https://tabelog.com/aichi/A2301/A230101/23036323/		未確認				46232	店舗照合済	食べログ 百名店 2020 / スイーツ EAST / Tabelog ID 23036323 / https://award.tabelog.com/hyakumeiten/sweets_east/2020
FOD-1849	山田家			飲食店	スイーツ	食べログ スイーツ 百名店 2020	山形県					山形県 山形市			https://tabelog.com/yamagata/A0601/A060101/6000124/		未確認				46232	店舗照合済	食べログ 百名店 2020 / スイーツ EAST / Tabelog ID 6000124 / https://award.tabelog.com/hyakumeiten/sweets_east/2020
FOD-1850	オークウッド			飲食店	スイーツ	食べログ スイーツ 百名店 2020	埼玉県					埼玉県 春日部市			https://tabelog.com/saitama/A1102/A110204/11000265/		未確認				46232	店舗照合済	食べログ 百名店 2020 / スイーツ EAST / Tabelog ID 11000265 / https://award.tabelog.com/hyakumeiten/sweets_east/2020
FOD-1851	ピエール マルコリーニ 名古屋			飲食店	スイーツ	食べログ スイーツ 百名店 2020	愛知県					愛知県 名鉄名古屋駅			https://tabelog.com/aichi/A2301/A230101/23004138/		未確認				46232	店舗照合済	食べログ 百名店 2020 / スイーツ EAST / Tabelog ID 23004138 / https://award.tabelog.com/hyakumeiten/sweets_east/2020
FOD-1852	Bébé			飲食店	スイーツ	食べログ スイーツ 百名店 2020	愛知県					愛知県 愛知郡東郷町			https://tabelog.com/aichi/A2303/A230302/23044273/		未確認				46232	店舗照合済	食べログ 百名店 2020 / スイーツ EAST / Tabelog ID 23044273 / https://award.tabelog.com/hyakumeiten/sweets_east/2020
FOD-1853	SE1			飲食店	スイーツ	食べログ スイーツ 百名店 2020	神奈川県					神奈川県 江ノ島駅			https://tabelog.com/kanagawa/A1404/A140403/14029135/		未確認				46232	店舗照合済	食べログ 百名店 2020 / スイーツ EAST / Tabelog ID 14029135 / https://award.tabelog.com/hyakumeiten/sweets_east/2020
FOD-1854	パブロフ 元町本店			飲食店	スイーツ	食べログ スイーツ 百名店 2020	神奈川県					神奈川県 元町・中華街駅			https://tabelog.com/kanagawa/A1401/A140105/14046956/		未確認				46232	店舗照合済	食べログ 百名店 2020 / スイーツ EAST / Tabelog ID 14046956 / https://award.tabelog.com/hyakumeiten/sweets_east/2020
FOD-1855	芳光			飲食店	スイーツ	食べログ スイーツ 百名店 2020	愛知県					愛知県 森下駅			https://tabelog.com/aichi/A2301/A230110/23001413/		未確認				46232	店舗照合済	食べログ 百名店 2020 / スイーツ EAST / Tabelog ID 23001413 / https://award.tabelog.com/hyakumeiten/sweets_east/2020
FOD-1856	納言志るこ店			飲食店	スイーツ	食べログ スイーツ 百名店 2020	神奈川県					神奈川県 鎌倉駅			https://tabelog.com/kanagawa/A1404/A140402/14001525/		未確認				46232	店舗照合済	食べログ 百名店 2020 / スイーツ EAST / Tabelog ID 14001525 / https://award.tabelog.com/hyakumeiten/sweets_east/2020
FOD-1857	fika.			飲食店	スイーツ	食べログ スイーツ 百名店 2020	愛知県					愛知県 覚王山駅			https://tabelog.com/aichi/A2301/A230107/23009514/		未確認				46232	店舗照合済	食べログ 百名店 2020 / スイーツ EAST / Tabelog ID 23009514 / https://award.tabelog.com/hyakumeiten/sweets_east/2020
FOD-1858	埜庵			飲食店	スイーツ	食べログ スイーツ 百名店 2020	神奈川県					神奈川県 鵠沼海岸駅			https://tabelog.com/kanagawa/A1404/A140403/14002792/		未確認				46232	店舗照合済	食べログ 百名店 2020 / スイーツ EAST / Tabelog ID 14002792 / https://award.tabelog.com/hyakumeiten/sweets_east/2020
FOD-1859	パティスリーアプラノス			飲食店	スイーツ	食べログ スイーツ 百名店 2020	埼玉県					埼玉県 武蔵浦和駅			https://tabelog.com/saitama/A1101/A110102/11027913/		未確認				46232	店舗照合済	食べログ 百名店 2020 / スイーツ EAST / Tabelog ID 11027913 / https://award.tabelog.com/hyakumeiten/sweets_east/2020
FOD-1860	赤福茶屋 ジェイアール名古屋タカシマヤ店			飲食店	スイーツ	食べログ スイーツ 百名店 2020	愛知県					愛知県 名古屋駅			https://tabelog.com/aichi/A2301/A230101/23000989/		未確認				46232	店舗照合済	食べログ 百名店 2020 / スイーツ EAST / Tabelog ID 23000989 / https://award.tabelog.com/hyakumeiten/sweets_east/2020
FOD-1861	たい焼き なみへい			飲食店	スイーツ	食べログ スイーツ 百名店 2020	神奈川県					神奈川県 由比ケ浜駅			https://tabelog.com/kanagawa/A1404/A140402/14032944/		未確認				46232	店舗照合済	食べログ 百名店 2020 / スイーツ EAST / Tabelog ID 14032944 / https://award.tabelog.com/hyakumeiten/sweets_east/2020
FOD-1862	ハッピーベリー			飲食店	スイーツ	食べログ スイーツ 百名店 2020	福島県					福島県 西白河郡矢吹町			https://tabelog.com/fukushima/A0703/A070301/7006158/		未確認				46232	店舗照合済	食べログ 百名店 2020 / スイーツ EAST / Tabelog ID 7006158 / https://award.tabelog.com/hyakumeiten/sweets_east/2020
FOD-1863	ナッシュカッツェ			飲食店	スイーツ	食べログ スイーツ 百名店 2020	神奈川県					神奈川県 江田駅			https://tabelog.com/kanagawa/A1401/A140201/14010007/		未確認				46232	店舗照合済	食べログ 百名店 2020 / スイーツ EAST / Tabelog ID 14010007 / https://award.tabelog.com/hyakumeiten/sweets_east/2020
FOD-1864	アンジェリック ヴォヤージュ			飲食店	スイーツ	食べログ スイーツ 百名店 2020	北海道					北海道 函館市			https://tabelog.com/hokkaido/A0105/A010501/1026155/		未確認				46232	店舗照合済	食べログ 百名店 2020 / スイーツ EAST / Tabelog ID 1026155 / https://award.tabelog.com/hyakumeiten/sweets_east/2020
FOD-1865	アルカイク			飲食店	スイーツ	食べログ スイーツ 百名店 2020	埼玉県					埼玉県 川口市			https://tabelog.com/saitama/A1102/A110201/11000266/		未確認				46232	店舗照合済	食べログ 百名店 2020 / スイーツ EAST / Tabelog ID 11000266 / https://award.tabelog.com/hyakumeiten/sweets_east/2020
FOD-1866	バニラビーンズ みなとみらい本店			飲食店	スイーツ	食べログ スイーツ 百名店 2020	神奈川県					神奈川県 馬車道駅			https://tabelog.com/kanagawa/A1401/A140103/14053382/		未確認				46232	店舗照合済	食べログ 百名店 2020 / スイーツ EAST / Tabelog ID 14053382 / https://award.tabelog.com/hyakumeiten/sweets_east/2020
FOD-1867	ル・パティシエ ヨコヤマ 谷津店			飲食店	スイーツ	食べログ スイーツ 百名店 2020	千葉県					千葉県 谷津駅			https://tabelog.com/chiba/A1202/A120204/12000255/		未確認				46232	店舗照合済	食べログ 百名店 2020 / スイーツ EAST / Tabelog ID 12000255 / https://award.tabelog.com/hyakumeiten/sweets_east/2020
FOD-1868	覚王山 吉芋 本店			飲食店	スイーツ	食べログ スイーツ 百名店 2020	愛知県					愛知県 覚王山駅			https://tabelog.com/aichi/A2301/A230107/23003953/		未確認				46232	店舗照合済	食べログ 百名店 2020 / スイーツ EAST / Tabelog ID 23003953 / https://award.tabelog.com/hyakumeiten/sweets_east/2020
FOD-1869	茶屋赤鰐			飲食店	スイーツ	食べログ スイーツ 百名店 2020	岐阜県					岐阜県 岐阜市			https://tabelog.com/gifu/A2101/A210101/21000111/		未確認				46232	店舗照合済	食べログ 百名店 2020 / スイーツ EAST / Tabelog ID 21000111 / https://award.tabelog.com/hyakumeiten/sweets_east/2020
FOD-1870	パティスリーシイヤ			飲食店	スイーツ	食べログ スイーツ 百名店 2020	北海道					北海道 西２８丁目駅			https://tabelog.com/hokkaido/A0101/A010105/1000154/		未確認				46232	店舗照合済	食べログ 百名店 2020 / スイーツ EAST / Tabelog ID 1000154 / https://award.tabelog.com/hyakumeiten/sweets_east/2020
FOD-1871	川上屋 本店			飲食店	スイーツ	食べログ スイーツ 百名店 2020	岐阜県					岐阜県 中津川市			https://tabelog.com/gifu/A2103/A210303/21000034/		未確認				46232	店舗照合済	食べログ 百名店 2020 / スイーツ EAST / Tabelog ID 21000034 / https://award.tabelog.com/hyakumeiten/sweets_east/2020
FOD-1872	カプセルモンスター			飲食店	スイーツ	食べログ スイーツ 百名店 2020	北海道					北海道 西１５丁目駅			https://tabelog.com/hokkaido/A0101/A010102/1041432/		未確認				46232	店舗照合済	食べログ 百名店 2020 / スイーツ EAST / Tabelog ID 1041432 / https://award.tabelog.com/hyakumeiten/sweets_east/2020
FOD-1873	覚王山 吉芋 名古屋駅店			飲食店	スイーツ	食べログ スイーツ 百名店 2020	愛知県					愛知県 名鉄名古屋駅			https://tabelog.com/aichi/A2301/A230101/23031418/		未確認				46232	店舗照合済	食べログ 百名店 2020 / スイーツ EAST / Tabelog ID 23031418 / https://award.tabelog.com/hyakumeiten/sweets_east/2020
FOD-1874	茶房 雲母			飲食店	スイーツ	食べログ スイーツ 百名店 2020	神奈川県					神奈川県 鎌倉駅			https://tabelog.com/kanagawa/A1404/A140402/14000248/		未確認				46232	店舗照合済	食べログ 百名店 2020 / スイーツ EAST / Tabelog ID 14000248 / https://award.tabelog.com/hyakumeiten/sweets_east/2020
FOD-1875	三日月氷菓店			飲食店	スイーツ	食べログ スイーツ 百名店 2020	千葉県					千葉県 柏駅			https://tabelog.com/chiba/A1203/A120301/12023093/		未確認				46232	店舗照合済	食べログ 百名店 2020 / スイーツ EAST / Tabelog ID 12023093 / https://award.tabelog.com/hyakumeiten/sweets_east/2020
FOD-1876	とらや工房			飲食店	スイーツ	食べログ スイーツ 百名店 2020	静岡県					静岡県 御殿場市			https://tabelog.com/shizuoka/A2204/A220402/22004106/		未確認				46232	店舗照合済	食べログ 百名店 2020 / スイーツ EAST / Tabelog ID 22004106 / https://award.tabelog.com/hyakumeiten/sweets_east/2020
FOD-1877	パティスリー アヴァロン			飲食店	スイーツ	食べログ スイーツ 百名店 2020	愛知県					愛知県 八事駅			https://tabelog.com/aichi/A2301/A230108/23046476/		未確認				46232	店舗照合済	食べログ 百名店 2020 / スイーツ EAST / Tabelog ID 23046476 / https://award.tabelog.com/hyakumeiten/sweets_east/2020
FOD-1878	ムラタ			飲食店	スイーツ	食べログ スイーツ 百名店 2020	宮城県					宮城県 多賀城市			https://tabelog.com/miyagi/A0404/A040404/4002939/		未確認				46232	店舗照合済	食べログ 百名店 2020 / スイーツ EAST / Tabelog ID 4002939 / https://award.tabelog.com/hyakumeiten/sweets_east/2020
FOD-1879	梵くら			飲食店	スイーツ	食べログ スイーツ 百名店 2020	宮城県					宮城県 大町西公園駅			https://tabelog.com/miyagi/A0401/A040101/4013005/		未確認				46232	店舗照合済	食べログ 百名店 2020 / スイーツ EAST / Tabelog ID 4013005 / https://award.tabelog.com/hyakumeiten/sweets_east/2020
FOD-1880	ティーハウスマユール 宮崎台店			飲食店	スイーツ	食べログ スイーツ 百名店 2020	神奈川県					神奈川県 宮崎台駅			https://tabelog.com/kanagawa/A1405/A140507/14009451/		未確認				46232	店舗照合済	食べログ 百名店 2020 / スイーツ EAST / Tabelog ID 14009451 / https://award.tabelog.com/hyakumeiten/sweets_east/2020
FOD-1881	ツバメヤ 柳ヶ瀬本店			飲食店	スイーツ	食べログ スイーツ 百名店 2020	岐阜県					岐阜県 岐阜市			https://tabelog.com/gifu/A2101/A210101/21009683/		未確認				46232	店舗照合済	食べログ 百名店 2020 / スイーツ EAST / Tabelog ID 21009683 / https://award.tabelog.com/hyakumeiten/sweets_east/2020
FOD-1882	パティスリーグラム			飲食店	スイーツ	食べログ スイーツ 百名店 2020	愛知県					愛知県 東山公園駅			https://tabelog.com/aichi/A2301/A230107/23042366/		未確認				46232	店舗照合済	食べログ 百名店 2020 / スイーツ EAST / Tabelog ID 23042366 / https://award.tabelog.com/hyakumeiten/sweets_east/2020
FOD-1883	すや 西木			飲食店	スイーツ	食べログ スイーツ 百名店 2020	岐阜県					岐阜県 中津川市			https://tabelog.com/gifu/A2103/A210303/21000352/		未確認				46232	店舗照合済	食べログ 百名店 2020 / スイーツ EAST / Tabelog ID 21000352 / https://award.tabelog.com/hyakumeiten/sweets_east/2020
FOD-1884	フランス焼菓子 シャンドゥリエ			飲食店	スイーツ	食べログ スイーツ 百名店 2020	愛知県					愛知県 丸の内駅			https://tabelog.com/aichi/A2301/A230101/23037600/		未確認				46232	店舗照合済	食べログ 百名店 2020 / スイーツ EAST / Tabelog ID 23037600 / https://award.tabelog.com/hyakumeiten/sweets_east/2020
FOD-1885	歐林洞 鎌倉本店			飲食店	スイーツ	食べログ スイーツ 百名店 2020	神奈川県					神奈川県 鎌倉市			https://tabelog.com/kanagawa/A1404/A140402/14001686/		未確認				46232	店舗照合済	食べログ 百名店 2020 / スイーツ EAST / Tabelog ID 14001686 / https://award.tabelog.com/hyakumeiten/sweets_east/2020
FOD-1886	ケーキショップ コフレ			飲食店	スイーツ	食べログ スイーツ 百名店 2020	神奈川県					神奈川県 みなとみらい駅			https://tabelog.com/kanagawa/A1401/A140103/14000632/		未確認				46232	店舗照合済	食べログ 百名店 2020 / スイーツ EAST / Tabelog ID 14000632 / https://award.tabelog.com/hyakumeiten/sweets_east/2020
FOD-1887	菓匠 花桔梗 本店			飲食店	スイーツ	食べログ スイーツ 百名店 2020	愛知県					愛知県 瑞穂区役所駅			https://tabelog.com/aichi/A2301/A230112/23001344/		未確認				46232	店舗照合済	食べログ 百名店 2020 / スイーツ EAST / Tabelog ID 23001344 / https://award.tabelog.com/hyakumeiten/sweets_east/2020
FOD-1888	ハーベスト ナガイファーム 軽井沢店			飲食店	スイーツ	食べログ スイーツ 百名店 2020	長野県					長野県 北佐久郡軽井沢町			https://tabelog.com/nagano/A2003/A200301/20009286/		未確認				46232	店舗照合済	食べログ 百名店 2020 / スイーツ EAST / Tabelog ID 20009286 / https://award.tabelog.com/hyakumeiten/sweets_east/2020
FOD-1889	ツバメヤ 大名古屋ビルヂング店			飲食店	スイーツ	食べログ スイーツ 百名店 2020	愛知県					愛知県 名鉄名古屋駅			https://tabelog.com/aichi/A2301/A230101/23059315/		未確認				46232	店舗照合済	食べログ 百名店 2020 / スイーツ EAST / Tabelog ID 23059315 / https://award.tabelog.com/hyakumeiten/sweets_east/2020
FOD-1890	アトリエうかい たまプラーザ			飲食店	スイーツ	食べログ スイーツ 百名店 2020	神奈川県					神奈川県 たまプラーザ駅			https://tabelog.com/kanagawa/A1401/A140201/14054070/		未確認				46232	店舗照合済	食べログ 百名店 2020 / スイーツ EAST / Tabelog ID 14054070 / https://award.tabelog.com/hyakumeiten/sweets_east/2020
FOD-1891	桔梗屋 本社			飲食店	スイーツ	食べログ スイーツ 百名店 2020	山梨県					山梨県 笛吹市			https://tabelog.com/yamanashi/A1901/A190103/19000866/		未確認				46232	店舗照合済	食べログ 百名店 2020 / スイーツ EAST / Tabelog ID 19000866 / https://award.tabelog.com/hyakumeiten/sweets_east/2020
FOD-1892	パティスリー オランジュ			飲食店	スイーツ	食べログ スイーツ 百名店 2020	埼玉県					埼玉県 朝霞台駅			https://tabelog.com/saitama/A1103/A110301/11024456/		未確認				46232	店舗照合済	食べログ 百名店 2020 / スイーツ EAST / Tabelog ID 11024456 / https://award.tabelog.com/hyakumeiten/sweets_east/2020
FOD-1893	シェ・シバタ 名古屋			飲食店	スイーツ	食べログ スイーツ 百名店 2020	愛知県					愛知県 覚王山駅			https://tabelog.com/aichi/A2301/A230107/23001565/		未確認				46232	店舗照合済	食べログ 百名店 2020 / スイーツ EAST / Tabelog ID 23001565 / https://award.tabelog.com/hyakumeiten/sweets_east/2020
FOD-1894	阿左美冷蔵 金崎本店			飲食店	スイーツ	食べログ スイーツ 百名店 2020	埼玉県					埼玉県 上長瀞駅			https://tabelog.com/saitama/A1107/A110704/11000259/		未確認				46232	店舗照合済	食べログ 百名店 2020 / スイーツ EAST / Tabelog ID 11000259 / https://award.tabelog.com/hyakumeiten/sweets_east/2020
FOD-1895	ちもと 駅前通り店			飲食店	スイーツ	食べログ スイーツ 百名店 2020	神奈川県					神奈川県 箱根湯本駅			https://tabelog.com/kanagawa/A1410/A141001/14011112/		未確認				46232	店舗照合済	食べログ 百名店 2020 / スイーツ EAST / Tabelog ID 14011112 / https://award.tabelog.com/hyakumeiten/sweets_east/2020
FOD-1896	ピエールプレシュウズ 覚王山店			飲食店	スイーツ	食べログ スイーツ 百名店 2020	愛知県					愛知県 池下駅			https://tabelog.com/aichi/A2301/A230107/23052549/		未確認				46232	店舗照合済	食べログ 百名店 2020 / スイーツ EAST / Tabelog ID 23052549 / https://award.tabelog.com/hyakumeiten/sweets_east/2020
FOD-1897	Patisserie 雪乃下  鎌倉本店			飲食店	スイーツ	食べログ スイーツ 百名店 2020	神奈川県					神奈川県 鎌倉駅			https://tabelog.com/kanagawa/A1404/A140402/14007483/		未確認				46232	店舗照合済	食べログ 百名店 2020 / スイーツ EAST / Tabelog ID 14007483 / https://award.tabelog.com/hyakumeiten/sweets_east/2020
FOD-1898	カズノリ イケダ アンディヴィデュエル 南町通店			飲食店	スイーツ	食べログ スイーツ 百名店 2020	宮城県					宮城県 青葉通一番町駅			https://tabelog.com/miyagi/A0401/A040101/4012124/		未確認				46232	店舗照合済	食べログ 百名店 2020 / スイーツ EAST / Tabelog ID 4012124 / https://award.tabelog.com/hyakumeiten/sweets_east/2020
FOD-1899	オ・プティ・マタン			飲食店	スイーツ	食べログ スイーツ 百名店 2020	神奈川県					神奈川県 横浜市金沢区			https://tabelog.com/kanagawa/A1401/A140310/14011336/		未確認				46232	店舗照合済	食べログ 百名店 2020 / スイーツ EAST / Tabelog ID 14011336 / https://award.tabelog.com/hyakumeiten/sweets_east/2020
FOD-1900	ハウス オブ フレーバーズ			飲食店	スイーツ	食べログ スイーツ 百名店 2020	神奈川県					神奈川県 西鎌倉駅			https://tabelog.com/kanagawa/A1404/A140402/14001208/		未確認				46232	店舗照合済	食べログ 百名店 2020 / スイーツ EAST / Tabelog ID 14001208 / https://award.tabelog.com/hyakumeiten/sweets_east/2020
FOD-1901	ル ミュゼ ドゥ アッシュ 金沢店			飲食店	スイーツ	食べログ スイーツ 百名店 2020	石川県					石川県 金沢市			https://tabelog.com/ishikawa/A1701/A170101/17001257/		未確認				46232	店舗照合済	食べログ 百名店 2020 / スイーツ WEST / Tabelog ID 17001257 / https://award.tabelog.com/hyakumeiten/sweets_west/2020
FOD-1902	カフェ ラインベック			飲食店	スイーツ	食べログ スイーツ 百名店 2020	京都府					京都府 今出川駅			https://tabelog.com/kyoto/A2601/A260202/26014941/		未確認				46232	店舗照合済	食べログ 百名店 2020 / スイーツ WEST / Tabelog ID 26014941 / https://award.tabelog.com/hyakumeiten/sweets_west/2020
FOD-1903	ラ・ペッシュ			飲食店	スイーツ	食べログ スイーツ 百名店 2020	奈良県					奈良県 吉野郡大淀町			https://tabelog.com/nara/A2905/A290501/29004292/		未確認				46232	店舗照合済	食べログ 百名店 2020 / スイーツ WEST / Tabelog ID 29004292 / https://award.tabelog.com/hyakumeiten/sweets_west/2020
FOD-1904	出町ふたば			飲食店	スイーツ	食べログ スイーツ 百名店 2020	京都府					京都府 出町柳駅			https://tabelog.com/kyoto/A2601/A260302/26001520/		未確認				46232	店舗照合済	食べログ 百名店 2020 / スイーツ WEST / Tabelog ID 26001520 / https://award.tabelog.com/hyakumeiten/sweets_west/2020
FOD-1905	Patisserie Ravi,e relier			飲食店	スイーツ	食べログ スイーツ 百名店 2020	大阪府					大阪府 中崎町駅			https://tabelog.com/osaka/A2701/A270103/27044987/		未確認				46232	店舗照合済	食べログ 百名店 2020 / スイーツ WEST / Tabelog ID 27044987 / https://award.tabelog.com/hyakumeiten/sweets_west/2020
FOD-1906	アシッドラシーヌ			飲食店	スイーツ	食べログ スイーツ 百名店 2020	大阪府					大阪府 天満橋駅			https://tabelog.com/osaka/A2701/A270104/27071315/		未確認				46232	店舗照合済	食べログ 百名店 2020 / スイーツ WEST / Tabelog ID 27071315 / https://award.tabelog.com/hyakumeiten/sweets_west/2020
FOD-1907	村上開新堂			飲食店	スイーツ	食べログ スイーツ 百名店 2020	京都府					京都府 京都市役所前駅			https://tabelog.com/kyoto/A2601/A260201/26004753/		未確認				46232	店舗照合済	食べログ 百名店 2020 / スイーツ WEST / Tabelog ID 26004753 / https://award.tabelog.com/hyakumeiten/sweets_west/2020
FOD-1908	パティシエ エス コヤマ			飲食店	スイーツ	食べログ スイーツ 百名店 2020	兵庫県					兵庫県 ウッディタウン中央駅			https://tabelog.com/hyogo/A2807/A280703/28001965/		未確認				46232	店舗照合済	食べログ 百名店 2020 / スイーツ WEST / Tabelog ID 28001965 / https://award.tabelog.com/hyakumeiten/sweets_west/2020
FOD-1909	甘泉堂			飲食店	スイーツ	食べログ スイーツ 百名店 2020	京都府					京都府 祇園四条駅			https://tabelog.com/kyoto/A2601/A260301/26001392/		未確認				46232	店舗照合済	食べログ 百名店 2020 / スイーツ WEST / Tabelog ID 26001392 / https://award.tabelog.com/hyakumeiten/sweets_west/2020
FOD-1910	洛叉庵			飲食店	スイーツ	食べログ スイーツ 百名店 2020	京都府					京都府 北大路駅			https://tabelog.com/kyoto/A2601/A260503/26012788/		未確認				46232	店舗照合済	食べログ 百名店 2020 / スイーツ WEST / Tabelog ID 26012788 / https://award.tabelog.com/hyakumeiten/sweets_west/2020
FOD-1911	夢菓房たから			飲食店	スイーツ	食べログ スイーツ 百名店 2020	香川県					香川県 高松市			https://tabelog.com/kagawa/A3701/A370101/37003380/		未確認				46232	店舗照合済	食べログ 百名店 2020 / スイーツ WEST / Tabelog ID 37003380 / https://award.tabelog.com/hyakumeiten/sweets_west/2020
FOD-1912	クレープスタンド シャンデレール 梅田店			飲食店	スイーツ	食べログ スイーツ 百名店 2020	大阪府					大阪府 大阪梅田（阪急）駅			https://tabelog.com/osaka/A2701/A270101/27053125/		未確認				46232	店舗照合済	食べログ 百名店 2020 / スイーツ WEST / Tabelog ID 27053125 / https://award.tabelog.com/hyakumeiten/sweets_west/2020
FOD-1913	かん袋			飲食店	スイーツ	食べログ スイーツ 百名店 2020	大阪府					大阪府 寺地町駅			https://tabelog.com/osaka/A2705/A270501/27001078/		未確認				46232	店舗照合済	食べログ 百名店 2020 / スイーツ WEST / Tabelog ID 27001078 / https://award.tabelog.com/hyakumeiten/sweets_west/2020
FOD-1914	ドゥブルベ・ボレロ 守山本店			飲食店	スイーツ	食べログ スイーツ 百名店 2020	滋賀県					滋賀県 守山市			https://tabelog.com/shiga/A2502/A250203/25000747/		未確認				46232	店舗照合済	食べログ 百名店 2020 / スイーツ WEST / Tabelog ID 25000747 / https://award.tabelog.com/hyakumeiten/sweets_west/2020
FOD-1915	塩芳軒			飲食店	スイーツ	食べログ スイーツ 百名店 2020	京都府					京都府 京都市上京区			https://tabelog.com/kyoto/A2601/A260202/26005963/		未確認				46232	店舗照合済	食べログ 百名店 2020 / スイーツ WEST / Tabelog ID 26005963 / https://award.tabelog.com/hyakumeiten/sweets_west/2020
FOD-1916	中谷堂			飲食店	スイーツ	食べログ スイーツ 百名店 2020	奈良県					奈良県 奈良市			https://tabelog.com/nara/A2901/A290101/29000222/		未確認				46232	店舗照合済	食べログ 百名店 2020 / スイーツ WEST / Tabelog ID 29000222 / https://award.tabelog.com/hyakumeiten/sweets_west/2020
FOD-1917	レ・プティット・パピヨット			飲食店	スイーツ	食べログ スイーツ 百名店 2020	大阪府					大阪府 肥後橋駅			https://tabelog.com/osaka/A2701/A270102/27064714/		未確認				46232	店舗照合済	食べログ 百名店 2020 / スイーツ WEST / Tabelog ID 27064714 / https://award.tabelog.com/hyakumeiten/sweets_west/2020
FOD-1918	ル ミュゼ ドゥ アッシュ 和倉店			飲食店	スイーツ	食べログ スイーツ 百名店 2020	石川県					石川県 七尾市			https://tabelog.com/ishikawa/A1703/A170302/17000223/		未確認				46232	店舗照合済	食べログ 百名店 2020 / スイーツ WEST / Tabelog ID 17000223 / https://award.tabelog.com/hyakumeiten/sweets_west/2020
FOD-1919	ジャック 大濠店			飲食店	スイーツ	食べログ スイーツ 百名店 2020	福岡県					福岡県 大濠公園駅			https://tabelog.com/fukuoka/A4001/A400105/40025283/		未確認				46232	店舗照合済	食べログ 百名店 2020 / スイーツ WEST / Tabelog ID 40025283 / https://award.tabelog.com/hyakumeiten/sweets_west/2020
FOD-1920	アンオー			飲食店	スイーツ	食べログ スイーツ 百名店 2020	宮崎県					宮崎県 宮崎市			https://tabelog.com/miyazaki/A4501/A450101/45006780/		未確認				46232	店舗照合済	食べログ 百名店 2020 / スイーツ WEST / Tabelog ID 45006780 / https://award.tabelog.com/hyakumeiten/sweets_west/2020
FOD-1921	阿闍梨餅本舗 京菓子司 満月 本店			飲食店	スイーツ	食べログ スイーツ 百名店 2020	京都府					京都府 出町柳駅			https://tabelog.com/kyoto/A2601/A260302/26003917/		未確認				46232	店舗照合済	食べログ 百名店 2020 / スイーツ WEST / Tabelog ID 26003917 / https://award.tabelog.com/hyakumeiten/sweets_west/2020
FOD-1922	マリベル 京都本店			飲食店	スイーツ	食べログ スイーツ 百名店 2020	京都府					京都府 烏丸御池駅			https://tabelog.com/kyoto/A2601/A260202/26019937/		未確認				46232	店舗照合済	食べログ 百名店 2020 / スイーツ WEST / Tabelog ID 26019937 / https://award.tabelog.com/hyakumeiten/sweets_west/2020
FOD-1923	茶房いせはん			飲食店	スイーツ	食べログ スイーツ 百名店 2020	京都府					京都府 出町柳駅			https://tabelog.com/kyoto/A2601/A260302/26001023/		未確認				46232	店舗照合済	食べログ 百名店 2020 / スイーツ WEST / Tabelog ID 26001023 / https://award.tabelog.com/hyakumeiten/sweets_west/2020
FOD-1924	エシレ・マルシェ オ ブール			飲食店	スイーツ	食べログ スイーツ 百名店 2020	大阪府					大阪府 梅田駅			https://tabelog.com/osaka/A2701/A270101/27068734/		未確認				46232	店舗照合済	食べログ 百名店 2020 / スイーツ WEST / Tabelog ID 27068734 / https://award.tabelog.com/hyakumeiten/sweets_west/2020
FOD-1925	カファレル 神戸北野本店			飲食店	スイーツ	食べログ スイーツ 百名店 2020	兵庫県					兵庫県 三宮（神戸市営）駅			https://tabelog.com/hyogo/A2801/A280101/28002143/		未確認				46232	店舗照合済	食べログ 百名店 2020 / スイーツ WEST / Tabelog ID 28002143 / https://award.tabelog.com/hyakumeiten/sweets_west/2020
FOD-1926	ガトー・ド・ボワ A LA MAISON			飲食店	スイーツ	食べログ スイーツ 百名店 2020	奈良県					奈良県 奈良市			https://tabelog.com/nara/A2901/A290101/29000134/		未確認				46232	店舗照合済	食べログ 百名店 2020 / スイーツ WEST / Tabelog ID 29000134 / https://award.tabelog.com/hyakumeiten/sweets_west/2020
FOD-1927	サロン・ド・テ・アルション 法善寺本店			飲食店	スイーツ	食べログ スイーツ 百名店 2020	大阪府					大阪府 大阪難波駅			https://tabelog.com/osaka/A2701/A270202/27001538/		未確認				46232	店舗照合済	食べログ 百名店 2020 / スイーツ WEST / Tabelog ID 27001538 / https://award.tabelog.com/hyakumeiten/sweets_west/2020
FOD-1928	パティスリージラフ			飲食店	スイーツ	食べログ スイーツ 百名店 2020	富山県					富山県 富山市			https://tabelog.com/toyama/A1601/A160101/16000052/		未確認				46232	店舗照合済	食べログ 百名店 2020 / スイーツ WEST / Tabelog ID 16000052 / https://award.tabelog.com/hyakumeiten/sweets_west/2020
FOD-1929	シェ・アガタ			飲食店	スイーツ	食べログ スイーツ 百名店 2020	京都府					京都府 三室戸駅			https://tabelog.com/kyoto/A2607/A260701/26009042/		未確認				46232	店舗照合済	食べログ 百名店 2020 / スイーツ WEST / Tabelog ID 26009042 / https://award.tabelog.com/hyakumeiten/sweets_west/2020
FOD-1930	亀末廣			飲食店	スイーツ	食べログ スイーツ 百名店 2020	京都府					京都府 烏丸御池駅			https://tabelog.com/kyoto/A2601/A260202/26000641/		未確認				46232	店舗照合済	食べログ 百名店 2020 / スイーツ WEST / Tabelog ID 26000641 / https://award.tabelog.com/hyakumeiten/sweets_west/2020
FOD-1931	パティシエ・エイジ・ニッタ			飲食店	スイーツ	食べログ スイーツ 百名店 2020	兵庫県					兵庫県 西宮北口駅			https://tabelog.com/hyogo/A2803/A280301/28002149/		未確認				46232	店舗照合済	食べログ 百名店 2020 / スイーツ WEST / Tabelog ID 28002149 / https://award.tabelog.com/hyakumeiten/sweets_west/2020
FOD-1932	祇園きなな 本店			飲食店	スイーツ	食べログ スイーツ 百名店 2020	京都府					京都府 祇園四条駅			https://tabelog.com/kyoto/A2601/A260301/26002500/		未確認				46232	店舗照合済	食べログ 百名店 2020 / スイーツ WEST / Tabelog ID 26002500 / https://award.tabelog.com/hyakumeiten/sweets_west/2020
FOD-1933	大阪浪花家			飲食店	スイーツ	食べログ スイーツ 百名店 2020	大阪府					大阪府 中崎町駅			https://tabelog.com/osaka/A2701/A270101/27069919/		未確認				46232	店舗照合済	食べログ 百名店 2020 / スイーツ WEST / Tabelog ID 27069919 / https://award.tabelog.com/hyakumeiten/sweets_west/2020
FOD-1934	パティスリー モンプリュ 本店			飲食店	スイーツ	食べログ スイーツ 百名店 2020	兵庫県					兵庫県 みなと元町駅			https://tabelog.com/hyogo/A2801/A280102/28002315/		未確認				46232	店舗照合済	食べログ 百名店 2020 / スイーツ WEST / Tabelog ID 28002315 / https://award.tabelog.com/hyakumeiten/sweets_west/2020
FOD-1935	白熊菓琲			飲食店	スイーツ	食べログ スイーツ 百名店 2020	鹿児島県					鹿児島県 鹿児島市			https://tabelog.com/kagoshima/A4601/A460101/46000044/		未確認				46232	店舗照合済	食べログ 百名店 2020 / スイーツ WEST / Tabelog ID 46000044 / https://award.tabelog.com/hyakumeiten/sweets_west/2020
FOD-1936	デリチュース  箕面本店			飲食店	スイーツ	食べログ スイーツ 百名店 2020	大阪府					大阪府 箕面市			https://tabelog.com/osaka/A2706/A270603/27004930/		未確認				46232	店舗照合済	食べログ 百名店 2020 / スイーツ WEST / Tabelog ID 27004930 / https://award.tabelog.com/hyakumeiten/sweets_west/2020
FOD-1937	粟餅所・澤屋			飲食店	スイーツ	食べログ スイーツ 百名店 2020	京都府					京都府 北野白梅町駅			https://tabelog.com/kyoto/A2601/A260501/26001539/		未確認				46232	店舗照合済	食べログ 百名店 2020 / スイーツ WEST / Tabelog ID 26001539 / https://award.tabelog.com/hyakumeiten/sweets_west/2020
FOD-1938	本家月餅家直正			飲食店	スイーツ	食べログ スイーツ 百名店 2020	京都府					京都府 三条駅			https://tabelog.com/kyoto/A2601/A260202/26002393/		未確認				46232	店舗照合済	食べログ 百名店 2020 / スイーツ WEST / Tabelog ID 26002393 / https://award.tabelog.com/hyakumeiten/sweets_west/2020
FOD-1939	みつばち			飲食店	スイーツ	食べログ スイーツ 百名店 2020	京都府					京都府 出町柳駅			https://tabelog.com/kyoto/A2601/A260302/26002128/		未確認				46232	店舗照合済	食べログ 百名店 2020 / スイーツ WEST / Tabelog ID 26002128 / https://award.tabelog.com/hyakumeiten/sweets_west/2020
FOD-1940	ぎおん徳屋			飲食店	スイーツ	食べログ スイーツ 百名店 2020	京都府					京都府 祇園四条駅			https://tabelog.com/kyoto/A2601/A260301/26002075/		未確認				46232	店舗照合済	食べログ 百名店 2020 / スイーツ WEST / Tabelog ID 26002075 / https://award.tabelog.com/hyakumeiten/sweets_west/2020
FOD-1941	加茂みたらし茶屋			飲食店	スイーツ	食べログ スイーツ 百名店 2020	京都府					京都府 京都市左京区			https://tabelog.com/kyoto/A2601/A260503/26001758/		未確認				46232	店舗照合済	食べログ 百名店 2020 / スイーツ WEST / Tabelog ID 26001758 / https://award.tabelog.com/hyakumeiten/sweets_west/2020
FOD-1942	木と根			飲食店	スイーツ	食べログ スイーツ 百名店 2020	京都府					京都府 四条（京都市営）駅			https://tabelog.com/kyoto/A2601/A260201/26005984/		未確認				46232	店舗照合済	食べログ 百名店 2020 / スイーツ WEST / Tabelog ID 26005984 / https://award.tabelog.com/hyakumeiten/sweets_west/2020
FOD-1943	聚洸			飲食店	スイーツ	食べログ スイーツ 百名店 2020	京都府					京都府 鞍馬口駅			https://tabelog.com/kyoto/A2601/A260503/26005468/		未確認				46232	店舗照合済	食べログ 百名店 2020 / スイーツ WEST / Tabelog ID 26005468 / https://award.tabelog.com/hyakumeiten/sweets_west/2020
FOD-1944	エクチュア  からほり「蔵」本店			飲食店	スイーツ	食べログ スイーツ 百名店 2020	大阪府					大阪府 松屋町駅			https://tabelog.com/osaka/A2701/A270204/27000958/		未確認				46232	店舗照合済	食べログ 百名店 2020 / スイーツ WEST / Tabelog ID 27000958 / https://award.tabelog.com/hyakumeiten/sweets_west/2020
FOD-1945	かしや			飲食店	スイーツ	食べログ スイーツ 百名店 2020	京都府					京都府 三条京阪駅			https://tabelog.com/kyoto/A2601/A260301/26024343/		未確認				46232	店舗照合済	食べログ 百名店 2020 / スイーツ WEST / Tabelog ID 26024343 / https://award.tabelog.com/hyakumeiten/sweets_west/2020
FOD-1946	アッサンブラージュ カキモト			飲食店	スイーツ	食べログ スイーツ 百名店 2020	京都府					京都府 神宮丸太町駅			https://tabelog.com/kyoto/A2601/A260202/26027283/		未確認				46232	店舗照合済	食べログ 百名店 2020 / スイーツ WEST / Tabelog ID 26027283 / https://award.tabelog.com/hyakumeiten/sweets_west/2020
FOD-1947	フランス菓子16区			飲食店	スイーツ	食べログ スイーツ 百名店 2020	福岡県					福岡県 薬院大通駅			https://tabelog.com/fukuoka/A4001/A400104/40000550/		未確認				46232	店舗照合済	食べログ 百名店 2020 / スイーツ WEST / Tabelog ID 40000550 / https://award.tabelog.com/hyakumeiten/sweets_west/2020
FOD-1948	松寿軒			飲食店	スイーツ	食べログ スイーツ 百名店 2020	京都府					京都府 清水五条駅			https://tabelog.com/kyoto/A2601/A260301/26009387/		未確認				46232	店舗照合済	食べログ 百名店 2020 / スイーツ WEST / Tabelog ID 26009387 / https://award.tabelog.com/hyakumeiten/sweets_west/2020
FOD-1949	みやけ 旧鴻池邸表屋			飲食店	スイーツ	食べログ スイーツ 百名店 2020	奈良県					奈良県 奈良市			https://tabelog.com/nara/A2901/A290102/29004637/		未確認				46232	店舗照合済	食べログ 百名店 2020 / スイーツ WEST / Tabelog ID 29004637 / https://award.tabelog.com/hyakumeiten/sweets_west/2020
FOD-1950	五感 北浜本館			飲食店	スイーツ	食べログ スイーツ 百名店 2020	大阪府					大阪府 北浜駅			https://tabelog.com/osaka/A2701/A270102/27003404/		未確認				46232	店舗照合済	食べログ 百名店 2020 / スイーツ WEST / Tabelog ID 27003404 / https://award.tabelog.com/hyakumeiten/sweets_west/2020
FOD-1951	ひつじ			飲食店	スイーツ	食べログ スイーツ 百名店 2020	京都府					京都府 丸太町（京都市営）駅			https://tabelog.com/kyoto/A2601/A260202/26018786/		未確認				46232	店舗照合済	食べログ 百名店 2020 / スイーツ WEST / Tabelog ID 26018786 / https://award.tabelog.com/hyakumeiten/sweets_west/2020
FOD-1952	パティスリーエス			飲食店	スイーツ	食べログ スイーツ 百名店 2020	京都府					京都府 四条（京都市営）駅			https://tabelog.com/kyoto/A2601/A260201/26012808/		未確認				46232	店舗照合済	食べログ 百名店 2020 / スイーツ WEST / Tabelog ID 26012808 / https://award.tabelog.com/hyakumeiten/sweets_west/2020
FOD-1953	ジェラテリア チルコドーロ			飲食店	スイーツ	食べログ スイーツ 百名店 2020	大阪府					大阪府 谷町六丁目駅			https://tabelog.com/osaka/A2701/A270204/27009531/		未確認				46232	店舗照合済	食べログ 百名店 2020 / スイーツ WEST / Tabelog ID 27009531 / https://award.tabelog.com/hyakumeiten/sweets_west/2020
FOD-1954	レ・グーテ			飲食店	スイーツ	食べログ スイーツ 百名店 2020	大阪府					大阪府 肥後橋駅			https://tabelog.com/osaka/A2701/A270102/27052440/		未確認				46232	店舗照合済	食べログ 百名店 2020 / スイーツ WEST / Tabelog ID 27052440 / https://award.tabelog.com/hyakumeiten/sweets_west/2020
FOD-1955	サロン・ド・ロワイヤル 京都店			飲食店	スイーツ	食べログ スイーツ 百名店 2020	京都府					京都府 京都市役所前駅			https://tabelog.com/kyoto/A2601/A260202/26021798/		未確認				46232	店舗照合済	食べログ 百名店 2020 / スイーツ WEST / Tabelog ID 26021798 / https://award.tabelog.com/hyakumeiten/sweets_west/2020
FOD-1956	甘納豆かわむら			飲食店	スイーツ	食べログ スイーツ 百名店 2020	石川県					石川県 金沢市			https://tabelog.com/ishikawa/A1701/A170101/17000514/		未確認				46232	店舗照合済	食べログ 百名店 2020 / スイーツ WEST / Tabelog ID 17000514 / https://award.tabelog.com/hyakumeiten/sweets_west/2020
FOD-1957	cocoo cafe			飲食店	スイーツ	食べログ スイーツ 百名店 2020	大阪府					大阪府 阿波座駅			https://tabelog.com/osaka/A2701/A270106/27031667/		未確認				46232	店舗照合済	食べログ 百名店 2020 / スイーツ WEST / Tabelog ID 27031667 / https://award.tabelog.com/hyakumeiten/sweets_west/2020
FOD-1958	ラ・ヴァチュール			飲食店	スイーツ	食べログ スイーツ 百名店 2020	京都府					京都府 神宮丸太町駅			https://tabelog.com/kyoto/A2601/A260302/26001070/		未確認				46232	店舗照合済	食べログ 百名店 2020 / スイーツ WEST / Tabelog ID 26001070 / https://award.tabelog.com/hyakumeiten/sweets_west/2020
FOD-1959	ショコラティエ パレ ド オール 大阪			飲食店	スイーツ	食べログ スイーツ 百名店 2020	大阪府					大阪府 西梅田駅			https://tabelog.com/osaka/A2701/A270101/27003190/		未確認				46232	店舗照合済	食べログ 百名店 2020 / スイーツ WEST / Tabelog ID 27003190 / https://award.tabelog.com/hyakumeiten/sweets_west/2020
FOD-1960	ドゥブルベ・ボレロ 大阪本町店			飲食店	スイーツ	食べログ スイーツ 百名店 2020	大阪府					大阪府 本町駅			https://tabelog.com/osaka/A2701/A270102/27075194/		未確認				46232	店舗照合済	食べログ 百名店 2020 / スイーツ WEST / Tabelog ID 27075194 / https://award.tabelog.com/hyakumeiten/sweets_west/2020
FOD-1961	遊形 サロン・ド・テ			飲食店	スイーツ	食べログ スイーツ 百名店 2020	京都府					京都府 京都市役所前駅			https://tabelog.com/kyoto/A2601/A260202/26005378/		未確認				46232	店舗照合済	食べログ 百名店 2020 / スイーツ WEST / Tabelog ID 26005378 / https://award.tabelog.com/hyakumeiten/sweets_west/2020
FOD-1962	宝泉 JR新幹線京都駅店			飲食店	スイーツ	食べログ スイーツ 百名店 2020	京都府					京都府 京都駅			https://tabelog.com/kyoto/A2601/A260101/26006790/		未確認				46232	店舗照合済	食べログ 百名店 2020 / スイーツ WEST / Tabelog ID 26006790 / https://award.tabelog.com/hyakumeiten/sweets_west/2020
FOD-1963	クレープリー・アルション			飲食店	スイーツ	食べログ スイーツ 百名店 2020	大阪府					大阪府 大阪難波駅			https://tabelog.com/osaka/A2701/A270202/27003897/		未確認				46232	店舗照合済	食べログ 百名店 2020 / スイーツ WEST / Tabelog ID 27003897 / https://award.tabelog.com/hyakumeiten/sweets_west/2020
FOD-1964	岩村もみじ屋			飲食店	スイーツ	食べログ スイーツ 百名店 2020	広島県					広島県 廿日市市			https://tabelog.com/hiroshima/A3402/A340202/34001087/		未確認				46232	店舗照合済	食べログ 百名店 2020 / スイーツ WEST / Tabelog ID 34001087 / https://award.tabelog.com/hyakumeiten/sweets_west/2020
FOD-1965	サロン・ド・テ・ジャマン			飲食店	スイーツ	食べログ スイーツ 百名店 2020	大阪府					大阪府 茨木市駅			https://tabelog.com/osaka/A2706/A270604/27012523/		未確認				46232	店舗照合済	食べログ 百名店 2020 / スイーツ WEST / Tabelog ID 27012523 / https://award.tabelog.com/hyakumeiten/sweets_west/2020
FOD-1966	餅匠しづく 新町店			飲食店	スイーツ	食べログ スイーツ 百名店 2020	大阪府					大阪府 西大橋駅			https://tabelog.com/osaka/A2701/A270201/27024632/		未確認				46232	店舗照合済	食べログ 百名店 2020 / スイーツ WEST / Tabelog ID 27024632 / https://award.tabelog.com/hyakumeiten/sweets_west/2020
FOD-1967	ル・ピノー 北堀江本店			飲食店	スイーツ	食べログ スイーツ 百名店 2020	大阪府					大阪府 西大橋駅			https://tabelog.com/osaka/A2701/A270201/27001030/		未確認				46232	店舗照合済	食べログ 百名店 2020 / スイーツ WEST / Tabelog ID 27001030 / https://award.tabelog.com/hyakumeiten/sweets_west/2020
FOD-1968	二條若狭屋 寺町店			飲食店	スイーツ	食べログ スイーツ 百名店 2020	京都府					京都府 京都市役所前駅			https://tabelog.com/kyoto/A2601/A260201/26022589/		未確認				46232	店舗照合済	食べログ 百名店 2020 / スイーツ WEST / Tabelog ID 26022589 / https://award.tabelog.com/hyakumeiten/sweets_west/2020
FOD-1969	茶菓円山			飲食店	スイーツ	食べログ スイーツ 百名店 2020	京都府					京都府 東山駅			https://tabelog.com/kyoto/A2601/A260301/26024782/		未確認				46232	店舗照合済	食べログ 百名店 2020 / スイーツ WEST / Tabelog ID 26024782 / https://award.tabelog.com/hyakumeiten/sweets_west/2020
FOD-1970	大極殿本舗 六角店			飲食店	スイーツ	食べログ スイーツ 百名店 2020	京都府					京都府 烏丸御池駅			https://tabelog.com/kyoto/A2601/A260202/26004652/		未確認				46232	店舗照合済	食べログ 百名店 2020 / スイーツ WEST / Tabelog ID 26004652 / https://award.tabelog.com/hyakumeiten/sweets_west/2020
FOD-1971	神馬堂			飲食店	スイーツ	食べログ スイーツ 百名店 2020	京都府					京都府 京都市北区			https://tabelog.com/kyoto/A2601/A260503/26000370/		未確認				46232	店舗照合済	食べログ 百名店 2020 / スイーツ WEST / Tabelog ID 26000370 / https://award.tabelog.com/hyakumeiten/sweets_west/2020
FOD-1972	川端道喜			飲食店	スイーツ	食べログ スイーツ 百名店 2020	京都府					京都府 北山駅			https://tabelog.com/kyoto/A2601/A260503/26001766/		未確認				46232	店舗照合済	食べログ 百名店 2020 / スイーツ WEST / Tabelog ID 26001766 / https://award.tabelog.com/hyakumeiten/sweets_west/2020
FOD-1973	パティスリー プラン			飲食店	スイーツ	食べログ スイーツ 百名店 2020	兵庫県					兵庫県 芦屋（ＪＲ）駅			https://tabelog.com/hyogo/A2803/A280302/28005628/		未確認				46232	店舗照合済	食べログ 百名店 2020 / スイーツ WEST / Tabelog ID 28005628 / https://award.tabelog.com/hyakumeiten/sweets_west/2020
FOD-1974	マツシタキッチン			飲食店	スイーツ	食べログ スイーツ 百名店 2020	大阪府					大阪府 玉造（ＪＲ）駅			https://tabelog.com/osaka/A2701/A270204/27066981/		未確認				46232	店舗照合済	食べログ 百名店 2020 / スイーツ WEST / Tabelog ID 27066981 / https://award.tabelog.com/hyakumeiten/sweets_west/2020
FOD-1975	カフェ フェイト			飲食店	スイーツ	食べログ スイーツ 百名店 2020	大阪府					大阪府 天神橋筋六丁目駅			https://tabelog.com/osaka/A2701/A270103/27076635/		未確認				46232	店舗照合済	食べログ 百名店 2020 / スイーツ WEST / Tabelog ID 27076635 / https://award.tabelog.com/hyakumeiten/sweets_west/2020
FOD-1976	今西軒			飲食店	スイーツ	食べログ スイーツ 百名店 2020	京都府					京都府 五条（京都市営）駅			https://tabelog.com/kyoto/A2601/A260201/26002101/		未確認				46232	店舗照合済	食べログ 百名店 2020 / スイーツ WEST / Tabelog ID 26002101 / https://award.tabelog.com/hyakumeiten/sweets_west/2020
FOD-1977	萬御菓子誂處 樫舎			飲食店	スイーツ	食べログ スイーツ 百名店 2020	奈良県					奈良県 奈良市			https://tabelog.com/nara/A2901/A290101/29002296/		未確認				46232	店舗照合済	食べログ 百名店 2020 / スイーツ WEST / Tabelog ID 29002296 / https://award.tabelog.com/hyakumeiten/sweets_west/2020
FOD-1978	パスティチュリア・デリチュース 大阪店			飲食店	スイーツ	食べログ スイーツ 百名店 2020	大阪府					大阪府 大阪駅			https://tabelog.com/osaka/A2701/A270101/27010561/		未確認				46232	店舗照合済	食べログ 百名店 2020 / スイーツ WEST / Tabelog ID 27010561 / https://award.tabelog.com/hyakumeiten/sweets_west/2020
FOD-1979	ゼンカフェ			飲食店	スイーツ	食べログ スイーツ 百名店 2020	京都府					京都府 祇園四条駅			https://tabelog.com/kyoto/A2601/A260301/26021305/		未確認				46232	店舗照合済	食べログ 百名店 2020 / スイーツ WEST / Tabelog ID 26021305 / https://award.tabelog.com/hyakumeiten/sweets_west/2020
FOD-1980	麩嘉 府庁前本店			飲食店	スイーツ	食べログ スイーツ 百名店 2020	京都府					京都府 丸太町（京都市営）駅			https://tabelog.com/kyoto/A2601/A260202/26001531/		未確認				46232	店舗照合済	食べログ 百名店 2020 / スイーツ WEST / Tabelog ID 26001531 / https://award.tabelog.com/hyakumeiten/sweets_west/2020
FOD-1981	中村軒			飲食店	スイーツ	食べログ スイーツ 百名店 2020	京都府					京都府 桂駅			https://tabelog.com/kyoto/A2601/A260401/26001883/		未確認				46232	店舗照合済	食べログ 百名店 2020 / スイーツ WEST / Tabelog ID 26001883 / https://award.tabelog.com/hyakumeiten/sweets_west/2020
FOD-1982	なかたに亭			飲食店	スイーツ	食べログ スイーツ 百名店 2020	大阪府					大阪府 大阪上本町駅			https://tabelog.com/osaka/A2701/A270205/27000953/		未確認				46232	店舗照合済	食べログ 百名店 2020 / スイーツ WEST / Tabelog ID 27000953 / https://award.tabelog.com/hyakumeiten/sweets_west/2020
FOD-1983	茶寮 宝泉			飲食店	スイーツ	食べログ スイーツ 百名店 2020	京都府					京都府 松ケ崎駅			https://tabelog.com/kyoto/A2601/A260503/26001872/		未確認				46232	店舗照合済	食べログ 百名店 2020 / スイーツ WEST / Tabelog ID 26001872 / https://award.tabelog.com/hyakumeiten/sweets_west/2020
FOD-1984	ラヴニュー			飲食店	スイーツ	食べログ スイーツ 百名店 2020	兵庫県					兵庫県 三宮（神戸市営）駅			https://tabelog.com/hyogo/A2801/A280102/28033447/		未確認				46232	店舗照合済	食べログ 百名店 2020 / スイーツ WEST / Tabelog ID 28033447 / https://award.tabelog.com/hyakumeiten/sweets_west/2020
FOD-1985	ツマガリ 甲陽園本店			飲食店	スイーツ	食べログ スイーツ 百名店 2020	兵庫県					兵庫県 甲陽園駅			https://tabelog.com/hyogo/A2803/A280301/28001357/		未確認				46232	店舗照合済	食べログ 百名店 2020 / スイーツ WEST / Tabelog ID 28001357 / https://award.tabelog.com/hyakumeiten/sweets_west/2020
FOD-1986	鍵善良房 四条本店			飲食店	スイーツ	食べログ スイーツ 百名店 2020	京都府					京都府 祇園四条駅			https://tabelog.com/kyoto/A2601/A260301/26001887/		未確認				46232	店舗照合済	食べログ 百名店 2020 / スイーツ WEST / Tabelog ID 26001887 / https://award.tabelog.com/hyakumeiten/sweets_west/2020
FOD-1987	グラン・ヴァニーユ			飲食店	スイーツ	食べログ スイーツ 百名店 2020	京都府					京都府 烏丸御池駅			https://tabelog.com/kyoto/A2601/A260202/26017389/		未確認				46232	店舗照合済	食べログ 百名店 2020 / スイーツ WEST / Tabelog ID 26017389 / https://award.tabelog.com/hyakumeiten/sweets_west/2020
FOD-1988	かざりや			飲食店	スイーツ	食べログ スイーツ 百名店 2020	京都府					京都府 京都市北区			https://tabelog.com/kyoto/A2601/A260503/26001670/		未確認				46232	店舗照合済	食べログ 百名店 2020 / スイーツ WEST / Tabelog ID 26001670 / https://award.tabelog.com/hyakumeiten/sweets_west/2020
FOD-1989	ロトス洋菓子店			飲食店	スイーツ	食べログ スイーツ 百名店 2020	京都府					京都府 四条（京都市営）駅			https://tabelog.com/kyoto/A2601/A260201/26017308/		未確認				46232	店舗照合済	食べログ 百名店 2020 / スイーツ WEST / Tabelog ID 26017308 / https://award.tabelog.com/hyakumeiten/sweets_west/2020
FOD-1990	パティスリー ショコラトリー オーディネール			飲食店	スイーツ	食べログ スイーツ 百名店 2020	大阪府					大阪府 桜川駅			https://tabelog.com/osaka/A2701/A270201/27076593/		未確認				46232	店舗照合済	食べログ 百名店 2020 / スイーツ WEST / Tabelog ID 27076593 / https://award.tabelog.com/hyakumeiten/sweets_west/2020
FOD-1991	緑寿庵清水			飲食店	スイーツ	食べログ スイーツ 百名店 2020	京都府					京都府 出町柳駅			https://tabelog.com/kyoto/A2601/A260302/26005325/		未確認				46232	店舗照合済	食べログ 百名店 2020 / スイーツ WEST / Tabelog ID 26005325 / https://award.tabelog.com/hyakumeiten/sweets_west/2020
FOD-1992	カカオサンパカ 大丸梅田店			飲食店	スイーツ	食べログ スイーツ 百名店 2020	大阪府					大阪府 大阪梅田（阪神）駅			https://tabelog.com/osaka/A2701/A270101/27055936/		未確認				46232	店舗照合済	食べログ 百名店 2020 / スイーツ WEST / Tabelog ID 27055936 / https://award.tabelog.com/hyakumeiten/sweets_west/2020
FOD-1993	パティスリー タンドレス			飲食店	スイーツ	食べログ スイーツ 百名店 2020	京都府					京都府 一乗寺駅			https://tabelog.com/kyoto/A2601/A260303/26003706/		未確認				46232	店舗照合済	食べログ 百名店 2020 / スイーツ WEST / Tabelog ID 26003706 / https://award.tabelog.com/hyakumeiten/sweets_west/2020
FOD-1994	こちかぜ			飲食店	スイーツ	食べログ スイーツ 百名店 2020	大阪府					大阪府 玉造（大阪メトロ）駅			https://tabelog.com/osaka/A2701/A270204/27009604/		未確認				46232	店舗照合済	食べログ 百名店 2020 / スイーツ WEST / Tabelog ID 27009604 / https://award.tabelog.com/hyakumeiten/sweets_west/2020
FOD-1995	PATISSERIE LACROIX			飲食店	スイーツ	食べログ スイーツ 百名店 2020	兵庫県					兵庫県 伊丹（ＪＲ）駅			https://tabelog.com/hyogo/A2803/A280306/28031988/		未確認				46232	店舗照合済	食べログ 百名店 2020 / スイーツ WEST / Tabelog ID 28031988 / https://award.tabelog.com/hyakumeiten/sweets_west/2020
FOD-1996	ミッシェルバッハ			飲食店	スイーツ	食べログ スイーツ 百名店 2020	兵庫県					兵庫県 夙川駅			https://tabelog.com/hyogo/A2803/A280301/28001388/		未確認				46232	店舗照合済	食べログ 百名店 2020 / スイーツ WEST / Tabelog ID 28001388 / https://award.tabelog.com/hyakumeiten/sweets_west/2020
FOD-1997	Poche du Reve			飲食店	スイーツ	食べログ スイーツ 百名店 2020	兵庫県					兵庫県 芦屋（阪神）駅			https://tabelog.com/hyogo/A2803/A280302/28012993/		未確認				46232	店舗照合済	食べログ 百名店 2020 / スイーツ WEST / Tabelog ID 28012993 / https://award.tabelog.com/hyakumeiten/sweets_west/2020
FOD-1998	玉製家			飲食店	スイーツ	食べログ スイーツ 百名店 2020	大阪府					大阪府 日本橋駅			https://tabelog.com/osaka/A2701/A270202/27001576/		未確認				46232	店舗照合済	食べログ 百名店 2020 / スイーツ WEST / Tabelog ID 27001576 / https://award.tabelog.com/hyakumeiten/sweets_west/2020
FOD-1999	うちたて家			飲食店	うどん	食べログ うどん 百名店 2020	東京都					東京都 池袋駅			https://tabelog.com/tokyo/A1305/A130501/13003889/		未確認				46232	店舗照合済	食べログ 百名店 2020 / うどん TOKYO / Tabelog ID 13003889 / https://award.tabelog.com/hyakumeiten/udon_tokyo/2020
FOD-2000	うどん弥 根古坂			飲食店	うどん	食べログ うどん 百名店 2020	東京都					東京都 新小平駅			https://tabelog.com/tokyo/A1328/A132804/13137697/		未確認				46232	店舗照合済	食べログ 百名店 2020 / うどん TOKYO / Tabelog ID 13137697 / https://award.tabelog.com/hyakumeiten/udon_tokyo/2020
FOD-2001	おにやんま 東品川店			飲食店	うどん	食べログ うどん 百名店 2020	東京都					東京都 青物横丁駅			https://tabelog.com/tokyo/A1315/A131501/13142095/		未確認				46232	店舗照合済	食べログ 百名店 2020 / うどん TOKYO / Tabelog ID 13142095 / https://award.tabelog.com/hyakumeiten/udon_tokyo/2020
FOD-2002	恵			飲食店	うどん	食べログ うどん 百名店 2020	東京都					東京都 荻窪駅			https://tabelog.com/tokyo/A1319/A131906/13141730/		未確認				46232	店舗照合済	食べログ 百名店 2020 / うどん TOKYO / Tabelog ID 13141730 / https://award.tabelog.com/hyakumeiten/udon_tokyo/2020
FOD-2003	根津 釜竹			飲食店	うどん	食べログ うどん 百名店 2020	東京都					東京都 根津駅			https://tabelog.com/tokyo/A1311/A131106/13020252/		未確認				46232	店舗照合済	食べログ 百名店 2020 / うどん TOKYO / Tabelog ID 13020252 / https://award.tabelog.com/hyakumeiten/udon_tokyo/2020
FOD-2004	古奈屋 巣鴨本店			飲食店	うどん	食べログ うどん 百名店 2020	東京都					東京都 巣鴨駅			https://tabelog.com/tokyo/A1323/A132301/13003814/		未確認				46232	店舗照合済	食べログ 百名店 2020 / うどん TOKYO / Tabelog ID 13003814 / https://award.tabelog.com/hyakumeiten/udon_tokyo/2020
FOD-2005	うどん 丸香			飲食店	うどん	食べログ うどん 百名店 2020	東京都					東京都 神保町駅			https://tabelog.com/tokyo/A1310/A131003/13000629/		未確認				46232	店舗照合済	食べログ 百名店 2020 / うどん TOKYO / Tabelog ID 13000629 / https://award.tabelog.com/hyakumeiten/udon_tokyo/2020
FOD-2006	小平うどん 小平本店			飲食店	うどん	食べログ うどん 百名店 2020	東京都					東京都 小平市			https://tabelog.com/tokyo/A1328/A132804/13087964/		未確認				46232	店舗照合済	食べログ 百名店 2020 / うどん TOKYO / Tabelog ID 13087964 / https://award.tabelog.com/hyakumeiten/udon_tokyo/2020
FOD-2007	元咲			飲食店	うどん	食べログ うどん 百名店 2020	東京都					東京都 小岩駅			https://tabelog.com/tokyo/A1312/A131204/13041174/		未確認				46232	店舗照合済	食べログ 百名店 2020 / うどん TOKYO / Tabelog ID 13041174 / https://award.tabelog.com/hyakumeiten/udon_tokyo/2020
FOD-2008	手打うどん すみた			飲食店	うどん	食べログ うどん 百名店 2020	東京都					東京都 赤羽岩淵駅			https://tabelog.com/tokyo/A1323/A132305/13003783/		未確認				46232	店舗照合済	食べログ 百名店 2020 / うどん TOKYO / Tabelog ID 13003783 / https://award.tabelog.com/hyakumeiten/udon_tokyo/2020
FOD-2009	あんぷく 池袋店			飲食店	うどん	食べログ うどん 百名店 2020	東京都					東京都 池袋駅			https://tabelog.com/tokyo/A1305/A130501/13097934/		未確認				46232	店舗照合済	食べログ 百名店 2020 / うどん TOKYO / Tabelog ID 13097934 / https://award.tabelog.com/hyakumeiten/udon_tokyo/2020
FOD-2010	本格手打うどん あらた			飲食店	うどん	食べログ うどん 百名店 2020	東京都					東京都 八王子駅			https://tabelog.com/tokyo/A1329/A132904/13025001/		未確認				46232	店舗照合済	食べログ 百名店 2020 / うどん TOKYO / Tabelog ID 13025001 / https://award.tabelog.com/hyakumeiten/udon_tokyo/2020
FOD-2011	葉隠			飲食店	うどん	食べログ うどん 百名店 2020	東京都					東京都 赤坂見附駅			https://tabelog.com/tokyo/A1308/A130801/13024229/		未確認				46232	店舗照合済	食べログ 百名店 2020 / うどん TOKYO / Tabelog ID 13024229 / https://award.tabelog.com/hyakumeiten/udon_tokyo/2020
FOD-2012	博多うどん酒場イチカバチカ 恵比寿店			飲食店	うどん	食べログ うどん 百名店 2020	東京都					東京都 恵比寿駅			https://tabelog.com/tokyo/A1303/A130302/13198167/		未確認				46232	店舗照合済	食べログ 百名店 2020 / うどん TOKYO / Tabelog ID 13198167 / https://award.tabelog.com/hyakumeiten/udon_tokyo/2020
FOD-2013	銀座 佐藤養助			飲食店	うどん	食べログ うどん 百名店 2020	東京都					東京都 銀座駅			https://tabelog.com/tokyo/A1301/A130101/13033146/		未確認				46232	店舗照合済	食べログ 百名店 2020 / うどん TOKYO / Tabelog ID 13033146 / https://award.tabelog.com/hyakumeiten/udon_tokyo/2020
FOD-2014	うどん山長			飲食店	うどん	食べログ うどん 百名店 2020	東京都					東京都 恵比寿駅			https://tabelog.com/tokyo/A1303/A130302/13045327/		未確認				46232	店舗照合済	食べログ 百名店 2020 / うどん TOKYO / Tabelog ID 13045327 / https://award.tabelog.com/hyakumeiten/udon_tokyo/2020
FOD-2015	手打うどん長谷川			飲食店	うどん	食べログ うどん 百名店 2020	東京都					東京都 大泉学園駅			https://tabelog.com/tokyo/A1321/A132103/13105083/		未確認				46232	店舗照合済	食べログ 百名店 2020 / うどん TOKYO / Tabelog ID 13105083 / https://award.tabelog.com/hyakumeiten/udon_tokyo/2020
FOD-2016	竹や			飲食店	うどん	食べログ うどん 百名店 2020	東京都					東京都 御茶ノ水駅			https://tabelog.com/tokyo/A1310/A131002/13005072/		未確認				46232	店舗照合済	食べログ 百名店 2020 / うどん TOKYO / Tabelog ID 13005072 / https://award.tabelog.com/hyakumeiten/udon_tokyo/2020
FOD-2017	きくや			飲食店	うどん	食べログ うどん 百名店 2020	東京都					東京都 武蔵大和駅			https://tabelog.com/tokyo/A1328/A132806/13010118/		未確認				46232	店舗照合済	食べログ 百名店 2020 / うどん TOKYO / Tabelog ID 13010118 / https://award.tabelog.com/hyakumeiten/udon_tokyo/2020
FOD-2018	香川 一福 神田店			飲食店	うどん	食べログ うどん 百名店 2020	東京都					東京都 小川町駅			https://tabelog.com/tokyo/A1310/A131002/13185500/		未確認				46232	店舗照合済	食べログ 百名店 2020 / うどん TOKYO / Tabelog ID 13185500 / https://award.tabelog.com/hyakumeiten/udon_tokyo/2020
FOD-2019	しまだ			飲食店	うどん	食べログ うどん 百名店 2020	東京都					東京都 表参道駅			https://tabelog.com/tokyo/A1306/A130602/13006991/		未確認				46232	店舗照合済	食べログ 百名店 2020 / うどん TOKYO / Tabelog ID 13006991 / https://award.tabelog.com/hyakumeiten/udon_tokyo/2020
FOD-2020	おにやんま 人形町店			飲食店	うどん	食べログ うどん 百名店 2020	東京都					東京都 人形町駅			https://tabelog.com/tokyo/A1302/A130204/13216456/		未確認				46232	店舗照合済	食べログ 百名店 2020 / うどん TOKYO / Tabelog ID 13216456 / https://award.tabelog.com/hyakumeiten/udon_tokyo/2020
FOD-2021	叶屋			飲食店	うどん	食べログ うどん 百名店 2020	東京都					東京都 浅草（東武・都営・メトロ）駅			https://tabelog.com/tokyo/A1311/A131102/13025846/		未確認				46232	店舗照合済	食べログ 百名店 2020 / うどん TOKYO / Tabelog ID 13025846 / https://award.tabelog.com/hyakumeiten/udon_tokyo/2020
FOD-2022	正太郎うどん			飲食店	うどん	食べログ うどん 百名店 2020	東京都					東京都 上井草駅			https://tabelog.com/tokyo/A1321/A132105/13095768/		未確認				46232	店舗照合済	食べログ 百名店 2020 / うどん TOKYO / Tabelog ID 13095768 / https://award.tabelog.com/hyakumeiten/udon_tokyo/2020
FOD-2023	四ツ木製麺所			飲食店	うどん	食べログ うどん 百名店 2020	東京都					東京都 京成立石駅			https://tabelog.com/tokyo/A1324/A132403/13163404/		未確認				46232	店舗照合済	食べログ 百名店 2020 / うどん TOKYO / Tabelog ID 13163404 / https://award.tabelog.com/hyakumeiten/udon_tokyo/2020
FOD-2024	五代目 花山うどん 銀座店			飲食店	うどん	食べログ うどん 百名店 2020	東京都					東京都 東銀座駅			https://tabelog.com/tokyo/A1301/A130101/13200630/		未確認				46232	店舗照合済	食べログ 百名店 2020 / うどん TOKYO / Tabelog ID 13200630 / https://award.tabelog.com/hyakumeiten/udon_tokyo/2020
FOD-2025	とこ井			飲食店	うどん	食べログ うどん 百名店 2020	東京都					東京都 高円寺駅			https://tabelog.com/tokyo/A1319/A131904/13153065/		未確認				46232	店舗照合済	食べログ 百名店 2020 / うどん TOKYO / Tabelog ID 13153065 / https://award.tabelog.com/hyakumeiten/udon_tokyo/2020
FOD-2026	こんぴら茶屋			飲食店	うどん	食べログ うどん 百名店 2020	東京都					東京都 目黒駅			https://tabelog.com/tokyo/A1316/A131601/13013189/		未確認				46232	店舗照合済	食べログ 百名店 2020 / うどん TOKYO / Tabelog ID 13013189 / https://award.tabelog.com/hyakumeiten/udon_tokyo/2020
FOD-2027	慶屋			飲食店	うどん	食べログ うどん 百名店 2020	東京都					東京都 日比谷駅			https://tabelog.com/tokyo/A1301/A130102/13044658/		未確認				46232	店舗照合済	食べログ 百名店 2020 / うどん TOKYO / Tabelog ID 13044658 / https://award.tabelog.com/hyakumeiten/udon_tokyo/2020
FOD-2028	籠や			飲食店	うどん	食べログ うどん 百名店 2020	東京都					東京都 赤坂駅			https://tabelog.com/tokyo/A1308/A130801/13015161/		未確認				46232	店舗照合済	食べログ 百名店 2020 / うどん TOKYO / Tabelog ID 13015161 / https://award.tabelog.com/hyakumeiten/udon_tokyo/2020
FOD-2029	栄屋うどん店			飲食店	うどん	食べログ うどん 百名店 2020	東京都					東京都 ひばりケ丘駅			https://tabelog.com/tokyo/A1328/A132801/13070422/		未確認				46232	店舗照合済	食べログ 百名店 2020 / うどん TOKYO / Tabelog ID 13070422 / https://award.tabelog.com/hyakumeiten/udon_tokyo/2020
FOD-2030	石臼挽きうどん しゅはり			飲食店	うどん	食べログ うどん 百名店 2020	東京都					東京都 錦糸町駅			https://tabelog.com/tokyo/A1312/A131201/13174640/		未確認				46232	店舗照合済	食べログ 百名店 2020 / うどん TOKYO / Tabelog ID 13174640 / https://award.tabelog.com/hyakumeiten/udon_tokyo/2020
FOD-2031	よしふじ			飲食店	うどん	食べログ うどん 百名店 2020	東京都					東京都 小平駅			https://tabelog.com/tokyo/A1328/A132804/13080472/		未確認				46232	店舗照合済	食べログ 百名店 2020 / うどん TOKYO / Tabelog ID 13080472 / https://award.tabelog.com/hyakumeiten/udon_tokyo/2020
FOD-2032	古奈屋 丸の内オアゾ店			飲食店	うどん	食べログ うどん 百名店 2020	東京都					東京都 大手町駅			https://tabelog.com/tokyo/A1302/A130201/13017139/		未確認				46232	店舗照合済	食べログ 百名店 2020 / うどん TOKYO / Tabelog ID 13017139 / https://award.tabelog.com/hyakumeiten/udon_tokyo/2020
FOD-2033	つくつくぼうし			飲食店	うどん	食べログ うどん 百名店 2020	東京都					東京都 野方駅			https://tabelog.com/tokyo/A1321/A132104/13218651/		未確認				46232	店舗照合済	食べログ 百名店 2020 / うどん TOKYO / Tabelog ID 13218651 / https://award.tabelog.com/hyakumeiten/udon_tokyo/2020
FOD-2034	でら打ち			飲食店	うどん	食べログ うどん 百名店 2020	東京都					東京都 旗の台駅			https://tabelog.com/tokyo/A1317/A131712/13003419/		未確認				46232	店舗照合済	食べログ 百名店 2020 / うどん TOKYO / Tabelog ID 13003419 / https://award.tabelog.com/hyakumeiten/udon_tokyo/2020
FOD-2035	純手打ち讃岐うどん五郎			飲食店	うどん	食べログ うどん 百名店 2020	東京都					東京都 錦糸町駅			https://tabelog.com/tokyo/A1312/A131201/13156107/		未確認				46232	店舗照合済	食べログ 百名店 2020 / うどん TOKYO / Tabelog ID 13156107 / https://award.tabelog.com/hyakumeiten/udon_tokyo/2020
FOD-2036	cuud			飲食店	うどん	食べログ うどん 百名店 2020	東京都					東京都 羽田空港第１ビル駅			https://tabelog.com/tokyo/A1315/A131504/13193378/		未確認				46232	店舗照合済	食べログ 百名店 2020 / うどん TOKYO / Tabelog ID 13193378 / https://award.tabelog.com/hyakumeiten/udon_tokyo/2020
FOD-2037	千駄木うどん 汐満			飲食店	うどん	食べログ うどん 百名店 2020	東京都					東京都 千駄木駅			https://tabelog.com/tokyo/A1311/A131106/13119510/		未確認				46232	店舗照合済	食べログ 百名店 2020 / うどん TOKYO / Tabelog ID 13119510 / https://award.tabelog.com/hyakumeiten/udon_tokyo/2020
FOD-2038	トウキョウライトブルー ホンゴウスリー			飲食店	うどん	食べログ うどん 百名店 2020	東京都					東京都 本郷三丁目駅			https://tabelog.com/tokyo/A1310/A131004/13240246/		未確認				46232	店舗照合済	食べログ 百名店 2020 / うどん TOKYO / Tabelog ID 13240246 / https://award.tabelog.com/hyakumeiten/udon_tokyo/2020
FOD-2039	太常うどん 銀座本店			飲食店	うどん	食べログ うどん 百名店 2020	東京都					東京都 東銀座駅			https://tabelog.com/tokyo/A1301/A130101/13104580/		未確認				46232	店舗照合済	食べログ 百名店 2020 / うどん TOKYO / Tabelog ID 13104580 / https://award.tabelog.com/hyakumeiten/udon_tokyo/2020
FOD-2040	咲花善伝			飲食店	うどん	食べログ うどん 百名店 2020	東京都					東京都 四谷三丁目駅			https://tabelog.com/tokyo/A1309/A130903/13104627/		未確認				46232	店舗照合済	食べログ 百名店 2020 / うどん TOKYO / Tabelog ID 13104627 / https://award.tabelog.com/hyakumeiten/udon_tokyo/2020
FOD-2041	讃岐饂飩 恩家			飲食店	うどん	食べログ うどん 百名店 2020	東京都					東京都 学芸大学駅			https://tabelog.com/tokyo/A1317/A131702/13008395/		未確認				46232	店舗照合済	食べログ 百名店 2020 / うどん TOKYO / Tabelog ID 13008395 / https://award.tabelog.com/hyakumeiten/udon_tokyo/2020
FOD-2042	麻布久徳 六本木ヒルズ店			飲食店	うどん	食べログ うどん 百名店 2020	東京都					東京都 六本木駅			https://tabelog.com/tokyo/A1307/A130701/13015611/		未確認				46232	店舗照合済	食べログ 百名店 2020 / うどん TOKYO / Tabelog ID 13015611 / https://award.tabelog.com/hyakumeiten/udon_tokyo/2020
FOD-2043	澤乃井			飲食店	うどん	食べログ うどん 百名店 2020	東京都					東京都 渋谷駅			https://tabelog.com/tokyo/A1303/A130301/13001352/		未確認				46232	店舗照合済	食べログ 百名店 2020 / うどん TOKYO / Tabelog ID 13001352 / https://award.tabelog.com/hyakumeiten/udon_tokyo/2020
FOD-2044	讃岐のおうどん 花は咲く 新中野本店			飲食店	うどん	食べログ うどん 百名店 2020	東京都					東京都 新中野駅			https://tabelog.com/tokyo/A1319/A131902/13156851/		未確認				46232	店舗照合済	食べログ 百名店 2020 / うどん TOKYO / Tabelog ID 13156851 / https://award.tabelog.com/hyakumeiten/udon_tokyo/2020
FOD-2045	本格手打 もり家 東京店			飲食店	うどん	食べログ うどん 百名店 2020	東京都					東京都 浜松町駅			https://tabelog.com/tokyo/A1314/A131401/13227953/		未確認				46232	店舗照合済	食べログ 百名店 2020 / うどん TOKYO / Tabelog ID 13227953 / https://award.tabelog.com/hyakumeiten/udon_tokyo/2020
FOD-2046	関西風手打うどん いらっしゃい			飲食店	うどん	食べログ うどん 百名店 2020	東京都					東京都 入谷駅			https://tabelog.com/tokyo/A1311/A131104/13042758/		未確認				46232	店舗照合済	食べログ 百名店 2020 / うどん TOKYO / Tabelog ID 13042758 / https://award.tabelog.com/hyakumeiten/udon_tokyo/2020
FOD-2047	谷や			飲食店	うどん	食べログ うどん 百名店 2020	東京都					東京都 水天宮前駅			https://tabelog.com/tokyo/A1302/A130204/13114085/		未確認				46232	店舗照合済	食べログ 百名店 2020 / うどん TOKYO / Tabelog ID 13114085 / https://award.tabelog.com/hyakumeiten/udon_tokyo/2020
FOD-2048	天茶屋 七蔵			飲食店	うどん	食べログ うどん 百名店 2020	東京都					東京都 新橋駅			https://tabelog.com/tokyo/A1301/A130103/13002602/		未確認				46232	店舗照合済	食べログ 百名店 2020 / うどん TOKYO / Tabelog ID 13002602 / https://award.tabelog.com/hyakumeiten/udon_tokyo/2020
FOD-2049	ウドンスタンド五頭			飲食店	うどん	食べログ うどん 百名店 2020	東京都					東京都 三鷹駅			https://tabelog.com/tokyo/A1320/A132002/13117283/		未確認				46232	店舗照合済	食べログ 百名店 2020 / うどん TOKYO / Tabelog ID 13117283 / https://award.tabelog.com/hyakumeiten/udon_tokyo/2020
FOD-2050	うどん豊前房			飲食店	うどん	食べログ うどん 百名店 2020	東京都					東京都 池尻大橋駅			https://tabelog.com/tokyo/A1317/A131701/13003158/		未確認				46232	店舗照合済	食べログ 百名店 2020 / うどん TOKYO / Tabelog ID 13003158 / https://award.tabelog.com/hyakumeiten/udon_tokyo/2020
FOD-2051	四国屋			飲食店	うどん	食べログ うどん 百名店 2020	東京都					東京都 新中野駅			https://tabelog.com/tokyo/A1319/A131902/13046601/		未確認				46232	店舗照合済	食べログ 百名店 2020 / うどん TOKYO / Tabelog ID 13046601 / https://award.tabelog.com/hyakumeiten/udon_tokyo/2020
FOD-2052	讃岐饂飩 元喜			飲食店	うどん	食べログ うどん 百名店 2020	東京都					東京都 千石駅			https://tabelog.com/tokyo/A1323/A132301/13023908/		未確認				46232	店舗照合済	食べログ 百名店 2020 / うどん TOKYO / Tabelog ID 13023908 / https://award.tabelog.com/hyakumeiten/udon_tokyo/2020
FOD-2053	うたた寝			飲食店	うどん	食べログ うどん 百名店 2020	東京都					東京都 石神井公園駅			https://tabelog.com/tokyo/A1321/A132103/13012311/		未確認				46232	店舗照合済	食べログ 百名店 2020 / うどん TOKYO / Tabelog ID 13012311 / https://award.tabelog.com/hyakumeiten/udon_tokyo/2020
FOD-2054	手打ちうどん こげら			飲食店	うどん	食べログ うどん 百名店 2020	東京都					東京都 東村山市			https://tabelog.com/tokyo/A1328/A132805/13163619/		未確認				46232	店舗照合済	食べログ 百名店 2020 / うどん TOKYO / Tabelog ID 13163619 / https://award.tabelog.com/hyakumeiten/udon_tokyo/2020
FOD-2055	自家製さぬきうどんと肉 甚三			飲食店	うどん	食べログ うどん 百名店 2020	東京都					東京都 大門駅			https://tabelog.com/tokyo/A1314/A131401/13188754/		未確認				46232	店舗照合済	食べログ 百名店 2020 / うどん TOKYO / Tabelog ID 13188754 / https://award.tabelog.com/hyakumeiten/udon_tokyo/2020
FOD-2056	賞讃			飲食店	うどん	食べログ うどん 百名店 2020	東京都					東京都 京成立石駅			https://tabelog.com/tokyo/A1324/A132403/13022111/		未確認				46232	店舗照合済	食べログ 百名店 2020 / うどん TOKYO / Tabelog ID 13022111 / https://award.tabelog.com/hyakumeiten/udon_tokyo/2020
FOD-2057	本格ぶっかけうどん 麺の里			飲食店	うどん	食べログ うどん 百名店 2020	東京都					東京都 上石神井駅			https://tabelog.com/tokyo/A1321/A132105/13182335/		未確認				46232	店舗照合済	食べログ 百名店 2020 / うどん TOKYO / Tabelog ID 13182335 / https://award.tabelog.com/hyakumeiten/udon_tokyo/2020
FOD-2058	むさしの エン座			飲食店	うどん	食べログ うどん 百名店 2020	東京都					東京都 石神井公園駅			https://tabelog.com/tokyo/A1321/A132103/13022818/		未確認				46232	店舗照合済	食べログ 百名店 2020 / うどん TOKYO / Tabelog ID 13022818 / https://award.tabelog.com/hyakumeiten/udon_tokyo/2020
FOD-2059	おにやんま 新橋店			飲食店	うどん	食べログ うどん 百名店 2020	東京都					東京都 新橋駅			https://tabelog.com/tokyo/A1301/A130103/13162575/		未確認				46232	店舗照合済	食べログ 百名店 2020 / うどん TOKYO / Tabelog ID 13162575 / https://award.tabelog.com/hyakumeiten/udon_tokyo/2020
FOD-2060	村山 満月うどん			飲食店	うどん	食べログ うどん 百名店 2020	東京都					東京都 武蔵村山市			https://tabelog.com/tokyo/A1329/A132901/13026307/		未確認				46232	店舗照合済	食べログ 百名店 2020 / うどん TOKYO / Tabelog ID 13026307 / https://award.tabelog.com/hyakumeiten/udon_tokyo/2020
FOD-2061	さぬきや			飲食店	うどん	食べログ うどん 百名店 2020	東京都					東京都 学芸大学駅			https://tabelog.com/tokyo/A1317/A131702/13018265/		未確認				46232	店舗照合済	食べログ 百名店 2020 / うどん TOKYO / Tabelog ID 13018265 / https://award.tabelog.com/hyakumeiten/udon_tokyo/2020
FOD-2062	讃岐うどん いわい			飲食店	うどん	食べログ うどん 百名店 2020	東京都					東京都 十条駅			https://tabelog.com/tokyo/A1323/A132304/13141130/		未確認				46232	店舗照合済	食べログ 百名店 2020 / うどん TOKYO / Tabelog ID 13141130 / https://award.tabelog.com/hyakumeiten/udon_tokyo/2020
FOD-2063	讃岐うどん いそや			飲食店	うどん	食べログ うどん 百名店 2020	東京都					東京都 京王八王子駅			https://tabelog.com/tokyo/A1329/A132904/13022380/		未確認				46232	店舗照合済	食べログ 百名店 2020 / うどん TOKYO / Tabelog ID 13022380 / https://award.tabelog.com/hyakumeiten/udon_tokyo/2020
FOD-2064	ゆず屋製麺所			飲食店	うどん	食べログ うどん 百名店 2020	東京都					東京都 神田駅			https://tabelog.com/tokyo/A1310/A131002/13043315/		未確認				46232	店舗照合済	食べログ 百名店 2020 / うどん TOKYO / Tabelog ID 13043315 / https://award.tabelog.com/hyakumeiten/udon_tokyo/2020
FOD-2065	JAZZ KEIRIN			飲食店	うどん	食べログ うどん 百名店 2020	東京都					東京都 下高井戸駅			https://tabelog.com/tokyo/A1318/A131809/13000696/		未確認				46232	店舗照合済	食べログ 百名店 2020 / うどん TOKYO / Tabelog ID 13000696 / https://award.tabelog.com/hyakumeiten/udon_tokyo/2020
FOD-2066	笑乃讃			飲食店	うどん	食べログ うどん 百名店 2020	東京都					東京都 武蔵村山市			https://tabelog.com/tokyo/A1329/A132901/13067097/		未確認				46232	店舗照合済	食べログ 百名店 2020 / うどん TOKYO / Tabelog ID 13067097 / https://award.tabelog.com/hyakumeiten/udon_tokyo/2020
FOD-2067	大地のうどん 東京馬場店			飲食店	うどん	食べログ うどん 百名店 2020	東京都					東京都 高田馬場駅			https://tabelog.com/tokyo/A1305/A130503/13193668/		未確認				46232	店舗照合済	食べログ 百名店 2020 / うどん TOKYO / Tabelog ID 13193668 / https://award.tabelog.com/hyakumeiten/udon_tokyo/2020
FOD-2068	おにやんま 五反田本店			飲食店	うどん	食べログ うどん 百名店 2020	東京都					東京都 五反田駅			https://tabelog.com/tokyo/A1316/A131603/13111869/		未確認				46232	店舗照合済	食べログ 百名店 2020 / うどん TOKYO / Tabelog ID 13111869 / https://award.tabelog.com/hyakumeiten/udon_tokyo/2020
FOD-2069	肉汁うどん長嶋屋			飲食店	うどん	食べログ うどん 百名店 2020	東京都					東京都 武蔵村山市			https://tabelog.com/tokyo/A1329/A132901/13120176/		未確認				46232	店舗照合済	食べログ 百名店 2020 / うどん TOKYO / Tabelog ID 13120176 / https://award.tabelog.com/hyakumeiten/udon_tokyo/2020
FOD-2070	釜あげうどん はつとみ			飲食店	うどん	食べログ うどん 百名店 2020	東京都					東京都 江戸川橋駅			https://tabelog.com/tokyo/A1309/A130905/13095976/		未確認				46232	店舗照合済	食べログ 百名店 2020 / うどん TOKYO / Tabelog ID 13095976 / https://award.tabelog.com/hyakumeiten/udon_tokyo/2020
FOD-2071	初代 恵比寿店			飲食店	うどん	食べログ うどん 百名店 2020	東京都					東京都 恵比寿駅			https://tabelog.com/tokyo/A1303/A130302/13118189/		未確認				46232	店舗照合済	食べログ 百名店 2020 / うどん TOKYO / Tabelog ID 13118189 / https://award.tabelog.com/hyakumeiten/udon_tokyo/2020
FOD-2072	切麦や 甚六			飲食店	うどん	食べログ うどん 百名店 2020	東京都					東京都 新宿御苑前駅			https://tabelog.com/tokyo/A1304/A130402/13182646/		未確認				46232	店舗照合済	食べログ 百名店 2020 / うどん TOKYO / Tabelog ID 13182646 / https://award.tabelog.com/hyakumeiten/udon_tokyo/2020
FOD-2073	雅楽			飲食店	うどん	食べログ うどん 百名店 2020	東京都					東京都 飯田橋駅			https://tabelog.com/tokyo/A1309/A130905/13032356/		未確認				46232	店舗照合済	食べログ 百名店 2020 / うどん TOKYO / Tabelog ID 13032356 / https://award.tabelog.com/hyakumeiten/udon_tokyo/2020
FOD-2074	手打うどん いわしや 青山店			飲食店	うどん	食べログ うどん 百名店 2020	東京都					東京都 青山一丁目駅			https://tabelog.com/tokyo/A1306/A130603/13224471/		未確認				46232	店舗照合済	食べログ 百名店 2020 / うどん TOKYO / Tabelog ID 13224471 / https://award.tabelog.com/hyakumeiten/udon_tokyo/2020
FOD-2075	讃岐うどん河野			飲食店	うどん	食べログ うどん 百名店 2020	東京都					東京都 要町駅			https://tabelog.com/tokyo/A1305/A130501/13109309/		未確認				46232	店舗照合済	食べログ 百名店 2020 / うどん TOKYO / Tabelog ID 13109309 / https://award.tabelog.com/hyakumeiten/udon_tokyo/2020
FOD-2076	五島うどん びぜん家			飲食店	うどん	食べログ うどん 百名店 2020	東京都					東京都 武蔵小金井駅			https://tabelog.com/tokyo/A1325/A132501/13126103/		未確認				46232	店舗照合済	食べログ 百名店 2020 / うどん TOKYO / Tabelog ID 13126103 / https://award.tabelog.com/hyakumeiten/udon_tokyo/2020
FOD-2077	酒と味噌煮込み 味噌煮込罠			飲食店	うどん	食べログ うどん 百名店 2020	東京都					東京都 本郷三丁目駅			https://tabelog.com/tokyo/A1310/A131004/13036030/		未確認				46232	店舗照合済	食べログ 百名店 2020 / うどん TOKYO / Tabelog ID 13036030 / https://award.tabelog.com/hyakumeiten/udon_tokyo/2020
FOD-2078	稲庭うどんとめし 金子半之助 コレド室町店			飲食店	うどん	食べログ うどん 百名店 2020	東京都					東京都 三越前駅			https://tabelog.com/tokyo/A1302/A130202/13193074/		未確認				46232	店舗照合済	食べログ 百名店 2020 / うどん TOKYO / Tabelog ID 13193074 / https://award.tabelog.com/hyakumeiten/udon_tokyo/2020
FOD-2079	五葵			飲食店	うどん	食べログ うどん 百名店 2020	東京都					東京都 葛飾区			https://tabelog.com/tokyo/A1324/A132403/13161758/		未確認				46232	店舗照合済	食べログ 百名店 2020 / うどん TOKYO / Tabelog ID 13161758 / https://award.tabelog.com/hyakumeiten/udon_tokyo/2020
FOD-2080	玉丁本店 八重洲店			飲食店	うどん	食べログ うどん 百名店 2020	東京都					東京都 東京駅			https://tabelog.com/tokyo/A1302/A130201/13015841/		未確認				46232	店舗照合済	食べログ 百名店 2020 / うどん TOKYO / Tabelog ID 13015841 / https://award.tabelog.com/hyakumeiten/udon_tokyo/2020
FOD-2081	うどん 慎			飲食店	うどん	食べログ うどん 百名店 2020	東京都					東京都 南新宿駅			https://tabelog.com/tokyo/A1304/A130401/13125862/		未確認				46232	店舗照合済	食べログ 百名店 2020 / うどん TOKYO / Tabelog ID 13125862 / https://award.tabelog.com/hyakumeiten/udon_tokyo/2020
FOD-2082	麺匠 釜善			飲食店	うどん	食べログ うどん 百名店 2020	東京都					東京都 淡路町駅			https://tabelog.com/tokyo/A1310/A131002/13201863/		未確認				46232	店舗照合済	食べログ 百名店 2020 / うどん TOKYO / Tabelog ID 13201863 / https://award.tabelog.com/hyakumeiten/udon_tokyo/2020
FOD-2083	讃岐うどん 蔵之介			飲食店	うどん	食べログ うどん 百名店 2020	東京都					東京都 高田馬場駅			https://tabelog.com/tokyo/A1305/A130503/13049983/		未確認				46232	店舗照合済	食べログ 百名店 2020 / うどん TOKYO / Tabelog ID 13049983 / https://award.tabelog.com/hyakumeiten/udon_tokyo/2020
FOD-2084	釜たけうどん 八重洲北口店			飲食店	うどん	食べログ うどん 百名店 2020	東京都					東京都 東京駅			https://tabelog.com/tokyo/A1302/A130201/13156494/		未確認				46232	店舗照合済	食べログ 百名店 2020 / うどん TOKYO / Tabelog ID 13156494 / https://award.tabelog.com/hyakumeiten/udon_tokyo/2020
FOD-2085	豚や			飲食店	うどん	食べログ うどん 百名店 2020	東京都					東京都 杉並区			https://tabelog.com/tokyo/A1319/A131907/13018776/		未確認				46232	店舗照合済	食べログ 百名店 2020 / うどん TOKYO / Tabelog ID 13018776 / https://award.tabelog.com/hyakumeiten/udon_tokyo/2020
FOD-2086	さぬきや			飲食店	うどん	食べログ うどん 百名店 2020	東京都					東京都 高円寺駅			https://tabelog.com/tokyo/A1319/A131904/13011726/		未確認				46232	店舗照合済	食べログ 百名店 2020 / うどん TOKYO / Tabelog ID 13011726 / https://award.tabelog.com/hyakumeiten/udon_tokyo/2020
FOD-2087	カレーうどん ひかり TOKYO			飲食店	うどん	食べログ うどん 百名店 2020	東京都					東京都 池袋駅			https://tabelog.com/tokyo/A1305/A130501/13170124/		未確認				46232	店舗照合済	食べログ 百名店 2020 / うどん TOKYO / Tabelog ID 13170124 / https://award.tabelog.com/hyakumeiten/udon_tokyo/2020
FOD-2088	手打うどん あかう			飲食店	うどん	食べログ うどん 百名店 2020	東京都					東京都 日暮里駅			https://tabelog.com/tokyo/A1311/A131105/13018604/		未確認				46232	店舗照合済	食べログ 百名店 2020 / うどん TOKYO / Tabelog ID 13018604 / https://award.tabelog.com/hyakumeiten/udon_tokyo/2020
FOD-2089	野口製麺所			飲食店	うどん	食べログ うどん 百名店 2020	東京都					東京都 東村山駅			https://tabelog.com/tokyo/A1328/A132806/13016162/		未確認				46232	店舗照合済	食べログ 百名店 2020 / うどん TOKYO / Tabelog ID 13016162 / https://award.tabelog.com/hyakumeiten/udon_tokyo/2020
FOD-2090	一滴八銭屋 新宿本店			飲食店	うどん	食べログ うどん 百名店 2020	東京都					東京都 新宿駅			https://tabelog.com/tokyo/A1304/A130401/13000760/		未確認				46232	店舗照合済	食べログ 百名店 2020 / うどん TOKYO / Tabelog ID 13000760 / https://award.tabelog.com/hyakumeiten/udon_tokyo/2020
FOD-2091	きつね庵			飲食店	うどん	食べログ うどん 百名店 2020	東京都					東京都 東銀座駅			https://tabelog.com/tokyo/A1301/A130101/13181414/		未確認				46232	店舗照合済	食べログ 百名店 2020 / うどん TOKYO / Tabelog ID 13181414 / https://award.tabelog.com/hyakumeiten/udon_tokyo/2020
FOD-2092	二◯加屋長介 中目黒店			飲食店	うどん	食べログ うどん 百名店 2020	東京都					東京都 中目黒駅			https://tabelog.com/tokyo/A1317/A131701/13201618/		未確認				46232	店舗照合済	食べログ 百名店 2020 / うどん TOKYO / Tabelog ID 13201618 / https://award.tabelog.com/hyakumeiten/udon_tokyo/2020
FOD-2093	むぎきり			飲食店	うどん	食べログ うどん 百名店 2020	東京都					東京都 一橋学園駅			https://tabelog.com/tokyo/A1328/A132804/13005951/		未確認				46232	店舗照合済	食べログ 百名店 2020 / うどん TOKYO / Tabelog ID 13005951 / https://award.tabelog.com/hyakumeiten/udon_tokyo/2020
FOD-2094	香川 一福 立川店			飲食店	うどん	食べログ うどん 百名店 2020	東京都					東京都 立川駅			https://tabelog.com/tokyo/A1329/A132901/13209088/		未確認				46232	店舗照合済	食べログ 百名店 2020 / うどん TOKYO / Tabelog ID 13209088 / https://award.tabelog.com/hyakumeiten/udon_tokyo/2020
FOD-2095	二代目 甚八			飲食店	うどん	食べログ うどん 百名店 2020	東京都					東京都 本郷三丁目駅			https://tabelog.com/tokyo/A1310/A131004/13121200/		未確認				46232	店舗照合済	食べログ 百名店 2020 / うどん TOKYO / Tabelog ID 13121200 / https://award.tabelog.com/hyakumeiten/udon_tokyo/2020
FOD-2096	おにやんま 中目黒店			飲食店	うどん	食べログ うどん 百名店 2020	東京都					東京都 中目黒駅			https://tabelog.com/tokyo/A1317/A131701/13199054/		未確認				46232	店舗照合済	食べログ 百名店 2020 / うどん TOKYO / Tabelog ID 13199054 / https://award.tabelog.com/hyakumeiten/udon_tokyo/2020
FOD-2097	福助			飲食店	うどん	食べログ うどん 百名店 2020	東京都					東京都 青梅街道駅			https://tabelog.com/tokyo/A1328/A132804/13149268/		未確認				46232	店舗照合済	食べログ 百名店 2020 / うどん TOKYO / Tabelog ID 13149268 / https://award.tabelog.com/hyakumeiten/udon_tokyo/2020
FOD-2098	つるとんたん 六本木店			飲食店	うどん	食べログ うどん 百名店 2020	東京都					東京都 六本木駅			https://tabelog.com/tokyo/A1307/A130701/13001859/		未確認				46232	店舗照合済	食べログ 百名店 2020 / うどん TOKYO / Tabelog ID 13001859 / https://award.tabelog.com/hyakumeiten/udon_tokyo/2020
FOD-2099	うどん料理 千			飲食店	うどん	食べログ うどん 百名店 2020	愛知県					愛知県 伏見駅			https://tabelog.com/aichi/A2301/A230102/23007583/		未確認				46232	店舗照合済	食べログ 百名店 2020 / うどん EAST / Tabelog ID 23007583 / https://award.tabelog.com/hyakumeiten/udon_east/2020
FOD-2100	佐藤養助 秋田店			飲食店	うどん	食べログ うどん 百名店 2020	秋田県					秋田県 秋田市			https://tabelog.com/akita/A0501/A050101/5000022/		未確認				46232	店舗照合済	食べログ 百名店 2020 / うどん EAST / Tabelog ID 5000022 / https://award.tabelog.com/hyakumeiten/udon_east/2020
FOD-2101	うどん 錦			飲食店	うどん	食べログ うどん 百名店 2020	愛知県					愛知県 栄（名古屋）駅			https://tabelog.com/aichi/A2301/A230103/23000374/		未確認				46232	店舗照合済	食べログ 百名店 2020 / うどん EAST / Tabelog ID 23000374 / https://award.tabelog.com/hyakumeiten/udon_east/2020
FOD-2102	ぶつをのうどん			飲食店	うどん	食べログ うどん 百名店 2020	栃木県					栃木県 宇都宮市			https://tabelog.com/tochigi/A0901/A090101/9003113/		未確認				46232	店舗照合済	食べログ 百名店 2020 / うどん EAST / Tabelog ID 9003113 / https://award.tabelog.com/hyakumeiten/udon_east/2020
FOD-2103	元祖武蔵野うどん めんこや 本店			飲食店	うどん	食べログ うどん 百名店 2020	埼玉県					埼玉県 川越市			https://tabelog.com/saitama/A1103/A110303/11003031/		未確認				46232	店舗照合済	食べログ 百名店 2020 / うどん EAST / Tabelog ID 11003031 / https://award.tabelog.com/hyakumeiten/udon_east/2020
FOD-2104	鯱市 錦通伏見店			飲食店	うどん	食べログ うどん 百名店 2020	愛知県					愛知県 伏見駅			https://tabelog.com/aichi/A2301/A230102/23053858/		未確認				46232	店舗照合済	食べログ 百名店 2020 / うどん EAST / Tabelog ID 23053858 / https://award.tabelog.com/hyakumeiten/udon_east/2020
FOD-2105	白須うどん			飲食店	うどん	食べログ うどん 百名店 2020	山梨県					山梨県 富士吉田市			https://tabelog.com/yamanashi/A1903/A190301/19000055/		未確認				46232	店舗照合済	食べログ 百名店 2020 / うどん EAST / Tabelog ID 19000055 / https://award.tabelog.com/hyakumeiten/udon_east/2020
FOD-2106	宗			飲食店	うどん	食べログ うどん 百名店 2020	神奈川県					神奈川県 向ケ丘遊園駅			https://tabelog.com/kanagawa/A1405/A140506/14033545/		未確認				46232	店舗照合済	食べログ 百名店 2020 / うどん EAST / Tabelog ID 14033545 / https://award.tabelog.com/hyakumeiten/udon_east/2020
FOD-2107	手打うどん かとう			飲食店	うどん	食べログ うどん 百名店 2020	愛知県					愛知県 中村区役所駅			https://tabelog.com/aichi/A2301/A230101/23039141/		未確認				46232	店舗照合済	食べログ 百名店 2020 / うどん EAST / Tabelog ID 23039141 / https://award.tabelog.com/hyakumeiten/udon_east/2020
FOD-2108	うどん 有田			飲食店	うどん	食べログ うどん 百名店 2020	埼玉県					埼玉県 北上尾駅			https://tabelog.com/saitama/A1104/A110401/11009188/		未確認				46232	店舗照合済	食べログ 百名店 2020 / うどん EAST / Tabelog ID 11009188 / https://award.tabelog.com/hyakumeiten/udon_east/2020
FOD-2109	讃岐うどん 麦福			飲食店	うどん	食べログ うどん 百名店 2020	愛知県					愛知県 今池駅			https://tabelog.com/aichi/A2301/A230106/23059222/		未確認				46232	店舗照合済	食べログ 百名店 2020 / うどん EAST / Tabelog ID 23059222 / https://award.tabelog.com/hyakumeiten/udon_east/2020
FOD-2110	喜多一			飲食店	うどん	食べログ うどん 百名店 2020	埼玉県					埼玉県 航空公園駅			https://tabelog.com/saitama/A1106/A110601/11003682/		未確認				46232	店舗照合済	食べログ 百名店 2020 / うどん EAST / Tabelog ID 11003682 / https://award.tabelog.com/hyakumeiten/udon_east/2020
FOD-2111	しょうね家			飲食店	うどん	食べログ うどん 百名店 2020	千葉県					千葉県 富里市			https://tabelog.com/chiba/A1204/A120403/12004760/		未確認				46232	店舗照合済	食べログ 百名店 2020 / うどん EAST / Tabelog ID 12004760 / https://award.tabelog.com/hyakumeiten/udon_east/2020
FOD-2112	田舎打ち 麺蔵			飲食店	うどん	食べログ うどん 百名店 2020	埼玉県					埼玉県 川越市			https://tabelog.com/saitama/A1103/A110304/11000974/		未確認				46232	店舗照合済	食べログ 百名店 2020 / うどん EAST / Tabelog ID 11000974 / https://award.tabelog.com/hyakumeiten/udon_east/2020
FOD-2113	手打うどん 寿庵			飲食店	うどん	食べログ うどん 百名店 2020	埼玉県					埼玉県 土呂駅			https://tabelog.com/saitama/A1101/A110103/11028810/		未確認				46232	店舗照合済	食べログ 百名店 2020 / うどん EAST / Tabelog ID 11028810 / https://award.tabelog.com/hyakumeiten/udon_east/2020
FOD-2114	手打ちうどん寺屋			飲食店	うどん	食べログ うどん 百名店 2020	北海道					北海道 札幌市西区			https://tabelog.com/hokkaido/A0101/A010204/1001950/		未確認				46232	店舗照合済	食べログ 百名店 2020 / うどん EAST / Tabelog ID 1001950 / https://award.tabelog.com/hyakumeiten/udon_east/2020
FOD-2115	うどん本舗			飲食店	うどん	食べログ うどん 百名店 2020	埼玉県					埼玉県 川越市			https://tabelog.com/saitama/A1103/A110303/11033050/		未確認				46232	店舗照合済	食べログ 百名店 2020 / うどん EAST / Tabelog ID 11033050 / https://award.tabelog.com/hyakumeiten/udon_east/2020
FOD-2116	鈴や			飲食店	うどん	食べログ うどん 百名店 2020	千葉県					千葉県 印西市			https://tabelog.com/chiba/A1204/A120402/12006332/		未確認				46232	店舗照合済	食べログ 百名店 2020 / うどん EAST / Tabelog ID 12006332 / https://award.tabelog.com/hyakumeiten/udon_east/2020
FOD-2117	うどん処 おはな			飲食店	うどん	食べログ うどん 百名店 2020	埼玉県					埼玉県 朝霞台駅			https://tabelog.com/saitama/A1103/A110301/11022150/		未確認				46232	店舗照合済	食べログ 百名店 2020 / うどん EAST / Tabelog ID 11022150 / https://award.tabelog.com/hyakumeiten/udon_east/2020
FOD-2118	信濃屋			飲食店	うどん	食べログ うどん 百名店 2020	岐阜県					岐阜県 多治見市			https://tabelog.com/gifu/A2103/A210301/21000027/		未確認				46232	店舗照合済	食べログ 百名店 2020 / うどん EAST / Tabelog ID 21000027 / https://award.tabelog.com/hyakumeiten/udon_east/2020
FOD-2119	清水屋			飲食店	うどん	食べログ うどん 百名店 2020	群馬県					群馬県 渋川市			https://tabelog.com/gunma/A1004/A100401/10000216/		未確認				46232	店舗照合済	食べログ 百名店 2020 / うどん EAST / Tabelog ID 10000216 / https://award.tabelog.com/hyakumeiten/udon_east/2020
FOD-2120	駕籠休み			飲食店	うどん	食べログ うどん 百名店 2020	埼玉県					埼玉県 さいたま新都心駅			https://tabelog.com/saitama/A1101/A110101/11005442/		未確認				46232	店舗照合済	食べログ 百名店 2020 / うどん EAST / Tabelog ID 11005442 / https://award.tabelog.com/hyakumeiten/udon_east/2020
FOD-2121	手打うどん 松屋			飲食店	うどん	食べログ うどん 百名店 2020	埼玉県					埼玉県 桶川駅			https://tabelog.com/saitama/A1104/A110401/11004724/		未確認				46232	店舗照合済	食べログ 百名店 2020 / うどん EAST / Tabelog ID 11004724 / https://award.tabelog.com/hyakumeiten/udon_east/2020
FOD-2122	桜井うどん			飲食店	うどん	食べログ うどん 百名店 2020	山梨県					山梨県 富士吉田市			https://tabelog.com/yamanashi/A1903/A190301/19000357/		未確認				46232	店舗照合済	食べログ 百名店 2020 / うどん EAST / Tabelog ID 19000357 / https://award.tabelog.com/hyakumeiten/udon_east/2020
FOD-2123	カレーうどん 鯱乃家			飲食店	うどん	食べログ うどん 百名店 2020	愛知県					愛知県 黒川駅			https://tabelog.com/aichi/A2301/A230110/23000050/		未確認				46232	店舗照合済	食べログ 百名店 2020 / うどん EAST / Tabelog ID 23000050 / https://award.tabelog.com/hyakumeiten/udon_east/2020
FOD-2124	四方吉うどん 吉見本店			飲食店	うどん	食べログ うどん 百名店 2020	埼玉県					埼玉県 比企郡吉見町			https://tabelog.com/saitama/A1105/A110502/11006341/		未確認				46232	店舗照合済	食べログ 百名店 2020 / うどん EAST / Tabelog ID 11006341 / https://award.tabelog.com/hyakumeiten/udon_east/2020
FOD-2125	武蔵野うどん 藤原 北与野本店			飲食店	うどん	食べログ うどん 百名店 2020	埼玉県					埼玉県 北与野駅			https://tabelog.com/saitama/A1101/A110101/11004286/		未確認				46232	店舗照合済	食べログ 百名店 2020 / うどん EAST / Tabelog ID 11004286 / https://award.tabelog.com/hyakumeiten/udon_east/2020
FOD-2126	うどん家　一			飲食店	うどん	食べログ うどん 百名店 2020	埼玉県					埼玉県 小手指駅			https://tabelog.com/saitama/A1106/A110601/11026435/		未確認				46232	店舗照合済	食べログ 百名店 2020 / うどん EAST / Tabelog ID 11026435 / https://award.tabelog.com/hyakumeiten/udon_east/2020
FOD-2127	手打ちうどん いしづか			飲食店	うどん	食べログ うどん 百名店 2020	埼玉県					埼玉県 桶川駅			https://tabelog.com/saitama/A1104/A110401/11005554/		未確認				46232	店舗照合済	食べログ 百名店 2020 / うどん EAST / Tabelog ID 11005554 / https://award.tabelog.com/hyakumeiten/udon_east/2020
FOD-2128	お多福			飲食店	うどん	食べログ うどん 百名店 2020	千葉県					千葉県 鎌ケ谷大仏駅			https://tabelog.com/chiba/A1203/A120303/12007471/		未確認				46232	店舗照合済	食べログ 百名店 2020 / うどん EAST / Tabelog ID 12007471 / https://award.tabelog.com/hyakumeiten/udon_east/2020
FOD-2129	たかちゃんうどん			飲食店	うどん	食べログ うどん 百名店 2020	山梨県					山梨県 富士吉田市			https://tabelog.com/yamanashi/A1903/A190301/19000919/		未確認				46232	店舗照合済	食べログ 百名店 2020 / うどん EAST / Tabelog ID 19000919 / https://award.tabelog.com/hyakumeiten/udon_east/2020
FOD-2130	釜揚げうどん専門店もと			飲食店	うどん	食べログ うどん 百名店 2020	神奈川県					神奈川県 平塚駅			https://tabelog.com/kanagawa/A1404/A140407/14061080/		未確認				46232	店舗照合済	食べログ 百名店 2020 / うどん EAST / Tabelog ID 14061080 / https://award.tabelog.com/hyakumeiten/udon_east/2020
FOD-2131	みうらうどん			飲食店	うどん	食べログ うどん 百名店 2020	山梨県					山梨県 富士吉田市			https://tabelog.com/yamanashi/A1903/A190301/19000359/		未確認				46232	店舗照合済	食べログ 百名店 2020 / うどん EAST / Tabelog ID 19000359 / https://award.tabelog.com/hyakumeiten/udon_east/2020
FOD-2132	玉川 豊橋広小路本店			飲食店	うどん	食べログ うどん 百名店 2020	愛知県					愛知県 豊橋市			https://tabelog.com/aichi/A2306/A230601/23009617/		未確認				46232	店舗照合済	食べログ 百名店 2020 / うどん EAST / Tabelog ID 23009617 / https://award.tabelog.com/hyakumeiten/udon_east/2020
FOD-2133	岡崎 二橋			飲食店	うどん	食べログ うどん 百名店 2020	愛知県					愛知県 岡崎市			https://tabelog.com/aichi/A2305/A230502/23008668/		未確認				46232	店舗照合済	食べログ 百名店 2020 / うどん EAST / Tabelog ID 23008668 / https://award.tabelog.com/hyakumeiten/udon_east/2020
FOD-2134	鬼はそと福はうち			飲食店	うどん	食べログ うどん 百名店 2020	北海道					北海道 西線１６条駅			https://tabelog.com/hokkaido/A0101/A010104/1002856/		未確認				46232	店舗照合済	食べログ 百名店 2020 / うどん EAST / Tabelog ID 1002856 / https://award.tabelog.com/hyakumeiten/udon_east/2020
FOD-2135	ががちゃ屋			飲食店	うどん	食べログ うどん 百名店 2020	埼玉県					埼玉県 一本松駅			https://tabelog.com/saitama/A1103/A110304/11017604/		未確認				46232	店舗照合済	食べログ 百名店 2020 / うどん EAST / Tabelog ID 11017604 / https://award.tabelog.com/hyakumeiten/udon_east/2020
FOD-2136	美也樹			飲食店	うどん	食べログ うどん 百名店 2020	山梨県					山梨県 富士吉田市			https://tabelog.com/yamanashi/A1903/A190301/19000160/		未確認				46232	店舗照合済	食べログ 百名店 2020 / うどん EAST / Tabelog ID 19000160 / https://award.tabelog.com/hyakumeiten/udon_east/2020
FOD-2137	花山うどん 本店			飲食店	うどん	食べログ うどん 百名店 2020	群馬県					群馬県 館林市			https://tabelog.com/gunma/A1002/A100204/10001132/		未確認				46232	店舗照合済	食べログ 百名店 2020 / うどん EAST / Tabelog ID 10001132 / https://award.tabelog.com/hyakumeiten/udon_east/2020
FOD-2138	讃岐うどん 本格手打 てつ家			飲食店	うどん	食べログ うどん 百名店 2020	愛知県					愛知県 豊橋市			https://tabelog.com/aichi/A2306/A230601/23041118/		未確認				46232	店舗照合済	食べログ 百名店 2020 / うどん EAST / Tabelog ID 23041118 / https://award.tabelog.com/hyakumeiten/udon_east/2020
FOD-2139	讃州手打ちうどん 我流			飲食店	うどん	食べログ うどん 百名店 2020	愛知県					愛知県 西尾市			https://tabelog.com/aichi/A2305/A230504/23032890/		未確認				46232	店舗照合済	食べログ 百名店 2020 / うどん EAST / Tabelog ID 23032890 / https://award.tabelog.com/hyakumeiten/udon_east/2020
FOD-2140	粉家			飲食店	うどん	食べログ うどん 百名店 2020	埼玉県					埼玉県 小前田駅			https://tabelog.com/saitama/A1105/A110503/11006382/		未確認				46232	店舗照合済	食べログ 百名店 2020 / うどん EAST / Tabelog ID 11006382 / https://award.tabelog.com/hyakumeiten/udon_east/2020
FOD-2141	くれちうどん			飲食店	うどん	食べログ うどん 百名店 2020	山梨県					山梨県 富士吉田市			https://tabelog.com/yamanashi/A1903/A190301/19004114/		未確認				46232	店舗照合済	食べログ 百名店 2020 / うどん EAST / Tabelog ID 19004114 / https://award.tabelog.com/hyakumeiten/udon_east/2020
FOD-2142	永井			飲食店	うどん	食べログ うどん 百名店 2020	埼玉県					埼玉県 入間郡三芳町			https://tabelog.com/saitama/A1103/A110302/11033420/		未確認				46232	店舗照合済	食べログ 百名店 2020 / うどん EAST / Tabelog ID 11033420 / https://award.tabelog.com/hyakumeiten/udon_east/2020
FOD-2143	田丸屋			飲食店	うどん	食べログ うどん 百名店 2020	群馬県					群馬県 渋川市			https://tabelog.com/gunma/A1004/A100401/10000215/		未確認				46232	店舗照合済	食べログ 百名店 2020 / うどん EAST / Tabelog ID 10000215 / https://award.tabelog.com/hyakumeiten/udon_east/2020
FOD-2144	ザンギうどん一久 狸小路店			飲食店	うどん	食べログ うどん 百名店 2020	北海道					北海道 狸小路駅			https://tabelog.com/hokkaido/A0101/A010102/1007039/		未確認				46232	店舗照合済	食べログ 百名店 2020 / うどん EAST / Tabelog ID 1007039 / https://award.tabelog.com/hyakumeiten/udon_east/2020
FOD-2145	麦屋			飲食店	うどん	食べログ うどん 百名店 2020	埼玉県					埼玉県 深谷市			https://tabelog.com/saitama/A1105/A110503/11024696/		未確認				46232	店舗照合済	食べログ 百名店 2020 / うどん EAST / Tabelog ID 11024696 / https://award.tabelog.com/hyakumeiten/udon_east/2020
FOD-2146	麺一滴			飲食店	うどん	食べログ うどん 百名店 2020	神奈川県					神奈川県 京急川崎駅			https://tabelog.com/kanagawa/A1405/A140501/14041477/		未確認				46232	店舗照合済	食べログ 百名店 2020 / うどん EAST / Tabelog ID 14041477 / https://award.tabelog.com/hyakumeiten/udon_east/2020
FOD-2147	がむしゃら			飲食店	うどん	食べログ うどん 百名店 2020	埼玉県					埼玉県 仏子駅			https://tabelog.com/saitama/A1106/A110602/11029324/		未確認				46232	店舗照合済	食べログ 百名店 2020 / うどん EAST / Tabelog ID 11029324 / https://award.tabelog.com/hyakumeiten/udon_east/2020
FOD-2148	六助うどん			飲食店	うどん	食べログ うどん 百名店 2020	埼玉県					埼玉県 本庄市			https://tabelog.com/saitama/A1105/A110504/11004153/		未確認				46232	店舗照合済	食べログ 百名店 2020 / うどん EAST / Tabelog ID 11004153 / https://award.tabelog.com/hyakumeiten/udon_east/2020
FOD-2149	角丸			飲食店	うどん	食べログ うどん 百名店 2020	愛知県					愛知県 久屋大通駅			https://tabelog.com/aichi/A2301/A230103/23000031/		未確認				46232	店舗照合済	食べログ 百名店 2020 / うどん EAST / Tabelog ID 23000031 / https://award.tabelog.com/hyakumeiten/udon_east/2020
FOD-2150	手打ちうどん ムサシ			飲食店	うどん	食べログ うどん 百名店 2020	山梨県					山梨県 富士吉田市			https://tabelog.com/yamanashi/A1903/A190301/19000243/		未確認				46232	店舗照合済	食べログ 百名店 2020 / うどん EAST / Tabelog ID 19000243 / https://award.tabelog.com/hyakumeiten/udon_east/2020
FOD-2151	野村屋本店			飲食店	うどん	食べログ うどん 百名店 2020	栃木県					栃木県 佐野市			https://tabelog.com/tochigi/A0902/A090202/9001007/		未確認				46232	店舗照合済	食べログ 百名店 2020 / うどん EAST / Tabelog ID 9001007 / https://award.tabelog.com/hyakumeiten/udon_east/2020
FOD-2152	饂飩頑陣 本店			飲食店	うどん	食べログ うどん 百名店 2020	神奈川県					神奈川県 馬車道駅			https://tabelog.com/kanagawa/A1401/A140104/14055488/		未確認				46232	店舗照合済	食べログ 百名店 2020 / うどん EAST / Tabelog ID 14055488 / https://award.tabelog.com/hyakumeiten/udon_east/2020
FOD-2153	あじめん 北浦和店			飲食店	うどん	食べログ うどん 百名店 2020	埼玉県					埼玉県 北浦和駅			https://tabelog.com/saitama/A1101/A110102/11024986/		未確認				46232	店舗照合済	食べログ 百名店 2020 / うどん EAST / Tabelog ID 11024986 / https://award.tabelog.com/hyakumeiten/udon_east/2020
FOD-2154	煮込うどん 山本屋本店 エスカ店			飲食店	うどん	食べログ うどん 百名店 2020	愛知県					愛知県 名古屋駅			https://tabelog.com/aichi/A2301/A230101/23000123/		未確認				46232	店舗照合済	食べログ 百名店 2020 / うどん EAST / Tabelog ID 23000123 / https://award.tabelog.com/hyakumeiten/udon_east/2020
FOD-2155	大地			飲食店	うどん	食べログ うどん 百名店 2020	埼玉県					埼玉県 行田市駅			https://tabelog.com/saitama/A1104/A110403/11034232/		未確認				46232	店舗照合済	食べログ 百名店 2020 / うどん EAST / Tabelog ID 11034232 / https://award.tabelog.com/hyakumeiten/udon_east/2020
FOD-2156	地酒と饂飩 たらいうどん椛や			飲食店	うどん	食べログ うどん 百名店 2020	茨城県					茨城県 水戸市			https://tabelog.com/ibaraki/A0801/A080101/8001852/		未確認				46232	店舗照合済	食べログ 百名店 2020 / うどん EAST / Tabelog ID 8001852 / https://award.tabelog.com/hyakumeiten/udon_east/2020
FOD-2157	まつ奈			飲食店	うどん	食べログ うどん 百名店 2020	埼玉県					埼玉県 浦和駅			https://tabelog.com/saitama/A1101/A110102/11028299/		未確認				46232	店舗照合済	食べログ 百名店 2020 / うどん EAST / Tabelog ID 11028299 / https://award.tabelog.com/hyakumeiten/udon_east/2020
FOD-2158	めん専門店 味良			飲食店	うどん	食べログ うどん 百名店 2020	愛知県					愛知県 名古屋市北区			https://tabelog.com/aichi/A2301/A230110/23013430/		未確認				46232	店舗照合済	食べログ 百名店 2020 / うどん EAST / Tabelog ID 23013430 / https://award.tabelog.com/hyakumeiten/udon_east/2020
FOD-2159	きしや			飲食店	うどん	食べログ うどん 百名店 2020	愛知県					愛知県 池下駅			https://tabelog.com/aichi/A2301/A230106/23001708/		未確認				46232	店舗照合済	食べログ 百名店 2020 / うどん EAST / Tabelog ID 23001708 / https://award.tabelog.com/hyakumeiten/udon_east/2020
FOD-2160	たけ川うどん			飲食店	うどん	食べログ うどん 百名店 2020	山梨県					山梨県 南都留郡富士河口湖町			https://tabelog.com/yamanashi/A1903/A190303/19000815/		未確認				46232	店舗照合済	食べログ 百名店 2020 / うどん EAST / Tabelog ID 19000815 / https://award.tabelog.com/hyakumeiten/udon_east/2020
FOD-2161	田中屋			飲食店	うどん	食べログ うどん 百名店 2020	群馬県					群馬県 前橋市			https://tabelog.com/gunma/A1001/A100101/10000108/		未確認				46232	店舗照合済	食べログ 百名店 2020 / うどん EAST / Tabelog ID 10000108 / https://award.tabelog.com/hyakumeiten/udon_east/2020
FOD-2162	うどん匠人 岡本			飲食店	うどん	食べログ うどん 百名店 2020	栃木県					栃木県 那須郡那須町			https://tabelog.com/tochigi/A0905/A090501/9002782/		未確認				46232	店舗照合済	食べログ 百名店 2020 / うどん EAST / Tabelog ID 9002782 / https://award.tabelog.com/hyakumeiten/udon_east/2020
FOD-2163	彩花			飲食店	うどん	食べログ うどん 百名店 2020	山梨県					山梨県 南都留郡富士河口湖町			https://tabelog.com/yamanashi/A1903/A190303/19000050/		未確認				46232	店舗照合済	食べログ 百名店 2020 / うどん EAST / Tabelog ID 19000050 / https://award.tabelog.com/hyakumeiten/udon_east/2020
FOD-2164	藤屋本店			飲食店	うどん	食べログ うどん 百名店 2020	群馬県					群馬県 桐生市			https://tabelog.com/gunma/A1002/A100201/10001147/		未確認				46232	店舗照合済	食べログ 百名店 2020 / うどん EAST / Tabelog ID 10001147 / https://award.tabelog.com/hyakumeiten/udon_east/2020
FOD-2165	うどん屋 源さん 本店			飲食店	うどん	食べログ うどん 百名店 2020	山梨県					山梨県 甲府市			https://tabelog.com/yamanashi/A1901/A190101/19000403/		未確認				46232	店舗照合済	食べログ 百名店 2020 / うどん EAST / Tabelog ID 19000403 / https://award.tabelog.com/hyakumeiten/udon_east/2020
FOD-2166	増田うどん			飲食店	うどん	食べログ うどん 百名店 2020	北海道					北海道 中央区役所前駅			https://tabelog.com/hokkaido/A0101/A010102/1043434/		未確認				46232	店舗照合済	食べログ 百名店 2020 / うどん EAST / Tabelog ID 1043434 / https://award.tabelog.com/hyakumeiten/udon_east/2020
FOD-2167	清平			飲食店	うどん	食べログ うどん 百名店 2020	愛知県					愛知県 浄心駅			https://tabelog.com/aichi/A2301/A230109/23013234/		未確認				46232	店舗照合済	食べログ 百名店 2020 / うどん EAST / Tabelog ID 23013234 / https://award.tabelog.com/hyakumeiten/udon_east/2020
FOD-2168	手打ちうどんZ			飲食店	うどん	食べログ うどん 百名店 2020	千葉県					千葉県 大網白里市			https://tabelog.com/chiba/A1205/A120503/12005569/		未確認				46232	店舗照合済	食べログ 百名店 2020 / うどん EAST / Tabelog ID 12005569 / https://award.tabelog.com/hyakumeiten/udon_east/2020
FOD-2169	麺許皆伝			飲食店	うどん	食べログ うどん 百名店 2020	山梨県					山梨県 富士吉田市			https://tabelog.com/yamanashi/A1903/A190301/19000136/		未確認				46232	店舗照合済	食べログ 百名店 2020 / うどん EAST / Tabelog ID 19000136 / https://award.tabelog.com/hyakumeiten/udon_east/2020
FOD-2170	太門			飲食店	うどん	食べログ うどん 百名店 2020	愛知県					愛知県 今池駅			https://tabelog.com/aichi/A2301/A230106/23045911/		未確認				46232	店舗照合済	食べログ 百名店 2020 / うどん EAST / Tabelog ID 23045911 / https://award.tabelog.com/hyakumeiten/udon_east/2020
FOD-2171	渡辺うどん			飲食店	うどん	食べログ うどん 百名店 2020	山梨県					山梨県 南都留郡忍野村			https://tabelog.com/yamanashi/A1903/A190302/19000342/		未確認				46232	店舗照合済	食べログ 百名店 2020 / うどん EAST / Tabelog ID 19000342 / https://award.tabelog.com/hyakumeiten/udon_east/2020
FOD-2172	由す美			飲食店	うどん	食べログ うどん 百名店 2020	埼玉県					埼玉県 行田市			https://tabelog.com/saitama/A1104/A110403/11003505/		未確認				46232	店舗照合済	食べログ 百名店 2020 / うどん EAST / Tabelog ID 11003505 / https://award.tabelog.com/hyakumeiten/udon_east/2020
FOD-2173	讃岐饂飩 まるは			飲食店	うどん	食べログ うどん 百名店 2020	千葉県					千葉県 船橋法典駅			https://tabelog.com/chiba/A1202/A120201/12023023/		未確認				46232	店舗照合済	食べログ 百名店 2020 / うどん EAST / Tabelog ID 12023023 / https://award.tabelog.com/hyakumeiten/udon_east/2020
FOD-2174	手打うどん 牛コロ 宮内			飲食店	うどん	食べログ うどん 百名店 2020	愛知県					愛知県 志賀本通駅			https://tabelog.com/aichi/A2301/A230110/23040430/		未確認				46232	店舗照合済	食べログ 百名店 2020 / うどん EAST / Tabelog ID 23040430 / https://award.tabelog.com/hyakumeiten/udon_east/2020
FOD-2175	武蔵野伝統の味 涼太郎			飲食店	うどん	食べログ うどん 百名店 2020	埼玉県					埼玉県 所沢駅			https://tabelog.com/saitama/A1106/A110601/11000460/		未確認				46232	店舗照合済	食べログ 百名店 2020 / うどん EAST / Tabelog ID 11000460 / https://award.tabelog.com/hyakumeiten/udon_east/2020
FOD-2176	讃岐うどん 條辺			飲食店	うどん	食べログ うどん 百名店 2020	埼玉県					埼玉県 上福岡駅			https://tabelog.com/saitama/A1103/A110302/11004258/		未確認				46232	店舗照合済	食べログ 百名店 2020 / うどん EAST / Tabelog ID 11004258 / https://award.tabelog.com/hyakumeiten/udon_east/2020
FOD-2177	藤店うどん 川越店			飲食店	うどん	食べログ うどん 百名店 2020	埼玉県					埼玉県 川越市			https://tabelog.com/saitama/A1103/A110303/11004070/		未確認				46232	店舗照合済	食べログ 百名店 2020 / うどん EAST / Tabelog ID 11004070 / https://award.tabelog.com/hyakumeiten/udon_east/2020
FOD-2178	だるまや			飲食店	うどん	食べログ うどん 百名店 2020	埼玉県					埼玉県 比企郡川島町			https://tabelog.com/saitama/A1105/A110502/11016730/		未確認				46232	店舗照合済	食べログ 百名店 2020 / うどん EAST / Tabelog ID 11016730 / https://award.tabelog.com/hyakumeiten/udon_east/2020
FOD-2179	鈴家			飲食店	うどん	食べログ うどん 百名店 2020	愛知県					愛知県 名古屋市名東区			https://tabelog.com/aichi/A2301/A230111/23007899/		未確認				46232	店舗照合済	食べログ 百名店 2020 / うどん EAST / Tabelog ID 23007899 / https://award.tabelog.com/hyakumeiten/udon_east/2020
FOD-2180	手打ちうどん さわいち			飲食店	うどん	食べログ うどん 百名店 2020	埼玉県					埼玉県 大和田駅			https://tabelog.com/saitama/A1101/A110103/11003324/		未確認				46232	店舗照合済	食べログ 百名店 2020 / うどん EAST / Tabelog ID 11003324 / https://award.tabelog.com/hyakumeiten/udon_east/2020
FOD-2181	あそび			飲食店	うどん	食べログ うどん 百名店 2020	埼玉県					埼玉県 比企郡小川町			https://tabelog.com/saitama/A1105/A110605/11017560/		未確認				46232	店舗照合済	食べログ 百名店 2020 / うどん EAST / Tabelog ID 11017560 / https://award.tabelog.com/hyakumeiten/udon_east/2020
FOD-2182	さわだ			飲食店	うどん	食べログ うどん 百名店 2020	埼玉県					埼玉県 入間市			https://tabelog.com/saitama/A1106/A110602/11004534/		未確認				46232	店舗照合済	食べログ 百名店 2020 / うどん EAST / Tabelog ID 11004534 / https://award.tabelog.com/hyakumeiten/udon_east/2020
FOD-2183	手打ちうどん 自遊席			飲食店	うどん	食べログ うどん 百名店 2020	神奈川県					神奈川県 藤沢市			https://tabelog.com/kanagawa/A1404/A140405/14014003/		未確認				46232	店舗照合済	食べログ 百名店 2020 / うどん EAST / Tabelog ID 14014003 / https://award.tabelog.com/hyakumeiten/udon_east/2020
FOD-2184	手打うどん 長谷沼			飲食店	うどん	食べログ うどん 百名店 2020	埼玉県					埼玉県 本川越駅			https://tabelog.com/saitama/A1103/A110303/11033610/		未確認				46232	店舗照合済	食べログ 百名店 2020 / うどん EAST / Tabelog ID 11033610 / https://award.tabelog.com/hyakumeiten/udon_east/2020
FOD-2185	田舎うどん てつ			飲食店	うどん	食べログ うどん 百名店 2020	埼玉県					埼玉県 川越市			https://tabelog.com/saitama/A1103/A110303/11004160/		未確認				46232	店舗照合済	食べログ 百名店 2020 / うどん EAST / Tabelog ID 11004160 / https://award.tabelog.com/hyakumeiten/udon_east/2020
FOD-2186	深山うどん			飲食店	うどん	食べログ うどん 百名店 2020	埼玉県					埼玉県 上尾市			https://tabelog.com/saitama/A1104/A110401/11005759/		未確認				46232	店舗照合済	食べログ 百名店 2020 / うどん EAST / Tabelog ID 11005759 / https://award.tabelog.com/hyakumeiten/udon_east/2020
FOD-2187	本手打うどん庄司			飲食店	うどん	食べログ うどん 百名店 2020	埼玉県					埼玉県 比企郡川島町			https://tabelog.com/saitama/A1105/A110502/11001574/		未確認				46232	店舗照合済	食べログ 百名店 2020 / うどん EAST / Tabelog ID 11001574 / https://award.tabelog.com/hyakumeiten/udon_east/2020
FOD-2188	ぶっかけうどん 小野			飲食店	うどん	食べログ うどん 百名店 2020	埼玉県					埼玉県 北与野駅			https://tabelog.com/saitama/A1101/A110101/11000761/		未確認				46232	店舗照合済	食べログ 百名店 2020 / うどん EAST / Tabelog ID 11000761 / https://award.tabelog.com/hyakumeiten/udon_east/2020
FOD-2189	かれーうどん 椿			飲食店	うどん	食べログ うどん 百名店 2020	北海道					北海道 西１８丁目駅			https://tabelog.com/hokkaido/A0101/A010102/1006400/		未確認				46232	店舗照合済	食べログ 百名店 2020 / うどん EAST / Tabelog ID 1006400 / https://award.tabelog.com/hyakumeiten/udon_east/2020
FOD-2190	久良一			飲食店	うどん	食べログ うどん 百名店 2020	埼玉県					埼玉県 鴻巣市			https://tabelog.com/saitama/A1104/A110401/11009882/		未確認				46232	店舗照合済	食べログ 百名店 2020 / うどん EAST / Tabelog ID 11009882 / https://award.tabelog.com/hyakumeiten/udon_east/2020
FOD-2191	寛文五年堂 秋田店			飲食店	うどん	食べログ うどん 百名店 2020	秋田県					秋田県 秋田市			https://tabelog.com/akita/A0501/A050101/5005720/		未確認				46232	店舗照合済	食べログ 百名店 2020 / うどん EAST / Tabelog ID 5005720 / https://award.tabelog.com/hyakumeiten/udon_east/2020
FOD-2192	三丁目の手打うどん			飲食店	うどん	食べログ うどん 百名店 2020	埼玉県					埼玉県 武蔵藤沢駅			https://tabelog.com/saitama/A1106/A110602/11001573/		未確認				46232	店舗照合済	食べログ 百名店 2020 / うどん EAST / Tabelog ID 11001573 / https://award.tabelog.com/hyakumeiten/udon_east/2020
FOD-2193	手打ち 山もとうどん			飲食店	うどん	食べログ うどん 百名店 2020	山梨県					山梨県 都留市			https://tabelog.com/yamanashi/A1905/A190501/19000292/		未確認				46232	店舗照合済	食べログ 百名店 2020 / うどん EAST / Tabelog ID 19000292 / https://award.tabelog.com/hyakumeiten/udon_east/2020
FOD-2194	まことや			飲食店	うどん	食べログ うどん 百名店 2020	愛知県					愛知県 川名駅			https://tabelog.com/aichi/A2301/A230108/23000094/		未確認				46232	店舗照合済	食べログ 百名店 2020 / うどん EAST / Tabelog ID 23000094 / https://award.tabelog.com/hyakumeiten/udon_east/2020
FOD-2195	藤店うどん			飲食店	うどん	食べログ うどん 百名店 2020	埼玉県					埼玉県 さいたま市西区			https://tabelog.com/saitama/A1101/A110103/11000476/		未確認				46232	店舗照合済	食べログ 百名店 2020 / うどん EAST / Tabelog ID 11000476 / https://award.tabelog.com/hyakumeiten/udon_east/2020
FOD-2196	千年ニコ天			飲食店	うどん	食べログ うどん 百名店 2020	愛知県					愛知県 名古屋市熱田区			https://tabelog.com/aichi/A2301/A230112/23012864/		未確認				46232	店舗照合済	食べログ 百名店 2020 / うどん EAST / Tabelog ID 23012864 / https://award.tabelog.com/hyakumeiten/udon_east/2020
FOD-2197	手打うどん 郁兵衛			飲食店	うどん	食べログ うどん 百名店 2020	岐阜県					岐阜県 土岐市			https://tabelog.com/gifu/A2103/A210301/21001856/		未確認				46232	店舗照合済	食べログ 百名店 2020 / うどん EAST / Tabelog ID 21001856 / https://award.tabelog.com/hyakumeiten/udon_east/2020
FOD-2198	うどん家 こむぎ			飲食店	うどん	食べログ うどん 百名店 2020	北海道					北海道 八軒駅			https://tabelog.com/hokkaido/A0101/A010204/1002003/		未確認				46232	店舗照合済	食べログ 百名店 2020 / うどん EAST / Tabelog ID 1002003 / https://award.tabelog.com/hyakumeiten/udon_east/2020
FOD-2199	本格手打 もり家			飲食店	うどん	食べログ うどん 百名店 2020	香川県					香川県 高松市			https://tabelog.com/kagawa/A3701/A370101/37000134/		未確認				46232	店舗照合済	食べログ 百名店 2020 / うどん WEST / Tabelog ID 37000134 / https://award.tabelog.com/hyakumeiten/udon_west/2020
FOD-2200	釜喜利うどん			飲食店	うどん	食べログ うどん 百名店 2020	福岡県					福岡県 赤坂駅			https://tabelog.com/fukuoka/A4001/A400104/40034851/		未確認				46232	店舗照合済	食べログ 百名店 2020 / うどん WEST / Tabelog ID 40034851 / https://award.tabelog.com/hyakumeiten/udon_west/2020
FOD-2201	活麺富蔵			飲食店	うどん	食べログ うどん 百名店 2020	大阪府					大阪府 四条畷駅			https://tabelog.com/osaka/A2707/A270704/27052338/		未確認				46232	店舗照合済	食べログ 百名店 2020 / うどん WEST / Tabelog ID 27052338 / https://award.tabelog.com/hyakumeiten/udon_west/2020
FOD-2202	宮川製麺所			飲食店	うどん	食べログ うどん 百名店 2020	香川県					香川県 善通寺市			https://tabelog.com/kagawa/A3703/A370302/37000128/		未確認				46232	店舗照合済	食べログ 百名店 2020 / うどん WEST / Tabelog ID 37000128 / https://award.tabelog.com/hyakumeiten/udon_west/2020
FOD-2203	麦香			飲食店	うどん	食べログ うどん 百名店 2020	香川県					香川県 丸亀市			https://tabelog.com/kagawa/A3702/A370202/37006914/		未確認				46232	店舗照合済	食べログ 百名店 2020 / うどん WEST / Tabelog ID 37006914 / https://award.tabelog.com/hyakumeiten/udon_west/2020
FOD-2204	マルタニ製麺			飲食店	うどん	食べログ うどん 百名店 2020	香川県					香川県 高松市			https://tabelog.com/kagawa/A3701/A370101/37000378/		未確認				46232	店舗照合済	食べログ 百名店 2020 / うどん WEST / Tabelog ID 37000378 / https://award.tabelog.com/hyakumeiten/udon_west/2020
FOD-2205	うどん屋 きすけ			飲食店	うどん	食べログ うどん 百名店 2020	大阪府					大阪府 中崎町駅			https://tabelog.com/osaka/A2701/A270101/27015342/		未確認				46232	店舗照合済	食べログ 百名店 2020 / うどん WEST / Tabelog ID 27015342 / https://award.tabelog.com/hyakumeiten/udon_west/2020
FOD-2206	中西うどん			飲食店	うどん	食べログ うどん 百名店 2020	香川県					香川県 高松市			https://tabelog.com/kagawa/A3701/A370101/37000040/		未確認				46232	店舗照合済	食べログ 百名店 2020 / うどん WEST / Tabelog ID 37000040 / https://award.tabelog.com/hyakumeiten/udon_west/2020
FOD-2207	麦きり トクオカ			飲食店	うどん	食べログ うどん 百名店 2020	兵庫県					兵庫県 土山駅			https://tabelog.com/hyogo/A2804/A280401/28001187/		未確認				46232	店舗照合済	食べログ 百名店 2020 / うどん WEST / Tabelog ID 28001187 / https://award.tabelog.com/hyakumeiten/udon_west/2020
FOD-2208	手打麺や 大島			飲食店	うどん	食べログ うどん 百名店 2020	香川県					香川県 高松市			https://tabelog.com/kagawa/A3701/A370101/37000224/		未確認				46232	店舗照合済	食べログ 百名店 2020 / うどん WEST / Tabelog ID 37000224 / https://award.tabelog.com/hyakumeiten/udon_west/2020
FOD-2209	本格手打うどん 麺むすび			飲食店	うどん	食べログ うどん 百名店 2020	香川県					香川県 高松市			https://tabelog.com/kagawa/A3701/A370101/37004775/		未確認				46232	店舗照合済	食べログ 百名店 2020 / うどん WEST / Tabelog ID 37004775 / https://award.tabelog.com/hyakumeiten/udon_west/2020
FOD-2210	讃岐うどん 白庵			飲食店	うどん	食べログ うどん 百名店 2020	大阪府					大阪府 神崎川駅			https://tabelog.com/osaka/A2701/A270302/27014852/		未確認				46232	店舗照合済	食べログ 百名店 2020 / うどん WEST / Tabelog ID 27014852 / https://award.tabelog.com/hyakumeiten/udon_west/2020
FOD-2211	わら家			飲食店	うどん	食べログ うどん 百名店 2020	香川県					香川県 高松市			https://tabelog.com/kagawa/A3701/A370101/37000057/		未確認				46232	店舗照合済	食べログ 百名店 2020 / うどん WEST / Tabelog ID 37000057 / https://award.tabelog.com/hyakumeiten/udon_west/2020
FOD-2212	カマ喜ri			飲食店	うどん	食べログ うどん 百名店 2020	香川県					香川県 観音寺市			https://tabelog.com/kagawa/A3703/A370301/37006622/		未確認				46232	店舗照合済	食べログ 百名店 2020 / うどん WEST / Tabelog ID 37006622 / https://award.tabelog.com/hyakumeiten/udon_west/2020
FOD-2213	江戸堀 木田 讃岐うどん			飲食店	うどん	食べログ うどん 百名店 2020	大阪府					大阪府 肥後橋駅			https://tabelog.com/osaka/A2701/A270102/27027893/		未確認				46232	店舗照合済	食べログ 百名店 2020 / うどん WEST / Tabelog ID 27027893 / https://award.tabelog.com/hyakumeiten/udon_west/2020
FOD-2214	山越うどん			飲食店	うどん	食べログ うどん 百名店 2020	香川県					香川県 綾歌郡綾川町			https://tabelog.com/kagawa/A3702/A370202/37000080/		未確認				46232	店舗照合済	食べログ 百名店 2020 / うどん WEST / Tabelog ID 37000080 / https://award.tabelog.com/hyakumeiten/udon_west/2020
FOD-2215	三好うどん			飲食店	うどん	食べログ うどん 百名店 2020	香川県					香川県 三豊市			https://tabelog.com/kagawa/A3703/A370303/37008190/		未確認				46232	店舗照合済	食べログ 百名店 2020 / うどん WEST / Tabelog ID 37008190 / https://award.tabelog.com/hyakumeiten/udon_west/2020
FOD-2216	あやうた製麺			飲食店	うどん	食べログ うどん 百名店 2020	香川県					香川県 丸亀市			https://tabelog.com/kagawa/A3702/A370202/37007004/		未確認				46232	店舗照合済	食べログ 百名店 2020 / うどん WEST / Tabelog ID 37007004 / https://award.tabelog.com/hyakumeiten/udon_west/2020
FOD-2217	讃岐うどん いってつ			飲食店	うどん	食べログ うどん 百名店 2020	大阪府					大阪府 大阪狭山市			https://tabelog.com/osaka/A2708/A270802/27009072/		未確認				46232	店舗照合済	食べログ 百名店 2020 / うどん WEST / Tabelog ID 27009072 / https://award.tabelog.com/hyakumeiten/udon_west/2020
FOD-2218	本格手打うどん 大河			飲食店	うどん	食べログ うどん 百名店 2020	京都府					京都府 藤森駅			https://tabelog.com/kyoto/A2601/A260601/26020260/		未確認				46232	店舗照合済	食べログ 百名店 2020 / うどん WEST / Tabelog ID 26020260 / https://award.tabelog.com/hyakumeiten/udon_west/2020
FOD-2219	うどん工房悠々			飲食店	うどん	食べログ うどん 百名店 2020	兵庫県					兵庫県 塚口（阪急）駅			https://tabelog.com/hyogo/A2803/A280304/28029478/		未確認				46232	店舗照合済	食べログ 百名店 2020 / うどん WEST / Tabelog ID 28029478 / https://award.tabelog.com/hyakumeiten/udon_west/2020
FOD-2220	シラカワ			飲食店	うどん	食べログ うどん 百名店 2020	香川県					香川県 三豊市			https://tabelog.com/kagawa/A3703/A370303/37000147/		未確認				46232	店舗照合済	食べログ 百名店 2020 / うどん WEST / Tabelog ID 37000147 / https://award.tabelog.com/hyakumeiten/udon_west/2020
FOD-2221	宮武うどん			飲食店	うどん	食べログ うどん 百名店 2020	香川県					香川県 高松市			https://tabelog.com/kagawa/A3701/A370101/37005339/		未確認				46232	店舗照合済	食べログ 百名店 2020 / うどん WEST / Tabelog ID 37005339 / https://award.tabelog.com/hyakumeiten/udon_west/2020
FOD-2222	うどんの田			飲食店	うどん	食べログ うどん 百名店 2020	香川県					香川県 高松市			https://tabelog.com/kagawa/A3701/A370101/37000384/		未確認				46232	店舗照合済	食べログ 百名店 2020 / うどん WEST / Tabelog ID 37000384 / https://award.tabelog.com/hyakumeiten/udon_west/2020
FOD-2223	極楽うどん TKU			飲食店	うどん	食べログ うどん 百名店 2020	大阪府					大阪府 玉造（ＪＲ）駅			https://tabelog.com/osaka/A2701/A270204/27042400/		未確認				46232	店舗照合済	食べログ 百名店 2020 / うどん WEST / Tabelog ID 27042400 / https://award.tabelog.com/hyakumeiten/udon_west/2020
FOD-2224	がいな製麺所			飲食店	うどん	食べログ うどん 百名店 2020	兵庫県					兵庫県 加西市			https://tabelog.com/hyogo/A2804/A280403/28003753/		未確認				46232	店舗照合済	食べログ 百名店 2020 / うどん WEST / Tabelog ID 28003753 / https://award.tabelog.com/hyakumeiten/udon_west/2020
FOD-2225	根ッ子うどん			飲食店	うどん	食べログ うどん 百名店 2020	香川県					香川県 仲多度郡多度津町			https://tabelog.com/kagawa/A3702/A370202/37000533/		未確認				46232	店舗照合済	食べログ 百名店 2020 / うどん WEST / Tabelog ID 37000533 / https://award.tabelog.com/hyakumeiten/udon_west/2020
FOD-2226	長田うどん			飲食店	うどん	食べログ うどん 百名店 2020	香川県					香川県 仲多度郡まんのう町			https://tabelog.com/kagawa/A3703/A370302/37000005/		未確認				46232	店舗照合済	食べログ 百名店 2020 / うどん WEST / Tabelog ID 37000005 / https://award.tabelog.com/hyakumeiten/udon_west/2020
FOD-2227	山下うどん			飲食店	うどん	食べログ うどん 百名店 2020	香川県					香川県 坂出市			https://tabelog.com/kagawa/A3702/A370201/37000020/		未確認				46232	店舗照合済	食べログ 百名店 2020 / うどん WEST / Tabelog ID 37000020 / https://award.tabelog.com/hyakumeiten/udon_west/2020
FOD-2228	純手打うどん よしや			飲食店	うどん	食べログ うどん 百名店 2020	香川県					香川県 丸亀市			https://tabelog.com/kagawa/A3702/A370202/37004606/		未確認				46232	店舗照合済	食べログ 百名店 2020 / うどん WEST / Tabelog ID 37004606 / https://award.tabelog.com/hyakumeiten/udon_west/2020
FOD-2229	なかむら			飲食店	うどん	食べログ うどん 百名店 2020	香川県					香川県 丸亀市			https://tabelog.com/kagawa/A3702/A370202/37000068/		未確認				46232	店舗照合済	食べログ 百名店 2020 / うどん WEST / Tabelog ID 37000068 / https://award.tabelog.com/hyakumeiten/udon_west/2020
FOD-2230	吉本食品			飲食店	うどん	食べログ うどん 百名店 2020	香川県					香川県 東かがわ市			https://tabelog.com/kagawa/A3704/A370402/37000684/		未確認				46232	店舗照合済	食べログ 百名店 2020 / うどん WEST / Tabelog ID 37000684 / https://award.tabelog.com/hyakumeiten/udon_west/2020
FOD-2231	手打うどん たむら			飲食店	うどん	食べログ うどん 百名店 2020	香川県					香川県 綾歌郡綾川町			https://tabelog.com/kagawa/A3702/A370202/37000077/		未確認				46232	店舗照合済	食べログ 百名店 2020 / うどん WEST / Tabelog ID 37000077 / https://award.tabelog.com/hyakumeiten/udon_west/2020
FOD-2232	うどん棒 大阪本店			飲食店	うどん	食べログ うどん 百名店 2020	大阪府					大阪府 東梅田駅			https://tabelog.com/osaka/A2701/A270101/27003766/		未確認				46232	店舗照合済	食べログ 百名店 2020 / うどん WEST / Tabelog ID 27003766 / https://award.tabelog.com/hyakumeiten/udon_west/2020
FOD-2233	日の出製麺所			飲食店	うどん	食べログ うどん 百名店 2020	香川県					香川県 坂出市			https://tabelog.com/kagawa/A3702/A370201/37000016/		未確認				46232	店舗照合済	食べログ 百名店 2020 / うどん WEST / Tabelog ID 37000016 / https://award.tabelog.com/hyakumeiten/udon_west/2020
FOD-2234	手打ちうどん はりや			飲食店	うどん	食べログ うどん 百名店 2020	香川県					香川県 高松市			https://tabelog.com/kagawa/A3701/A370101/37000049/		未確認				46232	店舗照合済	食べログ 百名店 2020 / うどん WEST / Tabelog ID 37000049 / https://award.tabelog.com/hyakumeiten/udon_west/2020
FOD-2235	本格手打 いわしや 西宮店			飲食店	うどん	食べログ うどん 百名店 2020	兵庫県					兵庫県 西宮市			https://tabelog.com/hyogo/A2803/A280301/28002495/		未確認				46232	店舗照合済	食べログ 百名店 2020 / うどん WEST / Tabelog ID 28002495 / https://award.tabelog.com/hyakumeiten/udon_west/2020
FOD-2236	白川うどん			飲食店	うどん	食べログ うどん 百名店 2020	香川県					香川県 善通寺市			https://tabelog.com/kagawa/A3703/A370302/37000240/		未確認				46232	店舗照合済	食べログ 百名店 2020 / うどん WEST / Tabelog ID 37000240 / https://award.tabelog.com/hyakumeiten/udon_west/2020
FOD-2237	讃岐うどん 上原屋本店			飲食店	うどん	食べログ うどん 百名店 2020	香川県					香川県 高松市			https://tabelog.com/kagawa/A3701/A370101/37000048/		未確認				46232	店舗照合済	食べログ 百名店 2020 / うどん WEST / Tabelog ID 37000048 / https://award.tabelog.com/hyakumeiten/udon_west/2020
FOD-2238	釜ひろ			飲食店	うどん	食べログ うどん 百名店 2020	大阪府					大阪府 鶴ケ丘駅			https://tabelog.com/osaka/A2701/A270405/27011913/		未確認				46232	店舗照合済	食べログ 百名店 2020 / うどん WEST / Tabelog ID 27011913 / https://award.tabelog.com/hyakumeiten/udon_west/2020
FOD-2239	京うどん 生蕎麦 岡北			飲食店	うどん	食べログ うどん 百名店 2020	京都府					京都府 東山駅			https://tabelog.com/kyoto/A2601/A260301/26000919/		未確認				46232	店舗照合済	食べログ 百名店 2020 / うどん WEST / Tabelog ID 26000919 / https://award.tabelog.com/hyakumeiten/udon_west/2020
FOD-2240	うどん日和			飲食店	うどん	食べログ うどん 百名店 2020	大阪府					大阪府 吉田駅			https://tabelog.com/osaka/A2707/A270703/27023042/		未確認				46232	店舗照合済	食べログ 百名店 2020 / うどん WEST / Tabelog ID 27023042 / https://award.tabelog.com/hyakumeiten/udon_west/2020
FOD-2241	手打うどん 風月			飲食店	うどん	食べログ うどん 百名店 2020	香川県					香川県 高松市			https://tabelog.com/kagawa/A3701/A370101/37001023/		未確認				46232	店舗照合済	食べログ 百名店 2020 / うどん WEST / Tabelog ID 37001023 / https://award.tabelog.com/hyakumeiten/udon_west/2020
FOD-2242	釜揚げうどん 鈴庵			飲食店	うどん	食べログ うどん 百名店 2020	奈良県					奈良県 北葛城郡広陵町			https://tabelog.com/nara/A2903/A290301/29004110/		未確認				46232	店舗照合済	食べログ 百名店 2020 / うどん WEST / Tabelog ID 29004110 / https://award.tabelog.com/hyakumeiten/udon_west/2020
FOD-2243	さぬき手打ちうどん 銭形			飲食店	うどん	食べログ うどん 百名店 2020	大阪府					大阪府 服部天神駅			https://tabelog.com/osaka/A2706/A270601/27012525/		未確認				46232	店舗照合済	食べログ 百名店 2020 / うどん WEST / Tabelog ID 27012525 / https://award.tabelog.com/hyakumeiten/udon_west/2020
FOD-2244	本格手打うどん おか泉			飲食店	うどん	食べログ うどん 百名店 2020	香川県					香川県 綾歌郡宇多津町			https://tabelog.com/kagawa/A3702/A370202/37000074/		未確認				46232	店舗照合済	食べログ 百名店 2020 / うどん WEST / Tabelog ID 37000074 / https://award.tabelog.com/hyakumeiten/udon_west/2020
FOD-2245	空飛ぶうどん やまぶき家			飲食店	うどん	食べログ うどん 百名店 2020	大阪府					大阪府 豊中駅			https://tabelog.com/osaka/A2706/A270601/27069779/		未確認				46232	店舗照合済	食べログ 百名店 2020 / うどん WEST / Tabelog ID 27069779 / https://award.tabelog.com/hyakumeiten/udon_west/2020
FOD-2246	一匠			飲食店	うどん	食べログ うどん 百名店 2020	徳島県					徳島県 鳴門市			https://tabelog.com/tokushima/A3601/A360102/36002902/		未確認				46232	店舗照合済	食べログ 百名店 2020 / うどん WEST / Tabelog ID 36002902 / https://award.tabelog.com/hyakumeiten/udon_west/2020
FOD-2247	ゴッドハンド			飲食店	うどん	食べログ うどん 百名店 2020	香川県					香川県 高松市			https://tabelog.com/kagawa/A3701/A370101/37000710/		未確認				46232	店舗照合済	食べログ 百名店 2020 / うどん WEST / Tabelog ID 37000710 / https://award.tabelog.com/hyakumeiten/udon_west/2020
FOD-2248	手打十段 うどんバカ一代			飲食店	うどん	食べログ うどん 百名店 2020	香川県					香川県 高松市			https://tabelog.com/kagawa/A3701/A370101/37000242/		未確認				46232	店舗照合済	食べログ 百名店 2020 / うどん WEST / Tabelog ID 37000242 / https://award.tabelog.com/hyakumeiten/udon_west/2020
FOD-2249	竹清 本店			飲食店	うどん	食べログ うどん 百名店 2020	香川県					香川県 高松市			https://tabelog.com/kagawa/A3701/A370101/37000051/		未確認				46232	店舗照合済	食べログ 百名店 2020 / うどん WEST / Tabelog ID 37000051 / https://award.tabelog.com/hyakumeiten/udon_west/2020
FOD-2250	うぶしな			飲食店	うどん	食べログ うどん 百名店 2020	香川県					香川県 綾歌郡宇多津町			https://tabelog.com/kagawa/A3702/A370202/37000231/		未確認				46232	店舗照合済	食べログ 百名店 2020 / うどん WEST / Tabelog ID 37000231 / https://award.tabelog.com/hyakumeiten/udon_west/2020
FOD-2251	山下うどん			飲食店	うどん	食べログ うどん 百名店 2020	香川県					香川県 善通寺市			https://tabelog.com/kagawa/A3703/A370302/37000012/		未確認				46232	店舗照合済	食べログ 百名店 2020 / うどん WEST / Tabelog ID 37000012 / https://award.tabelog.com/hyakumeiten/udon_west/2020
FOD-2252	手打ちうどん 団平			飲食店	うどん	食べログ うどん 百名店 2020	大阪府					大阪府 御殿山駅			https://tabelog.com/osaka/A2707/A270702/27006805/		未確認				46232	店舗照合済	食べログ 百名店 2020 / うどん WEST / Tabelog ID 27006805 / https://award.tabelog.com/hyakumeiten/udon_west/2020
FOD-2253	うどん 蔵十			飲食店	うどん	食べログ うどん 百名店 2020	大阪府					大阪府 千林大宮駅			https://tabelog.com/osaka/A2701/A270304/27000719/		未確認				46232	店舗照合済	食べログ 百名店 2020 / うどん WEST / Tabelog ID 27000719 / https://award.tabelog.com/hyakumeiten/udon_west/2020
FOD-2254	道頓堀 今井 本店			飲食店	うどん	食べログ うどん 百名店 2020	大阪府					大阪府 大阪難波駅			https://tabelog.com/osaka/A2701/A270202/27001289/		未確認				46232	店舗照合済	食べログ 百名店 2020 / うどん WEST / Tabelog ID 27001289 / https://award.tabelog.com/hyakumeiten/udon_west/2020
FOD-2255	葉隠うどん			飲食店	うどん	食べログ うどん 百名店 2020	福岡県					福岡県 博多駅			https://tabelog.com/fukuoka/A4001/A400101/40004342/		未確認				46232	店舗照合済	食べログ 百名店 2020 / うどん WEST / Tabelog ID 40004342 / https://award.tabelog.com/hyakumeiten/udon_west/2020
FOD-2256	たからや			飲食店	うどん	食べログ うどん 百名店 2020	大阪府					大阪府 八尾南駅			https://tabelog.com/osaka/A2707/A270705/27019530/		未確認				46232	店舗照合済	食べログ 百名店 2020 / うどん WEST / Tabelog ID 27019530 / https://award.tabelog.com/hyakumeiten/udon_west/2020
FOD-2257	ふたみうどん研究所			飲食店	うどん	食べログ うどん 百名店 2020	宮崎県					宮崎県 都城市			https://tabelog.com/miyazaki/A4503/A450302/45004957/		未確認				46232	店舗照合済	食べログ 百名店 2020 / うどん WEST / Tabelog ID 45004957 / https://award.tabelog.com/hyakumeiten/udon_west/2020
FOD-2258	桂ちゃん			飲食店	うどん	食べログ うどん 百名店 2020	大阪府					大阪府 長原駅			https://tabelog.com/osaka/A2701/A270405/27013633/		未確認				46232	店舗照合済	食べログ 百名店 2020 / うどん WEST / Tabelog ID 27013633 / https://award.tabelog.com/hyakumeiten/udon_west/2020
FOD-2259	JUN大谷製麺処			飲食店	うどん	食べログ うどん 百名店 2020	大阪府					大阪府 なんば（大阪メトロ）駅			https://tabelog.com/osaka/A2701/A270202/27049353/		未確認				46232	店舗照合済	食べログ 百名店 2020 / うどん WEST / Tabelog ID 27049353 / https://award.tabelog.com/hyakumeiten/udon_west/2020
FOD-2260	うどん居酒屋 麦笑			飲食店	うどん	食べログ うどん 百名店 2020	大阪府					大阪府 森ノ宮駅			https://tabelog.com/osaka/A2701/A270107/27013801/		未確認				46232	店舗照合済	食べログ 百名店 2020 / うどん WEST / Tabelog ID 27013801 / https://award.tabelog.com/hyakumeiten/udon_west/2020
FOD-2261	自家製粉石臼挽きうどん 青空blue 本店			飲食店	うどん	食べログ うどん 百名店 2020	大阪府					大阪府 肥後橋駅			https://tabelog.com/osaka/A2701/A270102/27082212/		未確認				46232	店舗照合済	食べログ 百名店 2020 / うどん WEST / Tabelog ID 27082212 / https://award.tabelog.com/hyakumeiten/udon_west/2020
FOD-2262	本格さぬきうどん 穂乃香			飲食店	うどん	食べログ うどん 百名店 2020	兵庫県					兵庫県 尼崎（阪神）駅			https://tabelog.com/hyogo/A2803/A280304/28025306/		未確認				46232	店舗照合済	食べログ 百名店 2020 / うどん WEST / Tabelog ID 28025306 / https://award.tabelog.com/hyakumeiten/udon_west/2020
FOD-2263	仁王門 うね乃			飲食店	うどん	食べログ うどん 百名店 2020	京都府					京都府 三条京阪駅			https://tabelog.com/kyoto/A2601/A260301/26023852/		未確認				46232	店舗照合済	食べログ 百名店 2020 / うどん WEST / Tabelog ID 26023852 / https://award.tabelog.com/hyakumeiten/udon_west/2020
FOD-2264	讃岐屋 雅次郎			飲食店	うどん	食べログ うどん 百名店 2020	大阪府					大阪府 久宝寺口駅			https://tabelog.com/osaka/A2707/A270705/27019261/		未確認				46232	店舗照合済	食べログ 百名店 2020 / うどん WEST / Tabelog ID 27019261 / https://award.tabelog.com/hyakumeiten/udon_west/2020
FOD-2265	饂飩工房 うばら			飲食店	うどん	食べログ うどん 百名店 2020	大阪府					大阪府 大阪上本町駅			https://tabelog.com/osaka/A2701/A270205/27060219/		未確認				46232	店舗照合済	食べログ 百名店 2020 / うどん WEST / Tabelog ID 27060219 / https://award.tabelog.com/hyakumeiten/udon_west/2020
FOD-2266	うどん ゆきの			飲食店	うどん	食べログ うどん 百名店 2020	大阪府					大阪府 西田辺駅			https://tabelog.com/osaka/A2701/A270405/27000574/		未確認				46232	店舗照合済	食べログ 百名店 2020 / うどん WEST / Tabelog ID 27000574 / https://award.tabelog.com/hyakumeiten/udon_west/2020
FOD-2267	釜揚げうどん 織田薪 本店			飲食店	うどん	食べログ うどん 百名店 2020	宮崎県					宮崎県 宮崎市			https://tabelog.com/miyazaki/A4501/A450101/45001975/		未確認				46232	店舗照合済	食べログ 百名店 2020 / うどん WEST / Tabelog ID 45001975 / https://award.tabelog.com/hyakumeiten/udon_west/2020
FOD-2268	麺処 綿谷 丸亀店			飲食店	うどん	食べログ うどん 百名店 2020	香川県					香川県 丸亀市			https://tabelog.com/kagawa/A3702/A370202/37000289/		未確認				46232	店舗照合済	食べログ 百名店 2020 / うどん WEST / Tabelog ID 37000289 / https://award.tabelog.com/hyakumeiten/udon_west/2020
FOD-2269	日の出うどん			飲食店	うどん	食べログ うどん 百名店 2020	京都府					京都府 蹴上駅			https://tabelog.com/kyoto/A2601/A260301/26000815/		未確認				46232	店舗照合済	食べログ 百名店 2020 / うどん WEST / Tabelog ID 26000815 / https://award.tabelog.com/hyakumeiten/udon_west/2020
FOD-2270	立花うどん			飲食店	うどん	食べログ うどん 百名店 2020	福岡県					福岡県 久留米市			https://tabelog.com/fukuoka/A4008/A400801/40006354/		未確認				46232	店舗照合済	食べログ 百名店 2020 / うどん WEST / Tabelog ID 40006354 / https://award.tabelog.com/hyakumeiten/udon_west/2020
FOD-2271	極楽うどん Ah-麺			飲食店	うどん	食べログ うどん 百名店 2020	大阪府					大阪府 寺田町駅			https://tabelog.com/osaka/A2701/A270306/27075334/		未確認				46232	店舗照合済	食べログ 百名店 2020 / うどん WEST / Tabelog ID 27075334 / https://award.tabelog.com/hyakumeiten/udon_west/2020
FOD-2272	三嶋製麺所			飲食店	うどん	食べログ うどん 百名店 2020	香川県					香川県 仲多度郡まんのう町			https://tabelog.com/kagawa/A3703/A370302/37000140/		未確認				46232	店舗照合済	食べログ 百名店 2020 / うどん WEST / Tabelog ID 37000140 / https://award.tabelog.com/hyakumeiten/udon_west/2020
FOD-2273	本町製麺所 本店			飲食店	うどん	食べログ うどん 百名店 2020	大阪府					大阪府 堺筋本町駅			https://tabelog.com/osaka/A2701/A270106/27014646/		未確認				46232	店舗照合済	食べログ 百名店 2020 / うどん WEST / Tabelog ID 27014646 / https://award.tabelog.com/hyakumeiten/udon_west/2020
FOD-2274	讃岐うどん がもう			飲食店	うどん	食べログ うどん 百名店 2020	香川県					香川県 坂出市			https://tabelog.com/kagawa/A3702/A370201/37000019/		未確認				46232	店舗照合済	食べログ 百名店 2020 / うどん WEST / Tabelog ID 37000019 / https://award.tabelog.com/hyakumeiten/udon_west/2020
FOD-2275	西端手打 上戸			飲食店	うどん	食べログ うどん 百名店 2020	香川県					香川県 観音寺市			https://tabelog.com/kagawa/A3703/A370301/37000152/		未確認				46232	店舗照合済	食べログ 百名店 2020 / うどん WEST / Tabelog ID 37000152 / https://award.tabelog.com/hyakumeiten/udon_west/2020
FOD-2276	糸庄			飲食店	うどん	食べログ うどん 百名店 2020	富山県					富山県 富山市			https://tabelog.com/toyama/A1601/A160101/16000661/		未確認				46232	店舗照合済	食べログ 百名店 2020 / うどん WEST / Tabelog ID 16000661 / https://award.tabelog.com/hyakumeiten/udon_west/2020
FOD-2277	讃岐うどん 今雪			飲食店	うどん	食べログ うどん 百名店 2020	大阪府					大阪府 中崎町駅			https://tabelog.com/osaka/A2701/A270101/27067874/		未確認				46232	店舗照合済	食べログ 百名店 2020 / うどん WEST / Tabelog ID 27067874 / https://award.tabelog.com/hyakumeiten/udon_west/2020
FOD-2278	どとう ぜにや			飲食店	うどん	食べログ うどん 百名店 2020	大阪府					大阪府 堺市中区			https://tabelog.com/osaka/A2705/A270501/27013157/		未確認				46232	店舗照合済	食べログ 百名店 2020 / うどん WEST / Tabelog ID 27013157 / https://award.tabelog.com/hyakumeiten/udon_west/2020
FOD-2279	うどん本陣 山田家 讃岐本店			飲食店	うどん	食べログ うどん 百名店 2020	香川県					香川県 高松市			https://tabelog.com/kagawa/A3701/A370101/37000002/		未確認				46232	店舗照合済	食べログ 百名店 2020 / うどん WEST / Tabelog ID 37000002 / https://award.tabelog.com/hyakumeiten/udon_west/2020
FOD-2280	手打ちうどん 鶴丸			飲食店	うどん	食べログ うどん 百名店 2020	香川県					香川県 高松市			https://tabelog.com/kagawa/A3701/A370101/37000044/		未確認				46232	店舗照合済	食べログ 百名店 2020 / うどん WEST / Tabelog ID 37000044 / https://award.tabelog.com/hyakumeiten/udon_west/2020
FOD-2281	うどん居酒屋 江戸堀			飲食店	うどん	食べログ うどん 百名店 2020	大阪府					大阪府 肥後橋駅			https://tabelog.com/osaka/A2701/A270102/27094721/		未確認				46232	店舗照合済	食べログ 百名店 2020 / うどん WEST / Tabelog ID 27094721 / https://award.tabelog.com/hyakumeiten/udon_west/2020
FOD-2282	うどん 一福			飲食店	うどん	食べログ うどん 百名店 2020	香川県					香川県 高松市			https://tabelog.com/kagawa/A3701/A370101/37001209/		未確認				46232	店舗照合済	食べログ 百名店 2020 / うどん WEST / Tabelog ID 37001209 / https://award.tabelog.com/hyakumeiten/udon_west/2020
FOD-2283	うだま 梅田店			飲食店	うどん	食べログ うどん 百名店 2020	大阪府					大阪府 東梅田駅			https://tabelog.com/osaka/A2701/A270101/27056300/		未確認				46232	店舗照合済	食べログ 百名店 2020 / うどん WEST / Tabelog ID 27056300 / https://award.tabelog.com/hyakumeiten/udon_west/2020
FOD-2284	純手打 うどん 勝一			飲食店	うどん	食べログ うどん 百名店 2020	山口県					山口県 山口市			https://tabelog.com/yamaguchi/A3501/A350101/35000311/		未確認				46232	店舗照合済	食べログ 百名店 2020 / うどん WEST / Tabelog ID 35000311 / https://award.tabelog.com/hyakumeiten/udon_west/2020
FOD-2285	うどん さか枝			飲食店	うどん	食べログ うどん 百名店 2020	香川県					香川県 高松市			https://tabelog.com/kagawa/A3701/A370101/37000026/		未確認				46232	店舗照合済	食べログ 百名店 2020 / うどん WEST / Tabelog ID 37000026 / https://award.tabelog.com/hyakumeiten/udon_west/2020
FOD-2286	山元麺蔵			飲食店	うどん	食べログ うどん 百名店 2020	京都府					京都府 東山駅			https://tabelog.com/kyoto/A2601/A260301/26002504/		未確認				46232	店舗照合済	食べログ 百名店 2020 / うどん WEST / Tabelog ID 26002504 / https://award.tabelog.com/hyakumeiten/udon_west/2020
FOD-2287	中村うどん			飲食店	うどん	食べログ うどん 百名店 2020	香川県					香川県 丸亀市			https://tabelog.com/kagawa/A3702/A370202/37000135/		未確認				46232	店舗照合済	食べログ 百名店 2020 / うどん WEST / Tabelog ID 37000135 / https://award.tabelog.com/hyakumeiten/udon_west/2020
FOD-2288	手打ちうどん 紅屋			飲食店	うどん	食べログ うどん 百名店 2020	大阪府					大阪府 滝井駅			https://tabelog.com/osaka/A2707/A270701/27017094/		未確認				46232	店舗照合済	食べログ 百名店 2020 / うどん WEST / Tabelog ID 27017094 / https://award.tabelog.com/hyakumeiten/udon_west/2020
FOD-2289	手打うどん 三徳			飲食店	うどん	食べログ うどん 百名店 2020	香川県					香川県 高松市			https://tabelog.com/kagawa/A3701/A370101/37000142/		未確認				46232	店舗照合済	食べログ 百名店 2020 / うどん WEST / Tabelog ID 37000142 / https://award.tabelog.com/hyakumeiten/udon_west/2020
FOD-2290	踊るうどん 滝井本店			飲食店	うどん	食べログ うどん 百名店 2020	大阪府					大阪府 滝井駅			https://tabelog.com/osaka/A2707/A270701/27004023/		未確認				46232	店舗照合済	食べログ 百名店 2020 / うどん WEST / Tabelog ID 27004023 / https://award.tabelog.com/hyakumeiten/udon_west/2020
FOD-2291	釜揚うどん一紀			飲食店	うどん	食べログ うどん 百名店 2020	大阪府					大阪府 今宮駅			https://tabelog.com/osaka/A2701/A270406/27059480/		未確認				46232	店舗照合済	食べログ 百名店 2020 / うどん WEST / Tabelog ID 27059480 / https://award.tabelog.com/hyakumeiten/udon_west/2020
FOD-2292	本格手打うどん はゆか			飲食店	うどん	食べログ うどん 百名店 2020	香川県					香川県 綾歌郡綾川町			https://tabelog.com/kagawa/A3702/A370202/37000233/		未確認				46232	店舗照合済	食べログ 百名店 2020 / うどん WEST / Tabelog ID 37000233 / https://award.tabelog.com/hyakumeiten/udon_west/2020
FOD-2293	爽月			飲食店	うどん	食べログ うどん 百名店 2020	大阪府					大阪府 粉浜駅			https://tabelog.com/osaka/A2701/A270404/27051701/		未確認				46232	店舗照合済	食べログ 百名店 2020 / うどん WEST / Tabelog ID 27051701 / https://award.tabelog.com/hyakumeiten/udon_west/2020
FOD-2294	うどん 讃く			飲食店	うどん	食べログ うどん 百名店 2020	大阪府					大阪府 新福島駅			https://tabelog.com/osaka/A2701/A270108/27066859/		未確認				46232	店舗照合済	食べログ 百名店 2020 / うどん WEST / Tabelog ID 27066859 / https://award.tabelog.com/hyakumeiten/udon_west/2020
FOD-2295	たけうちうどん店			飲食店	うどん	食べログ うどん 百名店 2020	大阪府					大阪府 中津（大阪メトロ）駅			https://tabelog.com/osaka/A2701/A270101/27006684/		未確認				46232	店舗照合済	食べログ 百名店 2020 / うどん WEST / Tabelog ID 27006684 / https://award.tabelog.com/hyakumeiten/udon_west/2020
FOD-2296	松下製麺所			飲食店	うどん	食べログ うどん 百名店 2020	香川県					香川県 高松市			https://tabelog.com/kagawa/A3701/A370101/37000033/		未確認				46232	店舗照合済	食べログ 百名店 2020 / うどん WEST / Tabelog ID 37000033 / https://award.tabelog.com/hyakumeiten/udon_west/2020
FOD-2297	手打うどん 麦蔵			飲食店	うどん	食べログ うどん 百名店 2020	香川県					香川県 高松市			https://tabelog.com/kagawa/A3701/A370101/37000874/		未確認				46232	店舗照合済	食べログ 百名店 2020 / うどん WEST / Tabelog ID 37000874 / https://award.tabelog.com/hyakumeiten/udon_west/2020
FOD-2298	讃歌うどん はんげしょう			飲食店	うどん	食べログ うどん 百名店 2020	兵庫県					兵庫県 西宮（阪神）駅			https://tabelog.com/hyogo/A2803/A280301/28026561/		未確認				46232	店舗照合済	食べログ 百名店 2020 / うどん WEST / Tabelog ID 28026561 / https://award.tabelog.com/hyakumeiten/udon_west/2020
FOD-2299	焼肉 京城 水道橋店			飲食店	焼肉	食べログ 焼肉 百名店 2020	東京都					東京都 水道橋駅			https://tabelog.com/tokyo/A1310/A131003/13000222/		未確認				46232	店舗照合済	食べログ 百名店 2020 / 焼肉 TOKYO / Tabelog ID 13000222 / https://award.tabelog.com/hyakumeiten/yakiniku_tokyo/2020
FOD-2300	焼肉 いぶさな			飲食店	焼肉	食べログ 焼肉 百名店 2020	東京都					東京都 参宮橋駅			https://tabelog.com/tokyo/A1318/A131810/13221220/		未確認				46232	店舗照合済	食べログ 百名店 2020 / 焼肉 TOKYO / Tabelog ID 13221220 / https://award.tabelog.com/hyakumeiten/yakiniku_tokyo/2020
FOD-2301	たん清			飲食店	焼肉	食べログ 焼肉 百名店 2020	東京都					東京都 秋葉原駅			https://tabelog.com/tokyo/A1310/A131001/13000384/		未確認				46232	店舗照合済	食べログ 百名店 2020 / 焼肉 TOKYO / Tabelog ID 13000384 / https://award.tabelog.com/hyakumeiten/yakiniku_tokyo/2020
FOD-2302	炭火焼肉 牛和鹿 本店			飲食店	焼肉	食べログ 焼肉 百名店 2020	東京都					東京都 門前仲町駅			https://tabelog.com/tokyo/A1313/A131303/13038809/		未確認				46232	店舗照合済	食べログ 百名店 2020 / 焼肉 TOKYO / Tabelog ID 13038809 / https://award.tabelog.com/hyakumeiten/yakiniku_tokyo/2020
FOD-2303	焼肉くにもと 本店			飲食店	焼肉	食べログ 焼肉 百名店 2020	東京都					東京都 浜松町駅			https://tabelog.com/tokyo/A1314/A131401/13007842/		未確認				46232	店舗照合済	食べログ 百名店 2020 / 焼肉 TOKYO / Tabelog ID 13007842 / https://award.tabelog.com/hyakumeiten/yakiniku_tokyo/2020
FOD-2304	西麻布けんしろう			飲食店	焼肉	食べログ 焼肉 百名店 2020	東京都					東京都 広尾駅			https://tabelog.com/tokyo/A1307/A130703/13184885/		未確認				46232	店舗照合済	食べログ 百名店 2020 / 焼肉 TOKYO / Tabelog ID 13184885 / https://award.tabelog.com/hyakumeiten/yakiniku_tokyo/2020
FOD-2305	日本橋イタダキ			飲食店	焼肉	食べログ 焼肉 百名店 2020	東京都					東京都 馬喰横山駅			https://tabelog.com/tokyo/A1302/A130204/13022343/		未確認				46232	店舗照合済	食べログ 百名店 2020 / 焼肉 TOKYO / Tabelog ID 13022343 / https://award.tabelog.com/hyakumeiten/yakiniku_tokyo/2020
FOD-2306	かるびあ～の			飲食店	焼肉	食べログ 焼肉 百名店 2020	東京都					東京都 新橋駅			https://tabelog.com/tokyo/A1301/A130103/13026295/		未確認				46232	店舗照合済	食べログ 百名店 2020 / 焼肉 TOKYO / Tabelog ID 13026295 / https://award.tabelog.com/hyakumeiten/yakiniku_tokyo/2020
FOD-2307	焼肉 静龍苑			飲食店	焼肉	食べログ 焼肉 百名店 2020	東京都					東京都 清澄白河駅			https://tabelog.com/tokyo/A1313/A131303/13237978/		未確認				46232	店舗照合済	食べログ 百名店 2020 / 焼肉 TOKYO / Tabelog ID 13237978 / https://award.tabelog.com/hyakumeiten/yakiniku_tokyo/2020
FOD-2308	銀座 王十里			飲食店	焼肉	食べログ 焼肉 百名店 2020	東京都					東京都 東銀座駅			https://tabelog.com/tokyo/A1301/A130101/13002283/		未確認				46232	店舗照合済	食べログ 百名店 2020 / 焼肉 TOKYO / Tabelog ID 13002283 / https://award.tabelog.com/hyakumeiten/yakiniku_tokyo/2020
FOD-2309	焼肉芝浦 三宿店			飲食店	焼肉	食べログ 焼肉 百名店 2020	東京都					東京都 祐天寺駅			https://tabelog.com/tokyo/A1317/A131701/13118245/		未確認				46232	店舗照合済	食べログ 百名店 2020 / 焼肉 TOKYO / Tabelog ID 13118245 / https://award.tabelog.com/hyakumeiten/yakiniku_tokyo/2020
FOD-2310	焼肉五鉄 八丁堀本店			飲食店	焼肉	食べログ 焼肉 百名店 2020	東京都					東京都 宝町駅			https://tabelog.com/tokyo/A1302/A130203/13002399/		未確認				46232	店舗照合済	食べログ 百名店 2020 / 焼肉 TOKYO / Tabelog ID 13002399 / https://award.tabelog.com/hyakumeiten/yakiniku_tokyo/2020
FOD-2311	天空焼肉 星遊山			飲食店	焼肉	食べログ 焼肉 百名店 2020	東京都					東京都 新橋駅			https://tabelog.com/tokyo/A1301/A130103/13002530/		未確認				46232	店舗照合済	食べログ 百名店 2020 / 焼肉 TOKYO / Tabelog ID 13002530 / https://award.tabelog.com/hyakumeiten/yakiniku_tokyo/2020
FOD-2312	焼肉うしごろ 西麻布本店			飲食店	焼肉	食べログ 焼肉 百名店 2020	東京都					東京都 乃木坂駅			https://tabelog.com/tokyo/A1307/A130701/13124592/		未確認				46232	店舗照合済	食べログ 百名店 2020 / 焼肉 TOKYO / Tabelog ID 13124592 / https://award.tabelog.com/hyakumeiten/yakiniku_tokyo/2020
FOD-2313	赤坂 みすじ			飲食店	焼肉	食べログ 焼肉 百名店 2020	東京都					東京都 赤坂見附駅			https://tabelog.com/tokyo/A1308/A130801/13114946/		未確認				46232	店舗照合済	食べログ 百名店 2020 / 焼肉 TOKYO / Tabelog ID 13114946 / https://award.tabelog.com/hyakumeiten/yakiniku_tokyo/2020
FOD-2314	大幸園 小宮本店			飲食店	焼肉	食べログ 焼肉 百名店 2020	東京都					東京都 小宮駅			https://tabelog.com/tokyo/A1329/A132904/13107594/		未確認				46232	店舗照合済	食べログ 百名店 2020 / 焼肉 TOKYO / Tabelog ID 13107594 / https://award.tabelog.com/hyakumeiten/yakiniku_tokyo/2020
FOD-2315	好ちゃん 飯田橋分家			飲食店	焼肉	食べログ 焼肉 百名店 2020	東京都					東京都 飯田橋駅			https://tabelog.com/tokyo/A1309/A130905/13030762/		未確認				46232	店舗照合済	食べログ 百名店 2020 / 焼肉 TOKYO / Tabelog ID 13030762 / https://award.tabelog.com/hyakumeiten/yakiniku_tokyo/2020
FOD-2316	にくがとう 人形町本店			飲食店	焼肉	食べログ 焼肉 百名店 2020	東京都					東京都 人形町駅			https://tabelog.com/tokyo/A1302/A130204/13168436/		未確認				46232	店舗照合済	食べログ 百名店 2020 / 焼肉 TOKYO / Tabelog ID 13168436 / https://award.tabelog.com/hyakumeiten/yakiniku_tokyo/2020
FOD-2317	李朝園 吉祥寺店			飲食店	焼肉	食べログ 焼肉 百名店 2020	東京都					東京都 吉祥寺駅			https://tabelog.com/tokyo/A1320/A132001/13005772/		未確認				46232	店舗照合済	食べログ 百名店 2020 / 焼肉 TOKYO / Tabelog ID 13005772 / https://award.tabelog.com/hyakumeiten/yakiniku_tokyo/2020
FOD-2318	焼肉 綾小路			飲食店	焼肉	食べログ 焼肉 百名店 2020	東京都					東京都 乃木坂駅			https://tabelog.com/tokyo/A1307/A130701/13038804/		未確認				46232	店舗照合済	食べログ 百名店 2020 / 焼肉 TOKYO / Tabelog ID 13038804 / https://award.tabelog.com/hyakumeiten/yakiniku_tokyo/2020
FOD-2319	焼肉問屋 牛蔵			飲食店	焼肉	食べログ 焼肉 百名店 2020	東京都					東京都 富士見台駅			https://tabelog.com/tokyo/A1321/A132102/13008910/		未確認				46232	店舗照合済	食べログ 百名店 2020 / 焼肉 TOKYO / Tabelog ID 13008910 / https://award.tabelog.com/hyakumeiten/yakiniku_tokyo/2020
FOD-2320	ホルモン青木			飲食店	焼肉	食べログ 焼肉 百名店 2020	東京都					東京都 亀戸駅			https://tabelog.com/tokyo/A1312/A131202/13059962/		未確認				46232	店舗照合済	食べログ 百名店 2020 / 焼肉 TOKYO / Tabelog ID 13059962 / https://award.tabelog.com/hyakumeiten/yakiniku_tokyo/2020
FOD-2321	ら・ぼうふ 用賀本店			飲食店	焼肉	食べログ 焼肉 百名店 2020	東京都					東京都 用賀駅			https://tabelog.com/tokyo/A1317/A131707/13005123/		未確認				46232	店舗照合済	食べログ 百名店 2020 / 焼肉 TOKYO / Tabelog ID 13005123 / https://award.tabelog.com/hyakumeiten/yakiniku_tokyo/2020
FOD-2322	正泰苑 新橋店			飲食店	焼肉	食べログ 焼肉 百名店 2020	東京都					東京都 新橋駅			https://tabelog.com/tokyo/A1301/A130103/13054487/		未確認				46232	店舗照合済	食べログ 百名店 2020 / 焼肉 TOKYO / Tabelog ID 13054487 / https://award.tabelog.com/hyakumeiten/yakiniku_tokyo/2020
FOD-2323	在市 月島本店			飲食店	焼肉	食べログ 焼肉 百名店 2020	東京都					東京都 月島駅			https://tabelog.com/tokyo/A1313/A131302/13095398/		未確認				46232	店舗照合済	食べログ 百名店 2020 / 焼肉 TOKYO / Tabelog ID 13095398 / https://award.tabelog.com/hyakumeiten/yakiniku_tokyo/2020
FOD-2324	炭火焼肉 あもん			飲食店	焼肉	食べログ 焼肉 百名店 2020	東京都					東京都 池袋駅			https://tabelog.com/tokyo/A1305/A130501/13019476/		未確認				46232	店舗照合済	食べログ 百名店 2020 / 焼肉 TOKYO / Tabelog ID 13019476 / https://award.tabelog.com/hyakumeiten/yakiniku_tokyo/2020
FOD-2325	焼肉 凛			飲食店	焼肉	食べログ 焼肉 百名店 2020	東京都					東京都 月島駅			https://tabelog.com/tokyo/A1313/A131302/13002240/		未確認				46232	店舗照合済	食べログ 百名店 2020 / 焼肉 TOKYO / Tabelog ID 13002240 / https://award.tabelog.com/hyakumeiten/yakiniku_tokyo/2020
FOD-2326	焼肉 ジャンボ 白金			飲食店	焼肉	食べログ 焼肉 百名店 2020	東京都					東京都 白金高輪駅			https://tabelog.com/tokyo/A1316/A131602/13026377/		未確認				46232	店舗照合済	食べログ 百名店 2020 / 焼肉 TOKYO / Tabelog ID 13026377 / https://award.tabelog.com/hyakumeiten/yakiniku_tokyo/2020
FOD-2327	和牛焼肉KIM 白金本店			飲食店	焼肉	食べログ 焼肉 百名店 2020	東京都					東京都 白金高輪駅			https://tabelog.com/tokyo/A1316/A131602/13110222/		未確認				46232	店舗照合済	食べログ 百名店 2020 / 焼肉 TOKYO / Tabelog ID 13110222 / https://award.tabelog.com/hyakumeiten/yakiniku_tokyo/2020
FOD-2328	赤坂大関 本店			飲食店	焼肉	食べログ 焼肉 百名店 2020	東京都					東京都 赤坂見附駅			https://tabelog.com/tokyo/A1308/A130801/13015197/		未確認				46232	店舗照合済	食べログ 百名店 2020 / 焼肉 TOKYO / Tabelog ID 13015197 / https://award.tabelog.com/hyakumeiten/yakiniku_tokyo/2020
FOD-2329	飛騨牛一頭家 馬喰一代 銀座			飲食店	焼肉	食べログ 焼肉 百名店 2020	東京都					東京都 銀座一丁目駅			https://tabelog.com/tokyo/A1301/A130101/13104436/		未確認				46232	店舗照合済	食べログ 百名店 2020 / 焼肉 TOKYO / Tabelog ID 13104436 / https://award.tabelog.com/hyakumeiten/yakiniku_tokyo/2020
FOD-2330	おやじ			飲食店	焼肉	食べログ 焼肉 百名店 2020	東京都					東京都 青山一丁目駅			https://tabelog.com/tokyo/A1306/A130603/13042753/		未確認				46232	店舗照合済	食べログ 百名店 2020 / 焼肉 TOKYO / Tabelog ID 13042753 / https://award.tabelog.com/hyakumeiten/yakiniku_tokyo/2020
FOD-2331	焼肉 稲田			飲食店	焼肉	食べログ 焼肉 百名店 2020	東京都					東京都 目黒駅			https://tabelog.com/tokyo/A1316/A131601/13049914/		未確認				46232	店舗照合済	食べログ 百名店 2020 / 焼肉 TOKYO / Tabelog ID 13049914 / https://award.tabelog.com/hyakumeiten/yakiniku_tokyo/2020
FOD-2332	焼肉 名門			飲食店	焼肉	食べログ 焼肉 百名店 2020	東京都					東京都 曙橋駅			https://tabelog.com/tokyo/A1309/A130903/13006823/		未確認				46232	店舗照合済	食べログ 百名店 2020 / 焼肉 TOKYO / Tabelog ID 13006823 / https://award.tabelog.com/hyakumeiten/yakiniku_tokyo/2020
FOD-2333	ホルモン道場闇市倶楽部 目黒店			飲食店	焼肉	食べログ 焼肉 百名店 2020	東京都					東京都 目黒駅			https://tabelog.com/tokyo/A1316/A131601/13002038/		未確認				46232	店舗照合済	食べログ 百名店 2020 / 焼肉 TOKYO / Tabelog ID 13002038 / https://award.tabelog.com/hyakumeiten/yakiniku_tokyo/2020
FOD-2334	焼肉くにもと 新館			飲食店	焼肉	食べログ 焼肉 百名店 2020	東京都					東京都 浜松町駅			https://tabelog.com/tokyo/A1314/A131401/13035852/		未確認				46232	店舗照合済	食べログ 百名店 2020 / 焼肉 TOKYO / Tabelog ID 13035852 / https://award.tabelog.com/hyakumeiten/yakiniku_tokyo/2020
FOD-2335	韓灯			飲食店	焼肉	食べログ 焼肉 百名店 2020	東京都					東京都 月島駅			https://tabelog.com/tokyo/A1313/A131302/13019721/		未確認				46232	店舗照合済	食べログ 百名店 2020 / 焼肉 TOKYO / Tabelog ID 13019721 / https://award.tabelog.com/hyakumeiten/yakiniku_tokyo/2020
FOD-2336	焼肉 うしみつ一門 目黒店			飲食店	焼肉	食べログ 焼肉 百名店 2020	東京都					東京都 目黒駅			https://tabelog.com/tokyo/A1316/A131601/13208975/		未確認				46232	店舗照合済	食べログ 百名店 2020 / 焼肉 TOKYO / Tabelog ID 13208975 / https://award.tabelog.com/hyakumeiten/yakiniku_tokyo/2020
FOD-2337	游玄亭 西麻布本館			飲食店	焼肉	食べログ 焼肉 百名店 2020	東京都					東京都 六本木駅			https://tabelog.com/tokyo/A1307/A130701/13003488/		未確認				46232	店舗照合済	食べログ 百名店 2020 / 焼肉 TOKYO / Tabelog ID 13003488 / https://award.tabelog.com/hyakumeiten/yakiniku_tokyo/2020
FOD-2338	誇味山			飲食店	焼肉	食べログ 焼肉 百名店 2020	東京都					東京都 乃木坂駅			https://tabelog.com/tokyo/A1307/A130701/13230924/		未確認				46232	店舗照合済	食べログ 百名店 2020 / 焼肉 TOKYO / Tabelog ID 13230924 / https://award.tabelog.com/hyakumeiten/yakiniku_tokyo/2020
FOD-2339	恵比寿焼肉　kintan			飲食店	焼肉	食べログ 焼肉 百名店 2020	東京都					東京都 恵比寿駅			https://tabelog.com/tokyo/A1303/A130302/13157343/		未確認				46232	店舗照合済	食べログ 百名店 2020 / 焼肉 TOKYO / Tabelog ID 13157343 / https://award.tabelog.com/hyakumeiten/yakiniku_tokyo/2020
FOD-2340	焼肉 芝浦 駒沢本店			飲食店	焼肉	食べログ 焼肉 百名店 2020	東京都					東京都 世田谷区			https://tabelog.com/tokyo/A1317/A131707/13045307/		未確認				46232	店舗照合済	食べログ 百名店 2020 / 焼肉 TOKYO / Tabelog ID 13045307 / https://award.tabelog.com/hyakumeiten/yakiniku_tokyo/2020
FOD-2341	焼肉 うしみつ 恵比寿本店			飲食店	焼肉	食べログ 焼肉 百名店 2020	東京都					東京都 恵比寿駅			https://tabelog.com/tokyo/A1303/A130302/13204541/		未確認				46232	店舗照合済	食べログ 百名店 2020 / 焼肉 TOKYO / Tabelog ID 13204541 / https://award.tabelog.com/hyakumeiten/yakiniku_tokyo/2020
FOD-2342	マルタケ			飲食店	焼肉	食べログ 焼肉 百名店 2020	東京都					東京都 新御茶ノ水駅			https://tabelog.com/tokyo/A1310/A131002/13009120/		未確認				46232	店舗照合済	食べログ 百名店 2020 / 焼肉 TOKYO / Tabelog ID 13009120 / https://award.tabelog.com/hyakumeiten/yakiniku_tokyo/2020
FOD-2343	焼肉 大貫			飲食店	焼肉	食べログ 焼肉 百名店 2020	東京都					東京都 新宿御苑前駅			https://tabelog.com/tokyo/A1304/A130402/13191277/		未確認				46232	店舗照合済	食べログ 百名店 2020 / 焼肉 TOKYO / Tabelog ID 13191277 / https://award.tabelog.com/hyakumeiten/yakiniku_tokyo/2020
FOD-2344	東京苑 祐天寺			飲食店	焼肉	食べログ 焼肉 百名店 2020	東京都					東京都 祐天寺駅			https://tabelog.com/tokyo/A1317/A131701/13059296/		未確認				46232	店舗照合済	食べログ 百名店 2020 / 焼肉 TOKYO / Tabelog ID 13059296 / https://award.tabelog.com/hyakumeiten/yakiniku_tokyo/2020
FOD-2345	うし松			飲食店	焼肉	食べログ 焼肉 百名店 2020	東京都					東京都 広尾駅			https://tabelog.com/tokyo/A1307/A130703/13242515/		未確認				46232	店舗照合済	食べログ 百名店 2020 / 焼肉 TOKYO / Tabelog ID 13242515 / https://award.tabelog.com/hyakumeiten/yakiniku_tokyo/2020
FOD-2346	ホルモン船　ホールちゃん			飲食店	焼肉	食べログ 焼肉 百名店 2020	東京都					東京都 東新宿駅			https://tabelog.com/tokyo/A1304/A130401/13113717/		未確認				46232	店舗照合済	食べログ 百名店 2020 / 焼肉 TOKYO / Tabelog ID 13113717 / https://award.tabelog.com/hyakumeiten/yakiniku_tokyo/2020
FOD-2347	焼肉ヒロミヤ 本店			飲食店	焼肉	食べログ 焼肉 百名店 2020	東京都					東京都 曙橋駅			https://tabelog.com/tokyo/A1309/A130903/13177366/		未確認				46232	店舗照合済	食べログ 百名店 2020 / 焼肉 TOKYO / Tabelog ID 13177366 / https://award.tabelog.com/hyakumeiten/yakiniku_tokyo/2020
FOD-2348	ぴょんぴょん舎  GINZA UNA			飲食店	焼肉	食べログ 焼肉 百名店 2020	東京都					東京都 銀座駅			https://tabelog.com/tokyo/A1301/A130101/13048942/		未確認				46232	店舗照合済	食べログ 百名店 2020 / 焼肉 TOKYO / Tabelog ID 13048942 / https://award.tabelog.com/hyakumeiten/yakiniku_tokyo/2020
FOD-2349	正泰苑 銀座店			飲食店	焼肉	食べログ 焼肉 百名店 2020	東京都					東京都 東銀座駅			https://tabelog.com/tokyo/A1301/A130101/13016578/		未確認				46232	店舗照合済	食べログ 百名店 2020 / 焼肉 TOKYO / Tabelog ID 13016578 / https://award.tabelog.com/hyakumeiten/yakiniku_tokyo/2020
FOD-2350	ビーフキッチン 中目黒店			飲食店	焼肉	食べログ 焼肉 百名店 2020	東京都					東京都 中目黒駅			https://tabelog.com/tokyo/A1317/A131701/13054178/		未確認				46232	店舗照合済	食べログ 百名店 2020 / 焼肉 TOKYO / Tabelog ID 13054178 / https://award.tabelog.com/hyakumeiten/yakiniku_tokyo/2020
FOD-2351	肉のすずき			飲食店	焼肉	食べログ 焼肉 百名店 2020	東京都					東京都 浅草（つくばＥＸＰ）駅			https://tabelog.com/tokyo/A1311/A131102/13057827/		未確認				46232	店舗照合済	食べログ 百名店 2020 / 焼肉 TOKYO / Tabelog ID 13057827 / https://award.tabelog.com/hyakumeiten/yakiniku_tokyo/2020
FOD-2352	神泉ホルモン 三百屋			飲食店	焼肉	食べログ 焼肉 百名店 2020	東京都					東京都 神泉駅			https://tabelog.com/tokyo/A1303/A130301/13024281/		未確認				46232	店舗照合済	食べログ 百名店 2020 / 焼肉 TOKYO / Tabelog ID 13024281 / https://award.tabelog.com/hyakumeiten/yakiniku_tokyo/2020
FOD-2353	本牧亭。			飲食店	焼肉	食べログ 焼肉 百名店 2020	東京都					東京都 長原駅			https://tabelog.com/tokyo/A1317/A131714/13010448/		未確認				46232	店舗照合済	食べログ 百名店 2020 / 焼肉 TOKYO / Tabelog ID 13010448 / https://award.tabelog.com/hyakumeiten/yakiniku_tokyo/2020
FOD-2354	東京園			飲食店	焼肉	食べログ 焼肉 百名店 2020	東京都					東京都 東銀座駅			https://tabelog.com/tokyo/A1301/A130101/13002566/		未確認				46232	店舗照合済	食べログ 百名店 2020 / 焼肉 TOKYO / Tabelog ID 13002566 / https://award.tabelog.com/hyakumeiten/yakiniku_tokyo/2020
FOD-2355	正泰苑 芝大門店			飲食店	焼肉	食べログ 焼肉 百名店 2020	東京都					東京都 大門駅			https://tabelog.com/tokyo/A1314/A131401/13005213/		未確認				46232	店舗照合済	食べログ 百名店 2020 / 焼肉 TOKYO / Tabelog ID 13005213 / https://award.tabelog.com/hyakumeiten/yakiniku_tokyo/2020
FOD-2356	焼肉 ぽんが 目黒本店			飲食店	焼肉	食べログ 焼肉 百名店 2020	東京都					東京都 目黒駅			https://tabelog.com/tokyo/A1316/A131601/13136905/		未確認				46232	店舗照合済	食べログ 百名店 2020 / 焼肉 TOKYO / Tabelog ID 13136905 / https://award.tabelog.com/hyakumeiten/yakiniku_tokyo/2020
FOD-2357	牛和鹿 六本木店			飲食店	焼肉	食べログ 焼肉 百名店 2020	東京都					東京都 六本木駅			https://tabelog.com/tokyo/A1307/A130701/13104930/		未確認				46232	店舗照合済	食べログ 百名店 2020 / 焼肉 TOKYO / Tabelog ID 13104930 / https://award.tabelog.com/hyakumeiten/yakiniku_tokyo/2020
FOD-2358	きらく亭			飲食店	焼肉	食べログ 焼肉 百名店 2020	東京都					東京都 白金高輪駅			https://tabelog.com/tokyo/A1307/A130703/13007145/		未確認				46232	店舗照合済	食べログ 百名店 2020 / 焼肉 TOKYO / Tabelog ID 13007145 / https://award.tabelog.com/hyakumeiten/yakiniku_tokyo/2020
FOD-2359	本とさや			飲食店	焼肉	食べログ 焼肉 百名店 2020	東京都					東京都 浅草（つくばＥＸＰ）駅			https://tabelog.com/tokyo/A1311/A131102/13003711/		未確認				46232	店舗照合済	食べログ 百名店 2020 / 焼肉 TOKYO / Tabelog ID 13003711 / https://award.tabelog.com/hyakumeiten/yakiniku_tokyo/2020
FOD-2360	代官山 焼肉かねこ			飲食店	焼肉	食べログ 焼肉 百名店 2020	東京都					東京都 代官山駅			https://tabelog.com/tokyo/A1303/A130303/13178613/		未確認				46232	店舗照合済	食べログ 百名店 2020 / 焼肉 TOKYO / Tabelog ID 13178613 / https://award.tabelog.com/hyakumeiten/yakiniku_tokyo/2020
FOD-2361	焼肉酒家 傳々 本店			飲食店	焼肉	食べログ 焼肉 百名店 2020	東京都					東京都 月島駅			https://tabelog.com/tokyo/A1313/A131302/13022287/		未確認				46232	店舗照合済	食べログ 百名店 2020 / 焼肉 TOKYO / Tabelog ID 13022287 / https://award.tabelog.com/hyakumeiten/yakiniku_tokyo/2020
FOD-2362	亀戸ホルモン 恵比寿店			飲食店	焼肉	食べログ 焼肉 百名店 2020	東京都					東京都 恵比寿駅			https://tabelog.com/tokyo/A1303/A130302/13041990/		未確認				46232	店舗照合済	食べログ 百名店 2020 / 焼肉 TOKYO / Tabelog ID 13041990 / https://award.tabelog.com/hyakumeiten/yakiniku_tokyo/2020
FOD-2363	炭火焼肉 ふちおか			飲食店	焼肉	食べログ 焼肉 百名店 2020	東京都					東京都 経堂駅			https://tabelog.com/tokyo/A1318/A131813/13208137/		未確認				46232	店舗照合済	食べログ 百名店 2020 / 焼肉 TOKYO / Tabelog ID 13208137 / https://award.tabelog.com/hyakumeiten/yakiniku_tokyo/2020
FOD-2364	肉匠堀越			飲食店	焼肉	食べログ 焼肉 百名店 2020	東京都					東京都 広尾駅			https://tabelog.com/tokyo/A1307/A130703/13183716/		未確認				46232	店舗照合済	食べログ 百名店 2020 / 焼肉 TOKYO / Tabelog ID 13183716 / https://award.tabelog.com/hyakumeiten/yakiniku_tokyo/2020
FOD-2365	びーふてい 中目黒店			飲食店	焼肉	食べログ 焼肉 百名店 2020	東京都					東京都 中目黒駅			https://tabelog.com/tokyo/A1317/A131701/13003237/		未確認				46232	店舗照合済	食べログ 百名店 2020 / 焼肉 TOKYO / Tabelog ID 13003237 / https://award.tabelog.com/hyakumeiten/yakiniku_tokyo/2020
FOD-2366	うしごろ 貫 恵比寿本店			飲食店	焼肉	食べログ 焼肉 百名店 2020	東京都					東京都 恵比寿駅			https://tabelog.com/tokyo/A1303/A130302/13160330/		未確認				46232	店舗照合済	食べログ 百名店 2020 / 焼肉 TOKYO / Tabelog ID 13160330 / https://award.tabelog.com/hyakumeiten/yakiniku_tokyo/2020
FOD-2367	黒牛			飲食店	焼肉	食べログ 焼肉 百名店 2020	東京都					東京都 南新宿駅			https://tabelog.com/tokyo/A1304/A130403/13045232/		未確認				46232	店舗照合済	食べログ 百名店 2020 / 焼肉 TOKYO / Tabelog ID 13045232 / https://award.tabelog.com/hyakumeiten/yakiniku_tokyo/2020
FOD-2368	焼肉 京城 北千住店			飲食店	焼肉	食べログ 焼肉 百名店 2020	東京都					東京都 北千住駅			https://tabelog.com/tokyo/A1324/A132402/13003740/		未確認				46232	店舗照合済	食べログ 百名店 2020 / 焼肉 TOKYO / Tabelog ID 13003740 / https://award.tabelog.com/hyakumeiten/yakiniku_tokyo/2020
FOD-2369	みやび 六本木店			飲食店	焼肉	食べログ 焼肉 百名店 2020	東京都					東京都 六本木一丁目駅			https://tabelog.com/tokyo/A1307/A130702/13095890/		未確認				46232	店舗照合済	食べログ 百名店 2020 / 焼肉 TOKYO / Tabelog ID 13095890 / https://award.tabelog.com/hyakumeiten/yakiniku_tokyo/2020
FOD-2370	ホルモンまさる			飲食店	焼肉	食べログ 焼肉 百名店 2020	東京都					東京都 三田駅			https://tabelog.com/tokyo/A1314/A131402/13150755/		未確認				46232	店舗照合済	食べログ 百名店 2020 / 焼肉 TOKYO / Tabelog ID 13150755 / https://award.tabelog.com/hyakumeiten/yakiniku_tokyo/2020
FOD-2371	亀戸ホルモン 本店			飲食店	焼肉	食べログ 焼肉 百名店 2020	東京都					東京都 亀戸駅			https://tabelog.com/tokyo/A1312/A131202/13008099/		未確認				46232	店舗照合済	食べログ 百名店 2020 / 焼肉 TOKYO / Tabelog ID 13008099 / https://award.tabelog.com/hyakumeiten/yakiniku_tokyo/2020
FOD-2372	羅生門 四谷本店			飲食店	焼肉	食べログ 焼肉 百名店 2020	東京都					東京都 四谷三丁目駅			https://tabelog.com/tokyo/A1309/A130903/13000973/		未確認				46232	店舗照合済	食べログ 百名店 2020 / 焼肉 TOKYO / Tabelog ID 13000973 / https://award.tabelog.com/hyakumeiten/yakiniku_tokyo/2020
FOD-2373	うしごろバンビーナ 恵比寿本店			飲食店	焼肉	食べログ 焼肉 百名店 2020	東京都					東京都 恵比寿駅			https://tabelog.com/tokyo/A1303/A130302/13144971/		未確認				46232	店舗照合済	食べログ 百名店 2020 / 焼肉 TOKYO / Tabelog ID 13144971 / https://award.tabelog.com/hyakumeiten/yakiniku_tokyo/2020
FOD-2374	三幸園			飲食店	焼肉	食べログ 焼肉 百名店 2020	東京都					東京都 麻布十番駅			https://tabelog.com/tokyo/A1307/A130702/13002823/		未確認				46232	店舗照合済	食べログ 百名店 2020 / 焼肉 TOKYO / Tabelog ID 13002823 / https://award.tabelog.com/hyakumeiten/yakiniku_tokyo/2020
FOD-2375	焼肉しみず			飲食店	焼肉	食べログ 焼肉 百名店 2020	東京都					東京都 不動前駅			https://tabelog.com/tokyo/A1317/A131710/13096548/		未確認				46232	店舗照合済	食べログ 百名店 2020 / 焼肉 TOKYO / Tabelog ID 13096548 / https://award.tabelog.com/hyakumeiten/yakiniku_tokyo/2020
FOD-2376	焼肉 矢澤 東京			飲食店	焼肉	食べログ 焼肉 百名店 2020	東京都					東京都 日本橋駅			https://tabelog.com/tokyo/A1302/A130202/13168322/		未確認				46232	店舗照合済	食べログ 百名店 2020 / 焼肉 TOKYO / Tabelog ID 13168322 / https://award.tabelog.com/hyakumeiten/yakiniku_tokyo/2020
FOD-2377	四条ホルモン			飲食店	焼肉	食べログ 焼肉 百名店 2020	北海道					北海道 北見市			https://tabelog.com/hokkaido/A0110/A011003/1004371/		未確認				46232	店舗照合済	食べログ 百名店 2020 / 焼肉 EAST / Tabelog ID 1004371 / https://award.tabelog.com/hyakumeiten/yakiniku_east/2020
FOD-2378	和牛焼肉じろうや　介 wagyu&sake 名古屋駅前本店			飲食店	焼肉	食べログ 焼肉 百名店 2020	愛知県					愛知県 名鉄名古屋駅			https://tabelog.com/aichi/A2301/A230101/23056573/		未確認				46232	店舗照合済	食べログ 百名店 2020 / 焼肉 EAST / Tabelog ID 23056573 / https://award.tabelog.com/hyakumeiten/yakiniku_east/2020
FOD-2379	綾屋			飲食店	焼肉	食べログ 焼肉 百名店 2020	北海道					北海道 すすきの（市営）駅			https://tabelog.com/hokkaido/A0101/A010103/1033027/		未確認				46232	店舗照合済	食べログ 百名店 2020 / 焼肉 EAST / Tabelog ID 1033027 / https://award.tabelog.com/hyakumeiten/yakiniku_east/2020
FOD-2380	やきにく藤太			飲食店	焼肉	食べログ 焼肉 百名店 2020	岐阜県					岐阜県 養老郡養老町			https://tabelog.com/gifu/A2101/A210103/21000671/		未確認				46232	店舗照合済	食べログ 百名店 2020 / 焼肉 EAST / Tabelog ID 21000671 / https://award.tabelog.com/hyakumeiten/yakiniku_east/2020
FOD-2381	焼肉 大河			飲食店	焼肉	食べログ 焼肉 百名店 2020	愛知県					愛知県 新栄町駅			https://tabelog.com/aichi/A2301/A230104/23046007/		未確認				46232	店舗照合済	食べログ 百名店 2020 / 焼肉 EAST / Tabelog ID 23046007 / https://award.tabelog.com/hyakumeiten/yakiniku_east/2020
FOD-2382	杏樹亭 岸根店			飲食店	焼肉	食べログ 焼肉 百名店 2020	神奈川県					神奈川県 岸根公園駅			https://tabelog.com/kanagawa/A1401/A140206/14011715/		未確認				46232	店舗照合済	食べログ 百名店 2020 / 焼肉 EAST / Tabelog ID 14011715 / https://award.tabelog.com/hyakumeiten/yakiniku_east/2020
FOD-2383	ヒロ ナゴヤ			飲食店	焼肉	食べログ 焼肉 百名店 2020	愛知県					愛知県 浅間町駅			https://tabelog.com/aichi/A2301/A230109/23059055/		未確認				46232	店舗照合済	食べログ 百名店 2020 / 焼肉 EAST / Tabelog ID 23059055 / https://award.tabelog.com/hyakumeiten/yakiniku_east/2020
FOD-2384	はつかの			飲食店	焼肉	食べログ 焼肉 百名店 2020	静岡県					静岡県 伊東市			https://tabelog.com/shizuoka/A2205/A220503/22003671/		未確認				46232	店舗照合済	食べログ 百名店 2020 / 焼肉 EAST / Tabelog ID 22003671 / https://award.tabelog.com/hyakumeiten/yakiniku_east/2020
FOD-2385	炭火焼肉徳重			飲食店	焼肉	食べログ 焼肉 百名店 2020	愛知県					愛知県 徳重駅			https://tabelog.com/aichi/A2301/A230112/23012381/		未確認				46232	店舗照合済	食べログ 百名店 2020 / 焼肉 EAST / Tabelog ID 23012381 / https://award.tabelog.com/hyakumeiten/yakiniku_east/2020
FOD-2386	焼肉旬やさい ファンボギ			飲食店	焼肉	食べログ 焼肉 百名店 2020	岐阜県					岐阜県 岐阜市			https://tabelog.com/gifu/A2101/A210101/21009615/		未確認				46232	店舗照合済	食べログ 百名店 2020 / 焼肉 EAST / Tabelog ID 21009615 / https://award.tabelog.com/hyakumeiten/yakiniku_east/2020
FOD-2387	北京			飲食店	焼肉	食べログ 焼肉 百名店 2020	神奈川県					神奈川県 平間駅			https://tabelog.com/kanagawa/A1405/A140504/14001578/		未確認				46232	店舗照合済	食べログ 百名店 2020 / 焼肉 EAST / Tabelog ID 14001578 / https://award.tabelog.com/hyakumeiten/yakiniku_east/2020
FOD-2388	備長炭焼肉としゃぶしゃぶ 仔虎 国分町店			飲食店	焼肉	食べログ 焼肉 百名店 2020	宮城県					宮城県 勾当台公園駅			https://tabelog.com/miyagi/A0401/A040101/4013542/		未確認				46232	店舗照合済	食べログ 百名店 2020 / 焼肉 EAST / Tabelog ID 4013542 / https://award.tabelog.com/hyakumeiten/yakiniku_east/2020
FOD-2389	牛亭			飲食店	焼肉	食べログ 焼肉 百名店 2020	愛知県					愛知県 高岳駅			https://tabelog.com/aichi/A2301/A230104/23012215/		未確認				46232	店舗照合済	食べログ 百名店 2020 / 焼肉 EAST / Tabelog ID 23012215 / https://award.tabelog.com/hyakumeiten/yakiniku_east/2020
FOD-2390	昇家 池下向陽荘店			飲食店	焼肉	食べログ 焼肉 百名店 2020	愛知県					愛知県 池下駅			https://tabelog.com/aichi/A2301/A230106/23005795/		未確認				46232	店舗照合済	食べログ 百名店 2020 / 焼肉 EAST / Tabelog ID 23005795 / https://award.tabelog.com/hyakumeiten/yakiniku_east/2020
FOD-2391	龍園			飲食店	焼肉	食べログ 焼肉 百名店 2020	愛知県					愛知県 一宮市			https://tabelog.com/aichi/A2302/A230201/23012457/		未確認				46232	店舗照合済	食べログ 百名店 2020 / 焼肉 EAST / Tabelog ID 23012457 / https://award.tabelog.com/hyakumeiten/yakiniku_east/2020
FOD-2392	秋田牛玄亭 駅前本店			飲食店	焼肉	食べログ 焼肉 百名店 2020	秋田県					秋田県 秋田市			https://tabelog.com/akita/A0501/A050101/5004372/		未確認				46232	店舗照合済	食べログ 百名店 2020 / 焼肉 EAST / Tabelog ID 5004372 / https://award.tabelog.com/hyakumeiten/yakiniku_east/2020
FOD-2393	大滝			飲食店	焼肉	食べログ 焼肉 百名店 2020	神奈川県					神奈川県 馬車道駅			https://tabelog.com/kanagawa/A1401/A140104/14014394/		未確認				46232	店舗照合済	食べログ 百名店 2020 / 焼肉 EAST / Tabelog ID 14014394 / https://award.tabelog.com/hyakumeiten/yakiniku_east/2020
FOD-2394	今久 本店			飲食店	焼肉	食べログ 焼肉 百名店 2020	千葉県					千葉県 旭市			https://tabelog.com/chiba/A1205/A120502/12006170/		未確認				46232	店舗照合済	食べログ 百名店 2020 / 焼肉 EAST / Tabelog ID 12006170 / https://award.tabelog.com/hyakumeiten/yakiniku_east/2020
FOD-2395	ビーフキッチン 横浜店			飲食店	焼肉	食べログ 焼肉 百名店 2020	神奈川県					神奈川県 横浜駅			https://tabelog.com/kanagawa/A1401/A140101/14031061/		未確認				46232	店舗照合済	食べログ 百名店 2020 / 焼肉 EAST / Tabelog ID 14031061 / https://award.tabelog.com/hyakumeiten/yakiniku_east/2020
FOD-2396	焼肉 炭こう			飲食店	焼肉	食べログ 焼肉 百名店 2020	群馬県					群馬県 高崎市			https://tabelog.com/gunma/A1001/A100102/10012132/		未確認				46232	店舗照合済	食べログ 百名店 2020 / 焼肉 EAST / Tabelog ID 10012132 / https://award.tabelog.com/hyakumeiten/yakiniku_east/2020
FOD-2397	焼肉や 大善			飲食店	焼肉	食べログ 焼肉 百名店 2020	愛知県					愛知県 知立市			https://tabelog.com/aichi/A2305/A230503/23003688/		未確認				46232	店舗照合済	食べログ 百名店 2020 / 焼肉 EAST / Tabelog ID 23003688 / https://award.tabelog.com/hyakumeiten/yakiniku_east/2020
FOD-2398	焼肉園 花牛 清田本店			飲食店	焼肉	食べログ 焼肉 百名店 2020	北海道					北海道 札幌市清田区			https://tabelog.com/hokkaido/A0101/A010304/1033828/		未確認				46232	店舗照合済	食べログ 百名店 2020 / 焼肉 EAST / Tabelog ID 1033828 / https://award.tabelog.com/hyakumeiten/yakiniku_east/2020
FOD-2399	ぴょんぴょん舎 盛岡駅前店			飲食店	焼肉	食べログ 焼肉 百名店 2020	岩手県					岩手県 盛岡市			https://tabelog.com/iwate/A0301/A030101/3000023/		未確認				46232	店舗照合済	食べログ 百名店 2020 / 焼肉 EAST / Tabelog ID 3000023 / https://award.tabelog.com/hyakumeiten/yakiniku_east/2020
FOD-2400	但馬家幸之助 小淵沢店			飲食店	焼肉	食べログ 焼肉 百名店 2020	山梨県					山梨県 北杜市			https://tabelog.com/yamanashi/A1902/A190201/19000066/		未確認				46232	店舗照合済	食べログ 百名店 2020 / 焼肉 EAST / Tabelog ID 19000066 / https://award.tabelog.com/hyakumeiten/yakiniku_east/2020
FOD-2401	新羅館 名東本店			飲食店	焼肉	食べログ 焼肉 百名店 2020	愛知県					愛知県 名古屋市名東区			https://tabelog.com/aichi/A2301/A230111/23000966/		未確認				46232	店舗照合済	食べログ 百名店 2020 / 焼肉 EAST / Tabelog ID 23000966 / https://award.tabelog.com/hyakumeiten/yakiniku_east/2020
FOD-2402	ほるもん猿			飲食店	焼肉	食べログ 焼肉 百名店 2020	秋田県					秋田県 秋田市			https://tabelog.com/akita/A0501/A050101/5004381/		未確認				46232	店舗照合済	食べログ 百名店 2020 / 焼肉 EAST / Tabelog ID 5004381 / https://award.tabelog.com/hyakumeiten/yakiniku_east/2020
FOD-2403	さんか亭			飲食店	焼肉	食べログ 焼肉 百名店 2020	北海道					北海道 札幌市白石区			https://tabelog.com/hokkaido/A0101/A010301/1028834/		未確認				46232	店舗照合済	食べログ 百名店 2020 / 焼肉 EAST / Tabelog ID 1028834 / https://award.tabelog.com/hyakumeiten/yakiniku_east/2020
FOD-2404	しげ吉 横浜元町店			飲食店	焼肉	食べログ 焼肉 百名店 2020	神奈川県					神奈川県 石川町駅			https://tabelog.com/kanagawa/A1401/A140105/14014011/		未確認				46232	店舗照合済	食べログ 百名店 2020 / 焼肉 EAST / Tabelog ID 14014011 / https://award.tabelog.com/hyakumeiten/yakiniku_east/2020
FOD-2405	美奈登			飲食店	焼肉	食べログ 焼肉 百名店 2020	愛知県					愛知県 名古屋市瑞穂区			https://tabelog.com/aichi/A2301/A230112/23005752/		未確認				46232	店舗照合済	食べログ 百名店 2020 / 焼肉 EAST / Tabelog ID 23005752 / https://award.tabelog.com/hyakumeiten/yakiniku_east/2020
FOD-2406	食彩和牛 しげ吉 大和本店			飲食店	焼肉	食べログ 焼肉 百名店 2020	神奈川県					神奈川県 大和駅			https://tabelog.com/kanagawa/A1407/A140702/14003476/		未確認				46232	店舗照合済	食べログ 百名店 2020 / 焼肉 EAST / Tabelog ID 14003476 / https://award.tabelog.com/hyakumeiten/yakiniku_east/2020
FOD-2407	昇家 正々堂			飲食店	焼肉	食べログ 焼肉 百名店 2020	愛知県					愛知県 栄（名古屋）駅			https://tabelog.com/aichi/A2301/A230103/23007039/		未確認				46232	店舗照合済	食べログ 百名店 2020 / 焼肉 EAST / Tabelog ID 23007039 / https://award.tabelog.com/hyakumeiten/yakiniku_east/2020
FOD-2408	焼肉 東京山			飲食店	焼肉	食べログ 焼肉 百名店 2020	神奈川県					神奈川県 石川町駅			https://tabelog.com/kanagawa/A1401/A140105/14013921/		未確認				46232	店舗照合済	食べログ 百名店 2020 / 焼肉 EAST / Tabelog ID 14013921 / https://award.tabelog.com/hyakumeiten/yakiniku_east/2020
FOD-2409	肉や大善 大名古屋ビルヂング店			飲食店	焼肉	食べログ 焼肉 百名店 2020	愛知県					愛知県 名鉄名古屋駅			https://tabelog.com/aichi/A2301/A230101/23059322/		未確認				46232	店舗照合済	食べログ 百名店 2020 / 焼肉 EAST / Tabelog ID 23059322 / https://award.tabelog.com/hyakumeiten/yakiniku_east/2020
FOD-2410	昇家 三蔵			飲食店	焼肉	食べログ 焼肉 百名店 2020	愛知県					愛知県 伏見駅			https://tabelog.com/aichi/A2301/A230102/23012280/		未確認				46232	店舗照合済	食べログ 百名店 2020 / 焼肉 EAST / Tabelog ID 23012280 / https://award.tabelog.com/hyakumeiten/yakiniku_east/2020
FOD-2411	馬力屋			飲食店	焼肉	食べログ 焼肉 百名店 2020	愛知県					愛知県 浅間町駅			https://tabelog.com/aichi/A2301/A230109/23000645/		未確認				46232	店舗照合済	食べログ 百名店 2020 / 焼肉 EAST / Tabelog ID 23000645 / https://award.tabelog.com/hyakumeiten/yakiniku_east/2020
FOD-2412	桔梗苑 本店			飲食店	焼肉	食べログ 焼肉 百名店 2020	岐阜県					岐阜県 岐阜市			https://tabelog.com/gifu/A2101/A210101/21000004/		未確認				46232	店舗照合済	食べログ 百名店 2020 / 焼肉 EAST / Tabelog ID 21000004 / https://award.tabelog.com/hyakumeiten/yakiniku_east/2020
FOD-2413	野毛ホルモンセンター			飲食店	焼肉	食べログ 焼肉 百名店 2020	神奈川県					神奈川県 桜木町駅			https://tabelog.com/kanagawa/A1401/A140102/14045993/		未確認				46232	店舗照合済	食べログ 百名店 2020 / 焼肉 EAST / Tabelog ID 14045993 / https://award.tabelog.com/hyakumeiten/yakiniku_east/2020
FOD-2414	ホルモンショウヤ			飲食店	焼肉	食べログ 焼肉 百名店 2020	愛知県					愛知県 国際センター駅			https://tabelog.com/aichi/A2301/A230101/23044961/		未確認				46232	店舗照合済	食べログ 百名店 2020 / 焼肉 EAST / Tabelog ID 23044961 / https://award.tabelog.com/hyakumeiten/yakiniku_east/2020
FOD-2415	にくがとう 名古屋店			飲食店	焼肉	食べログ 焼肉 百名店 2020	愛知県					愛知県 栄町駅			https://tabelog.com/aichi/A2301/A230103/23064227/		未確認				46232	店舗照合済	食べログ 百名店 2020 / 焼肉 EAST / Tabelog ID 23064227 / https://award.tabelog.com/hyakumeiten/yakiniku_east/2020
FOD-2416	焼肉みつ星			飲食店	焼肉	食べログ 焼肉 百名店 2020	愛知県					愛知県 金山駅			https://tabelog.com/aichi/A2301/A230105/23064486/		未確認				46232	店舗照合済	食べログ 百名店 2020 / 焼肉 EAST / Tabelog ID 23064486 / https://award.tabelog.com/hyakumeiten/yakiniku_east/2020
FOD-2417	食道園			飲食店	焼肉	食べログ 焼肉 百名店 2020	岩手県					岩手県 盛岡市			https://tabelog.com/iwate/A0301/A030101/3000025/		未確認				46232	店舗照合済	食べログ 百名店 2020 / 焼肉 EAST / Tabelog ID 3000025 / https://award.tabelog.com/hyakumeiten/yakiniku_east/2020
FOD-2418	肉の匠 将泰庵 はなれ 船橋駅前店			飲食店	焼肉	食べログ 焼肉 百名店 2020	千葉県					千葉県 京成船橋駅			https://tabelog.com/chiba/A1202/A120201/12032975/		未確認				46232	店舗照合済	食べログ 百名店 2020 / 焼肉 EAST / Tabelog ID 12032975 / https://award.tabelog.com/hyakumeiten/yakiniku_east/2020
FOD-2419	酔笑苑			飲食店	焼肉	食べログ 焼肉 百名店 2020	神奈川県					神奈川県 本厚木駅			https://tabelog.com/kanagawa/A1408/A140802/14001796/		未確認				46232	店舗照合済	食べログ 百名店 2020 / 焼肉 EAST / Tabelog ID 14001796 / https://award.tabelog.com/hyakumeiten/yakiniku_east/2020
FOD-2420	ホルモン・焼肉 キムチ			飲食店	焼肉	食べログ 焼肉 百名店 2020	北海道					北海道 資生館小学校前駅			https://tabelog.com/hokkaido/A0101/A010103/1019191/		未確認				46232	店舗照合済	食べログ 百名店 2020 / 焼肉 EAST / Tabelog ID 1019191 / https://award.tabelog.com/hyakumeiten/yakiniku_east/2020
FOD-2421	竹千代			飲食店	焼肉	食べログ 焼肉 百名店 2020	愛知県					愛知県 新栄町駅			https://tabelog.com/aichi/A2301/A230104/23007634/		未確認				46232	店舗照合済	食べログ 百名店 2020 / 焼肉 EAST / Tabelog ID 23007634 / https://award.tabelog.com/hyakumeiten/yakiniku_east/2020
FOD-2422	黒牛の里 半田店			飲食店	焼肉	食べログ 焼肉 百名店 2020	愛知県					愛知県 半田市			https://tabelog.com/aichi/A2304/A230402/23002578/		未確認				46232	店舗照合済	食べログ 百名店 2020 / 焼肉 EAST / Tabelog ID 23002578 / https://award.tabelog.com/hyakumeiten/yakiniku_east/2020
FOD-2423	焼肉 グルマンズいとう			飲食店	焼肉	食べログ 焼肉 百名店 2020	北海道					北海道 東本願寺前駅			https://tabelog.com/hokkaido/A0101/A010103/1037834/		未確認				46232	店舗照合済	食べログ 百名店 2020 / 焼肉 EAST / Tabelog ID 1037834 / https://award.tabelog.com/hyakumeiten/yakiniku_east/2020
FOD-2424	焼肉　はせ川			飲食店	焼肉	食べログ 焼肉 百名店 2020	神奈川県					神奈川県 小田急相模原駅			https://tabelog.com/kanagawa/A1407/A140701/14033424/		未確認				46232	店舗照合済	食べログ 百名店 2020 / 焼肉 EAST / Tabelog ID 14033424 / https://award.tabelog.com/hyakumeiten/yakiniku_east/2020
FOD-2425	肉の米内			飲食店	焼肉	食べログ 焼肉 百名店 2020	岩手県					岩手県 盛岡市			https://tabelog.com/iwate/A0301/A030101/3000013/		未確認				46232	店舗照合済	食べログ 百名店 2020 / 焼肉 EAST / Tabelog ID 3000013 / https://award.tabelog.com/hyakumeiten/yakiniku_east/2020
FOD-2426	柳橋焼にく わにく			飲食店	焼肉	食べログ 焼肉 百名店 2020	愛知県					愛知県 国際センター駅			https://tabelog.com/aichi/A2301/A230101/23067138/		未確認				46232	店舗照合済	食べログ 百名店 2020 / 焼肉 EAST / Tabelog ID 23067138 / https://award.tabelog.com/hyakumeiten/yakiniku_east/2020
FOD-2427	龍園			飲食店	焼肉	食べログ 焼肉 百名店 2020	岩手県					岩手県 奥州市			https://tabelog.com/iwate/A0303/A030302/3000006/		未確認				46232	店舗照合済	食べログ 百名店 2020 / 焼肉 EAST / Tabelog ID 3000006 / https://award.tabelog.com/hyakumeiten/yakiniku_east/2020
FOD-2428	トトリ 本店			飲食店	焼肉	食べログ 焼肉 百名店 2020	北海道					北海道 資生館小学校前駅			https://tabelog.com/hokkaido/A0101/A010103/1000023/		未確認				46232	店舗照合済	食べログ 百名店 2020 / 焼肉 EAST / Tabelog ID 1000023 / https://award.tabelog.com/hyakumeiten/yakiniku_east/2020
FOD-2429	髭			飲食店	焼肉	食べログ 焼肉 百名店 2020	岩手県					岩手県 盛岡市			https://tabelog.com/iwate/A0301/A030101/3000011/		未確認				46232	店舗照合済	食べログ 百名店 2020 / 焼肉 EAST / Tabelog ID 3000011 / https://award.tabelog.com/hyakumeiten/yakiniku_east/2020
FOD-2430	焼肉 大衆 本店			飲食店	焼肉	食べログ 焼肉 百名店 2020	神奈川県					神奈川県 日ノ出町駅			https://tabelog.com/kanagawa/A1401/A140102/14000451/		未確認				46232	店舗照合済	食べログ 百名店 2020 / 焼肉 EAST / Tabelog ID 14000451 / https://award.tabelog.com/hyakumeiten/yakiniku_east/2020
FOD-2431	盛楼閣			飲食店	焼肉	食べログ 焼肉 百名店 2020	岩手県					岩手県 盛岡市			https://tabelog.com/iwate/A0301/A030101/3000020/		未確認				46232	店舗照合済	食べログ 百名店 2020 / 焼肉 EAST / Tabelog ID 3000020 / https://award.tabelog.com/hyakumeiten/yakiniku_east/2020
FOD-2432	コサリ			飲食店	焼肉	食べログ 焼肉 百名店 2020	北海道					北海道 東本願寺前駅			https://tabelog.com/hokkaido/A0101/A010103/1012297/		未確認				46232	店舗照合済	食べログ 百名店 2020 / 焼肉 EAST / Tabelog ID 1012297 / https://award.tabelog.com/hyakumeiten/yakiniku_east/2020
FOD-2433	肉山 名古屋			飲食店	焼肉	食べログ 焼肉 百名店 2020	愛知県					愛知県 栄（名古屋）駅			https://tabelog.com/aichi/A2301/A230103/23056995/		未確認				46232	店舗照合済	食べログ 百名店 2020 / 焼肉 EAST / Tabelog ID 23056995 / https://award.tabelog.com/hyakumeiten/yakiniku_east/2020
FOD-2434	焼肉 三水苑 東口店			飲食店	焼肉	食べログ 焼肉 百名店 2020	宮城県					宮城県 宮城野通駅			https://tabelog.com/miyagi/A0401/A040102/4000693/		未確認				46232	店舗照合済	食べログ 百名店 2020 / 焼肉 EAST / Tabelog ID 4000693 / https://award.tabelog.com/hyakumeiten/yakiniku_east/2020
FOD-2435	炭火焼肉 たけのうち 本店			飲食店	焼肉	食べログ 焼肉 百名店 2020	愛知県					愛知県 庄内通駅			https://tabelog.com/aichi/A2301/A230113/23008521/		未確認				46232	店舗照合済	食べログ 百名店 2020 / 焼肉 EAST / Tabelog ID 23008521 / https://award.tabelog.com/hyakumeiten/yakiniku_east/2020
FOD-2436	治郎丸 野毛店			飲食店	焼肉	食べログ 焼肉 百名店 2020	神奈川県					神奈川県 桜木町駅			https://tabelog.com/kanagawa/A1401/A140102/14057942/		未確認				46232	店舗照合済	食べログ 百名店 2020 / 焼肉 EAST / Tabelog ID 14057942 / https://award.tabelog.com/hyakumeiten/yakiniku_east/2020
FOD-2437	もうもう亭			飲食店	焼肉	食べログ 焼肉 百名店 2020	福島県					福島県 郡山市			https://tabelog.com/fukushima/A0702/A070201/7000807/		未確認				46232	店舗照合済	食べログ 百名店 2020 / 焼肉 EAST / Tabelog ID 7000807 / https://award.tabelog.com/hyakumeiten/yakiniku_east/2020
FOD-2438	USHIHACHI 武蔵小杉店			飲食店	焼肉	食べログ 焼肉 百名店 2020	神奈川県					神奈川県 武蔵小杉駅			https://tabelog.com/kanagawa/A1405/A140504/14061683/		未確認				46232	店舗照合済	食べログ 百名店 2020 / 焼肉 EAST / Tabelog ID 14061683 / https://award.tabelog.com/hyakumeiten/yakiniku_east/2020
FOD-2439	関内苑 本店			飲食店	焼肉	食べログ 焼肉 百名店 2020	神奈川県					神奈川県 関内駅			https://tabelog.com/kanagawa/A1401/A140104/14002802/		未確認				46232	店舗照合済	食べログ 百名店 2020 / 焼肉 EAST / Tabelog ID 14002802 / https://award.tabelog.com/hyakumeiten/yakiniku_east/2020
FOD-2440	肉の割烹 田村  菊水元町店			飲食店	焼肉	食べログ 焼肉 百名店 2020	北海道					北海道 札幌市白石区			https://tabelog.com/hokkaido/A0101/A010301/1005323/		未確認				46232	店舗照合済	食べログ 百名店 2020 / 焼肉 EAST / Tabelog ID 1005323 / https://award.tabelog.com/hyakumeiten/yakiniku_east/2020
FOD-2441	馬場ホルモン			飲食店	焼肉	食べログ 焼肉 百名店 2020	北海道					北海道 旭川市			https://tabelog.com/hokkaido/A0104/A010401/1001340/		未確認				46232	店舗照合済	食べログ 百名店 2020 / 焼肉 EAST / Tabelog ID 1001340 / https://award.tabelog.com/hyakumeiten/yakiniku_east/2020
FOD-2442	炭焼小屋			飲食店	焼肉	食べログ 焼肉 百名店 2020	愛知県					愛知県 国際センター駅			https://tabelog.com/aichi/A2301/A230101/23012283/		未確認				46232	店舗照合済	食べログ 百名店 2020 / 焼肉 EAST / Tabelog ID 23012283 / https://award.tabelog.com/hyakumeiten/yakiniku_east/2020
FOD-2443	焼肉グレート 宇都宮駅前店			飲食店	焼肉	食べログ 焼肉 百名店 2020	栃木県					栃木県 宇都宮市			https://tabelog.com/tochigi/A0901/A090101/9011956/		未確認				46232	店舗照合済	食べログ 百名店 2020 / 焼肉 EAST / Tabelog ID 9011956 / https://award.tabelog.com/hyakumeiten/yakiniku_east/2020
FOD-2444	伊勢屋本店			飲食店	焼肉	食べログ 焼肉 百名店 2020	愛知県					愛知県 神宮前駅			https://tabelog.com/aichi/A2301/A230112/23007606/		未確認				46232	店舗照合済	食べログ 百名店 2020 / 焼肉 EAST / Tabelog ID 23007606 / https://award.tabelog.com/hyakumeiten/yakiniku_east/2020
FOD-2445	つる屋			飲食店	焼肉	食べログ 焼肉 百名店 2020	神奈川県					神奈川県 関内駅			https://tabelog.com/kanagawa/A1401/A140104/14000856/		未確認				46232	店舗照合済	食べログ 百名店 2020 / 焼肉 EAST / Tabelog ID 14000856 / https://award.tabelog.com/hyakumeiten/yakiniku_east/2020
FOD-2446	焼肉道食			飲食店	焼肉	食べログ 焼肉 百名店 2020	北海道					北海道 北見市			https://tabelog.com/hokkaido/A0110/A011003/1021776/		未確認				46232	店舗照合済	食べログ 百名店 2020 / 焼肉 EAST / Tabelog ID 1021776 / https://award.tabelog.com/hyakumeiten/yakiniku_east/2020
FOD-2447	炭火焼肉 ホルモンセンター どうげん			飲食店	焼肉	食べログ 焼肉 百名店 2020	神奈川県					神奈川県 武蔵中原駅			https://tabelog.com/kanagawa/A1405/A140504/14000772/		未確認				46232	店舗照合済	食べログ 百名店 2020 / 焼肉 EAST / Tabelog ID 14000772 / https://award.tabelog.com/hyakumeiten/yakiniku_east/2020
FOD-2448	ホルモン 銀牙			飲食店	焼肉	食べログ 焼肉 百名店 2020	北海道					北海道 すすきの（市営）駅			https://tabelog.com/hokkaido/A0101/A010103/1033174/		未確認				46232	店舗照合済	食べログ 百名店 2020 / 焼肉 EAST / Tabelog ID 1033174 / https://award.tabelog.com/hyakumeiten/yakiniku_east/2020
FOD-2449	ワイン&焼肉レストラン 承陽庭			飲食店	焼肉	食べログ 焼肉 百名店 2020	愛知県					愛知県 伏見駅			https://tabelog.com/aichi/A2301/A230102/23059423/		未確認				46232	店舗照合済	食べログ 百名店 2020 / 焼肉 EAST / Tabelog ID 23059423 / https://award.tabelog.com/hyakumeiten/yakiniku_east/2020
FOD-2450	炭火焼 ぐら 塩釜本店			飲食店	焼肉	食べログ 焼肉 百名店 2020	宮城県					宮城県 塩竈市			https://tabelog.com/miyagi/A0404/A040404/4008582/		未確認				46232	店舗照合済	食べログ 百名店 2020 / 焼肉 EAST / Tabelog ID 4008582 / https://award.tabelog.com/hyakumeiten/yakiniku_east/2020
FOD-2451	塩ホルモン 炭楽			飲食店	焼肉	食べログ 焼肉 百名店 2020	秋田県					秋田県 大仙市			https://tabelog.com/akita/A0504/A050402/5000442/		未確認				46232	店舗照合済	食べログ 百名店 2020 / 焼肉 EAST / Tabelog ID 5000442 / https://award.tabelog.com/hyakumeiten/yakiniku_east/2020
FOD-2452	仔虎 エスパル仙台店			飲食店	焼肉	食べログ 焼肉 百名店 2020	宮城県					宮城県 仙台駅			https://tabelog.com/miyagi/A0401/A040101/4017454/		未確認				46232	店舗照合済	食べログ 百名店 2020 / 焼肉 EAST / Tabelog ID 4017454 / https://award.tabelog.com/hyakumeiten/yakiniku_east/2020
FOD-2453	李昇 本館			飲食店	焼肉	食べログ 焼肉 百名店 2020	愛知県					愛知県 久屋大通駅			https://tabelog.com/aichi/A2301/A230103/23007886/		未確認				46232	店舗照合済	食べログ 百名店 2020 / 焼肉 EAST / Tabelog ID 23007886 / https://award.tabelog.com/hyakumeiten/yakiniku_east/2020
FOD-2454	味蔵天国			飲食店	焼肉	食べログ 焼肉 百名店 2020	岐阜県					岐阜県 高山市			https://tabelog.com/gifu/A2104/A210401/21000286/		未確認				46232	店舗照合済	食べログ 百名店 2020 / 焼肉 EAST / Tabelog ID 21000286 / https://award.tabelog.com/hyakumeiten/yakiniku_east/2020
FOD-2455	焼肉 べこ亭 たまプラーザ本店			飲食店	焼肉	食べログ 焼肉 百名店 2020	神奈川県					神奈川県 たまプラーザ駅			https://tabelog.com/kanagawa/A1401/A140201/14012025/		未確認				46232	店舗照合済	食べログ 百名店 2020 / 焼肉 EAST / Tabelog ID 14012025 / https://award.tabelog.com/hyakumeiten/yakiniku_east/2020
FOD-2456	とんちゃんや ふじ			飲食店	焼肉	食べログ 焼肉 百名店 2020	愛知県					愛知県 大須観音駅			https://tabelog.com/aichi/A2301/A230105/23005731/		未確認				46232	店舗照合済	食べログ 百名店 2020 / 焼肉 EAST / Tabelog ID 23005731 / https://award.tabelog.com/hyakumeiten/yakiniku_east/2020
FOD-2457	焼肉と料理シルクロード			飲食店	焼肉	食べログ 焼肉 百名店 2020	北海道					北海道 桑園駅			https://tabelog.com/hokkaido/A0101/A010105/1000928/		未確認				46232	店舗照合済	食べログ 百名店 2020 / 焼肉 EAST / Tabelog ID 1000928 / https://award.tabelog.com/hyakumeiten/yakiniku_east/2020
FOD-2458	飛騨牛一頭家 馬喰一代 岐阜神田			飲食店	焼肉	食べログ 焼肉 百名店 2020	岐阜県					岐阜県 岐阜市			https://tabelog.com/gifu/A2101/A210101/21000284/		未確認				46232	店舗照合済	食べログ 百名店 2020 / 焼肉 EAST / Tabelog ID 21000284 / https://award.tabelog.com/hyakumeiten/yakiniku_east/2020
FOD-2459	ぴょんぴょん舎 稲荷町本店			飲食店	焼肉	食べログ 焼肉 百名店 2020	岩手県					岩手県 盛岡市			https://tabelog.com/iwate/A0301/A030101/3000008/		未確認				46232	店舗照合済	食べログ 百名店 2020 / 焼肉 EAST / Tabelog ID 3000008 / https://award.tabelog.com/hyakumeiten/yakiniku_east/2020
FOD-2460	仙台牛焼肉 花牛			飲食店	焼肉	食べログ 焼肉 百名店 2020	宮城県					宮城県 あおば通駅			https://tabelog.com/miyagi/A0401/A040101/4000133/		未確認				46232	店舗照合済	食べログ 百名店 2020 / 焼肉 EAST / Tabelog ID 4000133 / https://award.tabelog.com/hyakumeiten/yakiniku_east/2020
FOD-2461	焼肉・冷麺 三千里			飲食店	焼肉	食べログ 焼肉 百名店 2020	岩手県					岩手県 岩手郡雫石町			https://tabelog.com/iwate/A0301/A030102/3000337/		未確認				46232	店舗照合済	食べログ 百名店 2020 / 焼肉 EAST / Tabelog ID 3000337 / https://award.tabelog.com/hyakumeiten/yakiniku_east/2020
FOD-2462	炭火焼肉ぐら 仙台朝市駅前店			飲食店	焼肉	食べログ 焼肉 百名店 2020	宮城県					宮城県 あおば通駅			https://tabelog.com/miyagi/A0401/A040101/4019691/		未確認				46232	店舗照合済	食べログ 百名店 2020 / 焼肉 EAST / Tabelog ID 4019691 / https://award.tabelog.com/hyakumeiten/yakiniku_east/2020
FOD-2463	焼肉×ホルモン 溝の口 ひゃくてん			飲食店	焼肉	食べログ 焼肉 百名店 2020	神奈川県					神奈川県 溝の口駅			https://tabelog.com/kanagawa/A1405/A140505/14037400/		未確認				46232	店舗照合済	食べログ 百名店 2020 / 焼肉 EAST / Tabelog ID 14037400 / https://award.tabelog.com/hyakumeiten/yakiniku_east/2020
FOD-2464	炭焼喰人 本店			飲食店	焼肉	食べログ 焼肉 百名店 2020	神奈川県					神奈川県 センター南駅			https://tabelog.com/kanagawa/A1401/A140203/14001884/		未確認				46232	店舗照合済	食べログ 百名店 2020 / 焼肉 EAST / Tabelog ID 14001884 / https://award.tabelog.com/hyakumeiten/yakiniku_east/2020
FOD-2465	A5焼肉&手打ち冷麺 二郎 柳橋店			飲食店	焼肉	食べログ 焼肉 百名店 2020	愛知県					愛知県 国際センター駅			https://tabelog.com/aichi/A2301/A230101/23062109/		未確認				46232	店舗照合済	食べログ 百名店 2020 / 焼肉 EAST / Tabelog ID 23062109 / https://award.tabelog.com/hyakumeiten/yakiniku_east/2020
FOD-2466	米沢牛焼肉 仔虎 仙台駅前店			飲食店	焼肉	食べログ 焼肉 百名店 2020	宮城県					宮城県 仙台駅			https://tabelog.com/miyagi/A0401/A040101/4003320/		未確認				46232	店舗照合済	食べログ 百名店 2020 / 焼肉 EAST / Tabelog ID 4003320 / https://award.tabelog.com/hyakumeiten/yakiniku_east/2020
FOD-2467	勢太			飲食店	焼肉	食べログ 焼肉 百名店 2020	愛知県					愛知県 清水駅			https://tabelog.com/aichi/A2301/A230110/23052179/		未確認				46232	店舗照合済	食べログ 百名店 2020 / 焼肉 EAST / Tabelog ID 23052179 / https://award.tabelog.com/hyakumeiten/yakiniku_east/2020
FOD-2468	肉の匠 将泰庵  船橋本店			飲食店	焼肉	食べログ 焼肉 百名店 2020	千葉県					千葉県 京成船橋駅			https://tabelog.com/chiba/A1202/A120201/12026157/		未確認				46232	店舗照合済	食べログ 百名店 2020 / 焼肉 EAST / Tabelog ID 12026157 / https://award.tabelog.com/hyakumeiten/yakiniku_east/2020
FOD-2469	眞佐可			飲食店	焼肉	食べログ 焼肉 百名店 2020	愛知県					愛知県 鶴舞駅			https://tabelog.com/aichi/A2301/A230105/23000156/		未確認				46232	店舗照合済	食べログ 百名店 2020 / 焼肉 EAST / Tabelog ID 23000156 / https://award.tabelog.com/hyakumeiten/yakiniku_east/2020
FOD-2470	昇家 泉店			飲食店	焼肉	食べログ 焼肉 百名店 2020	愛知県					愛知県 久屋大通駅			https://tabelog.com/aichi/A2301/A230103/23000042/		未確認				46232	店舗照合済	食べログ 百名店 2020 / 焼肉 EAST / Tabelog ID 23000042 / https://award.tabelog.com/hyakumeiten/yakiniku_east/2020
FOD-2471	焼肉ホルモン せいご 本店			飲食店	焼肉	食べログ 焼肉 百名店 2020	愛知県					愛知県 国際センター駅			https://tabelog.com/aichi/A2301/A230101/23046507/		未確認				46232	店舗照合済	食べログ 百名店 2020 / 焼肉 EAST / Tabelog ID 23046507 / https://award.tabelog.com/hyakumeiten/yakiniku_east/2020
FOD-2472	炭火和牛焼肉 じろうや			飲食店	焼肉	食べログ 焼肉 百名店 2020	愛知県					愛知県 久屋大通駅			https://tabelog.com/aichi/A2301/A230103/23004583/		未確認				46232	店舗照合済	食べログ 百名店 2020 / 焼肉 EAST / Tabelog ID 23004583 / https://award.tabelog.com/hyakumeiten/yakiniku_east/2020
FOD-2473	肉の割烹 田村 大通BISSE店			飲食店	焼肉	食べログ 焼肉 百名店 2020	北海道					北海道 大通駅			https://tabelog.com/hokkaido/A0101/A010102/1029717/		未確認				46232	店舗照合済	食べログ 百名店 2020 / 焼肉 EAST / Tabelog ID 1029717 / https://award.tabelog.com/hyakumeiten/yakiniku_east/2020
FOD-2474	まんぷく			飲食店	焼肉	食べログ 焼肉 百名店 2020	愛知県					愛知県 名古屋市中川区			https://tabelog.com/aichi/A2301/A230113/23012328/		未確認				46232	店舗照合済	食べログ 百名店 2020 / 焼肉 EAST / Tabelog ID 23012328 / https://award.tabelog.com/hyakumeiten/yakiniku_east/2020
FOD-2475	炭火焼肉 久			飲食店	焼肉	食べログ 焼肉 百名店 2020	秋田県					秋田県 秋田市			https://tabelog.com/akita/A0501/A050101/5009110/		未確認				46232	店舗照合済	食べログ 百名店 2020 / 焼肉 EAST / Tabelog ID 5009110 / https://award.tabelog.com/hyakumeiten/yakiniku_east/2020
FOD-2476	丸明 飛騨高山店			飲食店	焼肉	食べログ 焼肉 百名店 2020	岐阜県					岐阜県 高山市			https://tabelog.com/gifu/A2104/A210401/21000041/		未確認				46232	店舗照合済	食べログ 百名店 2020 / 焼肉 EAST / Tabelog ID 21000041 / https://award.tabelog.com/hyakumeiten/yakiniku_east/2020
FOD-2477	肉料理とワイン YUZAN 南船場			飲食店	焼肉	食べログ 焼肉 百名店 2020	大阪府					大阪府 松屋町駅			https://tabelog.com/osaka/A2701/A270201/27000597/		未確認				46232	店舗照合済	食べログ 百名店 2020 / 焼肉 WEST / Tabelog ID 27000597 / https://award.tabelog.com/hyakumeiten/yakiniku_west/2020
FOD-2478	万両 天神橋店			飲食店	焼肉	食べログ 焼肉 百名店 2020	大阪府					大阪府 南森町駅			https://tabelog.com/osaka/A2701/A270103/27013555/		未確認				46232	店舗照合済	食べログ 百名店 2020 / 焼肉 WEST / Tabelog ID 27013555 / https://award.tabelog.com/hyakumeiten/yakiniku_west/2020
FOD-2479	やきにくポッサムチプ			飲食店	焼肉	食べログ 焼肉 百名店 2020	兵庫県					兵庫県 兵庫駅			https://tabelog.com/hyogo/A2801/A280109/28002221/		未確認				46232	店舗照合済	食べログ 百名店 2020 / 焼肉 WEST / Tabelog ID 28002221 / https://award.tabelog.com/hyakumeiten/yakiniku_west/2020
FOD-2480	哲			飲食店	焼肉	食べログ 焼肉 百名店 2020	大阪府					大阪府 江坂駅			https://tabelog.com/osaka/A2706/A270602/27019684/		未確認				46232	店舗照合済	食べログ 百名店 2020 / 焼肉 WEST / Tabelog ID 27019684 / https://award.tabelog.com/hyakumeiten/yakiniku_west/2020
FOD-2481	柘榴 奈良きみや 別邸			飲食店	焼肉	食べログ 焼肉 百名店 2020	大阪府					大阪府 大江橋駅			https://tabelog.com/osaka/A2701/A270101/27113560/		未確認				46232	店舗照合済	食べログ 百名店 2020 / 焼肉 WEST / Tabelog ID 27113560 / https://award.tabelog.com/hyakumeiten/yakiniku_west/2020
FOD-2482	和牛焼肉 布上 本店			飲食店	焼肉	食べログ 焼肉 百名店 2020	大阪府					大阪府 新福島駅			https://tabelog.com/osaka/A2701/A270108/27040961/		未確認				46232	店舗照合済	食べログ 百名店 2020 / 焼肉 WEST / Tabelog ID 27040961 / https://award.tabelog.com/hyakumeiten/yakiniku_west/2020
FOD-2483	炭焼肉 石田屋。 本店			飲食店	焼肉	食べログ 焼肉 百名店 2020	兵庫県					兵庫県 三宮（神戸市営）駅			https://tabelog.com/hyogo/A2801/A280101/28003841/		未確認				46232	店舗照合済	食べログ 百名店 2020 / 焼肉 WEST / Tabelog ID 28003841 / https://award.tabelog.com/hyakumeiten/yakiniku_west/2020
FOD-2484	吟味屋 天満店			飲食店	焼肉	食べログ 焼肉 百名店 2020	大阪府					大阪府 天満駅			https://tabelog.com/osaka/A2701/A270103/27011939/		未確認				46232	店舗照合済	食べログ 百名店 2020 / 焼肉 WEST / Tabelog ID 27011939 / https://award.tabelog.com/hyakumeiten/yakiniku_west/2020
FOD-2485	焼肉 白雲台 鶴橋駅前店			飲食店	焼肉	食べログ 焼肉 百名店 2020	大阪府					大阪府 鶴橋駅			https://tabelog.com/osaka/A2701/A270205/27006730/		未確認				46232	店舗照合済	食べログ 百名店 2020 / 焼肉 WEST / Tabelog ID 27006730 / https://award.tabelog.com/hyakumeiten/yakiniku_west/2020
FOD-2486	一升びん 本店			飲食店	焼肉	食べログ 焼肉 百名店 2020	三重県					三重県 松阪市			https://tabelog.com/mie/A2401/A240102/24000073/		未確認				46232	店舗照合済	食べログ 百名店 2020 / 焼肉 WEST / Tabelog ID 24000073 / https://award.tabelog.com/hyakumeiten/yakiniku_west/2020
FOD-2487	カウハウス			飲食店	焼肉	食べログ 焼肉 百名店 2020	大阪府					大阪府 桜ノ宮駅			https://tabelog.com/osaka/A2701/A270304/27002226/		未確認				46232	店舗照合済	食べログ 百名店 2020 / 焼肉 WEST / Tabelog ID 27002226 / https://award.tabelog.com/hyakumeiten/yakiniku_west/2020
FOD-2488	万両 南森町店			飲食店	焼肉	食べログ 焼肉 百名店 2020	大阪府					大阪府 南森町駅			https://tabelog.com/osaka/A2701/A270103/27002291/		未確認				46232	店舗照合済	食べログ 百名店 2020 / 焼肉 WEST / Tabelog ID 27002291 / https://award.tabelog.com/hyakumeiten/yakiniku_west/2020
FOD-2489	万両 堺筋本町店			飲食店	焼肉	食べログ 焼肉 百名店 2020	大阪府					大阪府 堺筋本町駅			https://tabelog.com/osaka/A2701/A270106/27010393/		未確認				46232	店舗照合済	食べログ 百名店 2020 / 焼肉 WEST / Tabelog ID 27010393 / https://award.tabelog.com/hyakumeiten/yakiniku_west/2020
FOD-2490	炭火焼肉屋台 たじま屋			飲食店	焼肉	食べログ 焼肉 百名店 2020	兵庫県					兵庫県 ハーバーランド駅			https://tabelog.com/hyogo/A2801/A280109/28004023/		未確認				46232	店舗照合済	食べログ 百名店 2020 / 焼肉 WEST / Tabelog ID 28004023 / https://award.tabelog.com/hyakumeiten/yakiniku_west/2020
FOD-2491	はつだ			飲食店	焼肉	食べログ 焼肉 百名店 2020	京都府					京都府 修学院駅			https://tabelog.com/kyoto/A2601/A260303/26006045/		未確認				46232	店舗照合済	食べログ 百名店 2020 / 焼肉 WEST / Tabelog ID 26006045 / https://award.tabelog.com/hyakumeiten/yakiniku_west/2020
FOD-2492	北新地やまがた屋			飲食店	焼肉	食べログ 焼肉 百名店 2020	大阪府					大阪府 北新地駅			https://tabelog.com/osaka/A2701/A270101/27011099/		未確認				46232	店舗照合済	食べログ 百名店 2020 / 焼肉 WEST / Tabelog ID 27011099 / https://award.tabelog.com/hyakumeiten/yakiniku_west/2020
FOD-2493	なか田 別邸			飲食店	焼肉	食べログ 焼肉 百名店 2020	大阪府					大阪府 福島駅			https://tabelog.com/osaka/A2701/A270108/27015932/		未確認				46232	店舗照合済	食べログ 百名店 2020 / 焼肉 WEST / Tabelog ID 27015932 / https://award.tabelog.com/hyakumeiten/yakiniku_west/2020
FOD-2494	ホルモン 徳いち			飲食店	焼肉	食べログ 焼肉 百名店 2020	大阪府					大阪府 京橋駅			https://tabelog.com/osaka/A2701/A270107/27055508/		未確認				46232	店舗照合済	食べログ 百名店 2020 / 焼肉 WEST / Tabelog ID 27055508 / https://award.tabelog.com/hyakumeiten/yakiniku_west/2020
FOD-2495	和牛懐石 但馬屋 梅田			飲食店	焼肉	食べログ 焼肉 百名店 2020	大阪府					大阪府 東梅田駅			https://tabelog.com/osaka/A2701/A270101/27015353/		未確認				46232	店舗照合済	食べログ 百名店 2020 / 焼肉 WEST / Tabelog ID 27015353 / https://award.tabelog.com/hyakumeiten/yakiniku_west/2020
FOD-2496	空 道頓堀店			飲食店	焼肉	食べログ 焼肉 百名店 2020	大阪府					大阪府 大阪難波駅			https://tabelog.com/osaka/A2701/A270202/27001294/		未確認				46232	店舗照合済	食べログ 百名店 2020 / 焼肉 WEST / Tabelog ID 27001294 / https://award.tabelog.com/hyakumeiten/yakiniku_west/2020
FOD-2497	甲子園 牛萬			飲食店	焼肉	食べログ 焼肉 百名店 2020	兵庫県					兵庫県 鳴尾・武庫川女子大前駅			https://tabelog.com/hyogo/A2803/A280301/28018032/		未確認				46232	店舗照合済	食べログ 百名店 2020 / 焼肉 WEST / Tabelog ID 28018032 / https://award.tabelog.com/hyakumeiten/yakiniku_west/2020
FOD-2498	北新地 はらみ			飲食店	焼肉	食べログ 焼肉 百名店 2020	大阪府					大阪府 北新地駅			https://tabelog.com/osaka/A2701/A270101/27099114/		未確認				46232	店舗照合済	食べログ 百名店 2020 / 焼肉 WEST / Tabelog ID 27099114 / https://award.tabelog.com/hyakumeiten/yakiniku_west/2020
FOD-2499	きみや			飲食店	焼肉	食べログ 焼肉 百名店 2020	奈良県					奈良県 生駒市			https://tabelog.com/nara/A2901/A290102/29001982/		未確認				46232	店舗照合済	食べログ 百名店 2020 / 焼肉 WEST / Tabelog ID 29001982 / https://award.tabelog.com/hyakumeiten/yakiniku_west/2020
FOD-2500	ホルモン 長岡			飲食店	焼肉	食べログ 焼肉 百名店 2020	大阪府					大阪府 中崎町駅			https://tabelog.com/osaka/A2701/A270101/27081974/		未確認				46232	店舗照合済	食べログ 百名店 2020 / 焼肉 WEST / Tabelog ID 27081974 / https://award.tabelog.com/hyakumeiten/yakiniku_west/2020
FOD-2501	万両 肥後橋店			飲食店	焼肉	食べログ 焼肉 百名店 2020	大阪府					大阪府 肥後橋駅			https://tabelog.com/osaka/A2701/A270102/27088182/		未確認				46232	店舗照合済	食べログ 百名店 2020 / 焼肉 WEST / Tabelog ID 27088182 / https://award.tabelog.com/hyakumeiten/yakiniku_west/2020
FOD-2502	焼肉 弘商店 烏丸錦			飲食店	焼肉	食べログ 焼肉 百名店 2020	京都府					京都府 烏丸駅			https://tabelog.com/kyoto/A2601/A260202/26016840/		未確認				46232	店舗照合済	食べログ 百名店 2020 / 焼肉 WEST / Tabelog ID 26016840 / https://award.tabelog.com/hyakumeiten/yakiniku_west/2020
FOD-2503	肉料理　荒川			飲食店	焼肉	食べログ 焼肉 百名店 2020	京都府					京都府 京都河原町駅			https://tabelog.com/kyoto/A2601/A260201/26006491/		未確認				46232	店舗照合済	食べログ 百名店 2020 / 焼肉 WEST / Tabelog ID 26006491 / https://award.tabelog.com/hyakumeiten/yakiniku_west/2020
FOD-2504	和牛 まつした 本通り店			飲食店	焼肉	食べログ 焼肉 百名店 2020	大阪府					大阪府 北新地駅			https://tabelog.com/osaka/A2701/A270101/27018922/		未確認				46232	店舗照合済	食べログ 百名店 2020 / 焼肉 WEST / Tabelog ID 27018922 / https://award.tabelog.com/hyakumeiten/yakiniku_west/2020
FOD-2505	又三郎 本店			飲食店	焼肉	食べログ 焼肉 百名店 2020	大阪府					大阪府 長居駅			https://tabelog.com/osaka/A2701/A270404/27057397/		未確認				46232	店舗照合済	食べログ 百名店 2020 / 焼肉 WEST / Tabelog ID 27057397 / https://award.tabelog.com/hyakumeiten/yakiniku_west/2020
FOD-2506	藤むら			飲食店	焼肉	食べログ 焼肉 百名店 2020	京都府					京都府 大宮駅			https://tabelog.com/kyoto/A2601/A260101/26004181/		未確認				46232	店舗照合済	食べログ 百名店 2020 / 焼肉 WEST / Tabelog ID 26004181 / https://award.tabelog.com/hyakumeiten/yakiniku_west/2020
FOD-2507	喜八			飲食店	焼肉	食べログ 焼肉 百名店 2020	沖縄県					沖縄県 宮古島市			https://tabelog.com/okinawa/A4705/A470503/47012014/		未確認				46232	店舗照合済	食べログ 百名店 2020 / 焼肉 WEST / Tabelog ID 47012014 / https://award.tabelog.com/hyakumeiten/yakiniku_west/2020
FOD-2508	茜			飲食店	焼肉	食べログ 焼肉 百名店 2020	大阪府					大阪府 中津（大阪メトロ）駅			https://tabelog.com/osaka/A2701/A270101/27002500/		未確認				46232	店舗照合済	食べログ 百名店 2020 / 焼肉 WEST / Tabelog ID 27002500 / https://award.tabelog.com/hyakumeiten/yakiniku_west/2020
FOD-2509	アジェ 松原本店			飲食店	焼肉	食べログ 焼肉 百名店 2020	京都府					京都府 清水五条駅			https://tabelog.com/kyoto/A2601/A260301/26000080/		未確認				46232	店舗照合済	食べログ 百名店 2020 / 焼肉 WEST / Tabelog ID 26000080 / https://award.tabelog.com/hyakumeiten/yakiniku_west/2020
FOD-2510	焼肉すどう 春吉			飲食店	焼肉	食べログ 焼肉 百名店 2020	福岡県					福岡県 天神南駅			https://tabelog.com/fukuoka/A4001/A400103/40043061/		未確認				46232	店舗照合済	食べログ 百名店 2020 / 焼肉 WEST / Tabelog ID 40043061 / https://award.tabelog.com/hyakumeiten/yakiniku_west/2020
FOD-2511	本家 とらちゃん 法善寺横丁店			飲食店	焼肉	食べログ 焼肉 百名店 2020	大阪府					大阪府 大阪難波駅			https://tabelog.com/osaka/A2701/A270202/27001288/		未確認				46232	店舗照合済	食べログ 百名店 2020 / 焼肉 WEST / Tabelog ID 27001288 / https://award.tabelog.com/hyakumeiten/yakiniku_west/2020
FOD-2512	和牛処 助春			飲食店	焼肉	食べログ 焼肉 百名店 2020	大阪府					大阪府 吉田駅			https://tabelog.com/osaka/A2707/A270703/27003470/		未確認				46232	店舗照合済	食べログ 百名店 2020 / 焼肉 WEST / Tabelog ID 27003470 / https://award.tabelog.com/hyakumeiten/yakiniku_west/2020
FOD-2513	大東園 本店			飲食店	焼肉	食べログ 焼肉 百名店 2020	福岡県					福岡県 祇園駅			https://tabelog.com/fukuoka/A4001/A400101/40001664/		未確認				46232	店舗照合済	食べログ 百名店 2020 / 焼肉 WEST / Tabelog ID 40001664 / https://award.tabelog.com/hyakumeiten/yakiniku_west/2020
FOD-2514	京の焼肉処 弘 千本三条本店			飲食店	焼肉	食べログ 焼肉 百名店 2020	京都府					京都府 二条駅			https://tabelog.com/kyoto/A2601/A260203/26002138/		未確認				46232	店舗照合済	食べログ 百名店 2020 / 焼肉 WEST / Tabelog ID 26002138 / https://award.tabelog.com/hyakumeiten/yakiniku_west/2020
FOD-2515	うめしま			飲食店	焼肉	食べログ 焼肉 百名店 2020	長崎県					長崎県 壱岐市			https://tabelog.com/nagasaki/A4205/A420502/42000647/		未確認				46232	店舗照合済	食べログ 百名店 2020 / 焼肉 WEST / Tabelog ID 42000647 / https://award.tabelog.com/hyakumeiten/yakiniku_west/2020
FOD-2516	焼肉すどう 本店			飲食店	焼肉	食べログ 焼肉 百名店 2020	熊本県					熊本県 熊本市中央区			https://tabelog.com/kumamoto/A4301/A430101/43008422/		未確認				46232	店舗照合済	食べログ 百名店 2020 / 焼肉 WEST / Tabelog ID 43008422 / https://award.tabelog.com/hyakumeiten/yakiniku_west/2020
FOD-2517	肉匠なか田 本店			飲食店	焼肉	食べログ 焼肉 百名店 2020	大阪府					大阪府 大阪難波駅			https://tabelog.com/osaka/A2701/A270202/27001305/		未確認				46232	店舗照合済	食べログ 百名店 2020 / 焼肉 WEST / Tabelog ID 27001305 / https://award.tabelog.com/hyakumeiten/yakiniku_west/2020
FOD-2518	明月館 上本町本店			飲食店	焼肉	食べログ 焼肉 百名店 2020	大阪府					大阪府 鶴橋駅			https://tabelog.com/osaka/A2701/A270205/27002882/		未確認				46232	店舗照合済	食べログ 百名店 2020 / 焼肉 WEST / Tabelog ID 27002882 / https://award.tabelog.com/hyakumeiten/yakiniku_west/2020
FOD-2519	華			飲食店	焼肉	食べログ 焼肉 百名店 2020	沖縄県					沖縄県 那覇市			https://tabelog.com/okinawa/A4701/A470101/47000296/		未確認				46232	店舗照合済	食べログ 百名店 2020 / 焼肉 WEST / Tabelog ID 47000296 / https://award.tabelog.com/hyakumeiten/yakiniku_west/2020
FOD-2520	吉田 新館			飲食店	焼肉	食べログ 焼肉 百名店 2020	大阪府					大阪府 鶴橋駅			https://tabelog.com/osaka/A2701/A270205/27000572/		未確認				46232	店舗照合済	食べログ 百名店 2020 / 焼肉 WEST / Tabelog ID 27000572 / https://award.tabelog.com/hyakumeiten/yakiniku_west/2020
FOD-2521	海南亭 鶴橋店			飲食店	焼肉	食べログ 焼肉 百名店 2020	大阪府					大阪府 鶴橋駅			https://tabelog.com/osaka/A2701/A270205/27000569/		未確認				46232	店舗照合済	食べログ 百名店 2020 / 焼肉 WEST / Tabelog ID 27000569 / https://award.tabelog.com/hyakumeiten/yakiniku_west/2020
FOD-2522	多平			飲食店	焼肉	食べログ 焼肉 百名店 2020	大阪府					大阪府 難波（南海）駅			https://tabelog.com/osaka/A2701/A270202/27005087/		未確認				46232	店舗照合済	食べログ 百名店 2020 / 焼肉 WEST / Tabelog ID 27005087 / https://award.tabelog.com/hyakumeiten/yakiniku_west/2020
FOD-2523	和牛 まつした 上通り店			飲食店	焼肉	食べログ 焼肉 百名店 2020	大阪府					大阪府 北新地駅			https://tabelog.com/osaka/A2701/A270101/27086935/		未確認				46232	店舗照合済	食べログ 百名店 2020 / 焼肉 WEST / Tabelog ID 27086935 / https://award.tabelog.com/hyakumeiten/yakiniku_west/2020
FOD-2524	焼肉たきもと			飲食店	焼肉	食べログ 焼肉 百名店 2020	大阪府					大阪府 堺市駅			https://tabelog.com/osaka/A2705/A270501/27019731/		未確認				46232	店舗照合済	食べログ 百名店 2020 / 焼肉 WEST / Tabelog ID 27019731 / https://award.tabelog.com/hyakumeiten/yakiniku_west/2020
FOD-2525	江畑			飲食店	焼肉	食べログ 焼肉 百名店 2020	京都府					京都府 京都市上京区			https://tabelog.com/kyoto/A2601/A260501/26001035/		未確認				46232	店舗照合済	食べログ 百名店 2020 / 焼肉 WEST / Tabelog ID 26001035 / https://award.tabelog.com/hyakumeiten/yakiniku_west/2020
FOD-2526	密陽家			飲食店	焼肉	食べログ 焼肉 百名店 2020	岡山県					岡山県 岡山市北区			https://tabelog.com/okayama/A3301/A330101/33010192/		未確認				46232	店舗照合済	食べログ 百名店 2020 / 焼肉 WEST / Tabelog ID 33010192 / https://award.tabelog.com/hyakumeiten/yakiniku_west/2020
FOD-2527	板前焼肉 一斗 天下茶屋本店			飲食店	焼肉	食べログ 焼肉 百名店 2020	大阪府					大阪府 今船駅			https://tabelog.com/osaka/A2701/A270406/27011178/		未確認				46232	店舗照合済	食べログ 百名店 2020 / 焼肉 WEST / Tabelog ID 27011178 / https://award.tabelog.com/hyakumeiten/yakiniku_west/2020
FOD-2528	万両 東天満店			飲食店	焼肉	食べログ 焼肉 百名店 2020	大阪府					大阪府 天満橋駅			https://tabelog.com/osaka/A2701/A270103/27003763/		未確認				46232	店舗照合済	食べログ 百名店 2020 / 焼肉 WEST / Tabelog ID 27003763 / https://award.tabelog.com/hyakumeiten/yakiniku_west/2020
FOD-2529	川もり			飲食店	焼肉	食べログ 焼肉 百名店 2020	京都府					京都府 東山駅			https://tabelog.com/kyoto/A2601/A260301/26008216/		未確認				46232	店舗照合済	食べログ 百名店 2020 / 焼肉 WEST / Tabelog ID 26008216 / https://award.tabelog.com/hyakumeiten/yakiniku_west/2020
FOD-2530	空 鶴橋総本店			飲食店	焼肉	食べログ 焼肉 百名店 2020	大阪府					大阪府 鶴橋駅			https://tabelog.com/osaka/A2701/A270205/27000564/		未確認				46232	店舗照合済	食べログ 百名店 2020 / 焼肉 WEST / Tabelog ID 27000564 / https://award.tabelog.com/hyakumeiten/yakiniku_west/2020
FOD-2531	蔓牛			飲食店	焼肉	食べログ 焼肉 百名店 2020	大阪府					大阪府 谷町九丁目駅			https://tabelog.com/osaka/A2701/A270202/27010644/		未確認				46232	店舗照合済	食べログ 百名店 2020 / 焼肉 WEST / Tabelog ID 27010644 / https://award.tabelog.com/hyakumeiten/yakiniku_west/2020
FOD-2532	炭焼肉　石田屋。 Hanare			飲食店	焼肉	食べログ 焼肉 百名店 2020	兵庫県					兵庫県 三宮（神戸市営）駅			https://tabelog.com/hyogo/A2801/A280101/28028299/		未確認				46232	店舗照合済	食べログ 百名店 2020 / 焼肉 WEST / Tabelog ID 28028299 / https://award.tabelog.com/hyakumeiten/yakiniku_west/2020
FOD-2533	にくや萬野			飲食店	焼肉	食べログ 焼肉 百名店 2020	大阪府					大阪府 東梅田駅			https://tabelog.com/osaka/A2701/A270101/27083854/		未確認				46232	店舗照合済	食べログ 百名店 2020 / 焼肉 WEST / Tabelog ID 27083854 / https://award.tabelog.com/hyakumeiten/yakiniku_west/2020
FOD-2534	北新地 すがはら			飲食店	焼肉	食べログ 焼肉 百名店 2020	大阪府					大阪府 大江橋駅			https://tabelog.com/osaka/A2701/A270101/27000219/		未確認				46232	店舗照合済	食べログ 百名店 2020 / 焼肉 WEST / Tabelog ID 27000219 / https://award.tabelog.com/hyakumeiten/yakiniku_west/2020
FOD-2535	田無羅			飲食店	焼肉	食べログ 焼肉 百名店 2020	福岡県					福岡県 天神南駅			https://tabelog.com/fukuoka/A4001/A400103/40000441/		未確認				46232	店舗照合済	食べログ 百名店 2020 / 焼肉 WEST / Tabelog ID 40000441 / https://award.tabelog.com/hyakumeiten/yakiniku_west/2020
FOD-2536	きらく			飲食店	焼肉	食べログ 焼肉 百名店 2020	兵庫県					兵庫県 春日野道（阪神）駅			https://tabelog.com/hyogo/A2801/A280103/28005344/		未確認				46232	店舗照合済	食べログ 百名店 2020 / 焼肉 WEST / Tabelog ID 28005344 / https://award.tabelog.com/hyakumeiten/yakiniku_west/2020
FOD-2537	京松蘭 本店			飲食店	焼肉	食べログ 焼肉 百名店 2020	大阪府					大阪府 京橋駅			https://tabelog.com/osaka/A2701/A270107/27090232/		未確認				46232	店舗照合済	食べログ 百名店 2020 / 焼肉 WEST / Tabelog ID 27090232 / https://award.tabelog.com/hyakumeiten/yakiniku_west/2020
FOD-2538	多来多来			飲食店	焼肉	食べログ 焼肉 百名店 2020	京都府					京都府 久世郡久御山町			https://tabelog.com/kyoto/A2607/A260702/26002078/		未確認				46232	店舗照合済	食べログ 百名店 2020 / 焼肉 WEST / Tabelog ID 26002078 / https://award.tabelog.com/hyakumeiten/yakiniku_west/2020
FOD-2539	すすむ			飲食店	焼肉	食べログ 焼肉 百名店 2020	大阪府					大阪府 天神橋筋六丁目駅			https://tabelog.com/osaka/A2701/A270103/27073864/		未確認				46232	店舗照合済	食べログ 百名店 2020 / 焼肉 WEST / Tabelog ID 27073864 / https://award.tabelog.com/hyakumeiten/yakiniku_west/2020
FOD-2540	板前焼肉 一斗 京橋支店			飲食店	焼肉	食べログ 焼肉 百名店 2020	大阪府					大阪府 京橋駅			https://tabelog.com/osaka/A2701/A270107/27005121/		未確認				46232	店舗照合済	食べログ 百名店 2020 / 焼肉 WEST / Tabelog ID 27005121 / https://award.tabelog.com/hyakumeiten/yakiniku_west/2020
FOD-2541	大倉			飲食店	焼肉	食べログ 焼肉 百名店 2020	大阪府					大阪府 鶴橋駅			https://tabelog.com/osaka/A2701/A270205/27000570/		未確認				46232	店舗照合済	食べログ 百名店 2020 / 焼肉 WEST / Tabelog ID 27000570 / https://award.tabelog.com/hyakumeiten/yakiniku_west/2020
FOD-2542	焼肉 初栄			飲食店	焼肉	食べログ 焼肉 百名店 2020	宮崎県					宮崎県 西臼杵郡高千穂町			https://tabelog.com/miyazaki/A4505/A450502/45000767/		未確認				46232	店舗照合済	食べログ 百名店 2020 / 焼肉 WEST / Tabelog ID 45000767 / https://award.tabelog.com/hyakumeiten/yakiniku_west/2020
FOD-2543	かどやホルモン店			飲食店	焼肉	食べログ 焼肉 百名店 2020	大阪府					大阪府 東梅田駅			https://tabelog.com/osaka/A2701/A270101/27009408/		未確認				46232	店舗照合済	食べログ 百名店 2020 / 焼肉 WEST / Tabelog ID 27009408 / https://award.tabelog.com/hyakumeiten/yakiniku_west/2020
FOD-2544	疾風ホルモン 久茂地本店			飲食店	焼肉	食べログ 焼肉 百名店 2020	沖縄県					沖縄県 那覇市			https://tabelog.com/okinawa/A4701/A470101/47007248/		未確認				46232	店舗照合済	食べログ 百名店 2020 / 焼肉 WEST / Tabelog ID 47007248 / https://award.tabelog.com/hyakumeiten/yakiniku_west/2020
FOD-2545	万正			飲食店	焼肉	食べログ 焼肉 百名店 2020	大阪府					大阪府 鶴橋駅			https://tabelog.com/osaka/A2701/A270205/27000561/		未確認				46232	店舗照合済	食べログ 百名店 2020 / 焼肉 WEST / Tabelog ID 27000561 / https://award.tabelog.com/hyakumeiten/yakiniku_west/2020
FOD-2546	祇園鹿六			飲食店	焼肉	食べログ 焼肉 百名店 2020	京都府					京都府 祇園四条駅			https://tabelog.com/kyoto/A2601/A260301/26002425/		未確認				46232	店舗照合済	食べログ 百名店 2020 / 焼肉 WEST / Tabelog ID 26002425 / https://award.tabelog.com/hyakumeiten/yakiniku_west/2020
FOD-2547	焼肉 八廣			飲食店	焼肉	食べログ 焼肉 百名店 2020	三重県					三重県 津市			https://tabelog.com/mie/A2401/A240101/24001944/		未確認				46232	店舗照合済	食べログ 百名店 2020 / 焼肉 WEST / Tabelog ID 24001944 / https://award.tabelog.com/hyakumeiten/yakiniku_west/2020
FOD-2548	万葉 八日市店			飲食店	焼肉	食べログ 焼肉 百名店 2020	滋賀県					滋賀県 東近江市			https://tabelog.com/shiga/A2503/A250302/25005328/		未確認				46232	店舗照合済	食べログ 百名店 2020 / 焼肉 WEST / Tabelog ID 25005328 / https://award.tabelog.com/hyakumeiten/yakiniku_west/2020
FOD-2549	宮本屋			飲食店	焼肉	食べログ 焼肉 百名店 2020	三重県					三重県 松阪市			https://tabelog.com/mie/A2401/A240102/24000064/		未確認				46232	店舗照合済	食べログ 百名店 2020 / 焼肉 WEST / Tabelog ID 24000064 / https://award.tabelog.com/hyakumeiten/yakiniku_west/2020
FOD-2550	和牛の紀楽			飲食店	焼肉	食べログ 焼肉 百名店 2020	大阪府					大阪府 大阪天満宮駅			https://tabelog.com/osaka/A2701/A270104/27008433/		未確認				46232	店舗照合済	食べログ 百名店 2020 / 焼肉 WEST / Tabelog ID 27008433 / https://award.tabelog.com/hyakumeiten/yakiniku_west/2020
FOD-2551	炭火焼肉 やまもと			飲食店	焼肉	食べログ 焼肉 百名店 2020	沖縄県					沖縄県 石垣市			https://tabelog.com/okinawa/A4705/A470501/47001010/		未確認				46232	店舗照合済	食べログ 百名店 2020 / 焼肉 WEST / Tabelog ID 47001010 / https://award.tabelog.com/hyakumeiten/yakiniku_west/2020
FOD-2552	焼肉萬野 天王寺			飲食店	焼肉	食べログ 焼肉 百名店 2020	大阪府					大阪府 天王寺駅			https://tabelog.com/osaka/A2701/A270203/27019581/		未確認				46232	店舗照合済	食べログ 百名店 2020 / 焼肉 WEST / Tabelog ID 27019581 / https://award.tabelog.com/hyakumeiten/yakiniku_west/2020
FOD-2553	石垣島 きたうち牧場 美崎店			飲食店	焼肉	食べログ 焼肉 百名店 2020	沖縄県					沖縄県 石垣市			https://tabelog.com/okinawa/A4705/A470501/47001554/		未確認				46232	店舗照合済	食べログ 百名店 2020 / 焼肉 WEST / Tabelog ID 47001554 / https://award.tabelog.com/hyakumeiten/yakiniku_west/2020
FOD-2554	焼肉 かっぱ梶岡			飲食店	焼肉	食べログ 焼肉 百名店 2020	大阪府					大阪府 庄内駅			https://tabelog.com/osaka/A2706/A270601/27023459/		未確認				46232	店舗照合済	食べログ 百名店 2020 / 焼肉 WEST / Tabelog ID 27023459 / https://award.tabelog.com/hyakumeiten/yakiniku_west/2020
FOD-2555	益市 本店			飲食店	焼肉	食べログ 焼肉 百名店 2020	京都府					京都府 西大路駅			https://tabelog.com/kyoto/A2601/A260604/26004812/		未確認				46232	店舗照合済	食べログ 百名店 2020 / 焼肉 WEST / Tabelog ID 26004812 / https://award.tabelog.com/hyakumeiten/yakiniku_west/2020
FOD-2556	雄三郎			飲食店	焼肉	食べログ 焼肉 百名店 2020	兵庫県					兵庫県 三ノ宮（ＪＲ）駅			https://tabelog.com/hyogo/A2801/A280101/28043971/		未確認				46232	店舗照合済	食べログ 百名店 2020 / 焼肉 WEST / Tabelog ID 28043971 / https://award.tabelog.com/hyakumeiten/yakiniku_west/2020
FOD-2557	焼肉矢澤 京都			飲食店	焼肉	食べログ 焼肉 百名店 2020	京都府					京都府 四条（京都市営）駅			https://tabelog.com/kyoto/A2601/A260201/26028368/		未確認				46232	店舗照合済	食べログ 百名店 2020 / 焼肉 WEST / Tabelog ID 26028368 / https://award.tabelog.com/hyakumeiten/yakiniku_west/2020
FOD-2558	さつま			飲食店	焼肉	食べログ 焼肉 百名店 2020	大阪府					大阪府 大江橋駅			https://tabelog.com/osaka/A2701/A270101/27006074/		未確認				46232	店舗照合済	食べログ 百名店 2020 / 焼肉 WEST / Tabelog ID 27006074 / https://award.tabelog.com/hyakumeiten/yakiniku_west/2020
FOD-2559	電撃ホルモン ツギヱ			飲食店	焼肉	食べログ 焼肉 百名店 2020	大阪府					大阪府 天満駅			https://tabelog.com/osaka/A2701/A270103/27013294/		未確認				46232	店舗照合済	食べログ 百名店 2020 / 焼肉 WEST / Tabelog ID 27013294 / https://award.tabelog.com/hyakumeiten/yakiniku_west/2020
FOD-2560	利花苑 大名本店			飲食店	焼肉	食べログ 焼肉 百名店 2020	福岡県					福岡県 赤坂駅			https://tabelog.com/fukuoka/A4001/A400104/40000443/		未確認				46232	店舗照合済	食べログ 百名店 2020 / 焼肉 WEST / Tabelog ID 40000443 / https://award.tabelog.com/hyakumeiten/yakiniku_west/2020
FOD-2561	神戸元町 炭火焼肉 くにきや			飲食店	焼肉	食べログ 焼肉 百名店 2020	兵庫県					兵庫県 元町（ＪＲ）駅			https://tabelog.com/hyogo/A2801/A280102/28006104/		未確認				46232	店舗照合済	食べログ 百名店 2020 / 焼肉 WEST / Tabelog ID 28006104 / https://award.tabelog.com/hyakumeiten/yakiniku_west/2020
FOD-2562	焼肉の吉田 本店			飲食店	焼肉	食べログ 焼肉 百名店 2020	大阪府					大阪府 鶴橋駅			https://tabelog.com/osaka/A2701/A270205/27000567/		未確認				46232	店舗照合済	食べログ 百名店 2020 / 焼肉 WEST / Tabelog ID 27000567 / https://award.tabelog.com/hyakumeiten/yakiniku_west/2020
FOD-2563	焼肉政ちゃん			飲食店	焼肉	食べログ 焼肉 百名店 2020	大阪府					大阪府 津守駅			https://tabelog.com/osaka/A2701/A270406/27023255/		未確認				46232	店舗照合済	食べログ 百名店 2020 / 焼肉 WEST / Tabelog ID 27023255 / https://award.tabelog.com/hyakumeiten/yakiniku_west/2020
FOD-2564	焼肉&グリル　貴坂			飲食店	焼肉	食べログ 焼肉 百名店 2020	兵庫県					兵庫県 新開地駅			https://tabelog.com/hyogo/A2801/A280109/28031858/		未確認				46232	店舗照合済	食べログ 百名店 2020 / 焼肉 WEST / Tabelog ID 28031858 / https://award.tabelog.com/hyakumeiten/yakiniku_west/2020
FOD-2565	京の焼肉処 弘 三条木屋町店			飲食店	焼肉	食べログ 焼肉 百名店 2020	京都府					京都府 三条駅			https://tabelog.com/kyoto/A2601/A260202/26000947/		未確認				46232	店舗照合済	食べログ 百名店 2020 / 焼肉 WEST / Tabelog ID 26000947 / https://award.tabelog.com/hyakumeiten/yakiniku_west/2020
FOD-2566	力飯店			飲食店	焼肉	食べログ 焼肉 百名店 2020	福岡県					福岡県 天神南駅			https://tabelog.com/fukuoka/A4001/A400103/40005186/		未確認				46232	店舗照合済	食べログ 百名店 2020 / 焼肉 WEST / Tabelog ID 40005186 / https://award.tabelog.com/hyakumeiten/yakiniku_west/2020
FOD-2567	オカダ食品株式会社			飲食店	焼肉	食べログ 焼肉 百名店 2020	兵庫県					兵庫県 西元町駅			https://tabelog.com/hyogo/A2801/A280102/28042651/		未確認				46232	店舗照合済	食べログ 百名店 2020 / 焼肉 WEST / Tabelog ID 28042651 / https://award.tabelog.com/hyakumeiten/yakiniku_west/2020
FOD-2568	松蘭			飲食店	焼肉	食べログ 焼肉 百名店 2020	大阪府					大阪府 小路（大阪メトロ）駅			https://tabelog.com/osaka/A2701/A270306/27015864/		未確認				46232	店舗照合済	食べログ 百名店 2020 / 焼肉 WEST / Tabelog ID 27015864 / https://award.tabelog.com/hyakumeiten/yakiniku_west/2020
FOD-2569	鶴屋			飲食店	焼肉	食べログ 焼肉 百名店 2020	兵庫県					兵庫県 三宮（神戸市営）駅			https://tabelog.com/hyogo/A2801/A280101/28007472/		未確認				46232	店舗照合済	食べログ 百名店 2020 / 焼肉 WEST / Tabelog ID 28007472 / https://award.tabelog.com/hyakumeiten/yakiniku_west/2020
FOD-2570	厳選和牛 焼肉 犇屋 天満本店			飲食店	焼肉	食べログ 焼肉 百名店 2020	大阪府					大阪府 天神橋筋六丁目駅			https://tabelog.com/osaka/A2701/A270103/27046669/		未確認				46232	店舗照合済	食べログ 百名店 2020 / 焼肉 WEST / Tabelog ID 27046669 / https://award.tabelog.com/hyakumeiten/yakiniku_west/2020
FOD-2571	満月			飲食店	焼肉	食べログ 焼肉 百名店 2020	兵庫県					兵庫県 西元町駅			https://tabelog.com/hyogo/A2801/A280102/28000918/		未確認				46232	店舗照合済	食べログ 百名店 2020 / 焼肉 WEST / Tabelog ID 28000918 / https://award.tabelog.com/hyakumeiten/yakiniku_west/2020
FOD-2572	味楽園			飲食店	焼肉	食べログ 焼肉 百名店 2020	兵庫県					兵庫県 出屋敷駅			https://tabelog.com/hyogo/A2803/A280304/28001406/		未確認				46232	店舗照合済	食べログ 百名店 2020 / 焼肉 WEST / Tabelog ID 28001406 / https://award.tabelog.com/hyakumeiten/yakiniku_west/2020
FOD-2573	なり田屋			飲食店	焼肉	食べログ 焼肉 百名店 2020	京都府					京都府 神宮丸太町駅			https://tabelog.com/kyoto/A2601/A260302/26001017/		未確認				46232	店舗照合済	食べログ 百名店 2020 / 焼肉 WEST / Tabelog ID 26001017 / https://award.tabelog.com/hyakumeiten/yakiniku_west/2020
FOD-2574	ソウル			飲食店	焼肉	食べログ 焼肉 百名店 2020	大阪府					大阪府 ＪＲ難波駅			https://tabelog.com/osaka/A2701/A270202/27003344/		未確認				46232	店舗照合済	食べログ 百名店 2020 / 焼肉 WEST / Tabelog ID 27003344 / https://award.tabelog.com/hyakumeiten/yakiniku_west/2020
FOD-2575	新富士本店			飲食店	洋食	食べログ 洋食 百名店 2020	大阪府					大阪府 岸里玉出駅			https://tabelog.com/osaka/A2701/A270406/27019800/		未確認				46232	店舗照合済	食べログ 百名店 2020 / 洋食 全国 / Tabelog ID 27019800 / https://award.tabelog.com/hyakumeiten/yoshoku/2020
FOD-2576	洋食キムラ 野毛店			飲食店	洋食	食べログ 洋食 百名店 2020	神奈川県					神奈川県 桜木町駅			https://tabelog.com/kanagawa/A1401/A140102/14000046/		未確認				46232	店舗照合済	食べログ 百名店 2020 / 洋食 全国 / Tabelog ID 14000046 / https://award.tabelog.com/hyakumeiten/yoshoku/2020
FOD-2577	グリルばらの木			飲食店	洋食	食べログ 洋食 百名店 2020	大阪府					大阪府 心斎橋駅			https://tabelog.com/osaka/A2701/A270201/27000886/		未確認				46232	店舗照合済	食べログ 百名店 2020 / 洋食 全国 / Tabelog ID 27000886 / https://award.tabelog.com/hyakumeiten/yoshoku/2020
FOD-2578	ポトフ			飲食店	洋食	食べログ 洋食 百名店 2020	北海道					北海道 札幌市清田区			https://tabelog.com/hokkaido/A0101/A010304/1001222/		未確認				46232	店舗照合済	食べログ 百名店 2020 / 洋食 全国 / Tabelog ID 1001222 / https://award.tabelog.com/hyakumeiten/yoshoku/2020
FOD-2579	洋食 キラク			飲食店	洋食	食べログ 洋食 百名店 2020	東京都					東京都 人形町駅			https://tabelog.com/tokyo/A1302/A130204/13003057/		未確認				46232	店舗照合済	食べログ 百名店 2020 / 洋食 全国 / Tabelog ID 13003057 / https://award.tabelog.com/hyakumeiten/yoshoku/2020
FOD-2580	コリス			飲食店	洋食	食べログ 洋食 百名店 2020	京都府					京都府 清水五条駅			https://tabelog.com/kyoto/A2601/A260301/26006119/		未確認				46232	店舗照合済	食べログ 百名店 2020 / 洋食 全国 / Tabelog ID 26006119 / https://award.tabelog.com/hyakumeiten/yoshoku/2020
FOD-2581	キッチンれん			飲食店	洋食	食べログ 洋食 百名店 2020	東京都					東京都 六本木駅			https://tabelog.com/tokyo/A1307/A130701/13014520/		未確認				46232	店舗照合済	食べログ 百名店 2020 / 洋食 全国 / Tabelog ID 13014520 / https://award.tabelog.com/hyakumeiten/yoshoku/2020
FOD-2582	ヨシカミ 浅草店			飲食店	洋食	食べログ 洋食 百名店 2020	東京都					東京都 浅草（つくばＥＸＰ）駅			https://tabelog.com/tokyo/A1311/A131102/13003654/		未確認				46232	店舗照合済	食べログ 百名店 2020 / 洋食 全国 / Tabelog ID 13003654 / https://award.tabelog.com/hyakumeiten/yoshoku/2020
FOD-2583	小古食堂			飲食店	洋食	食べログ 洋食 百名店 2020	東京都					東京都 東陽町駅			https://tabelog.com/tokyo/A1313/A131303/13111762/		未確認				46232	店舗照合済	食べログ 百名店 2020 / 洋食 全国 / Tabelog ID 13111762 / https://award.tabelog.com/hyakumeiten/yoshoku/2020
FOD-2584	旬香亭			飲食店	洋食	食べログ 洋食 百名店 2020	東京都					東京都 目白駅			https://tabelog.com/tokyo/A1305/A130502/13175757/		未確認				46232	店舗照合済	食べログ 百名店 2020 / 洋食 全国 / Tabelog ID 13175757 / https://award.tabelog.com/hyakumeiten/yoshoku/2020
FOD-2585	洋食の朝日			飲食店	洋食	食べログ 洋食 百名店 2020	兵庫県					兵庫県 西元町駅			https://tabelog.com/hyogo/A2801/A280102/28000591/		未確認				46232	店舗照合済	食べログ 百名店 2020 / 洋食 全国 / Tabelog ID 28000591 / https://award.tabelog.com/hyakumeiten/yoshoku/2020
FOD-2586	Ｇｒｉｌｌマッシュ			飲食店	洋食	食べログ 洋食 百名店 2020	東京都					東京都 恵比寿駅			https://tabelog.com/tokyo/A1303/A130302/13043306/		未確認				46232	店舗照合済	食べログ 百名店 2020 / 洋食 全国 / Tabelog ID 13043306 / https://award.tabelog.com/hyakumeiten/yoshoku/2020
FOD-2587	三福亭			飲食店	洋食	食べログ 洋食 百名店 2020	東京都					東京都 馬喰町駅			https://tabelog.com/tokyo/A1302/A130204/13059379/		未確認				46232	店舗照合済	食べログ 百名店 2020 / 洋食 全国 / Tabelog ID 13059379 / https://award.tabelog.com/hyakumeiten/yoshoku/2020
FOD-2588	明治の館			飲食店	洋食	食べログ 洋食 百名店 2020	栃木県					栃木県 日光市			https://tabelog.com/tochigi/A0903/A090301/9000107/		未確認				46232	店舗照合済	食べログ 百名店 2020 / 洋食 全国 / Tabelog ID 9000107 / https://award.tabelog.com/hyakumeiten/yoshoku/2020
FOD-2589	むさしや			飲食店	洋食	食べログ 洋食 百名店 2020	東京都					東京都 新橋駅			https://tabelog.com/tokyo/A1301/A130103/13023938/		未確認				46232	店舗照合済	食べログ 百名店 2020 / 洋食 全国 / Tabelog ID 13023938 / https://award.tabelog.com/hyakumeiten/yoshoku/2020
FOD-2590	レストラン香味屋			飲食店	洋食	食べログ 洋食 百名店 2020	東京都					東京都 入谷駅			https://tabelog.com/tokyo/A1311/A131104/13003752/		未確認				46232	店舗照合済	食べログ 百名店 2020 / 洋食 全国 / Tabelog ID 13003752 / https://award.tabelog.com/hyakumeiten/yoshoku/2020
FOD-2591	洋食 小春軒			飲食店	洋食	食べログ 洋食 百名店 2020	東京都					東京都 人形町駅			https://tabelog.com/tokyo/A1302/A130204/13003031/		未確認				46232	店舗照合済	食べログ 百名店 2020 / 洋食 全国 / Tabelog ID 13003031 / https://award.tabelog.com/hyakumeiten/yoshoku/2020
FOD-2592	キッチンさくらい			飲食店	洋食	食べログ 洋食 百名店 2020	東京都					東京都 御徒町駅			https://tabelog.com/tokyo/A1311/A131101/13118917/		未確認				46232	店舗照合済	食べログ 百名店 2020 / 洋食 全国 / Tabelog ID 13118917 / https://award.tabelog.com/hyakumeiten/yoshoku/2020
FOD-2593	ポッケ			飲食店	洋食	食べログ 洋食 百名店 2020	大阪府					大阪府 桃谷駅			https://tabelog.com/osaka/A2701/A270205/27002873/		未確認				46232	店舗照合済	食べログ 百名店 2020 / 洋食 全国 / Tabelog ID 27002873 / https://award.tabelog.com/hyakumeiten/yoshoku/2020
FOD-2594	ウチョウテン			飲食店	洋食	食べログ 洋食 百名店 2020	東京都					東京都 都電雑司ケ谷駅			https://tabelog.com/tokyo/A1305/A130501/13003914/		未確認				46232	店舗照合済	食べログ 百名店 2020 / 洋食 全国 / Tabelog ID 13003914 / https://award.tabelog.com/hyakumeiten/yoshoku/2020
FOD-2595	うちだ			飲食店	洋食	食べログ 洋食 百名店 2020	東京都					東京都 新小岩駅			https://tabelog.com/tokyo/A1312/A131204/13008124/		未確認				46232	店舗照合済	食べログ 百名店 2020 / 洋食 全国 / Tabelog ID 13008124 / https://award.tabelog.com/hyakumeiten/yoshoku/2020
FOD-2596	ゴメンネJIRO			飲食店	洋食	食べログ 洋食 百名店 2020	大阪府					大阪府 天満駅			https://tabelog.com/osaka/A2701/A270103/27012753/		未確認				46232	店舗照合済	食べログ 百名店 2020 / 洋食 全国 / Tabelog ID 27012753 / https://award.tabelog.com/hyakumeiten/yoshoku/2020
FOD-2597	洋食 三浦亭			飲食店	洋食	食べログ 洋食 百名店 2020	東京都					東京都 武蔵関駅			https://tabelog.com/tokyo/A1321/A132105/13040217/		未確認				46232	店舗照合済	食べログ 百名店 2020 / 洋食 全国 / Tabelog ID 13040217 / https://award.tabelog.com/hyakumeiten/yoshoku/2020
FOD-2598	煉瓦亭			飲食店	洋食	食べログ 洋食 百名店 2020	東京都					東京都 銀座駅			https://tabelog.com/tokyo/A1301/A130101/13002430/		未確認				46232	店舗照合済	食べログ 百名店 2020 / 洋食 全国 / Tabelog ID 13002430 / https://award.tabelog.com/hyakumeiten/yoshoku/2020
FOD-2599	資生堂パーラー 銀座本店			飲食店	洋食	食べログ 洋食 百名店 2020	東京都					東京都 新橋駅			https://tabelog.com/tokyo/A1301/A130101/13004938/		未確認				46232	店舗照合済	食べログ 百名店 2020 / 洋食 全国 / Tabelog ID 13004938 / https://award.tabelog.com/hyakumeiten/yoshoku/2020
FOD-2600	キッチン チェック			飲食店	洋食	食べログ 洋食 百名店 2020	東京都					東京都 池袋駅			https://tabelog.com/tokyo/A1305/A130501/13003941/		未確認				46232	店舗照合済	食べログ 百名店 2020 / 洋食 全国 / Tabelog ID 13003941 / https://award.tabelog.com/hyakumeiten/yoshoku/2020
FOD-2601	明治軒			飲食店	洋食	食べログ 洋食 百名店 2020	大阪府					大阪府 心斎橋駅			https://tabelog.com/osaka/A2701/A270201/27001834/		未確認				46232	店舗照合済	食べログ 百名店 2020 / 洋食 全国 / Tabelog ID 27001834 / https://award.tabelog.com/hyakumeiten/yoshoku/2020
FOD-2602	ハンバーグ ウィル			飲食店	洋食	食べログ 洋食 百名店 2020	東京都					東京都 新宿御苑前駅			https://tabelog.com/tokyo/A1304/A130402/13041176/		未確認				46232	店舗照合済	食べログ 百名店 2020 / 洋食 全国 / Tabelog ID 13041176 / https://award.tabelog.com/hyakumeiten/yoshoku/2020
FOD-2603	レストラン・サカキ			飲食店	洋食	食べログ 洋食 百名店 2020	東京都					東京都 宝町駅			https://tabelog.com/tokyo/A1302/A130202/13002443/		未確認				46232	店舗照合済	食べログ 百名店 2020 / 洋食 全国 / Tabelog ID 13002443 / https://award.tabelog.com/hyakumeiten/yoshoku/2020
FOD-2604	レストラン クインベル			飲食店	洋食	食べログ 洋食 百名店 2020	東京都					東京都 両国駅			https://tabelog.com/tokyo/A1312/A131201/13017962/		未確認				46232	店舗照合済	食べログ 百名店 2020 / 洋食 全国 / Tabelog ID 13017962 / https://award.tabelog.com/hyakumeiten/yoshoku/2020
FOD-2605	キッチン パンチ			飲食店	洋食	食べログ 洋食 百名店 2020	東京都					東京都 中目黒駅			https://tabelog.com/tokyo/A1317/A131701/13018284/		未確認				46232	店舗照合済	食べログ 百名店 2020 / 洋食 全国 / Tabelog ID 13018284 / https://award.tabelog.com/hyakumeiten/yoshoku/2020
FOD-2606	キッチン ノム			飲食店	洋食	食べログ 洋食 百名店 2020	愛知県					愛知県 一社駅			https://tabelog.com/aichi/A2301/A230111/23038279/		未確認				46232	店舗照合済	食べログ 百名店 2020 / 洋食 全国 / Tabelog ID 23038279 / https://award.tabelog.com/hyakumeiten/yoshoku/2020
FOD-2607	洋食の店　みしな			飲食店	洋食	食べログ 洋食 百名店 2020	京都府					京都府 祇園四条駅			https://tabelog.com/kyoto/A2601/A260301/26001870/		未確認				46232	店舗照合済	食べログ 百名店 2020 / 洋食 全国 / Tabelog ID 26001870 / https://award.tabelog.com/hyakumeiten/yoshoku/2020
FOD-2608	チャモロ			飲食店	洋食	食べログ 洋食 百名店 2020	東京都					東京都 恵比寿駅			https://tabelog.com/tokyo/A1303/A130302/13003160/		未確認				46232	店舗照合済	食べログ 百名店 2020 / 洋食 全国 / Tabelog ID 13003160 / https://award.tabelog.com/hyakumeiten/yoshoku/2020
FOD-2609	ザ・カフェ			飲食店	洋食	食べログ 洋食 百名店 2020	神奈川県					神奈川県 元町・中華街駅			https://tabelog.com/kanagawa/A1401/A140105/14000136/		未確認				46232	店舗照合済	食べログ 百名店 2020 / 洋食 全国 / Tabelog ID 14000136 / https://award.tabelog.com/hyakumeiten/yoshoku/2020
FOD-2610	グリル一平 新開地本店			飲食店	洋食	食べログ 洋食 百名店 2020	兵庫県					兵庫県 新開地駅			https://tabelog.com/hyogo/A2801/A280109/28000390/		未確認				46232	店舗照合済	食べログ 百名店 2020 / 洋食 全国 / Tabelog ID 28000390 / https://award.tabelog.com/hyakumeiten/yoshoku/2020
FOD-2611	厳選洋食さくらい			飲食店	洋食	食べログ 洋食 百名店 2020	東京都					東京都 上野広小路駅			https://tabelog.com/tokyo/A1311/A131101/13003638/		未確認				46232	店舗照合済	食べログ 百名店 2020 / 洋食 全国 / Tabelog ID 13003638 / https://award.tabelog.com/hyakumeiten/yoshoku/2020
FOD-2612	欧風料理　もん			飲食店	洋食	食べログ 洋食 百名店 2020	兵庫県					兵庫県 神戸三宮（阪急）駅			https://tabelog.com/hyogo/A2801/A280101/28000531/		未確認				46232	店舗照合済	食べログ 百名店 2020 / 洋食 全国 / Tabelog ID 28000531 / https://award.tabelog.com/hyakumeiten/yoshoku/2020
FOD-2613	伊藤グリル			飲食店	洋食	食べログ 洋食 百名店 2020	兵庫県					兵庫県 元町（阪神）駅			https://tabelog.com/hyogo/A2801/A280102/28000847/		未確認				46232	店舗照合済	食べログ 百名店 2020 / 洋食 全国 / Tabelog ID 28000847 / https://award.tabelog.com/hyakumeiten/yoshoku/2020
FOD-2614	洋食屋 綺・Luck			飲食店	洋食	食べログ 洋食 百名店 2020	神奈川県					神奈川県 桜木町駅			https://tabelog.com/kanagawa/A1401/A140102/14005150/		未確認				46232	店舗照合済	食べログ 百名店 2020 / 洋食 全国 / Tabelog ID 14005150 / https://award.tabelog.com/hyakumeiten/yoshoku/2020
FOD-2615	南蛮 銀圓亭			飲食店	洋食	食べログ 洋食 百名店 2020	東京都					東京都 銀座駅			https://tabelog.com/tokyo/A1301/A130101/13002305/		未確認				46232	店舗照合済	食べログ 百名店 2020 / 洋食 全国 / Tabelog ID 13002305 / https://award.tabelog.com/hyakumeiten/yoshoku/2020
FOD-2616	七條			飲食店	洋食	食べログ 洋食 百名店 2020	東京都					東京都 小川町駅			https://tabelog.com/tokyo/A1310/A131002/13152996/		未確認				46232	店舗照合済	食べログ 百名店 2020 / 洋食 全国 / Tabelog ID 13152996 / https://award.tabelog.com/hyakumeiten/yoshoku/2020
FOD-2617	ジャンジャンブル			飲食店	洋食	食べログ 洋食 百名店 2020	大阪府					大阪府 高槻市駅			https://tabelog.com/osaka/A2706/A270604/27014753/		未確認				46232	店舗照合済	食べログ 百名店 2020 / 洋食 全国 / Tabelog ID 27014753 / https://award.tabelog.com/hyakumeiten/yoshoku/2020
FOD-2618	黒船亭			飲食店	洋食	食べログ 洋食 百名店 2020	東京都					東京都 京成上野駅			https://tabelog.com/tokyo/A1311/A131101/13003640/		未確認				46232	店舗照合済	食べログ 百名店 2020 / 洋食 全国 / Tabelog ID 13003640 / https://award.tabelog.com/hyakumeiten/yoshoku/2020
FOD-2619	レストラン桂			飲食店	洋食	食べログ 洋食 百名店 2020	東京都					東京都 三越前駅			https://tabelog.com/tokyo/A1302/A130202/13011199/		未確認				46232	店舗照合済	食べログ 百名店 2020 / 洋食 全国 / Tabelog ID 13011199 / https://award.tabelog.com/hyakumeiten/yoshoku/2020
FOD-2620	洋食 おがた			飲食店	洋食	食べログ 洋食 百名店 2020	京都府					京都府 京都市役所前駅			https://tabelog.com/kyoto/A2601/A260202/26026540/		未確認				46232	店舗照合済	食べログ 百名店 2020 / 洋食 全国 / Tabelog ID 26026540 / https://award.tabelog.com/hyakumeiten/yoshoku/2020
FOD-2621	プクプク亭			飲食店	洋食	食べログ 洋食 百名店 2020	神奈川県					神奈川県 日吉駅			https://tabelog.com/kanagawa/A1401/A140204/14042473/		未確認				46232	店舗照合済	食べログ 百名店 2020 / 洋食 全国 / Tabelog ID 14042473 / https://award.tabelog.com/hyakumeiten/yoshoku/2020
FOD-2622	マルシェ			飲食店	洋食	食べログ 洋食 百名店 2020	兵庫県					兵庫県 花隈駅			https://tabelog.com/hyogo/A2801/A280102/28001012/		未確認				46232	店舗照合済	食べログ 百名店 2020 / 洋食 全国 / Tabelog ID 28001012 / https://award.tabelog.com/hyakumeiten/yoshoku/2020
FOD-2623	おきな堂			飲食店	洋食	食べログ 洋食 百名店 2020	長野県					長野県 松本市			https://tabelog.com/nagano/A2002/A200201/20000098/		未確認				46232	店舗照合済	食べログ 百名店 2020 / 洋食 全国 / Tabelog ID 20000098 / https://award.tabelog.com/hyakumeiten/yoshoku/2020
FOD-2624	蜂の子			飲食店	洋食	食べログ 洋食 百名店 2020	東京都					東京都 新富町駅			https://tabelog.com/tokyo/A1313/A131301/13148773/		未確認				46232	店舗照合済	食べログ 百名店 2020 / 洋食 全国 / Tabelog ID 13148773 / https://award.tabelog.com/hyakumeiten/yoshoku/2020
FOD-2625	フランキーアンドトリニティー			飲食店	洋食	食べログ 洋食 百名店 2020	東京都					東京都 中野坂上駅			https://tabelog.com/tokyo/A1319/A131903/13046008/		未確認				46232	店舗照合済	食べログ 百名店 2020 / 洋食 全国 / Tabelog ID 13046008 / https://award.tabelog.com/hyakumeiten/yoshoku/2020
FOD-2626	レストラン吾妻			飲食店	洋食	食べログ 洋食 百名店 2020	東京都					東京都 本所吾妻橋駅			https://tabelog.com/tokyo/A1312/A131203/13002953/		未確認				46232	店舗照合済	食べログ 百名店 2020 / 洋食 全国 / Tabelog ID 13002953 / https://award.tabelog.com/hyakumeiten/yoshoku/2020
FOD-2627	グリル佐久良			飲食店	洋食	食べログ 洋食 百名店 2020	東京都					東京都 浅草（つくばＥＸＰ）駅			https://tabelog.com/tokyo/A1311/A131102/13003755/		未確認				46232	店舗照合済	食べログ 百名店 2020 / 洋食 全国 / Tabelog ID 13003755 / https://award.tabelog.com/hyakumeiten/yoshoku/2020
FOD-2628	グリルエフ			飲食店	洋食	食べログ 洋食 百名店 2020	東京都					東京都 五反田駅			https://tabelog.com/tokyo/A1316/A131603/13001552/		未確認				46232	店舗照合済	食べログ 百名店 2020 / 洋食 全国 / Tabelog ID 13001552 / https://award.tabelog.com/hyakumeiten/yoshoku/2020
FOD-2629	御堂筋 ロッヂ			飲食店	洋食	食べログ 洋食 百名店 2020	大阪府					大阪府 心斎橋駅			https://tabelog.com/osaka/A2701/A270201/27059987/		未確認				46232	店舗照合済	食べログ 百名店 2020 / 洋食 全国 / Tabelog ID 27059987 / https://award.tabelog.com/hyakumeiten/yoshoku/2020
FOD-2630	kitchen俊貴			飲食店	洋食	食べログ 洋食 百名店 2020	愛知県					愛知県 名古屋市千種区			https://tabelog.com/aichi/A2301/A230114/23070084/		未確認				46232	店舗照合済	食べログ 百名店 2020 / 洋食 全国 / Tabelog ID 23070084 / https://award.tabelog.com/hyakumeiten/yoshoku/2020
FOD-2631	ルー・ド・メール			飲食店	洋食	食べログ 洋食 百名店 2020	東京都					東京都 神田駅			https://tabelog.com/tokyo/A1310/A131002/13009148/		未確認				46232	店舗照合済	食べログ 百名店 2020 / 洋食 全国 / Tabelog ID 13009148 / https://award.tabelog.com/hyakumeiten/yoshoku/2020
FOD-2632	C.D.TAKOH			飲食店	洋食	食べログ 洋食 百名店 2020	大阪府					大阪府 大江橋駅			https://tabelog.com/osaka/A2701/A270102/27000621/		未確認				46232	店舗照合済	食べログ 百名店 2020 / 洋食 全国 / Tabelog ID 27000621 / https://award.tabelog.com/hyakumeiten/yoshoku/2020
FOD-2633	Revo 本店			飲食店	洋食	食べログ 洋食 百名店 2020	大阪府					大阪府 岸里駅			https://tabelog.com/osaka/A2701/A270406/27007738/		未確認				46232	店舗照合済	食べログ 百名店 2020 / 洋食 全国 / Tabelog ID 27007738 / https://award.tabelog.com/hyakumeiten/yoshoku/2020
FOD-2634	洋食屋牛銀			飲食店	洋食	食べログ 洋食 百名店 2020	三重県					三重県 松阪市			https://tabelog.com/mie/A2401/A240102/24000063/		未確認				46232	店舗照合済	食べログ 百名店 2020 / 洋食 全国 / Tabelog ID 24000063 / https://award.tabelog.com/hyakumeiten/yoshoku/2020
FOD-2635	東洋軒 名古屋三越店			飲食店	洋食	食べログ 洋食 百名店 2020	愛知県					愛知県 栄（名古屋）駅			https://tabelog.com/aichi/A2301/A230103/23000694/		未確認				46232	店舗照合済	食べログ 百名店 2020 / 洋食 全国 / Tabelog ID 23000694 / https://award.tabelog.com/hyakumeiten/yoshoku/2020
FOD-2636	グリルK 千石本店			飲食店	洋食	食べログ 洋食 百名店 2020	東京都					東京都 千石駅			https://tabelog.com/tokyo/A1323/A132301/13059129/		未確認				46232	店舗照合済	食べログ 百名店 2020 / 洋食 全国 / Tabelog ID 13059129 / https://award.tabelog.com/hyakumeiten/yoshoku/2020
FOD-2637	キッチン心			飲食店	洋食	食べログ 洋食 百名店 2020	愛知県					愛知県 藤が丘駅			https://tabelog.com/aichi/A2301/A230111/23013608/		未確認				46232	店舗照合済	食べログ 百名店 2020 / 洋食 全国 / Tabelog ID 23013608 / https://award.tabelog.com/hyakumeiten/yoshoku/2020
FOD-2638	Toshi			飲食店	洋食	食べログ 洋食 百名店 2020	北海道					北海道 西４丁目駅			https://tabelog.com/hokkaido/A0101/A010102/1009680/		未確認				46232	店舗照合済	食べログ 百名店 2020 / 洋食 全国 / Tabelog ID 1009680 / https://award.tabelog.com/hyakumeiten/yoshoku/2020
FOD-2639	グリル一平 三宮店			飲食店	洋食	食べログ 洋食 百名店 2020	兵庫県					兵庫県 三ノ宮（ＪＲ）駅			https://tabelog.com/hyogo/A2801/A280101/28031154/		未確認				46232	店舗照合済	食べログ 百名店 2020 / 洋食 全国 / Tabelog ID 28031154 / https://award.tabelog.com/hyakumeiten/yoshoku/2020
FOD-2640	ノースコンチネント MACHI NO NAKA			飲食店	洋食	食べログ 洋食 百名店 2020	北海道					北海道 大通駅			https://tabelog.com/hokkaido/A0101/A010102/1024277/		未確認				46232	店舗照合済	食べログ 百名店 2020 / 洋食 全国 / Tabelog ID 1024277 / https://award.tabelog.com/hyakumeiten/yoshoku/2020
FOD-2641	エルベ			飲食店	洋食	食べログ 洋食 百名店 2020	東京都					東京都 東銀座駅			https://tabelog.com/tokyo/A1301/A130101/13007617/		未確認				46232	店舗照合済	食べログ 百名店 2020 / 洋食 全国 / Tabelog ID 13007617 / https://award.tabelog.com/hyakumeiten/yoshoku/2020
FOD-2642	グリル 小宝			飲食店	洋食	食べログ 洋食 百名店 2020	京都府					京都府 東山駅			https://tabelog.com/kyoto/A2601/A260301/26000009/		未確認				46232	店舗照合済	食べログ 百名店 2020 / 洋食 全国 / Tabelog ID 26000009 / https://award.tabelog.com/hyakumeiten/yoshoku/2020
FOD-2643	津々井			飲食店	洋食	食べログ 洋食 百名店 2020	東京都					東京都 茅場町駅			https://tabelog.com/tokyo/A1302/A130203/13002395/		未確認				46232	店舗照合済	食べログ 百名店 2020 / 洋食 全国 / Tabelog ID 13002395 / https://award.tabelog.com/hyakumeiten/yoshoku/2020
FOD-2644	美味卵家			飲食店	洋食	食べログ 洋食 百名店 2020	東京都					東京都 神田駅			https://tabelog.com/tokyo/A1310/A131002/13009141/		未確認				46232	店舗照合済	食べログ 百名店 2020 / 洋食 全国 / Tabelog ID 13009141 / https://award.tabelog.com/hyakumeiten/yoshoku/2020
FOD-2645	めぐろ三ツ星食堂			飲食店	洋食	食べログ 洋食 百名店 2020	東京都					東京都 目黒駅			https://tabelog.com/tokyo/A1316/A131601/13013942/		未確認				46232	店舗照合済	食べログ 百名店 2020 / 洋食 全国 / Tabelog ID 13013942 / https://award.tabelog.com/hyakumeiten/yoshoku/2020
FOD-2646	おまかせ亭			飲食店	洋食	食べログ 洋食 百名店 2020	東京都					東京都 渋谷駅			https://tabelog.com/tokyo/A1303/A130301/13007048/		未確認				46232	店舗照合済	食べログ 百名店 2020 / 洋食 全国 / Tabelog ID 13007048 / https://award.tabelog.com/hyakumeiten/yoshoku/2020
FOD-2647	洋食の店 橋本			飲食店	洋食	食べログ 洋食 百名店 2020	熊本県					熊本県 熊本市中央区			https://tabelog.com/kumamoto/A4301/A430101/43000997/		未確認				46232	店舗照合済	食べログ 百名店 2020 / 洋食 全国 / Tabelog ID 43000997 / https://award.tabelog.com/hyakumeiten/yoshoku/2020
FOD-2648	洋食屋 ふじ家			飲食店	洋食	食べログ 洋食 百名店 2020	大阪府					大阪府 谷町四丁目駅			https://tabelog.com/osaka/A2701/A270106/27012521/		未確認				46232	店舗照合済	食べログ 百名店 2020 / 洋食 全国 / Tabelog ID 27012521 / https://award.tabelog.com/hyakumeiten/yoshoku/2020
FOD-2649	たいめいけん			飲食店	洋食	食べログ 洋食 百名店 2020	東京都					東京都 日本橋駅			https://tabelog.com/tokyo/A1302/A130202/13000488/		未確認				46232	店舗照合済	食べログ 百名店 2020 / 洋食 全国 / Tabelog ID 13000488 / https://award.tabelog.com/hyakumeiten/yoshoku/2020
FOD-2650	銀之塔			飲食店	洋食	食べログ 洋食 百名店 2020	東京都					東京都 東銀座駅			https://tabelog.com/tokyo/A1301/A130101/13002320/		未確認				46232	店舗照合済	食べログ 百名店 2020 / 洋食 全国 / Tabelog ID 13002320 / https://award.tabelog.com/hyakumeiten/yoshoku/2020
FOD-2651	ムグニ			飲食店	洋食	食べログ 洋食 百名店 2020	大阪府					大阪府 大阪難波駅			https://tabelog.com/osaka/A2701/A270201/27014566/		未確認				46232	店舗照合済	食べログ 百名店 2020 / 洋食 全国 / Tabelog ID 27014566 / https://award.tabelog.com/hyakumeiten/yoshoku/2020
FOD-2652	東洋軒			飲食店	洋食	食べログ 洋食 百名店 2020	東京都					東京都 赤坂見附駅			https://tabelog.com/tokyo/A1308/A130801/13164394/		未確認				46232	店舗照合済	食べログ 百名店 2020 / 洋食 全国 / Tabelog ID 13164394 / https://award.tabelog.com/hyakumeiten/yoshoku/2020
FOD-2653	重亭			飲食店	洋食	食べログ 洋食 百名店 2020	大阪府					大阪府 難波（南海）駅			https://tabelog.com/osaka/A2701/A270202/27001308/		未確認				46232	店舗照合済	食べログ 百名店 2020 / 洋食 全国 / Tabelog ID 27001308 / https://award.tabelog.com/hyakumeiten/yoshoku/2020
FOD-2654	レストラン西櫻亭 新宿店			飲食店	洋食	食べログ 洋食 百名店 2020	東京都					東京都 新宿三丁目駅			https://tabelog.com/tokyo/A1304/A130401/13012100/		未確認				46232	店舗照合済	食べログ 百名店 2020 / 洋食 全国 / Tabelog ID 13012100 / https://award.tabelog.com/hyakumeiten/yoshoku/2020
FOD-2655	ミート矢澤			飲食店	洋食	食べログ 洋食 百名店 2020	東京都					東京都 五反田駅			https://tabelog.com/tokyo/A1316/A131603/13042320/		未確認				46232	店舗照合済	食べログ 百名店 2020 / 洋食 全国 / Tabelog ID 13042320 / https://award.tabelog.com/hyakumeiten/yoshoku/2020
FOD-2656	紅花別館			飲食店	洋食	食べログ 洋食 百名店 2020	東京都					東京都 日本橋駅			https://tabelog.com/tokyo/A1302/A130202/13000487/		未確認				46232	店舗照合済	食べログ 百名店 2020 / 洋食 全国 / Tabelog ID 13000487 / https://award.tabelog.com/hyakumeiten/yoshoku/2020
FOD-2657	キッチン たか			飲食店	洋食	食べログ 洋食 百名店 2020	東京都					東京都 四谷三丁目駅			https://tabelog.com/tokyo/A1309/A130903/13130525/		未確認				46232	店舗照合済	食べログ 百名店 2020 / 洋食 全国 / Tabelog ID 13130525 / https://award.tabelog.com/hyakumeiten/yoshoku/2020
FOD-2658	さん源			飲食店	洋食	食べログ 洋食 百名店 2020	大阪府					大阪府 長堀橋駅			https://tabelog.com/osaka/A2701/A270201/27003946/		未確認				46232	店舗照合済	食べログ 百名店 2020 / 洋食 全国 / Tabelog ID 27003946 / https://award.tabelog.com/hyakumeiten/yoshoku/2020
FOD-2659	そよいち			飲食店	洋食	食べログ 洋食 百名店 2020	東京都					東京都 人形町駅			https://tabelog.com/tokyo/A1302/A130204/13056047/		未確認				46232	店舗照合済	食べログ 百名店 2020 / 洋食 全国 / Tabelog ID 13056047 / https://award.tabelog.com/hyakumeiten/yoshoku/2020
FOD-2660	キッチン大正軒			飲食店	洋食	食べログ 洋食 百名店 2020	東京都					東京都 有楽町駅			https://tabelog.com/tokyo/A1301/A130102/13054085/		未確認				46232	店舗照合済	食べログ 百名店 2020 / 洋食 全国 / Tabelog ID 13054085 / https://award.tabelog.com/hyakumeiten/yoshoku/2020
FOD-2661	銀座スイス			飲食店	洋食	食べログ 洋食 百名店 2020	東京都					東京都 銀座駅			https://tabelog.com/tokyo/A1301/A130101/13002462/		未確認				46232	店舗照合済	食べログ 百名店 2020 / 洋食 全国 / Tabelog ID 13002462 / https://award.tabelog.com/hyakumeiten/yoshoku/2020
FOD-2662	麻布食堂			飲食店	洋食	食べログ 洋食 百名店 2020	東京都					東京都 広尾駅			https://tabelog.com/tokyo/A1307/A130703/13243727/		未確認				46232	店舗照合済	食べログ 百名店 2020 / 洋食 全国 / Tabelog ID 13243727 / https://award.tabelog.com/hyakumeiten/yoshoku/2020
FOD-2663	南欧料理　アンジュ			飲食店	洋食	食べログ 洋食 百名店 2020	愛知県					愛知県 本郷駅			https://tabelog.com/aichi/A2301/A230111/23000400/		未確認				46232	店舗照合済	食べログ 百名店 2020 / 洋食 全国 / Tabelog ID 23000400 / https://award.tabelog.com/hyakumeiten/yoshoku/2020
FOD-2664	グリル末松			飲食店	洋食	食べログ 洋食 百名店 2020	兵庫県					兵庫県 三ノ宮（ＪＲ）駅			https://tabelog.com/hyogo/A2801/A280101/28000394/		未確認				46232	店舗照合済	食べログ 百名店 2020 / 洋食 全国 / Tabelog ID 28000394 / https://award.tabelog.com/hyakumeiten/yoshoku/2020
FOD-2665	グリル グランド			飲食店	洋食	食べログ 洋食 百名店 2020	東京都					東京都 浅草（つくばＥＸＰ）駅			https://tabelog.com/tokyo/A1311/A131102/13008702/		未確認				46232	店舗照合済	食べログ 百名店 2020 / 洋食 全国 / Tabelog ID 13008702 / https://award.tabelog.com/hyakumeiten/yoshoku/2020
FOD-2666	はふう 本店			飲食店	洋食	食べログ 洋食 百名店 2020	京都府					京都府 京都市役所前駅			https://tabelog.com/kyoto/A2601/A260202/26000943/		未確認				46232	店舗照合済	食べログ 百名店 2020 / 洋食 全国 / Tabelog ID 26000943 / https://award.tabelog.com/hyakumeiten/yoshoku/2020
FOD-2667	キッチン南海 神保町店			飲食店	洋食	食べログ 洋食 百名店 2020	東京都					東京都 神保町駅			https://tabelog.com/tokyo/A1310/A131003/13000612/		未確認				46232	店舗照合済	食べログ 百名店 2020 / 洋食 全国 / Tabelog ID 13000612 / https://award.tabelog.com/hyakumeiten/yoshoku/2020
FOD-2668	ヒッコリー 本店			飲食店	洋食	食べログ 洋食 百名店 2020	愛知県					愛知県 名古屋市名東区			https://tabelog.com/aichi/A2301/A230111/23000420/		未確認				46232	店舗照合済	食べログ 百名店 2020 / 洋食 全国 / Tabelog ID 23000420 / https://award.tabelog.com/hyakumeiten/yoshoku/2020
FOD-2669	洋食 泉			飲食店	洋食	食べログ 洋食 百名店 2020	大阪府					大阪府 福島駅			https://tabelog.com/osaka/A2701/A270108/27004326/		未確認				46232	店舗照合済	食べログ 百名店 2020 / 洋食 全国 / Tabelog ID 27004326 / https://award.tabelog.com/hyakumeiten/yoshoku/2020
FOD-2670	みかわや			飲食店	洋食	食べログ 洋食 百名店 2020	東京都					東京都 銀座駅			https://tabelog.com/tokyo/A1301/A130101/13002421/		未確認				46232	店舗照合済	食べログ 百名店 2020 / 洋食 全国 / Tabelog ID 13002421 / https://award.tabelog.com/hyakumeiten/yoshoku/2020
FOD-2671	小川軒			飲食店	洋食	食べログ 洋食 百名店 2020	東京都					東京都 御茶ノ水駅			https://tabelog.com/tokyo/A1310/A131002/13005532/		未確認				46232	店舗照合済	食べログ 百名店 2020 / 洋食 全国 / Tabelog ID 13005532 / https://award.tabelog.com/hyakumeiten/yoshoku/2020
FOD-2672	赤坂 津つ井 総本店			飲食店	洋食	食べログ 洋食 百名店 2020	東京都					東京都 赤坂駅			https://tabelog.com/tokyo/A1307/A130701/13002829/		未確認				46232	店舗照合済	食べログ 百名店 2020 / 洋食 全国 / Tabelog ID 13002829 / https://award.tabelog.com/hyakumeiten/yoshoku/2020
FOD-2673	レストラン カタヤマ 東向島本店			飲食店	洋食	食べログ 洋食 百名店 2020	東京都					東京都 東向島駅			https://tabelog.com/tokyo/A1312/A131203/13017945/		未確認				46232	店舗照合済	食べログ 百名店 2020 / 洋食 全国 / Tabelog ID 13017945 / https://award.tabelog.com/hyakumeiten/yoshoku/2020
