HYK2021-0001	13132600	食べログ	ビストロ 百名店	百名店	ビストロ	2021	全国	ツイテル	東京都	https://award.tabelog.com/hyakumeiten/bistro/2021	46232	店舗照合済	2021年百名店公式選出（ビストロ 百名店 全国・公式掲載順 1/100）
HYK2021-0002	13141558	食べログ	ビストロ 百名店	百名店	ビストロ	2021	全国	キュイジーヌ エ ヴァン アルル	東京都	https://award.tabelog.com/hyakumeiten/bistro/2021	46232	店舗照合済	2021年百名店公式選出（ビストロ 百名店 全国・公式掲載順 2/100）
HYK2021-0003	27070944	食べログ	ビストロ 百名店	百名店	ビストロ	2021	全国	ビストロ デ シュナパン	大阪府	https://award.tabelog.com/hyakumeiten/bistro/2021	46232	店舗照合済	2021年百名店公式選出（ビストロ 百名店 全国・公式掲載順 3/100）
HYK2021-0004	27018410	食べログ	ビストロ 百名店	百名店	ビストロ	2021	全国	ランデヴー・デ・ザミ	大阪府	https://award.tabelog.com/hyakumeiten/bistro/2021	46232	店舗照合済	2021年百名店公式選出（ビストロ 百名店 全国・公式掲載順 4/100）
HYK2021-0005	13044389	食べログ	ビストロ 百名店	百名店	ビストロ	2021	全国	ブラッスリー・ポール・ボキューズ 大丸東京	東京都	https://award.tabelog.com/hyakumeiten/bistro/2021	46232	店舗照合済	2021年百名店公式選出（ビストロ 百名店 全国・公式掲載順 5/100）
HYK2021-0006	13040139	食べログ	ビストロ 百名店	百名店	ビストロ	2021	全国	ビストロ ガール・ド・リヨン	東京都	https://award.tabelog.com/hyakumeiten/bistro/2021	46232	店舗照合済	2021年百名店公式選出（ビストロ 百名店 全国・公式掲載順 6/100）
HYK2021-0007	13026093	食べログ	ビストロ 百名店	百名店	ビストロ	2021	全国	ポンデュガール	東京都	https://award.tabelog.com/hyakumeiten/bistro/2021	46232	店舗照合済	2021年百名店公式選出（ビストロ 百名店 全国・公式掲載順 7/100）
HYK2021-0008	13020161	食べログ	ビストロ 百名店	百名店	ビストロ	2021	全国	ブラッスリー・ヴィロン 丸の内店	東京都	https://award.tabelog.com/hyakumeiten/bistro/2021	46232	店舗照合済	2021年百名店公式選出（ビストロ 百名店 全国・公式掲載順 8/100）
HYK2021-0009	13144586	食べログ	ビストロ 百名店	百名店	ビストロ	2021	全国	Nico	東京都	https://award.tabelog.com/hyakumeiten/bistro/2021	46232	店舗照合済	2021年百名店公式選出（ビストロ 百名店 全国・公式掲載順 9/100）
HYK2021-0010	23007319	食べログ	ビストロ 百名店	百名店	ビストロ	2021	全国	カルナヴァル	愛知県	https://award.tabelog.com/hyakumeiten/bistro/2021	46232	店舗照合済	2021年百名店公式選出（ビストロ 百名店 全国・公式掲載順 10/100）
HYK2021-0011	13049131	食べログ	ビストロ 百名店	百名店	ビストロ	2021	全国	ビストロ ヴィヴィエンヌ	東京都	https://award.tabelog.com/hyakumeiten/bistro/2021	46232	店舗照合済	2021年百名店公式選出（ビストロ 百名店 全国・公式掲載順 11/100）
HYK2021-0012	13186920	食べログ	ビストロ 百名店	百名店	ビストロ	2021	全国	ビストロアム	東京都	https://award.tabelog.com/hyakumeiten/bistro/2021	46232	店舗照合済	2021年百名店公式選出（ビストロ 百名店 全国・公式掲載順 12/100）
HYK2021-0013	13225246	食べログ	ビストロ 百名店	百名店	ビストロ	2021	全国	NOURA	東京都	https://award.tabelog.com/hyakumeiten/bistro/2021	46232	店舗照合済	2021年百名店公式選出（ビストロ 百名店 全国・公式掲載順 13/100）
HYK2021-0014	13143821	食べログ	ビストロ 百名店	百名店	ビストロ	2021	全国	アベス	東京都	https://award.tabelog.com/hyakumeiten/bistro/2021	46232	店舗照合済	2021年百名店公式選出（ビストロ 百名店 全国・公式掲載順 14/100）
HYK2021-0015	13131878	食べログ	ビストロ 百名店	百名店	ビストロ	2021	全国	ヴィノシティ マジス	東京都	https://award.tabelog.com/hyakumeiten/bistro/2021	46232	店舗照合済	2021年百名店公式選出（ビストロ 百名店 全国・公式掲載順 15/100）
HYK2021-0016	13187979	食べログ	ビストロ 百名店	百名店	ビストロ	2021	全国	ル モンド グルマン	東京都	https://award.tabelog.com/hyakumeiten/bistro/2021	46232	店舗照合済	2021年百名店公式選出（ビストロ 百名店 全国・公式掲載順 16/100）
HYK2021-0017	13021311	食べログ	ビストロ 百名店	百名店	ビストロ	2021	全国	ウグイス	東京都	https://award.tabelog.com/hyakumeiten/bistro/2021	46232	店舗照合済	2021年百名店公式選出（ビストロ 百名店 全国・公式掲載順 17/100）
HYK2021-0018	14011843	食べログ	ビストロ 百名店	百名店	ビストロ	2021	全国	オシノ	神奈川県	https://award.tabelog.com/hyakumeiten/bistro/2021	46232	店舗照合済	2021年百名店公式選出（ビストロ 百名店 全国・公式掲載順 18/100）
HYK2021-0019	13051357	食べログ	ビストロ 百名店	百名店	ビストロ	2021	全国	アヒルストア	東京都	https://award.tabelog.com/hyakumeiten/bistro/2021	46232	店舗照合済	2021年百名店公式選出（ビストロ 百名店 全国・公式掲載順 19/100）
HYK2021-0020	13110276	食べログ	ビストロ 百名店	百名店	ビストロ	2021	全国	デュ バリー	東京都	https://award.tabelog.com/hyakumeiten/bistro/2021	46232	店舗照合済	2021年百名店公式選出（ビストロ 百名店 全国・公式掲載順 20/100）
HYK2021-0021	13160351	食べログ	ビストロ 百名店	百名店	ビストロ	2021	全国	イレール人形町	東京都	https://award.tabelog.com/hyakumeiten/bistro/2021	46232	店舗照合済	2021年百名店公式選出（ビストロ 百名店 全国・公式掲載順 21/100）
HYK2021-0022	27083821	食べログ	ビストロ 百名店	百名店	ビストロ	2021	全国	前芝料理店	大阪府	https://award.tabelog.com/hyakumeiten/bistro/2021	46232	店舗照合済	2021年百名店公式選出（ビストロ 百名店 全国・公式掲載順 22/100）
HYK2021-0023	13124636	食べログ	ビストロ 百名店	百名店	ビストロ	2021	全国	ラ・トルチュ	東京都	https://award.tabelog.com/hyakumeiten/bistro/2021	46232	店舗照合済	2021年百名店公式選出（ビストロ 百名店 全国・公式掲載順 23/100）
HYK2021-0024	13049720	食べログ	ビストロ 百名店	百名店	ビストロ	2021	全国	AU GAMIN DE TOKIO	東京都	https://award.tabelog.com/hyakumeiten/bistro/2021	46232	店舗照合済	2021年百名店公式選出（ビストロ 百名店 全国・公式掲載順 24/100）
HYK2021-0025	13154814	食べログ	ビストロ 百名店	百名店	ビストロ	2021	全国	デザミ	東京都	https://award.tabelog.com/hyakumeiten/bistro/2021	46232	店舗照合済	2021年百名店公式選出（ビストロ 百名店 全国・公式掲載順 25/100）
HYK2021-0026	13113672	食べログ	ビストロ 百名店	百名店	ビストロ	2021	全国	ビストロ エビス	東京都	https://award.tabelog.com/hyakumeiten/bistro/2021	46232	店舗照合済	2021年百名店公式選出（ビストロ 百名店 全国・公式掲載順 26/100）
HYK2021-0027	13002063	食べログ	ビストロ 百名店	百名店	ビストロ	2021	全国	IZAKAYA VIN	東京都	https://award.tabelog.com/hyakumeiten/bistro/2021	46232	店舗照合済	2021年百名店公式選出（ビストロ 百名店 全国・公式掲載順 27/100）
HYK2021-0028	13048464	食べログ	ビストロ 百名店	百名店	ビストロ	2021	全国	ヌガ	東京都	https://award.tabelog.com/hyakumeiten/bistro/2021	46232	店舗照合済	2021年百名店公式選出（ビストロ 百名店 全国・公式掲載順 28/100）
HYK2021-0029	13120844	食べログ	ビストロ 百名店	百名店	ビストロ	2021	全国	bistro oeuf oeuf	東京都	https://award.tabelog.com/hyakumeiten/bistro/2021	46232	店舗照合済	2021年百名店公式選出（ビストロ 百名店 全国・公式掲載順 29/100）
HYK2021-0030	13002186	食べログ	ビストロ 百名店	百名店	ビストロ	2021	全国	コム・ア・ラ・メゾン	東京都	https://award.tabelog.com/hyakumeiten/bistro/2021	46232	店舗照合済	2021年百名店公式選出（ビストロ 百名店 全国・公式掲載順 30/100）
HYK2021-0031	13167076	食べログ	ビストロ 百名店	百名店	ビストロ	2021	全国	Wineshop & Diner FUJIMARU 浅草橋店	東京都	https://award.tabelog.com/hyakumeiten/bistro/2021	46232	店舗照合済	2021年百名店公式選出（ビストロ 百名店 全国・公式掲載順 31/100）
HYK2021-0032	13127009	食べログ	ビストロ 百名店	百名店	ビストロ	2021	全国	organ	東京都	https://award.tabelog.com/hyakumeiten/bistro/2021	46232	店舗照合済	2021年百名店公式選出（ビストロ 百名店 全国・公式掲載順 32/100）
HYK2021-0033	23042388	食べログ	ビストロ 百名店	百名店	ビストロ	2021	全国	ビストロ ダイア	愛知県	https://award.tabelog.com/hyakumeiten/bistro/2021	46232	店舗照合済	2021年百名店公式選出（ビストロ 百名店 全国・公式掲載順 33/100）
HYK2021-0034	13154815	食べログ	ビストロ 百名店	百名店	ビストロ	2021	全国	レ ロジェ ビストロ ド ロア	東京都	https://award.tabelog.com/hyakumeiten/bistro/2021	46232	店舗照合済	2021年百名店公式選出（ビストロ 百名店 全国・公式掲載順 34/100）
HYK2021-0035	13126959	食べログ	ビストロ 百名店	百名店	ビストロ	2021	全国	ルフージュ	東京都	https://award.tabelog.com/hyakumeiten/bistro/2021	46232	店舗照合済	2021年百名店公式選出（ビストロ 百名店 全国・公式掲載順 35/100）
HYK2021-0036	23038427	食べログ	ビストロ 百名店	百名店	ビストロ	2021	全国	ビストロケンヂ	愛知県	https://award.tabelog.com/hyakumeiten/bistro/2021	46232	店舗照合済	2021年百名店公式選出（ビストロ 百名店 全国・公式掲載順 36/100）
HYK2021-0037	13190448	食べログ	ビストロ 百名店	百名店	ビストロ	2021	全国	グルマンディーズ	東京都	https://award.tabelog.com/hyakumeiten/bistro/2021	46232	店舗照合済	2021年百名店公式選出（ビストロ 百名店 全国・公式掲載順 37/100）
HYK2021-0038	13006752	食べログ	ビストロ 百名店	百名店	ビストロ	2021	全国	セラヴィーナガノ	東京都	https://award.tabelog.com/hyakumeiten/bistro/2021	46232	店舗照合済	2021年百名店公式選出（ビストロ 百名店 全国・公式掲載順 38/100）
HYK2021-0039	13112175	食べログ	ビストロ 百名店	百名店	ビストロ	2021	全国	レトノ	東京都	https://award.tabelog.com/hyakumeiten/bistro/2021	46232	店舗照合済	2021年百名店公式選出（ビストロ 百名店 全国・公式掲載順 39/100）
HYK2021-0040	23039569	食べログ	ビストロ 百名店	百名店	ビストロ	2021	全国	ラ ペッシュ	愛知県	https://award.tabelog.com/hyakumeiten/bistro/2021	46232	店舗照合済	2021年百名店公式選出（ビストロ 百名店 全国・公式掲載順 40/100）
HYK2021-0041	13004991	食べログ	ビストロ 百名店	百名店	ビストロ	2021	全国	マルディ・グラ	東京都	https://award.tabelog.com/hyakumeiten/bistro/2021	46232	店舗照合済	2021年百名店公式選出（ビストロ 百名店 全国・公式掲載順 41/100）
HYK2021-0042	13115397	食べログ	ビストロ 百名店	百名店	ビストロ	2021	全国	Bistro Q	東京都	https://award.tabelog.com/hyakumeiten/bistro/2021	46232	店舗照合済	2021年百名店公式選出（ビストロ 百名店 全国・公式掲載順 42/100）
HYK2021-0043	13019489	食べログ	ビストロ 百名店	百名店	ビストロ	2021	全国	ブノワ	東京都	https://award.tabelog.com/hyakumeiten/bistro/2021	46232	店舗照合済	2021年百名店公式選出（ビストロ 百名店 全国・公式掲載順 43/100）
HYK2021-0044	13030797	食べログ	ビストロ 百名店	百名店	ビストロ	2021	全国	ビストロ・ダルテミス	東京都	https://award.tabelog.com/hyakumeiten/bistro/2021	46232	店舗照合済	2021年百名店公式選出（ビストロ 百名店 全国・公式掲載順 44/100）
HYK2021-0045	13150975	食べログ	ビストロ 百名店	百名店	ビストロ	2021	全国	Ata	東京都	https://award.tabelog.com/hyakumeiten/bistro/2021	46232	店舗照合済	2021年百名店公式選出（ビストロ 百名店 全国・公式掲載順 45/100）
HYK2021-0046	13004627	食べログ	ビストロ 百名店	百名店	ビストロ	2021	全国	ブラッスリー・ヴィロン 渋谷店	東京都	https://award.tabelog.com/hyakumeiten/bistro/2021	46232	店舗照合済	2021年百名店公式選出（ビストロ 百名店 全国・公式掲載順 46/100）
HYK2021-0047	13210695	食べログ	ビストロ 百名店	百名店	ビストロ	2021	全国	BOLT	東京都	https://award.tabelog.com/hyakumeiten/bistro/2021	46232	店舗照合済	2021年百名店公式選出（ビストロ 百名店 全国・公式掲載順 47/100）
HYK2021-0048	27000511	食べログ	ビストロ 百名店	百名店	ビストロ	2021	全国	ディーバ	大阪府	https://award.tabelog.com/hyakumeiten/bistro/2021	46232	店舗照合済	2021年百名店公式選出（ビストロ 百名店 全国・公式掲載順 48/100）
HYK2021-0049	13156948	食べログ	ビストロ 百名店	百名店	ビストロ	2021	全国	a table	東京都	https://award.tabelog.com/hyakumeiten/bistro/2021	46232	店舗照合済	2021年百名店公式選出（ビストロ 百名店 全国・公式掲載順 49/100）
HYK2021-0050	13124449	食べログ	ビストロ 百名店	百名店	ビストロ	2021	全国	タツミ	東京都	https://award.tabelog.com/hyakumeiten/bistro/2021	46232	店舗照合済	2021年百名店公式選出（ビストロ 百名店 全国・公式掲載順 50/100）
HYK2021-0051	13004086	食べログ	ビストロ 百名店	百名店	ビストロ	2021	全国	ル・クロ・モンマルトル	東京都	https://award.tabelog.com/hyakumeiten/bistro/2021	46232	店舗照合済	2021年百名店公式選出（ビストロ 百名店 全国・公式掲載順 51/100）
HYK2021-0052	13151443	食べログ	ビストロ 百名店	百名店	ビストロ	2021	全国	シャルキュ	東京都	https://award.tabelog.com/hyakumeiten/bistro/2021	46232	店舗照合済	2021年百名店公式選出（ビストロ 百名店 全国・公式掲載順 52/100）
HYK2021-0053	13004708	食べログ	ビストロ 百名店	百名店	ビストロ	2021	全国	コンコンブル	東京都	https://award.tabelog.com/hyakumeiten/bistro/2021	46232	店舗照合済	2021年百名店公式選出（ビストロ 百名店 全国・公式掲載順 53/100）
HYK2021-0054	13056175	食べログ	ビストロ 百名店	百名店	ビストロ	2021	全国	シェ・アンドレ・ドゥ・サクレクール	東京都	https://award.tabelog.com/hyakumeiten/bistro/2021	46232	店舗照合済	2021年百名店公式選出（ビストロ 百名店 全国・公式掲載順 54/100）
HYK2021-0055	13151743	食べログ	ビストロ 百名店	百名店	ビストロ	2021	全国	Aux delices de dodine	東京都	https://award.tabelog.com/hyakumeiten/bistro/2021	46232	店舗照合済	2021年百名店公式選出（ビストロ 百名店 全国・公式掲載順 55/100）
HYK2021-0056	13100039	食べログ	ビストロ 百名店	百名店	ビストロ	2021	全国	ビストロ タカ	東京都	https://award.tabelog.com/hyakumeiten/bistro/2021	46232	店舗照合済	2021年百名店公式選出（ビストロ 百名店 全国・公式掲載順 56/100）
HYK2021-0057	14011457	食べログ	ビストロ 百名店	百名店	ビストロ	2021	全国	ボータン	神奈川県	https://award.tabelog.com/hyakumeiten/bistro/2021	46232	店舗照合済	2021年百名店公式選出（ビストロ 百名店 全国・公式掲載順 57/100）
HYK2021-0058	27012167	食べログ	ビストロ 百名店	百名店	ビストロ	2021	全国	ビストロ バキュース	大阪府	https://award.tabelog.com/hyakumeiten/bistro/2021	46232	店舗照合済	2021年百名店公式選出（ビストロ 百名店 全国・公式掲載順 58/100）
HYK2021-0059	13034087	食べログ	ビストロ 百名店	百名店	ビストロ	2021	全国	ポワソンルージュ	東京都	https://award.tabelog.com/hyakumeiten/bistro/2021	46232	店舗照合済	2021年百名店公式選出（ビストロ 百名店 全国・公式掲載順 59/100）
HYK2021-0060	26018401	食べログ	ビストロ 百名店	百名店	ビストロ	2021	全国	ジュメルニジュウク	京都府	https://award.tabelog.com/hyakumeiten/bistro/2021	46232	店舗照合済	2021年百名店公式選出（ビストロ 百名店 全国・公式掲載順 60/100）
HYK2021-0061	20001312	食べログ	ビストロ 百名店	百名店	ビストロ	2021	全国	ピレネー	長野県	https://award.tabelog.com/hyakumeiten/bistro/2021	46232	店舗照合済	2021年百名店公式選出（ビストロ 百名店 全国・公式掲載順 61/100）
HYK2021-0062	13139147	食べログ	ビストロ 百名店	百名店	ビストロ	2021	全国	アデニア	東京都	https://award.tabelog.com/hyakumeiten/bistro/2021	46232	店舗照合済	2021年百名店公式選出（ビストロ 百名店 全国・公式掲載順 62/100）
HYK2021-0063	28033177	食べログ	ビストロ 百名店	百名店	ビストロ	2021	全国	ベック	兵庫県	https://award.tabelog.com/hyakumeiten/bistro/2021	46232	店舗照合済	2021年百名店公式選出（ビストロ 百名店 全国・公式掲載順 63/100）
HYK2021-0064	27003337	食べログ	ビストロ 百名店	百名店	ビストロ	2021	全国	ラ・トォルトゥーガ	大阪府	https://award.tabelog.com/hyakumeiten/bistro/2021	46232	店舗照合済	2021年百名店公式選出（ビストロ 百名店 全国・公式掲載順 64/100）
HYK2021-0065	13004131	食べログ	ビストロ 百名店	百名店	ビストロ	2021	全国	ラミティエ	東京都	https://award.tabelog.com/hyakumeiten/bistro/2021	46232	店舗照合済	2021年百名店公式選出（ビストロ 百名店 全国・公式掲載順 65/100）
HYK2021-0066	13042760	食べログ	ビストロ 百名店	百名店	ビストロ	2021	全国	ブラッスリー ポール・ボキューズ 銀座	東京都	https://award.tabelog.com/hyakumeiten/bistro/2021	46232	店舗照合済	2021年百名店公式選出（ビストロ 百名店 全国・公式掲載順 66/100）
HYK2021-0067	13056009	食べログ	ビストロ 百名店	百名店	ビストロ	2021	全国	アンテリブル	東京都	https://award.tabelog.com/hyakumeiten/bistro/2021	46232	店舗照合済	2021年百名店公式選出（ビストロ 百名店 全国・公式掲載順 67/100）
HYK2021-0068	23029870	食べログ	ビストロ 百名店	百名店	ビストロ	2021	全国	ドラード	愛知県	https://award.tabelog.com/hyakumeiten/bistro/2021	46232	店舗照合済	2021年百名店公式選出（ビストロ 百名店 全国・公式掲載順 68/100）
HYK2021-0069	13040986	食べログ	ビストロ 百名店	百名店	ビストロ	2021	全国	ラターシュ	東京都	https://award.tabelog.com/hyakumeiten/bistro/2021	46232	店舗照合済	2021年百名店公式選出（ビストロ 百名店 全国・公式掲載順 69/100）
HYK2021-0070	27000852	食べログ	ビストロ 百名店	百名店	ビストロ	2021	全国	ビストロ ダ アンジュ	大阪府	https://award.tabelog.com/hyakumeiten/bistro/2021	46232	店舗照合済	2021年百名店公式選出（ビストロ 百名店 全国・公式掲載順 70/100）
HYK2021-0071	13144978	食べログ	ビストロ 百名店	百名店	ビストロ	2021	全国	ビストロ ハッチ	東京都	https://award.tabelog.com/hyakumeiten/bistro/2021	46232	店舗照合済	2021年百名店公式選出（ビストロ 百名店 全国・公式掲載順 71/100）
HYK2021-0072	13053893	食べログ	ビストロ 百名店	百名店	ビストロ	2021	全国	ダム・ジャンヌ	東京都	https://award.tabelog.com/hyakumeiten/bistro/2021	46232	店舗照合済	2021年百名店公式選出（ビストロ 百名店 全国・公式掲載順 72/100）
HYK2021-0073	13027457	食べログ	ビストロ 百名店	百名店	ビストロ	2021	全国	ル・リオン	東京都	https://award.tabelog.com/hyakumeiten/bistro/2021	46232	店舗照合済	2021年百名店公式選出（ビストロ 百名店 全国・公式掲載順 73/100）
HYK2021-0074	13001286	食べログ	ビストロ 百名店	百名店	ビストロ	2021	全国	ビストロ ド ラ シテ	東京都	https://award.tabelog.com/hyakumeiten/bistro/2021	46232	店舗照合済	2021年百名店公式選出（ビストロ 百名店 全国・公式掲載順 74/100）
HYK2021-0075	13108348	食べログ	ビストロ 百名店	百名店	ビストロ	2021	全国	ラ メゾン ダミ	東京都	https://award.tabelog.com/hyakumeiten/bistro/2021	46232	店舗照合済	2021年百名店公式選出（ビストロ 百名店 全国・公式掲載順 75/100）
HYK2021-0076	13204402	食べログ	ビストロ 百名店	百名店	ビストロ	2021	全国	hugo	東京都	https://award.tabelog.com/hyakumeiten/bistro/2021	46232	店舗照合済	2021年百名店公式選出（ビストロ 百名店 全国・公式掲載順 76/100）
HYK2021-0077	13159072	食べログ	ビストロ 百名店	百名店	ビストロ	2021	全国	IBAIA	東京都	https://award.tabelog.com/hyakumeiten/bistro/2021	46232	店舗照合済	2021年百名店公式選出（ビストロ 百名店 全国・公式掲載順 77/100）
HYK2021-0078	13138155	食べログ	ビストロ 百名店	百名店	ビストロ	2021	全国	ボン・グゥ 神楽坂	東京都	https://award.tabelog.com/hyakumeiten/bistro/2021	46232	店舗照合済	2021年百名店公式選出（ビストロ 百名店 全国・公式掲載順 78/100）
HYK2021-0079	27046512	食べログ	ビストロ 百名店	百名店	ビストロ	2021	全国	ビストロ シャンパーニュ	大阪府	https://award.tabelog.com/hyakumeiten/bistro/2021	46232	店舗照合済	2021年百名店公式選出（ビストロ 百名店 全国・公式掲載順 79/100）
HYK2021-0080	13022540	食べログ	ビストロ 百名店	百名店	ビストロ	2021	全国	ビストロ・ダルブル 恵比寿店	東京都	https://award.tabelog.com/hyakumeiten/bistro/2021	46232	店舗照合済	2021年百名店公式選出（ビストロ 百名店 全国・公式掲載順 80/100）
HYK2021-0081	13000401	食べログ	ビストロ 百名店	百名店	ビストロ	2021	全国	メゾン・ド・ラ・ブルゴーニュ	東京都	https://award.tabelog.com/hyakumeiten/bistro/2021	46232	店舗照合済	2021年百名店公式選出（ビストロ 百名店 全国・公式掲載順 81/100）
HYK2021-0082	13115893	食べログ	ビストロ 百名店	百名店	ビストロ	2021	全国	ビストロ K 中目黒	東京都	https://award.tabelog.com/hyakumeiten/bistro/2021	46232	店舗照合済	2021年百名店公式選出（ビストロ 百名店 全国・公式掲載順 82/100）
HYK2021-0083	13186713	食べログ	ビストロ 百名店	百名店	ビストロ	2021	全国	ビストロ・シンバ	東京都	https://award.tabelog.com/hyakumeiten/bistro/2021	46232	店舗照合済	2021年百名店公式選出（ビストロ 百名店 全国・公式掲載順 83/100）
HYK2021-0084	13000470	食べログ	ビストロ 百名店	百名店	ビストロ	2021	全国	ブラッスリー・グー	東京都	https://award.tabelog.com/hyakumeiten/bistro/2021	46232	店舗照合済	2021年百名店公式選出（ビストロ 百名店 全国・公式掲載順 84/100）
HYK2021-0085	13100821	食べログ	ビストロ 百名店	百名店	ビストロ	2021	全国	ラシーヌ	東京都	https://award.tabelog.com/hyakumeiten/bistro/2021	46232	店舗照合済	2021年百名店公式選出（ビストロ 百名店 全国・公式掲載順 85/100）
HYK2021-0086	13133525	食べログ	ビストロ 百名店	百名店	ビストロ	2021	全国	スモールワンダーランド	東京都	https://award.tabelog.com/hyakumeiten/bistro/2021	46232	店舗照合済	2021年百名店公式選出（ビストロ 百名店 全国・公式掲載順 86/100）
HYK2021-0087	27004963	食べログ	ビストロ 百名店	百名店	ビストロ	2021	全国	カメキチ・ビストロ	大阪府	https://award.tabelog.com/hyakumeiten/bistro/2021	46232	店舗照合済	2021年百名店公式選出（ビストロ 百名店 全国・公式掲載順 87/100）
HYK2021-0088	27058412	食べログ	ビストロ 百名店	百名店	ビストロ	2021	全国	シャンパン食堂	大阪府	https://award.tabelog.com/hyakumeiten/bistro/2021	46232	店舗照合済	2021年百名店公式選出（ビストロ 百名店 全国・公式掲載順 88/100）
HYK2021-0089	13152878	食べログ	ビストロ 百名店	百名店	ビストロ	2021	全国	ブラッスリー ギョラン	東京都	https://award.tabelog.com/hyakumeiten/bistro/2021	46232	店舗照合済	2021年百名店公式選出（ビストロ 百名店 全国・公式掲載順 89/100）
HYK2021-0090	13033082	食べログ	ビストロ 百名店	百名店	ビストロ	2021	全国	ブラッスリー ポール・ボキューズ ミュゼ	東京都	https://award.tabelog.com/hyakumeiten/bistro/2021	46232	店舗照合済	2021年百名店公式選出（ビストロ 百名店 全国・公式掲載順 90/100）
HYK2021-0091	13091587	食べログ	ビストロ 百名店	百名店	ビストロ	2021	全国	ジョンティ	東京都	https://award.tabelog.com/hyakumeiten/bistro/2021	46232	店舗照合済	2021年百名店公式選出（ビストロ 百名店 全国・公式掲載順 91/100）
HYK2021-0092	13000326	食べログ	ビストロ 百名店	百名店	ビストロ	2021	全国	サン・ル・スー	東京都	https://award.tabelog.com/hyakumeiten/bistro/2021	46232	店舗照合済	2021年百名店公式選出（ビストロ 百名店 全国・公式掲載順 92/100）
HYK2021-0093	13133484	食べログ	ビストロ 百名店	百名店	ビストロ	2021	全国	夏目亭	東京都	https://award.tabelog.com/hyakumeiten/bistro/2021	46232	店舗照合済	2021年百名店公式選出（ビストロ 百名店 全国・公式掲載順 93/100）
HYK2021-0094	13005655	食べログ	ビストロ 百名店	百名店	ビストロ	2021	全国	ブラッスリーオザミ丸の内	東京都	https://award.tabelog.com/hyakumeiten/bistro/2021	46232	店舗照合済	2021年百名店公式選出（ビストロ 百名店 全国・公式掲載順 94/100）
HYK2021-0095	13144110	食べログ	ビストロ 百名店	百名店	ビストロ	2021	全国	Le Bonze	東京都	https://award.tabelog.com/hyakumeiten/bistro/2021	46232	店舗照合済	2021年百名店公式選出（ビストロ 百名店 全国・公式掲載順 95/100）
HYK2021-0096	13095796	食べログ	ビストロ 百名店	百名店	ビストロ	2021	全国	ブション・ドール	東京都	https://award.tabelog.com/hyakumeiten/bistro/2021	46232	店舗照合済	2021年百名店公式選出（ビストロ 百名店 全国・公式掲載順 96/100）
HYK2021-0097	14048268	食べログ	ビストロ 百名店	百名店	ビストロ	2021	全国	ポアジェ	神奈川県	https://award.tabelog.com/hyakumeiten/bistro/2021	46232	店舗照合済	2021年百名店公式選出（ビストロ 百名店 全国・公式掲載順 97/100）
HYK2021-0098	13103897	食べログ	ビストロ 百名店	百名店	ビストロ	2021	全国	キュル・ド・サック	東京都	https://award.tabelog.com/hyakumeiten/bistro/2021	46232	店舗照合済	2021年百名店公式選出（ビストロ 百名店 全国・公式掲載順 98/100）
HYK2021-0099	23040138	食べログ	ビストロ 百名店	百名店	ビストロ	2021	全国	ビストロ横丁	愛知県	https://award.tabelog.com/hyakumeiten/bistro/2021	46232	店舗照合済	2021年百名店公式選出（ビストロ 百名店 全国・公式掲載順 99/100）
HYK2021-0100	13020679	食べログ	ビストロ 百名店	百名店	ビストロ	2021	全国	クレッソニエール	東京都	https://award.tabelog.com/hyakumeiten/bistro/2021	46232	店舗照合済	2021年百名店公式選出（ビストロ 百名店 全国・公式掲載順 100/100）
HYK2021-0101	26000068	食べログ	カフェ 百名店	百名店	カフェ	2021	全国	松之助 京都本店	京都府	https://award.tabelog.com/hyakumeiten/cafe/2021	46232	店舗照合済	2021年百名店公式選出（カフェ 百名店 全国・公式掲載順 1/100）
HYK2021-0102	13152670	食べログ	カフェ 百名店	百名店	カフェ	2021	全国	文明堂カフェ	東京都	https://award.tabelog.com/hyakumeiten/cafe/2021	46232	店舗照合済	2021年百名店公式選出（カフェ 百名店 全国・公式掲載順 2/100）
HYK2021-0103	13140156	食べログ	カフェ 百名店	百名店	カフェ	2021	全国	Paul Bassett 渋谷ヒカリエ ＳｈiｎＱｓ 東横のれん街店	東京都	https://award.tabelog.com/hyakumeiten/cafe/2021	46232	店舗照合済	2021年百名店公式選出（カフェ 百名店 全国・公式掲載順 3/100）
HYK2021-0104	13126204	食べログ	カフェ 百名店	百名店	カフェ	2021	全国	自家焙煎珈琲みじんこ	東京都	https://award.tabelog.com/hyakumeiten/cafe/2021	46232	店舗照合済	2021年百名店公式選出（カフェ 百名店 全国・公式掲載順 4/100）
HYK2021-0105	17000060	食べログ	カフェ 百名店	百名店	カフェ	2021	全国	一笑	石川県	https://award.tabelog.com/hyakumeiten/cafe/2021	46232	店舗照合済	2021年百名店公式選出（カフェ 百名店 全国・公式掲載順 5/100）
HYK2021-0106	20000151	食べログ	カフェ 百名店	百名店	カフェ	2021	全国	万平ホテル カフェテラス	長野県	https://award.tabelog.com/hyakumeiten/cafe/2021	46232	店舗照合済	2021年百名店公式選出（カフェ 百名店 全国・公式掲載順 6/100）
HYK2021-0107	13017226	食べログ	カフェ 百名店	百名店	カフェ	2021	全国	オー バカナル 紀尾井町	東京都	https://award.tabelog.com/hyakumeiten/cafe/2021	46232	店舗照合済	2021年百名店公式選出（カフェ 百名店 全国・公式掲載順 7/100）
HYK2021-0108	13002522	食べログ	カフェ 百名店	百名店	カフェ	2021	全国	オー バカナル 銀座	東京都	https://award.tabelog.com/hyakumeiten/cafe/2021	46232	店舗照合済	2021年百名店公式選出（カフェ 百名店 全国・公式掲載順 8/100）
HYK2021-0109	26000296	食べログ	カフェ 百名店	百名店	カフェ	2021	全国	ゴスペル	京都府	https://award.tabelog.com/hyakumeiten/cafe/2021	46232	店舗照合済	2021年百名店公式選出（カフェ 百名店 全国・公式掲載順 9/100）
HYK2021-0110	14002271	食べログ	カフェ 百名店	百名店	カフェ	2021	全国	サロン・ド・テ ロザージュ	神奈川県	https://award.tabelog.com/hyakumeiten/cafe/2021	46232	店舗照合済	2021年百名店公式選出（カフェ 百名店 全国・公式掲載順 10/100）
HYK2021-0111	13000643	食べログ	カフェ 百名店	百名店	カフェ	2021	全国	ティーハウスタカノ	東京都	https://award.tabelog.com/hyakumeiten/cafe/2021	46232	店舗照合済	2021年百名店公式選出（カフェ 百名店 全国・公式掲載順 11/100）
HYK2021-0112	26000120	食べログ	カフェ 百名店	百名店	カフェ	2021	全国	カフェ ビブリオティック ハロー!	京都府	https://award.tabelog.com/hyakumeiten/cafe/2021	46232	店舗照合済	2021年百名店公式選出（カフェ 百名店 全国・公式掲載順 12/100）
HYK2021-0113	13013128	食べログ	カフェ 百名店	百名店	カフェ	2021	全国	カフェ・ロッタ	東京都	https://award.tabelog.com/hyakumeiten/cafe/2021	46232	店舗照合済	2021年百名店公式選出（カフェ 百名店 全国・公式掲載順 13/100）
HYK2021-0114	13098849	食べログ	カフェ 百名店	百名店	カフェ	2021	全国	チャイブレイク	東京都	https://award.tabelog.com/hyakumeiten/cafe/2021	46232	店舗照合済	2021年百名店公式選出（カフェ 百名店 全国・公式掲載順 14/100）
HYK2021-0115	13009058	食べログ	カフェ 百名店	百名店	カフェ	2021	全国	ガーデンラウンジ	東京都	https://award.tabelog.com/hyakumeiten/cafe/2021	46232	店舗照合済	2021年百名店公式選出（カフェ 百名店 全国・公式掲載順 15/100）
HYK2021-0116	13161140	食べログ	カフェ 百名店	百名店	カフェ	2021	全国	THE ROASTERY	東京都	https://award.tabelog.com/hyakumeiten/cafe/2021	46232	店舗照合済	2021年百名店公式選出（カフェ 百名店 全国・公式掲載順 16/100）
HYK2021-0117	13122282	食べログ	カフェ 百名店	百名店	カフェ	2021	全国	ローズベーカリー 丸の内	東京都	https://award.tabelog.com/hyakumeiten/cafe/2021	46232	店舗照合済	2021年百名店公式選出（カフェ 百名店 全国・公式掲載順 17/100）
HYK2021-0118	13096426	食べログ	カフェ 百名店	百名店	カフェ	2021	全国	Cafe 1894	東京都	https://award.tabelog.com/hyakumeiten/cafe/2021	46232	店舗照合済	2021年百名店公式選出（カフェ 百名店 全国・公式掲載順 18/100）
HYK2021-0119	13002560	食べログ	カフェ 百名店	百名店	カフェ	2021	全国	うおがし銘茶 銀座店 茶・銀座	東京都	https://award.tabelog.com/hyakumeiten/cafe/2021	46232	店舗照合済	2021年百名店公式選出（カフェ 百名店 全国・公式掲載順 19/100）
HYK2021-0120	26024343	食べログ	カフェ 百名店	百名店	カフェ	2021	全国	かしや	京都府	https://award.tabelog.com/hyakumeiten/cafe/2021	46232	店舗照合済	2021年百名店公式選出（カフェ 百名店 全国・公式掲載順 20/100）
HYK2021-0121	13190786	食べログ	カフェ 百名店	百名店	カフェ	2021	全国	PATH	東京都	https://award.tabelog.com/hyakumeiten/cafe/2021	46232	店舗照合済	2021年百名店公式選出（カフェ 百名店 全国・公式掲載順 21/100）
HYK2021-0122	13222793	食べログ	カフェ 百名店	百名店	カフェ	2021	全国	ブリコラージュ ブレッド アンド カンパニー ダイニング・カフェ	東京都	https://award.tabelog.com/hyakumeiten/cafe/2021	46232	店舗照合済	2021年百名店公式選出（カフェ 百名店 全国・公式掲載順 22/100）
HYK2021-0123	13056736	食べログ	カフェ 百名店	百名店	カフェ	2021	全国	カフェ ファソン 中目黒本店	東京都	https://award.tabelog.com/hyakumeiten/cafe/2021	46232	店舗照合済	2021年百名店公式選出（カフェ 百名店 全国・公式掲載順 23/100）
HYK2021-0124	13009081	食べログ	カフェ 百名店	百名店	カフェ	2021	全国	和光ティーサロン	東京都	https://award.tabelog.com/hyakumeiten/cafe/2021	46232	店舗照合済	2021年百名店公式選出（カフェ 百名店 全国・公式掲載順 24/100）
HYK2021-0125	13058141	食べログ	カフェ 百名店	百名店	カフェ	2021	全国	カフェ リゼッタ 二子玉川店	東京都	https://award.tabelog.com/hyakumeiten/cafe/2021	46232	店舗照合済	2021年百名店公式選出（カフェ 百名店 全国・公式掲載順 25/100）
HYK2021-0126	26021305	食べログ	カフェ 百名店	百名店	カフェ	2021	全国	ゼンカフェ	京都府	https://award.tabelog.com/hyakumeiten/cafe/2021	46232	店舗照合済	2021年百名店公式選出（カフェ 百名店 全国・公式掲載順 26/100）
HYK2021-0127	13155794	食べログ	カフェ 百名店	百名店	カフェ	2021	全国	カフェ マメヒコ 公園通り店	東京都	https://award.tabelog.com/hyakumeiten/cafe/2021	46232	店舗照合済	2021年百名店公式選出（カフェ 百名店 全国・公式掲載順 27/100）
HYK2021-0128	13043018	食べログ	カフェ 百名店	百名店	カフェ	2021	全国	ザ・ロビー	東京都	https://award.tabelog.com/hyakumeiten/cafe/2021	46232	店舗照合済	2021年百名店公式選出（カフェ 百名店 全国・公式掲載順 28/100）
HYK2021-0129	13127590	食べログ	カフェ 百名店	百名店	カフェ	2021	全国	アクイーユ	東京都	https://award.tabelog.com/hyakumeiten/cafe/2021	46232	店舗照合済	2021年百名店公式選出（カフェ 百名店 全国・公式掲載順 29/100）
HYK2021-0130	27002171	食べログ	カフェ 百名店	百名店	カフェ	2021	全国	ロンドンティールーム 堂島店	大阪府	https://award.tabelog.com/hyakumeiten/cafe/2021	46232	店舗照合済	2021年百名店公式選出（カフェ 百名店 全国・公式掲載順 30/100）
HYK2021-0131	13023752	食べログ	カフェ 百名店	百名店	カフェ	2021	全国	adito	東京都	https://award.tabelog.com/hyakumeiten/cafe/2021	46232	店舗照合済	2021年百名店公式選出（カフェ 百名店 全国・公式掲載順 31/100）
HYK2021-0132	13129877	食べログ	カフェ 百名店	百名店	カフェ	2021	全国	リュモンコーヒースタンド	東京都	https://award.tabelog.com/hyakumeiten/cafe/2021	46232	店舗照合済	2021年百名店公式選出（カフェ 百名店 全国・公式掲載順 32/100）
HYK2021-0133	13141002	食べログ	カフェ 百名店	百名店	カフェ	2021	全国	フグレントウキョウ	東京都	https://award.tabelog.com/hyakumeiten/cafe/2021	46232	店舗照合済	2021年百名店公式選出（カフェ 百名店 全国・公式掲載順 33/100）
HYK2021-0134	13009090	食べログ	カフェ 百名店	百名店	カフェ	2021	全国	ル カフェドゥ ジョエル・ロブション 日本橋高島屋店	東京都	https://award.tabelog.com/hyakumeiten/cafe/2021	46232	店舗照合済	2021年百名店公式選出（カフェ 百名店 全国・公式掲載順 34/100）
HYK2021-0135	26017496	食べログ	カフェ 百名店	百名店	カフェ	2021	全国	ミスリム	京都府	https://award.tabelog.com/hyakumeiten/cafe/2021	46232	店舗照合済	2021年百名店公式選出（カフェ 百名店 全国・公式掲載順 35/100）
HYK2021-0136	9000098	食べログ	カフェ 百名店	百名店	カフェ	2021	全国	ナス・ショウゾウ カフェ	栃木県	https://award.tabelog.com/hyakumeiten/cafe/2021	46232	店舗照合済	2021年百名店公式選出（カフェ 百名店 全国・公式掲載順 36/100）
HYK2021-0137	27011908	食べログ	カフェ 百名店	百名店	カフェ	2021	全国	リーガロイヤルホテル メインラウンジ	大阪府	https://award.tabelog.com/hyakumeiten/cafe/2021	46232	店舗照合済	2021年百名店公式選出（カフェ 百名店 全国・公式掲載順 37/100）
HYK2021-0138	27059454	食べログ	カフェ 百名店	百名店	カフェ	2021	全国	MLESNATEA OSAKA	大阪府	https://award.tabelog.com/hyakumeiten/cafe/2021	46232	店舗照合済	2021年百名店公式選出（カフェ 百名店 全国・公式掲載順 38/100）
HYK2021-0139	26022889	食べログ	カフェ 百名店	百名店	カフェ	2021	全国	CLAMP COFFEE SARASA	京都府	https://award.tabelog.com/hyakumeiten/cafe/2021	46232	店舗照合済	2021年百名店公式選出（カフェ 百名店 全国・公式掲載順 39/100）
HYK2021-0140	27000121	食べログ	カフェ 百名店	百名店	カフェ	2021	全国	北浜レトロ	大阪府	https://award.tabelog.com/hyakumeiten/cafe/2021	46232	店舗照合済	2021年百名店公式選出（カフェ 百名店 全国・公式掲載順 40/100）
HYK2021-0141	13138416	食べログ	カフェ 百名店	百名店	カフェ	2021	全国	ローズベーカリー 銀座	東京都	https://award.tabelog.com/hyakumeiten/cafe/2021	46232	店舗照合済	2021年百名店公式選出（カフェ 百名店 全国・公式掲載順 41/100）
HYK2021-0142	13114545	食べログ	カフェ 百名店	百名店	カフェ	2021	全国	アマメリア エスプレッソ	東京都	https://award.tabelog.com/hyakumeiten/cafe/2021	46232	店舗照合済	2021年百名店公式選出（カフェ 百名店 全国・公式掲載順 42/100）
HYK2021-0143	13088823	食べログ	カフェ 百名店	百名店	カフェ	2021	全国	カフェ オブスキュラ	東京都	https://award.tabelog.com/hyakumeiten/cafe/2021	46232	店舗照合済	2021年百名店公式選出（カフェ 百名店 全国・公式掲載順 43/100）
HYK2021-0144	13133520	食べログ	カフェ 百名店	百名店	カフェ	2021	全国	カンダコーヒー	東京都	https://award.tabelog.com/hyakumeiten/cafe/2021	46232	店舗照合済	2021年百名店公式選出（カフェ 百名店 全国・公式掲載順 44/100）
HYK2021-0145	13134309	食べログ	カフェ 百名店	百名店	カフェ	2021	全国	IVY PLACE	東京都	https://award.tabelog.com/hyakumeiten/cafe/2021	46232	店舗照合済	2021年百名店公式選出（カフェ 百名店 全国・公式掲載順 45/100）
HYK2021-0146	26024782	食べログ	カフェ 百名店	百名店	カフェ	2021	全国	茶菓円山	京都府	https://award.tabelog.com/hyakumeiten/cafe/2021	46232	店舗照合済	2021年百名店公式選出（カフェ 百名店 全国・公式掲載順 46/100）
HYK2021-0147	13012588	食べログ	カフェ 百名店	百名店	カフェ	2021	全国	ガーデンラウンジ 坐忘	東京都	https://award.tabelog.com/hyakumeiten/cafe/2021	46232	店舗照合済	2021年百名店公式選出（カフェ 百名店 全国・公式掲載順 47/100）
HYK2021-0148	13175074	食べログ	カフェ 百名店	百名店	カフェ	2021	全国	COFFEE VALLEY	東京都	https://award.tabelog.com/hyakumeiten/cafe/2021	46232	店舗照合済	2021年百名店公式選出（カフェ 百名店 全国・公式掲載順 48/100）
HYK2021-0149	13178579	食べログ	カフェ 百名店	百名店	カフェ	2021	全国	うぐいすと穀雨	東京都	https://award.tabelog.com/hyakumeiten/cafe/2021	46232	店舗照合済	2021年百名店公式選出（カフェ 百名店 全国・公式掲載順 49/100）
HYK2021-0150	13047551	食べログ	カフェ 百名店	百名店	カフェ	2021	全国	オー バカナル 高輪	東京都	https://award.tabelog.com/hyakumeiten/cafe/2021	46232	店舗照合済	2021年百名店公式選出（カフェ 百名店 全国・公式掲載順 50/100）
HYK2021-0151	13208126	食べログ	カフェ 百名店	百名店	カフェ	2021	全国	オーレ	東京都	https://award.tabelog.com/hyakumeiten/cafe/2021	46232	店舗照合済	2021年百名店公式選出（カフェ 百名店 全国・公式掲載順 51/100）
HYK2021-0152	13004798	食べログ	カフェ 百名店	百名店	カフェ	2021	全国	ブルー・ブリック・ラウンジ	東京都	https://award.tabelog.com/hyakumeiten/cafe/2021	46232	店舗照合済	2021年百名店公式選出（カフェ 百名店 全国・公式掲載順 52/100）
HYK2021-0153	13160517	食べログ	カフェ 百名店	百名店	カフェ	2021	全国	コーヒーハウス ニシヤ	東京都	https://award.tabelog.com/hyakumeiten/cafe/2021	46232	店舗照合済	2021年百名店公式選出（カフェ 百名店 全国・公式掲載順 53/100）
HYK2021-0154	13037995	食べログ	カフェ 百名店	百名店	カフェ	2021	全国	ザ・リッツ・カールトン カフェ＆デリ	東京都	https://award.tabelog.com/hyakumeiten/cafe/2021	46232	店舗照合済	2021年百名店公式選出（カフェ 百名店 全国・公式掲載順 54/100）
HYK2021-0155	14000153	食べログ	カフェ 百名店	百名店	カフェ	2021	全国	悟空茶荘	神奈川県	https://award.tabelog.com/hyakumeiten/cafe/2021	46232	店舗照合済	2021年百名店公式選出（カフェ 百名店 全国・公式掲載順 55/100）
HYK2021-0156	20009296	食べログ	カフェ 百名店	百名店	カフェ	2021	全国	ベーカリー&レストラン 沢村 軽井沢ハルニレテラス	長野県	https://award.tabelog.com/hyakumeiten/cafe/2021	46232	店舗照合済	2021年百名店公式選出（カフェ 百名店 全国・公式掲載順 56/100）
HYK2021-0157	13126324	食べログ	カフェ 百名店	百名店	カフェ	2021	全国	一芯二葉	東京都	https://award.tabelog.com/hyakumeiten/cafe/2021	46232	店舗照合済	2021年百名店公式選出（カフェ 百名店 全国・公式掲載順 57/100）
HYK2021-0158	13109635	食べログ	カフェ 百名店	百名店	カフェ	2021	全国	ストリーマー コーヒーカンパニー	東京都	https://award.tabelog.com/hyakumeiten/cafe/2021	46232	店舗照合済	2021年百名店公式選出（カフェ 百名店 全国・公式掲載順 58/100）
HYK2021-0159	28000366	食べログ	カフェ 百名店	百名店	カフェ	2021	全国	カフェ フロインドリーブ 本店	兵庫県	https://award.tabelog.com/hyakumeiten/cafe/2021	46232	店舗照合済	2021年百名店公式選出（カフェ 百名店 全国・公式掲載順 59/100）
HYK2021-0160	13005179	食べログ	カフェ 百名店	百名店	カフェ	2021	全国	松之助 N.Y. 東京・代官山店	東京都	https://award.tabelog.com/hyakumeiten/cafe/2021	46232	店舗照合済	2021年百名店公式選出（カフェ 百名店 全国・公式掲載順 60/100）
HYK2021-0161	26005522	食べログ	カフェ 百名店	百名店	カフェ	2021	全国	ELEPHANT FACTORY COFFEE	京都府	https://award.tabelog.com/hyakumeiten/cafe/2021	46232	店舗照合済	2021年百名店公式選出（カフェ 百名店 全国・公式掲載順 61/100）
HYK2021-0162	26023312	食べログ	カフェ 百名店	百名店	カフェ	2021	全国	ザ・ロビーラウンジ ザ・リッツ・カールトン京都	京都府	https://award.tabelog.com/hyakumeiten/cafe/2021	46232	店舗照合済	2021年百名店公式選出（カフェ 百名店 全国・公式掲載順 62/100）
HYK2021-0163	13120999	食べログ	カフェ 百名店	百名店	カフェ	2021	全国	ル・パン・コティディアン 芝公園店	東京都	https://award.tabelog.com/hyakumeiten/cafe/2021	46232	店舗照合済	2021年百名店公式選出（カフェ 百名店 全国・公式掲載順 63/100）
HYK2021-0164	13184732	食べログ	カフェ 百名店	百名店	カフェ	2021	全国	うさぎや CAFE	東京都	https://award.tabelog.com/hyakumeiten/cafe/2021	46232	店舗照合済	2021年百名店公式選出（カフェ 百名店 全国・公式掲載順 64/100）
HYK2021-0165	13225574	食べログ	カフェ 百名店	百名店	カフェ	2021	全国	ロクシタン カフェ 渋谷店	東京都	https://award.tabelog.com/hyakumeiten/cafe/2021	46232	店舗照合済	2021年百名店公式選出（カフェ 百名店 全国・公式掲載順 65/100）
HYK2021-0166	12004146	食べログ	カフェ 百名店	百名店	カフェ	2021	全国	ルーエプラッツ ツオップ	千葉県	https://award.tabelog.com/hyakumeiten/cafe/2021	46232	店舗照合済	2021年百名店公式選出（カフェ 百名店 全国・公式掲載順 66/100）
HYK2021-0167	13056474	食べログ	カフェ 百名店	百名店	カフェ	2021	全国	クルミドコーヒー	東京都	https://award.tabelog.com/hyakumeiten/cafe/2021	46232	店舗照合済	2021年百名店公式選出（カフェ 百名店 全国・公式掲載順 67/100）
HYK2021-0168	13002297	食べログ	カフェ 百名店	百名店	カフェ	2021	全国	インペリアルラウンジ アクア	東京都	https://award.tabelog.com/hyakumeiten/cafe/2021	46232	店舗照合済	2021年百名店公式選出（カフェ 百名店 全国・公式掲載順 68/100）
HYK2021-0169	13162482	食べログ	カフェ 百名店	百名店	カフェ	2021	全国	Turret Coffee	東京都	https://award.tabelog.com/hyakumeiten/cafe/2021	46232	店舗照合済	2021年百名店公式選出（カフェ 百名店 全国・公式掲載順 69/100）
HYK2021-0170	26004189	食べログ	カフェ 百名店	百名店	カフェ	2021	全国	カフェ 火裏蓮花	京都府	https://award.tabelog.com/hyakumeiten/cafe/2021	46232	店舗照合済	2021年百名店公式選出（カフェ 百名店 全国・公式掲載順 70/100）
HYK2021-0171	14035310	食べログ	カフェ 百名店	百名店	カフェ	2021	全国	bills 横浜赤レンガ倉庫	神奈川県	https://award.tabelog.com/hyakumeiten/cafe/2021	46232	店舗照合済	2021年百名店公式選出（カフェ 百名店 全国・公式掲載順 71/100）
HYK2021-0172	13043546	食べログ	カフェ 百名店	百名店	カフェ	2021	全国	茶茶の間	東京都	https://award.tabelog.com/hyakumeiten/cafe/2021	46232	店舗照合済	2021年百名店公式選出（カフェ 百名店 全国・公式掲載順 72/100）
HYK2021-0173	1000080	食べログ	カフェ 百名店	百名店	カフェ	2021	全国	森彦	北海道	https://award.tabelog.com/hyakumeiten/cafe/2021	46232	店舗照合済	2021年百名店公式選出（カフェ 百名店 全国・公式掲載順 73/100）
HYK2021-0174	13135826	食べログ	カフェ 百名店	百名店	カフェ	2021	全国	ザ リビング	東京都	https://award.tabelog.com/hyakumeiten/cafe/2021	46232	店舗照合済	2021年百名店公式選出（カフェ 百名店 全国・公式掲載順 74/100）
HYK2021-0175	13127964	食べログ	カフェ 百名店	百名店	カフェ	2021	全国	TORAYA AN STAND 青山一丁目店	東京都	https://award.tabelog.com/hyakumeiten/cafe/2021	46232	店舗照合済	2021年百名店公式選出（カフェ 百名店 全国・公式掲載順 75/100）
HYK2021-0176	13021745	食べログ	カフェ 百名店	百名店	カフェ	2021	全国	カフェ マメヒコ 三軒茶屋本店	東京都	https://award.tabelog.com/hyakumeiten/cafe/2021	46232	店舗照合済	2021年百名店公式選出（カフェ 百名店 全国・公式掲載順 76/100）
HYK2021-0177	26023725	食べログ	カフェ 百名店	百名店	カフェ	2021	全国	鳥の木珈琲	京都府	https://award.tabelog.com/hyakumeiten/cafe/2021	46232	店舗照合済	2021年百名店公式選出（カフェ 百名店 全国・公式掲載順 77/100）
HYK2021-0178	13004505	食べログ	カフェ 百名店	百名店	カフェ	2021	全国	BiOcafe	東京都	https://award.tabelog.com/hyakumeiten/cafe/2021	46232	店舗照合済	2021年百名店公式選出（カフェ 百名店 全国・公式掲載順 78/100）
HYK2021-0179	13121811	食べログ	カフェ 百名店	百名店	カフェ	2021	全国	Nicolai Bergmann NOMU	東京都	https://award.tabelog.com/hyakumeiten/cafe/2021	46232	店舗照合済	2021年百名店公式選出（カフェ 百名店 全国・公式掲載順 79/100）
HYK2021-0180	13026041	食べログ	カフェ 百名店	百名店	カフェ	2021	全国	Paul Bassett 新宿	東京都	https://award.tabelog.com/hyakumeiten/cafe/2021	46232	店舗照合済	2021年百名店公式選出（カフェ 百名店 全国・公式掲載順 80/100）
HYK2021-0181	13003369	食べログ	カフェ 百名店	百名店	カフェ	2021	全国	カフェ・ミケランジェロ	東京都	https://award.tabelog.com/hyakumeiten/cafe/2021	46232	店舗照合済	2021年百名店公式選出（カフェ 百名店 全国・公式掲載順 81/100）
HYK2021-0182	13004488	食べログ	カフェ 百名店	百名店	カフェ	2021	全国	ザ・テラス	東京都	https://award.tabelog.com/hyakumeiten/cafe/2021	46232	店舗照合済	2021年百名店公式選出（カフェ 百名店 全国・公式掲載順 82/100）
HYK2021-0183	13148003	食べログ	カフェ 百名店	百名店	カフェ	2021	全国	crisscross	東京都	https://award.tabelog.com/hyakumeiten/cafe/2021	46232	店舗照合済	2021年百名店公式選出（カフェ 百名店 全国・公式掲載順 83/100）
HYK2021-0184	13099859	食べログ	カフェ 百名店	百名店	カフェ	2021	全国	HIGASHIYA GINZA	東京都	https://award.tabelog.com/hyakumeiten/cafe/2021	46232	店舗照合済	2021年百名店公式選出（カフェ 百名店 全国・公式掲載順 84/100）
HYK2021-0185	26000627	食べログ	カフェ 百名店	百名店	カフェ	2021	全国	ムレスナティーハウス 京都	京都府	https://award.tabelog.com/hyakumeiten/cafe/2021	46232	店舗照合済	2021年百名店公式選出（カフェ 百名店 全国・公式掲載順 85/100）
HYK2021-0186	13212182	食べログ	カフェ 百名店	百名店	カフェ	2021	全国	ペリカンカフェ	東京都	https://award.tabelog.com/hyakumeiten/cafe/2021	46232	店舗照合済	2021年百名店公式選出（カフェ 百名店 全国・公式掲載順 86/100）
HYK2021-0187	13182399	食べログ	カフェ 百名店	百名店	カフェ	2021	全国	ディゾン 水道橋	東京都	https://award.tabelog.com/hyakumeiten/cafe/2021	46232	店舗照合済	2021年百名店公式選出（カフェ 百名店 全国・公式掲載順 87/100）
HYK2021-0188	13120781	食べログ	カフェ 百名店	百名店	カフェ	2021	全国	すみだ珈琲	東京都	https://award.tabelog.com/hyakumeiten/cafe/2021	46232	店舗照合済	2021年百名店公式選出（カフェ 百名店 全国・公式掲載順 88/100）
HYK2021-0189	13003817	食べログ	カフェ 百名店	百名店	カフェ	2021	全国	ル・ジャルダン	東京都	https://award.tabelog.com/hyakumeiten/cafe/2021	46232	店舗照合済	2021年百名店公式選出（カフェ 百名店 全国・公式掲載順 89/100）
HYK2021-0190	13012089	食べログ	カフェ 百名店	百名店	カフェ	2021	全国	CAFE AALIYA	東京都	https://award.tabelog.com/hyakumeiten/cafe/2021	46232	店舗照合済	2021年百名店公式選出（カフェ 百名店 全国・公式掲載順 90/100）
HYK2021-0191	13159456	食べログ	カフェ 百名店	百名店	カフェ	2021	全国	クリントン・ストリート・ベイキング・カンパニー 南青山店	東京都	https://award.tabelog.com/hyakumeiten/cafe/2021	46232	店舗照合済	2021年百名店公式選出（カフェ 百名店 全国・公式掲載順 91/100）
HYK2021-0192	27055738	食べログ	カフェ 百名店	百名店	カフェ	2021	全国	ダマン リュミエール 難波	大阪府	https://award.tabelog.com/hyakumeiten/cafe/2021	46232	店舗照合済	2021年百名店公式選出（カフェ 百名店 全国・公式掲載順 92/100）
HYK2021-0193	14002141	食べログ	カフェ 百名店	百名店	カフェ	2021	全国	カフェ・ヴィヴモン・ディモンシュ	神奈川県	https://award.tabelog.com/hyakumeiten/cafe/2021	46232	店舗照合済	2021年百名店公式選出（カフェ 百名店 全国・公式掲載順 93/100）
HYK2021-0194	27003907	食べログ	カフェ 百名店	百名店	カフェ	2021	全国	Cafe 婆沙羅 かえる堂	大阪府	https://award.tabelog.com/hyakumeiten/cafe/2021	46232	店舗照合済	2021年百名店公式選出（カフェ 百名店 全国・公式掲載順 94/100）
HYK2021-0195	13120235	食べログ	カフェ 百名店	百名店	カフェ	2021	全国	エスプレッソ ファクトリー	東京都	https://award.tabelog.com/hyakumeiten/cafe/2021	46232	店舗照合済	2021年百名店公式選出（カフェ 百名店 全国・公式掲載順 95/100）
HYK2021-0196	26001633	食べログ	カフェ 百名店	百名店	カフェ	2021	全国	カフェ・ドン バイ スフェラ	京都府	https://award.tabelog.com/hyakumeiten/cafe/2021	46232	店舗照合済	2021年百名店公式選出（カフェ 百名店 全国・公式掲載順 96/100）
HYK2021-0197	28029699	食べログ	カフェ 百名店	百名店	カフェ	2021	全国	カフェ ケシパール	兵庫県	https://award.tabelog.com/hyakumeiten/cafe/2021	46232	店舗照合済	2021年百名店公式選出（カフェ 百名店 全国・公式掲載順 97/100）
HYK2021-0198	13117790	食べログ	カフェ 百名店	百名店	カフェ	2021	全国	カフェ エメ・ヴィベール コレド室町	東京都	https://award.tabelog.com/hyakumeiten/cafe/2021	46232	店舗照合済	2021年百名店公式選出（カフェ 百名店 全国・公式掲載順 98/100）
HYK2021-0199	27073953	食べログ	カフェ 百名店	百名店	カフェ	2021	全国	Cafe AMADEUS STORY	大阪府	https://award.tabelog.com/hyakumeiten/cafe/2021	46232	店舗照合済	2021年百名店公式選出（カフェ 百名店 全国・公式掲載順 99/100）
HYK2021-0200	13180843	食べログ	カフェ 百名店	百名店	カフェ	2021	全国	ザ・ラウンジ byアマン	東京都	https://award.tabelog.com/hyakumeiten/cafe/2021	46232	店舗照合済	2021年百名店公式選出（カフェ 百名店 全国・公式掲載順 100/100）
HYK2021-0201	23032100	食べログ	中国料理 百名店	百名店	中国料理	2021	EAST	四川 China 八兵衛	愛知県	https://award.tabelog.com/hyakumeiten/chinese_east/2021	46232	店舗照合済	2021年百名店公式選出（中国料理 百名店 EAST・公式掲載順 1/100）
HYK2021-0202	23000378	食べログ	中国料理 百名店	百名店	中国料理	2021	EAST	四川	愛知県	https://award.tabelog.com/hyakumeiten/chinese_east/2021	46232	店舗照合済	2021年百名店公式選出（中国料理 百名店 EAST・公式掲載順 2/100）
HYK2021-0203	14000104	食べログ	中国料理 百名店	百名店	中国料理	2021	EAST	安記	神奈川県	https://award.tabelog.com/hyakumeiten/chinese_east/2021	46232	店舗照合済	2021年百名店公式選出（中国料理 百名店 EAST・公式掲載順 3/100）
HYK2021-0204	21000011	食べログ	中国料理 百名店	百名店	中国料理	2021	EAST	開化亭	岐阜県	https://award.tabelog.com/hyakumeiten/chinese_east/2021	46232	店舗照合済	2021年百名店公式選出（中国料理 百名店 EAST・公式掲載順 4/100）
HYK2021-0205	14006821	食べログ	中国料理 百名店	百名店	中国料理	2021	EAST	徳記	神奈川県	https://award.tabelog.com/hyakumeiten/chinese_east/2021	46232	店舗照合済	2021年百名店公式選出（中国料理 百名店 EAST・公式掲載順 5/100）
HYK2021-0206	14066990	食べログ	中国料理 百名店	百名店	中国料理	2021	EAST	イチリン ハナレ	神奈川県	https://award.tabelog.com/hyakumeiten/chinese_east/2021	46232	店舗照合済	2021年百名店公式選出（中国料理 百名店 EAST・公式掲載順 6/100）
HYK2021-0207	12020350	食べログ	中国料理 百名店	百名店	中国料理	2021	EAST	蔓山	千葉県	https://award.tabelog.com/hyakumeiten/chinese_east/2021	46232	店舗照合済	2021年百名店公式選出（中国料理 百名店 EAST・公式掲載順 7/100）
HYK2021-0208	23000323	食べログ	中国料理 百名店	百名店	中国料理	2021	EAST	梨杏	愛知県	https://award.tabelog.com/hyakumeiten/chinese_east/2021	46232	店舗照合済	2021年百名店公式選出（中国料理 百名店 EAST・公式掲載順 8/100）
HYK2021-0209	12002798	食べログ	中国料理 百名店	百名店	中国料理	2021	EAST	シルクロードガーデン	千葉県	https://award.tabelog.com/hyakumeiten/chinese_east/2021	46232	店舗照合済	2021年百名店公式選出（中国料理 百名店 EAST・公式掲載順 9/100）
HYK2021-0210	23007234	食べログ	中国料理 百名店	百名店	中国料理	2021	EAST	北京本店	愛知県	https://award.tabelog.com/hyakumeiten/chinese_east/2021	46232	店舗照合済	2021年百名店公式選出（中国料理 百名店 EAST・公式掲載順 10/100）
HYK2021-0211	14002761	食べログ	中国料理 百名店	百名店	中国料理	2021	EAST	華正樓 鎌倉店	神奈川県	https://award.tabelog.com/hyakumeiten/chinese_east/2021	46232	店舗照合済	2021年百名店公式選出（中国料理 百名店 EAST・公式掲載順 11/100）
HYK2021-0212	1047753	食べログ	中国料理 百名店	百名店	中国料理	2021	EAST	チムウォック	北海道	https://award.tabelog.com/hyakumeiten/chinese_east/2021	46232	店舗照合済	2021年百名店公式選出（中国料理 百名店 EAST・公式掲載順 12/100）
HYK2021-0213	14000042	食べログ	中国料理 百名店	百名店	中国料理	2021	EAST	中国料理 カリュウ	神奈川県	https://award.tabelog.com/hyakumeiten/chinese_east/2021	46232	店舗照合済	2021年百名店公式選出（中国料理 百名店 EAST・公式掲載順 13/100）
HYK2021-0214	14000147	食べログ	中国料理 百名店	百名店	中国料理	2021	EAST	保昌	神奈川県	https://award.tabelog.com/hyakumeiten/chinese_east/2021	46232	店舗照合済	2021年百名店公式選出（中国料理 百名店 EAST・公式掲載順 14/100）
HYK2021-0215	1004037	食べログ	中国料理 百名店	百名店	中国料理	2021	EAST	中国料理 美麗華	北海道	https://award.tabelog.com/hyakumeiten/chinese_east/2021	46232	店舗照合済	2021年百名店公式選出（中国料理 百名店 EAST・公式掲載順 15/100）
HYK2021-0216	14010899	食べログ	中国料理 百名店	百名店	中国料理	2021	EAST	陳建一 麻婆豆腐店 みなとみらい店	神奈川県	https://award.tabelog.com/hyakumeiten/chinese_east/2021	46232	店舗照合済	2021年百名店公式選出（中国料理 百名店 EAST・公式掲載順 16/100）
HYK2021-0217	23062130	食べログ	中国料理 百名店	百名店	中国料理	2021	EAST	明道町中国菜 一星	愛知県	https://award.tabelog.com/hyakumeiten/chinese_east/2021	46232	店舗照合済	2021年百名店公式選出（中国料理 百名店 EAST・公式掲載順 17/100）
HYK2021-0218	1000665	食べログ	中国料理 百名店	百名店	中国料理	2021	EAST	孔子餐店	北海道	https://award.tabelog.com/hyakumeiten/chinese_east/2021	46232	店舗照合済	2021年百名店公式選出（中国料理 百名店 EAST・公式掲載順 18/100）
HYK2021-0219	14000113	食べログ	中国料理 百名店	百名店	中国料理	2021	EAST	馬さんの店 龍仙 本館	神奈川県	https://award.tabelog.com/hyakumeiten/chinese_east/2021	46232	店舗照合済	2021年百名店公式選出（中国料理 百名店 EAST・公式掲載順 19/100）
HYK2021-0220	14013831	食べログ	中国料理 百名店	百名店	中国料理	2021	EAST	中華料理 龍鳳酒家	神奈川県	https://award.tabelog.com/hyakumeiten/chinese_east/2021	46232	店舗照合済	2021年百名店公式選出（中国料理 百名店 EAST・公式掲載順 20/100）
HYK2021-0221	23072536	食べログ	中国料理 百名店	百名店	中国料理	2021	EAST	小菜一碟	愛知県	https://award.tabelog.com/hyakumeiten/chinese_east/2021	46232	店舗照合済	2021年百名店公式選出（中国料理 百名店 EAST・公式掲載順 21/100）
HYK2021-0222	8000134	食べログ	中国料理 百名店	百名店	中国料理	2021	EAST	炎神	茨城県	https://award.tabelog.com/hyakumeiten/chinese_east/2021	46232	店舗照合済	2021年百名店公式選出（中国料理 百名店 EAST・公式掲載順 22/100）
HYK2021-0223	14039889	食べログ	中国料理 百名店	百名店	中国料理	2021	EAST	翆陽 エクシブ箱根離宮	神奈川県	https://award.tabelog.com/hyakumeiten/chinese_east/2021	46232	店舗照合済	2021年百名店公式選出（中国料理 百名店 EAST・公式掲載順 23/100）
HYK2021-0224	14000500	食べログ	中国料理 百名店	百名店	中国料理	2021	EAST	三和楼	神奈川県	https://award.tabelog.com/hyakumeiten/chinese_east/2021	46232	店舗照合済	2021年百名店公式選出（中国料理 百名店 EAST・公式掲載順 24/100）
HYK2021-0225	23000312	食べログ	中国料理 百名店	百名店	中国料理	2021	EAST	スーツァンレストラン 陳 名古屋店	愛知県	https://award.tabelog.com/hyakumeiten/chinese_east/2021	46232	店舗照合済	2021年百名店公式選出（中国料理 百名店 EAST・公式掲載順 25/100）
HYK2021-0226	14000487	食べログ	中国料理 百名店	百名店	中国料理	2021	EAST	楽園	神奈川県	https://award.tabelog.com/hyakumeiten/chinese_east/2021	46232	店舗照合済	2021年百名店公式選出（中国料理 百名店 EAST・公式掲載順 26/100）
HYK2021-0227	23002546	食べログ	中国料理 百名店	百名店	中国料理	2021	EAST	菜の花	愛知県	https://award.tabelog.com/hyakumeiten/chinese_east/2021	46232	店舗照合済	2021年百名店公式選出（中国料理 百名店 EAST・公式掲載順 27/100）
HYK2021-0228	14003055	食べログ	中国料理 百名店	百名店	中国料理	2021	EAST	菜香新館	神奈川県	https://award.tabelog.com/hyakumeiten/chinese_east/2021	46232	店舗照合済	2021年百名店公式選出（中国料理 百名店 EAST・公式掲載順 28/100）
HYK2021-0229	23063252	食べログ	中国料理 百名店	百名店	中国料理	2021	EAST	MASA'S KITCHEN 名古屋JRゲートタワー	愛知県	https://award.tabelog.com/hyakumeiten/chinese_east/2021	46232	店舗照合済	2021年百名店公式選出（中国料理 百名店 EAST・公式掲載順 29/100）
HYK2021-0230	1000195	食べログ	中国料理 百名店	百名店	中国料理	2021	EAST	中華料理 香州	北海道	https://award.tabelog.com/hyakumeiten/chinese_east/2021	46232	店舗照合済	2021年百名店公式選出（中国料理 百名店 EAST・公式掲載順 30/100）
HYK2021-0231	22000041	食べログ	中国料理 百名店	百名店	中国料理	2021	EAST	名鉄菜館	静岡県	https://award.tabelog.com/hyakumeiten/chinese_east/2021	46232	店舗照合済	2021年百名店公式選出（中国料理 百名店 EAST・公式掲載順 31/100）
HYK2021-0232	11033146	食べログ	中国料理 百名店	百名店	中国料理	2021	EAST	永吉	埼玉県	https://award.tabelog.com/hyakumeiten/chinese_east/2021	46232	店舗照合済	2021年百名店公式選出（中国料理 百名店 EAST・公式掲載順 32/100）
HYK2021-0233	14000669	食べログ	中国料理 百名店	百名店	中国料理	2021	EAST	萬来亭	神奈川県	https://award.tabelog.com/hyakumeiten/chinese_east/2021	46232	店舗照合済	2021年百名店公式選出（中国料理 百名店 EAST・公式掲載順 33/100）
HYK2021-0234	14000374	食べログ	中国料理 百名店	百名店	中国料理	2021	EAST	中国料理 皇苑	神奈川県	https://award.tabelog.com/hyakumeiten/chinese_east/2021	46232	店舗照合済	2021年百名店公式選出（中国料理 百名店 EAST・公式掲載順 34/100）
HYK2021-0235	23000289	食べログ	中国料理 百名店	百名店	中国料理	2021	EAST	ホテルオークラレストラン名古屋 中国料理 桃花林	愛知県	https://award.tabelog.com/hyakumeiten/chinese_east/2021	46232	店舗照合済	2021年百名店公式選出（中国料理 百名店 EAST・公式掲載順 35/100）
HYK2021-0236	14041213	食べログ	中国料理 百名店	百名店	中国料理	2021	EAST	DRAGON酒家 本店	神奈川県	https://award.tabelog.com/hyakumeiten/chinese_east/2021	46232	店舗照合済	2021年百名店公式選出（中国料理 百名店 EAST・公式掲載順 36/100）
HYK2021-0237	14005832	食べログ	中国料理 百名店	百名店	中国料理	2021	EAST	広東料理 吉兆	神奈川県	https://award.tabelog.com/hyakumeiten/chinese_east/2021	46232	店舗照合済	2021年百名店公式選出（中国料理 百名店 EAST・公式掲載順 37/100）
HYK2021-0238	23000585	食べログ	中国料理 百名店	百名店	中国料理	2021	EAST	涵梅舫	愛知県	https://award.tabelog.com/hyakumeiten/chinese_east/2021	46232	店舗照合済	2021年百名店公式選出（中国料理 百名店 EAST・公式掲載順 38/100）
HYK2021-0239	23000319	食べログ	中国料理 百名店	百名店	中国料理	2021	EAST	中国料理 「王朝」 ヒルトン名古屋	愛知県	https://award.tabelog.com/hyakumeiten/chinese_east/2021	46232	店舗照合済	2021年百名店公式選出（中国料理 百名店 EAST・公式掲載順 39/100）
HYK2021-0240	14000499	食べログ	中国料理 百名店	百名店	中国料理	2021	EAST	景徳鎮	神奈川県	https://award.tabelog.com/hyakumeiten/chinese_east/2021	46232	店舗照合済	2021年百名店公式選出（中国料理 百名店 EAST・公式掲載順 40/100）
HYK2021-0241	1034189	食べログ	中国料理 百名店	百名店	中国料理	2021	EAST	順香	北海道	https://award.tabelog.com/hyakumeiten/chinese_east/2021	46232	店舗照合済	2021年百名店公式選出（中国料理 百名店 EAST・公式掲載順 41/100）
HYK2021-0242	23033553	食べログ	中国料理 百名店	百名店	中国料理	2021	EAST	茗圃	愛知県	https://award.tabelog.com/hyakumeiten/chinese_east/2021	46232	店舗照合済	2021年百名店公式選出（中国料理 百名店 EAST・公式掲載順 42/100）
HYK2021-0243	12004381	食べログ	中国料理 百名店	百名店	中国料理	2021	EAST	文菜華	千葉県	https://award.tabelog.com/hyakumeiten/chinese_east/2021	46232	店舗照合済	2021年百名店公式選出（中国料理 百名店 EAST・公式掲載順 43/100）
HYK2021-0244	14000484	食べログ	中国料理 百名店	百名店	中国料理	2021	EAST	慶華飯店	神奈川県	https://award.tabelog.com/hyakumeiten/chinese_east/2021	46232	店舗照合済	2021年百名店公式選出（中国料理 百名店 EAST・公式掲載順 44/100）
HYK2021-0245	1000246	食べログ	中国料理 百名店	百名店	中国料理	2021	EAST	黄鶴	北海道	https://award.tabelog.com/hyakumeiten/chinese_east/2021	46232	店舗照合済	2021年百名店公式選出（中国料理 百名店 EAST・公式掲載順 45/100）
HYK2021-0246	23006292	食べログ	中国料理 百名店	百名店	中国料理	2021	EAST	中国料理 吉珍樓 ルーセントタワー店	愛知県	https://award.tabelog.com/hyakumeiten/chinese_east/2021	46232	店舗照合済	2021年百名店公式選出（中国料理 百名店 EAST・公式掲載順 46/100）
HYK2021-0247	23000564	食べログ	中国料理 百名店	百名店	中国料理	2021	EAST	Joe'skitchen	愛知県	https://award.tabelog.com/hyakumeiten/chinese_east/2021	46232	店舗照合済	2021年百名店公式選出（中国料理 百名店 EAST・公式掲載順 47/100）
HYK2021-0248	14001910	食べログ	中国料理 百名店	百名店	中国料理	2021	EAST	中華成喜	神奈川県	https://award.tabelog.com/hyakumeiten/chinese_east/2021	46232	店舗照合済	2021年百名店公式選出（中国料理 百名店 EAST・公式掲載順 48/100）
HYK2021-0249	14000514	食べログ	中国料理 百名店	百名店	中国料理	2021	EAST	招福門 横浜本店	神奈川県	https://award.tabelog.com/hyakumeiten/chinese_east/2021	46232	店舗照合済	2021年百名店公式選出（中国料理 百名店 EAST・公式掲載順 49/100）
HYK2021-0250	1000972	食べログ	中国料理 百名店	百名店	中国料理	2021	EAST	中華料理 唐韻	北海道	https://award.tabelog.com/hyakumeiten/chinese_east/2021	46232	店舗照合済	2021年百名店公式選出（中国料理 百名店 EAST・公式掲載順 50/100）
HYK2021-0251	23000273	食べログ	中国料理 百名店	百名店	中国料理	2021	EAST	江南 本店	愛知県	https://award.tabelog.com/hyakumeiten/chinese_east/2021	46232	店舗照合済	2021年百名店公式選出（中国料理 百名店 EAST・公式掲載順 51/100）
HYK2021-0252	14000539	食べログ	中国料理 百名店	百名店	中国料理	2021	EAST	李園	神奈川県	https://award.tabelog.com/hyakumeiten/chinese_east/2021	46232	店舗照合済	2021年百名店公式選出（中国料理 百名店 EAST・公式掲載順 52/100）
HYK2021-0253	23007289	食べログ	中国料理 百名店	百名店	中国料理	2021	EAST	城北飯店	愛知県	https://award.tabelog.com/hyakumeiten/chinese_east/2021	46232	店舗照合済	2021年百名店公式選出（中国料理 百名店 EAST・公式掲載順 53/100）
HYK2021-0254	4000056	食べログ	中国料理 百名店	百名店	中国料理	2021	EAST	中国料理 龍亭	宮城県	https://award.tabelog.com/hyakumeiten/chinese_east/2021	46232	店舗照合済	2021年百名店公式選出（中国料理 百名店 EAST・公式掲載順 54/100）
HYK2021-0255	1005627	食べログ	中国料理 百名店	百名店	中国料理	2021	EAST	宮の森れんげ堂	北海道	https://award.tabelog.com/hyakumeiten/chinese_east/2021	46232	店舗照合済	2021年百名店公式選出（中国料理 百名店 EAST・公式掲載順 55/100）
HYK2021-0256	14000107	食べログ	中国料理 百名店	百名店	中国料理	2021	EAST	奇珍	神奈川県	https://award.tabelog.com/hyakumeiten/chinese_east/2021	46232	店舗照合済	2021年百名店公式選出（中国料理 百名店 EAST・公式掲載順 56/100）
HYK2021-0257	14004028	食べログ	中国料理 百名店	百名店	中国料理	2021	EAST	北京 川崎宮崎台店	神奈川県	https://award.tabelog.com/hyakumeiten/chinese_east/2021	46232	店舗照合済	2021年百名店公式選出（中国料理 百名店 EAST・公式掲載順 57/100）
HYK2021-0258	14003056	食べログ	中国料理 百名店	百名店	中国料理	2021	EAST	横浜中華街 中國上海料理 四五六菜館 本館	神奈川県	https://award.tabelog.com/hyakumeiten/chinese_east/2021	46232	店舗照合済	2021年百名店公式選出（中国料理 百名店 EAST・公式掲載順 58/100）
HYK2021-0259	12000282	食べログ	中国料理 百名店	百名店	中国料理	2021	EAST	川菜味	千葉県	https://award.tabelog.com/hyakumeiten/chinese_east/2021	46232	店舗照合済	2021年百名店公式選出（中国料理 百名店 EAST・公式掲載順 59/100）
HYK2021-0260	14012625	食べログ	中国料理 百名店	百名店	中国料理	2021	EAST	華正樓 高島屋新横浜店	神奈川県	https://award.tabelog.com/hyakumeiten/chinese_east/2021	46232	店舗照合済	2021年百名店公式選出（中国料理 百名店 EAST・公式掲載順 60/100）
HYK2021-0261	14000128	食べログ	中国料理 百名店	百名店	中国料理	2021	EAST	萬珍樓點心舗	神奈川県	https://award.tabelog.com/hyakumeiten/chinese_east/2021	46232	店舗照合済	2021年百名店公式選出（中国料理 百名店 EAST・公式掲載順 61/100）
HYK2021-0262	14001178	食べログ	中国料理 百名店	百名店	中国料理	2021	EAST	京華樓	神奈川県	https://award.tabelog.com/hyakumeiten/chinese_east/2021	46232	店舗照合済	2021年百名店公式選出（中国料理 百名店 EAST・公式掲載順 62/100）
HYK2021-0263	1005513	食べログ	中国料理 百名店	百名店	中国料理	2021	EAST	赤坂 四川飯店 札幌ガーデンパレス店	北海道	https://award.tabelog.com/hyakumeiten/chinese_east/2021	46232	店舗照合済	2021年百名店公式選出（中国料理 百名店 EAST・公式掲載順 63/100）
HYK2021-0264	14000069	食べログ	中国料理 百名店	百名店	中国料理	2021	EAST	崎陽軒本店 嘉宮	神奈川県	https://award.tabelog.com/hyakumeiten/chinese_east/2021	46232	店舗照合済	2021年百名店公式選出（中国料理 百名店 EAST・公式掲載順 64/100）
HYK2021-0265	23000528	食べログ	中国料理 百名店	百名店	中国料理	2021	EAST	錦城 本店	愛知県	https://award.tabelog.com/hyakumeiten/chinese_east/2021	46232	店舗照合済	2021年百名店公式選出（中国料理 百名店 EAST・公式掲載順 65/100）
HYK2021-0266	1001655	食べログ	中国料理 百名店	百名店	中国料理	2021	EAST	玉林酒家	北海道	https://award.tabelog.com/hyakumeiten/chinese_east/2021	46232	店舗照合済	2021年百名店公式選出（中国料理 百名店 EAST・公式掲載順 66/100）
HYK2021-0267	11004552	食べログ	中国料理 百名店	百名店	中国料理	2021	EAST	啓徳	埼玉県	https://award.tabelog.com/hyakumeiten/chinese_east/2021	46232	店舗照合済	2021年百名店公式選出（中国料理 百名店 EAST・公式掲載順 67/100）
HYK2021-0268	14000485	食べログ	中国料理 百名店	百名店	中国料理	2021	EAST	一楽	神奈川県	https://award.tabelog.com/hyakumeiten/chinese_east/2021	46232	店舗照合済	2021年百名店公式選出（中国料理 百名店 EAST・公式掲載順 68/100）
HYK2021-0269	14011856	食べログ	中国料理 百名店	百名店	中国料理	2021	EAST	CHINA TABLE 花木蘭	神奈川県	https://award.tabelog.com/hyakumeiten/chinese_east/2021	46232	店舗照合済	2021年百名店公式選出（中国料理 百名店 EAST・公式掲載順 69/100）
HYK2021-0270	1001971	食べログ	中国料理 百名店	百名店	中国料理	2021	EAST	中国料理 布袋 本店	北海道	https://award.tabelog.com/hyakumeiten/chinese_east/2021	46232	店舗照合済	2021年百名店公式選出（中国料理 百名店 EAST・公式掲載順 70/100）
HYK2021-0271	14064517	食べログ	中国料理 百名店	百名店	中国料理	2021	EAST	南粤美食	神奈川県	https://award.tabelog.com/hyakumeiten/chinese_east/2021	46232	店舗照合済	2021年百名店公式選出（中国料理 百名店 EAST・公式掲載順 71/100）
HYK2021-0272	14040668	食べログ	中国料理 百名店	百名店	中国料理	2021	EAST	鵬天閣 新館	神奈川県	https://award.tabelog.com/hyakumeiten/chinese_east/2021	46232	店舗照合済	2021年百名店公式選出（中国料理 百名店 EAST・公式掲載順 72/100）
HYK2021-0273	14016280	食べログ	中国料理 百名店	百名店	中国料理	2021	EAST	三鶴	神奈川県	https://award.tabelog.com/hyakumeiten/chinese_east/2021	46232	店舗照合済	2021年百名店公式選出（中国料理 百名店 EAST・公式掲載順 73/100）
HYK2021-0274	14004715	食べログ	中国料理 百名店	百名店	中国料理	2021	EAST	中国家庭料理 神洲之華	神奈川県	https://award.tabelog.com/hyakumeiten/chinese_east/2021	46232	店舗照合済	2021年百名店公式選出（中国料理 百名店 EAST・公式掲載順 74/100）
HYK2021-0275	9000148	食べログ	中国料理 百名店	百名店	中国料理	2021	EAST	中華園	栃木県	https://award.tabelog.com/hyakumeiten/chinese_east/2021	46232	店舗照合済	2021年百名店公式選出（中国料理 百名店 EAST・公式掲載順 75/100）
HYK2021-0276	14000152	食べログ	中国料理 百名店	百名店	中国料理	2021	EAST	中華菜館 同發 本館	神奈川県	https://award.tabelog.com/hyakumeiten/chinese_east/2021	46232	店舗照合済	2021年百名店公式選出（中国料理 百名店 EAST・公式掲載順 76/100）
HYK2021-0277	14031172	食べログ	中国料理 百名店	百名店	中国料理	2021	EAST	中国旬菜 茶馬燕	神奈川県	https://award.tabelog.com/hyakumeiten/chinese_east/2021	46232	店舗照合済	2021年百名店公式選出（中国料理 百名店 EAST・公式掲載順 77/100）
HYK2021-0278	1000033	食べログ	中国料理 百名店	百名店	中国料理	2021	EAST	四川料理 桃源郷	北海道	https://award.tabelog.com/hyakumeiten/chinese_east/2021	46232	店舗照合済	2021年百名店公式選出（中国料理 百名店 EAST・公式掲載順 78/100）
HYK2021-0279	14001739	食べログ	中国料理 百名店	百名店	中国料理	2021	EAST	松の樹	神奈川県	https://award.tabelog.com/hyakumeiten/chinese_east/2021	46232	店舗照合済	2021年百名店公式選出（中国料理 百名店 EAST・公式掲載順 79/100）
HYK2021-0280	23010210	食べログ	中国料理 百名店	百名店	中国料理	2021	EAST	海鮮中国料理黄河	愛知県	https://award.tabelog.com/hyakumeiten/chinese_east/2021	46232	店舗照合済	2021年百名店公式選出（中国料理 百名店 EAST・公式掲載順 80/100）
HYK2021-0281	14005003	食べログ	中国料理 百名店	百名店	中国料理	2021	EAST	華隆餐館	神奈川県	https://award.tabelog.com/hyakumeiten/chinese_east/2021	46232	店舗照合済	2021年百名店公式選出（中国料理 百名店 EAST・公式掲載順 81/100）
HYK2021-0282	14001312	食べログ	中国料理 百名店	百名店	中国料理	2021	EAST	中国料理 彩龍	神奈川県	https://award.tabelog.com/hyakumeiten/chinese_east/2021	46232	店舗照合済	2021年百名店公式選出（中国料理 百名店 EAST・公式掲載順 82/100）
HYK2021-0283	4022461	食べログ	中国料理 百名店	百名店	中国料理	2021	EAST	クロモリ	宮城県	https://award.tabelog.com/hyakumeiten/chinese_east/2021	46232	店舗照合済	2021年百名店公式選出（中国料理 百名店 EAST・公式掲載順 83/100）
HYK2021-0284	14001480	食べログ	中国料理 百名店	百名店	中国料理	2021	EAST	天啓	神奈川県	https://award.tabelog.com/hyakumeiten/chinese_east/2021	46232	店舗照合済	2021年百名店公式選出（中国料理 百名店 EAST・公式掲載順 84/100）
HYK2021-0285	14000140	食べログ	中国料理 百名店	百名店	中国料理	2021	EAST	聘珍樓 横濱本店	神奈川県	https://award.tabelog.com/hyakumeiten/chinese_east/2021	46232	店舗照合済	2021年百名店公式選出（中国料理 百名店 EAST・公式掲載順 85/100）
HYK2021-0286	14000144	食べログ	中国料理 百名店	百名店	中国料理	2021	EAST	萬珍樓 本店	神奈川県	https://award.tabelog.com/hyakumeiten/chinese_east/2021	46232	店舗照合済	2021年百名店公式選出（中国料理 百名店 EAST・公式掲載順 86/100）
HYK2021-0287	14009596	食べログ	中国料理 百名店	百名店	中国料理	2021	EAST	粥菜坊	神奈川県	https://award.tabelog.com/hyakumeiten/chinese_east/2021	46232	店舗照合済	2021年百名店公式選出（中国料理 百名店 EAST・公式掲載順 87/100）
HYK2021-0288	14000501	食べログ	中国料理 百名店	百名店	中国料理	2021	EAST	清風楼	神奈川県	https://award.tabelog.com/hyakumeiten/chinese_east/2021	46232	店舗照合済	2021年百名店公式選出（中国料理 百名店 EAST・公式掲載順 88/100）
HYK2021-0289	14000137	食べログ	中国料理 百名店	百名店	中国料理	2021	EAST	海員閣	神奈川県	https://award.tabelog.com/hyakumeiten/chinese_east/2021	46232	店舗照合済	2021年百名店公式選出（中国料理 百名店 EAST・公式掲載順 89/100）
HYK2021-0290	14007196	食べログ	中国料理 百名店	百名店	中国料理	2021	EAST	獅門酒楼	神奈川県	https://award.tabelog.com/hyakumeiten/chinese_east/2021	46232	店舗照合済	2021年百名店公式選出（中国料理 百名店 EAST・公式掲載順 90/100）
HYK2021-0291	14009251	食べログ	中国料理 百名店	百名店	中国料理	2021	EAST	龍味	神奈川県	https://award.tabelog.com/hyakumeiten/chinese_east/2021	46232	店舗照合済	2021年百名店公式選出（中国料理 百名店 EAST・公式掲載順 91/100）
HYK2021-0292	14011823	食べログ	中国料理 百名店	百名店	中国料理	2021	EAST	酔来軒	神奈川県	https://award.tabelog.com/hyakumeiten/chinese_east/2021	46232	店舗照合済	2021年百名店公式選出（中国料理 百名店 EAST・公式掲載順 92/100）
HYK2021-0293	14000679	食べログ	中国料理 百名店	百名店	中国料理	2021	EAST	横浜中華街 北京飯店	神奈川県	https://award.tabelog.com/hyakumeiten/chinese_east/2021	46232	店舗照合済	2021年百名店公式選出（中国料理 百名店 EAST・公式掲載順 93/100）
HYK2021-0294	14000101	食べログ	中国料理 百名店	百名店	中国料理	2021	EAST	謝甜記	神奈川県	https://award.tabelog.com/hyakumeiten/chinese_east/2021	46232	店舗照合済	2021年百名店公式選出（中国料理 百名店 EAST・公式掲載順 94/100）
HYK2021-0295	14003796	食べログ	中国料理 百名店	百名店	中国料理	2021	EAST	中華菜館 同發 別館	神奈川県	https://award.tabelog.com/hyakumeiten/chinese_east/2021	46232	店舗照合済	2021年百名店公式選出（中国料理 百名店 EAST・公式掲載順 95/100）
HYK2021-0296	23064306	食べログ	中国料理 百名店	百名店	中国料理	2021	EAST	中国飯店 麗穂	愛知県	https://award.tabelog.com/hyakumeiten/chinese_east/2021	46232	店舗照合済	2021年百名店公式選出（中国料理 百名店 EAST・公式掲載順 96/100）
HYK2021-0297	14000099	食べログ	中国料理 百名店	百名店	中国料理	2021	EAST	横浜大飯店	神奈川県	https://award.tabelog.com/hyakumeiten/chinese_east/2021	46232	店舗照合済	2021年百名店公式選出（中国料理 百名店 EAST・公式掲載順 97/100）
HYK2021-0298	14000502	食べログ	中国料理 百名店	百名店	中国料理	2021	EAST	状元樓 本店	神奈川県	https://award.tabelog.com/hyakumeiten/chinese_east/2021	46232	店舗照合済	2021年百名店公式選出（中国料理 百名店 EAST・公式掲載順 98/100）
HYK2021-0299	23064708	食べログ	中国料理 百名店	百名店	中国料理	2021	EAST	ル シノワ サノ イズミ	愛知県	https://award.tabelog.com/hyakumeiten/chinese_east/2021	46232	店舗照合済	2021年百名店公式選出（中国料理 百名店 EAST・公式掲載順 99/100）
HYK2021-0300	14000676	食べログ	中国料理 百名店	百名店	中国料理	2021	EAST	謝甜記 貮号店	神奈川県	https://award.tabelog.com/hyakumeiten/chinese_east/2021	46232	店舗照合済	2021年百名店公式選出（中国料理 百名店 EAST・公式掲載順 100/100）
HYK2021-0301	13115780	食べログ	中国料理 百名店	百名店	中国料理	2021	TOKYO	中国菜老四川 飄香 銀座三越店	東京都	https://award.tabelog.com/hyakumeiten/chinese_tokyo/2021	46232	店舗照合済	2021年百名店公式選出（中国料理 百名店 TOKYO・公式掲載順 1/100）
HYK2021-0302	13004490	食べログ	中国料理 百名店	百名店	中国料理	2021	TOKYO	龍天門	東京都	https://award.tabelog.com/hyakumeiten/chinese_tokyo/2021	46232	店舗照合済	2021年百名店公式選出（中国料理 百名店 TOKYO・公式掲載順 2/100）
HYK2021-0303	13194122	食べログ	中国料理 百名店	百名店	中国料理	2021	TOKYO	虎峰	東京都	https://award.tabelog.com/hyakumeiten/chinese_tokyo/2021	46232	店舗照合済	2021年百名店公式選出（中国料理 百名店 TOKYO・公式掲載順 3/100）
HYK2021-0304	13000548	食べログ	中国料理 百名店	百名店	中国料理	2021	TOKYO	家全七福酒家 SEVENTH SON RESTAURANT 丸ビル店	東京都	https://award.tabelog.com/hyakumeiten/chinese_tokyo/2021	46232	店舗照合済	2021年百名店公式選出（中国料理 百名店 TOKYO・公式掲載順 4/100）
HYK2021-0305	13022755	食べログ	中国料理 百名店	百名店	中国料理	2021	TOKYO	周中菜房 白金亭	東京都	https://award.tabelog.com/hyakumeiten/chinese_tokyo/2021	46232	店舗照合済	2021年百名店公式選出（中国料理 百名店 TOKYO・公式掲載順 5/100）
HYK2021-0306	13104815	食べログ	中国料理 百名店	百名店	中国料理	2021	TOKYO	紫玉蘭	東京都	https://award.tabelog.com/hyakumeiten/chinese_tokyo/2021	46232	店舗照合済	2021年百名店公式選出（中国料理 百名店 TOKYO・公式掲載順 6/100）
HYK2021-0307	13039870	食べログ	中国料理 百名店	百名店	中国料理	2021	TOKYO	南青山エッセンス	東京都	https://award.tabelog.com/hyakumeiten/chinese_tokyo/2021	46232	店舗照合済	2021年百名店公式選出（中国料理 百名店 TOKYO・公式掲載順 7/100）
HYK2021-0308	13000434	食べログ	中国料理 百名店	百名店	中国料理	2021	TOKYO	赤坂 四川飯店	東京都	https://award.tabelog.com/hyakumeiten/chinese_tokyo/2021	46232	店舗照合済	2021年百名店公式選出（中国料理 百名店 TOKYO・公式掲載順 8/100）
HYK2021-0309	13000411	食べログ	中国料理 百名店	百名店	中国料理	2021	TOKYO	新世界菜館	東京都	https://award.tabelog.com/hyakumeiten/chinese_tokyo/2021	46232	店舗照合済	2021年百名店公式選出（中国料理 百名店 TOKYO・公式掲載順 9/100）
HYK2021-0310	13183555	食べログ	中国料理 百名店	百名店	中国料理	2021	TOKYO	レンゲ	東京都	https://award.tabelog.com/hyakumeiten/chinese_tokyo/2021	46232	店舗照合済	2021年百名店公式選出（中国料理 百名店 TOKYO・公式掲載順 10/100）
HYK2021-0311	13003700	食べログ	中国料理 百名店	百名店	中国料理	2021	TOKYO	龍圓	東京都	https://award.tabelog.com/hyakumeiten/chinese_tokyo/2021	46232	店舗照合済	2021年百名店公式選出（中国料理 百名店 TOKYO・公式掲載順 11/100）
HYK2021-0312	13000884	食べログ	中国料理 百名店	百名店	中国料理	2021	TOKYO	シェフス	東京都	https://award.tabelog.com/hyakumeiten/chinese_tokyo/2021	46232	店舗照合済	2021年百名店公式選出（中国料理 百名店 TOKYO・公式掲載順 12/100）
HYK2021-0313	13001509	食べログ	中国料理 百名店	百名店	中国料理	2021	TOKYO	味芳斎 支店	東京都	https://award.tabelog.com/hyakumeiten/chinese_tokyo/2021	46232	店舗照合済	2021年百名店公式選出（中国料理 百名店 TOKYO・公式掲載順 13/100）
HYK2021-0314	13217960	食べログ	中国料理 百名店	百名店	中国料理	2021	TOKYO	GINZA JOTAKI	東京都	https://award.tabelog.com/hyakumeiten/chinese_tokyo/2021	46232	店舗照合済	2021年百名店公式選出（中国料理 百名店 TOKYO・公式掲載順 14/100）
HYK2021-0315	13001909	食べログ	中国料理 百名店	百名店	中国料理	2021	TOKYO	スーツァン・レストラン陳 渋谷店	東京都	https://award.tabelog.com/hyakumeiten/chinese_tokyo/2021	46232	店舗照合済	2021年百名店公式選出（中国料理 百名店 TOKYO・公式掲載順 15/100）
HYK2021-0316	13194172	食べログ	中国料理 百名店	百名店	中国料理	2021	TOKYO	豊栄	東京都	https://award.tabelog.com/hyakumeiten/chinese_tokyo/2021	46232	店舗照合済	2021年百名店公式選出（中国料理 百名店 TOKYO・公式掲載順 16/100）
HYK2021-0317	13020361	食べログ	中国料理 百名店	百名店	中国料理	2021	TOKYO	広東料理 センス	東京都	https://award.tabelog.com/hyakumeiten/chinese_tokyo/2021	46232	店舗照合済	2021年百名店公式選出（中国料理 百名店 TOKYO・公式掲載順 17/100）
HYK2021-0318	13003323	食べログ	中国料理 百名店	百名店	中国料理	2021	TOKYO	筑紫樓 恵比寿店	東京都	https://award.tabelog.com/hyakumeiten/chinese_tokyo/2021	46232	店舗照合済	2021年百名店公式選出（中国料理 百名店 TOKYO・公式掲載順 18/100）
HYK2021-0319	13006081	食べログ	中国料理 百名店	百名店	中国料理	2021	TOKYO	シャンウェイ 本店	東京都	https://award.tabelog.com/hyakumeiten/chinese_tokyo/2021	46232	店舗照合済	2021年百名店公式選出（中国料理 百名店 TOKYO・公式掲載順 19/100）
HYK2021-0320	13001342	食べログ	中国料理 百名店	百名店	中国料理	2021	TOKYO	珉珉	東京都	https://award.tabelog.com/hyakumeiten/chinese_tokyo/2021	46232	店舗照合済	2021年百名店公式選出（中国料理 百名店 TOKYO・公式掲載順 20/100）
HYK2021-0321	13001116	食べログ	中国料理 百名店	百名店	中国料理	2021	TOKYO	潮州	東京都	https://award.tabelog.com/hyakumeiten/chinese_tokyo/2021	46232	店舗照合済	2021年百名店公式選出（中国料理 百名店 TOKYO・公式掲載順 21/100）
HYK2021-0322	13174080	食べログ	中国料理 百名店	百名店	中国料理	2021	TOKYO	涵梅舫 銀座店	東京都	https://award.tabelog.com/hyakumeiten/chinese_tokyo/2021	46232	店舗照合済	2021年百名店公式選出（中国料理 百名店 TOKYO・公式掲載順 22/100）
HYK2021-0323	13001102	食べログ	中国料理 百名店	百名店	中国料理	2021	TOKYO	北京遊膳	東京都	https://award.tabelog.com/hyakumeiten/chinese_tokyo/2021	46232	店舗照合済	2021年百名店公式選出（中国料理 百名店 TOKYO・公式掲載順 23/100）
HYK2021-0324	13004350	食べログ	中国料理 百名店	百名店	中国料理	2021	TOKYO	龍口酒家 本店	東京都	https://award.tabelog.com/hyakumeiten/chinese_tokyo/2021	46232	店舗照合済	2021年百名店公式選出（中国料理 百名店 TOKYO・公式掲載順 24/100）
HYK2021-0325	13009143	食べログ	中国料理 百名店	百名店	中国料理	2021	TOKYO	味坊	東京都	https://award.tabelog.com/hyakumeiten/chinese_tokyo/2021	46232	店舗照合済	2021年百名店公式選出（中国料理 百名店 TOKYO・公式掲載順 25/100）
HYK2021-0326	13002527	食べログ	中国料理 百名店	百名店	中国料理	2021	TOKYO	桃花源	東京都	https://award.tabelog.com/hyakumeiten/chinese_tokyo/2021	46232	店舗照合済	2021年百名店公式選出（中国料理 百名店 TOKYO・公式掲載順 26/100）
HYK2021-0327	13241948	食べログ	中国料理 百名店	百名店	中国料理	2021	TOKYO	ShinoiS	東京都	https://award.tabelog.com/hyakumeiten/chinese_tokyo/2021	46232	店舗照合済	2021年百名店公式選出（中国料理 百名店 TOKYO・公式掲載順 27/100）
HYK2021-0328	13153417	食べログ	中国料理 百名店	百名店	中国料理	2021	TOKYO	東京チャイニーズ 一凛	東京都	https://award.tabelog.com/hyakumeiten/chinese_tokyo/2021	46232	店舗照合済	2021年百名店公式選出（中国料理 百名店 TOKYO・公式掲載順 28/100）
HYK2021-0329	13004967	食べログ	中国料理 百名店	百名店	中国料理	2021	TOKYO	中国飯店 富麗華	東京都	https://award.tabelog.com/hyakumeiten/chinese_tokyo/2021	46232	店舗照合済	2021年百名店公式選出（中国料理 百名店 TOKYO・公式掲載順 29/100）
HYK2021-0330	13022712	食べログ	中国料理 百名店	百名店	中国料理	2021	TOKYO	過橋米線 秋葉原店	東京都	https://award.tabelog.com/hyakumeiten/chinese_tokyo/2021	46232	店舗照合済	2021年百名店公式選出（中国料理 百名店 TOKYO・公式掲載順 30/100）
HYK2021-0331	13168401	食べログ	中国料理 百名店	百名店	中国料理	2021	TOKYO	私厨房 勇	東京都	https://award.tabelog.com/hyakumeiten/chinese_tokyo/2021	46232	店舗照合済	2021年百名店公式選出（中国料理 百名店 TOKYO・公式掲載順 31/100）
HYK2021-0332	13001271	食べログ	中国料理 百名店	百名店	中国料理	2021	TOKYO	香妃園	東京都	https://award.tabelog.com/hyakumeiten/chinese_tokyo/2021	46232	店舗照合済	2021年百名店公式選出（中国料理 百名店 TOKYO・公式掲載順 32/100）
HYK2021-0333	13235226	食べログ	中国料理 百名店	百名店	中国料理	2021	TOKYO	サウスラボ 南方	東京都	https://award.tabelog.com/hyakumeiten/chinese_tokyo/2021	46232	店舗照合済	2021年百名店公式選出（中国料理 百名店 TOKYO・公式掲載順 33/100）
HYK2021-0334	13112320	食べログ	中国料理 百名店	百名店	中国料理	2021	TOKYO	四川雅園	東京都	https://award.tabelog.com/hyakumeiten/chinese_tokyo/2021	46232	店舗照合済	2021年百名店公式選出（中国料理 百名店 TOKYO・公式掲載順 34/100）
HYK2021-0335	13132399	食べログ	中国料理 百名店	百名店	中国料理	2021	TOKYO	海鮮名菜 香宮	東京都	https://award.tabelog.com/hyakumeiten/chinese_tokyo/2021	46232	店舗照合済	2021年百名店公式選出（中国料理 百名店 TOKYO・公式掲載順 35/100）
HYK2021-0336	13147494	食べログ	中国料理 百名店	百名店	中国料理	2021	TOKYO	カントニーズ 燕 ケン タカセ	東京都	https://award.tabelog.com/hyakumeiten/chinese_tokyo/2021	46232	店舗照合済	2021年百名店公式選出（中国料理 百名店 TOKYO・公式掲載順 36/100）
HYK2021-0337	13147894	食べログ	中国料理 百名店	百名店	中国料理	2021	TOKYO	聚福楼	東京都	https://award.tabelog.com/hyakumeiten/chinese_tokyo/2021	46232	店舗照合済	2021年百名店公式選出（中国料理 百名店 TOKYO・公式掲載順 37/100）
HYK2021-0338	13141454	食べログ	中国料理 百名店	百名店	中国料理	2021	TOKYO	広尾はしづめ	東京都	https://award.tabelog.com/hyakumeiten/chinese_tokyo/2021	46232	店舗照合済	2021年百名店公式選出（中国料理 百名店 TOKYO・公式掲載順 38/100）
HYK2021-0339	13200117	食べログ	中国料理 百名店	百名店	中国料理	2021	TOKYO	CINA New Modern Chinese	東京都	https://award.tabelog.com/hyakumeiten/chinese_tokyo/2021	46232	店舗照合済	2021年百名店公式選出（中国料理 百名店 TOKYO・公式掲載順 39/100）
HYK2021-0340	13025787	食べログ	中国料理 百名店	百名店	中国料理	2021	TOKYO	交通飯店	東京都	https://award.tabelog.com/hyakumeiten/chinese_tokyo/2021	46232	店舗照合済	2021年百名店公式選出（中国料理 百名店 TOKYO・公式掲載順 40/100）
HYK2021-0341	13005028	食べログ	中国料理 百名店	百名店	中国料理	2021	TOKYO	赤坂璃宮 赤坂本店	東京都	https://award.tabelog.com/hyakumeiten/chinese_tokyo/2021	46232	店舗照合済	2021年百名店公式選出（中国料理 百名店 TOKYO・公式掲載順 41/100）
HYK2021-0342	13172920	食べログ	中国料理 百名店	百名店	中国料理	2021	TOKYO	趙楊	東京都	https://award.tabelog.com/hyakumeiten/chinese_tokyo/2021	46232	店舗照合済	2021年百名店公式選出（中国料理 百名店 TOKYO・公式掲載順 42/100）
HYK2021-0343	13115202	食べログ	中国料理 百名店	百名店	中国料理	2021	TOKYO	黒猫夜 六本木店	東京都	https://award.tabelog.com/hyakumeiten/chinese_tokyo/2021	46232	店舗照合済	2021年百名店公式選出（中国料理 百名店 TOKYO・公式掲載順 43/100）
HYK2021-0344	13123634	食べログ	中国料理 百名店	百名店	中国料理	2021	TOKYO	中華香彩JASMINE 広尾本店	東京都	https://award.tabelog.com/hyakumeiten/chinese_tokyo/2021	46232	店舗照合済	2021年百名店公式選出（中国料理 百名店 TOKYO・公式掲載順 44/100）
HYK2021-0345	13002871	食べログ	中国料理 百名店	百名店	中国料理	2021	TOKYO	メゾン・ド・ユーロン	東京都	https://award.tabelog.com/hyakumeiten/chinese_tokyo/2021	46232	店舗照合済	2021年百名店公式選出（中国料理 百名店 TOKYO・公式掲載順 45/100）
HYK2021-0346	13229559	食べログ	中国料理 百名店	百名店	中国料理	2021	TOKYO	4000 Chinese Restaurant	東京都	https://award.tabelog.com/hyakumeiten/chinese_tokyo/2021	46232	店舗照合済	2021年百名店公式選出（中国料理 百名店 TOKYO・公式掲載順 46/100）
HYK2021-0347	13020918	食べログ	中国料理 百名店	百名店	中国料理	2021	TOKYO	四川家庭料理 珍々	東京都	https://award.tabelog.com/hyakumeiten/chinese_tokyo/2021	46232	店舗照合済	2021年百名店公式選出（中国料理 百名店 TOKYO・公式掲載順 47/100）
HYK2021-0348	13013346	食べログ	中国料理 百名店	百名店	中国料理	2021	TOKYO	赤坂璃宮 銀座店	東京都	https://award.tabelog.com/hyakumeiten/chinese_tokyo/2021	46232	店舗照合済	2021年百名店公式選出（中国料理 百名店 TOKYO・公式掲載順 48/100）
HYK2021-0349	13233311	食べログ	中国料理 百名店	百名店	中国料理	2021	TOKYO	サエキ飯店	東京都	https://award.tabelog.com/hyakumeiten/chinese_tokyo/2021	46232	店舗照合済	2021年百名店公式選出（中国料理 百名店 TOKYO・公式掲載順 49/100）
HYK2021-0350	13007985	食べログ	中国料理 百名店	百名店	中国料理	2021	TOKYO	中国酒家 大三元	東京都	https://award.tabelog.com/hyakumeiten/chinese_tokyo/2021	46232	店舗照合済	2021年百名店公式選出（中国料理 百名店 TOKYO・公式掲載順 50/100）
HYK2021-0351	13026144	食べログ	中国料理 百名店	百名店	中国料理	2021	TOKYO	川菜館	東京都	https://award.tabelog.com/hyakumeiten/chinese_tokyo/2021	46232	店舗照合済	2021年百名店公式選出（中国料理 百名店 TOKYO・公式掲載順 51/100）
HYK2021-0352	13156026	食べログ	中国料理 百名店	百名店	中国料理	2021	TOKYO	中国菜 膳楽房	東京都	https://award.tabelog.com/hyakumeiten/chinese_tokyo/2021	46232	店舗照合済	2021年百名店公式選出（中国料理 百名店 TOKYO・公式掲載順 52/100）
HYK2021-0353	13013153	食べログ	中国料理 百名店	百名店	中国料理	2021	TOKYO	味芳斎 本店	東京都	https://award.tabelog.com/hyakumeiten/chinese_tokyo/2021	46232	店舗照合済	2021年百名店公式選出（中国料理 百名店 TOKYO・公式掲載順 53/100）
HYK2021-0354	13006446	食べログ	中国料理 百名店	百名店	中国料理	2021	TOKYO	龍朋	東京都	https://award.tabelog.com/hyakumeiten/chinese_tokyo/2021	46232	店舗照合済	2021年百名店公式選出（中国料理 百名店 TOKYO・公式掲載順 54/100）
HYK2021-0355	13142019	食べログ	中国料理 百名店	百名店	中国料理	2021	TOKYO	小熊飯店	東京都	https://award.tabelog.com/hyakumeiten/chinese_tokyo/2021	46232	店舗照合済	2021年百名店公式選出（中国料理 百名店 TOKYO・公式掲載順 55/100）
HYK2021-0356	13001852	食べログ	中国料理 百名店	百名店	中国料理	2021	TOKYO	中国雲南料理 御膳房 六本木店	東京都	https://award.tabelog.com/hyakumeiten/chinese_tokyo/2021	46232	店舗照合済	2021年百名店公式選出（中国料理 百名店 TOKYO・公式掲載順 56/100）
HYK2021-0357	13051394	食べログ	中国料理 百名店	百名店	中国料理	2021	TOKYO	兆徳	東京都	https://award.tabelog.com/hyakumeiten/chinese_tokyo/2021	46232	店舗照合済	2021年百名店公式選出（中国料理 百名店 TOKYO・公式掲載順 57/100）
HYK2021-0358	13019152	食べログ	中国料理 百名店	百名店	中国料理	2021	TOKYO	黒猫夜 赤坂店	東京都	https://award.tabelog.com/hyakumeiten/chinese_tokyo/2021	46232	店舗照合済	2021年百名店公式選出（中国料理 百名店 TOKYO・公式掲載順 58/100）
HYK2021-0359	13042931	食べログ	中国料理 百名店	百名店	中国料理	2021	TOKYO	ヘイフンテラス	東京都	https://award.tabelog.com/hyakumeiten/chinese_tokyo/2021	46232	店舗照合済	2021年百名店公式選出（中国料理 百名店 TOKYO・公式掲載順 59/100）
HYK2021-0360	13219958	食べログ	中国料理 百名店	百名店	中国料理	2021	TOKYO	O2	東京都	https://award.tabelog.com/hyakumeiten/chinese_tokyo/2021	46232	店舗照合済	2021年百名店公式選出（中国料理 百名店 TOKYO・公式掲載順 60/100）
HYK2021-0361	13225413	食べログ	中国料理 百名店	百名店	中国料理	2021	TOKYO	隼	東京都	https://award.tabelog.com/hyakumeiten/chinese_tokyo/2021	46232	店舗照合済	2021年百名店公式選出（中国料理 百名店 TOKYO・公式掲載順 61/100）
HYK2021-0362	13001657	食べログ	中国料理 百名店	百名店	中国料理	2021	TOKYO	萬来園	東京都	https://award.tabelog.com/hyakumeiten/chinese_tokyo/2021	46232	店舗照合済	2021年百名店公式選出（中国料理 百名店 TOKYO・公式掲載順 62/100）
HYK2021-0363	13038505	食べログ	中国料理 百名店	百名店	中国料理	2021	TOKYO	四川豆花飯荘 東京店	東京都	https://award.tabelog.com/hyakumeiten/chinese_tokyo/2021	46232	店舗照合済	2021年百名店公式選出（中国料理 百名店 TOKYO・公式掲載順 63/100）
HYK2021-0364	13019633	食べログ	中国料理 百名店	百名店	中国料理	2021	TOKYO	中国料理 「チャイナブルー」 コンラッド東京	東京都	https://award.tabelog.com/hyakumeiten/chinese_tokyo/2021	46232	店舗照合済	2021年百名店公式選出（中国料理 百名店 TOKYO・公式掲載順 64/100）
HYK2021-0365	13221235	食べログ	中国料理 百名店	百名店	中国料理	2021	TOKYO	南方中華料理 南三	東京都	https://award.tabelog.com/hyakumeiten/chinese_tokyo/2021	46232	店舗照合済	2021年百名店公式選出（中国料理 百名店 TOKYO・公式掲載順 65/100）
HYK2021-0366	13006835	食べログ	中国料理 百名店	百名店	中国料理	2021	TOKYO	全聚徳 新宿店	東京都	https://award.tabelog.com/hyakumeiten/chinese_tokyo/2021	46232	店舗照合済	2021年百名店公式選出（中国料理 百名店 TOKYO・公式掲載順 66/100）
HYK2021-0367	13002096	食べログ	中国料理 百名店	百名店	中国料理	2021	TOKYO	中華風家庭料理 ふーみん	東京都	https://award.tabelog.com/hyakumeiten/chinese_tokyo/2021	46232	店舗照合済	2021年百名店公式選出（中国料理 百名店 TOKYO・公式掲載順 67/100）
HYK2021-0368	13041758	食べログ	中国料理 百名店	百名店	中国料理	2021	TOKYO	同源楼	東京都	https://award.tabelog.com/hyakumeiten/chinese_tokyo/2021	46232	店舗照合済	2021年百名店公式選出（中国料理 百名店 TOKYO・公式掲載順 68/100）
HYK2021-0369	13176780	食べログ	中国料理 百名店	百名店	中国料理	2021	TOKYO	フルタ	東京都	https://award.tabelog.com/hyakumeiten/chinese_tokyo/2021	46232	店舗照合済	2021年百名店公式選出（中国料理 百名店 TOKYO・公式掲載順 69/100）
HYK2021-0370	13005033	食べログ	中国料理 百名店	百名店	中国料理	2021	TOKYO	ワキヤ 一笑美茶樓	東京都	https://award.tabelog.com/hyakumeiten/chinese_tokyo/2021	46232	店舗照合済	2021年百名店公式選出（中国料理 百名店 TOKYO・公式掲載順 70/100）
HYK2021-0371	13017089	食べログ	中国料理 百名店	百名店	中国料理	2021	TOKYO	チャイナルーム	東京都	https://award.tabelog.com/hyakumeiten/chinese_tokyo/2021	46232	店舗照合済	2021年百名店公式選出（中国料理 百名店 TOKYO・公式掲載順 71/100）
HYK2021-0372	13178164	食べログ	中国料理 百名店	百名店	中国料理	2021	TOKYO	エンジン	東京都	https://award.tabelog.com/hyakumeiten/chinese_tokyo/2021	46232	店舗照合済	2021年百名店公式選出（中国料理 百名店 TOKYO・公式掲載順 72/100）
HYK2021-0373	13135036	食べログ	中国料理 百名店	百名店	中国料理	2021	TOKYO	SEN YO	東京都	https://award.tabelog.com/hyakumeiten/chinese_tokyo/2021	46232	店舗照合済	2021年百名店公式選出（中国料理 百名店 TOKYO・公式掲載順 73/100）
HYK2021-0374	13030918	食べログ	中国料理 百名店	百名店	中国料理	2021	TOKYO	古月 新宿	東京都	https://award.tabelog.com/hyakumeiten/chinese_tokyo/2021	46232	店舗照合済	2021年百名店公式選出（中国料理 百名店 TOKYO・公式掲載順 74/100）
HYK2021-0375	13054526	食べログ	中国料理 百名店	百名店	中国料理	2021	TOKYO	MASA’S KITCHEN 恵比寿	東京都	https://award.tabelog.com/hyakumeiten/chinese_tokyo/2021	46232	店舗照合済	2021年百名店公式選出（中国料理 百名店 TOKYO・公式掲載順 75/100）
HYK2021-0376	13001659	食べログ	中国料理 百名店	百名店	中国料理	2021	TOKYO	登龍 麻布店	東京都	https://award.tabelog.com/hyakumeiten/chinese_tokyo/2021	46232	店舗照合済	2021年百名店公式選出（中国料理 百名店 TOKYO・公式掲載順 76/100）
HYK2021-0377	13004433	食べログ	中国料理 百名店	百名店	中国料理	2021	TOKYO	南翔饅頭店 六本木ヒルズ店	東京都	https://award.tabelog.com/hyakumeiten/chinese_tokyo/2021	46232	店舗照合済	2021年百名店公式選出（中国料理 百名店 TOKYO・公式掲載順 77/100）
HYK2021-0378	13205298	食べログ	中国料理 百名店	百名店	中国料理	2021	TOKYO	茶禅華	東京都	https://award.tabelog.com/hyakumeiten/chinese_tokyo/2021	46232	店舗照合済	2021年百名店公式選出（中国料理 百名店 TOKYO・公式掲載順 78/100）
HYK2021-0379	13150543	食べログ	中国料理 百名店	百名店	中国料理	2021	TOKYO	52	東京都	https://award.tabelog.com/hyakumeiten/chinese_tokyo/2021	46232	店舗照合済	2021年百名店公式選出（中国料理 百名店 TOKYO・公式掲載順 79/100）
HYK2021-0380	13005640	食べログ	中国料理 百名店	百名店	中国料理	2021	TOKYO	源烹輪	東京都	https://award.tabelog.com/hyakumeiten/chinese_tokyo/2021	46232	店舗照合済	2021年百名店公式選出（中国料理 百名店 TOKYO・公式掲載順 80/100）
HYK2021-0381	13093509	食べログ	中国料理 百名店	百名店	中国料理	2021	TOKYO	蔭山樓	東京都	https://award.tabelog.com/hyakumeiten/chinese_tokyo/2021	46232	店舗照合済	2021年百名店公式選出（中国料理 百名店 TOKYO・公式掲載順 81/100）
HYK2021-0382	13007076	食べログ	中国料理 百名店	百名店	中国料理	2021	TOKYO	香港麺 新記 三宿本店	東京都	https://award.tabelog.com/hyakumeiten/chinese_tokyo/2021	46232	店舗照合済	2021年百名店公式選出（中国料理 百名店 TOKYO・公式掲載順 82/100）
HYK2021-0383	13001954	食べログ	中国料理 百名店	百名店	中国料理	2021	TOKYO	中国飯店 六本木店	東京都	https://award.tabelog.com/hyakumeiten/chinese_tokyo/2021	46232	店舗照合済	2021年百名店公式選出（中国料理 百名店 TOKYO・公式掲載順 83/100）
HYK2021-0384	13197047	食べログ	中国料理 百名店	百名店	中国料理	2021	TOKYO	ミモザ	東京都	https://award.tabelog.com/hyakumeiten/chinese_tokyo/2021	46232	店舗照合済	2021年百名店公式選出（中国料理 百名店 TOKYO・公式掲載順 84/100）
HYK2021-0385	13199649	食べログ	中国料理 百名店	百名店	中国料理	2021	TOKYO	中華たかせ	東京都	https://award.tabelog.com/hyakumeiten/chinese_tokyo/2021	46232	店舗照合済	2021年百名店公式選出（中国料理 百名店 TOKYO・公式掲載順 85/100）
HYK2021-0386	13115724	食べログ	中国料理 百名店	百名店	中国料理	2021	TOKYO	蜀郷香	東京都	https://award.tabelog.com/hyakumeiten/chinese_tokyo/2021	46232	店舗照合済	2021年百名店公式選出（中国料理 百名店 TOKYO・公式掲載順 86/100）
HYK2021-0387	13001219	食べログ	中国料理 百名店	百名店	中国料理	2021	TOKYO	龍の子	東京都	https://award.tabelog.com/hyakumeiten/chinese_tokyo/2021	46232	店舗照合済	2021年百名店公式選出（中国料理 百名店 TOKYO・公式掲載順 87/100）
HYK2021-0388	13190771	食べログ	中国料理 百名店	百名店	中国料理	2021	TOKYO	蓮香	東京都	https://award.tabelog.com/hyakumeiten/chinese_tokyo/2021	46232	店舗照合済	2021年百名店公式選出（中国料理 百名店 TOKYO・公式掲載順 88/100）
HYK2021-0389	13043276	食べログ	中国料理 百名店	百名店	中国料理	2021	TOKYO	川香苑 本店	東京都	https://award.tabelog.com/hyakumeiten/chinese_tokyo/2021	46232	店舗照合済	2021年百名店公式選出（中国料理 百名店 TOKYO・公式掲載順 89/100）
HYK2021-0390	13023052	食べログ	中国料理 百名店	百名店	中国料理	2021	TOKYO	神田 雲林	東京都	https://award.tabelog.com/hyakumeiten/chinese_tokyo/2021	46232	店舗照合済	2021年百名店公式選出（中国料理 百名店 TOKYO・公式掲載順 90/100）
HYK2021-0391	13098919	食べログ	中国料理 百名店	百名店	中国料理	2021	TOKYO	虎穴	東京都	https://award.tabelog.com/hyakumeiten/chinese_tokyo/2021	46232	店舗照合済	2021年百名店公式選出（中国料理 百名店 TOKYO・公式掲載順 91/100）
HYK2021-0392	13162692	食べログ	中国料理 百名店	百名店	中国料理	2021	TOKYO	黒猫夜 銀座店	東京都	https://award.tabelog.com/hyakumeiten/chinese_tokyo/2021	46232	店舗照合済	2021年百名店公式選出（中国料理 百名店 TOKYO・公式掲載順 92/100）
HYK2021-0393	13017149	食べログ	中国料理 百名店	百名店	中国料理	2021	TOKYO	頂上麺 筑紫樓 ふかひれ麺専門店  八重洲店	東京都	https://award.tabelog.com/hyakumeiten/chinese_tokyo/2021	46232	店舗照合済	2021年百名店公式選出（中国料理 百名店 TOKYO・公式掲載順 93/100）
HYK2021-0394	13200566	食べログ	中国料理 百名店	百名店	中国料理	2021	TOKYO	羊香味坊	東京都	https://award.tabelog.com/hyakumeiten/chinese_tokyo/2021	46232	店舗照合済	2021年百名店公式選出（中国料理 百名店 TOKYO・公式掲載順 94/100）
HYK2021-0395	13001517	食べログ	中国料理 百名店	百名店	中国料理	2021	TOKYO	新亜飯店 芝大門店	東京都	https://award.tabelog.com/hyakumeiten/chinese_tokyo/2021	46232	店舗照合済	2021年百名店公式選出（中国料理 百名店 TOKYO・公式掲載順 95/100）
HYK2021-0396	13000935	食べログ	中国料理 百名店	百名店	中国料理	2021	TOKYO	敦煌	東京都	https://award.tabelog.com/hyakumeiten/chinese_tokyo/2021	46232	店舗照合済	2021年百名店公式選出（中国料理 百名店 TOKYO・公式掲載順 96/100）
HYK2021-0397	13030770	食べログ	中国料理 百名店	百名店	中国料理	2021	TOKYO	筑紫樓 銀座店	東京都	https://award.tabelog.com/hyakumeiten/chinese_tokyo/2021	46232	店舗照合済	2021年百名店公式選出（中国料理 百名店 TOKYO・公式掲載順 97/100）
HYK2021-0398	13010780	食べログ	中国料理 百名店	百名店	中国料理	2021	TOKYO	馥香 浅草橋本店	東京都	https://award.tabelog.com/hyakumeiten/chinese_tokyo/2021	46232	店舗照合済	2021年百名店公式選出（中国料理 百名店 TOKYO・公式掲載順 98/100）
HYK2021-0399	13000014	食べログ	中国料理 百名店	百名店	中国料理	2021	TOKYO	四川	東京都	https://award.tabelog.com/hyakumeiten/chinese_tokyo/2021	46232	店舗照合済	2021年百名店公式選出（中国料理 百名店 TOKYO・公式掲載順 99/100）
HYK2021-0400	13018802	食べログ	中国料理 百名店	百名店	中国料理	2021	TOKYO	飄香 麻布十番本店	東京都	https://award.tabelog.com/hyakumeiten/chinese_tokyo/2021	46232	店舗照合済	2021年百名店公式選出（中国料理 百名店 TOKYO・公式掲載順 100/100）
HYK2021-0401	27111640	食べログ	中国料理 百名店	百名店	中国料理	2021	WEST	蓮心	大阪府	https://award.tabelog.com/hyakumeiten/chinese_west/2021	46232	店舗照合済	2021年百名店公式選出（中国料理 百名店 WEST・公式掲載順 1/100）
HYK2021-0402	27000372	食べログ	中国料理 百名店	百名店	中国料理	2021	WEST	四川食房 福龍	大阪府	https://award.tabelog.com/hyakumeiten/chinese_west/2021	46232	店舗照合済	2021年百名店公式選出（中国料理 百名店 WEST・公式掲載順 2/100）
HYK2021-0403	34020426	食べログ	中国料理 百名店	百名店	中国料理	2021	WEST	中国料理マスキ	広島県	https://award.tabelog.com/hyakumeiten/chinese_west/2021	46232	店舗照合済	2021年百名店公式選出（中国料理 百名店 WEST・公式掲載順 3/100）
HYK2021-0404	42000429	食べログ	中国料理 百名店	百名店	中国料理	2021	WEST	康楽	長崎県	https://award.tabelog.com/hyakumeiten/chinese_west/2021	46232	店舗照合済	2021年百名店公式選出（中国料理 百名店 WEST・公式掲載順 4/100）
HYK2021-0405	27065032	食べログ	中国料理 百名店	百名店	中国料理	2021	WEST	青藍	大阪府	https://award.tabelog.com/hyakumeiten/chinese_west/2021	46232	店舗照合済	2021年百名店公式選出（中国料理 百名店 WEST・公式掲載順 5/100）
HYK2021-0406	27001213	食べログ	中国料理 百名店	百名店	中国料理	2021	WEST	一芳亭 本店	大阪府	https://award.tabelog.com/hyakumeiten/chinese_west/2021	46232	店舗照合済	2021年百名店公式選出（中国料理 百名店 WEST・公式掲載順 6/100）
HYK2021-0407	27081015	食べログ	中国料理 百名店	百名店	中国料理	2021	WEST	中菜Labo.朝陽	大阪府	https://award.tabelog.com/hyakumeiten/chinese_west/2021	46232	店舗照合済	2021年百名店公式選出（中国料理 百名店 WEST・公式掲載順 7/100）
HYK2021-0408	28001662	食べログ	中国料理 百名店	百名店	中国料理	2021	WEST	中国酒家 トアロード店	兵庫県	https://award.tabelog.com/hyakumeiten/chinese_west/2021	46232	店舗照合済	2021年百名店公式選出（中国料理 百名店 WEST・公式掲載順 8/100）
HYK2021-0409	28000923	食べログ	中国料理 百名店	百名店	中国料理	2021	WEST	民生 廣東料理店	兵庫県	https://award.tabelog.com/hyakumeiten/chinese_west/2021	46232	店舗照合済	2021年百名店公式選出（中国料理 百名店 WEST・公式掲載順 9/100）
HYK2021-0410	26003254	食べログ	中国料理 百名店	百名店	中国料理	2021	WEST	大鵬	京都府	https://award.tabelog.com/hyakumeiten/chinese_west/2021	46232	店舗照合済	2021年百名店公式選出（中国料理 百名店 WEST・公式掲載順 10/100）
HYK2021-0411	28044015	食べログ	中国料理 百名店	百名店	中国料理	2021	WEST	二位	兵庫県	https://award.tabelog.com/hyakumeiten/chinese_west/2021	46232	店舗照合済	2021年百名店公式選出（中国料理 百名店 WEST・公式掲載順 11/100）
HYK2021-0412	27053886	食べログ	中国料理 百名店	百名店	中国料理	2021	WEST	新中国料理 HARAKAWA 堺本店	大阪府	https://award.tabelog.com/hyakumeiten/chinese_west/2021	46232	店舗照合済	2021年百名店公式選出（中国料理 百名店 WEST・公式掲載順 12/100）
HYK2021-0413	26000396	食べログ	中国料理 百名店	百名店	中国料理	2021	WEST	みその橋サカイ	京都府	https://award.tabelog.com/hyakumeiten/chinese_west/2021	46232	店舗照合済	2021年百名店公式選出（中国料理 百名店 WEST・公式掲載順 13/100）
HYK2021-0414	26000006	食べログ	中国料理 百名店	百名店	中国料理	2021	WEST	糸仙	京都府	https://award.tabelog.com/hyakumeiten/chinese_west/2021	46232	店舗照合済	2021年百名店公式選出（中国料理 百名店 WEST・公式掲載順 14/100）
HYK2021-0415	27018257	食べログ	中国料理 百名店	百名店	中国料理	2021	WEST	中国菜 香味	大阪府	https://award.tabelog.com/hyakumeiten/chinese_west/2021	46232	店舗照合済	2021年百名店公式選出（中国料理 百名店 WEST・公式掲載順 15/100）
HYK2021-0416	27085437	食べログ	中国料理 百名店	百名店	中国料理	2021	WEST	魚China YO	大阪府	https://award.tabelog.com/hyakumeiten/chinese_west/2021	46232	店舗照合済	2021年百名店公式選出（中国料理 百名店 WEST・公式掲載順 16/100）
HYK2021-0417	26005466	食べログ	中国料理 百名店	百名店	中国料理	2021	WEST	美齢	京都府	https://award.tabelog.com/hyakumeiten/chinese_west/2021	46232	店舗照合済	2021年百名店公式選出（中国料理 百名店 WEST・公式掲載順 17/100）
HYK2021-0418	26014396	食べログ	中国料理 百名店	百名店	中国料理	2021	WEST	広東料理 鳳泉	京都府	https://award.tabelog.com/hyakumeiten/chinese_west/2021	46232	店舗照合済	2021年百名店公式選出（中国料理 百名店 WEST・公式掲載順 18/100）
HYK2021-0419	27074751	食べログ	中国料理 百名店	百名店	中国料理	2021	WEST	清粥小菜 明	大阪府	https://award.tabelog.com/hyakumeiten/chinese_west/2021	46232	店舗照合済	2021年百名店公式選出（中国料理 百名店 WEST・公式掲載順 19/100）
HYK2021-0420	27000369	食べログ	中国料理 百名店	百名店	中国料理	2021	WEST	オーパス ワン	大阪府	https://award.tabelog.com/hyakumeiten/chinese_west/2021	46232	店舗照合済	2021年百名店公式選出（中国料理 百名店 WEST・公式掲載順 20/100）
HYK2021-0421	27085978	食べログ	中国料理 百名店	百名店	中国料理	2021	WEST	中国菜 火ノ鳥	大阪府	https://award.tabelog.com/hyakumeiten/chinese_west/2021	46232	店舗照合済	2021年百名店公式選出（中国料理 百名店 WEST・公式掲載順 21/100）
HYK2021-0422	27001443	食べログ	中国料理 百名店	百名店	中国料理	2021	WEST	三国亭	大阪府	https://award.tabelog.com/hyakumeiten/chinese_west/2021	46232	店舗照合済	2021年百名店公式選出（中国料理 百名店 WEST・公式掲載順 22/100）
HYK2021-0423	28000870	食べログ	中国料理 百名店	百名店	中国料理	2021	WEST	中国料理 Kirin	兵庫県	https://award.tabelog.com/hyakumeiten/chinese_west/2021	46232	店舗照合済	2021年百名店公式選出（中国料理 百名店 WEST・公式掲載順 23/100）
HYK2021-0424	27002221	食べログ	中国料理 百名店	百名店	中国料理	2021	WEST	福龍園	大阪府	https://award.tabelog.com/hyakumeiten/chinese_west/2021	46232	店舗照合済	2021年百名店公式選出（中国料理 百名店 WEST・公式掲載順 24/100）
HYK2021-0425	28000625	食べログ	中国料理 百名店	百名店	中国料理	2021	WEST	杏杏	兵庫県	https://award.tabelog.com/hyakumeiten/chinese_west/2021	46232	店舗照合済	2021年百名店公式選出（中国料理 百名店 WEST・公式掲載順 25/100）
HYK2021-0426	27043596	食べログ	中国料理 百名店	百名店	中国料理	2021	WEST	フーロン	大阪府	https://award.tabelog.com/hyakumeiten/chinese_west/2021	46232	店舗照合済	2021年百名店公式選出（中国料理 百名店 WEST・公式掲載順 26/100）
HYK2021-0427	26001497	食べログ	中国料理 百名店	百名店	中国料理	2021	WEST	中国料理 桃李	京都府	https://award.tabelog.com/hyakumeiten/chinese_west/2021	46232	店舗照合済	2021年百名店公式選出（中国料理 百名店 WEST・公式掲載順 27/100）
HYK2021-0428	27002943	食べログ	中国料理 百名店	百名店	中国料理	2021	WEST	ジャスミンガーデン	大阪府	https://award.tabelog.com/hyakumeiten/chinese_west/2021	46232	店舗照合済	2021年百名店公式選出（中国料理 百名店 WEST・公式掲載順 28/100）
HYK2021-0429	26000846	食べログ	中国料理 百名店	百名店	中国料理	2021	WEST	東華菜館 本店	京都府	https://award.tabelog.com/hyakumeiten/chinese_west/2021	46232	店舗照合済	2021年百名店公式選出（中国料理 百名店 WEST・公式掲載順 29/100）
HYK2021-0430	40000834	食べログ	中国料理 百名店	百名店	中国料理	2021	WEST	中国料理 耕治 魚町本店	福岡県	https://award.tabelog.com/hyakumeiten/chinese_west/2021	46232	店舗照合済	2021年百名店公式選出（中国料理 百名店 WEST・公式掲載順 30/100）
HYK2021-0431	27002558	食べログ	中国料理 百名店	百名店	中国料理	2021	WEST	故宮	大阪府	https://award.tabelog.com/hyakumeiten/chinese_west/2021	46232	店舗照合済	2021年百名店公式選出（中国料理 百名店 WEST・公式掲載順 31/100）
HYK2021-0432	27004404	食べログ	中国料理 百名店	百名店	中国料理	2021	WEST	チャイニーズ 芹菜	大阪府	https://award.tabelog.com/hyakumeiten/chinese_west/2021	46232	店舗照合済	2021年百名店公式選出（中国料理 百名店 WEST・公式掲載順 32/100）
HYK2021-0433	40043723	食べログ	中国料理 百名店	百名店	中国料理	2021	WEST	四川料理 巴蜀	福岡県	https://award.tabelog.com/hyakumeiten/chinese_west/2021	46232	店舗照合済	2021年百名店公式選出（中国料理 百名店 WEST・公式掲載順 33/100）
HYK2021-0434	27009516	食べログ	中国料理 百名店	百名店	中国料理	2021	WEST	花梨	大阪府	https://award.tabelog.com/hyakumeiten/chinese_west/2021	46232	店舗照合済	2021年百名店公式選出（中国料理 百名店 WEST・公式掲載順 34/100）
HYK2021-0435	27072585	食べログ	中国料理 百名店	百名店	中国料理	2021	WEST	ジョーズ シャンハイ ニューヨーク  グランフロント大阪店	大阪府	https://award.tabelog.com/hyakumeiten/chinese_west/2021	46232	店舗照合済	2021年百名店公式選出（中国料理 百名店 WEST・公式掲載順 35/100）
HYK2021-0436	27014746	食べログ	中国料理 百名店	百名店	中国料理	2021	WEST	中国料理 かなめ	大阪府	https://award.tabelog.com/hyakumeiten/chinese_west/2021	46232	店舗照合済	2021年百名店公式選出（中国料理 百名店 WEST・公式掲載順 36/100）
HYK2021-0437	27000086	食べログ	中国料理 百名店	百名店	中国料理	2021	WEST	華都飯店 本町ガーデンシティ店	大阪府	https://award.tabelog.com/hyakumeiten/chinese_west/2021	46232	店舗照合済	2021年百名店公式選出（中国料理 百名店 WEST・公式掲載順 37/100）
HYK2021-0438	27086074	食べログ	中国料理 百名店	百名店	中国料理	2021	WEST	中華旬彩 森本	大阪府	https://award.tabelog.com/hyakumeiten/chinese_west/2021	46232	店舗照合済	2021年百名店公式選出（中国料理 百名店 WEST・公式掲載順 38/100）
HYK2021-0439	26002211	食べログ	中国料理 百名店	百名店	中国料理	2021	WEST	鳳飛	京都府	https://award.tabelog.com/hyakumeiten/chinese_west/2021	46232	店舗照合済	2021年百名店公式選出（中国料理 百名店 WEST・公式掲載順 39/100）
HYK2021-0440	27095063	食べログ	中国料理 百名店	百名店	中国料理	2021	WEST	中国菜エスサワダ	大阪府	https://award.tabelog.com/hyakumeiten/chinese_west/2021	46232	店舗照合済	2021年百名店公式選出（中国料理 百名店 WEST・公式掲載順 40/100）
HYK2021-0441	28007373	食べログ	中国料理 百名店	百名店	中国料理	2021	WEST	味香苑 生田ロード店	兵庫県	https://award.tabelog.com/hyakumeiten/chinese_west/2021	46232	店舗照合済	2021年百名店公式選出（中国料理 百名店 WEST・公式掲載順 41/100）
HYK2021-0442	26023771	食べログ	中国料理 百名店	百名店	中国料理	2021	WEST	齋華	京都府	https://award.tabelog.com/hyakumeiten/chinese_west/2021	46232	店舗照合済	2021年百名店公式選出（中国料理 百名店 WEST・公式掲載順 42/100）
HYK2021-0443	27003248	食べログ	中国料理 百名店	百名店	中国料理	2021	WEST	香港海鮮飲茶樓 心斎橋店	大阪府	https://award.tabelog.com/hyakumeiten/chinese_west/2021	46232	店舗照合済	2021年百名店公式選出（中国料理 百名店 WEST・公式掲載順 43/100）
HYK2021-0444	27055903	食べログ	中国料理 百名店	百名店	中国料理	2021	WEST	大衆中遊華食堂 八戒	大阪府	https://award.tabelog.com/hyakumeiten/chinese_west/2021	46232	店舗照合済	2021年百名店公式選出（中国料理 百名店 WEST・公式掲載順 44/100）
HYK2021-0445	27001838	食べログ	中国料理 百名店	百名店	中国料理	2021	WEST	創作中華　縁	大阪府	https://award.tabelog.com/hyakumeiten/chinese_west/2021	46232	店舗照合済	2021年百名店公式選出（中国料理 百名店 WEST・公式掲載順 45/100）
HYK2021-0446	27009169	食べログ	中国料理 百名店	百名店	中国料理	2021	WEST	ライオン飯店	大阪府	https://award.tabelog.com/hyakumeiten/chinese_west/2021	46232	店舗照合済	2021年百名店公式選出（中国料理 百名店 WEST・公式掲載順 46/100）
HYK2021-0447	28038124	食べログ	中国料理 百名店	百名店	中国料理	2021	WEST	施家菜	兵庫県	https://award.tabelog.com/hyakumeiten/chinese_west/2021	46232	店舗照合済	2021年百名店公式選出（中国料理 百名店 WEST・公式掲載順 47/100）
HYK2021-0448	26003713	食べログ	中国料理 百名店	百名店	中国料理	2021	WEST	華祥	京都府	https://award.tabelog.com/hyakumeiten/chinese_west/2021	46232	店舗照合済	2021年百名店公式選出（中国料理 百名店 WEST・公式掲載順 48/100）
HYK2021-0449	27051071	食べログ	中国料理 百名店	百名店	中国料理	2021	WEST	中国料理 丹甫	大阪府	https://award.tabelog.com/hyakumeiten/chinese_west/2021	46232	店舗照合済	2021年百名店公式選出（中国料理 百名店 WEST・公式掲載順 49/100）
HYK2021-0450	27060667	食べログ	中国料理 百名店	百名店	中国料理	2021	WEST	Chi-Fu	大阪府	https://award.tabelog.com/hyakumeiten/chinese_west/2021	46232	店舗照合済	2021年百名店公式選出（中国料理 百名店 WEST・公式掲載順 50/100）
HYK2021-0451	27004617	食べログ	中国料理 百名店	百名店	中国料理	2021	WEST	中国料理 龍門	大阪府	https://award.tabelog.com/hyakumeiten/chinese_west/2021	46232	店舗照合済	2021年百名店公式選出（中国料理 百名店 WEST・公式掲載順 51/100）
HYK2021-0452	27081261	食べログ	中国料理 百名店	百名店	中国料理	2021	WEST	紅紅火火	大阪府	https://award.tabelog.com/hyakumeiten/chinese_west/2021	46232	店舗照合済	2021年百名店公式選出（中国料理 百名店 WEST・公式掲載順 52/100）
HYK2021-0453	26000584	食べログ	中国料理 百名店	百名店	中国料理	2021	WEST	ぎをん森幸	京都府	https://award.tabelog.com/hyakumeiten/chinese_west/2021	46232	店舗照合済	2021年百名店公式選出（中国料理 百名店 WEST・公式掲載順 53/100）
HYK2021-0454	26000745	食べログ	中国料理 百名店	百名店	中国料理	2021	WEST	老香港酒家京都	京都府	https://award.tabelog.com/hyakumeiten/chinese_west/2021	46232	店舗照合済	2021年百名店公式選出（中国料理 百名店 WEST・公式掲載順 54/100）
HYK2021-0455	33010958	食べログ	中国料理 百名店	百名店	中国料理	2021	WEST	九眼橋	岡山県	https://award.tabelog.com/hyakumeiten/chinese_west/2021	46232	店舗照合済	2021年百名店公式選出（中国料理 百名店 WEST・公式掲載順 55/100）
HYK2021-0456	47001716	食べログ	中国料理 百名店	百名店	中国料理	2021	WEST	中国家常菜 燕郷房	沖縄県	https://award.tabelog.com/hyakumeiten/chinese_west/2021	46232	店舗照合済	2021年百名店公式選出（中国料理 百名店 WEST・公式掲載順 56/100）
HYK2021-0457	26002804	食べログ	中国料理 百名店	百名店	中国料理	2021	WEST	マルシン飯店	京都府	https://award.tabelog.com/hyakumeiten/chinese_west/2021	46232	店舗照合済	2021年百名店公式選出（中国料理 百名店 WEST・公式掲載順 57/100）
HYK2021-0458	40001773	食べログ	中国料理 百名店	百名店	中国料理	2021	WEST	SESSION	福岡県	https://award.tabelog.com/hyakumeiten/chinese_west/2021	46232	店舗照合済	2021年百名店公式選出（中国料理 百名店 WEST・公式掲載順 58/100）
HYK2021-0459	45000016	食べログ	中国料理 百名店	百名店	中国料理	2021	WEST	中国料理 藍海	宮崎県	https://award.tabelog.com/hyakumeiten/chinese_west/2021	46232	店舗照合済	2021年百名店公式選出（中国料理 百名店 WEST・公式掲載順 59/100）
HYK2021-0460	27006463	食べログ	中国料理 百名店	百名店	中国料理	2021	WEST	広東料理 民生 ヒルトンプラザウエスト店	大阪府	https://award.tabelog.com/hyakumeiten/chinese_west/2021	46232	店舗照合済	2021年百名店公式選出（中国料理 百名店 WEST・公式掲載順 60/100）
HYK2021-0461	26006497	食べログ	中国料理 百名店	百名店	中国料理	2021	WEST	京 静華	京都府	https://award.tabelog.com/hyakumeiten/chinese_west/2021	46232	店舗照合済	2021年百名店公式選出（中国料理 百名店 WEST・公式掲載順 61/100）
HYK2021-0462	26002657	食べログ	中国料理 百名店	百名店	中国料理	2021	WEST	一之船入	京都府	https://award.tabelog.com/hyakumeiten/chinese_west/2021	46232	店舗照合済	2021年百名店公式選出（中国料理 百名店 WEST・公式掲載順 62/100）
HYK2021-0463	26001011	食べログ	中国料理 百名店	百名店	中国料理	2021	WEST	膳處漢ぽっちり	京都府	https://award.tabelog.com/hyakumeiten/chinese_west/2021	46232	店舗照合済	2021年百名店公式選出（中国料理 百名店 WEST・公式掲載順 63/100）
HYK2021-0464	28000884	食べログ	中国料理 百名店	百名店	中国料理	2021	WEST	東天閣 神戸本店	兵庫県	https://award.tabelog.com/hyakumeiten/chinese_west/2021	46232	店舗照合済	2021年百名店公式選出（中国料理 百名店 WEST・公式掲載順 64/100）
HYK2021-0465	26033124	食べログ	中国料理 百名店	百名店	中国料理	2021	WEST	仁修樓	京都府	https://award.tabelog.com/hyakumeiten/chinese_west/2021	46232	店舗照合済	2021年百名店公式選出（中国料理 百名店 WEST・公式掲載順 65/100）
HYK2021-0466	27009580	食べログ	中国料理 百名店	百名店	中国料理	2021	WEST	中国郷菜館 大陸風	大阪府	https://award.tabelog.com/hyakumeiten/chinese_west/2021	46232	店舗照合済	2021年百名店公式選出（中国料理 百名店 WEST・公式掲載順 66/100）
HYK2021-0467	28000845	食べログ	中国料理 百名店	百名店	中国料理	2021	WEST	神戸元町別館牡丹園 本店	兵庫県	https://award.tabelog.com/hyakumeiten/chinese_west/2021	46232	店舗照合済	2021年百名店公式選出（中国料理 百名店 WEST・公式掲載順 67/100）
HYK2021-0468	36000726	食べログ	中国料理 百名店	百名店	中国料理	2021	WEST	中国料理 翆陽	徳島県	https://award.tabelog.com/hyakumeiten/chinese_west/2021	46232	店舗照合済	2021年百名店公式選出（中国料理 百名店 WEST・公式掲載順 68/100）
HYK2021-0469	43000253	食べログ	中国料理 百名店	百名店	中国料理	2021	WEST	中国四川料理 桃花源	熊本県	https://award.tabelog.com/hyakumeiten/chinese_west/2021	46232	店舗照合済	2021年百名店公式選出（中国料理 百名店 WEST・公式掲載順 69/100）
HYK2021-0470	27042677	食べログ	中国料理 百名店	百名店	中国料理	2021	WEST	純華楼	大阪府	https://award.tabelog.com/hyakumeiten/chinese_west/2021	46232	店舗照合済	2021年百名店公式選出（中国料理 百名店 WEST・公式掲載順 70/100）
HYK2021-0471	28000844	食べログ	中国料理 百名店	百名店	中国料理	2021	WEST	新愛園	兵庫県	https://award.tabelog.com/hyakumeiten/chinese_west/2021	46232	店舗照合済	2021年百名店公式選出（中国料理 百名店 WEST・公式掲載順 71/100）
HYK2021-0472	28007259	食べログ	中国料理 百名店	百名店	中国料理	2021	WEST	健民ダイニング 本店	兵庫県	https://award.tabelog.com/hyakumeiten/chinese_west/2021	46232	店舗照合済	2021年百名店公式選出（中国料理 百名店 WEST・公式掲載順 72/100）
HYK2021-0473	28041421	食べログ	中国料理 百名店	百名店	中国料理	2021	WEST	老虎菜 オーキッドコート店	兵庫県	https://award.tabelog.com/hyakumeiten/chinese_west/2021	46232	店舗照合済	2021年百名店公式選出（中国料理 百名店 WEST・公式掲載順 73/100）
HYK2021-0474	27007724	食べログ	中国料理 百名店	百名店	中国料理	2021	WEST	RAKUSUI	大阪府	https://award.tabelog.com/hyakumeiten/chinese_west/2021	46232	店舗照合済	2021年百名店公式選出（中国料理 百名店 WEST・公式掲載順 74/100）
HYK2021-0475	27094495	食べログ	中国料理 百名店	百名店	中国料理	2021	WEST	溢彩流香	大阪府	https://award.tabelog.com/hyakumeiten/chinese_west/2021	46232	店舗照合済	2021年百名店公式選出（中国料理 百名店 WEST・公式掲載順 75/100）
HYK2021-0476	26023422	食べログ	中国料理 百名店	百名店	中国料理	2021	WEST	一僖	京都府	https://award.tabelog.com/hyakumeiten/chinese_west/2021	46232	店舗照合済	2021年百名店公式選出（中国料理 百名店 WEST・公式掲載順 76/100）
HYK2021-0477	26033284	食べログ	中国料理 百名店	百名店	中国料理	2021	WEST	VELROSIER	京都府	https://award.tabelog.com/hyakumeiten/chinese_west/2021	46232	店舗照合済	2021年百名店公式選出（中国料理 百名店 WEST・公式掲載順 77/100）
HYK2021-0478	27052335	食べログ	中国料理 百名店	百名店	中国料理	2021	WEST	中国菜 オイル	大阪府	https://award.tabelog.com/hyakumeiten/chinese_west/2021	46232	店舗照合済	2021年百名店公式選出（中国料理 百名店 WEST・公式掲載順 78/100）
HYK2021-0479	27004267	食べログ	中国料理 百名店	百名店	中国料理	2021	WEST	焼賣太樓 桜橋店	大阪府	https://award.tabelog.com/hyakumeiten/chinese_west/2021	46232	店舗照合済	2021年百名店公式選出（中国料理 百名店 WEST・公式掲載順 79/100）
HYK2021-0480	26022200	食べログ	中国料理 百名店	百名店	中国料理	2021	WEST	にしぶち飯店	京都府	https://award.tabelog.com/hyakumeiten/chinese_west/2021	46232	店舗照合済	2021年百名店公式選出（中国料理 百名店 WEST・公式掲載順 80/100）
HYK2021-0481	26000642	食べログ	中国料理 百名店	百名店	中国料理	2021	WEST	マダム紅蘭	京都府	https://award.tabelog.com/hyakumeiten/chinese_west/2021	46232	店舗照合済	2021年百名店公式選出（中国料理 百名店 WEST・公式掲載順 81/100）
HYK2021-0482	27006366	食べログ	中国料理 百名店	百名店	中国料理	2021	WEST	蘭亭	大阪府	https://award.tabelog.com/hyakumeiten/chinese_west/2021	46232	店舗照合済	2021年百名店公式選出（中国料理 百名店 WEST・公式掲載順 82/100）
HYK2021-0483	43000046	食べログ	中国料理 百名店	百名店	中国料理	2021	WEST	紅蘭亭 下通本店	熊本県	https://award.tabelog.com/hyakumeiten/chinese_west/2021	46232	店舗照合済	2021年百名店公式選出（中国料理 百名店 WEST・公式掲載順 83/100）
HYK2021-0484	28000826	食べログ	中国料理 百名店	百名店	中国料理	2021	WEST	順徳	兵庫県	https://award.tabelog.com/hyakumeiten/chinese_west/2021	46232	店舗照合済	2021年百名店公式選出（中国料理 百名店 WEST・公式掲載順 84/100）
HYK2021-0485	27000699	食べログ	中国料理 百名店	百名店	中国料理	2021	WEST	香桃	大阪府	https://award.tabelog.com/hyakumeiten/chinese_west/2021	46232	店舗照合済	2021年百名店公式選出（中国料理 百名店 WEST・公式掲載順 85/100）
HYK2021-0486	27063993	食べログ	中国料理 百名店	百名店	中国料理	2021	WEST	中国食府 双龍居 天満駅前店	大阪府	https://award.tabelog.com/hyakumeiten/chinese_west/2021	46232	店舗照合済	2021年百名店公式選出（中国料理 百名店 WEST・公式掲載順 86/100）
HYK2021-0487	28046406	食べログ	中国料理 百名店	百名店	中国料理	2021	WEST	中國菜 浜正	兵庫県	https://award.tabelog.com/hyakumeiten/chinese_west/2021	46232	店舗照合済	2021年百名店公式選出（中国料理 百名店 WEST・公式掲載順 87/100）
HYK2021-0488	26001225	食べログ	中国料理 百名店	百名店	中国料理	2021	WEST	新大宮 中華のサカイ 本店	京都府	https://award.tabelog.com/hyakumeiten/chinese_west/2021	46232	店舗照合済	2021年百名店公式選出（中国料理 百名店 WEST・公式掲載順 88/100）
HYK2021-0489	42000055	食べログ	中国料理 百名店	百名店	中国料理	2021	WEST	江山楼 長崎中華街本店	長崎県	https://award.tabelog.com/hyakumeiten/chinese_west/2021	46232	店舗照合済	2021年百名店公式選出（中国料理 百名店 WEST・公式掲載順 89/100）
HYK2021-0490	27005150	食べログ	中国料理 百名店	百名店	中国料理	2021	WEST	酒中花 空心	大阪府	https://award.tabelog.com/hyakumeiten/chinese_west/2021	46232	店舗照合済	2021年百名店公式選出（中国料理 百名店 WEST・公式掲載順 90/100）
HYK2021-0491	28031189	食べログ	中国料理 百名店	百名店	中国料理	2021	WEST	味包	兵庫県	https://award.tabelog.com/hyakumeiten/chinese_west/2021	46232	店舗照合済	2021年百名店公式選出（中国料理 百名店 WEST・公式掲載順 91/100）
HYK2021-0492	27004401	食べログ	中国料理 百名店	百名店	中国料理	2021	WEST	双龍居 池田町本店	大阪府	https://award.tabelog.com/hyakumeiten/chinese_west/2021	46232	店舗照合済	2021年百名店公式選出（中国料理 百名店 WEST・公式掲載順 92/100）
HYK2021-0493	42000053	食べログ	中国料理 百名店	百名店	中国料理	2021	WEST	四海樓	長崎県	https://award.tabelog.com/hyakumeiten/chinese_west/2021	46232	店舗照合済	2021年百名店公式選出（中国料理 百名店 WEST・公式掲載順 93/100）
HYK2021-0494	27007914	食べログ	中国料理 百名店	百名店	中国料理	2021	WEST	大観苑	大阪府	https://award.tabelog.com/hyakumeiten/chinese_west/2021	46232	店舗照合済	2021年百名店公式選出（中国料理 百名店 WEST・公式掲載順 94/100）
HYK2021-0495	27085334	食べログ	中国料理 百名店	百名店	中国料理	2021	WEST	中國菜 心香	大阪府	https://award.tabelog.com/hyakumeiten/chinese_west/2021	46232	店舗照合済	2021年百名店公式選出（中国料理 百名店 WEST・公式掲載順 95/100）
HYK2021-0496	27082740	食べログ	中国料理 百名店	百名店	中国料理	2021	WEST	月泉	大阪府	https://award.tabelog.com/hyakumeiten/chinese_west/2021	46232	店舗照合済	2021年百名店公式選出（中国料理 百名店 WEST・公式掲載順 96/100）
HYK2021-0497	28001593	食べログ	中国料理 百名店	百名店	中国料理	2021	WEST	三宮一貫楼 本店	兵庫県	https://award.tabelog.com/hyakumeiten/chinese_west/2021	46232	店舗照合済	2021年百名店公式選出（中国料理 百名店 WEST・公式掲載順 97/100）
HYK2021-0498	27065615	食べログ	中国料理 百名店	百名店	中国料理	2021	WEST	善道	大阪府	https://award.tabelog.com/hyakumeiten/chinese_west/2021	46232	店舗照合済	2021年百名店公式選出（中国料理 百名店 WEST・公式掲載順 98/100）
HYK2021-0499	28022858	食べログ	中国料理 百名店	百名店	中国料理	2021	WEST	老虎菜	兵庫県	https://award.tabelog.com/hyakumeiten/chinese_west/2021	46232	店舗照合済	2021年百名店公式選出（中国料理 百名店 WEST・公式掲載順 99/100）
HYK2021-0500	28000719	食べログ	中国料理 百名店	百名店	中国料理	2021	WEST	鴻華園	兵庫県	https://award.tabelog.com/hyakumeiten/chinese_west/2021	46232	店舗照合済	2021年百名店公式選出（中国料理 百名店 WEST・公式掲載順 100/100）
HYK2021-0501	23063049	食べログ	フレンチ 百名店	百名店	フレンチ	2021	EAST	THE GATEHOUSE	愛知県	https://award.tabelog.com/hyakumeiten/french_east/2021	46232	店舗照合済	2021年百名店公式選出（フレンチ 百名店 EAST・公式掲載順 1/100）
HYK2021-0502	2000326	食べログ	フレンチ 百名店	百名店	フレンチ	2021	EAST	レストラン山崎	青森県	https://award.tabelog.com/hyakumeiten/french_east/2021	46232	店舗照合済	2021年百名店公式選出（フレンチ 百名店 EAST・公式掲載順 2/100）
HYK2021-0503	19000052	食べログ	フレンチ 百名店	百名店	フレンチ	2021	EAST	キュイエット	山梨県	https://award.tabelog.com/hyakumeiten/french_east/2021	46232	店舗照合済	2021年百名店公式選出（フレンチ 百名店 EAST・公式掲載順 3/100）
HYK2021-0504	23005899	食べログ	フレンチ 百名店	百名店	フレンチ	2021	EAST	イノーヴェ	愛知県	https://award.tabelog.com/hyakumeiten/french_east/2021	46232	店舗照合済	2021年百名店公式選出（フレンチ 百名店 EAST・公式掲載順 4/100）
HYK2021-0505	14007836	食べログ	フレンチ 百名店	百名店	フレンチ	2021	EAST	ル シエール	神奈川県	https://award.tabelog.com/hyakumeiten/french_east/2021	46232	店舗照合済	2021年百名店公式選出（フレンチ 百名店 EAST・公式掲載順 5/100）
HYK2021-0506	14000312	食べログ	フレンチ 百名店	百名店	フレンチ	2021	EAST	レストラン潮幸	神奈川県	https://award.tabelog.com/hyakumeiten/french_east/2021	46232	店舗照合済	2021年百名店公式選出（フレンチ 百名店 EAST・公式掲載順 6/100）
HYK2021-0507	14000668	食べログ	フレンチ 百名店	百名店	フレンチ	2021	EAST	パノラミックレストラン ル・ノルマンディ	神奈川県	https://award.tabelog.com/hyakumeiten/french_east/2021	46232	店舗照合済	2021年百名店公式選出（フレンチ 百名店 EAST・公式掲載順 7/100）
HYK2021-0508	14012634	食べログ	フレンチ 百名店	百名店	フレンチ	2021	EAST	ミクニ ヨコハマ	神奈川県	https://award.tabelog.com/hyakumeiten/french_east/2021	46232	店舗照合済	2021年百名店公式選出（フレンチ 百名店 EAST・公式掲載順 8/100）
HYK2021-0509	14057938	食べログ	フレンチ 百名店	百名店	フレンチ	2021	EAST	佛蘭西料理 名古屋	神奈川県	https://award.tabelog.com/hyakumeiten/french_east/2021	46232	店舗照合済	2021年百名店公式選出（フレンチ 百名店 EAST・公式掲載順 9/100）
HYK2021-0510	1000139	食べログ	フレンチ 百名店	百名店	フレンチ	2021	EAST	ギリガンズ アイランド	北海道	https://award.tabelog.com/hyakumeiten/french_east/2021	46232	店舗照合済	2021年百名店公式選出（フレンチ 百名店 EAST・公式掲載順 10/100）
HYK2021-0511	23004865	食べログ	フレンチ 百名店	百名店	フレンチ	2021	EAST	サラマンジェ ドゥ カジノ	愛知県	https://award.tabelog.com/hyakumeiten/french_east/2021	46232	店舗照合済	2021年百名店公式選出（フレンチ 百名店 EAST・公式掲載順 11/100）
HYK2021-0512	14011357	食べログ	フレンチ 百名店	百名店	フレンチ	2021	EAST	ヴェルヴェンヌ	神奈川県	https://award.tabelog.com/hyakumeiten/french_east/2021	46232	店舗照合済	2021年百名店公式選出（フレンチ 百名店 EAST・公式掲載順 12/100）
HYK2021-0513	10000482	食べログ	フレンチ 百名店	百名店	フレンチ	2021	EAST	シュマンドール	群馬県	https://award.tabelog.com/hyakumeiten/french_east/2021	46232	店舗照合済	2021年百名店公式選出（フレンチ 百名店 EAST・公式掲載順 13/100）
HYK2021-0514	2000419	食べログ	フレンチ 百名店	百名店	フレンチ	2021	EAST	フランス食堂 シェ・モア	青森県	https://award.tabelog.com/hyakumeiten/french_east/2021	46232	店舗照合済	2021年百名店公式選出（フレンチ 百名店 EAST・公式掲載順 14/100）
HYK2021-0515	23008216	食べログ	フレンチ 百名店	百名店	フレンチ	2021	EAST	DINING 六区	愛知県	https://award.tabelog.com/hyakumeiten/french_east/2021	46232	店舗照合済	2021年百名店公式選出（フレンチ 百名店 EAST・公式掲載順 15/100）
HYK2021-0516	14002020	食べログ	フレンチ 百名店	百名店	フレンチ	2021	EAST	ザ・フジヤ	神奈川県	https://award.tabelog.com/hyakumeiten/french_east/2021	46232	店舗照合済	2021年百名店公式選出（フレンチ 百名店 EAST・公式掲載順 16/100）
HYK2021-0517	23004079	食べログ	フレンチ 百名店	百名店	フレンチ	2021	EAST	オーベルジュ・ド・リル ナゴヤ	愛知県	https://award.tabelog.com/hyakumeiten/french_east/2021	46232	店舗照合済	2021年百名店公式選出（フレンチ 百名店 EAST・公式掲載順 17/100）
HYK2021-0518	12027859	食べログ	フレンチ 百名店	百名店	フレンチ	2021	EAST	ラシェット M	千葉県	https://award.tabelog.com/hyakumeiten/french_east/2021	46232	店舗照合済	2021年百名店公式選出（フレンチ 百名店 EAST・公式掲載順 18/100）
HYK2021-0519	23044503	食べログ	フレンチ 百名店	百名店	フレンチ	2021	EAST	ラ メゾン ヒトトキ	愛知県	https://award.tabelog.com/hyakumeiten/french_east/2021	46232	店舗照合済	2021年百名店公式選出（フレンチ 百名店 EAST・公式掲載順 19/100）
HYK2021-0520	23000380	食べログ	フレンチ 百名店	百名店	フレンチ	2021	EAST	フランス料理 壺中天	愛知県	https://award.tabelog.com/hyakumeiten/french_east/2021	46232	店舗照合済	2021年百名店公式選出（フレンチ 百名店 EAST・公式掲載順 20/100）
HYK2021-0521	4010704	食べログ	フレンチ 百名店	百名店	フレンチ	2021	EAST	レストラン シンフォニー	宮城県	https://award.tabelog.com/hyakumeiten/french_east/2021	46232	店舗照合済	2021年百名店公式選出（フレンチ 百名店 EAST・公式掲載順 21/100）
HYK2021-0522	5006735	食べログ	フレンチ 百名店	百名店	フレンチ	2021	EAST	エッサンス	秋田県	https://award.tabelog.com/hyakumeiten/french_east/2021	46232	店舗照合済	2021年百名店公式選出（フレンチ 百名店 EAST・公式掲載順 22/100）
HYK2021-0523	1005336	食べログ	フレンチ 百名店	百名店	フレンチ	2021	EAST	レストラン・アスペルジュ	北海道	https://award.tabelog.com/hyakumeiten/french_east/2021	46232	店舗照合済	2021年百名店公式選出（フレンチ 百名店 EAST・公式掲載順 23/100）
HYK2021-0524	1037772	食べログ	フレンチ 百名店	百名店	フレンチ	2021	EAST	saveur	北海道	https://award.tabelog.com/hyakumeiten/french_east/2021	46232	店舗照合済	2021年百名店公式選出（フレンチ 百名店 EAST・公式掲載順 24/100）
HYK2021-0525	1046001	食べログ	フレンチ 百名店	百名店	フレンチ	2021	EAST	レストランMINAMI	北海道	https://award.tabelog.com/hyakumeiten/french_east/2021	46232	店舗照合済	2021年百名店公式選出（フレンチ 百名店 EAST・公式掲載順 25/100）
HYK2021-0526	12030737	食べログ	フレンチ 百名店	百名店	フレンチ	2021	EAST	フランス料理 ル・クール	千葉県	https://award.tabelog.com/hyakumeiten/french_east/2021	46232	店舗照合済	2021年百名店公式選出（フレンチ 百名店 EAST・公式掲載順 26/100）
HYK2021-0527	23000032	食べログ	フレンチ 百名店	百名店	フレンチ	2021	EAST	ロワール	愛知県	https://award.tabelog.com/hyakumeiten/french_east/2021	46232	店舗照合済	2021年百名店公式選出（フレンチ 百名店 EAST・公式掲載順 27/100）
HYK2021-0528	1038104	食べログ	フレンチ 百名店	百名店	フレンチ	2021	EAST	lien	北海道	https://award.tabelog.com/hyakumeiten/french_east/2021	46232	店舗照合済	2021年百名店公式選出（フレンチ 百名店 EAST・公式掲載順 28/100）
HYK2021-0529	20000186	食べログ	フレンチ 百名店	百名店	フレンチ	2021	EAST	エルミタージュ ドゥ タムラ	長野県	https://award.tabelog.com/hyakumeiten/french_east/2021	46232	店舗照合済	2021年百名店公式選出（フレンチ 百名店 EAST・公式掲載順 29/100）
HYK2021-0530	23043805	食べログ	フレンチ 百名店	百名店	フレンチ	2021	EAST	ル・タン・ペルデュ	愛知県	https://award.tabelog.com/hyakumeiten/french_east/2021	46232	店舗照合済	2021年百名店公式選出（フレンチ 百名店 EAST・公式掲載順 30/100）
HYK2021-0531	23070630	食べログ	フレンチ 百名店	百名店	フレンチ	2021	EAST	ロテュス	愛知県	https://award.tabelog.com/hyakumeiten/french_east/2021	46232	店舗照合済	2021年百名店公式選出（フレンチ 百名店 EAST・公式掲載順 31/100）
HYK2021-0532	14028447	食べログ	フレンチ 百名店	百名店	フレンチ	2021	EAST	ビストロ ボン・グー・コクブ	神奈川県	https://award.tabelog.com/hyakumeiten/french_east/2021	46232	店舗照合済	2021年百名店公式選出（フレンチ 百名店 EAST・公式掲載順 32/100）
HYK2021-0533	23049950	食べログ	フレンチ 百名店	百名店	フレンチ	2021	EAST	レストラン　シュバル ブラン	愛知県	https://award.tabelog.com/hyakumeiten/french_east/2021	46232	店舗照合済	2021年百名店公式選出（フレンチ 百名店 EAST・公式掲載順 33/100）
HYK2021-0534	23000185	食べログ	フレンチ 百名店	百名店	フレンチ	2021	EAST	ラ・グランターブル ドゥ キタムラ	愛知県	https://award.tabelog.com/hyakumeiten/french_east/2021	46232	店舗照合済	2021年百名店公式選出（フレンチ 百名店 EAST・公式掲載順 34/100）
HYK2021-0535	1000009	食べログ	フレンチ 百名店	百名店	フレンチ	2021	EAST	ル・ジャンティオム	北海道	https://award.tabelog.com/hyakumeiten/french_east/2021	46232	店舗照合済	2021年百名店公式選出（フレンチ 百名店 EAST・公式掲載順 35/100）
HYK2021-0536	23048448	食べログ	フレンチ 百名店	百名店	フレンチ	2021	EAST	レストラン ラ・フロレゾン・ドゥ・タケウチ	愛知県	https://award.tabelog.com/hyakumeiten/french_east/2021	46232	店舗照合済	2021年百名店公式選出（フレンチ 百名店 EAST・公式掲載順 36/100）
HYK2021-0537	20014528	食べログ	フレンチ 百名店	百名店	フレンチ	2021	EAST	ブレストンコート ユカワタン	長野県	https://award.tabelog.com/hyakumeiten/french_east/2021	46232	店舗照合済	2021年百名店公式選出（フレンチ 百名店 EAST・公式掲載順 37/100）
HYK2021-0538	14045182	食べログ	フレンチ 百名店	百名店	フレンチ	2021	EAST	Le Salon de Legumes	神奈川県	https://award.tabelog.com/hyakumeiten/french_east/2021	46232	店舗照合済	2021年百名店公式選出（フレンチ 百名店 EAST・公式掲載順 38/100）
HYK2021-0539	20000173	食べログ	フレンチ 百名店	百名店	フレンチ	2021	EAST	万平ホテル メインダイニングルーム	長野県	https://award.tabelog.com/hyakumeiten/french_east/2021	46232	店舗照合済	2021年百名店公式選出（フレンチ 百名店 EAST・公式掲載順 39/100）
HYK2021-0540	14058520	食べログ	フレンチ 百名店	百名店	フレンチ	2021	EAST	古我邸	神奈川県	https://award.tabelog.com/hyakumeiten/french_east/2021	46232	店舗照合済	2021年百名店公式選出（フレンチ 百名店 EAST・公式掲載順 40/100）
HYK2021-0541	1000044	食べログ	フレンチ 百名店	百名店	フレンチ	2021	EAST	フレンチレストラン ミクニ サッポロ	北海道	https://award.tabelog.com/hyakumeiten/french_east/2021	46232	店舗照合済	2021年百名店公式選出（フレンチ 百名店 EAST・公式掲載順 41/100）
HYK2021-0542	14001207	食べログ	フレンチ 百名店	百名店	フレンチ	2021	EAST	レストラン プランデルブ北鎌倉	神奈川県	https://award.tabelog.com/hyakumeiten/french_east/2021	46232	店舗照合済	2021年百名店公式選出（フレンチ 百名店 EAST・公式掲載順 42/100）
HYK2021-0543	20001073	食べログ	フレンチ 百名店	百名店	フレンチ	2021	EAST	ヴィラデスト ガーデンファーム アンド ワイナリー	長野県	https://award.tabelog.com/hyakumeiten/french_east/2021	46232	店舗照合済	2021年百名店公式選出（フレンチ 百名店 EAST・公式掲載順 43/100）
HYK2021-0544	14003805	食べログ	フレンチ 百名店	百名店	フレンチ	2021	EAST	シェ・ヒャクタケ	神奈川県	https://award.tabelog.com/hyakumeiten/french_east/2021	46232	店舗照合済	2021年百名店公式選出（フレンチ 百名店 EAST・公式掲載順 44/100）
HYK2021-0545	14004312	食べログ	フレンチ 百名店	百名店	フレンチ	2021	EAST	りょうりにん みわ	神奈川県	https://award.tabelog.com/hyakumeiten/french_east/2021	46232	店舗照合済	2021年百名店公式選出（フレンチ 百名店 EAST・公式掲載順 45/100）
HYK2021-0546	14039956	食べログ	フレンチ 百名店	百名店	フレンチ	2021	EAST	ete	神奈川県	https://award.tabelog.com/hyakumeiten/french_east/2021	46232	店舗照合済	2021年百名店公式選出（フレンチ 百名店 EAST・公式掲載順 46/100）
HYK2021-0547	14076020	食べログ	フレンチ 百名店	百名店	フレンチ	2021	EAST	フィエルテ	神奈川県	https://award.tabelog.com/hyakumeiten/french_east/2021	46232	店舗照合済	2021年百名店公式選出（フレンチ 百名店 EAST・公式掲載順 47/100）
HYK2021-0548	14010518	食べログ	フレンチ 百名店	百名店	フレンチ	2021	EAST	シェ フルール 横濱	神奈川県	https://award.tabelog.com/hyakumeiten/french_east/2021	46232	店舗照合済	2021年百名店公式選出（フレンチ 百名店 EAST・公式掲載順 48/100）
HYK2021-0549	14058250	食べログ	フレンチ 百名店	百名店	フレンチ	2021	EAST	サラマンジェ ド ヨシノ	神奈川県	https://award.tabelog.com/hyakumeiten/french_east/2021	46232	店舗照合済	2021年百名店公式選出（フレンチ 百名店 EAST・公式掲載順 49/100）
HYK2021-0550	1000275	食べログ	フレンチ 百名店	百名店	フレンチ	2021	EAST	フレンチレストラン カザマ	北海道	https://award.tabelog.com/hyakumeiten/french_east/2021	46232	店舗照合済	2021年百名店公式選出（フレンチ 百名店 EAST・公式掲載順 50/100）
HYK2021-0551	14051554	食べログ	フレンチ 百名店	百名店	フレンチ	2021	EAST	デュ・ヴァン・ハッシシ	神奈川県	https://award.tabelog.com/hyakumeiten/french_east/2021	46232	店舗照合済	2021年百名店公式選出（フレンチ 百名店 EAST・公式掲載順 51/100）
HYK2021-0552	8000180	食べログ	フレンチ 百名店	百名店	フレンチ	2021	EAST	レストラン オオツ	茨城県	https://award.tabelog.com/hyakumeiten/french_east/2021	46232	店舗照合済	2021年百名店公式選出（フレンチ 百名店 EAST・公式掲載順 52/100）
HYK2021-0553	1000022	食べログ	フレンチ 百名店	百名店	フレンチ	2021	EAST	レストラン・モリエール	北海道	https://award.tabelog.com/hyakumeiten/french_east/2021	46232	店舗照合済	2021年百名店公式選出（フレンチ 百名店 EAST・公式掲載順 53/100）
HYK2021-0554	23055994	食べログ	フレンチ 百名店	百名店	フレンチ	2021	EAST	マスドラヴァンド	愛知県	https://award.tabelog.com/hyakumeiten/french_east/2021	46232	店舗照合済	2021年百名店公式選出（フレンチ 百名店 EAST・公式掲載順 54/100）
HYK2021-0555	23052570	食べログ	フレンチ 百名店	百名店	フレンチ	2021	EAST	レスト ケイ ヤマウチ	愛知県	https://award.tabelog.com/hyakumeiten/french_east/2021	46232	店舗照合済	2021年百名店公式選出（フレンチ 百名店 EAST・公式掲載順 55/100）
HYK2021-0556	1007405	食べログ	フレンチ 百名店	百名店	フレンチ	2021	EAST	クネル	北海道	https://award.tabelog.com/hyakumeiten/french_east/2021	46232	店舗照合済	2021年百名店公式選出（フレンチ 百名店 EAST・公式掲載順 56/100）
HYK2021-0557	14003081	食べログ	フレンチ 百名店	百名店	フレンチ	2021	EAST	フレンチレストラン にき亭 そごう横浜店	神奈川県	https://award.tabelog.com/hyakumeiten/french_east/2021	46232	店舗照合済	2021年百名店公式選出（フレンチ 百名店 EAST・公式掲載順 57/100）
HYK2021-0558	23002856	食べログ	フレンチ 百名店	百名店	フレンチ	2021	EAST	ラ・トリロジー	愛知県	https://award.tabelog.com/hyakumeiten/french_east/2021	46232	店舗照合済	2021年百名店公式選出（フレンチ 百名店 EAST・公式掲載順 58/100）
HYK2021-0559	1043997	食べログ	フレンチ 百名店	百名店	フレンチ	2021	EAST	ロワゾー・パー・マツナガ	北海道	https://award.tabelog.com/hyakumeiten/french_east/2021	46232	店舗照合済	2021年百名店公式選出（フレンチ 百名店 EAST・公式掲載順 59/100）
HYK2021-0560	7008647	食べログ	フレンチ 百名店	百名店	フレンチ	2021	EAST	Hagiフランス料理店	福島県	https://award.tabelog.com/hyakumeiten/french_east/2021	46232	店舗照合済	2021年百名店公式選出（フレンチ 百名店 EAST・公式掲載順 60/100）
HYK2021-0561	23063484	食べログ	フレンチ 百名店	百名店	フレンチ	2021	EAST	フランス料理 サンク	愛知県	https://award.tabelog.com/hyakumeiten/french_east/2021	46232	店舗照合済	2021年百名店公式選出（フレンチ 百名店 EAST・公式掲載順 61/100）
HYK2021-0562	14009626	食べログ	フレンチ 百名店	百名店	フレンチ	2021	EAST	エルルカン・ビス	神奈川県	https://award.tabelog.com/hyakumeiten/french_east/2021	46232	店舗照合済	2021年百名店公式選出（フレンチ 百名店 EAST・公式掲載順 62/100）
HYK2021-0563	14004587	食べログ	フレンチ 百名店	百名店	フレンチ	2021	EAST	ミッシェル ナカジマ	神奈川県	https://award.tabelog.com/hyakumeiten/french_east/2021	46232	店舗照合済	2021年百名店公式選出（フレンチ 百名店 EAST・公式掲載順 63/100）
HYK2021-0564	1033322	食べログ	フレンチ 百名店	百名店	フレンチ	2021	EAST	ラ・ブリック	北海道	https://award.tabelog.com/hyakumeiten/french_east/2021	46232	店舗照合済	2021年百名店公式選出（フレンチ 百名店 EAST・公式掲載順 64/100）
HYK2021-0565	23040370	食べログ	フレンチ 百名店	百名店	フレンチ	2021	EAST	ラ・ヴァガボンド	愛知県	https://award.tabelog.com/hyakumeiten/french_east/2021	46232	店舗照合済	2021年百名店公式選出（フレンチ 百名店 EAST・公式掲載順 65/100）
HYK2021-0566	1000005	食べログ	フレンチ 百名店	百名店	フレンチ	2021	EAST	レストラン コートドール	北海道	https://award.tabelog.com/hyakumeiten/french_east/2021	46232	店舗照合済	2021年百名店公式選出（フレンチ 百名店 EAST・公式掲載順 66/100）
HYK2021-0567	1000675	食べログ	フレンチ 百名店	百名店	フレンチ	2021	EAST	ランファン・キ・レーヴ	北海道	https://award.tabelog.com/hyakumeiten/french_east/2021	46232	店舗照合済	2021年百名店公式選出（フレンチ 百名店 EAST・公式掲載順 67/100）
HYK2021-0568	15015200	食べログ	フレンチ 百名店	百名店	フレンチ	2021	EAST	レストラン ウオゼン	新潟県	https://award.tabelog.com/hyakumeiten/french_east/2021	46232	店舗照合済	2021年百名店公式選出（フレンチ 百名店 EAST・公式掲載順 68/100）
HYK2021-0569	1000183	食べログ	フレンチ 百名店	百名店	フレンチ	2021	EAST	ラ・サンテ	北海道	https://award.tabelog.com/hyakumeiten/french_east/2021	46232	店舗照合済	2021年百名店公式選出（フレンチ 百名店 EAST・公式掲載順 69/100）
HYK2021-0570	14000627	食べログ	フレンチ 百名店	百名店	フレンチ	2021	EAST	アジュール	神奈川県	https://award.tabelog.com/hyakumeiten/french_east/2021	46232	店舗照合済	2021年百名店公式選出（フレンチ 百名店 EAST・公式掲載順 70/100）
HYK2021-0571	14005204	食べログ	フレンチ 百名店	百名店	フレンチ	2021	EAST	Ripaille	神奈川県	https://award.tabelog.com/hyakumeiten/french_east/2021	46232	店舗照合済	2021年百名店公式選出（フレンチ 百名店 EAST・公式掲載順 71/100）
HYK2021-0572	23008902	食べログ	フレンチ 百名店	百名店	フレンチ	2021	EAST	ル ピニョン	愛知県	https://award.tabelog.com/hyakumeiten/french_east/2021	46232	店舗照合済	2021年百名店公式選出（フレンチ 百名店 EAST・公式掲載順 72/100）
HYK2021-0573	23000871	食べログ	フレンチ 百名店	百名店	フレンチ	2021	EAST	シェ・トト	愛知県	https://award.tabelog.com/hyakumeiten/french_east/2021	46232	店舗照合済	2021年百名店公式選出（フレンチ 百名店 EAST・公式掲載順 73/100）
HYK2021-0574	14004807	食べログ	フレンチ 百名店	百名店	フレンチ	2021	EAST	箱根ハイランドホテル ラ・フォーレ	神奈川県	https://award.tabelog.com/hyakumeiten/french_east/2021	46232	店舗照合済	2021年百名店公式選出（フレンチ 百名店 EAST・公式掲載順 74/100）
HYK2021-0575	14001146	食べログ	フレンチ 百名店	百名店	フレンチ	2021	EAST	横濱元町 霧笛楼	神奈川県	https://award.tabelog.com/hyakumeiten/french_east/2021	46232	店舗照合済	2021年百名店公式選出（フレンチ 百名店 EAST・公式掲載順 75/100）
HYK2021-0576	12001097	食べログ	フレンチ 百名店	百名店	フレンチ	2021	EAST	エピセ	千葉県	https://award.tabelog.com/hyakumeiten/french_east/2021	46232	店舗照合済	2021年百名店公式選出（フレンチ 百名店 EAST・公式掲載順 76/100）
HYK2021-0577	23057000	食べログ	フレンチ 百名店	百名店	フレンチ	2021	EAST	レミニセンス	愛知県	https://award.tabelog.com/hyakumeiten/french_east/2021	46232	店舗照合済	2021年百名店公式選出（フレンチ 百名店 EAST・公式掲載順 77/100）
HYK2021-0578	20002166	食べログ	フレンチ 百名店	百名店	フレンチ	2021	EAST	ヒカリヤ ニシ	長野県	https://award.tabelog.com/hyakumeiten/french_east/2021	46232	店舗照合済	2021年百名店公式選出（フレンチ 百名店 EAST・公式掲載順 78/100）
HYK2021-0579	23049147	食べログ	フレンチ 百名店	百名店	フレンチ	2021	EAST	Reconnaissance	愛知県	https://award.tabelog.com/hyakumeiten/french_east/2021	46232	店舗照合済	2021年百名店公式選出（フレンチ 百名店 EAST・公式掲載順 79/100）
HYK2021-0580	23053940	食べログ	フレンチ 百名店	百名店	フレンチ	2021	EAST	エリタージュ	愛知県	https://award.tabelog.com/hyakumeiten/french_east/2021	46232	店舗照合済	2021年百名店公式選出（フレンチ 百名店 EAST・公式掲載順 80/100）
HYK2021-0581	14000520	食べログ	フレンチ 百名店	百名店	フレンチ	2021	EAST	エリゼ光	神奈川県	https://award.tabelog.com/hyakumeiten/french_east/2021	46232	店舗照合済	2021年百名店公式選出（フレンチ 百名店 EAST・公式掲載順 81/100）
HYK2021-0582	1028665	食べログ	フレンチ 百名店	百名店	フレンチ	2021	EAST	AKI NAGAO	北海道	https://award.tabelog.com/hyakumeiten/french_east/2021	46232	店舗照合済	2021年百名店公式選出（フレンチ 百名店 EAST・公式掲載順 82/100）
HYK2021-0583	23000241	食べログ	フレンチ 百名店	百名店	フレンチ	2021	EAST	シェ・コーベ	愛知県	https://award.tabelog.com/hyakumeiten/french_east/2021	46232	店舗照合済	2021年百名店公式選出（フレンチ 百名店 EAST・公式掲載順 83/100）
HYK2021-0584	14001427	食べログ	フレンチ 百名店	百名店	フレンチ	2021	EAST	ヴェル・ボワ	神奈川県	https://award.tabelog.com/hyakumeiten/french_east/2021	46232	店舗照合済	2021年百名店公式選出（フレンチ 百名店 EAST・公式掲載順 84/100）
HYK2021-0585	1008428	食べログ	フレンチ 百名店	百名店	フレンチ	2021	EAST	Maison de h-l'E´ridan	北海道	https://award.tabelog.com/hyakumeiten/french_east/2021	46232	店舗照合済	2021年百名店公式選出（フレンチ 百名店 EAST・公式掲載順 85/100）
HYK2021-0586	23065259	食べログ	フレンチ 百名店	百名店	フレンチ	2021	EAST	グランド ダイア	愛知県	https://award.tabelog.com/hyakumeiten/french_east/2021	46232	店舗照合済	2021年百名店公式選出（フレンチ 百名店 EAST・公式掲載順 86/100）
HYK2021-0587	20000157	食べログ	フレンチ 百名店	百名店	フレンチ	2021	EAST	オーベルジュ ド プリマヴェーラ	長野県	https://award.tabelog.com/hyakumeiten/french_east/2021	46232	店舗照合済	2021年百名店公式選出（フレンチ 百名店 EAST・公式掲載順 87/100）
HYK2021-0588	23044796	食べログ	フレンチ 百名店	百名店	フレンチ	2021	EAST	リマージュ	愛知県	https://award.tabelog.com/hyakumeiten/french_east/2021	46232	店舗照合済	2021年百名店公式選出（フレンチ 百名店 EAST・公式掲載順 88/100）
HYK2021-0589	1003500	食べログ	フレンチ 百名店	百名店	フレンチ	2021	EAST	バンケット	北海道	https://award.tabelog.com/hyakumeiten/french_east/2021	46232	店舗照合済	2021年百名店公式選出（フレンチ 百名店 EAST・公式掲載順 89/100）
HYK2021-0590	14001995	食べログ	フレンチ 百名店	百名店	フレンチ	2021	EAST	ストラスヴァリウス	神奈川県	https://award.tabelog.com/hyakumeiten/french_east/2021	46232	店舗照合済	2021年百名店公式選出（フレンチ 百名店 EAST・公式掲載順 90/100）
HYK2021-0591	14001428	食べログ	フレンチ 百名店	百名店	フレンチ	2021	EAST	オーベルジュ・オー・ミラドー	神奈川県	https://award.tabelog.com/hyakumeiten/french_east/2021	46232	店舗照合済	2021年百名店公式選出（フレンチ 百名店 EAST・公式掲載順 91/100）
HYK2021-0592	14000156	食べログ	フレンチ 百名店	百名店	フレンチ	2021	EAST	クイーン・アリス 横浜店	神奈川県	https://award.tabelog.com/hyakumeiten/french_east/2021	46232	店舗照合済	2021年百名店公式選出（フレンチ 百名店 EAST・公式掲載順 92/100）
HYK2021-0593	23061237	食べログ	フレンチ 百名店	百名店	フレンチ	2021	EAST	ラ モデスティ	愛知県	https://award.tabelog.com/hyakumeiten/french_east/2021	46232	店舗照合済	2021年百名店公式選出（フレンチ 百名店 EAST・公式掲載順 93/100）
HYK2021-0594	1000235	食べログ	フレンチ 百名店	百名店	フレンチ	2021	EAST	レストラン・マッカリーナ	北海道	https://award.tabelog.com/hyakumeiten/french_east/2021	46232	店舗照合済	2021年百名店公式選出（フレンチ 百名店 EAST・公式掲載順 94/100）
HYK2021-0595	23000325	食べログ	フレンチ 百名店	百名店	フレンチ	2021	EAST	ミクニナゴヤ	愛知県	https://award.tabelog.com/hyakumeiten/french_east/2021	46232	店舗照合済	2021年百名店公式選出（フレンチ 百名店 EAST・公式掲載順 95/100）
HYK2021-0596	20000027	食べログ	フレンチ 百名店	百名店	フレンチ	2021	EAST	エスポワール	長野県	https://award.tabelog.com/hyakumeiten/french_east/2021	46232	店舗照合済	2021年百名店公式選出（フレンチ 百名店 EAST・公式掲載順 96/100）
HYK2021-0597	1000049	食べログ	フレンチ 百名店	百名店	フレンチ	2021	EAST	オーベルジュ・ド・リル サッポロ	北海道	https://award.tabelog.com/hyakumeiten/french_east/2021	46232	店舗照合済	2021年百名店公式選出（フレンチ 百名店 EAST・公式掲載順 97/100）
HYK2021-0598	12000296	食べログ	フレンチ 百名店	百名店	フレンチ	2021	EAST	ル・クープル	千葉県	https://award.tabelog.com/hyakumeiten/french_east/2021	46232	店舗照合済	2021年百名店公式選出（フレンチ 百名店 EAST・公式掲載順 98/100）
HYK2021-0599	3007052	食べログ	フレンチ 百名店	百名店	フレンチ	2021	EAST	シェムラブルリス	岩手県	https://award.tabelog.com/hyakumeiten/french_east/2021	46232	店舗照合済	2021年百名店公式選出（フレンチ 百名店 EAST・公式掲載順 99/100）
HYK2021-0600	4002558	食べログ	フレンチ 百名店	百名店	フレンチ	2021	EAST	フレンチレストラン・プレジール	宮城県	https://award.tabelog.com/hyakumeiten/french_east/2021	46232	店舗照合済	2021年百名店公式選出（フレンチ 百名店 EAST・公式掲載順 100/100）
HYK2021-0601	13184105	食べログ	フレンチ 百名店	百名店	フレンチ	2021	TOKYO	ル スプートニク	東京都	https://award.tabelog.com/hyakumeiten/french_tokyo/2021	46232	店舗照合済	2021年百名店公式選出（フレンチ 百名店 TOKYO・公式掲載順 1/100）
HYK2021-0602	13108686	食べログ	フレンチ 百名店	百名店	フレンチ	2021	TOKYO	モノリス	東京都	https://award.tabelog.com/hyakumeiten/french_tokyo/2021	46232	店舗照合済	2021年百名店公式選出（フレンチ 百名店 TOKYO・公式掲載順 2/100）
HYK2021-0603	13016560	食べログ	フレンチ 百名店	百名店	フレンチ	2021	TOKYO	アルジェント	東京都	https://award.tabelog.com/hyakumeiten/french_tokyo/2021	46232	店舗照合済	2021年百名店公式選出（フレンチ 百名店 TOKYO・公式掲載順 3/100）
HYK2021-0604	13001336	食べログ	フレンチ 百名店	百名店	フレンチ	2021	TOKYO	シュマン	東京都	https://award.tabelog.com/hyakumeiten/french_tokyo/2021	46232	店舗照合済	2021年百名店公式選出（フレンチ 百名店 TOKYO・公式掲載順 4/100）
HYK2021-0605	13122126	食べログ	フレンチ 百名店	百名店	フレンチ	2021	TOKYO	レストラン リューズ	東京都	https://award.tabelog.com/hyakumeiten/french_tokyo/2021	46232	店舗照合済	2021年百名店公式選出（フレンチ 百名店 TOKYO・公式掲載順 5/100）
HYK2021-0606	13054492	食べログ	フレンチ 百名店	百名店	フレンチ	2021	TOKYO	ロドラント ミノルナキジン	東京都	https://award.tabelog.com/hyakumeiten/french_tokyo/2021	46232	店舗照合済	2021年百名店公式選出（フレンチ 百名店 TOKYO・公式掲載順 6/100）
HYK2021-0607	13004471	食べログ	フレンチ 百名店	百名店	フレンチ	2021	TOKYO	ラシェット・ブランシュ	東京都	https://award.tabelog.com/hyakumeiten/french_tokyo/2021	46232	店舗照合済	2021年百名店公式選出（フレンチ 百名店 TOKYO・公式掲載順 7/100）
HYK2021-0608	13166325	食べログ	フレンチ 百名店	百名店	フレンチ	2021	TOKYO	ラ・ボンヌターブル	東京都	https://award.tabelog.com/hyakumeiten/french_tokyo/2021	46232	店舗照合済	2021年百名店公式選出（フレンチ 百名店 TOKYO・公式掲載順 8/100）
HYK2021-0609	13043985	食べログ	フレンチ 百名店	百名店	フレンチ	2021	TOKYO	ルグドゥノム ブション リヨネ	東京都	https://award.tabelog.com/hyakumeiten/french_tokyo/2021	46232	店舗照合済	2021年百名店公式選出（フレンチ 百名店 TOKYO・公式掲載順 9/100）
HYK2021-0610	13188159	食べログ	フレンチ 百名店	百名店	フレンチ	2021	TOKYO	FURUYA　augastronome	東京都	https://award.tabelog.com/hyakumeiten/french_tokyo/2021	46232	店舗照合済	2021年百名店公式選出（フレンチ 百名店 TOKYO・公式掲載順 10/100）
HYK2021-0611	13005338	食べログ	フレンチ 百名店	百名店	フレンチ	2021	TOKYO	トレフミヤモト	東京都	https://award.tabelog.com/hyakumeiten/french_tokyo/2021	46232	店舗照合済	2021年百名店公式選出（フレンチ 百名店 TOKYO・公式掲載順 11/100）
HYK2021-0612	13002444	食べログ	フレンチ 百名店	百名店	フレンチ	2021	TOKYO	銀座 レカン	東京都	https://award.tabelog.com/hyakumeiten/french_tokyo/2021	46232	店舗照合済	2021年百名店公式選出（フレンチ 百名店 TOKYO・公式掲載順 12/100）
HYK2021-0613	13155778	食べログ	フレンチ 百名店	百名店	フレンチ	2021	TOKYO	ラ・ファソン 古賀	東京都	https://award.tabelog.com/hyakumeiten/french_tokyo/2021	46232	店舗照合済	2021年百名店公式選出（フレンチ 百名店 TOKYO・公式掲載順 13/100）
HYK2021-0614	13194179	食べログ	フレンチ 百名店	百名店	フレンチ	2021	TOKYO	ラ クレリエール	東京都	https://award.tabelog.com/hyakumeiten/french_tokyo/2021	46232	店舗照合済	2021年百名店公式選出（フレンチ 百名店 TOKYO・公式掲載順 14/100）
HYK2021-0615	13042074	食べログ	フレンチ 百名店	百名店	フレンチ	2021	TOKYO	エディション・コウジ シモムラ	東京都	https://award.tabelog.com/hyakumeiten/french_tokyo/2021	46232	店舗照合済	2021年百名店公式選出（フレンチ 百名店 TOKYO・公式掲載順 15/100）
HYK2021-0616	13010470	食べログ	フレンチ 百名店	百名店	フレンチ	2021	TOKYO	ベージュ アラン・デュカス 東京	東京都	https://award.tabelog.com/hyakumeiten/french_tokyo/2021	46232	店舗照合済	2021年百名店公式選出（フレンチ 百名店 TOKYO・公式掲載順 16/100）
HYK2021-0617	13227385	食べログ	フレンチ 百名店	百名店	フレンチ	2021	TOKYO	ASAHINA Gastronome	東京都	https://award.tabelog.com/hyakumeiten/french_tokyo/2021	46232	店舗照合済	2021年百名店公式選出（フレンチ 百名店 TOKYO・公式掲載順 17/100）
HYK2021-0618	13192025	食べログ	フレンチ 百名店	百名店	フレンチ	2021	TOKYO	ALLIE	東京都	https://award.tabelog.com/hyakumeiten/french_tokyo/2021	46232	店舗照合済	2021年百名店公式選出（フレンチ 百名店 TOKYO・公式掲載順 18/100）
HYK2021-0619	NAME:ルマノアルダスティン|東京都	食べログ	フレンチ 百名店	百名店	フレンチ	2021	TOKYO	ル・マノアール・ダスティン	東京都	https://award.tabelog.com/hyakumeiten/french_tokyo/2021	46232	店舗照合済	2021年百名店公式選出（フレンチ 百名店 TOKYO・公式掲載順 19/100）
HYK2021-0620	13205772	食べログ	フレンチ 百名店	百名店	フレンチ	2021	TOKYO	フィリップ・ミル 東京	東京都	https://award.tabelog.com/hyakumeiten/french_tokyo/2021	46232	店舗照合済	2021年百名店公式選出（フレンチ 百名店 TOKYO・公式掲載順 20/100）
HYK2021-0621	13198413	食べログ	フレンチ 百名店	百名店	フレンチ	2021	TOKYO	レストラン ローブ	東京都	https://award.tabelog.com/hyakumeiten/french_tokyo/2021	46232	店舗照合済	2021年百名店公式選出（フレンチ 百名店 TOKYO・公式掲載順 21/100）
HYK2021-0622	13186978	食べログ	フレンチ 百名店	百名店	フレンチ	2021	TOKYO	L'Octave Hayato KOBAYASHI	東京都	https://award.tabelog.com/hyakumeiten/french_tokyo/2021	46232	店舗照合済	2021年百名店公式選出（フレンチ 百名店 TOKYO・公式掲載順 22/100）
HYK2021-0623	13194700	食べログ	フレンチ 百名店	百名店	フレンチ	2021	TOKYO	ナベノ-イズム	東京都	https://award.tabelog.com/hyakumeiten/french_tokyo/2021	46232	店舗照合済	2021年百名店公式選出（フレンチ 百名店 TOKYO・公式掲載順 23/100）
HYK2021-0624	13159567	食べログ	フレンチ 百名店	百名店	フレンチ	2021	TOKYO	カンテサンス	東京都	https://award.tabelog.com/hyakumeiten/french_tokyo/2021	46232	店舗照合済	2021年百名店公式選出（フレンチ 百名店 TOKYO・公式掲載順 24/100）
HYK2021-0625	13004454	食べログ	フレンチ 百名店	百名店	フレンチ	2021	TOKYO	レストラン アラジン	東京都	https://award.tabelog.com/hyakumeiten/french_tokyo/2021	46232	店舗照合済	2021年百名店公式選出（フレンチ 百名店 TOKYO・公式掲載順 25/100）
HYK2021-0626	13002294	食べログ	フレンチ 百名店	百名店	フレンチ	2021	TOKYO	レ セゾン	東京都	https://award.tabelog.com/hyakumeiten/french_tokyo/2021	46232	店舗照合済	2021年百名店公式選出（フレンチ 百名店 TOKYO・公式掲載順 26/100）
HYK2021-0627	13233584	食べログ	フレンチ 百名店	百名店	フレンチ	2021	TOKYO	COTEAU.	東京都	https://award.tabelog.com/hyakumeiten/french_tokyo/2021	46232	店舗照合済	2021年百名店公式選出（フレンチ 百名店 TOKYO・公式掲載順 27/100）
HYK2021-0628	13000945	食べログ	フレンチ 百名店	百名店	フレンチ	2021	TOKYO	北島亭	東京都	https://award.tabelog.com/hyakumeiten/french_tokyo/2021	46232	店舗照合済	2021年百名店公式選出（フレンチ 百名店 TOKYO・公式掲載順 28/100）
HYK2021-0629	13097935	食べログ	フレンチ 百名店	百名店	フレンチ	2021	TOKYO	銀座 シェ・トモ	東京都	https://award.tabelog.com/hyakumeiten/french_tokyo/2021	46232	店舗照合済	2021年百名店公式選出（フレンチ 百名店 TOKYO・公式掲載順 29/100）
HYK2021-0630	13162493	食べログ	フレンチ 百名店	百名店	フレンチ	2021	TOKYO	プレヴナンス	東京都	https://award.tabelog.com/hyakumeiten/french_tokyo/2021	46232	店舗照合済	2021年百名店公式選出（フレンチ 百名店 TOKYO・公式掲載順 30/100）
HYK2021-0631	13059639	食べログ	フレンチ 百名店	百名店	フレンチ	2021	TOKYO	ラトラス	東京都	https://award.tabelog.com/hyakumeiten/french_tokyo/2021	46232	店舗照合済	2021年百名店公式選出（フレンチ 百名店 TOKYO・公式掲載順 31/100）
HYK2021-0632	13202768	食べログ	フレンチ 百名店	百名店	フレンチ	2021	TOKYO	Crony	東京都	https://award.tabelog.com/hyakumeiten/french_tokyo/2021	46232	店舗照合済	2021年百名店公式選出（フレンチ 百名店 TOKYO・公式掲載順 32/100）
HYK2021-0633	13216899	食べログ	フレンチ 百名店	百名店	フレンチ	2021	TOKYO	サンプリシテ	東京都	https://award.tabelog.com/hyakumeiten/french_tokyo/2021	46232	店舗照合済	2021年百名店公式選出（フレンチ 百名店 TOKYO・公式掲載順 33/100）
HYK2021-0634	13232146	食べログ	フレンチ 百名店	百名店	フレンチ	2021	TOKYO	au deco	東京都	https://award.tabelog.com/hyakumeiten/french_tokyo/2021	46232	店舗照合済	2021年百名店公式選出（フレンチ 百名店 TOKYO・公式掲載順 34/100）
HYK2021-0635	13156381	食べログ	フレンチ 百名店	百名店	フレンチ	2021	TOKYO	ライラ	東京都	https://award.tabelog.com/hyakumeiten/french_tokyo/2021	46232	店舗照合済	2021年百名店公式選出（フレンチ 百名店 TOKYO・公式掲載順 35/100）
HYK2021-0636	13117620	食べログ	フレンチ 百名店	百名店	フレンチ	2021	TOKYO	アジュール フォーティーファイブ	東京都	https://award.tabelog.com/hyakumeiten/french_tokyo/2021	46232	店舗照合済	2021年百名店公式選出（フレンチ 百名店 TOKYO・公式掲載順 36/100）
HYK2021-0637	13128296	食べログ	フレンチ 百名店	百名店	フレンチ	2021	TOKYO	シャントレル	東京都	https://award.tabelog.com/hyakumeiten/french_tokyo/2021	46232	店舗照合済	2021年百名店公式選出（フレンチ 百名店 TOKYO・公式掲載順 37/100）
HYK2021-0638	13005328	食べログ	フレンチ 百名店	百名店	フレンチ	2021	TOKYO	ル・ブルギニオン	東京都	https://award.tabelog.com/hyakumeiten/french_tokyo/2021	46232	店舗照合済	2021年百名店公式選出（フレンチ 百名店 TOKYO・公式掲載順 38/100）
HYK2021-0639	13001590	食べログ	フレンチ 百名店	百名店	フレンチ	2021	TOKYO	レストランひらまつ 広尾	東京都	https://award.tabelog.com/hyakumeiten/french_tokyo/2021	46232	店舗照合済	2021年百名店公式選出（フレンチ 百名店 TOKYO・公式掲載順 39/100）
HYK2021-0640	13002607	食べログ	フレンチ 百名店	百名店	フレンチ	2021	TOKYO	ロオジエ	東京都	https://award.tabelog.com/hyakumeiten/french_tokyo/2021	46232	店舗照合済	2021年百名店公式選出（フレンチ 百名店 TOKYO・公式掲載順 40/100）
HYK2021-0641	13184186	食べログ	フレンチ 百名店	百名店	フレンチ	2021	TOKYO	ボニュ	東京都	https://award.tabelog.com/hyakumeiten/french_tokyo/2021	46232	店舗照合済	2021年百名店公式選出（フレンチ 百名店 TOKYO・公式掲載順 41/100）
HYK2021-0642	13228902	食べログ	フレンチ 百名店	百名店	フレンチ	2021	TOKYO	L'EAU	東京都	https://award.tabelog.com/hyakumeiten/french_tokyo/2021	46232	店舗照合済	2021年百名店公式選出（フレンチ 百名店 TOKYO・公式掲載順 42/100）
HYK2021-0643	13000510	食べログ	フレンチ 百名店	百名店	フレンチ	2021	TOKYO	シェ・イノ	東京都	https://award.tabelog.com/hyakumeiten/french_tokyo/2021	46232	店舗照合済	2021年百名店公式選出（フレンチ 百名店 TOKYO・公式掲載順 43/100）
HYK2021-0644	13145384	食べログ	フレンチ 百名店	百名店	フレンチ	2021	TOKYO	ルメルシマン オカモト	東京都	https://award.tabelog.com/hyakumeiten/french_tokyo/2021	46232	店舗照合済	2021年百名店公式選出（フレンチ 百名店 TOKYO・公式掲載順 44/100）
HYK2021-0645	13133477	食べログ	フレンチ 百名店	百名店	フレンチ	2021	TOKYO	レストラン マノワ	東京都	https://award.tabelog.com/hyakumeiten/french_tokyo/2021	46232	店舗照合済	2021年百名店公式選出（フレンチ 百名店 TOKYO・公式掲載順 45/100）
HYK2021-0646	13114321	食べログ	フレンチ 百名店	百名店	フレンチ	2021	TOKYO	コントワール ミサゴ	東京都	https://award.tabelog.com/hyakumeiten/french_tokyo/2021	46232	店舗照合済	2021年百名店公式選出（フレンチ 百名店 TOKYO・公式掲載順 46/100）
HYK2021-0647	13198692	食べログ	フレンチ 百名店	百名店	フレンチ	2021	TOKYO	ラチュレ	東京都	https://award.tabelog.com/hyakumeiten/french_tokyo/2021	46232	店舗照合済	2021年百名店公式選出（フレンチ 百名店 TOKYO・公式掲載順 47/100）
HYK2021-0648	13004628	食べログ	フレンチ 百名店	百名店	フレンチ	2021	TOKYO	モナリザ 恵比寿店	東京都	https://award.tabelog.com/hyakumeiten/french_tokyo/2021	46232	店舗照合済	2021年百名店公式選出（フレンチ 百名店 TOKYO・公式掲載順 48/100）
HYK2021-0649	13163184	食べログ	フレンチ 百名店	百名店	フレンチ	2021	TOKYO	レストランユニック	東京都	https://award.tabelog.com/hyakumeiten/french_tokyo/2021	46232	店舗照合済	2021年百名店公式選出（フレンチ 百名店 TOKYO・公式掲載順 49/100）
HYK2021-0650	13139171	食べログ	フレンチ 百名店	百名店	フレンチ	2021	TOKYO	レストラン ラ フィネス	東京都	https://award.tabelog.com/hyakumeiten/french_tokyo/2021	46232	店舗照合済	2021年百名店公式選出（フレンチ 百名店 TOKYO・公式掲載順 50/100）
HYK2021-0651	13040327	食べログ	フレンチ 百名店	百名店	フレンチ	2021	TOKYO	メゾン ポール・ボキューズ	東京都	https://award.tabelog.com/hyakumeiten/french_tokyo/2021	46232	店舗照合済	2021年百名店公式選出（フレンチ 百名店 TOKYO・公式掲載順 51/100）
HYK2021-0652	13204624	食べログ	フレンチ 百名店	百名店	フレンチ	2021	TOKYO	Takumi	東京都	https://award.tabelog.com/hyakumeiten/french_tokyo/2021	46232	店舗照合済	2021年百名店公式選出（フレンチ 百名店 TOKYO・公式掲載順 52/100）
HYK2021-0653	13048701	食べログ	フレンチ 百名店	百名店	フレンチ	2021	TOKYO	オーベルジュ・ド・リル トーキョー	東京都	https://award.tabelog.com/hyakumeiten/french_tokyo/2021	46232	店舗照合済	2021年百名店公式選出（フレンチ 百名店 TOKYO・公式掲載順 53/100）
HYK2021-0654	13010725	食べログ	フレンチ 百名店	百名店	フレンチ	2021	TOKYO	ラ ターブル ドゥ ジョエル・ロブション	東京都	https://award.tabelog.com/hyakumeiten/french_tokyo/2021	46232	店舗照合済	2021年百名店公式選出（フレンチ 百名店 TOKYO・公式掲載順 54/100）
HYK2021-0655	13036041	食べログ	フレンチ 百名店	百名店	フレンチ	2021	TOKYO	レクテ	東京都	https://award.tabelog.com/hyakumeiten/french_tokyo/2021	46232	店舗照合済	2021年百名店公式選出（フレンチ 百名店 TOKYO・公式掲載順 55/100）
HYK2021-0656	13001681	食べログ	フレンチ 百名店	百名店	フレンチ	2021	TOKYO	コート ドール	東京都	https://award.tabelog.com/hyakumeiten/french_tokyo/2021	46232	店舗照合済	2021年百名店公式選出（フレンチ 百名店 TOKYO・公式掲載順 56/100）
HYK2021-0657	13142530	食べログ	フレンチ 百名店	百名店	フレンチ	2021	TOKYO	エスキス	東京都	https://award.tabelog.com/hyakumeiten/french_tokyo/2021	46232	店舗照合済	2021年百名店公式選出（フレンチ 百名店 TOKYO・公式掲載順 57/100）
HYK2021-0658	13000457	食べログ	フレンチ 百名店	百名店	フレンチ	2021	TOKYO	ラ・トゥーエル	東京都	https://award.tabelog.com/hyakumeiten/french_tokyo/2021	46232	店舗照合済	2021年百名店公式選出（フレンチ 百名店 TOKYO・公式掲載順 58/100）
HYK2021-0659	13001058	食べログ	フレンチ 百名店	百名店	フレンチ	2021	TOKYO	キノシタ	東京都	https://award.tabelog.com/hyakumeiten/french_tokyo/2021	46232	店舗照合済	2021年百名店公式選出（フレンチ 百名店 TOKYO・公式掲載順 59/100）
HYK2021-0660	13200186	食べログ	フレンチ 百名店	百名店	フレンチ	2021	TOKYO	オルタナティブ	東京都	https://award.tabelog.com/hyakumeiten/french_tokyo/2021	46232	店舗照合済	2021年百名店公式選出（フレンチ 百名店 TOKYO・公式掲載順 60/100）
HYK2021-0661	13236720	食べログ	フレンチ 百名店	百名店	フレンチ	2021	TOKYO	broc 長谷川稔Lab	東京都	https://award.tabelog.com/hyakumeiten/french_tokyo/2021	46232	店舗照合済	2021年百名店公式選出（フレンチ 百名店 TOKYO・公式掲載順 61/100）
HYK2021-0662	13000469	食べログ	フレンチ 百名店	百名店	フレンチ	2021	TOKYO	ル・マンジュ・トゥー	東京都	https://award.tabelog.com/hyakumeiten/french_tokyo/2021	46232	店舗照合済	2021年百名店公式選出（フレンチ 百名店 TOKYO・公式掲載順 62/100）
HYK2021-0663	13002341	食べログ	フレンチ 百名店	百名店	フレンチ	2021	TOKYO	ル・ジャルダン・デ・サヴール	東京都	https://award.tabelog.com/hyakumeiten/french_tokyo/2021	46232	店舗照合済	2021年百名店公式選出（フレンチ 百名店 TOKYO・公式掲載順 63/100）
HYK2021-0664	13056132	食べログ	フレンチ 百名店	百名店	フレンチ	2021	TOKYO	ジョンティ アッシュ	東京都	https://award.tabelog.com/hyakumeiten/french_tokyo/2021	46232	店舗照合済	2021年百名店公式選出（フレンチ 百名店 TOKYO・公式掲載順 64/100）
HYK2021-0665	13020360	食べログ	フレンチ 百名店	百名店	フレンチ	2021	TOKYO	シグネチャー	東京都	https://award.tabelog.com/hyakumeiten/french_tokyo/2021	46232	店舗照合済	2021年百名店公式選出（フレンチ 百名店 TOKYO・公式掲載順 65/100）
HYK2021-0666	13192399	食べログ	フレンチ 百名店	百名店	フレンチ	2021	TOKYO	オルグイユ	東京都	https://award.tabelog.com/hyakumeiten/french_tokyo/2021	46232	店舗照合済	2021年百名店公式選出（フレンチ 百名店 TOKYO・公式掲載順 66/100）
HYK2021-0667	13001911	食べログ	フレンチ 百名店	百名店	フレンチ	2021	TOKYO	レストラン・パッション	東京都	https://award.tabelog.com/hyakumeiten/french_tokyo/2021	46232	店舗照合済	2021年百名店公式選出（フレンチ 百名店 TOKYO・公式掲載順 67/100）
HYK2021-0668	13009310	食べログ	フレンチ 百名店	百名店	フレンチ	2021	TOKYO	ガストロノミー ジョエル・ロブション	東京都	https://award.tabelog.com/hyakumeiten/french_tokyo/2021	46232	店舗照合済	2021年百名店公式選出（フレンチ 百名店 TOKYO・公式掲載順 68/100）
HYK2021-0669	13137097	食べログ	フレンチ 百名店	百名店	フレンチ	2021	TOKYO	ラス	東京都	https://award.tabelog.com/hyakumeiten/french_tokyo/2021	46232	店舗照合済	2021年百名店公式選出（フレンチ 百名店 TOKYO・公式掲載順 69/100）
HYK2021-0670	13150395	食べログ	フレンチ 百名店	百名店	フレンチ	2021	TOKYO	sio	東京都	https://award.tabelog.com/hyakumeiten/french_tokyo/2021	46232	店舗照合済	2021年百名店公式選出（フレンチ 百名店 TOKYO・公式掲載順 70/100）
HYK2021-0671	13213150	食べログ	フレンチ 百名店	百名店	フレンチ	2021	TOKYO	アルゴリズム	東京都	https://award.tabelog.com/hyakumeiten/french_tokyo/2021	46232	店舗照合済	2021年百名店公式選出（フレンチ 百名店 TOKYO・公式掲載順 71/100）
HYK2021-0672	13210554	食べログ	フレンチ 百名店	百名店	フレンチ	2021	TOKYO	FRANZ	東京都	https://award.tabelog.com/hyakumeiten/french_tokyo/2021	46232	店舗照合済	2021年百名店公式選出（フレンチ 百名店 TOKYO・公式掲載順 72/100）
HYK2021-0673	13002082	食べログ	フレンチ 百名店	百名店	フレンチ	2021	TOKYO	ブーケ・ド・フランス	東京都	https://award.tabelog.com/hyakumeiten/french_tokyo/2021	46232	店舗照合済	2021年百名店公式選出（フレンチ 百名店 TOKYO・公式掲載順 73/100）
HYK2021-0674	13206559	食べログ	フレンチ 百名店	百名店	フレンチ	2021	TOKYO	AZUR et MASA UEKI	東京都	https://award.tabelog.com/hyakumeiten/french_tokyo/2021	46232	店舗照合済	2021年百名店公式選出（フレンチ 百名店 TOKYO・公式掲載順 74/100）
HYK2021-0675	13222761	食べログ	フレンチ 百名店	百名店	フレンチ	2021	TOKYO	Libre	東京都	https://award.tabelog.com/hyakumeiten/french_tokyo/2021	46232	店舗照合済	2021年百名店公式選出（フレンチ 百名店 TOKYO・公式掲載順 75/100）
HYK2021-0676	13213368	食べログ	フレンチ 百名店	百名店	フレンチ	2021	TOKYO	Ode	東京都	https://award.tabelog.com/hyakumeiten/french_tokyo/2021	46232	店舗照合済	2021年百名店公式選出（フレンチ 百名店 TOKYO・公式掲載順 76/100）
HYK2021-0677	13128454	食べログ	フレンチ 百名店	百名店	フレンチ	2021	TOKYO	アルシミスト	東京都	https://award.tabelog.com/hyakumeiten/french_tokyo/2021	46232	店舗照合済	2021年百名店公式選出（フレンチ 百名店 TOKYO・公式掲載順 77/100）
HYK2021-0678	13186624	食べログ	フレンチ 百名店	百名店	フレンチ	2021	TOKYO	エール	東京都	https://award.tabelog.com/hyakumeiten/french_tokyo/2021	46232	店舗照合済	2021年百名店公式選出（フレンチ 百名店 TOKYO・公式掲載順 78/100）
HYK2021-0679	13039567	食べログ	フレンチ 百名店	百名店	フレンチ	2021	TOKYO	レザンファン ギャテ	東京都	https://award.tabelog.com/hyakumeiten/french_tokyo/2021	46232	店舗照合済	2021年百名店公式選出（フレンチ 百名店 TOKYO・公式掲載順 79/100）
HYK2021-0680	13001707	食べログ	フレンチ 百名店	百名店	フレンチ	2021	TOKYO	マダム・トキ	東京都	https://award.tabelog.com/hyakumeiten/french_tokyo/2021	46232	店舗照合済	2021年百名店公式選出（フレンチ 百名店 TOKYO・公式掲載順 80/100）
HYK2021-0681	13002111	食べログ	フレンチ 百名店	百名店	フレンチ	2021	TOKYO	ラ・ブランシュ	東京都	https://award.tabelog.com/hyakumeiten/french_tokyo/2021	46232	店舗照合済	2021年百名店公式選出（フレンチ 百名店 TOKYO・公式掲載順 81/100）
HYK2021-0682	13000288	食べログ	フレンチ 百名店	百名店	フレンチ	2021	TOKYO	トゥールダルジャン 東京	東京都	https://award.tabelog.com/hyakumeiten/french_tokyo/2021	46232	店舗照合済	2021年百名店公式選出（フレンチ 百名店 TOKYO・公式掲載順 82/100）
HYK2021-0683	13103993	食べログ	フレンチ 百名店	百名店	フレンチ	2021	TOKYO	ピエール・ガニェール	東京都	https://award.tabelog.com/hyakumeiten/french_tokyo/2021	46232	店舗照合済	2021年百名店公式選出（フレンチ 百名店 TOKYO・公式掲載順 83/100）
HYK2021-0684	13238352	食べログ	フレンチ 百名店	百名店	フレンチ	2021	TOKYO	銀座 大石	東京都	https://award.tabelog.com/hyakumeiten/french_tokyo/2021	46232	店舗照合済	2021年百名店公式選出（フレンチ 百名店 TOKYO・公式掲載順 84/100）
HYK2021-0685	13000302	食べログ	フレンチ 百名店	百名店	フレンチ	2021	TOKYO	モナリザ 丸の内店	東京都	https://award.tabelog.com/hyakumeiten/french_tokyo/2021	46232	店舗照合済	2021年百名店公式選出（フレンチ 百名店 TOKYO・公式掲載順 85/100）
HYK2021-0686	13008700	食べログ	フレンチ 百名店	百名店	フレンチ	2021	TOKYO	オマージュ	東京都	https://award.tabelog.com/hyakumeiten/french_tokyo/2021	46232	店舗照合済	2021年百名店公式選出（フレンチ 百名店 TOKYO・公式掲載順 86/100）
HYK2021-0687	13173559	食べログ	フレンチ 百名店	百名店	フレンチ	2021	TOKYO	ラ ペ	東京都	https://award.tabelog.com/hyakumeiten/french_tokyo/2021	46232	店舗照合済	2021年百名店公式選出（フレンチ 百名店 TOKYO・公式掲載順 87/100）
HYK2021-0688	13186719	食べログ	フレンチ 百名店	百名店	フレンチ	2021	TOKYO	クラフタル	東京都	https://award.tabelog.com/hyakumeiten/french_tokyo/2021	46232	店舗照合済	2021年百名店公式選出（フレンチ 百名店 TOKYO・公式掲載順 88/100）
HYK2021-0689	13093814	食べログ	フレンチ 百名店	百名店	フレンチ	2021	TOKYO	フロリレージュ	東京都	https://award.tabelog.com/hyakumeiten/french_tokyo/2021	46232	店舗照合済	2021年百名店公式選出（フレンチ 百名店 TOKYO・公式掲載順 89/100）
HYK2021-0690	13001278	食べログ	フレンチ 百名店	百名店	フレンチ	2021	TOKYO	マノワール・ディノ	東京都	https://award.tabelog.com/hyakumeiten/french_tokyo/2021	46232	店舗照合済	2021年百名店公式選出（フレンチ 百名店 TOKYO・公式掲載順 90/100）
HYK2021-0691	13217869	食べログ	フレンチ 百名店	百名店	フレンチ	2021	TOKYO	B	東京都	https://award.tabelog.com/hyakumeiten/french_tokyo/2021	46232	店舗照合済	2021年百名店公式選出（フレンチ 百名店 TOKYO・公式掲載順 91/100）
HYK2021-0692	13116356	食べログ	フレンチ 百名店	百名店	フレンチ	2021	TOKYO	レフェルヴェソンス	東京都	https://award.tabelog.com/hyakumeiten/french_tokyo/2021	46232	店舗照合済	2021年百名店公式選出（フレンチ 百名店 TOKYO・公式掲載順 92/100）
HYK2021-0693	13151302	食べログ	フレンチ 百名店	百名店	フレンチ	2021	TOKYO	サラマンジェ ド イザシ ワキサカ	東京都	https://award.tabelog.com/hyakumeiten/french_tokyo/2021	46232	店舗照合済	2021年百名店公式選出（フレンチ 百名店 TOKYO・公式掲載順 93/100）
HYK2021-0694	13000145	食べログ	フレンチ 百名店	百名店	フレンチ	2021	TOKYO	アピシウス	東京都	https://award.tabelog.com/hyakumeiten/french_tokyo/2021	46232	店舗照合済	2021年百名店公式選出（フレンチ 百名店 TOKYO・公式掲載順 94/100）
HYK2021-0695	13099717	食べログ	フレンチ 百名店	百名店	フレンチ	2021	TOKYO	ルカンケ	東京都	https://award.tabelog.com/hyakumeiten/french_tokyo/2021	46232	店舗照合済	2021年百名店公式選出（フレンチ 百名店 TOKYO・公式掲載順 95/100）
HYK2021-0696	13142028	食べログ	フレンチ 百名店	百名店	フレンチ	2021	TOKYO	AMOUR	東京都	https://award.tabelog.com/hyakumeiten/french_tokyo/2021	46232	店舗照合済	2021年百名店公式選出（フレンチ 百名店 TOKYO・公式掲載順 96/100）
HYK2021-0697	13095732	食べログ	フレンチ 百名店	百名店	フレンチ	2021	TOKYO	ラール・エ・ラ・マニエール	東京都	https://award.tabelog.com/hyakumeiten/french_tokyo/2021	46232	店舗照合済	2021年百名店公式選出（フレンチ 百名店 TOKYO・公式掲載順 97/100）
HYK2021-0698	13194253	食べログ	フレンチ 百名店	百名店	フレンチ	2021	TOKYO	sincere	東京都	https://award.tabelog.com/hyakumeiten/french_tokyo/2021	46232	店舗照合済	2021年百名店公式選出（フレンチ 百名店 TOKYO・公式掲載順 98/100）
HYK2021-0699	13002939	食べログ	フレンチ 百名店	百名店	フレンチ	2021	TOKYO	レストラン コバヤシ	東京都	https://award.tabelog.com/hyakumeiten/french_tokyo/2021	46232	店舗照合済	2021年百名店公式選出（フレンチ 百名店 TOKYO・公式掲載順 99/100）
HYK2021-0700	13005334	食べログ	フレンチ 百名店	百名店	フレンチ	2021	TOKYO	ラトリエ ドゥ ジョエル・ロブション	東京都	https://award.tabelog.com/hyakumeiten/french_tokyo/2021	46232	店舗照合済	2021年百名店公式選出（フレンチ 百名店 TOKYO・公式掲載順 100/100）
HYK2021-0701	27074347	食べログ	フレンチ 百名店	百名店	フレンチ	2021	WEST	リベルタス	大阪府	https://award.tabelog.com/hyakumeiten/french_west/2021	46232	店舗照合済	2021年百名店公式選出（フレンチ 百名店 WEST・公式掲載順 1/100）
HYK2021-0702	27004550	食べログ	フレンチ 百名店	百名店	フレンチ	2021	WEST	コンヴィヴィアリテ	大阪府	https://award.tabelog.com/hyakumeiten/french_west/2021	46232	店舗照合済	2021年百名店公式選出（フレンチ 百名店 WEST・公式掲載順 2/100）
HYK2021-0703	26001319	食べログ	フレンチ 百名店	百名店	フレンチ	2021	WEST	レ・シャンドール	京都府	https://award.tabelog.com/hyakumeiten/french_west/2021	46232	店舗照合済	2021年百名店公式選出（フレンチ 百名店 WEST・公式掲載順 3/100）
HYK2021-0704	27013494	食べログ	フレンチ 百名店	百名店	フレンチ	2021	WEST	Y’S	大阪府	https://award.tabelog.com/hyakumeiten/french_west/2021	46232	店舗照合済	2021年百名店公式選出（フレンチ 百名店 WEST・公式掲載順 4/100）
HYK2021-0705	27000095	食べログ	フレンチ 百名店	百名店	フレンチ	2021	WEST	カランドリエ	大阪府	https://award.tabelog.com/hyakumeiten/french_west/2021	46232	店舗照合済	2021年百名店公式選出（フレンチ 百名店 WEST・公式掲載順 5/100）
HYK2021-0706	28025777	食べログ	フレンチ 百名店	百名店	フレンチ	2021	WEST	ラ・レゾナンス	兵庫県	https://award.tabelog.com/hyakumeiten/french_west/2021	46232	店舗照合済	2021年百名店公式選出（フレンチ 百名店 WEST・公式掲載順 6/100）
HYK2021-0707	34001083	食べログ	フレンチ 百名店	百名店	フレンチ	2021	WEST	オザワ	広島県	https://award.tabelog.com/hyakumeiten/french_west/2021	46232	店舗照合済	2021年百名店公式選出（フレンチ 百名店 WEST・公式掲載順 7/100）
HYK2021-0708	29000026	食べログ	フレンチ 百名店	百名店	フレンチ	2021	WEST	メインダイニングルーム 三笠	奈良県	https://award.tabelog.com/hyakumeiten/french_west/2021	46232	店舗照合済	2021年百名店公式選出（フレンチ 百名店 WEST・公式掲載順 8/100）
HYK2021-0709	27003293	食べログ	フレンチ 百名店	百名店	フレンチ	2021	WEST	オー・ガラージュ	大阪府	https://award.tabelog.com/hyakumeiten/french_west/2021	46232	店舗照合済	2021年百名店公式選出（フレンチ 百名店 WEST・公式掲載順 9/100）
HYK2021-0710	27088075	食べログ	フレンチ 百名店	百名店	フレンチ	2021	WEST	プレスキル	大阪府	https://award.tabelog.com/hyakumeiten/french_west/2021	46232	店舗照合済	2021年百名店公式選出（フレンチ 百名店 WEST・公式掲載順 10/100）
HYK2021-0711	26029969	食べログ	フレンチ 百名店	百名店	フレンチ	2021	WEST	祇園 呂色	京都府	https://award.tabelog.com/hyakumeiten/french_west/2021	46232	店舗照合済	2021年百名店公式選出（フレンチ 百名店 WEST・公式掲載順 11/100）
HYK2021-0712	28005651	食べログ	フレンチ 百名店	百名店	フレンチ	2021	WEST	ラ メゾン ドゥ グラシアニ 神戸北野	兵庫県	https://award.tabelog.com/hyakumeiten/french_west/2021	46232	店舗照合済	2021年百名店公式選出（フレンチ 百名店 WEST・公式掲載順 12/100）
HYK2021-0713	27000871	食べログ	フレンチ 百名店	百名店	フレンチ	2021	WEST	ル クロ	大阪府	https://award.tabelog.com/hyakumeiten/french_west/2021	46232	店舗照合済	2021年百名店公式選出（フレンチ 百名店 WEST・公式掲載順 13/100）
HYK2021-0714	27002069	食べログ	フレンチ 百名店	百名店	フレンチ	2021	WEST	キャトルラパン	大阪府	https://award.tabelog.com/hyakumeiten/french_west/2021	46232	店舗照合済	2021年百名店公式選出（フレンチ 百名店 WEST・公式掲載順 14/100）
HYK2021-0715	28004021	食べログ	フレンチ 百名店	百名店	フレンチ	2021	WEST	御影 ジュエンヌ	兵庫県	https://award.tabelog.com/hyakumeiten/french_west/2021	46232	店舗照合済	2021年百名店公式選出（フレンチ 百名店 WEST・公式掲載順 15/100）
HYK2021-0716	27000824	食べログ	フレンチ 百名店	百名店	フレンチ	2021	WEST	ヴレ ド ヴレ シェ ヒロ	大阪府	https://award.tabelog.com/hyakumeiten/french_west/2021	46232	店舗照合済	2021年百名店公式選出（フレンチ 百名店 WEST・公式掲載順 16/100）
HYK2021-0717	26005078	食べログ	フレンチ 百名店	百名店	フレンチ	2021	WEST	epice	京都府	https://award.tabelog.com/hyakumeiten/french_west/2021	46232	店舗照合済	2021年百名店公式選出（フレンチ 百名店 WEST・公式掲載順 17/100）
HYK2021-0718	27001358	食べログ	フレンチ 百名店	百名店	フレンチ	2021	WEST	ラ・ベカス	大阪府	https://award.tabelog.com/hyakumeiten/french_west/2021	46232	店舗照合済	2021年百名店公式選出（フレンチ 百名店 WEST・公式掲載順 18/100）
HYK2021-0719	47000060	食べログ	フレンチ 百名店	百名店	フレンチ	2021	WEST	ファヌアン	沖縄県	https://award.tabelog.com/hyakumeiten/french_west/2021	46232	店舗照合済	2021年百名店公式選出（フレンチ 百名店 WEST・公式掲載順 19/100）
HYK2021-0720	27012400	食べログ	フレンチ 百名店	百名店	フレンチ	2021	WEST	ル・コントワール・デュ・グー	大阪府	https://award.tabelog.com/hyakumeiten/french_west/2021	46232	店舗照合済	2021年百名店公式選出（フレンチ 百名店 WEST・公式掲載順 20/100）
HYK2021-0721	27006150	食べログ	フレンチ 百名店	百名店	フレンチ	2021	WEST	レスプリ ドゥ クゥー ドゥ フランス	大阪府	https://award.tabelog.com/hyakumeiten/french_west/2021	46232	店舗照合済	2021年百名店公式選出（フレンチ 百名店 WEST・公式掲載順 21/100）
HYK2021-0722	27073438	食べログ	フレンチ 百名店	百名店	フレンチ	2021	WEST	エ・オ ベルナール・ロワゾー・スィニャテュール	大阪府	https://award.tabelog.com/hyakumeiten/french_west/2021	46232	店舗照合済	2021年百名店公式選出（フレンチ 百名店 WEST・公式掲載順 22/100）
HYK2021-0723	17009914	食べログ	フレンチ 百名店	百名店	フレンチ	2021	WEST	Installation Table ENSO L'asymetrie du calme	石川県	https://award.tabelog.com/hyakumeiten/french_west/2021	46232	店舗照合済	2021年百名店公式選出（フレンチ 百名店 WEST・公式掲載順 23/100）
HYK2021-0724	26021417	食べログ	フレンチ 百名店	百名店	フレンチ	2021	WEST	レーヌ デ プレ	京都府	https://award.tabelog.com/hyakumeiten/french_west/2021	46232	店舗照合済	2021年百名店公式選出（フレンチ 百名店 WEST・公式掲載順 24/100）
HYK2021-0725	27116163	食べログ	フレンチ 百名店	百名店	フレンチ	2021	WEST	スガラボヴィー	大阪府	https://award.tabelog.com/hyakumeiten/french_west/2021	46232	店舗照合済	2021年百名店公式選出（フレンチ 百名店 WEST・公式掲載順 25/100）
HYK2021-0726	27039880	食べログ	フレンチ 百名店	百名店	フレンチ	2021	WEST	ア・ラ・ルーシュ	大阪府	https://award.tabelog.com/hyakumeiten/french_west/2021	46232	店舗照合済	2021年百名店公式選出（フレンチ 百名店 WEST・公式掲載順 26/100）
HYK2021-0727	28047247	食べログ	フレンチ 百名店	百名店	フレンチ	2021	WEST	エスピス	兵庫県	https://award.tabelog.com/hyakumeiten/french_west/2021	46232	店舗照合済	2021年百名店公式選出（フレンチ 百名店 WEST・公式掲載順 27/100）
HYK2021-0728	27000681	食べログ	フレンチ 百名店	百名店	フレンチ	2021	WEST	SAKURA	大阪府	https://award.tabelog.com/hyakumeiten/french_west/2021	46232	店舗照合済	2021年百名店公式選出（フレンチ 百名店 WEST・公式掲載順 28/100）
HYK2021-0729	30000022	食べログ	フレンチ 百名店	百名店	フレンチ	2021	WEST	オテル・ド・ヨシノ	和歌山県	https://award.tabelog.com/hyakumeiten/french_west/2021	46232	店舗照合済	2021年百名店公式選出（フレンチ 百名店 WEST・公式掲載順 29/100）
HYK2021-0730	27012726	食べログ	フレンチ 百名店	百名店	フレンチ	2021	WEST	ミチノ・ル・トゥールビヨン	大阪府	https://award.tabelog.com/hyakumeiten/french_west/2021	46232	店舗照合済	2021年百名店公式選出（フレンチ 百名店 WEST・公式掲載順 30/100）
HYK2021-0731	40000160	食べログ	フレンチ 百名店	百名店	フレンチ	2021	WEST	ラ メゾン ドゥ ラ ナチュール ゴウ	福岡県	https://award.tabelog.com/hyakumeiten/french_west/2021	46232	店舗照合済	2021年百名店公式選出（フレンチ 百名店 WEST・公式掲載順 31/100）
HYK2021-0732	27100646	食べログ	フレンチ 百名店	百名店	フレンチ	2021	WEST	しまなみふれんち Murakami	大阪府	https://award.tabelog.com/hyakumeiten/french_west/2021	46232	店舗照合済	2021年百名店公式選出（フレンチ 百名店 WEST・公式掲載順 32/100）
HYK2021-0733	27057581	食べログ	フレンチ 百名店	百名店	フレンチ	2021	WEST	北新地Koutaro	大阪府	https://award.tabelog.com/hyakumeiten/french_west/2021	46232	店舗照合済	2021年百名店公式選出（フレンチ 百名店 WEST・公式掲載順 33/100）
HYK2021-0734	40042997	食べログ	フレンチ 百名店	百名店	フレンチ	2021	WEST	TTOAHISU	福岡県	https://award.tabelog.com/hyakumeiten/french_west/2021	46232	店舗照合済	2021年百名店公式選出（フレンチ 百名店 WEST・公式掲載順 34/100）
HYK2021-0735	26025794	食べログ	フレンチ 百名店	百名店	フレンチ	2021	WEST	山地陽介	京都府	https://award.tabelog.com/hyakumeiten/french_west/2021	46232	店舗照合済	2021年百名店公式選出（フレンチ 百名店 WEST・公式掲載順 35/100）
HYK2021-0736	28000563	食べログ	フレンチ 百名店	百名店	フレンチ	2021	WEST	Cuisine Franco-japonaise Matsushima	兵庫県	https://award.tabelog.com/hyakumeiten/french_west/2021	46232	店舗照合済	2021年百名店公式選出（フレンチ 百名店 WEST・公式掲載順 36/100）
HYK2021-0737	17009200	食べログ	フレンチ 百名店	百名店	フレンチ	2021	WEST	ラトリエ・ドゥ・ノト	石川県	https://award.tabelog.com/hyakumeiten/french_west/2021	46232	店舗照合済	2021年百名店公式選出（フレンチ 百名店 WEST・公式掲載順 37/100）
HYK2021-0738	26003662	食べログ	フレンチ 百名店	百名店	フレンチ	2021	WEST	メゾン・ド・ヴァン鶉亭	京都府	https://award.tabelog.com/hyakumeiten/french_west/2021	46232	店舗照合済	2021年百名店公式選出（フレンチ 百名店 WEST・公式掲載順 38/100）
HYK2021-0739	26023370	食べログ	フレンチ 百名店	百名店	フレンチ	2021	WEST	リョウリヤ ステファン パンテル	京都府	https://award.tabelog.com/hyakumeiten/french_west/2021	46232	店舗照合済	2021年百名店公式選出（フレンチ 百名店 WEST・公式掲載順 39/100）
HYK2021-0740	27093931	食べログ	フレンチ 百名店	百名店	フレンチ	2021	WEST	メゾン タテル ヨシノ	大阪府	https://award.tabelog.com/hyakumeiten/french_west/2021	46232	店舗照合済	2021年百名店公式選出（フレンチ 百名店 WEST・公式掲載順 40/100）
HYK2021-0741	40000006	食べログ	フレンチ 百名店	百名店	フレンチ	2021	WEST	レストラン ひらまつ 博多	福岡県	https://award.tabelog.com/hyakumeiten/french_west/2021	46232	店舗照合済	2021年百名店公式選出（フレンチ 百名店 WEST・公式掲載順 41/100）
HYK2021-0742	27057190	食べログ	フレンチ 百名店	百名店	フレンチ	2021	WEST	ラグナヴェール プレミア	大阪府	https://award.tabelog.com/hyakumeiten/french_west/2021	46232	店舗照合済	2021年百名店公式選出（フレンチ 百名店 WEST・公式掲載順 42/100）
HYK2021-0743	28029526	食べログ	フレンチ 百名店	百名店	フレンチ	2021	WEST	アノニム	兵庫県	https://award.tabelog.com/hyakumeiten/french_west/2021	46232	店舗照合済	2021年百名店公式選出（フレンチ 百名店 WEST・公式掲載順 43/100）
HYK2021-0744	26023539	食べログ	フレンチ 百名店	百名店	フレンチ	2021	WEST	青いけ	京都府	https://award.tabelog.com/hyakumeiten/french_west/2021	46232	店舗照合済	2021年百名店公式選出（フレンチ 百名店 WEST・公式掲載順 44/100）
HYK2021-0745	27074473	食べログ	フレンチ 百名店	百名店	フレンチ	2021	WEST	アニエルドール	大阪府	https://award.tabelog.com/hyakumeiten/french_west/2021	46232	店舗照合済	2021年百名店公式選出（フレンチ 百名店 WEST・公式掲載順 45/100）
HYK2021-0746	27066177	食べログ	フレンチ 百名店	百名店	フレンチ	2021	WEST	グラン シャン	大阪府	https://award.tabelog.com/hyakumeiten/french_west/2021	46232	店舗照合済	2021年百名店公式選出（フレンチ 百名店 WEST・公式掲載順 46/100）
HYK2021-0747	27063852	食べログ	フレンチ 百名店	百名店	フレンチ	2021	WEST	エッサンシエル	大阪府	https://award.tabelog.com/hyakumeiten/french_west/2021	46232	店舗照合済	2021年百名店公式選出（フレンチ 百名店 WEST・公式掲載順 47/100）
HYK2021-0748	24002060	食べログ	フレンチ 百名店	百名店	フレンチ	2021	WEST	レストラン リュウ	三重県	https://award.tabelog.com/hyakumeiten/french_west/2021	46232	店舗照合済	2021年百名店公式選出（フレンチ 百名店 WEST・公式掲載順 48/100）
HYK2021-0749	40000376	食べログ	フレンチ 百名店	百名店	フレンチ	2021	WEST	ジョルジュ マルソー	福岡県	https://award.tabelog.com/hyakumeiten/french_west/2021	46232	店舗照合済	2021年百名店公式選出（フレンチ 百名店 WEST・公式掲載順 49/100）
HYK2021-0750	28027363	食べログ	フレンチ 百名店	百名店	フレンチ	2021	WEST	芦屋フレンチ北じま	兵庫県	https://award.tabelog.com/hyakumeiten/french_west/2021	46232	店舗照合済	2021年百名店公式選出（フレンチ 百名店 WEST・公式掲載順 50/100）
HYK2021-0751	27018849	食べログ	フレンチ 百名店	百名店	フレンチ	2021	WEST	ユニック	大阪府	https://award.tabelog.com/hyakumeiten/french_west/2021	46232	店舗照合済	2021年百名店公式選出（フレンチ 百名店 WEST・公式掲載順 51/100）
HYK2021-0752	27010575	食べログ	フレンチ 百名店	百名店	フレンチ	2021	WEST	キュニエット	大阪府	https://award.tabelog.com/hyakumeiten/french_west/2021	46232	店舗照合済	2021年百名店公式選出（フレンチ 百名店 WEST・公式掲載順 52/100）
HYK2021-0753	27009418	食べログ	フレンチ 百名店	百名店	フレンチ	2021	WEST	リュミエール	大阪府	https://award.tabelog.com/hyakumeiten/french_west/2021	46232	店舗照合済	2021年百名店公式選出（フレンチ 百名店 WEST・公式掲載順 53/100）
HYK2021-0754	40007033	食べログ	フレンチ 百名店	百名店	フレンチ	2021	WEST	アニオン	福岡県	https://award.tabelog.com/hyakumeiten/french_west/2021	46232	店舗照合済	2021年百名店公式選出（フレンチ 百名店 WEST・公式掲載順 54/100）
HYK2021-0755	24000268	食べログ	フレンチ 百名店	百名店	フレンチ	2021	WEST	メインダイニング シーホース	三重県	https://award.tabelog.com/hyakumeiten/french_west/2021	46232	店舗照合済	2021年百名店公式選出（フレンチ 百名店 WEST・公式掲載順 55/100）
HYK2021-0756	27056976	食べログ	フレンチ 百名店	百名店	フレンチ	2021	WEST	ル ヴェール フレ	大阪府	https://award.tabelog.com/hyakumeiten/french_west/2021	46232	店舗照合済	2021年百名店公式選出（フレンチ 百名店 WEST・公式掲載順 56/100）
HYK2021-0757	28025572	食べログ	フレンチ 百名店	百名店	フレンチ	2021	WEST	メゾン・ド・タカ芦屋	兵庫県	https://award.tabelog.com/hyakumeiten/french_west/2021	46232	店舗照合済	2021年百名店公式選出（フレンチ 百名店 WEST・公式掲載順 57/100）
HYK2021-0758	28026098	食べログ	フレンチ 百名店	百名店	フレンチ	2021	WEST	新月	兵庫県	https://award.tabelog.com/hyakumeiten/french_west/2021	46232	店舗照合済	2021年百名店公式選出（フレンチ 百名店 WEST・公式掲載順 58/100）
HYK2021-0759	27002903	食べログ	フレンチ 百名店	百名店	フレンチ	2021	WEST	レストラン コーイン	大阪府	https://award.tabelog.com/hyakumeiten/french_west/2021	46232	店舗照合済	2021年百名店公式選出（フレンチ 百名店 WEST・公式掲載順 59/100）
HYK2021-0760	40023784	食べログ	フレンチ 百名店	百名店	フレンチ	2021	WEST	メゾン　ラフィット	福岡県	https://award.tabelog.com/hyakumeiten/french_west/2021	46232	店舗照合済	2021年百名店公式選出（フレンチ 百名店 WEST・公式掲載順 60/100）
HYK2021-0761	27000992	食べログ	フレンチ 百名店	百名店	フレンチ	2021	WEST	ワッシーズダイニングスープル	大阪府	https://award.tabelog.com/hyakumeiten/french_west/2021	46232	店舗照合済	2021年百名店公式選出（フレンチ 百名店 WEST・公式掲載順 61/100）
HYK2021-0762	28000561	食べログ	フレンチ 百名店	百名店	フレンチ	2021	WEST	レシピ	兵庫県	https://award.tabelog.com/hyakumeiten/french_west/2021	46232	店舗照合済	2021年百名店公式選出（フレンチ 百名店 WEST・公式掲載順 62/100）
HYK2021-0763	27073327	食べログ	フレンチ 百名店	百名店	フレンチ	2021	WEST	ピエール	大阪府	https://award.tabelog.com/hyakumeiten/french_west/2021	46232	店舗照合済	2021年百名店公式選出（フレンチ 百名店 WEST・公式掲載順 63/100）
HYK2021-0764	27115254	食べログ	フレンチ 百名店	百名店	フレンチ	2021	WEST	Point	大阪府	https://award.tabelog.com/hyakumeiten/french_west/2021	46232	店舗照合済	2021年百名店公式選出（フレンチ 百名店 WEST・公式掲載順 64/100）
HYK2021-0765	26003627	食べログ	フレンチ 百名店	百名店	フレンチ	2021	WEST	龍のひげ	京都府	https://award.tabelog.com/hyakumeiten/french_west/2021	46232	店舗照合済	2021年百名店公式選出（フレンチ 百名店 WEST・公式掲載順 65/100）
HYK2021-0766	27003492	食べログ	フレンチ 百名店	百名店	フレンチ	2021	WEST	ダン ル シエル	大阪府	https://award.tabelog.com/hyakumeiten/french_west/2021	46232	店舗照合済	2021年百名店公式選出（フレンチ 百名店 WEST・公式掲載順 66/100）
HYK2021-0767	27000702	食べログ	フレンチ 百名店	百名店	フレンチ	2021	WEST	ラ・ベ	大阪府	https://award.tabelog.com/hyakumeiten/french_west/2021	46232	店舗照合済	2021年百名店公式選出（フレンチ 百名店 WEST・公式掲載順 67/100）
HYK2021-0768	40050652	食べログ	フレンチ 百名店	百名店	フレンチ	2021	WEST	Sola	福岡県	https://award.tabelog.com/hyakumeiten/french_west/2021	46232	店舗照合済	2021年百名店公式選出（フレンチ 百名店 WEST・公式掲載順 68/100）
HYK2021-0769	27074095	食べログ	フレンチ 百名店	百名店	フレンチ	2021	WEST	レストランディファランス	大阪府	https://award.tabelog.com/hyakumeiten/french_west/2021	46232	店舗照合済	2021年百名店公式選出（フレンチ 百名店 WEST・公式掲載順 69/100）
HYK2021-0770	29010031	食べログ	フレンチ 百名店	百名店	フレンチ	2021	WEST	ラ・トラース	奈良県	https://award.tabelog.com/hyakumeiten/french_west/2021	46232	店舗照合済	2021年百名店公式選出（フレンチ 百名店 WEST・公式掲載順 70/100）
HYK2021-0771	26001279	食べログ	フレンチ 百名店	百名店	フレンチ	2021	WEST	祇園おくむら	京都府	https://award.tabelog.com/hyakumeiten/french_west/2021	46232	店舗照合済	2021年百名店公式選出（フレンチ 百名店 WEST・公式掲載順 71/100）
HYK2021-0772	28000558	食べログ	フレンチ 百名店	百名店	フレンチ	2021	WEST	ルセット	兵庫県	https://award.tabelog.com/hyakumeiten/french_west/2021	46232	店舗照合済	2021年百名店公式選出（フレンチ 百名店 WEST・公式掲載順 72/100）
HYK2021-0773	27097439	食べログ	フレンチ 百名店	百名店	フレンチ	2021	WEST	Grand rocher	大阪府	https://award.tabelog.com/hyakumeiten/french_west/2021	46232	店舗照合済	2021年百名店公式選出（フレンチ 百名店 WEST・公式掲載順 73/100）
HYK2021-0774	27013139	食べログ	フレンチ 百名店	百名店	フレンチ	2021	WEST	コションローズ	大阪府	https://award.tabelog.com/hyakumeiten/french_west/2021	46232	店舗照合済	2021年百名店公式選出（フレンチ 百名店 WEST・公式掲載順 74/100）
HYK2021-0775	27000506	食べログ	フレンチ 百名店	百名店	フレンチ	2021	WEST	ルポンドシエル	大阪府	https://award.tabelog.com/hyakumeiten/french_west/2021	46232	店舗照合済	2021年百名店公式選出（フレンチ 百名店 WEST・公式掲載順 75/100）
HYK2021-0776	27001093	食べログ	フレンチ 百名店	百名店	フレンチ	2021	WEST	エッソンス・エ・グー	大阪府	https://award.tabelog.com/hyakumeiten/french_west/2021	46232	店舗照合済	2021年百名店公式選出（フレンチ 百名店 WEST・公式掲載順 76/100）
HYK2021-0777	27000803	食べログ	フレンチ 百名店	百名店	フレンチ	2021	WEST	レストラン シャンボール	大阪府	https://award.tabelog.com/hyakumeiten/french_west/2021	46232	店舗照合済	2021年百名店公式選出（フレンチ 百名店 WEST・公式掲載順 77/100）
HYK2021-0778	37000787	食べログ	フレンチ 百名店	百名店	フレンチ	2021	WEST	ベネッセハウス テラスレストラン 海の星	香川県	https://award.tabelog.com/hyakumeiten/french_west/2021	46232	店舗照合済	2021年百名店公式選出（フレンチ 百名店 WEST・公式掲載順 78/100）
HYK2021-0779	27089343	食べログ	フレンチ 百名店	百名店	フレンチ	2021	WEST	エヴォリュエ	大阪府	https://award.tabelog.com/hyakumeiten/french_west/2021	46232	店舗照合済	2021年百名店公式選出（フレンチ 百名店 WEST・公式掲載順 79/100）
HYK2021-0780	26006250	食べログ	フレンチ 百名店	百名店	フレンチ	2021	WEST	祇園 Abbesses	京都府	https://award.tabelog.com/hyakumeiten/french_west/2021	46232	店舗照合済	2021年百名店公式選出（フレンチ 百名店 WEST・公式掲載順 80/100）
HYK2021-0781	27088894	食べログ	フレンチ 百名店	百名店	フレンチ	2021	WEST	コントワール フー	大阪府	https://award.tabelog.com/hyakumeiten/french_west/2021	46232	店舗照合済	2021年百名店公式選出（フレンチ 百名店 WEST・公式掲載順 81/100）
HYK2021-0782	28009616	食べログ	フレンチ 百名店	百名店	フレンチ	2021	WEST	ル ベナトン	兵庫県	https://award.tabelog.com/hyakumeiten/french_west/2021	46232	店舗照合済	2021年百名店公式選出（フレンチ 百名店 WEST・公式掲載順 82/100）
HYK2021-0783	27001152	食べログ	フレンチ 百名店	百名店	フレンチ	2021	WEST	ジャマン	大阪府	https://award.tabelog.com/hyakumeiten/french_west/2021	46232	店舗照合済	2021年百名店公式選出（フレンチ 百名店 WEST・公式掲載順 83/100）
HYK2021-0784	27069204	食べログ	フレンチ 百名店	百名店	フレンチ	2021	WEST	ラ・フェット ひらまつ	大阪府	https://award.tabelog.com/hyakumeiten/french_west/2021	46232	店舗照合済	2021年百名店公式選出（フレンチ 百名店 WEST・公式掲載順 84/100）
HYK2021-0785	27013084	食べログ	フレンチ 百名店	百名店	フレンチ	2021	WEST	Le Caneton	大阪府	https://award.tabelog.com/hyakumeiten/french_west/2021	46232	店舗照合済	2021年百名店公式選出（フレンチ 百名店 WEST・公式掲載順 85/100）
HYK2021-0786	40026340	食べログ	フレンチ 百名店	百名店	フレンチ	2021	WEST	オーグードゥジュール メルヴェイユ 博多	福岡県	https://award.tabelog.com/hyakumeiten/french_west/2021	46232	店舗照合済	2021年百名店公式選出（フレンチ 百名店 WEST・公式掲載順 86/100）
HYK2021-0787	27078053	食べログ	フレンチ 百名店	百名店	フレンチ	2021	WEST	フレンチ割烹 宿	大阪府	https://award.tabelog.com/hyakumeiten/french_west/2021	46232	店舗照合済	2021年百名店公式選出（フレンチ 百名店 WEST・公式掲載順 87/100）
HYK2021-0788	24000053	食べログ	フレンチ 百名店	百名店	フレンチ	2021	WEST	ラ・メール ザ クラシック	三重県	https://award.tabelog.com/hyakumeiten/french_west/2021	46232	店舗照合済	2021年百名店公式選出（フレンチ 百名店 WEST・公式掲載順 88/100）
HYK2021-0789	26016182	食べログ	フレンチ 百名店	百名店	フレンチ	2021	WEST	ブラン・ピエール	京都府	https://award.tabelog.com/hyakumeiten/french_west/2021	46232	店舗照合済	2021年百名店公式選出（フレンチ 百名店 WEST・公式掲載順 89/100）
HYK2021-0790	27092538	食べログ	フレンチ 百名店	百名店	フレンチ	2021	WEST	ラトリエ・ド・ギニョール・エ・マデロン	大阪府	https://award.tabelog.com/hyakumeiten/french_west/2021	46232	店舗照合済	2021年百名店公式選出（フレンチ 百名店 WEST・公式掲載順 90/100）
HYK2021-0791	26005856	食べログ	フレンチ 百名店	百名店	フレンチ	2021	WEST	いとう	京都府	https://award.tabelog.com/hyakumeiten/french_west/2021	46232	店舗照合済	2021年百名店公式選出（フレンチ 百名店 WEST・公式掲載順 91/100）
HYK2021-0792	27074083	食べログ	フレンチ 百名店	百名店	フレンチ	2021	WEST	ラボンヌターシュ	大阪府	https://award.tabelog.com/hyakumeiten/french_west/2021	46232	店舗照合済	2021年百名店公式選出（フレンチ 百名店 WEST・公式掲載順 92/100）
HYK2021-0793	27002673	食べログ	フレンチ 百名店	百名店	フレンチ	2021	WEST	ル・ジャルダン	大阪府	https://award.tabelog.com/hyakumeiten/french_west/2021	46232	店舗照合済	2021年百名店公式選出（フレンチ 百名店 WEST・公式掲載順 93/100）
HYK2021-0794	40004819	食べログ	フレンチ 百名店	百名店	フレンチ	2021	WEST	レザン ドール	福岡県	https://award.tabelog.com/hyakumeiten/french_west/2021	46232	店舗照合済	2021年百名店公式選出（フレンチ 百名店 WEST・公式掲載順 94/100）
HYK2021-0795	24005111	食べログ	フレンチ 百名店	百名店	フレンチ	2021	WEST	ラ・メール	三重県	https://award.tabelog.com/hyakumeiten/french_west/2021	46232	店舗照合済	2021年百名店公式選出（フレンチ 百名店 WEST・公式掲載順 95/100）
HYK2021-0796	26019431	食べログ	フレンチ 百名店	百名店	フレンチ	2021	WEST	モトイ	京都府	https://award.tabelog.com/hyakumeiten/french_west/2021	46232	店舗照合済	2021年百名店公式選出（フレンチ 百名店 WEST・公式掲載順 96/100）
HYK2021-0797	27001184	食べログ	フレンチ 百名店	百名店	フレンチ	2021	WEST	レストラン ヴァリエ	大阪府	https://award.tabelog.com/hyakumeiten/french_west/2021	46232	店舗照合済	2021年百名店公式選出（フレンチ 百名店 WEST・公式掲載順 97/100）
HYK2021-0798	27080791	食べログ	フレンチ 百名店	百名店	フレンチ	2021	WEST	ad hoc	大阪府	https://award.tabelog.com/hyakumeiten/french_west/2021	46232	店舗照合済	2021年百名店公式選出（フレンチ 百名店 WEST・公式掲載順 98/100）
HYK2021-0799	28000727	食べログ	フレンチ 百名店	百名店	フレンチ	2021	WEST	アッシュ	兵庫県	https://award.tabelog.com/hyakumeiten/french_west/2021	46232	店舗照合済	2021年百名店公式選出（フレンチ 百名店 WEST・公式掲載順 99/100）
HYK2021-0800	27049485	食べログ	フレンチ 百名店	百名店	フレンチ	2021	WEST	La Cime	大阪府	https://award.tabelog.com/hyakumeiten/french_west/2021	46232	店舗照合済	2021年百名店公式選出（フレンチ 百名店 WEST・公式掲載順 100/100）
HYK2021-0801	13057671	食べログ	餃子 百名店	百名店	餃子	2021	全国	春香園 蒲田店	東京都	https://award.tabelog.com/hyakumeiten/gyoza/2021	46232	店舗照合済	2021年百名店公式選出（餃子 百名店 全国・公式掲載順 1/100）
HYK2021-0802	39000019	食べログ	餃子 百名店	百名店	餃子	2021	全国	屋台安兵衛	高知県	https://award.tabelog.com/hyakumeiten/gyoza/2021	46232	店舗照合済	2021年百名店公式選出（餃子 百名店 全国・公式掲載順 2/100）
HYK2021-0803	13003379	食べログ	餃子 百名店	百名店	餃子	2021	全国	大連	東京都	https://award.tabelog.com/hyakumeiten/gyoza/2021	46232	店舗照合済	2021年百名店公式選出（餃子 百名店 全国・公式掲載順 3/100）
HYK2021-0804	28000494	食べログ	餃子 百名店	百名店	餃子	2021	全国	ぎょうざの店 ひょうたん 元町店	兵庫県	https://award.tabelog.com/hyakumeiten/gyoza/2021	46232	店舗照合済	2021年百名店公式選出（餃子 百名店 全国・公式掲載順 4/100）
HYK2021-0805	28004179	食べログ	餃子 百名店	百名店	餃子	2021	全国	ぎょうざ専門店 赤萬 三宮店	兵庫県	https://award.tabelog.com/hyakumeiten/gyoza/2021	46232	店舗照合済	2021年百名店公式選出（餃子 百名店 全国・公式掲載順 5/100）
HYK2021-0806	28006275	食べログ	餃子 百名店	百名店	餃子	2021	全国	餃子専門店 祥雲	兵庫県	https://award.tabelog.com/hyakumeiten/gyoza/2021	46232	店舗照合済	2021年百名店公式選出（餃子 百名店 全国・公式掲載順 6/100）
HYK2021-0807	40000204	食べログ	餃子 百名店	百名店	餃子	2021	全国	旭軒 駅前本店	福岡県	https://award.tabelog.com/hyakumeiten/gyoza/2021	46232	店舗照合済	2021年百名店公式選出（餃子 百名店 全国・公式掲載順 7/100）
HYK2021-0808	13005118	食べログ	餃子 百名店	百名店	餃子	2021	全国	泰興楼 自由ヶ丘店	東京都	https://award.tabelog.com/hyakumeiten/gyoza/2021	46232	店舗照合済	2021年百名店公式選出（餃子 百名店 全国・公式掲載順 8/100）
HYK2021-0809	13016725	食べログ	餃子 百名店	百名店	餃子	2021	全国	中華珍満	東京都	https://award.tabelog.com/hyakumeiten/gyoza/2021	46232	店舗照合済	2021年百名店公式選出（餃子 百名店 全国・公式掲載順 9/100）
HYK2021-0810	13154973	食べログ	餃子 百名店	百名店	餃子	2021	全国	歓迎 銀座中央通り店	東京都	https://award.tabelog.com/hyakumeiten/gyoza/2021	46232	店舗照合済	2021年百名店公式選出（餃子 百名店 全国・公式掲載順 10/100）
HYK2021-0811	13000676	食べログ	餃子 百名店	百名店	餃子	2021	全国	鉄なべ餃子なかよし	東京都	https://award.tabelog.com/hyakumeiten/gyoza/2021	46232	店舗照合済	2021年百名店公式選出（餃子 百名店 全国・公式掲載順 11/100）
HYK2021-0812	13140146	食べログ	餃子 百名店	百名店	餃子	2021	全国	按田餃子 代々木上原店	東京都	https://award.tabelog.com/hyakumeiten/gyoza/2021	46232	店舗照合済	2021年百名店公式選出（餃子 百名店 全国・公式掲載順 12/100）
HYK2021-0813	9001047	食べログ	餃子 百名店	百名店	餃子	2021	全国	正嗣 駒生店	栃木県	https://award.tabelog.com/hyakumeiten/gyoza/2021	46232	店舗照合済	2021年百名店公式選出（餃子 百名店 全国・公式掲載順 13/100）
HYK2021-0814	39000464	食べログ	餃子 百名店	百名店	餃子	2021	全国	ひろめで安兵衛	高知県	https://award.tabelog.com/hyakumeiten/gyoza/2021	46232	店舗照合済	2021年百名店公式選出（餃子 百名店 全国・公式掲載順 14/100）
HYK2021-0815	13016814	食べログ	餃子 百名店	百名店	餃子	2021	全国	餃子の王さま	東京都	https://award.tabelog.com/hyakumeiten/gyoza/2021	46232	店舗照合済	2021年百名店公式選出（餃子 百名店 全国・公式掲載順 15/100）
HYK2021-0816	27000184	食べログ	餃子 百名店	百名店	餃子	2021	全国	天平 北新地本店	大阪府	https://award.tabelog.com/hyakumeiten/gyoza/2021	46232	店舗照合済	2021年百名店公式選出（餃子 百名店 全国・公式掲載順 16/100）
HYK2021-0817	13050544	食べログ	餃子 百名店	百名店	餃子	2021	全国	餃子の福包 新宿店	東京都	https://award.tabelog.com/hyakumeiten/gyoza/2021	46232	店舗照合済	2021年百名店公式選出（餃子 百名店 全国・公式掲載順 17/100）
HYK2021-0818	13019237	食べログ	餃子 百名店	百名店	餃子	2021	全国	餃子荘 ムロ	東京都	https://award.tabelog.com/hyakumeiten/gyoza/2021	46232	店舗照合済	2021年百名店公式選出（餃子 百名店 全国・公式掲載順 18/100）
HYK2021-0819	9001001	食べログ	餃子 百名店	百名店	餃子	2021	全国	餃天堂	栃木県	https://award.tabelog.com/hyakumeiten/gyoza/2021	46232	店舗照合済	2021年百名店公式選出（餃子 百名店 全国・公式掲載順 19/100）
HYK2021-0820	13098822	食べログ	餃子 百名店	百名店	餃子	2021	全国	来々軒	東京都	https://award.tabelog.com/hyakumeiten/gyoza/2021	46232	店舗照合済	2021年百名店公式選出（餃子 百名店 全国・公式掲載順 20/100）
HYK2021-0821	22029778	食べログ	餃子 百名店	百名店	餃子	2021	全国	石松餃子 JR浜松駅店	静岡県	https://award.tabelog.com/hyakumeiten/gyoza/2021	46232	店舗照合済	2021年百名店公式選出（餃子 百名店 全国・公式掲載順 21/100）
HYK2021-0822	13001284	食べログ	餃子 百名店	百名店	餃子	2021	全国	原宿餃子樓	東京都	https://award.tabelog.com/hyakumeiten/gyoza/2021	46232	店舗照合済	2021年百名店公式選出（餃子 百名店 全国・公式掲載順 22/100）
HYK2021-0823	13021680	食べログ	餃子 百名店	百名店	餃子	2021	全国	でっかい餃子 曽さんの店 代々木店	東京都	https://award.tabelog.com/hyakumeiten/gyoza/2021	46232	店舗照合済	2021年百名店公式選出（餃子 百名店 全国・公式掲載順 23/100）
HYK2021-0824	13000410	食べログ	餃子 百名店	百名店	餃子	2021	全国	おけ以	東京都	https://award.tabelog.com/hyakumeiten/gyoza/2021	46232	店舗照合済	2021年百名店公式選出（餃子 百名店 全国・公式掲載順 24/100）
HYK2021-0825	42000060	食べログ	餃子 百名店	百名店	餃子	2021	全国	雲龍亭 本店	長崎県	https://award.tabelog.com/hyakumeiten/gyoza/2021	46232	店舗照合済	2021年百名店公式選出（餃子 百名店 全国・公式掲載順 25/100）
HYK2021-0826	4000029	食べログ	餃子 百名店	百名店	餃子	2021	全国	八仙	宮城県	https://award.tabelog.com/hyakumeiten/gyoza/2021	46232	店舗照合済	2021年百名店公式選出（餃子 百名店 全国・公式掲載順 26/100）
HYK2021-0827	9010290	食べログ	餃子 百名店	百名店	餃子	2021	全国	青源 パセオ店	栃木県	https://award.tabelog.com/hyakumeiten/gyoza/2021	46232	店舗照合済	2021年百名店公式選出（餃子 百名店 全国・公式掲載順 27/100）
HYK2021-0828	13003304	食べログ	餃子 百名店	百名店	餃子	2021	全国	歓迎 本店	東京都	https://award.tabelog.com/hyakumeiten/gyoza/2021	46232	店舗照合済	2021年百名店公式選出（餃子 百名店 全国・公式掲載順 28/100）
HYK2021-0829	13020138	食べログ	餃子 百名店	百名店	餃子	2021	全国	鎮海楼	東京都	https://award.tabelog.com/hyakumeiten/gyoza/2021	46232	店舗照合済	2021年百名店公式選出（餃子 百名店 全国・公式掲載順 29/100）
HYK2021-0830	13008712	食べログ	餃子 百名店	百名店	餃子	2021	全国	独一処餃子 葛西本店	東京都	https://award.tabelog.com/hyakumeiten/gyoza/2021	46232	店舗照合済	2021年百名店公式選出（餃子 百名店 全国・公式掲載順 30/100）
HYK2021-0831	40000910	食べログ	餃子 百名店	百名店	餃子	2021	全国	鉄なべ 中洲本店	福岡県	https://award.tabelog.com/hyakumeiten/gyoza/2021	46232	店舗照合済	2021年百名店公式選出（餃子 百名店 全国・公式掲載順 31/100）
HYK2021-0832	22021065	食べログ	餃子 百名店	百名店	餃子	2021	全国	むつぎく	静岡県	https://award.tabelog.com/hyakumeiten/gyoza/2021	46232	店舗照合済	2021年百名店公式選出（餃子 百名店 全国・公式掲載順 32/100）
HYK2021-0833	22003100	食べログ	餃子 百名店	百名店	餃子	2021	全国	むつ菊	静岡県	https://award.tabelog.com/hyakumeiten/gyoza/2021	46232	店舗照合済	2021年百名店公式選出（餃子 百名店 全国・公式掲載順 33/100）
HYK2021-0834	28002361	食べログ	餃子 百名店	百名店	餃子	2021	全国	ぎょうざ専門店 赤萬 元町店	兵庫県	https://award.tabelog.com/hyakumeiten/gyoza/2021	46232	店舗照合済	2021年百名店公式選出（餃子 百名店 全国・公式掲載順 34/100）
HYK2021-0835	28000846	食べログ	餃子 百名店	百名店	餃子	2021	全国	淡水軒	兵庫県	https://award.tabelog.com/hyakumeiten/gyoza/2021	46232	店舗照合済	2021年百名店公式選出（餃子 百名店 全国・公式掲載順 35/100）
HYK2021-0836	13003085	食べログ	餃子 百名店	百名店	餃子	2021	全国	哈爾濱餃子	東京都	https://award.tabelog.com/hyakumeiten/gyoza/2021	46232	店舗照合済	2021年百名店公式選出（餃子 百名店 全国・公式掲載順 36/100）
HYK2021-0837	9000118	食べログ	餃子 百名店	百名店	餃子	2021	全国	和の中	栃木県	https://award.tabelog.com/hyakumeiten/gyoza/2021	46232	店舗照合済	2021年百名店公式選出（餃子 百名店 全国・公式掲載順 37/100）
HYK2021-0838	13005875	食べログ	餃子 百名店	百名店	餃子	2021	全国	餃子のハルピン	東京都	https://award.tabelog.com/hyakumeiten/gyoza/2021	46232	店舗照合済	2021年百名店公式選出（餃子 百名店 全国・公式掲載順 38/100）
HYK2021-0839	14000483	食べログ	餃子 百名店	百名店	餃子	2021	全国	山東 2号店	神奈川県	https://award.tabelog.com/hyakumeiten/gyoza/2021	46232	店舗照合済	2021年百名店公式選出（餃子 百名店 全国・公式掲載順 39/100）
HYK2021-0840	13127427	食べログ	餃子 百名店	百名店	餃子	2021	全国	PAIRON 飯田橋本店	東京都	https://award.tabelog.com/hyakumeiten/gyoza/2021	46232	店舗照合済	2021年百名店公式選出（餃子 百名店 全国・公式掲載順 40/100）
HYK2021-0841	40000194	食べログ	餃子 百名店	百名店	餃子	2021	全国	餃子李	福岡県	https://award.tabelog.com/hyakumeiten/gyoza/2021	46232	店舗照合済	2021年百名店公式選出（餃子 百名店 全国・公式掲載順 41/100）
HYK2021-0842	23053109	食べログ	餃子 百名店	百名店	餃子	2021	全国	たつみ	愛知県	https://award.tabelog.com/hyakumeiten/gyoza/2021	46232	店舗照合済	2021年百名店公式選出（餃子 百名店 全国・公式掲載順 42/100）
HYK2021-0843	40000836	食べログ	餃子 百名店	百名店	餃子	2021	全国	博多祇園鉄なべ	福岡県	https://award.tabelog.com/hyakumeiten/gyoza/2021	46232	店舗照合済	2021年百名店公式選出（餃子 百名店 全国・公式掲載順 43/100）
HYK2021-0844	13000118	食べログ	餃子 百名店	百名店	餃子	2021	全国	大陸	東京都	https://award.tabelog.com/hyakumeiten/gyoza/2021	46232	店舗照合済	2021年百名店公式選出（餃子 百名店 全国・公式掲載順 44/100）
HYK2021-0845	26017170	食べログ	餃子 百名店	百名店	餃子	2021	全国	ぎょうざ処 高辻 亮昌 本店	京都府	https://award.tabelog.com/hyakumeiten/gyoza/2021	46232	店舗照合済	2021年百名店公式選出（餃子 百名店 全国・公式掲載順 45/100）
HYK2021-0846	40007271	食べログ	餃子 百名店	百名店	餃子	2021	全国	五十番	福岡県	https://award.tabelog.com/hyakumeiten/gyoza/2021	46232	店舗照合済	2021年百名店公式選出（餃子 百名店 全国・公式掲載順 46/100）
HYK2021-0847	26000028	食べログ	餃子 百名店	百名店	餃子	2021	全国	ミスター・ギョーザ	京都府	https://award.tabelog.com/hyakumeiten/gyoza/2021	46232	店舗照合済	2021年百名店公式選出（餃子 百名店 全国・公式掲載順 47/100）
HYK2021-0848	22002540	食べログ	餃子 百名店	百名店	餃子	2021	全国	喜慕里	静岡県	https://award.tabelog.com/hyakumeiten/gyoza/2021	46232	店舗照合済	2021年百名店公式選出（餃子 百名店 全国・公式掲載順 48/100）
HYK2021-0849	22001373	食べログ	餃子 百名店	百名店	餃子	2021	全国	福みつ	静岡県	https://award.tabelog.com/hyakumeiten/gyoza/2021	46232	店舗照合済	2021年百名店公式選出（餃子 百名店 全国・公式掲載順 49/100）
HYK2021-0850	13017017	食べログ	餃子 百名店	百名店	餃子	2021	全国	開楽 本店	東京都	https://award.tabelog.com/hyakumeiten/gyoza/2021	46232	店舗照合済	2021年百名店公式選出（餃子 百名店 全国・公式掲載順 50/100）
HYK2021-0851	22003420	食べログ	餃子 百名店	百名店	餃子	2021	全国	中央亭	静岡県	https://award.tabelog.com/hyakumeiten/gyoza/2021	46232	店舗照合済	2021年百名店公式選出（餃子 百名店 全国・公式掲載順 51/100）
HYK2021-0852	13054311	食べログ	餃子 百名店	百名店	餃子	2021	全国	元祖ハルピン	東京都	https://award.tabelog.com/hyakumeiten/gyoza/2021	46232	店舗照合済	2021年百名店公式選出（餃子 百名店 全国・公式掲載順 52/100）
HYK2021-0853	24000014	食べログ	餃子 百名店	百名店	餃子	2021	全国	ぎょうざの美鈴	三重県	https://award.tabelog.com/hyakumeiten/gyoza/2021	46232	店舗照合済	2021年百名店公式選出（餃子 百名店 全国・公式掲載順 53/100）
HYK2021-0854	27008027	食べログ	餃子 百名店	百名店	餃子	2021	全国	餃子の店 もも	大阪府	https://award.tabelog.com/hyakumeiten/gyoza/2021	46232	店舗照合済	2021年百名店公式選出（餃子 百名店 全国・公式掲載順 54/100）
HYK2021-0855	13041091	食べログ	餃子 百名店	百名店	餃子	2021	全国	亀戸ぎょうざ 錦糸町店	東京都	https://award.tabelog.com/hyakumeiten/gyoza/2021	46232	店舗照合済	2021年百名店公式選出（餃子 百名店 全国・公式掲載順 55/100）
HYK2021-0856	7000722	食べログ	餃子 百名店	百名店	餃子	2021	全国	餃子 照井 飯坂本店	福島県	https://award.tabelog.com/hyakumeiten/gyoza/2021	46232	店舗照合済	2021年百名店公式選出（餃子 百名店 全国・公式掲載順 56/100）
HYK2021-0857	13182912	食べログ	餃子 百名店	百名店	餃子	2021	全国	亜細亜割烹 蓮月	東京都	https://award.tabelog.com/hyakumeiten/gyoza/2021	46232	店舗照合済	2021年百名店公式選出（餃子 百名店 全国・公式掲載順 57/100）
HYK2021-0858	13003078	食べログ	餃子 百名店	百名店	餃子	2021	全国	亀戸餃子 本店	東京都	https://award.tabelog.com/hyakumeiten/gyoza/2021	46232	店舗照合済	2021年百名店公式選出（餃子 百名店 全国・公式掲載順 58/100）
HYK2021-0859	26018951	食べログ	餃子 百名店	百名店	餃子	2021	全国	ぎょうざ 歩兵 祇園本店	京都府	https://award.tabelog.com/hyakumeiten/gyoza/2021	46232	店舗照合済	2021年百名店公式選出（餃子 百名店 全国・公式掲載順 59/100）
HYK2021-0860	9010705	食べログ	餃子 百名店	百名店	餃子	2021	全国	香蘭	栃木県	https://award.tabelog.com/hyakumeiten/gyoza/2021	46232	店舗照合済	2021年百名店公式選出（餃子 百名店 全国・公式掲載順 60/100）
HYK2021-0861	13013490	食べログ	餃子 百名店	百名店	餃子	2021	全国	十番	東京都	https://award.tabelog.com/hyakumeiten/gyoza/2021	46232	店舗照合済	2021年百名店公式選出（餃子 百名店 全国・公式掲載順 61/100）
HYK2021-0862	28007605	食べログ	餃子 百名店	百名店	餃子	2021	全国	餃子 福福	兵庫県	https://award.tabelog.com/hyakumeiten/gyoza/2021	46232	店舗照合済	2021年百名店公式選出（餃子 百名店 全国・公式掲載順 62/100）
HYK2021-0863	40000125	食べログ	餃子 百名店	百名店	餃子	2021	全国	宝雲亭	福岡県	https://award.tabelog.com/hyakumeiten/gyoza/2021	46232	店舗照合済	2021年百名店公式選出（餃子 百名店 全国・公式掲載順 63/100）
HYK2021-0864	28001632	食べログ	餃子 百名店	百名店	餃子	2021	全国	ぎょうざ大学	兵庫県	https://award.tabelog.com/hyakumeiten/gyoza/2021	46232	店舗照合済	2021年百名店公式選出（餃子 百名店 全国・公式掲載順 64/100）
HYK2021-0865	13006530	食べログ	餃子 百名店	百名店	餃子	2021	全国	餃子の店 三幸園 白山通り店	東京都	https://award.tabelog.com/hyakumeiten/gyoza/2021	46232	店舗照合済	2021年百名店公式選出（餃子 百名店 全国・公式掲載順 65/100）
HYK2021-0866	23029601	食べログ	餃子 百名店	百名店	餃子	2021	全国	百老亭 今池店	愛知県	https://award.tabelog.com/hyakumeiten/gyoza/2021	46232	店舗照合済	2021年百名店公式選出（餃子 百名店 全国・公式掲載順 66/100）
HYK2021-0867	28027880	食べログ	餃子 百名店	百名店	餃子	2021	全国	新ちゃん	兵庫県	https://award.tabelog.com/hyakumeiten/gyoza/2021	46232	店舗照合済	2021年百名店公式選出（餃子 百名店 全国・公式掲載順 67/100）
HYK2021-0868	13154377	食べログ	餃子 百名店	百名店	餃子	2021	全国	野方餃子	東京都	https://award.tabelog.com/hyakumeiten/gyoza/2021	46232	店舗照合済	2021年百名店公式選出（餃子 百名店 全国・公式掲載順 68/100）
HYK2021-0869	14003956	食べログ	餃子 百名店	百名店	餃子	2021	全国	横浜とんとん	神奈川県	https://award.tabelog.com/hyakumeiten/gyoza/2021	46232	店舗照合済	2021年百名店公式選出（餃子 百名店 全国・公式掲載順 69/100）
HYK2021-0870	22022797	食べログ	餃子 百名店	百名店	餃子	2021	全国	石松餃子 新東名店	静岡県	https://award.tabelog.com/hyakumeiten/gyoza/2021	46232	店舗照合済	2021年百名店公式選出（餃子 百名店 全国・公式掲載順 70/100）
HYK2021-0871	34004387	食べログ	餃子 百名店	百名店	餃子	2021	全国	清ちゃん	広島県	https://award.tabelog.com/hyakumeiten/gyoza/2021	46232	店舗照合済	2021年百名店公式選出（餃子 百名店 全国・公式掲載順 71/100）
HYK2021-0872	13008262	食べログ	餃子 百名店	百名店	餃子	2021	全国	金春 本館	東京都	https://award.tabelog.com/hyakumeiten/gyoza/2021	46232	店舗照合済	2021年百名店公式選出（餃子 百名店 全国・公式掲載順 72/100）
HYK2021-0873	13012005	食べログ	餃子 百名店	百名店	餃子	2021	全国	老辺餃子舘 新宿本店	東京都	https://award.tabelog.com/hyakumeiten/gyoza/2021	46232	店舗照合済	2021年百名店公式選出（餃子 百名店 全国・公式掲載順 73/100）
HYK2021-0874	9000046	食べログ	餃子 百名店	百名店	餃子	2021	全国	正嗣 宮島本店	栃木県	https://award.tabelog.com/hyakumeiten/gyoza/2021	46232	店舗照合済	2021年百名店公式選出（餃子 百名店 全国・公式掲載順 74/100）
HYK2021-0875	13020141	食べログ	餃子 百名店	百名店	餃子	2021	全国	一味玲玲 本店	東京都	https://award.tabelog.com/hyakumeiten/gyoza/2021	46232	店舗照合済	2021年百名店公式選出（餃子 百名店 全国・公式掲載順 75/100）
HYK2021-0876	13133812	食べログ	餃子 百名店	百名店	餃子	2021	全国	リトル泰興楼 Fei店	東京都	https://award.tabelog.com/hyakumeiten/gyoza/2021	46232	店舗照合済	2021年百名店公式選出（餃子 百名店 全国・公式掲載順 76/100）
HYK2021-0877	23068000	食べログ	餃子 百名店	百名店	餃子	2021	全国	餃子とスパークリング バブルス	愛知県	https://award.tabelog.com/hyakumeiten/gyoza/2021	46232	店舗照合済	2021年百名店公式選出（餃子 百名店 全国・公式掲載順 77/100）
HYK2021-0878	28000495	食べログ	餃子 百名店	百名店	餃子	2021	全国	ぎょうざの店 ひょうたん 三宮店	兵庫県	https://award.tabelog.com/hyakumeiten/gyoza/2021	46232	店舗照合済	2021年百名店公式選出（餃子 百名店 全国・公式掲載順 78/100）
HYK2021-0879	13117106	食べログ	餃子 百名店	百名店	餃子	2021	全国	えびすの安兵衛	東京都	https://award.tabelog.com/hyakumeiten/gyoza/2021	46232	店舗照合済	2021年百名店公式選出（餃子 百名店 全国・公式掲載順 79/100）
HYK2021-0880	13015935	食べログ	餃子 百名店	百名店	餃子	2021	全国	みんみん	東京都	https://award.tabelog.com/hyakumeiten/gyoza/2021	46232	店舗照合済	2021年百名店公式選出（餃子 百名店 全国・公式掲載順 80/100）
HYK2021-0881	13008958	食べログ	餃子 百名店	百名店	餃子	2021	全国	東亭	東京都	https://award.tabelog.com/hyakumeiten/gyoza/2021	46232	店舗照合済	2021年百名店公式選出（餃子 百名店 全国・公式掲載順 81/100）
HYK2021-0882	28037232	食べログ	餃子 百名店	百名店	餃子	2021	全国	英洋軒 姫路駅前店	兵庫県	https://award.tabelog.com/hyakumeiten/gyoza/2021	46232	店舗照合済	2021年百名店公式選出（餃子 百名店 全国・公式掲載順 82/100）
HYK2021-0883	13090377	食べログ	餃子 百名店	百名店	餃子	2021	全国	餃子坊　豚八戒	東京都	https://award.tabelog.com/hyakumeiten/gyoza/2021	46232	店舗照合済	2021年百名店公式選出（餃子 百名店 全国・公式掲載順 83/100）
HYK2021-0884	13158080	食べログ	餃子 百名店	百名店	餃子	2021	全国	菜香餃子房	東京都	https://award.tabelog.com/hyakumeiten/gyoza/2021	46232	店舗照合済	2021年百名店公式選出（餃子 百名店 全国・公式掲載順 84/100）
HYK2021-0885	44000056	食べログ	餃子 百名店	百名店	餃子	2021	全国	湖月	大分県	https://award.tabelog.com/hyakumeiten/gyoza/2021	46232	店舗照合済	2021年百名店公式選出（餃子 百名店 全国・公式掲載順 85/100）
HYK2021-0886	13003608	食べログ	餃子 百名店	百名店	餃子	2021	全国	昇龍	東京都	https://award.tabelog.com/hyakumeiten/gyoza/2021	46232	店舗照合済	2021年百名店公式選出（餃子 百名店 全国・公式掲載順 86/100）
HYK2021-0887	14006776	食べログ	餃子 百名店	百名店	餃子	2021	全国	萬里	神奈川県	https://award.tabelog.com/hyakumeiten/gyoza/2021	46232	店舗照合済	2021年百名店公式選出（餃子 百名店 全国・公式掲載順 87/100）
HYK2021-0888	13004530	食べログ	餃子 百名店	百名店	餃子	2021	全国	東京餃子楼 三軒茶屋店	東京都	https://award.tabelog.com/hyakumeiten/gyoza/2021	46232	店舗照合済	2021年百名店公式選出（餃子 百名店 全国・公式掲載順 88/100）
HYK2021-0889	27003163	食べログ	餃子 百名店	百名店	餃子	2021	全国	丸正餃子店 本店	大阪府	https://award.tabelog.com/hyakumeiten/gyoza/2021	46232	店舗照合済	2021年百名店公式選出（餃子 百名店 全国・公式掲載順 89/100）
HYK2021-0890	21001121	食べログ	餃子 百名店	百名店	餃子	2021	全国	岐州	岐阜県	https://award.tabelog.com/hyakumeiten/gyoza/2021	46232	店舗照合済	2021年百名店公式選出（餃子 百名店 全国・公式掲載順 90/100）
HYK2021-0891	13001812	食べログ	餃子 百名店	百名店	餃子	2021	全国	您好	東京都	https://award.tabelog.com/hyakumeiten/gyoza/2021	46232	店舗照合済	2021年百名店公式選出（餃子 百名店 全国・公式掲載順 91/100）
HYK2021-0892	13120494	食べログ	餃子 百名店	百名店	餃子	2021	全国	你好 恵馨閣	東京都	https://award.tabelog.com/hyakumeiten/gyoza/2021	46232	店舗照合済	2021年百名店公式選出（餃子 百名店 全国・公式掲載順 92/100）
HYK2021-0893	13000732	食べログ	餃子 百名店	百名店	餃子	2021	全国	太陽	東京都	https://award.tabelog.com/hyakumeiten/gyoza/2021	46232	店舗照合済	2021年百名店公式選出（餃子 百名店 全国・公式掲載順 93/100）
HYK2021-0894	13193356	食べログ	餃子 百名店	百名店	餃子	2021	全国	銀座 天龍 本店	東京都	https://award.tabelog.com/hyakumeiten/gyoza/2021	46232	店舗照合済	2021年百名店公式選出（餃子 百名店 全国・公式掲載順 94/100）
HYK2021-0895	13039735	食べログ	餃子 百名店	百名店	餃子	2021	全国	亀戸ぎょうざ 両国支店	東京都	https://award.tabelog.com/hyakumeiten/gyoza/2021	46232	店舗照合済	2021年百名店公式選出（餃子 百名店 全国・公式掲載順 95/100）
HYK2021-0896	13020500	食べログ	餃子 百名店	百名店	餃子	2021	全国	壇太	東京都	https://award.tabelog.com/hyakumeiten/gyoza/2021	46232	店舗照合済	2021年百名店公式選出（餃子 百名店 全国・公式掲載順 96/100）
HYK2021-0897	13017770	食べログ	餃子 百名店	百名店	餃子	2021	全国	龍門	東京都	https://award.tabelog.com/hyakumeiten/gyoza/2021	46232	店舗照合済	2021年百名店公式選出（餃子 百名店 全国・公式掲載順 97/100）
HYK2021-0898	28023397	食べログ	餃子 百名店	百名店	餃子	2021	全国	餃子屋 満園	兵庫県	https://award.tabelog.com/hyakumeiten/gyoza/2021	46232	店舗照合済	2021年百名店公式選出（餃子 百名店 全国・公式掲載順 98/100）
HYK2021-0899	13025054	食べログ	餃子 百名店	百名店	餃子	2021	全国	歓迎 西口店	東京都	https://award.tabelog.com/hyakumeiten/gyoza/2021	46232	店舗照合済	2021年百名店公式選出（餃子 百名店 全国・公式掲載順 99/100）
HYK2021-0900	17000692	食べログ	餃子 百名店	百名店	餃子	2021	全国	餃子菜館 勝ちゃん	石川県	https://award.tabelog.com/hyakumeiten/gyoza/2021	46232	店舗照合済	2021年百名店公式選出（餃子 百名店 全国・公式掲載順 100/100）
HYK2021-0901	13144295	食べログ	ハンバーガー 百名店	百名店	ハンバーガー	2021	全国	ブラザーズ 新富町店	東京都	https://award.tabelog.com/hyakumeiten/hamburger/2021	46232	店舗照合済	2021年百名店公式選出（ハンバーガー 百名店 全国・公式掲載順 1/100）
HYK2021-0902	13144629	食べログ	ハンバーガー 百名店	百名店	ハンバーガー	2021	全国	San Francisco Peaks	東京都	https://award.tabelog.com/hyakumeiten/hamburger/2021	46232	店舗照合済	2021年百名店公式選出（ハンバーガー 百名店 全国・公式掲載順 2/100）
HYK2021-0903	13094114	食べログ	ハンバーガー 百名店	百名店	ハンバーガー	2021	全国	サニーダイナー ルミネ北千住店	東京都	https://award.tabelog.com/hyakumeiten/hamburger/2021	46232	店舗照合済	2021年百名店公式選出（ハンバーガー 百名店 全国・公式掲載順 3/100）
HYK2021-0904	13022465	食べログ	ハンバーガー 百名店	百名店	ハンバーガー	2021	全国	ヴィレッジ ヴァンガード　ダイナー 下北沢	東京都	https://award.tabelog.com/hyakumeiten/hamburger/2021	46232	店舗照合済	2021年百名店公式選出（ハンバーガー 百名店 全国・公式掲載順 4/100）
HYK2021-0905	27088635	食べログ	ハンバーガー 百名店	百名店	ハンバーガー	2021	全国	Craft Burger co. 北堀江店	大阪府	https://award.tabelog.com/hyakumeiten/hamburger/2021	46232	店舗照合済	2021年百名店公式選出（ハンバーガー 百名店 全国・公式掲載順 5/100）
HYK2021-0906	14030872	食べログ	ハンバーガー 百名店	百名店	ハンバーガー	2021	全国	good mellows	神奈川県	https://award.tabelog.com/hyakumeiten/hamburger/2021	46232	店舗照合済	2021年百名店公式選出（ハンバーガー 百名店 全国・公式掲載順 6/100）
HYK2021-0907	42000523	食べログ	ハンバーガー 百名店	百名店	ハンバーガー	2021	全国	ミサロッソ	長崎県	https://award.tabelog.com/hyakumeiten/hamburger/2021	46232	店舗照合済	2021年百名店公式選出（ハンバーガー 百名店 全国・公式掲載順 7/100）
HYK2021-0908	13119994	食べログ	ハンバーガー 百名店	百名店	ハンバーガー	2021	全国	ハングリー ヘブン 目黒店	東京都	https://award.tabelog.com/hyakumeiten/hamburger/2021	46232	店舗照合済	2021年百名店公式選出（ハンバーガー 百名店 全国・公式掲載順 8/100）
HYK2021-0909	12020222	食べログ	ハンバーガー 百名店	百名店	ハンバーガー	2021	全国	パントリー コヨーテ	千葉県	https://award.tabelog.com/hyakumeiten/hamburger/2021	46232	店舗照合済	2021年百名店公式選出（ハンバーガー 百名店 全国・公式掲載順 9/100）
HYK2021-0910	13004780	食べログ	ハンバーガー 百名店	百名店	ハンバーガー	2021	全国	ベーカーバウンス	東京都	https://award.tabelog.com/hyakumeiten/hamburger/2021	46232	店舗照合済	2021年百名店公式選出（ハンバーガー 百名店 全国・公式掲載順 10/100）
HYK2021-0911	38001052	食べログ	ハンバーガー 百名店	百名店	ハンバーガー	2021	全国	道後の町屋	愛媛県	https://award.tabelog.com/hyakumeiten/hamburger/2021	46232	店舗照合済	2021年百名店公式選出（ハンバーガー 百名店 全国・公式掲載順 11/100）
HYK2021-0912	13008406	食べログ	ハンバーガー 百名店	百名店	ハンバーガー	2021	全国	ファンゴー 三宿本店	東京都	https://award.tabelog.com/hyakumeiten/hamburger/2021	46232	店舗照合済	2021年百名店公式選出（ハンバーガー 百名店 全国・公式掲載順 12/100）
HYK2021-0913	13121856	食べログ	ハンバーガー 百名店	百名店	ハンバーガー	2021	全国	マンチズ バーガー シャック	東京都	https://award.tabelog.com/hyakumeiten/hamburger/2021	46232	店舗照合済	2021年百名店公式選出（ハンバーガー 百名店 全国・公式掲載順 13/100）
HYK2021-0914	13164217	食べログ	ハンバーガー 百名店	百名店	ハンバーガー	2021	全国	the 3rd Burger アークヒルズサウスタワー店	東京都	https://award.tabelog.com/hyakumeiten/hamburger/2021	46232	店舗照合済	2021年百名店公式選出（ハンバーガー 百名店 全国・公式掲載順 14/100）
HYK2021-0915	23042400	食べログ	ハンバーガー 百名店	百名店	ハンバーガー	2021	全国	BIG BEN DINER	愛知県	https://award.tabelog.com/hyakumeiten/hamburger/2021	46232	店舗照合済	2021年百名店公式選出（ハンバーガー 百名店 全国・公式掲載順 15/100）
HYK2021-0916	13206969	食べログ	ハンバーガー 百名店	百名店	ハンバーガー	2021	全国	THE COUNTER 六本木	東京都	https://award.tabelog.com/hyakumeiten/hamburger/2021	46232	店舗照合済	2021年百名店公式選出（ハンバーガー 百名店 全国・公式掲載順 16/100）
HYK2021-0917	47009921	食べログ	ハンバーガー 百名店	百名店	ハンバーガー	2021	全国	ダグズ・バーガー 宮古島本店	沖縄県	https://award.tabelog.com/hyakumeiten/hamburger/2021	46232	店舗照合済	2021年百名店公式選出（ハンバーガー 百名店 全国・公式掲載順 17/100）
HYK2021-0918	42000079	食べログ	ハンバーガー 百名店	百名店	ハンバーガー	2021	全国	ヒカリ 本店	長崎県	https://award.tabelog.com/hyakumeiten/hamburger/2021	46232	店舗照合済	2021年百名店公式選出（ハンバーガー 百名店 全国・公式掲載順 18/100）
HYK2021-0919	13041855	食べログ	ハンバーガー 百名店	百名店	ハンバーガー	2021	全国	バーガーズベース	東京都	https://award.tabelog.com/hyakumeiten/hamburger/2021	46232	店舗照合済	2021年百名店公式選出（ハンバーガー 百名店 全国・公式掲載順 19/100）
HYK2021-0920	13122469	食べログ	ハンバーガー 百名店	百名店	ハンバーガー	2021	全国	ビア パブ カムデン 池袋東口店	東京都	https://award.tabelog.com/hyakumeiten/hamburger/2021	46232	店舗照合済	2021年百名店公式選出（ハンバーガー 百名店 全国・公式掲載順 20/100）
HYK2021-0921	13227776	食べログ	ハンバーガー 百名店	百名店	ハンバーガー	2021	全国	ショーグンバーガー 新宿店	東京都	https://award.tabelog.com/hyakumeiten/hamburger/2021	46232	店舗照合済	2021年百名店公式選出（ハンバーガー 百名店 全国・公式掲載順 21/100）
HYK2021-0922	28005655	食べログ	ハンバーガー 百名店	百名店	ハンバーガー	2021	全国	淡路島バーガー	兵庫県	https://award.tabelog.com/hyakumeiten/hamburger/2021	46232	店舗照合済	2021年百名店公式選出（ハンバーガー 百名店 全国・公式掲載順 22/100）
HYK2021-0923	13030795	食べログ	ハンバーガー 百名店	百名店	ハンバーガー	2021	全国	オーセンティック	東京都	https://award.tabelog.com/hyakumeiten/hamburger/2021	46232	店舗照合済	2021年百名店公式選出（ハンバーガー 百名店 全国・公式掲載順 23/100）
HYK2021-0924	42000078	食べログ	ハンバーガー 百名店	百名店	ハンバーガー	2021	全国	佐世保バーガー BigMan 京町本店	長崎県	https://award.tabelog.com/hyakumeiten/hamburger/2021	46232	店舗照合済	2021年百名店公式選出（ハンバーガー 百名店 全国・公式掲載順 24/100）
HYK2021-0925	14000902	食べログ	ハンバーガー 百名店	百名店	ハンバーガー	2021	全国	ハニービー	神奈川県	https://award.tabelog.com/hyakumeiten/hamburger/2021	46232	店舗照合済	2021年百名店公式選出（ハンバーガー 百名店 全国・公式掲載順 25/100）
HYK2021-0926	13195774	食べログ	ハンバーガー 百名店	百名店	ハンバーガー	2021	全国	マクレーン オールドバーガースタンド	東京都	https://award.tabelog.com/hyakumeiten/hamburger/2021	46232	店舗照合済	2021年百名店公式選出（ハンバーガー 百名店 全国・公式掲載順 26/100）
HYK2021-0927	13054778	食べログ	ハンバーガー 百名店	百名店	ハンバーガー	2021	全国	自由が丘バーガー 本店	東京都	https://award.tabelog.com/hyakumeiten/hamburger/2021	46232	店舗照合済	2021年百名店公式選出（ハンバーガー 百名店 全国・公式掲載順 27/100）
HYK2021-0928	42000138	食べログ	ハンバーガー 百名店	百名店	ハンバーガー	2021	全国	ログキット 佐世保本店	長崎県	https://award.tabelog.com/hyakumeiten/hamburger/2021	46232	店舗照合済	2021年百名店公式選出（ハンバーガー 百名店 全国・公式掲載順 28/100）
HYK2021-0929	13150800	食べログ	ハンバーガー 百名店	百名店	ハンバーガー	2021	全国	the 3rd Burger 青山骨董通り店	東京都	https://award.tabelog.com/hyakumeiten/hamburger/2021	46232	店舗照合済	2021年百名店公式選出（ハンバーガー 百名店 全国・公式掲載順 29/100）
HYK2021-0930	13171395	食べログ	ハンバーガー 百名店	百名店	ハンバーガー	2021	全国	CHATTY CHATTY	東京都	https://award.tabelog.com/hyakumeiten/hamburger/2021	46232	店舗照合済	2021年百名店公式選出（ハンバーガー 百名店 全国・公式掲載順 30/100）
HYK2021-0931	13086561	食べログ	ハンバーガー 百名店	百名店	ハンバーガー	2021	全国	GRILL BURGER CLUB SASA	東京都	https://award.tabelog.com/hyakumeiten/hamburger/2021	46232	店舗照合済	2021年百名店公式選出（ハンバーガー 百名店 全国・公式掲載順 31/100）
HYK2021-0932	28025659	食べログ	ハンバーガー 百名店	百名店	ハンバーガー	2021	全国	エスビーダイナー コウベ	兵庫県	https://award.tabelog.com/hyakumeiten/hamburger/2021	46232	店舗照合済	2021年百名店公式選出（ハンバーガー 百名店 全国・公式掲載順 32/100）
HYK2021-0933	13190156	食べログ	ハンバーガー 百名店	百名店	ハンバーガー	2021	全国	ヘンリーズ バーガー 代官山	東京都	https://award.tabelog.com/hyakumeiten/hamburger/2021	46232	店舗照合済	2021年百名店公式選出（ハンバーガー 百名店 全国・公式掲載順 33/100）
HYK2021-0934	13003002	食べログ	ハンバーガー 百名店	百名店	ハンバーガー	2021	全国	ブラザーズ 人形町本店	東京都	https://award.tabelog.com/hyakumeiten/hamburger/2021	46232	店舗照合済	2021年百名店公式選出（ハンバーガー 百名店 全国・公式掲載順 34/100）
HYK2021-0935	13054359	食べログ	ハンバーガー 百名店	百名店	ハンバーガー	2021	全国	レッグオンダイナー	東京都	https://award.tabelog.com/hyakumeiten/hamburger/2021	46232	店舗照合済	2021年百名店公式選出（ハンバーガー 百名店 全国・公式掲載順 35/100）
HYK2021-0936	13047335	食べログ	ハンバーガー 百名店	百名店	ハンバーガー	2021	全国	バーガーマニア 白金店	東京都	https://award.tabelog.com/hyakumeiten/hamburger/2021	46232	店舗照合済	2021年百名店公式選出（ハンバーガー 百名店 全国・公式掲載順 36/100）
HYK2021-0937	13045308	食べログ	ハンバーガー 百名店	百名店	ハンバーガー	2021	全国	J.S. BURGERS CAFE 新宿店	東京都	https://award.tabelog.com/hyakumeiten/hamburger/2021	46232	店舗照合済	2021年百名店公式選出（ハンバーガー 百名店 全国・公式掲載順 37/100）
HYK2021-0938	13151157	食べログ	ハンバーガー 百名店	百名店	ハンバーガー	2021	全国	ホーミーズ	東京都	https://award.tabelog.com/hyakumeiten/hamburger/2021	46232	店舗照合済	2021年百名店公式選出（ハンバーガー 百名店 全国・公式掲載順 38/100）
HYK2021-0939	13163734	食べログ	ハンバーガー 百名店	百名店	ハンバーガー	2021	全国	Island Burgers 四谷三丁目店	東京都	https://award.tabelog.com/hyakumeiten/hamburger/2021	46232	店舗照合済	2021年百名店公式選出（ハンバーガー 百名店 全国・公式掲載順 39/100）
HYK2021-0940	23059609	食べログ	ハンバーガー 百名店	百名店	ハンバーガー	2021	全国	ザ リスコ	愛知県	https://award.tabelog.com/hyakumeiten/hamburger/2021	46232	店舗照合済	2021年百名店公式選出（ハンバーガー 百名店 全国・公式掲載順 40/100）
HYK2021-0941	13202745	食べログ	ハンバーガー 百名店	百名店	ハンバーガー	2021	全国	BURGER&MILKSHAKE CRANE	東京都	https://award.tabelog.com/hyakumeiten/hamburger/2021	46232	店舗照合済	2021年百名店公式選出（ハンバーガー 百名店 全国・公式掲載順 41/100）
HYK2021-0942	12006175	食べログ	ハンバーガー 百名店	百名店	ハンバーガー	2021	全国	R-S	千葉県	https://award.tabelog.com/hyakumeiten/hamburger/2021	46232	店舗照合済	2021年百名店公式選出（ハンバーガー 百名店 全国・公式掲載順 42/100）
HYK2021-0943	23058190	食べログ	ハンバーガー 百名店	百名店	ハンバーガー	2021	全国	ハンサム バーガー	愛知県	https://award.tabelog.com/hyakumeiten/hamburger/2021	46232	店舗照合済	2021年百名店公式選出（ハンバーガー 百名店 全国・公式掲載順 43/100）
HYK2021-0944	21009922	食べログ	ハンバーガー 百名店	百名店	ハンバーガー	2021	全国	センターフォーハンバーガーズ	岐阜県	https://award.tabelog.com/hyakumeiten/hamburger/2021	46232	店舗照合済	2021年百名店公式選出（ハンバーガー 百名店 全国・公式掲載順 44/100）
HYK2021-0945	13189090	食べログ	ハンバーガー 百名店	百名店	ハンバーガー	2021	全国	CRUZ BURGERS & CRAFT BEERS	東京都	https://award.tabelog.com/hyakumeiten/hamburger/2021	46232	店舗照合済	2021年百名店公式選出（ハンバーガー 百名店 全国・公式掲載順 45/100）
HYK2021-0946	13091055	食べログ	ハンバーガー 百名店	百名店	ハンバーガー	2021	全国	ハラカラ。 三軒茶屋店	東京都	https://award.tabelog.com/hyakumeiten/hamburger/2021	46232	店舗照合済	2021年百名店公式選出（ハンバーガー 百名店 全国・公式掲載順 46/100）
HYK2021-0947	3005292	食べログ	ハンバーガー 百名店	百名店	ハンバーガー	2021	全国	THE BURGER HEARTS	岩手県	https://award.tabelog.com/hyakumeiten/hamburger/2021	46232	店舗照合済	2021年百名店公式選出（ハンバーガー 百名店 全国・公式掲載順 47/100）
HYK2021-0948	13222449	食べログ	ハンバーガー 百名店	百名店	ハンバーガー	2021	全国	hide mode	東京都	https://award.tabelog.com/hyakumeiten/hamburger/2021	46232	店舗照合済	2021年百名店公式選出（ハンバーガー 百名店 全国・公式掲載順 48/100）
HYK2021-0949	28034730	食べログ	ハンバーガー 百名店	百名店	ハンバーガー	2021	全国	あわじ島バーガー 淡路島オニオンキッチン 本店	兵庫県	https://award.tabelog.com/hyakumeiten/hamburger/2021	46232	店舗照合済	2021年百名店公式選出（ハンバーガー 百名店 全国・公式掲載順 49/100）
HYK2021-0950	27043816	食べログ	ハンバーガー 百名店	百名店	ハンバーガー	2021	全国	ニック&レネイ	大阪府	https://award.tabelog.com/hyakumeiten/hamburger/2021	46232	店舗照合済	2021年百名店公式選出（ハンバーガー 百名店 全国・公式掲載順 50/100）
HYK2021-0951	13172081	食べログ	ハンバーガー 百名店	百名店	ハンバーガー	2021	全国	No.18	東京都	https://award.tabelog.com/hyakumeiten/hamburger/2021	46232	店舗照合済	2021年百名店公式選出（ハンバーガー 百名店 全国・公式掲載順 51/100）
HYK2021-0952	41000364	食べログ	ハンバーガー 百名店	百名店	ハンバーガー	2021	全国	からつバーガー 松原本店	佐賀県	https://award.tabelog.com/hyakumeiten/hamburger/2021	46232	店舗照合済	2021年百名店公式選出（ハンバーガー 百名店 全国・公式掲載順 52/100）
HYK2021-0953	13006525	食べログ	ハンバーガー 百名店	百名店	ハンバーガー	2021	全国	アイコウシャ	東京都	https://award.tabelog.com/hyakumeiten/hamburger/2021	46232	店舗照合済	2021年百名店公式選出（ハンバーガー 百名店 全国・公式掲載順 53/100）
HYK2021-0954	19003886	食べログ	ハンバーガー 百名店	百名店	ハンバーガー	2021	全国	ムースヒルズバーガー	山梨県	https://award.tabelog.com/hyakumeiten/hamburger/2021	46232	店舗照合済	2021年百名店公式選出（ハンバーガー 百名店 全国・公式掲載順 54/100）
HYK2021-0955	13166437	食べログ	ハンバーガー 百名店	百名店	ハンバーガー	2021	全国	バーガーマニア 恵比寿店	東京都	https://award.tabelog.com/hyakumeiten/hamburger/2021	46232	店舗照合済	2021年百名店公式選出（ハンバーガー 百名店 全国・公式掲載順 55/100）
HYK2021-0956	13255370	食べログ	ハンバーガー 百名店	百名店	ハンバーガー	2021	全国	Burger POLICE	東京都	https://award.tabelog.com/hyakumeiten/hamburger/2021	46232	店舗照合済	2021年百名店公式選出（ハンバーガー 百名店 全国・公式掲載順 56/100）
HYK2021-0957	13033094	食べログ	ハンバーガー 百名店	百名店	ハンバーガー	2021	全国	サニーダイナー 本店	東京都	https://award.tabelog.com/hyakumeiten/hamburger/2021	46232	店舗照合済	2021年百名店公式選出（ハンバーガー 百名店 全国・公式掲載順 57/100）
HYK2021-0958	12004138	食べログ	ハンバーガー 百名店	百名店	ハンバーガー	2021	全国	66	千葉県	https://award.tabelog.com/hyakumeiten/hamburger/2021	46232	店舗照合済	2021年百名店公式選出（ハンバーガー 百名店 全国・公式掲載順 58/100）
HYK2021-0959	13003538	食べログ	ハンバーガー 百名店	百名店	ハンバーガー	2021	全国	ファイヤーハウス	東京都	https://award.tabelog.com/hyakumeiten/hamburger/2021	46232	店舗照合済	2021年百名店公式選出（ハンバーガー 百名店 全国・公式掲載順 59/100）
HYK2021-0960	13183140	食べログ	ハンバーガー 百名店	百名店	ハンバーガー	2021	全国	エルエーガレージ	東京都	https://award.tabelog.com/hyakumeiten/hamburger/2021	46232	店舗照合済	2021年百名店公式選出（ハンバーガー 百名店 全国・公式掲載順 60/100）
HYK2021-0961	13226533	食べログ	ハンバーガー 百名店	百名店	ハンバーガー	2021	全国	ブラザーズ 日本橋高島屋店	東京都	https://award.tabelog.com/hyakumeiten/hamburger/2021	46232	店舗照合済	2021年百名店公式選出（ハンバーガー 百名店 全国・公式掲載順 61/100）
HYK2021-0962	13121586	食べログ	ハンバーガー 百名店	百名店	ハンバーガー	2021	全国	ウーピーゴールドバーガー	東京都	https://award.tabelog.com/hyakumeiten/hamburger/2021	46232	店舗照合済	2021年百名店公式選出（ハンバーガー 百名店 全国・公式掲載順 62/100）
HYK2021-0963	13169029	食べログ	ハンバーガー 百名店	百名店	ハンバーガー	2021	全国	BeBu	東京都	https://award.tabelog.com/hyakumeiten/hamburger/2021	46232	店舗照合済	2021年百名店公式選出（ハンバーガー 百名店 全国・公式掲載順 63/100）
HYK2021-0964	13010603	食べログ	ハンバーガー 百名店	百名店	ハンバーガー	2021	全国	ホームワークス 麻布十番店	東京都	https://award.tabelog.com/hyakumeiten/hamburger/2021	46232	店舗照合済	2021年百名店公式選出（ハンバーガー 百名店 全国・公式掲載順 64/100）
HYK2021-0965	13091061	食べログ	ハンバーガー 百名店	百名店	ハンバーガー	2021	全国	ブッチャーズテーブル	東京都	https://award.tabelog.com/hyakumeiten/hamburger/2021	46232	店舗照合済	2021年百名店公式選出（ハンバーガー 百名店 全国・公式掲載順 65/100）
HYK2021-0966	23006213	食べログ	ハンバーガー 百名店	百名店	ハンバーガー	2021	全国	レイヤーズ 丸の内 本店	愛知県	https://award.tabelog.com/hyakumeiten/hamburger/2021	46232	店舗照合済	2021年百名店公式選出（ハンバーガー 百名店 全国・公式掲載順 66/100）
HYK2021-0967	13100291	食べログ	ハンバーガー 百名店	百名店	ハンバーガー	2021	全国	ゴールデンブラウン 表参道	東京都	https://award.tabelog.com/hyakumeiten/hamburger/2021	46232	店舗照合済	2021年百名店公式選出（ハンバーガー 百名店 全国・公式掲載順 67/100）
HYK2021-0968	23052177	食べログ	ハンバーガー 百名店	百名店	ハンバーガー	2021	全国	JACK's KITCHEN	愛知県	https://award.tabelog.com/hyakumeiten/hamburger/2021	46232	店舗照合済	2021年百名店公式選出（ハンバーガー 百名店 全国・公式掲載順 68/100）
HYK2021-0969	13186781	食べログ	ハンバーガー 百名店	百名店	ハンバーガー	2021	全国	Jack37Burger	東京都	https://award.tabelog.com/hyakumeiten/hamburger/2021	46232	店舗照合済	2021年百名店公式選出（ハンバーガー 百名店 全国・公式掲載順 69/100）
HYK2021-0970	23046143	食べログ	ハンバーガー 百名店	百名店	ハンバーガー	2021	全国	ソウルダイナー	愛知県	https://award.tabelog.com/hyakumeiten/hamburger/2021	46232	店舗照合済	2021年百名店公式選出（ハンバーガー 百名店 全国・公式掲載順 70/100）
HYK2021-0971	13183704	食べログ	ハンバーガー 百名店	百名店	ハンバーガー	2021	全国	自由が丘バーガー 羽田店	東京都	https://award.tabelog.com/hyakumeiten/hamburger/2021	46232	店舗照合済	2021年百名店公式選出（ハンバーガー 百名店 全国・公式掲載順 71/100）
HYK2021-0972	42004515	食べログ	ハンバーガー 百名店	百名店	ハンバーガー	2021	全国	ログキット 佐世保駅店	長崎県	https://award.tabelog.com/hyakumeiten/hamburger/2021	46232	店舗照合済	2021年百名店公式選出（ハンバーガー 百名店 全国・公式掲載順 72/100）
HYK2021-0973	13222186	食べログ	ハンバーガー 百名店	百名店	ハンバーガー	2021	全国	ALDEBARAN	東京都	https://award.tabelog.com/hyakumeiten/hamburger/2021	46232	店舗照合済	2021年百名店公式選出（ハンバーガー 百名店 全国・公式掲載順 73/100）
HYK2021-0974	13096437	食べログ	ハンバーガー 百名店	百名店	ハンバーガー	2021	全国	ブラッカウズ	東京都	https://award.tabelog.com/hyakumeiten/hamburger/2021	46232	店舗照合済	2021年百名店公式選出（ハンバーガー 百名店 全国・公式掲載順 74/100）
HYK2021-0975	13001591	食べログ	ハンバーガー 百名店	百名店	ハンバーガー	2021	全国	ホームワークス 広尾店	東京都	https://award.tabelog.com/hyakumeiten/hamburger/2021	46232	店舗照合済	2021年百名店公式選出（ハンバーガー 百名店 全国・公式掲載順 75/100）
HYK2021-0976	13127011	食べログ	ハンバーガー 百名店	百名店	ハンバーガー	2021	全国	シェリーズバーガーカフェ	東京都	https://award.tabelog.com/hyakumeiten/hamburger/2021	46232	店舗照合済	2021年百名店公式選出（ハンバーガー 百名店 全国・公式掲載順 76/100）
HYK2021-0977	13005797	食べログ	ハンバーガー 百名店	百名店	ハンバーガー	2021	全国	ヴィレッジヴァンガード ダイナー 吉祥寺	東京都	https://award.tabelog.com/hyakumeiten/hamburger/2021	46232	店舗照合済	2021年百名店公式選出（ハンバーガー 百名店 全国・公式掲載順 77/100）
HYK2021-0978	13117569	食べログ	ハンバーガー 百名店	百名店	ハンバーガー	2021	全国	マティーニバーガー	東京都	https://award.tabelog.com/hyakumeiten/hamburger/2021	46232	店舗照合済	2021年百名店公式選出（ハンバーガー 百名店 全国・公式掲載順 78/100）
HYK2021-0979	13019608	食べログ	ハンバーガー 百名店	百名店	ハンバーガー	2021	全国	アームズ	東京都	https://award.tabelog.com/hyakumeiten/hamburger/2021	46232	店舗照合済	2021年百名店公式選出（ハンバーガー 百名店 全国・公式掲載順 79/100）
HYK2021-0980	40029521	食べログ	ハンバーガー 百名店	百名店	ハンバーガー	2021	全国	ハングリーヘブン 福岡今泉店	福岡県	https://award.tabelog.com/hyakumeiten/hamburger/2021	46232	店舗照合済	2021年百名店公式選出（ハンバーガー 百名店 全国・公式掲載順 80/100）
HYK2021-0981	1025264	食べログ	ハンバーガー 百名店	百名店	ハンバーガー	2021	全国	フラノバーガー	北海道	https://award.tabelog.com/hyakumeiten/hamburger/2021	46232	店舗照合済	2021年百名店公式選出（ハンバーガー 百名店 全国・公式掲載順 81/100）
HYK2021-0982	13184951	食べログ	ハンバーガー 百名店	百名店	ハンバーガー	2021	全国	BAREBURGER 自由が丘店	東京都	https://award.tabelog.com/hyakumeiten/hamburger/2021	46232	店舗照合済	2021年百名店公式選出（ハンバーガー 百名店 全国・公式掲載順 82/100）
HYK2021-0983	13020792	食べログ	ハンバーガー 百名店	百名店	ハンバーガー	2021	全国	THE BURGER STAND FELLOWS	東京都	https://award.tabelog.com/hyakumeiten/hamburger/2021	46232	店舗照合済	2021年百名店公式選出（ハンバーガー 百名店 全国・公式掲載順 83/100）
HYK2021-0984	13217432	食べログ	ハンバーガー 百名店	百名店	ハンバーガー	2021	全国	THE BURGER SHOP KIOI	東京都	https://award.tabelog.com/hyakumeiten/hamburger/2021	46232	店舗照合済	2021年百名店公式選出（ハンバーガー 百名店 全国・公式掲載順 84/100）
HYK2021-0985	14006674	食べログ	ハンバーガー 百名店	百名店	ハンバーガー	2021	全国	TSUNAMI	神奈川県	https://award.tabelog.com/hyakumeiten/hamburger/2021	46232	店舗照合済	2021年百名店公式選出（ハンバーガー 百名店 全国・公式掲載順 85/100）
HYK2021-0986	14058323	食べログ	ハンバーガー 百名店	百名店	ハンバーガー	2021	全国	ルーフトップス	神奈川県	https://award.tabelog.com/hyakumeiten/hamburger/2021	46232	店舗照合済	2021年百名店公式選出（ハンバーガー 百名店 全国・公式掲載順 86/100）
HYK2021-0987	27041627	食べログ	ハンバーガー 百名店	百名店	ハンバーガー	2021	全国	クリッターズバーガー	大阪府	https://award.tabelog.com/hyakumeiten/hamburger/2021	46232	店舗照合済	2021年百名店公式選出（ハンバーガー 百名店 全国・公式掲載順 87/100）
HYK2021-0988	28005725	食べログ	ハンバーガー 百名店	百名店	ハンバーガー	2021	全国	エスケール	兵庫県	https://award.tabelog.com/hyakumeiten/hamburger/2021	46232	店舗照合済	2021年百名店公式選出（ハンバーガー 百名店 全国・公式掲載順 88/100）
HYK2021-0989	33000310	食べログ	ハンバーガー 百名店	百名店	ハンバーガー	2021	全国	コージーズ	岡山県	https://award.tabelog.com/hyakumeiten/hamburger/2021	46232	店舗照合済	2021年百名店公式選出（ハンバーガー 百名店 全国・公式掲載順 89/100）
HYK2021-0990	13054782	食べログ	ハンバーガー 百名店	百名店	ハンバーガー	2021	全国	イーストヴィレッジ	東京都	https://award.tabelog.com/hyakumeiten/hamburger/2021	46232	店舗照合済	2021年百名店公式選出（ハンバーガー 百名店 全国・公式掲載順 90/100）
HYK2021-0991	13022762	食べログ	ハンバーガー 百名店	百名店	ハンバーガー	2021	全国	エーエス クラシックス ダイナー KOMAZAWA	東京都	https://award.tabelog.com/hyakumeiten/hamburger/2021	46232	店舗照合済	2021年百名店公式選出（ハンバーガー 百名店 全国・公式掲載順 91/100）
HYK2021-0992	13123717	食べログ	ハンバーガー 百名店	百名店	ハンバーガー	2021	全国	バーガーマニア 広尾店	東京都	https://award.tabelog.com/hyakumeiten/hamburger/2021	46232	店舗照合済	2021年百名店公式選出（ハンバーガー 百名店 全国・公式掲載順 92/100）
HYK2021-0993	13120770	食べログ	ハンバーガー 百名店	百名店	ハンバーガー	2021	全国	ロコフィ	東京都	https://award.tabelog.com/hyakumeiten/hamburger/2021	46232	店舗照合済	2021年百名店公式選出（ハンバーガー 百名店 全国・公式掲載順 93/100）
HYK2021-0994	23036425	食べログ	ハンバーガー 百名店	百名店	ハンバーガー	2021	全国	ザ・コーナー ハンバーガー＆サルーン	愛知県	https://award.tabelog.com/hyakumeiten/hamburger/2021	46232	店舗照合済	2021年百名店公式選出（ハンバーガー 百名店 全国・公式掲載順 94/100）
HYK2021-0995	47002074	食べログ	ハンバーガー 百名店	百名店	ハンバーガー	2021	全国	ゴーディーズ	沖縄県	https://award.tabelog.com/hyakumeiten/hamburger/2021	46232	店舗照合済	2021年百名店公式選出（ハンバーガー 百名店 全国・公式掲載順 95/100）
HYK2021-0996	47002146	食べログ	ハンバーガー 百名店	百名店	ハンバーガー	2021	全国	ズートンズ 久茂地店	沖縄県	https://award.tabelog.com/hyakumeiten/hamburger/2021	46232	店舗照合済	2021年百名店公式選出（ハンバーガー 百名店 全国・公式掲載順 96/100）
HYK2021-0997	13001556	食べログ	ハンバーガー 百名店	百名店	ハンバーガー	2021	全国	フランクリン・アベニュー	東京都	https://award.tabelog.com/hyakumeiten/hamburger/2021	46232	店舗照合済	2021年百名店公式選出（ハンバーガー 百名店 全国・公式掲載順 97/100）
HYK2021-0998	13134063	食べログ	ハンバーガー 百名店	百名店	ハンバーガー	2021	全国	シェイクツリー バーガー＆バー	東京都	https://award.tabelog.com/hyakumeiten/hamburger/2021	46232	店舗照合済	2021年百名店公式選出（ハンバーガー 百名店 全国・公式掲載順 98/100）
HYK2021-0999	13042654	食べログ	ハンバーガー 百名店	百名店	ハンバーガー	2021	全国	ザ グレートバーガー	東京都	https://award.tabelog.com/hyakumeiten/hamburger/2021	46232	店舗照合済	2021年百名店公式選出（ハンバーガー 百名店 全国・公式掲載順 99/100）
HYK2021-1000	29006078	食べログ	ハンバーガー 百名店	百名店	ハンバーガー	2021	全国	さくらバーガー	奈良県	https://award.tabelog.com/hyakumeiten/hamburger/2021	46232	店舗照合済	2021年百名店公式選出（ハンバーガー 百名店 全国・公式掲載順 100/100）
HYK2021-1001	14013395	食べログ	イタリアン 百名店	百名店	イタリアン	2021	EAST	イル・パチョッコーネ・ディ・キャンティ	神奈川県	https://award.tabelog.com/hyakumeiten/italian_east/2021	46232	店舗照合済	2021年百名店公式選出（イタリアン 百名店 EAST・公式掲載順 1/100）
HYK2021-1002	14000055	食べログ	イタリアン 百名店	百名店	イタリアン	2021	EAST	オ・プレチェネッラ	神奈川県	https://award.tabelog.com/hyakumeiten/italian_east/2021	46232	店舗照合済	2021年百名店公式選出（イタリアン 百名店 EAST・公式掲載順 2/100）
HYK2021-1003	23004080	食べログ	イタリアン 百名店	百名店	イタリアン	2021	EAST	エノテーカ ピンキオーリ 名古屋	愛知県	https://award.tabelog.com/hyakumeiten/italian_east/2021	46232	店舗照合済	2021年百名店公式選出（イタリアン 百名店 EAST・公式掲載順 3/100）
HYK2021-1004	14042586	食べログ	イタリアン 百名店	百名店	イタリアン	2021	EAST	トラットリア ダ・テレーサ	神奈川県	https://award.tabelog.com/hyakumeiten/italian_east/2021	46232	店舗照合済	2021年百名店公式選出（イタリアン 百名店 EAST・公式掲載順 4/100）
HYK2021-1005	23066535	食べログ	イタリアン 百名店	百名店	イタリアン	2021	EAST	ガストロノミーソール ヤナギヤ	愛知県	https://award.tabelog.com/hyakumeiten/italian_east/2021	46232	店舗照合済	2021年百名店公式選出（イタリアン 百名店 EAST・公式掲載順 5/100）
HYK2021-1006	23009279	食べログ	イタリアン 百名店	百名店	イタリアン	2021	EAST	osteria LIU	愛知県	https://award.tabelog.com/hyakumeiten/italian_east/2021	46232	店舗照合済	2021年百名店公式選出（イタリアン 百名店 EAST・公式掲載順 6/100）
HYK2021-1007	14010542	食べログ	イタリアン 百名店	百名店	イタリアン	2021	EAST	SALONE 2007	神奈川県	https://award.tabelog.com/hyakumeiten/italian_east/2021	46232	店舗照合済	2021年百名店公式選出（イタリアン 百名店 EAST・公式掲載順 7/100）
HYK2021-1008	4008730	食べログ	イタリアン 百名店	百名店	イタリアン	2021	EAST	リストランテ パドリーノ・デル・ショーザン	宮城県	https://award.tabelog.com/hyakumeiten/italian_east/2021	46232	店舗照合済	2021年百名店公式選出（イタリアン 百名店 EAST・公式掲載順 8/100）
HYK2021-1009	14011609	食べログ	イタリアン 百名店	百名店	イタリアン	2021	EAST	レロエ オヴェスト 三規庭	神奈川県	https://award.tabelog.com/hyakumeiten/italian_east/2021	46232	店舗照合済	2021年百名店公式選出（イタリアン 百名店 EAST・公式掲載順 9/100）
HYK2021-1010	14031732	食べログ	イタリアン 百名店	百名店	イタリアン	2021	EAST	MANNA	神奈川県	https://award.tabelog.com/hyakumeiten/italian_east/2021	46232	店舗照合済	2021年百名店公式選出（イタリアン 百名店 EAST・公式掲載順 10/100）
HYK2021-1011	23057680	食べログ	イタリアン 百名店	百名店	イタリアン	2021	EAST	セッタンタ	愛知県	https://award.tabelog.com/hyakumeiten/italian_east/2021	46232	店舗照合済	2021年百名店公式選出（イタリアン 百名店 EAST・公式掲載順 11/100）
HYK2021-1012	14006096	食べログ	イタリアン 百名店	百名店	イタリアン	2021	EAST	横浜馬車道 旬の肉料理イタリアン オステリア・アウストロ	神奈川県	https://award.tabelog.com/hyakumeiten/italian_east/2021	46232	店舗照合済	2021年百名店公式選出（イタリアン 百名店 EAST・公式掲載順 12/100）
HYK2021-1013	1000030	食べログ	イタリアン 百名店	百名店	イタリアン	2021	EAST	リストランテ カノフィーロ	北海道	https://award.tabelog.com/hyakumeiten/italian_east/2021	46232	店舗照合済	2021年百名店公式選出（イタリアン 百名店 EAST・公式掲載順 13/100）
HYK2021-1014	2006500	食べログ	イタリアン 百名店	百名店	イタリアン	2021	EAST	カーサ・デル・チーボ	青森県	https://award.tabelog.com/hyakumeiten/italian_east/2021	46232	店舗照合済	2021年百名店公式選出（イタリアン 百名店 EAST・公式掲載順 14/100）
HYK2021-1015	1041992	食べログ	イタリアン 百名店	百名店	イタリアン	2021	EAST	フラテッロ・ディ・ミクニ	北海道	https://award.tabelog.com/hyakumeiten/italian_east/2021	46232	店舗照合済	2021年百名店公式選出（イタリアン 百名店 EAST・公式掲載順 15/100）
HYK2021-1016	1005335	食べログ	イタリアン 百名店	百名店	イタリアン	2021	EAST	バローレ	北海道	https://award.tabelog.com/hyakumeiten/italian_east/2021	46232	店舗照合済	2021年百名店公式選出（イタリアン 百名店 EAST・公式掲載順 16/100）
HYK2021-1017	23039432	食べログ	イタリアン 百名店	百名店	イタリアン	2021	EAST	ヴィチーノ	愛知県	https://award.tabelog.com/hyakumeiten/italian_east/2021	46232	店舗照合済	2021年百名店公式選出（イタリアン 百名店 EAST・公式掲載順 17/100）
HYK2021-1018	14043143	食べログ	イタリアン 百名店	百名店	イタリアン	2021	EAST	タケル クインディチ	神奈川県	https://award.tabelog.com/hyakumeiten/italian_east/2021	46232	店舗照合済	2021年百名店公式選出（イタリアン 百名店 EAST・公式掲載順 18/100）
HYK2021-1019	23047233	食べログ	イタリアン 百名店	百名店	イタリアン	2021	EAST	ヴィーニ デル ボッテゴン	愛知県	https://award.tabelog.com/hyakumeiten/italian_east/2021	46232	店舗照合済	2021年百名店公式選出（イタリアン 百名店 EAST・公式掲載順 19/100）
HYK2021-1020	12001180	食べログ	イタリアン 百名店	百名店	イタリアン	2021	EAST	ラ タベルネッタ アッラ チヴィテッリーナ	千葉県	https://award.tabelog.com/hyakumeiten/italian_east/2021	46232	店舗照合済	2021年百名店公式選出（イタリアン 百名店 EAST・公式掲載順 20/100）
HYK2021-1021	21014394	食べログ	イタリアン 百名店	百名店	イタリアン	2021	EAST	アドゥエパッシ	岐阜県	https://award.tabelog.com/hyakumeiten/italian_east/2021	46232	店舗照合済	2021年百名店公式選出（イタリアン 百名店 EAST・公式掲載順 21/100）
HYK2021-1022	23037773	食べログ	イタリアン 百名店	百名店	イタリアン	2021	EAST	タボラ カルダ ミヤケ	愛知県	https://award.tabelog.com/hyakumeiten/italian_east/2021	46232	店舗照合済	2021年百名店公式選出（イタリアン 百名店 EAST・公式掲載順 22/100）
HYK2021-1023	14068940	食べログ	イタリアン 百名店	百名店	イタリアン	2021	EAST	PRIMO	神奈川県	https://award.tabelog.com/hyakumeiten/italian_east/2021	46232	店舗照合済	2021年百名店公式選出（イタリアン 百名店 EAST・公式掲載順 23/100）
HYK2021-1024	14055323	食べログ	イタリアン 百名店	百名店	イタリアン	2021	EAST	リオス ボングスタイオ	神奈川県	https://award.tabelog.com/hyakumeiten/italian_east/2021	46232	店舗照合済	2021年百名店公式選出（イタリアン 百名店 EAST・公式掲載順 24/100）
HYK2021-1025	14029106	食べログ	イタリアン 百名店	百名店	イタリアン	2021	EAST	エッセルンガ	神奈川県	https://award.tabelog.com/hyakumeiten/italian_east/2021	46232	店舗照合済	2021年百名店公式選出（イタリアン 百名店 EAST・公式掲載順 25/100）
HYK2021-1026	14039203	食べログ	イタリアン 百名店	百名店	イタリアン	2021	EAST	セラフィーノ	神奈川県	https://award.tabelog.com/hyakumeiten/italian_east/2021	46232	店舗照合済	2021年百名店公式選出（イタリアン 百名店 EAST・公式掲載順 26/100）
HYK2021-1027	14030876	食べログ	イタリアン 百名店	百名店	イタリアン	2021	EAST	オステリア パーチェ	神奈川県	https://award.tabelog.com/hyakumeiten/italian_east/2021	46232	店舗照合済	2021年百名店公式選出（イタリアン 百名店 EAST・公式掲載順 27/100）
HYK2021-1028	14036164	食べログ	イタリアン 百名店	百名店	イタリアン	2021	EAST	イル・リフージョ・ハヤマ	神奈川県	https://award.tabelog.com/hyakumeiten/italian_east/2021	46232	店舗照合済	2021年百名店公式選出（イタリアン 百名店 EAST・公式掲載順 28/100）
HYK2021-1029	12000598	食べログ	イタリアン 百名店	百名店	イタリアン	2021	EAST	ウシマル	千葉県	https://award.tabelog.com/hyakumeiten/italian_east/2021	46232	店舗照合済	2021年百名店公式選出（イタリアン 百名店 EAST・公式掲載順 29/100）
HYK2021-1030	1033822	食べログ	イタリアン 百名店	百名店	イタリアン	2021	EAST	クロッキオ	北海道	https://award.tabelog.com/hyakumeiten/italian_east/2021	46232	店舗照合済	2021年百名店公式選出（イタリアン 百名店 EAST・公式掲載順 30/100）
HYK2021-1031	23060503	食べログ	イタリアン 百名店	百名店	イタリアン	2021	EAST	ラ ヴィオレッタ	愛知県	https://award.tabelog.com/hyakumeiten/italian_east/2021	46232	店舗照合済	2021年百名店公式選出（イタリアン 百名店 EAST・公式掲載順 31/100）
HYK2021-1032	1003075	食べログ	イタリアン 百名店	百名店	イタリアン	2021	EAST	ファイ	北海道	https://award.tabelog.com/hyakumeiten/italian_east/2021	46232	店舗照合済	2021年百名店公式選出（イタリアン 百名店 EAST・公式掲載順 32/100）
HYK2021-1033	23005803	食べログ	イタリアン 百名店	百名店	イタリアン	2021	EAST	トラットリア トペ	愛知県	https://award.tabelog.com/hyakumeiten/italian_east/2021	46232	店舗照合済	2021年百名店公式選出（イタリアン 百名店 EAST・公式掲載順 33/100）
HYK2021-1034	5006765	食べログ	イタリアン 百名店	百名店	イタリアン	2021	EAST	ジュエーメ	秋田県	https://award.tabelog.com/hyakumeiten/italian_east/2021	46232	店舗照合済	2021年百名店公式選出（イタリアン 百名店 EAST・公式掲載順 34/100）
HYK2021-1035	14002095	食べログ	イタリアン 百名店	百名店	イタリアン	2021	EAST	ヴィノテカサクラ	神奈川県	https://award.tabelog.com/hyakumeiten/italian_east/2021	46232	店舗照合済	2021年百名店公式選出（イタリアン 百名店 EAST・公式掲載順 35/100）
HYK2021-1036	23053827	食べログ	イタリアン 百名店	百名店	イタリアン	2021	EAST	魚介のイタリア料理 murata	愛知県	https://award.tabelog.com/hyakumeiten/italian_east/2021	46232	店舗照合済	2021年百名店公式選出（イタリアン 百名店 EAST・公式掲載順 36/100）
HYK2021-1037	14000879	食べログ	イタリアン 百名店	百名店	イタリアン	2021	EAST	リストランテ アルベロベッロ	神奈川県	https://award.tabelog.com/hyakumeiten/italian_east/2021	46232	店舗照合済	2021年百名店公式選出（イタリアン 百名店 EAST・公式掲載順 37/100）
HYK2021-1038	12000120	食べログ	イタリアン 百名店	百名店	イタリアン	2021	EAST	エスト! プロッシモ	千葉県	https://award.tabelog.com/hyakumeiten/italian_east/2021	46232	店舗照合済	2021年百名店公式選出（イタリアン 百名店 EAST・公式掲載順 38/100）
HYK2021-1039	12024353	食べログ	イタリアン 百名店	百名店	イタリアン	2021	EAST	La Bonta	千葉県	https://award.tabelog.com/hyakumeiten/italian_east/2021	46232	店舗照合済	2021年百名店公式選出（イタリアン 百名店 EAST・公式掲載順 39/100）
HYK2021-1040	23051301	食べログ	イタリアン 百名店	百名店	イタリアン	2021	EAST	オステリア　オルカドーロ	愛知県	https://award.tabelog.com/hyakumeiten/italian_east/2021	46232	店舗照合済	2021年百名店公式選出（イタリアン 百名店 EAST・公式掲載順 40/100）
HYK2021-1041	14072960	食べログ	イタリアン 百名店	百名店	イタリアン	2021	EAST	RISTORANTE IL NODO	神奈川県	https://award.tabelog.com/hyakumeiten/italian_east/2021	46232	店舗照合済	2021年百名店公式選出（イタリアン 百名店 EAST・公式掲載順 41/100）
HYK2021-1042	14059426	食べログ	イタリアン 百名店	百名店	イタリアン	2021	EAST	ソリス アグリトゥーリズモ	神奈川県	https://award.tabelog.com/hyakumeiten/italian_east/2021	46232	店舗照合済	2021年百名店公式選出（イタリアン 百名店 EAST・公式掲載順 42/100）
HYK2021-1043	12038574	食べログ	イタリアン 百名店	百名店	イタリアン	2021	EAST	プレゼンテ スギ	千葉県	https://award.tabelog.com/hyakumeiten/italian_east/2021	46232	店舗照合済	2021年百名店公式選出（イタリアン 百名店 EAST・公式掲載順 43/100）
HYK2021-1044	14000188	食べログ	イタリアン 百名店	百名店	イタリアン	2021	EAST	イルマーレ	神奈川県	https://award.tabelog.com/hyakumeiten/italian_east/2021	46232	店舗照合済	2021年百名店公式選出（イタリアン 百名店 EAST・公式掲載順 44/100）
HYK2021-1045	14051993	食べログ	イタリアン 百名店	百名店	イタリアン	2021	EAST	OSTERIA il FUOCO	神奈川県	https://award.tabelog.com/hyakumeiten/italian_east/2021	46232	店舗照合済	2021年百名店公式選出（イタリアン 百名店 EAST・公式掲載順 45/100）
HYK2021-1046	14045408	食べログ	イタリアン 百名店	百名店	イタリアン	2021	EAST	レオーネ・マルチアーノ	神奈川県	https://award.tabelog.com/hyakumeiten/italian_east/2021	46232	店舗照合済	2021年百名店公式選出（イタリアン 百名店 EAST・公式掲載順 46/100）
HYK2021-1047	14035202	食べログ	イタリアン 百名店	百名店	イタリアン	2021	EAST	オルトレヴィーノ	神奈川県	https://award.tabelog.com/hyakumeiten/italian_east/2021	46232	店舗照合済	2021年百名店公式選出（イタリアン 百名店 EAST・公式掲載順 47/100）
HYK2021-1048	1006709	食べログ	イタリアン 百名店	百名店	イタリアン	2021	EAST	デッラ・アモーレ	北海道	https://award.tabelog.com/hyakumeiten/italian_east/2021	46232	店舗照合済	2021年百名店公式選出（イタリアン 百名店 EAST・公式掲載順 48/100）
HYK2021-1049	5003951	食べログ	イタリアン 百名店	百名店	イタリアン	2021	EAST	エノテカ・オルモ・デル・カウカソ	秋田県	https://award.tabelog.com/hyakumeiten/italian_east/2021	46232	店舗照合済	2021年百名店公式選出（イタリアン 百名店 EAST・公式掲載順 49/100）
HYK2021-1050	23000399	食べログ	イタリアン 百名店	百名店	イタリアン	2021	EAST	ドディチ・マッジョ	愛知県	https://award.tabelog.com/hyakumeiten/italian_east/2021	46232	店舗照合済	2021年百名店公式選出（イタリアン 百名店 EAST・公式掲載順 50/100）
HYK2021-1051	14062451	食べログ	イタリアン 百名店	百名店	イタリアン	2021	EAST	リストランテ シーヴァ	神奈川県	https://award.tabelog.com/hyakumeiten/italian_east/2021	46232	店舗照合済	2021年百名店公式選出（イタリアン 百名店 EAST・公式掲載順 51/100）
HYK2021-1052	23038494	食べログ	イタリアン 百名店	百名店	イタリアン	2021	EAST	cucina Wada	愛知県	https://award.tabelog.com/hyakumeiten/italian_east/2021	46232	店舗照合済	2021年百名店公式選出（イタリアン 百名店 EAST・公式掲載順 52/100）
HYK2021-1053	23038406	食べログ	イタリアン 百名店	百名店	イタリアン	2021	EAST	オステリア ラ・マンテ 本店	愛知県	https://award.tabelog.com/hyakumeiten/italian_east/2021	46232	店舗照合済	2021年百名店公式選出（イタリアン 百名店 EAST・公式掲載順 53/100）
HYK2021-1054	20011920	食べログ	イタリアン 百名店	百名店	イタリアン	2021	EAST	フォリオリーナ・デッラ・ポルタ・フォルトゥーナ	長野県	https://award.tabelog.com/hyakumeiten/italian_east/2021	46232	店舗照合済	2021年百名店公式選出（イタリアン 百名店 EAST・公式掲載順 54/100）
HYK2021-1055	12001819	食べログ	イタリアン 百名店	百名店	イタリアン	2021	EAST	トラットリア・アルベロ	千葉県	https://award.tabelog.com/hyakumeiten/italian_east/2021	46232	店舗照合済	2021年百名店公式選出（イタリアン 百名店 EAST・公式掲載順 55/100）
HYK2021-1056	23007484	食べログ	イタリアン 百名店	百名店	イタリアン	2021	EAST	THE KAWABUN NAGOYA	愛知県	https://award.tabelog.com/hyakumeiten/italian_east/2021	46232	店舗照合済	2021年百名店公式選出（イタリアン 百名店 EAST・公式掲載順 56/100）
HYK2021-1057	14015527	食べログ	イタリアン 百名店	百名店	イタリアン	2021	EAST	クラリタ ダ マリッティマ	神奈川県	https://award.tabelog.com/hyakumeiten/italian_east/2021	46232	店舗照合済	2021年百名店公式選出（イタリアン 百名店 EAST・公式掲載順 57/100）
HYK2021-1058	1009929	食べログ	イタリアン 百名店	百名店	イタリアン	2021	EAST	CANTINETTA SALUS	北海道	https://award.tabelog.com/hyakumeiten/italian_east/2021	46232	店舗照合済	2021年百名店公式選出（イタリアン 百名店 EAST・公式掲載順 58/100）
HYK2021-1059	14008725	食べログ	イタリアン 百名店	百名店	イタリアン	2021	EAST	ラ・ルーチェ	神奈川県	https://award.tabelog.com/hyakumeiten/italian_east/2021	46232	店舗照合済	2021年百名店公式選出（イタリアン 百名店 EAST・公式掲載順 59/100）
HYK2021-1060	23030549	食べログ	イタリアン 百名店	百名店	イタリアン	2021	EAST	アンティカ オステリア バーチョ	愛知県	https://award.tabelog.com/hyakumeiten/italian_east/2021	46232	店舗照合済	2021年百名店公式選出（イタリアン 百名店 EAST・公式掲載順 60/100）
HYK2021-1061	23000080	食べログ	イタリアン 百名店	百名店	イタリアン	2021	EAST	ラ・リリアーナ	愛知県	https://award.tabelog.com/hyakumeiten/italian_east/2021	46232	店舗照合済	2021年百名店公式選出（イタリアン 百名店 EAST・公式掲載順 61/100）
HYK2021-1062	14010249	食べログ	イタリアン 百名店	百名店	イタリアン	2021	EAST	イノウエ グリリア	神奈川県	https://award.tabelog.com/hyakumeiten/italian_east/2021	46232	店舗照合済	2021年百名店公式選出（イタリアン 百名店 EAST・公式掲載順 62/100）
HYK2021-1063	14051360	食べログ	イタリアン 百名店	百名店	イタリアン	2021	EAST	トラットリアビコローレヨコハマ	神奈川県	https://award.tabelog.com/hyakumeiten/italian_east/2021	46232	店舗照合済	2021年百名店公式選出（イタリアン 百名店 EAST・公式掲載順 63/100）
HYK2021-1064	23029616	食べログ	イタリアン 百名店	百名店	イタリアン	2021	EAST	トラットリア・リョウゴク	愛知県	https://award.tabelog.com/hyakumeiten/italian_east/2021	46232	店舗照合済	2021年百名店公式選出（イタリアン 百名店 EAST・公式掲載順 64/100）
HYK2021-1065	1021441	食べログ	イタリアン 百名店	百名店	イタリアン	2021	EAST	コルツ	北海道	https://award.tabelog.com/hyakumeiten/italian_east/2021	46232	店舗照合済	2021年百名店公式選出（イタリアン 百名店 EAST・公式掲載順 65/100）
HYK2021-1066	6000022	食べログ	イタリアン 百名店	百名店	イタリアン	2021	EAST	アル・ケッチァーノ	山形県	https://award.tabelog.com/hyakumeiten/italian_east/2021	46232	店舗照合済	2021年百名店公式選出（イタリアン 百名店 EAST・公式掲載順 66/100）
HYK2021-1067	23058455	食べログ	イタリアン 百名店	百名店	イタリアン	2021	EAST	パスタプール ディ ヴォラント	愛知県	https://award.tabelog.com/hyakumeiten/italian_east/2021	46232	店舗照合済	2021年百名店公式選出（イタリアン 百名店 EAST・公式掲載順 67/100）
HYK2021-1068	12000870	食べログ	イタリアン 百名店	百名店	イタリアン	2021	EAST	zoe's	千葉県	https://award.tabelog.com/hyakumeiten/italian_east/2021	46232	店舗照合済	2021年百名店公式選出（イタリアン 百名店 EAST・公式掲載順 68/100）
HYK2021-1069	14001043	食べログ	イタリアン 百名店	百名店	イタリアン	2021	EAST	ドルチェ ファール ニエンテ	神奈川県	https://award.tabelog.com/hyakumeiten/italian_east/2021	46232	店舗照合済	2021年百名店公式選出（イタリアン 百名店 EAST・公式掲載順 69/100）
HYK2021-1070	12000104	食べログ	イタリアン 百名店	百名店	イタリアン	2021	EAST	カステッロ	千葉県	https://award.tabelog.com/hyakumeiten/italian_east/2021	46232	店舗照合済	2021年百名店公式選出（イタリアン 百名店 EAST・公式掲載順 70/100）
HYK2021-1071	23043215	食べログ	イタリアン 百名店	百名店	イタリアン	2021	EAST	キートス	愛知県	https://award.tabelog.com/hyakumeiten/italian_east/2021	46232	店舗照合済	2021年百名店公式選出（イタリアン 百名店 EAST・公式掲載順 71/100）
HYK2021-1072	14000283	食べログ	イタリアン 百名店	百名店	イタリアン	2021	EAST	フォセッタ	神奈川県	https://award.tabelog.com/hyakumeiten/italian_east/2021	46232	店舗照合済	2021年百名店公式選出（イタリアン 百名店 EAST・公式掲載順 72/100）
HYK2021-1073	20003459	食べログ	イタリアン 百名店	百名店	イタリアン	2021	EAST	モデスト	長野県	https://award.tabelog.com/hyakumeiten/italian_east/2021	46232	店舗照合済	2021年百名店公式選出（イタリアン 百名店 EAST・公式掲載順 73/100）
HYK2021-1074	14035347	食べログ	イタリアン 百名店	百名店	イタリアン	2021	EAST	カンブーザ	神奈川県	https://award.tabelog.com/hyakumeiten/italian_east/2021	46232	店舗照合済	2021年百名店公式選出（イタリアン 百名店 EAST・公式掲載順 74/100）
HYK2021-1075	2000293	食べログ	イタリアン 百名店	百名店	イタリアン	2021	EAST	オステリア・エノテカ・ダ・サスィーノ	青森県	https://award.tabelog.com/hyakumeiten/italian_east/2021	46232	店舗照合済	2021年百名店公式選出（イタリアン 百名店 EAST・公式掲載順 75/100）
HYK2021-1076	23005178	食べログ	イタリアン 百名店	百名店	イタリアン	2021	EAST	アロマフレスカ 名古屋	愛知県	https://award.tabelog.com/hyakumeiten/italian_east/2021	46232	店舗照合済	2021年百名店公式選出（イタリアン 百名店 EAST・公式掲載順 76/100）
HYK2021-1077	14045913	食べログ	イタリアン 百名店	百名店	イタリアン	2021	EAST	リストランテ　ウミリア	神奈川県	https://award.tabelog.com/hyakumeiten/italian_east/2021	46232	店舗照合済	2021年百名店公式選出（イタリアン 百名店 EAST・公式掲載順 77/100）
HYK2021-1078	3000029	食べログ	イタリアン 百名店	百名店	イタリアン	2021	EAST	シャトン	岩手県	https://award.tabelog.com/hyakumeiten/italian_east/2021	46232	店舗照合済	2021年百名店公式選出（イタリアン 百名店 EAST・公式掲載順 78/100）
HYK2021-1079	23000052	食べログ	イタリアン 百名店	百名店	イタリアン	2021	EAST	ボラント	愛知県	https://award.tabelog.com/hyakumeiten/italian_east/2021	46232	店舗照合済	2021年百名店公式選出（イタリアン 百名店 EAST・公式掲載順 79/100）
HYK2021-1080	11026106	食べログ	イタリアン 百名店	百名店	イタリアン	2021	EAST	イタリアン オット	埼玉県	https://award.tabelog.com/hyakumeiten/italian_east/2021	46232	店舗照合済	2021年百名店公式選出（イタリアン 百名店 EAST・公式掲載順 80/100）
HYK2021-1081	23006693	食べログ	イタリアン 百名店	百名店	イタリアン	2021	EAST	ラ・ベットラ・ダ・オチアイ ナゴヤ	愛知県	https://award.tabelog.com/hyakumeiten/italian_east/2021	46232	店舗照合済	2021年百名店公式選出（イタリアン 百名店 EAST・公式掲載順 81/100）
HYK2021-1082	19000325	食べログ	イタリアン 百名店	百名店	イタリアン	2021	EAST	OTTO SETTE 星野リゾート リゾナーレ八ヶ岳	山梨県	https://award.tabelog.com/hyakumeiten/italian_east/2021	46232	店舗照合済	2021年百名店公式選出（イタリアン 百名店 EAST・公式掲載順 82/100）
HYK2021-1083	23013536	食べログ	イタリアン 百名店	百名店	イタリアン	2021	EAST	ゴッチャポント	愛知県	https://award.tabelog.com/hyakumeiten/italian_east/2021	46232	店舗照合済	2021年百名店公式選出（イタリアン 百名店 EAST・公式掲載順 83/100）
HYK2021-1084	14035233	食べログ	イタリアン 百名店	百名店	イタリアン	2021	EAST	トラットリア フランコ	神奈川県	https://award.tabelog.com/hyakumeiten/italian_east/2021	46232	店舗照合済	2021年百名店公式選出（イタリアン 百名店 EAST・公式掲載順 84/100）
HYK2021-1085	23044667	食べログ	イタリアン 百名店	百名店	イタリアン	2021	EAST	シクラメンテ	愛知県	https://award.tabelog.com/hyakumeiten/italian_east/2021	46232	店舗照合済	2021年百名店公式選出（イタリアン 百名店 EAST・公式掲載順 85/100）
HYK2021-1086	14035176	食べログ	イタリアン 百名店	百名店	イタリアン	2021	EAST	クルベル・キャン	神奈川県	https://award.tabelog.com/hyakumeiten/italian_east/2021	46232	店舗照合済	2021年百名店公式選出（イタリアン 百名店 EAST・公式掲載順 86/100）
HYK2021-1087	23032635	食べログ	イタリアン 百名店	百名店	イタリアン	2021	EAST	サンタキアラ	愛知県	https://award.tabelog.com/hyakumeiten/italian_east/2021	46232	店舗照合済	2021年百名店公式選出（イタリアン 百名店 EAST・公式掲載順 87/100）
HYK2021-1088	14035951	食べログ	イタリアン 百名店	百名店	イタリアン	2021	EAST	イタリアン酒場ナチュラ 武蔵小杉店	神奈川県	https://award.tabelog.com/hyakumeiten/italian_east/2021	46232	店舗照合済	2021年百名店公式選出（イタリアン 百名店 EAST・公式掲載順 88/100）
HYK2021-1089	1057186	食べログ	イタリアン 百名店	百名店	イタリアン	2021	EAST	余市SAGRA	北海道	https://award.tabelog.com/hyakumeiten/italian_east/2021	46232	店舗照合済	2021年百名店公式選出（イタリアン 百名店 EAST・公式掲載順 89/100）
HYK2021-1090	23051011	食べログ	イタリアン 百名店	百名店	イタリアン	2021	EAST	ヴィネリア カッシーニ	愛知県	https://award.tabelog.com/hyakumeiten/italian_east/2021	46232	店舗照合済	2021年百名店公式選出（イタリアン 百名店 EAST・公式掲載順 90/100）
HYK2021-1091	12026385	食べログ	イタリアン 百名店	百名店	イタリアン	2021	EAST	Vv.lab	千葉県	https://award.tabelog.com/hyakumeiten/italian_east/2021	46232	店舗照合済	2021年百名店公式選出（イタリアン 百名店 EAST・公式掲載順 91/100）
HYK2021-1092	1002157	食べログ	イタリアン 百名店	百名店	イタリアン	2021	EAST	テルツィーナ	北海道	https://award.tabelog.com/hyakumeiten/italian_east/2021	46232	店舗照合済	2021年百名店公式選出（イタリアン 百名店 EAST・公式掲載順 92/100）
HYK2021-1093	14002613	食べログ	イタリアン 百名店	百名店	イタリアン	2021	EAST	ラ・テンダ・ロッサ	神奈川県	https://award.tabelog.com/hyakumeiten/italian_east/2021	46232	店舗照合済	2021年百名店公式選出（イタリアン 百名店 EAST・公式掲載順 93/100）
HYK2021-1094	23054325	食べログ	イタリアン 百名店	百名店	イタリアン	2021	EAST	イル アオヤマ	愛知県	https://award.tabelog.com/hyakumeiten/italian_east/2021	46232	店舗照合済	2021年百名店公式選出（イタリアン 百名店 EAST・公式掲載順 94/100）
HYK2021-1095	1055732	食べログ	イタリアン 百名店	百名店	イタリアン	2021	EAST	セミーナ	北海道	https://award.tabelog.com/hyakumeiten/italian_east/2021	46232	店舗照合済	2021年百名店公式選出（イタリアン 百名店 EAST・公式掲載順 95/100）
HYK2021-1096	23059313	食べログ	イタリアン 百名店	百名店	イタリアン	2021	EAST	トラットリア フラテッリ ガッルーラ 大名古屋ビルヂング店	愛知県	https://award.tabelog.com/hyakumeiten/italian_east/2021	46232	店舗照合済	2021年百名店公式選出（イタリアン 百名店 EAST・公式掲載順 96/100）
HYK2021-1097	14012330	食べログ	イタリアン 百名店	百名店	イタリアン	2021	EAST	RISTORANTE REGA	神奈川県	https://award.tabelog.com/hyakumeiten/italian_east/2021	46232	店舗照合済	2021年百名店公式選出（イタリアン 百名店 EAST・公式掲載順 97/100）
HYK2021-1098	23000441	食べログ	イタリアン 百名店	百名店	イタリアン	2021	EAST	クッチーナ イタリアーナ ガッルーラ	愛知県	https://award.tabelog.com/hyakumeiten/italian_east/2021	46232	店舗照合済	2021年百名店公式選出（イタリアン 百名店 EAST・公式掲載順 98/100）
HYK2021-1099	23032828	食べログ	イタリアン 百名店	百名店	イタリアン	2021	EAST	ソラメントゥーノ	愛知県	https://award.tabelog.com/hyakumeiten/italian_east/2021	46232	店舗照合済	2021年百名店公式選出（イタリアン 百名店 EAST・公式掲載順 99/100）
HYK2021-1100	14010823	食べログ	イタリアン 百名店	百名店	イタリアン	2021	EAST	クオーレ・フォルテ	神奈川県	https://award.tabelog.com/hyakumeiten/italian_east/2021	46232	店舗照合済	2021年百名店公式選出（イタリアン 百名店 EAST・公式掲載順 100/100）
HYK2021-1101	13152248	食べログ	イタリアン 百名店	百名店	イタリアン	2021	TOKYO	リストランテ ペガソ	東京都	https://award.tabelog.com/hyakumeiten/italian_tokyo/2021	46232	店舗照合済	2021年百名店公式選出（イタリアン 百名店 TOKYO・公式掲載順 1/100）
HYK2021-1102	13020364	食べログ	イタリアン 百名店	百名店	イタリアン	2021	TOKYO	ケシキ	東京都	https://award.tabelog.com/hyakumeiten/italian_tokyo/2021	46232	店舗照合済	2021年百名店公式選出（イタリアン 百名店 TOKYO・公式掲載順 2/100）
HYK2021-1103	13002504	食べログ	イタリアン 百名店	百名店	イタリアン	2021	TOKYO	ラ・ベットラ・ダ・オチアイ	東京都	https://award.tabelog.com/hyakumeiten/italian_tokyo/2021	46232	店舗照合済	2021年百名店公式選出（イタリアン 百名店 TOKYO・公式掲載順 3/100）
HYK2021-1104	13026215	食べログ	イタリアン 百名店	百名店	イタリアン	2021	TOKYO	トラットリア シチリアーナ・ドンチッチョ	東京都	https://award.tabelog.com/hyakumeiten/italian_tokyo/2021	46232	店舗照合済	2021年百名店公式選出（イタリアン 百名店 TOKYO・公式掲載順 4/100）
HYK2021-1105	13015855	食べログ	イタリアン 百名店	百名店	イタリアン	2021	TOKYO	トラットリア デッラ ランテルナ マジカ	東京都	https://award.tabelog.com/hyakumeiten/italian_tokyo/2021	46232	店舗照合済	2021年百名店公式選出（イタリアン 百名店 TOKYO・公式掲載順 5/100）
HYK2021-1106	13159153	食べログ	イタリアン 百名店	百名店	イタリアン	2021	TOKYO	アンティキサポーリ	東京都	https://award.tabelog.com/hyakumeiten/italian_tokyo/2021	46232	店舗照合済	2021年百名店公式選出（イタリアン 百名店 TOKYO・公式掲載順 6/100）
HYK2021-1107	13048986	食べログ	イタリアン 百名店	百名店	イタリアン	2021	TOKYO	Giglio	東京都	https://award.tabelog.com/hyakumeiten/italian_tokyo/2021	46232	店舗照合済	2021年百名店公式選出（イタリアン 百名店 TOKYO・公式掲載順 7/100）
HYK2021-1108	13132568	食べログ	イタリアン 百名店	百名店	イタリアン	2021	TOKYO	RISTORANTE YAGI	東京都	https://award.tabelog.com/hyakumeiten/italian_tokyo/2021	46232	店舗照合済	2021年百名店公式選出（イタリアン 百名店 TOKYO・公式掲載順 8/100）
HYK2021-1109	13019698	食べログ	イタリアン 百名店	百名店	イタリアン	2021	TOKYO	カッフェ・クラシカ	東京都	https://award.tabelog.com/hyakumeiten/italian_tokyo/2021	46232	店舗照合済	2021年百名店公式選出（イタリアン 百名店 TOKYO・公式掲載順 9/100）
HYK2021-1110	13054090	食べログ	イタリアン 百名店	百名店	イタリアン	2021	TOKYO	アッピア アルタ 西麻布	東京都	https://award.tabelog.com/hyakumeiten/italian_tokyo/2021	46232	店舗照合済	2021年百名店公式選出（イタリアン 百名店 TOKYO・公式掲載順 10/100）
HYK2021-1111	13002849	食べログ	イタリアン 百名店	百名店	イタリアン	2021	TOKYO	ラ･スコリエーラ	東京都	https://award.tabelog.com/hyakumeiten/italian_tokyo/2021	46232	店舗照合済	2021年百名店公式選出（イタリアン 百名店 TOKYO・公式掲載順 11/100）
HYK2021-1112	13144681	食べログ	イタリアン 百名店	百名店	イタリアン	2021	TOKYO	ドンブラボー	東京都	https://award.tabelog.com/hyakumeiten/italian_tokyo/2021	46232	店舗照合済	2021年百名店公式選出（イタリアン 百名店 TOKYO・公式掲載順 12/100）
HYK2021-1113	13045711	食べログ	イタリアン 百名店	百名店	イタリアン	2021	TOKYO	リストランティーノ ルベロ	東京都	https://award.tabelog.com/hyakumeiten/italian_tokyo/2021	46232	店舗照合済	2021年百名店公式選出（イタリアン 百名店 TOKYO・公式掲載順 13/100）
HYK2021-1114	13130019	食べログ	イタリアン 百名店	百名店	イタリアン	2021	TOKYO	Felicelina	東京都	https://award.tabelog.com/hyakumeiten/italian_tokyo/2021	46232	店舗照合済	2021年百名店公式選出（イタリアン 百名店 TOKYO・公式掲載順 14/100）
HYK2021-1115	13213748	食べログ	イタリアン 百名店	百名店	イタリアン	2021	TOKYO	K+	東京都	https://award.tabelog.com/hyakumeiten/italian_tokyo/2021	46232	店舗照合済	2021年百名店公式選出（イタリアン 百名店 TOKYO・公式掲載順 15/100）
HYK2021-1116	13050216	食べログ	イタリアン 百名店	百名店	イタリアン	2021	TOKYO	ICARO miyamoto	東京都	https://award.tabelog.com/hyakumeiten/italian_tokyo/2021	46232	店舗照合済	2021年百名店公式選出（イタリアン 百名店 TOKYO・公式掲載順 16/100）
HYK2021-1117	13130769	食べログ	イタリアン 百名店	百名店	イタリアン	2021	TOKYO	ピアッティ カステリーナ	東京都	https://award.tabelog.com/hyakumeiten/italian_tokyo/2021	46232	店舗照合済	2021年百名店公式選出（イタリアン 百名店 TOKYO・公式掲載順 17/100）
HYK2021-1118	13132422	食べログ	イタリアン 百名店	百名店	イタリアン	2021	TOKYO	トラットリア・築地パラディーゾ	東京都	https://award.tabelog.com/hyakumeiten/italian_tokyo/2021	46232	店舗照合済	2021年百名店公式選出（イタリアン 百名店 TOKYO・公式掲載順 18/100）
HYK2021-1119	13124157	食べログ	イタリアン 百名店	百名店	イタリアン	2021	TOKYO	ダペピ	東京都	https://award.tabelog.com/hyakumeiten/italian_tokyo/2021	46232	店舗照合済	2021年百名店公式選出（イタリアン 百名店 TOKYO・公式掲載順 19/100）
HYK2021-1120	13044972	食べログ	イタリアン 百名店	百名店	イタリアン	2021	TOKYO	Ostu	東京都	https://award.tabelog.com/hyakumeiten/italian_tokyo/2021	46232	店舗照合済	2021年百名店公式選出（イタリアン 百名店 TOKYO・公式掲載順 20/100）
HYK2021-1121	13023972	食べログ	イタリアン 百名店	百名店	イタリアン	2021	TOKYO	リストランテ ダ ニーノ	東京都	https://award.tabelog.com/hyakumeiten/italian_tokyo/2021	46232	店舗照合済	2021年百名店公式選出（イタリアン 百名店 TOKYO・公式掲載順 21/100）
HYK2021-1122	13003356	食べログ	イタリアン 百名店	百名店	イタリアン	2021	TOKYO	リストランテ ASO	東京都	https://award.tabelog.com/hyakumeiten/italian_tokyo/2021	46232	店舗照合済	2021年百名店公式選出（イタリアン 百名店 TOKYO・公式掲載順 22/100）
HYK2021-1123	13045135	食べログ	イタリアン 百名店	百名店	イタリアン	2021	TOKYO	ブルガリ イル・リストランテ ルカ・ファンティン	東京都	https://award.tabelog.com/hyakumeiten/italian_tokyo/2021	46232	店舗照合済	2021年百名店公式選出（イタリアン 百名店 TOKYO・公式掲載順 23/100）
HYK2021-1124	13004549	食べログ	イタリアン 百名店	百名店	イタリアン	2021	TOKYO	VIA Brianza	東京都	https://award.tabelog.com/hyakumeiten/italian_tokyo/2021	46232	店舗照合済	2021年百名店公式選出（イタリアン 百名店 TOKYO・公式掲載順 24/100）
HYK2021-1125	13120467	食べログ	イタリアン 百名店	百名店	イタリアン	2021	TOKYO	ラパルタメント ディ ナオキ	東京都	https://award.tabelog.com/hyakumeiten/italian_tokyo/2021	46232	店舗照合済	2021年百名店公式選出（イタリアン 百名店 TOKYO・公式掲載順 25/100）
HYK2021-1126	13020531	食べログ	イタリアン 百名店	百名店	イタリアン	2021	TOKYO	リストランテ カシーナ カナミッラ	東京都	https://award.tabelog.com/hyakumeiten/italian_tokyo/2021	46232	店舗照合済	2021年百名店公式選出（イタリアン 百名店 TOKYO・公式掲載順 26/100）
HYK2021-1127	13038476	食べログ	イタリアン 百名店	百名店	イタリアン	2021	TOKYO	AWkitchen TOKYO 新丸ビル店	東京都	https://award.tabelog.com/hyakumeiten/italian_tokyo/2021	46232	店舗照合済	2021年百名店公式選出（イタリアン 百名店 TOKYO・公式掲載順 27/100）
HYK2021-1128	13123890	食べログ	イタリアン 百名店	百名店	イタリアン	2021	TOKYO	プリズマ	東京都	https://award.tabelog.com/hyakumeiten/italian_tokyo/2021	46232	店舗照合済	2021年百名店公式選出（イタリアン 百名店 TOKYO・公式掲載順 28/100）
HYK2021-1129	13022053	食べログ	イタリアン 百名店	百名店	イタリアン	2021	TOKYO	トルナヴェント	東京都	https://award.tabelog.com/hyakumeiten/italian_tokyo/2021	46232	店舗照合済	2021年百名店公式選出（イタリアン 百名店 TOKYO・公式掲載順 29/100）
HYK2021-1130	13016523	食べログ	イタリアン 百名店	百名店	イタリアン	2021	TOKYO	ビンゴ	東京都	https://award.tabelog.com/hyakumeiten/italian_tokyo/2021	46232	店舗照合済	2021年百名店公式選出（イタリアン 百名店 TOKYO・公式掲載順 30/100）
HYK2021-1131	13157731	食べログ	イタリアン 百名店	百名店	イタリアン	2021	TOKYO	ラ スフォリーナ	東京都	https://award.tabelog.com/hyakumeiten/italian_tokyo/2021	46232	店舗照合済	2021年百名店公式選出（イタリアン 百名店 TOKYO・公式掲載順 31/100）
HYK2021-1132	13156942	食べログ	イタリアン 百名店	百名店	イタリアン	2021	TOKYO	ヴァッカロッサ	東京都	https://award.tabelog.com/hyakumeiten/italian_tokyo/2021	46232	店舗照合済	2021年百名店公式選出（イタリアン 百名店 TOKYO・公式掲載順 32/100）
HYK2021-1133	13151005	食べログ	イタリアン 百名店	百名店	イタリアン	2021	TOKYO	トラットリア ダル・ビルバンテ・ジョコンド	東京都	https://award.tabelog.com/hyakumeiten/italian_tokyo/2021	46232	店舗照合済	2021年百名店公式選出（イタリアン 百名店 TOKYO・公式掲載順 33/100）
HYK2021-1134	13044737	食べログ	イタリアン 百名店	百名店	イタリアン	2021	TOKYO	リストランテ ラ チャウ	東京都	https://award.tabelog.com/hyakumeiten/italian_tokyo/2021	46232	店舗照合済	2021年百名店公式選出（イタリアン 百名店 TOKYO・公式掲載順 34/100）
HYK2021-1135	13001690	食べログ	イタリアン 百名店	百名店	イタリアン	2021	TOKYO	クチーナ ヒラタ	東京都	https://award.tabelog.com/hyakumeiten/italian_tokyo/2021	46232	店舗照合済	2021年百名店公式選出（イタリアン 百名店 TOKYO・公式掲載順 35/100）
HYK2021-1136	13072775	食べログ	イタリアン 百名店	百名店	イタリアン	2021	TOKYO	ペレグリーノ	東京都	https://award.tabelog.com/hyakumeiten/italian_tokyo/2021	46232	店舗照合済	2021年百名店公式選出（イタリアン 百名店 TOKYO・公式掲載順 36/100）
HYK2021-1137	13004061	食べログ	イタリアン 百名店	百名店	イタリアン	2021	TOKYO	アンティカ・オステリア・デル・ポンテ	東京都	https://award.tabelog.com/hyakumeiten/italian_tokyo/2021	46232	店舗照合済	2021年百名店公式選出（イタリアン 百名店 TOKYO・公式掲載順 37/100）
HYK2021-1138	13005730	食べログ	イタリアン 百名店	百名店	イタリアン	2021	TOKYO	アロマクラシコ	東京都	https://award.tabelog.com/hyakumeiten/italian_tokyo/2021	46232	店舗照合済	2021年百名店公式選出（イタリアン 百名店 TOKYO・公式掲載順 38/100）
HYK2021-1139	13016590	食べログ	イタリアン 百名店	百名店	イタリアン	2021	TOKYO	リストランテ・ホンダ	東京都	https://award.tabelog.com/hyakumeiten/italian_tokyo/2021	46232	店舗照合済	2021年百名店公式選出（イタリアン 百名店 TOKYO・公式掲載順 39/100）
HYK2021-1140	13110652	食べログ	イタリアン 百名店	百名店	イタリアン	2021	TOKYO	イル テアトリーノ ダ サローネ	東京都	https://award.tabelog.com/hyakumeiten/italian_tokyo/2021	46232	店舗照合済	2021年百名店公式選出（イタリアン 百名店 TOKYO・公式掲載順 40/100）
HYK2021-1141	13099830	食べログ	イタリアン 百名店	百名店	イタリアン	2021	TOKYO	オステリア・オリエーラ	東京都	https://award.tabelog.com/hyakumeiten/italian_tokyo/2021	46232	店舗照合済	2021年百名店公式選出（イタリアン 百名店 TOKYO・公式掲載順 41/100）
HYK2021-1142	13003427	食べログ	イタリアン 百名店	百名店	イタリアン	2021	TOKYO	フィオッキ	東京都	https://award.tabelog.com/hyakumeiten/italian_tokyo/2021	46232	店舗照合済	2021年百名店公式選出（イタリアン 百名店 TOKYO・公式掲載順 42/100）
HYK2021-1143	13046432	食べログ	イタリアン 百名店	百名店	イタリアン	2021	TOKYO	タロス	東京都	https://award.tabelog.com/hyakumeiten/italian_tokyo/2021	46232	店舗照合済	2021年百名店公式選出（イタリアン 百名店 TOKYO・公式掲載順 43/100）
HYK2021-1144	13004092	食べログ	イタリアン 百名店	百名店	イタリアン	2021	TOKYO	パッソ・ア・パッソ	東京都	https://award.tabelog.com/hyakumeiten/italian_tokyo/2021	46232	店舗照合済	2021年百名店公式選出（イタリアン 百名店 TOKYO・公式掲載順 44/100）
HYK2021-1145	13147391	食べログ	イタリアン 百名店	百名店	イタリアン	2021	TOKYO	イル プレージョ	東京都	https://award.tabelog.com/hyakumeiten/italian_tokyo/2021	46232	店舗照合済	2021年百名店公式選出（イタリアン 百名店 TOKYO・公式掲載順 45/100）
HYK2021-1146	13010456	食べログ	イタリアン 百名店	百名店	イタリアン	2021	TOKYO	カーザ ヴィニタリア	東京都	https://award.tabelog.com/hyakumeiten/italian_tokyo/2021	46232	店舗照合済	2021年百名店公式選出（イタリアン 百名店 TOKYO・公式掲載順 46/100）
HYK2021-1147	13021093	食べログ	イタリアン 百名店	百名店	イタリアン	2021	TOKYO	イル ルポーネ	東京都	https://award.tabelog.com/hyakumeiten/italian_tokyo/2021	46232	店舗照合済	2021年百名店公式選出（イタリアン 百名店 TOKYO・公式掲載順 47/100）
HYK2021-1148	13134899	食べログ	イタリアン 百名店	百名店	イタリアン	2021	TOKYO	リストランテソットラルコ	東京都	https://award.tabelog.com/hyakumeiten/italian_tokyo/2021	46232	店舗照合済	2021年百名店公式選出（イタリアン 百名店 TOKYO・公式掲載順 48/100）
HYK2021-1149	13218266	食べログ	イタリアン 百名店	百名店	イタリアン	2021	TOKYO	SALONE TOKYO	東京都	https://award.tabelog.com/hyakumeiten/italian_tokyo/2021	46232	店舗照合済	2021年百名店公式選出（イタリアン 百名店 TOKYO・公式掲載順 49/100）
HYK2021-1150	13189915	食べログ	イタリアン 百名店	百名店	イタリアン	2021	TOKYO	チニャーレエノテカ	東京都	https://award.tabelog.com/hyakumeiten/italian_tokyo/2021	46232	店舗照合済	2021年百名店公式選出（イタリアン 百名店 TOKYO・公式掲載順 50/100）
HYK2021-1151	13020096	食べログ	イタリアン 百名店	百名店	イタリアン	2021	TOKYO	イル ギオットーネ 丸の内店	東京都	https://award.tabelog.com/hyakumeiten/italian_tokyo/2021	46232	店舗照合済	2021年百名店公式選出（イタリアン 百名店 TOKYO・公式掲載順 51/100）
HYK2021-1152	13109940	食べログ	イタリアン 百名店	百名店	イタリアン	2021	TOKYO	TACUBO	東京都	https://award.tabelog.com/hyakumeiten/italian_tokyo/2021	46232	店舗照合済	2021年百名店公式選出（イタリアン 百名店 TOKYO・公式掲載順 52/100）
HYK2021-1153	13231135	食べログ	イタリアン 百名店	百名店	イタリアン	2021	TOKYO	ALTER EGO	東京都	https://award.tabelog.com/hyakumeiten/italian_tokyo/2021	46232	店舗照合済	2021年百名店公式選出（イタリアン 百名店 TOKYO・公式掲載順 53/100）
HYK2021-1154	13069992	食べログ	イタリアン 百名店	百名店	イタリアン	2021	TOKYO	ピャチェーレ	東京都	https://award.tabelog.com/hyakumeiten/italian_tokyo/2021	46232	店舗照合済	2021年百名店公式選出（イタリアン 百名店 TOKYO・公式掲載順 54/100）
HYK2021-1155	13022542	食べログ	イタリアン 百名店	百名店	イタリアン	2021	TOKYO	RESTAURANT DAZZLE	東京都	https://award.tabelog.com/hyakumeiten/italian_tokyo/2021	46232	店舗照合済	2021年百名店公式選出（イタリアン 百名店 TOKYO・公式掲載順 55/100）
HYK2021-1156	13125439	食べログ	イタリアン 百名店	百名店	イタリアン	2021	TOKYO	レストラン ラッセ	東京都	https://award.tabelog.com/hyakumeiten/italian_tokyo/2021	46232	店舗照合済	2021年百名店公式選出（イタリアン 百名店 TOKYO・公式掲載順 56/100）
HYK2021-1157	13201061	食べログ	イタリアン 百名店	百名店	イタリアン	2021	TOKYO	リナシメント	東京都	https://award.tabelog.com/hyakumeiten/italian_tokyo/2021	46232	店舗照合済	2021年百名店公式選出（イタリアン 百名店 TOKYO・公式掲載順 57/100）
HYK2021-1158	13002401	食べログ	イタリアン 百名店	百名店	イタリアン	2021	TOKYO	トルッキオ	東京都	https://award.tabelog.com/hyakumeiten/italian_tokyo/2021	46232	店舗照合済	2021年百名店公式選出（イタリアン 百名店 TOKYO・公式掲載順 58/100）
HYK2021-1159	13166739	食べログ	イタリアン 百名店	百名店	イタリアン	2021	TOKYO	セルサルサーレ	東京都	https://award.tabelog.com/hyakumeiten/italian_tokyo/2021	46232	店舗照合済	2021年百名店公式選出（イタリアン 百名店 TOKYO・公式掲載順 59/100）
HYK2021-1160	13005519	食べログ	イタリアン 百名店	百名店	イタリアン	2021	TOKYO	代官山ASO チェレステ 二子玉川店	東京都	https://award.tabelog.com/hyakumeiten/italian_tokyo/2021	46232	店舗照合済	2021年百名店公式選出（イタリアン 百名店 TOKYO・公式掲載順 60/100）
HYK2021-1161	13043684	食べログ	イタリアン 百名店	百名店	イタリアン	2021	TOKYO	インカント	東京都	https://award.tabelog.com/hyakumeiten/italian_tokyo/2021	46232	店舗照合済	2021年百名店公式選出（イタリアン 百名店 TOKYO・公式掲載順 61/100）
HYK2021-1162	13166111	食べログ	イタリアン 百名店	百名店	イタリアン	2021	TOKYO	ポンテ デル ピアット	東京都	https://award.tabelog.com/hyakumeiten/italian_tokyo/2021	46232	店舗照合済	2021年百名店公式選出（イタリアン 百名店 TOKYO・公式掲載順 62/100）
HYK2021-1163	13213575	食べログ	イタリアン 百名店	百名店	イタリアン	2021	TOKYO	RODEO	東京都	https://award.tabelog.com/hyakumeiten/italian_tokyo/2021	46232	店舗照合済	2021年百名店公式選出（イタリアン 百名店 TOKYO・公式掲載順 63/100）
HYK2021-1164	13001647	食べログ	イタリアン 百名店	百名店	イタリアン	2021	TOKYO	ラ・ビスボッチャ	東京都	https://award.tabelog.com/hyakumeiten/italian_tokyo/2021	46232	店舗照合済	2021年百名店公式選出（イタリアン 百名店 TOKYO・公式掲載順 64/100）
HYK2021-1165	13001646	食べログ	イタリアン 百名店	百名店	イタリアン	2021	TOKYO	イル・ボッカローネ	東京都	https://award.tabelog.com/hyakumeiten/italian_tokyo/2021	46232	店舗照合済	2021年百名店公式選出（イタリアン 百名店 TOKYO・公式掲載順 65/100）
HYK2021-1166	13001593	食べログ	イタリアン 百名店	百名店	イタリアン	2021	TOKYO	アッピア 本店	東京都	https://award.tabelog.com/hyakumeiten/italian_tokyo/2021	46232	店舗照合済	2021年百名店公式選出（イタリアン 百名店 TOKYO・公式掲載順 66/100）
HYK2021-1167	13016614	食べログ	イタリアン 百名店	百名店	イタリアン	2021	TOKYO	ダルマット 西麻布本店	東京都	https://award.tabelog.com/hyakumeiten/italian_tokyo/2021	46232	店舗照合済	2021年百名店公式選出（イタリアン 百名店 TOKYO・公式掲載順 67/100）
HYK2021-1168	13172747	食べログ	イタリアン 百名店	百名店	イタリアン	2021	TOKYO	シチリア屋	東京都	https://award.tabelog.com/hyakumeiten/italian_tokyo/2021	46232	店舗照合済	2021年百名店公式選出（イタリアン 百名店 TOKYO・公式掲載順 68/100）
HYK2021-1169	13022514	食べログ	イタリアン 百名店	百名店	イタリアン	2021	TOKYO	ダルマット 恵比寿店	東京都	https://award.tabelog.com/hyakumeiten/italian_tokyo/2021	46232	店舗照合済	2021年百名店公式選出（イタリアン 百名店 TOKYO・公式掲載順 69/100）
HYK2021-1170	13156479	食べログ	イタリアン 百名店	百名店	イタリアン	2021	TOKYO	ARMONICO	東京都	https://award.tabelog.com/hyakumeiten/italian_tokyo/2021	46232	店舗照合済	2021年百名店公式選出（イタリアン 百名店 TOKYO・公式掲載順 70/100）
HYK2021-1171	13104779	食べログ	イタリアン 百名店	百名店	イタリアン	2021	TOKYO	IL FIGO INGORDO	東京都	https://award.tabelog.com/hyakumeiten/italian_tokyo/2021	46232	店舗照合済	2021年百名店公式選出（イタリアン 百名店 TOKYO・公式掲載順 71/100）
HYK2021-1172	13002786	食べログ	イタリアン 百名店	百名店	イタリアン	2021	TOKYO	キャンティ 飯倉本店	東京都	https://award.tabelog.com/hyakumeiten/italian_tokyo/2021	46232	店舗照合済	2021年百名店公式選出（イタリアン 百名店 TOKYO・公式掲載順 72/100）
HYK2021-1173	13058484	食べログ	イタリアン 百名店	百名店	イタリアン	2021	TOKYO	トラットリア タンタボッカ	東京都	https://award.tabelog.com/hyakumeiten/italian_tokyo/2021	46232	店舗照合済	2021年百名店公式選出（イタリアン 百名店 TOKYO・公式掲載順 73/100）
HYK2021-1174	13003490	食べログ	イタリアン 百名店	百名店	イタリアン	2021	TOKYO	アントニオ 南青山本店	東京都	https://award.tabelog.com/hyakumeiten/italian_tokyo/2021	46232	店舗照合済	2021年百名店公式選出（イタリアン 百名店 TOKYO・公式掲載順 74/100）
HYK2021-1175	13021521	食べログ	イタリアン 百名店	百名店	イタリアン	2021	TOKYO	ロマンティコ	東京都	https://award.tabelog.com/hyakumeiten/italian_tokyo/2021	46232	店舗照合済	2021年百名店公式選出（イタリアン 百名店 TOKYO・公式掲載順 75/100）
HYK2021-1176	13129298	食べログ	イタリアン 百名店	百名店	イタリアン	2021	TOKYO	アロマフレスカ	東京都	https://award.tabelog.com/hyakumeiten/italian_tokyo/2021	46232	店舗照合済	2021年百名店公式選出（イタリアン 百名店 TOKYO・公式掲載順 76/100）
HYK2021-1177	13054007	食べログ	イタリアン 百名店	百名店	イタリアン	2021	TOKYO	mondo	東京都	https://award.tabelog.com/hyakumeiten/italian_tokyo/2021	46232	店舗照合済	2021年百名店公式選出（イタリアン 百名店 TOKYO・公式掲載順 77/100）
HYK2021-1178	13004299	食べログ	イタリアン 百名店	百名店	イタリアン	2021	TOKYO	ヴィンチェロ	東京都	https://award.tabelog.com/hyakumeiten/italian_tokyo/2021	46232	店舗照合済	2021年百名店公式選出（イタリアン 百名店 TOKYO・公式掲載順 78/100）
HYK2021-1179	13005340	食べログ	イタリアン 百名店	百名店	イタリアン	2021	TOKYO	リストランテ 濱崎	東京都	https://award.tabelog.com/hyakumeiten/italian_tokyo/2021	46232	店舗照合済	2021年百名店公式選出（イタリアン 百名店 TOKYO・公式掲載順 79/100）
HYK2021-1180	13194346	食べログ	イタリアン 百名店	百名店	イタリアン	2021	TOKYO	la Brianza	東京都	https://award.tabelog.com/hyakumeiten/italian_tokyo/2021	46232	店舗照合済	2021年百名店公式選出（イタリアン 百名店 TOKYO・公式掲載順 80/100）
HYK2021-1181	13044652	食べログ	イタリアン 百名店	百名店	イタリアン	2021	TOKYO	リストランテ ラ・バリック トウキョウ	東京都	https://award.tabelog.com/hyakumeiten/italian_tokyo/2021	46232	店舗照合済	2021年百名店公式選出（イタリアン 百名店 TOKYO・公式掲載順 81/100）
HYK2021-1182	13099554	食べログ	イタリアン 百名店	百名店	イタリアン	2021	TOKYO	エミリア	東京都	https://award.tabelog.com/hyakumeiten/italian_tokyo/2021	46232	店舗照合済	2021年百名店公式選出（イタリアン 百名店 TOKYO・公式掲載順 82/100）
HYK2021-1183	13004069	食べログ	イタリアン 百名店	百名店	イタリアン	2021	TOKYO	リストランテ･ヒロ チェントロ 丸ビル店	東京都	https://award.tabelog.com/hyakumeiten/italian_tokyo/2021	46232	店舗照合済	2021年百名店公式選出（イタリアン 百名店 TOKYO・公式掲載順 83/100）
HYK2021-1184	13002025	食べログ	イタリアン 百名店	百名店	イタリアン	2021	TOKYO	リストランテ･ヒロ  青山	東京都	https://award.tabelog.com/hyakumeiten/italian_tokyo/2021	46232	店舗照合済	2021年百名店公式選出（イタリアン 百名店 TOKYO・公式掲載順 84/100）
HYK2021-1185	13045549	食べログ	イタリアン 百名店	百名店	イタリアン	2021	TOKYO	アンティカ オステリア カルネヤ	東京都	https://award.tabelog.com/hyakumeiten/italian_tokyo/2021	46232	店舗照合済	2021年百名店公式選出（イタリアン 百名店 TOKYO・公式掲載順 85/100）
HYK2021-1186	13021095	食べログ	イタリアン 百名店	百名店	イタリアン	2021	TOKYO	代官山ASO チェレステ 日本橋店	東京都	https://award.tabelog.com/hyakumeiten/italian_tokyo/2021	46232	店舗照合済	2021年百名店公式選出（イタリアン 百名店 TOKYO・公式掲載順 86/100）
HYK2021-1187	13003823	食べログ	イタリアン 百名店	百名店	イタリアン	2021	TOKYO	イル・テアトロ	東京都	https://award.tabelog.com/hyakumeiten/italian_tokyo/2021	46232	店舗照合済	2021年百名店公式選出（イタリアン 百名店 TOKYO・公式掲載順 87/100）
HYK2021-1188	13191105	食べログ	イタリアン 百名店	百名店	イタリアン	2021	TOKYO	エルバ ダ ナカヒガシ	東京都	https://award.tabelog.com/hyakumeiten/italian_tokyo/2021	46232	店舗照合済	2021年百名店公式選出（イタリアン 百名店 TOKYO・公式掲載順 88/100）
HYK2021-1189	13057753	食べログ	イタリアン 百名店	百名店	イタリアン	2021	TOKYO	オッジ ダルマット 西麻布店	東京都	https://award.tabelog.com/hyakumeiten/italian_tokyo/2021	46232	店舗照合済	2021年百名店公式選出（イタリアン 百名店 TOKYO・公式掲載順 89/100）
HYK2021-1190	13024116	食べログ	イタリアン 百名店	百名店	イタリアン	2021	TOKYO	ヴォーロ・コズィ	東京都	https://award.tabelog.com/hyakumeiten/italian_tokyo/2021	46232	店舗照合済	2021年百名店公式選出（イタリアン 百名店 TOKYO・公式掲載順 90/100）
HYK2021-1191	13204358	食べログ	イタリアン 百名店	百名店	イタリアン	2021	TOKYO	ボッテガ	東京都	https://award.tabelog.com/hyakumeiten/italian_tokyo/2021	46232	店舗照合済	2021年百名店公式選出（イタリアン 百名店 TOKYO・公式掲載順 91/100）
HYK2021-1192	13149817	食べログ	イタリアン 百名店	百名店	イタリアン	2021	TOKYO	Convivio	東京都	https://award.tabelog.com/hyakumeiten/italian_tokyo/2021	46232	店舗照合済	2021年百名店公式選出（イタリアン 百名店 TOKYO・公式掲載順 92/100）
HYK2021-1193	13000293	食べログ	イタリアン 百名店	百名店	イタリアン	2021	TOKYO	エリオ・ロカンダ・イタリアーナ	東京都	https://award.tabelog.com/hyakumeiten/italian_tokyo/2021	46232	店舗照合済	2021年百名店公式選出（イタリアン 百名店 TOKYO・公式掲載順 93/100）
HYK2021-1194	13195700	食べログ	イタリアン 百名店	百名店	イタリアン	2021	TOKYO	S'ACCAPAU	東京都	https://award.tabelog.com/hyakumeiten/italian_tokyo/2021	46232	店舗照合済	2021年百名店公式選出（イタリアン 百名店 TOKYO・公式掲載順 94/100）
HYK2021-1195	13121950	食べログ	イタリアン 百名店	百名店	イタリアン	2021	TOKYO	マジカメンテ	東京都	https://award.tabelog.com/hyakumeiten/italian_tokyo/2021	46232	店舗照合済	2021年百名店公式選出（イタリアン 百名店 TOKYO・公式掲載順 95/100）
HYK2021-1196	13144481	食べログ	イタリアン 百名店	百名店	イタリアン	2021	TOKYO	プリンチピオ	東京都	https://award.tabelog.com/hyakumeiten/italian_tokyo/2021	46232	店舗照合済	2021年百名店公式選出（イタリアン 百名店 TOKYO・公式掲載順 96/100）
HYK2021-1197	13113809	食べログ	イタリアン 百名店	百名店	イタリアン	2021	TOKYO	サーラ アマービレ	東京都	https://award.tabelog.com/hyakumeiten/italian_tokyo/2021	46232	店舗照合済	2021年百名店公式選出（イタリアン 百名店 TOKYO・公式掲載順 97/100）
HYK2021-1198	13043356	食べログ	イタリアン 百名店	百名店	イタリアン	2021	TOKYO	イタリア料理 フィオレンツァ	東京都	https://award.tabelog.com/hyakumeiten/italian_tokyo/2021	46232	店舗照合済	2021年百名店公式選出（イタリアン 百名店 TOKYO・公式掲載順 98/100）
HYK2021-1199	13198683	食べログ	イタリアン 百名店	百名店	イタリアン	2021	TOKYO	ロットチェント	東京都	https://award.tabelog.com/hyakumeiten/italian_tokyo/2021	46232	店舗照合済	2021年百名店公式選出（イタリアン 百名店 TOKYO・公式掲載順 99/100）
HYK2021-1200	13173167	食べログ	イタリアン 百名店	百名店	イタリアン	2021	TOKYO	トラットリア グランボッカ	東京都	https://award.tabelog.com/hyakumeiten/italian_tokyo/2021	46232	店舗照合済	2021年百名店公式選出（イタリアン 百名店 TOKYO・公式掲載順 100/100）
HYK2021-1201	27052582	食べログ	イタリアン 百名店	百名店	イタリアン	2021	WEST	トラットリア イル ピスタッキオ	大阪府	https://award.tabelog.com/hyakumeiten/italian_west/2021	46232	店舗照合済	2021年百名店公式選出（イタリアン 百名店 WEST・公式掲載順 1/100）
HYK2021-1202	26001006	食べログ	イタリアン 百名店	百名店	イタリアン	2021	WEST	イル ギオットーネ 京都本店	京都府	https://award.tabelog.com/hyakumeiten/italian_west/2021	46232	店舗照合済	2021年百名店公式選出（イタリアン 百名店 WEST・公式掲載順 2/100）
HYK2021-1203	27000700	食べログ	イタリアン 百名店	百名店	イタリアン	2021	WEST	スプレンディード	大阪府	https://award.tabelog.com/hyakumeiten/italian_west/2021	46232	店舗照合済	2021年百名店公式選出（イタリアン 百名店 WEST・公式掲載順 3/100）
HYK2021-1204	27061561	食べログ	イタリアン 百名店	百名店	イタリアン	2021	WEST	リストランテ リナッシェレ ドウジマ	大阪府	https://award.tabelog.com/hyakumeiten/italian_west/2021	46232	店舗照合済	2021年百名店公式選出（イタリアン 百名店 WEST・公式掲載順 4/100）
HYK2021-1205	27000260	食べログ	イタリアン 百名店	百名店	イタリアン	2021	WEST	ピアノピアーノ 肥後橋本店	大阪府	https://award.tabelog.com/hyakumeiten/italian_west/2021	46232	店舗照合済	2021年百名店公式選出（イタリアン 百名店 WEST・公式掲載順 5/100）
HYK2021-1206	27071950	食べログ	イタリアン 百名店	百名店	イタリアン	2021	WEST	島之内フジマル醸造所	大阪府	https://award.tabelog.com/hyakumeiten/italian_west/2021	46232	店舗照合済	2021年百名店公式選出（イタリアン 百名店 WEST・公式掲載順 6/100）
HYK2021-1207	27010938	食べログ	イタリアン 百名店	百名店	イタリアン	2021	WEST	asse+ plus	大阪府	https://award.tabelog.com/hyakumeiten/italian_west/2021	46232	店舗照合済	2021年百名店公式選出（イタリアン 百名店 WEST・公式掲載順 7/100）
HYK2021-1208	26024464	食べログ	イタリアン 百名店	百名店	イタリアン	2021	WEST	RIGOLETTO SMOKE GRILL & BAR	京都府	https://award.tabelog.com/hyakumeiten/italian_west/2021	46232	店舗照合済	2021年百名店公式選出（イタリアン 百名店 WEST・公式掲載順 8/100）
HYK2021-1209	27071115	食べログ	イタリアン 百名店	百名店	イタリアン	2021	WEST	マチェレリーアディタケウチ	大阪府	https://award.tabelog.com/hyakumeiten/italian_west/2021	46232	店舗照合済	2021年百名店公式選出（イタリアン 百名店 WEST・公式掲載順 9/100）
HYK2021-1210	38009262	食べログ	イタリアン 百名店	百名店	イタリアン	2021	WEST	名前のないイタリア料理店	愛媛県	https://award.tabelog.com/hyakumeiten/italian_west/2021	46232	店舗照合済	2021年百名店公式選出（イタリアン 百名店 WEST・公式掲載順 10/100）
HYK2021-1211	27004772	食べログ	イタリアン 百名店	百名店	イタリアン	2021	WEST	アンティカ・オステリア・ダル・ポンピエーレ	大阪府	https://award.tabelog.com/hyakumeiten/italian_west/2021	46232	店舗照合済	2021年百名店公式選出（イタリアン 百名店 WEST・公式掲載順 11/100）
HYK2021-1212	27004543	食べログ	イタリアン 百名店	百名店	イタリアン	2021	WEST	レストラン ミツヤマ	大阪府	https://award.tabelog.com/hyakumeiten/italian_west/2021	46232	店舗照合済	2021年百名店公式選出（イタリアン 百名店 WEST・公式掲載順 12/100）
HYK2021-1213	27006683	食べログ	イタリアン 百名店	百名店	イタリアン	2021	WEST	ペスカ 心斎橋店	大阪府	https://award.tabelog.com/hyakumeiten/italian_west/2021	46232	店舗照合済	2021年百名店公式選出（イタリアン 百名店 WEST・公式掲載順 13/100）
HYK2021-1214	28026242	食べログ	イタリアン 百名店	百名店	イタリアン	2021	WEST	ヴァカンツァ	兵庫県	https://award.tabelog.com/hyakumeiten/italian_west/2021	46232	店舗照合済	2021年百名店公式選出（イタリアン 百名店 WEST・公式掲載順 14/100）
HYK2021-1215	26018705	食べログ	イタリアン 百名店	百名店	イタリアン	2021	WEST	祗園245	京都府	https://award.tabelog.com/hyakumeiten/italian_west/2021	46232	店舗照合済	2021年百名店公式選出（イタリアン 百名店 WEST・公式掲載順 15/100）
HYK2021-1216	26003300	食べログ	イタリアン 百名店	百名店	イタリアン	2021	WEST	THE SODOH HIGASHIYAMA KYOTO	京都府	https://award.tabelog.com/hyakumeiten/italian_west/2021	46232	店舗照合済	2021年百名店公式選出（イタリアン 百名店 WEST・公式掲載順 16/100）
HYK2021-1217	27073813	食べログ	イタリアン 百名店	百名店	イタリアン	2021	WEST	クイントカント	大阪府	https://award.tabelog.com/hyakumeiten/italian_west/2021	46232	店舗照合済	2021年百名店公式選出（イタリアン 百名店 WEST・公式掲載順 17/100）
HYK2021-1218	40000030	食べログ	イタリアン 百名店	百名店	イタリアン	2021	WEST	ペルケノー	福岡県	https://award.tabelog.com/hyakumeiten/italian_west/2021	46232	店舗照合済	2021年百名店公式選出（イタリアン 百名店 WEST・公式掲載順 18/100）
HYK2021-1219	28002032	食べログ	イタリアン 百名店	百名店	イタリアン	2021	WEST	アルテシンポジオ	兵庫県	https://award.tabelog.com/hyakumeiten/italian_west/2021	46232	店舗照合済	2021年百名店公式選出（イタリアン 百名店 WEST・公式掲載順 19/100）
HYK2021-1220	25009111	食べログ	イタリアン 百名店	百名店	イタリアン	2021	WEST	SAISIR	滋賀県	https://award.tabelog.com/hyakumeiten/italian_west/2021	46232	店舗照合済	2021年百名店公式選出（イタリアン 百名店 WEST・公式掲載順 20/100）
HYK2021-1221	27012467	食べログ	イタリアン 百名店	百名店	イタリアン	2021	WEST	ピエーノ	大阪府	https://award.tabelog.com/hyakumeiten/italian_west/2021	46232	店舗照合済	2021年百名店公式選出（イタリアン 百名店 WEST・公式掲載順 21/100）
HYK2021-1222	26026031	食べログ	イタリアン 百名店	百名店	イタリアン	2021	WEST	ケンゾーエステイトワイナリー 祇園店	京都府	https://award.tabelog.com/hyakumeiten/italian_west/2021	46232	店舗照合済	2021年百名店公式選出（イタリアン 百名店 WEST・公式掲載順 22/100）
HYK2021-1223	28002280	食べログ	イタリアン 百名店	百名店	イタリアン	2021	WEST	ラッフィナート	兵庫県	https://award.tabelog.com/hyakumeiten/italian_west/2021	46232	店舗照合済	2021年百名店公式選出（イタリアン 百名店 WEST・公式掲載順 23/100）
HYK2021-1224	33010293	食べログ	イタリアン 百名店	百名店	イタリアン	2021	WEST	ヴィア パーチェ	岡山県	https://award.tabelog.com/hyakumeiten/italian_west/2021	46232	店舗照合済	2021年百名店公式選出（イタリアン 百名店 WEST・公式掲載順 24/100）
HYK2021-1225	27004515	食べログ	イタリアン 百名店	百名店	イタリアン	2021	WEST	サリーレ	大阪府	https://award.tabelog.com/hyakumeiten/italian_west/2021	46232	店舗照合済	2021年百名店公式選出（イタリアン 百名店 WEST・公式掲載順 25/100）
HYK2021-1226	26029064	食べログ	イタリアン 百名店	百名店	イタリアン	2021	WEST	リストランテ野呂	京都府	https://award.tabelog.com/hyakumeiten/italian_west/2021	46232	店舗照合済	2021年百名店公式選出（イタリアン 百名店 WEST・公式掲載順 26/100）
HYK2021-1227	27072626	食べログ	イタリアン 百名店	百名店	イタリアン	2021	WEST	イル ギオットーネ ディ ピュー	大阪府	https://award.tabelog.com/hyakumeiten/italian_west/2021	46232	店舗照合済	2021年百名店公式選出（イタリアン 百名店 WEST・公式掲載順 27/100）
HYK2021-1228	28005454	食べログ	イタリアン 百名店	百名店	イタリアン	2021	WEST	L’ISOLETTA	兵庫県	https://award.tabelog.com/hyakumeiten/italian_west/2021	46232	店舗照合済	2021年百名店公式選出（イタリアン 百名店 WEST・公式掲載順 28/100）
HYK2021-1229	26023199	食べログ	イタリアン 百名店	百名店	イタリアン	2021	WEST	リストリア ラディーチェ	京都府	https://award.tabelog.com/hyakumeiten/italian_west/2021	46232	店舗照合済	2021年百名店公式選出（イタリアン 百名店 WEST・公式掲載順 29/100）
HYK2021-1230	27063533	食べログ	イタリアン 百名店	百名店	イタリアン	2021	WEST	TRATTORIA AL SODO	大阪府	https://award.tabelog.com/hyakumeiten/italian_west/2021	46232	店舗照合済	2021年百名店公式選出（イタリアン 百名店 WEST・公式掲載順 30/100）
HYK2021-1231	26007432	食べログ	イタリアン 百名店	百名店	イタリアン	2021	WEST	Cucina Italiana 東洞	京都府	https://award.tabelog.com/hyakumeiten/italian_west/2021	46232	店舗照合済	2021年百名店公式選出（イタリアン 百名店 WEST・公式掲載順 31/100）
HYK2021-1232	27004885	食べログ	イタリアン 百名店	百名店	イタリアン	2021	WEST	ラ・クチネッラ・ディ・ヤマモト	大阪府	https://award.tabelog.com/hyakumeiten/italian_west/2021	46232	店舗照合済	2021年百名店公式選出（イタリアン 百名店 WEST・公式掲載順 32/100）
HYK2021-1233	27082261	食べログ	イタリアン 百名店	百名店	イタリアン	2021	WEST	イタリア料理店 タマネギ	大阪府	https://award.tabelog.com/hyakumeiten/italian_west/2021	46232	店舗照合済	2021年百名店公式選出（イタリアン 百名店 WEST・公式掲載順 33/100）
HYK2021-1234	26004765	食べログ	イタリアン 百名店	百名店	イタリアン	2021	WEST	リストランテ ティ ヴォリオ ベーネ	京都府	https://award.tabelog.com/hyakumeiten/italian_west/2021	46232	店舗照合済	2021年百名店公式選出（イタリアン 百名店 WEST・公式掲載順 34/100）
HYK2021-1235	27001173	食べログ	イタリアン 百名店	百名店	イタリアン	2021	WEST	トラットリア ダ ジャコモ	大阪府	https://award.tabelog.com/hyakumeiten/italian_west/2021	46232	店舗照合済	2021年百名店公式選出（イタリアン 百名店 WEST・公式掲載順 35/100）
HYK2021-1236	27093817	食べログ	イタリアン 百名店	百名店	イタリアン	2021	WEST	グシテ	大阪府	https://award.tabelog.com/hyakumeiten/italian_west/2021	46232	店舗照合済	2021年百名店公式選出（イタリアン 百名店 WEST・公式掲載順 36/100）
HYK2021-1237	27062948	食べログ	イタリアン 百名店	百名店	イタリアン	2021	WEST	ラ・ストラーダ	大阪府	https://award.tabelog.com/hyakumeiten/italian_west/2021	46232	店舗照合済	2021年百名店公式選出（イタリアン 百名店 WEST・公式掲載順 37/100）
HYK2021-1238	27000763	食べログ	イタリアン 百名店	百名店	イタリアン	2021	WEST	モード ディ ポンテベッキオ	大阪府	https://award.tabelog.com/hyakumeiten/italian_west/2021	46232	店舗照合済	2021年百名店公式選出（イタリアン 百名店 WEST・公式掲載順 38/100）
HYK2021-1239	24011543	食べログ	イタリアン 百名店	百名店	イタリアン	2021	WEST	サーラ ビアンキ アル・ケッチァーノ	三重県	https://award.tabelog.com/hyakumeiten/italian_west/2021	46232	店舗照合済	2021年百名店公式選出（イタリアン 百名店 WEST・公式掲載順 39/100）
HYK2021-1240	45005449	食べログ	イタリアン 百名店	百名店	イタリアン	2021	WEST	GIGLI	宮崎県	https://award.tabelog.com/hyakumeiten/italian_west/2021	46232	店舗照合済	2021年百名店公式選出（イタリアン 百名店 WEST・公式掲載順 40/100）
HYK2021-1241	34001676	食べログ	イタリアン 百名店	百名店	イタリアン	2021	WEST	ラ セッテ 広瀬北町本店	広島県	https://award.tabelog.com/hyakumeiten/italian_west/2021	46232	店舗照合済	2021年百名店公式選出（イタリアン 百名店 WEST・公式掲載順 41/100）
HYK2021-1242	26018907	食べログ	イタリアン 百名店	百名店	イタリアン	2021	WEST	リストランテ ナカモト	京都府	https://award.tabelog.com/hyakumeiten/italian_west/2021	46232	店舗照合済	2021年百名店公式選出（イタリアン 百名店 WEST・公式掲載順 42/100）
HYK2021-1243	40028249	食べログ	イタリアン 百名店	百名店	イタリアン	2021	WEST	リストランテKubotsu	福岡県	https://award.tabelog.com/hyakumeiten/italian_west/2021	46232	店舗照合済	2021年百名店公式選出（イタリアン 百名店 WEST・公式掲載順 43/100）
HYK2021-1244	26005142	食べログ	イタリアン 百名店	百名店	イタリアン	2021	WEST	京都 ネーゼ	京都府	https://award.tabelog.com/hyakumeiten/italian_west/2021	46232	店舗照合済	2021年百名店公式選出（イタリアン 百名店 WEST・公式掲載順 44/100）
HYK2021-1245	26002637	食べログ	イタリアン 百名店	百名店	イタリアン	2021	WEST	hikari-yurari	京都府	https://award.tabelog.com/hyakumeiten/italian_west/2021	46232	店舗照合済	2021年百名店公式選出（イタリアン 百名店 WEST・公式掲載順 45/100）
HYK2021-1246	27051831	食べログ	イタリアン 百名店	百名店	イタリアン	2021	WEST	il PePe	大阪府	https://award.tabelog.com/hyakumeiten/italian_west/2021	46232	店舗照合済	2021年百名店公式選出（イタリアン 百名店 WEST・公式掲載順 46/100）
HYK2021-1247	27070237	食べログ	イタリアン 百名店	百名店	イタリアン	2021	WEST	タヴェルネッタ・ダ・キタヤマ	大阪府	https://award.tabelog.com/hyakumeiten/italian_west/2021	46232	店舗照合済	2021年百名店公式選出（イタリアン 百名店 WEST・公式掲載順 47/100）
HYK2021-1248	27018171	食べログ	イタリアン 百名店	百名店	イタリアン	2021	WEST	リストランテ・ヒロ OSAKA ブリーゼブリーゼ	大阪府	https://award.tabelog.com/hyakumeiten/italian_west/2021	46232	店舗照合済	2021年百名店公式選出（イタリアン 百名店 WEST・公式掲載順 48/100）
HYK2021-1249	27009401	食べログ	イタリアン 百名店	百名店	イタリアン	2021	WEST	アルバロンガ	大阪府	https://award.tabelog.com/hyakumeiten/italian_west/2021	46232	店舗照合済	2021年百名店公式選出（イタリアン 百名店 WEST・公式掲載順 49/100）
HYK2021-1250	27050941	食べログ	イタリアン 百名店	百名店	イタリアン	2021	WEST	ラ カレッタ	大阪府	https://award.tabelog.com/hyakumeiten/italian_west/2021	46232	店舗照合済	2021年百名店公式選出（イタリアン 百名店 WEST・公式掲載順 50/100）
HYK2021-1251	27043113	食べログ	イタリアン 百名店	百名店	イタリアン	2021	WEST	チュカテ	大阪府	https://award.tabelog.com/hyakumeiten/italian_west/2021	46232	店舗照合済	2021年百名店公式選出（イタリアン 百名店 WEST・公式掲載順 51/100）
HYK2021-1252	28001314	食べログ	イタリアン 百名店	百名店	イタリアン	2021	WEST	リストランテ ベリーニ	兵庫県	https://award.tabelog.com/hyakumeiten/italian_west/2021	46232	店舗照合済	2021年百名店公式選出（イタリアン 百名店 WEST・公式掲載順 52/100）
HYK2021-1253	27010362	食べログ	イタリアン 百名店	百名店	イタリアン	2021	WEST	トラットリア チェーロ	大阪府	https://award.tabelog.com/hyakumeiten/italian_west/2021	46232	店舗照合済	2021年百名店公式選出（イタリアン 百名店 WEST・公式掲載順 53/100）
HYK2021-1254	27004701	食べログ	イタリアン 百名店	百名店	イタリアン	2021	WEST	イル・クアドリフォーリオ	大阪府	https://award.tabelog.com/hyakumeiten/italian_west/2021	46232	店舗照合済	2021年百名店公式選出（イタリアン 百名店 WEST・公式掲載順 54/100）
HYK2021-1255	28002576	食べログ	イタリアン 百名店	百名店	イタリアン	2021	WEST	ダ・ルーポ322	兵庫県	https://award.tabelog.com/hyakumeiten/italian_west/2021	46232	店舗照合済	2021年百名店公式選出（イタリアン 百名店 WEST・公式掲載順 55/100）
HYK2021-1256	27005160	食べログ	イタリアン 百名店	百名店	イタリアン	2021	WEST	カロローゾ	大阪府	https://award.tabelog.com/hyakumeiten/italian_west/2021	46232	店舗照合済	2021年百名店公式選出（イタリアン 百名店 WEST・公式掲載順 56/100）
HYK2021-1257	30000104	食べログ	イタリアン 百名店	百名店	イタリアン	2021	WEST	ヴィラ・アイーダ	和歌山県	https://award.tabelog.com/hyakumeiten/italian_west/2021	46232	店舗照合済	2021年百名店公式選出（イタリアン 百名店 WEST・公式掲載順 57/100）
HYK2021-1258	28015970	食べログ	イタリアン 百名店	百名店	イタリアン	2021	WEST	エノテカ・ベルベルバール	兵庫県	https://award.tabelog.com/hyakumeiten/italian_west/2021	46232	店舗照合済	2021年百名店公式選出（イタリアン 百名店 WEST・公式掲載順 58/100）
HYK2021-1259	26018397	食べログ	イタリアン 百名店	百名店	イタリアン	2021	WEST	やまぐち	京都府	https://award.tabelog.com/hyakumeiten/italian_west/2021	46232	店舗照合済	2021年百名店公式選出（イタリアン 百名店 WEST・公式掲載順 59/100）
HYK2021-1260	26024914	食べログ	イタリアン 百名店	百名店	イタリアン	2021	WEST	cenci	京都府	https://award.tabelog.com/hyakumeiten/italian_west/2021	46232	店舗照合済	2021年百名店公式選出（イタリアン 百名店 WEST・公式掲載順 60/100）
HYK2021-1261	27000781	食べログ	イタリアン 百名店	百名店	イタリアン	2021	WEST	トラットリア パッパ	大阪府	https://award.tabelog.com/hyakumeiten/italian_west/2021	46232	店舗照合済	2021年百名店公式選出（イタリアン 百名店 WEST・公式掲載順 61/100）
HYK2021-1262	47011421	食べログ	イタリアン 百名店	百名店	イタリアン	2021	WEST	ちゅらぬうじ	沖縄県	https://award.tabelog.com/hyakumeiten/italian_west/2021	46232	店舗照合済	2021年百名店公式選出（イタリアン 百名店 WEST・公式掲載順 62/100）
HYK2021-1263	33012069	食べログ	イタリアン 百名店	百名店	イタリアン	2021	WEST	acca	岡山県	https://award.tabelog.com/hyakumeiten/italian_west/2021	46232	店舗照合済	2021年百名店公式選出（イタリアン 百名店 WEST・公式掲載順 63/100）
HYK2021-1264	27052383	食べログ	イタリアン 百名店	百名店	イタリアン	2021	WEST	ニジイロ アルコバレーノ	大阪府	https://award.tabelog.com/hyakumeiten/italian_west/2021	46232	店舗照合済	2021年百名店公式選出（イタリアン 百名店 WEST・公式掲載順 64/100）
HYK2021-1265	37008167	食べログ	イタリアン 百名店	百名店	イタリアン	2021	WEST	両忘	香川県	https://award.tabelog.com/hyakumeiten/italian_west/2021	46232	店舗照合済	2021年百名店公式選出（イタリアン 百名店 WEST・公式掲載順 65/100）
HYK2021-1266	28032418	食べログ	イタリアン 百名店	百名店	イタリアン	2021	WEST	リストランテ ハナタニ	兵庫県	https://award.tabelog.com/hyakumeiten/italian_west/2021	46232	店舗照合済	2021年百名店公式選出（イタリアン 百名店 WEST・公式掲載順 66/100）
HYK2021-1267	27003204	食べログ	イタリアン 百名店	百名店	イタリアン	2021	WEST	ラ・ギャロワーズ	大阪府	https://award.tabelog.com/hyakumeiten/italian_west/2021	46232	店舗照合済	2021年百名店公式選出（イタリアン 百名店 WEST・公式掲載順 67/100）
HYK2021-1268	26017856	食べログ	イタリアン 百名店	百名店	イタリアン	2021	WEST	オステリア・イル・カント・デル・マッジョ	京都府	https://award.tabelog.com/hyakumeiten/italian_west/2021	46232	店舗照合済	2021年百名店公式選出（イタリアン 百名店 WEST・公式掲載順 68/100）
HYK2021-1269	27065002	食べログ	イタリアン 百名店	百名店	イタリアン	2021	WEST	イルベッカフィーコ	大阪府	https://award.tabelog.com/hyakumeiten/italian_west/2021	46232	店舗照合済	2021年百名店公式選出（イタリアン 百名店 WEST・公式掲載順 69/100）
HYK2021-1270	27002094	食べログ	イタリアン 百名店	百名店	イタリアン	2021	WEST	オステリア ガウダンテ 大阪駅前第4ビル店	大阪府	https://award.tabelog.com/hyakumeiten/italian_west/2021	46232	店舗照合済	2021年百名店公式選出（イタリアン 百名店 WEST・公式掲載順 70/100）
HYK2021-1271	28006891	食べログ	イタリアン 百名店	百名店	イタリアン	2021	WEST	ALBA	兵庫県	https://award.tabelog.com/hyakumeiten/italian_west/2021	46232	店舗照合済	2021年百名店公式選出（イタリアン 百名店 WEST・公式掲載順 71/100）
HYK2021-1272	27068624	食べログ	イタリアン 百名店	百名店	イタリアン	2021	WEST	オステリア ラ チチェルキア	大阪府	https://award.tabelog.com/hyakumeiten/italian_west/2021	46232	店舗照合済	2021年百名店公式選出（イタリアン 百名店 WEST・公式掲載順 72/100）
HYK2021-1273	27064248	食べログ	イタリアン 百名店	百名店	イタリアン	2021	WEST	オーレ ベアーテ	大阪府	https://award.tabelog.com/hyakumeiten/italian_west/2021	46232	店舗照合済	2021年百名店公式選出（イタリアン 百名店 WEST・公式掲載順 73/100）
HYK2021-1274	27075332	食べログ	イタリアン 百名店	百名店	イタリアン	2021	WEST	トムクリオーザ	大阪府	https://award.tabelog.com/hyakumeiten/italian_west/2021	46232	店舗照合済	2021年百名店公式選出（イタリアン 百名店 WEST・公式掲載順 74/100）
HYK2021-1275	26002013	食べログ	イタリアン 百名店	百名店	イタリアン	2021	WEST	サンタ・マリア・ノヴェッラ・ティサネリーア 京都店	京都府	https://award.tabelog.com/hyakumeiten/italian_west/2021	46232	店舗照合済	2021年百名店公式選出（イタリアン 百名店 WEST・公式掲載順 75/100）
HYK2021-1276	27041620	食べログ	イタリアン 百名店	百名店	イタリアン	2021	WEST	裏ヒロヤ	大阪府	https://award.tabelog.com/hyakumeiten/italian_west/2021	46232	店舗照合済	2021年百名店公式選出（イタリアン 百名店 WEST・公式掲載順 76/100）
HYK2021-1277	27076550	食べログ	イタリアン 百名店	百名店	イタリアン	2021	WEST	Il Povero Diavolo	大阪府	https://award.tabelog.com/hyakumeiten/italian_west/2021	46232	店舗照合済	2021年百名店公式選出（イタリアン 百名店 WEST・公式掲載順 77/100）
HYK2021-1278	27052552	食べログ	イタリアン 百名店	百名店	イタリアン	2021	WEST	ラ ベデュータ	大阪府	https://award.tabelog.com/hyakumeiten/italian_west/2021	46232	店舗照合済	2021年百名店公式選出（イタリアン 百名店 WEST・公式掲載順 78/100）
HYK2021-1279	28034851	食べログ	イタリアン 百名店	百名店	イタリアン	2021	WEST	チッチャ	兵庫県	https://award.tabelog.com/hyakumeiten/italian_west/2021	46232	店舗照合済	2021年百名店公式選出（イタリアン 百名店 WEST・公式掲載順 79/100）
HYK2021-1280	26005284	食べログ	イタリアン 百名店	百名店	イタリアン	2021	WEST	キメラ	京都府	https://award.tabelog.com/hyakumeiten/italian_west/2021	46232	店舗照合済	2021年百名店公式選出（イタリアン 百名店 WEST・公式掲載順 80/100）
HYK2021-1281	27049992	食べログ	イタリアン 百名店	百名店	イタリアン	2021	WEST	ペッシェ・ロッソ	大阪府	https://award.tabelog.com/hyakumeiten/italian_west/2021	46232	店舗照合済	2021年百名店公式選出（イタリアン 百名店 WEST・公式掲載順 81/100）
HYK2021-1282	28042894	食べログ	イタリアン 百名店	百名店	イタリアン	2021	WEST	TN	兵庫県	https://award.tabelog.com/hyakumeiten/italian_west/2021	46232	店舗照合済	2021年百名店公式選出（イタリアン 百名店 WEST・公式掲載順 82/100）
HYK2021-1283	42009254	食べログ	イタリアン 百名店	百名店	イタリアン	2021	WEST	villa del nido	長崎県	https://award.tabelog.com/hyakumeiten/italian_west/2021	46232	店舗照合済	2021年百名店公式選出（イタリアン 百名店 WEST・公式掲載順 83/100）
HYK2021-1284	27071832	食べログ	イタリアン 百名店	百名店	イタリアン	2021	WEST	ピ・グレコ	大阪府	https://award.tabelog.com/hyakumeiten/italian_west/2021	46232	店舗照合済	2021年百名店公式選出（イタリアン 百名店 WEST・公式掲載順 84/100）
HYK2021-1285	27064096	食べログ	イタリアン 百名店	百名店	イタリアン	2021	WEST	ラ ランテルナ ディ ジェノバ	大阪府	https://award.tabelog.com/hyakumeiten/italian_west/2021	46232	店舗照合済	2021年百名店公式選出（イタリアン 百名店 WEST・公式掲載順 85/100）
HYK2021-1286	26023294	食べログ	イタリアン 百名店	百名店	イタリアン	2021	WEST	ラ・ロカンダ ザ・リッツ・カールトン京都	京都府	https://award.tabelog.com/hyakumeiten/italian_west/2021	46232	店舗照合済	2021年百名店公式選出（イタリアン 百名店 WEST・公式掲載順 86/100）
HYK2021-1287	26005705	食べログ	イタリアン 百名店	百名店	イタリアン	2021	WEST	トラットリア レオーネ	京都府	https://award.tabelog.com/hyakumeiten/italian_west/2021	46232	店舗照合済	2021年百名店公式選出（イタリアン 百名店 WEST・公式掲載順 87/100）
HYK2021-1288	27014679	食べログ	イタリアン 百名店	百名店	イタリアン	2021	WEST	sfida	大阪府	https://award.tabelog.com/hyakumeiten/italian_west/2021	46232	店舗照合済	2021年百名店公式選出（イタリアン 百名店 WEST・公式掲載順 88/100）
HYK2021-1289	27072091	食べログ	イタリアン 百名店	百名店	イタリアン	2021	WEST	ラ ピニャータ	大阪府	https://award.tabelog.com/hyakumeiten/italian_west/2021	46232	店舗照合済	2021年百名店公式選出（イタリアン 百名店 WEST・公式掲載順 89/100）
HYK2021-1290	45003573	食べログ	イタリアン 百名店	百名店	イタリアン	2021	WEST	チェルカ トローヴァ	宮崎県	https://award.tabelog.com/hyakumeiten/italian_west/2021	46232	店舗照合済	2021年百名店公式選出（イタリアン 百名店 WEST・公式掲載順 90/100）
HYK2021-1291	27050186	食べログ	イタリアン 百名店	百名店	イタリアン	2021	WEST	il luogo di TAKEUCHI	大阪府	https://award.tabelog.com/hyakumeiten/italian_west/2021	46232	店舗照合済	2021年百名店公式選出（イタリアン 百名店 WEST・公式掲載順 91/100）
HYK2021-1292	26002939	食べログ	イタリアン 百名店	百名店	イタリアン	2021	WEST	トラットリア セッテ ハイアット リージェンシー 京都	京都府	https://award.tabelog.com/hyakumeiten/italian_west/2021	46232	店舗照合済	2021年百名店公式選出（イタリアン 百名店 WEST・公式掲載順 92/100）
HYK2021-1293	43011842	食べログ	イタリアン 百名店	百名店	イタリアン	2021	WEST	IL CASINO	熊本県	https://award.tabelog.com/hyakumeiten/italian_west/2021	46232	店舗照合済	2021年百名店公式選出（イタリアン 百名店 WEST・公式掲載順 93/100）
HYK2021-1294	27072434	食べログ	イタリアン 百名店	百名店	イタリアン	2021	WEST	麺匠 パスタバカ一代	大阪府	https://award.tabelog.com/hyakumeiten/italian_west/2021	46232	店舗照合済	2021年百名店公式選出（イタリアン 百名店 WEST・公式掲載順 94/100）
HYK2021-1295	26028480	食べログ	イタリアン 百名店	百名店	イタリアン	2021	WEST	ヴェーナ	京都府	https://award.tabelog.com/hyakumeiten/italian_west/2021	46232	店舗照合済	2021年百名店公式選出（イタリアン 百名店 WEST・公式掲載順 95/100）
HYK2021-1296	26002665	食べログ	イタリアン 百名店	百名店	イタリアン	2021	WEST	Ristorante 美郷	京都府	https://award.tabelog.com/hyakumeiten/italian_west/2021	46232	店舗照合済	2021年百名店公式選出（イタリアン 百名店 WEST・公式掲載順 96/100）
HYK2021-1297	27000522	食べログ	イタリアン 百名店	百名店	イタリアン	2021	WEST	ポンテ ベッキオ	大阪府	https://award.tabelog.com/hyakumeiten/italian_west/2021	46232	店舗照合済	2021年百名店公式選出（イタリアン 百名店 WEST・公式掲載順 97/100）
HYK2021-1298	27079201	食べログ	イタリアン 百名店	百名店	イタリアン	2021	WEST	リストランテ ル・ミディ ひらまつ	大阪府	https://award.tabelog.com/hyakumeiten/italian_west/2021	46232	店舗照合済	2021年百名店公式選出（イタリアン 百名店 WEST・公式掲載順 98/100）
HYK2021-1299	27000261	食べログ	イタリアン 百名店	百名店	イタリアン	2021	WEST	サンタ ルチア	大阪府	https://award.tabelog.com/hyakumeiten/italian_west/2021	46232	店舗照合済	2021年百名店公式選出（イタリアン 百名店 WEST・公式掲載順 99/100）
HYK2021-1300	26001972	食べログ	イタリアン 百名店	百名店	イタリアン	2021	WEST	ザ キッチン サルヴァトーレ クオモ 京都	京都府	https://award.tabelog.com/hyakumeiten/italian_west/2021	46232	店舗照合済	2021年百名店公式選出（イタリアン 百名店 WEST・公式掲載順 100/100）
HYK2021-1301	13041208	食べログ	居酒屋 百名店	百名店	居酒屋	2021	全国	銀座 いっぱし	東京都	https://award.tabelog.com/hyakumeiten/izakaya/2021	46232	店舗照合済	2021年百名店公式選出（居酒屋 百名店 全国・公式掲載順 1/100）
HYK2021-1302	13003778	食べログ	居酒屋 百名店	百名店	居酒屋	2021	全国	鯉とうなぎのまるます家 総本店	東京都	https://award.tabelog.com/hyakumeiten/izakaya/2021	46232	店舗照合済	2021年百名店公式選出（居酒屋 百名店 全国・公式掲載順 2/100）
HYK2021-1303	26002592	食べログ	居酒屋 百名店	百名店	居酒屋	2021	全国	神馬	京都府	https://award.tabelog.com/hyakumeiten/izakaya/2021	46232	店舗照合済	2021年百名店公式選出（居酒屋 百名店 全国・公式掲載順 3/100）
HYK2021-1304	13050828	食べログ	居酒屋 百名店	百名店	居酒屋	2021	全国	丸千葉	東京都	https://award.tabelog.com/hyakumeiten/izakaya/2021	46232	店舗照合済	2021年百名店公式選出（居酒屋 百名店 全国・公式掲載順 4/100）
HYK2021-1305	27013958	食べログ	居酒屋 百名店	百名店	居酒屋	2021	全国	味酒 かむなび	大阪府	https://award.tabelog.com/hyakumeiten/izakaya/2021	46232	店舗照合済	2021年百名店公式選出（居酒屋 百名店 全国・公式掲載順 5/100）
HYK2021-1306	5000004	食べログ	居酒屋 百名店	百名店	居酒屋	2021	全国	酒盃	秋田県	https://award.tabelog.com/hyakumeiten/izakaya/2021	46232	店舗照合済	2021年百名店公式選出（居酒屋 百名店 全国・公式掲載順 6/100）
HYK2021-1307	13007106	食べログ	居酒屋 百名店	百名店	居酒屋	2021	全国	大露路	東京都	https://award.tabelog.com/hyakumeiten/izakaya/2021	46232	店舗照合済	2021年百名店公式選出（居酒屋 百名店 全国・公式掲載順 7/100）
HYK2021-1308	23000102	食べログ	居酒屋 百名店	百名店	居酒屋	2021	全国	大甚 本店	愛知県	https://award.tabelog.com/hyakumeiten/izakaya/2021	46232	店舗照合済	2021年百名店公式選出（居酒屋 百名店 全国・公式掲載順 8/100）
HYK2021-1309	1000037	食べログ	居酒屋 百名店	百名店	居酒屋	2021	全国	味百仙	北海道	https://award.tabelog.com/hyakumeiten/izakaya/2021	46232	店舗照合済	2021年百名店公式選出（居酒屋 百名店 全国・公式掲載順 9/100）
HYK2021-1310	40021924	食べログ	居酒屋 百名店	百名店	居酒屋	2021	全国	魚虎	福岡県	https://award.tabelog.com/hyakumeiten/izakaya/2021	46232	店舗照合済	2021年百名店公式選出（居酒屋 百名店 全国・公式掲載順 10/100）
HYK2021-1311	47001373	食べログ	居酒屋 百名店	百名店	居酒屋	2021	全国	ひとし 本店	沖縄県	https://award.tabelog.com/hyakumeiten/izakaya/2021	46232	店舗照合済	2021年百名店公式選出（居酒屋 百名店 全国・公式掲載順 11/100）
HYK2021-1312	13027466	食べログ	居酒屋 百名店	百名店	居酒屋	2021	全国	牧野	東京都	https://award.tabelog.com/hyakumeiten/izakaya/2021	46232	店舗照合済	2021年百名店公式選出（居酒屋 百名店 全国・公式掲載順 12/100）
HYK2021-1313	39000703	食べログ	居酒屋 百名店	百名店	居酒屋	2021	全国	どんこ	高知県	https://award.tabelog.com/hyakumeiten/izakaya/2021	46232	店舗照合済	2021年百名店公式選出（居酒屋 百名店 全国・公式掲載順 13/100）
HYK2021-1314	13176407	食べログ	居酒屋 百名店	百名店	居酒屋	2021	全国	よねさん	東京都	https://award.tabelog.com/hyakumeiten/izakaya/2021	46232	店舗照合済	2021年百名店公式選出（居酒屋 百名店 全国・公式掲載順 14/100）
HYK2021-1315	47000017	食べログ	居酒屋 百名店	百名店	居酒屋	2021	全国	ゆうなんぎい	沖縄県	https://award.tabelog.com/hyakumeiten/izakaya/2021	46232	店舗照合済	2021年百名店公式選出（居酒屋 百名店 全国・公式掲載順 15/100）
HYK2021-1316	17000009	食べログ	居酒屋 百名店	百名店	居酒屋	2021	全国	いたる 本店	石川県	https://award.tabelog.com/hyakumeiten/izakaya/2021	46232	店舗照合済	2021年百名店公式選出（居酒屋 百名店 全国・公式掲載順 16/100）
HYK2021-1317	13122240	食べログ	居酒屋 百名店	百名店	居酒屋	2021	全国	麦酒庵 大塚店	東京都	https://award.tabelog.com/hyakumeiten/izakaya/2021	46232	店舗照合済	2021年百名店公式選出（居酒屋 百名店 全国・公式掲載順 17/100）
HYK2021-1318	15008980	食べログ	居酒屋 百名店	百名店	居酒屋	2021	全国	越後一会 十郎	新潟県	https://award.tabelog.com/hyakumeiten/izakaya/2021	46232	店舗照合済	2021年百名店公式選出（居酒屋 百名店 全国・公式掲載順 18/100）
HYK2021-1319	40000029	食べログ	居酒屋 百名店	百名店	居酒屋	2021	全国	せいもん払い	福岡県	https://award.tabelog.com/hyakumeiten/izakaya/2021	46232	店舗照合済	2021年百名店公式選出（居酒屋 百名店 全国・公式掲載順 19/100）
HYK2021-1320	13006104	食べログ	居酒屋 百名店	百名店	居酒屋	2021	全国	でんでんでん	東京都	https://award.tabelog.com/hyakumeiten/izakaya/2021	46232	店舗照合済	2021年百名店公式選出（居酒屋 百名店 全国・公式掲載順 20/100）
HYK2021-1321	13024450	食べログ	居酒屋 百名店	百名店	居酒屋	2021	全国	長生庵	東京都	https://award.tabelog.com/hyakumeiten/izakaya/2021	46232	店舗照合済	2021年百名店公式選出（居酒屋 百名店 全国・公式掲載順 21/100）
HYK2021-1322	40000919	食べログ	居酒屋 百名店	百名店	居酒屋	2021	全国	田中田 博多本店	福岡県	https://award.tabelog.com/hyakumeiten/izakaya/2021	46232	店舗照合済	2021年百名店公式選出（居酒屋 百名店 全国・公式掲載順 22/100）
HYK2021-1323	13011272	食べログ	居酒屋 百名店	百名店	居酒屋	2021	全国	かんだ光壽	東京都	https://award.tabelog.com/hyakumeiten/izakaya/2021	46232	店舗照合済	2021年百名店公式選出（居酒屋 百名店 全国・公式掲載順 23/100）
HYK2021-1324	13001382	食べログ	居酒屋 百名店	百名店	居酒屋	2021	全国	赤鬼	東京都	https://award.tabelog.com/hyakumeiten/izakaya/2021	46232	店舗照合済	2021年百名店公式選出（居酒屋 百名店 全国・公式掲載順 24/100）
HYK2021-1325	1003784	食べログ	居酒屋 百名店	百名店	居酒屋	2021	全国	海味 はちきょう 本店	北海道	https://award.tabelog.com/hyakumeiten/izakaya/2021	46232	店舗照合済	2021年百名店公式選出（居酒屋 百名店 全国・公式掲載順 25/100）
HYK2021-1326	13047450	食べログ	居酒屋 百名店	百名店	居酒屋	2021	全国	ずぼら	東京都	https://award.tabelog.com/hyakumeiten/izakaya/2021	46232	店舗照合済	2021年百名店公式選出（居酒屋 百名店 全国・公式掲載順 26/100）
HYK2021-1327	27044765	食べログ	居酒屋 百名店	百名店	居酒屋	2021	全国	多満喜	大阪府	https://award.tabelog.com/hyakumeiten/izakaya/2021	46232	店舗照合済	2021年百名店公式選出（居酒屋 百名店 全国・公式掲載順 27/100）
HYK2021-1328	1002392	食べログ	居酒屋 百名店	百名店	居酒屋	2021	全国	郷土料理 おが	北海道	https://award.tabelog.com/hyakumeiten/izakaya/2021	46232	店舗照合済	2021年百名店公式選出（居酒屋 百名店 全国・公式掲載順 28/100）
HYK2021-1329	13123997	食べログ	居酒屋 百名店	百名店	居酒屋	2021	全国	高太郎	東京都	https://award.tabelog.com/hyakumeiten/izakaya/2021	46232	店舗照合済	2021年百名店公式選出（居酒屋 百名店 全国・公式掲載順 29/100）
HYK2021-1330	13059986	食べログ	居酒屋 百名店	百名店	居酒屋	2021	全国	並木橋なかむら	東京都	https://award.tabelog.com/hyakumeiten/izakaya/2021	46232	店舗照合済	2021年百名店公式選出（居酒屋 百名店 全国・公式掲載順 30/100）
HYK2021-1331	13187669	食べログ	居酒屋 百名店	百名店	居酒屋	2021	全国	食堂とだか	東京都	https://award.tabelog.com/hyakumeiten/izakaya/2021	46232	店舗照合済	2021年百名店公式選出（居酒屋 百名店 全国・公式掲載順 31/100）
HYK2021-1332	40003911	食べログ	居酒屋 百名店	百名店	居酒屋	2021	全国	食事と酒処 真	福岡県	https://award.tabelog.com/hyakumeiten/izakaya/2021	46232	店舗照合済	2021年百名店公式選出（居酒屋 百名店 全国・公式掲載順 32/100）
HYK2021-1333	13193868	食べログ	居酒屋 百名店	百名店	居酒屋	2021	全国	酒肴 新屋敷	東京都	https://award.tabelog.com/hyakumeiten/izakaya/2021	46232	店舗照合済	2021年百名店公式選出（居酒屋 百名店 全国・公式掲載順 33/100）
HYK2021-1334	1000100	食べログ	居酒屋 百名店	百名店	居酒屋	2021	全国	開陽亭 すすきの店	北海道	https://award.tabelog.com/hyakumeiten/izakaya/2021	46232	店舗照合済	2021年百名店公式選出（居酒屋 百名店 全国・公式掲載順 34/100）
HYK2021-1335	13000630	食べログ	居酒屋 百名店	百名店	居酒屋	2021	全国	みますや	東京都	https://award.tabelog.com/hyakumeiten/izakaya/2021	46232	店舗照合済	2021年百名店公式選出（居酒屋 百名店 全国・公式掲載順 35/100）
HYK2021-1336	13008327	食べログ	居酒屋 百名店	百名店	居酒屋	2021	全国	産直屋 たか	東京都	https://award.tabelog.com/hyakumeiten/izakaya/2021	46232	店舗照合済	2021年百名店公式選出（居酒屋 百名店 全国・公式掲載順 36/100）
HYK2021-1337	15000484	食べログ	居酒屋 百名店	百名店	居酒屋	2021	全国	いかの墨 新潟駅前店	新潟県	https://award.tabelog.com/hyakumeiten/izakaya/2021	46232	店舗照合済	2021年百名店公式選出（居酒屋 百名店 全国・公式掲載順 37/100）
HYK2021-1338	1000426	食べログ	居酒屋 百名店	百名店	居酒屋	2021	全国	魚菜	北海道	https://award.tabelog.com/hyakumeiten/izakaya/2021	46232	店舗照合済	2021年百名店公式選出（居酒屋 百名店 全国・公式掲載順 38/100）
HYK2021-1339	13003743	食べログ	居酒屋 百名店	百名店	居酒屋	2021	全国	鍵屋	東京都	https://award.tabelog.com/hyakumeiten/izakaya/2021	46232	店舗照合済	2021年百名店公式選出（居酒屋 百名店 全国・公式掲載順 39/100）
HYK2021-1340	1014057	食べログ	居酒屋 百名店	百名店	居酒屋	2021	全国	独酌 三四郎	北海道	https://award.tabelog.com/hyakumeiten/izakaya/2021	46232	店舗照合済	2021年百名店公式選出（居酒屋 百名店 全国・公式掲載順 40/100）
HYK2021-1341	13128122	食べログ	居酒屋 百名店	百名店	居酒屋	2021	全国	鯛樹	東京都	https://award.tabelog.com/hyakumeiten/izakaya/2021	46232	店舗照合済	2021年百名店公式選出（居酒屋 百名店 全国・公式掲載順 41/100）
HYK2021-1342	13003007	食べログ	居酒屋 百名店	百名店	居酒屋	2021	全国	魚三酒場 富岡店	東京都	https://award.tabelog.com/hyakumeiten/izakaya/2021	46232	店舗照合済	2021年百名店公式選出（居酒屋 百名店 全国・公式掲載順 42/100）
HYK2021-1343	1003412	食べログ	居酒屋 百名店	百名店	居酒屋	2021	全国	海鮮処 函館山	北海道	https://award.tabelog.com/hyakumeiten/izakaya/2021	46232	店舗照合済	2021年百名店公式選出（居酒屋 百名店 全国・公式掲載順 43/100）
HYK2021-1344	5008588	食べログ	居酒屋 百名店	百名店	居酒屋	2021	全国	さけ富	秋田県	https://award.tabelog.com/hyakumeiten/izakaya/2021	46232	店舗照合済	2021年百名店公式選出（居酒屋 百名店 全国・公式掲載順 44/100）
HYK2021-1345	27091926	食べログ	居酒屋 百名店	百名店	居酒屋	2021	全国	大衆食堂スタンド そのだ	大阪府	https://award.tabelog.com/hyakumeiten/izakaya/2021	46232	店舗照合済	2021年百名店公式選出（居酒屋 百名店 全国・公式掲載順 45/100）
HYK2021-1346	27006935	食べログ	居酒屋 百名店	百名店	居酒屋	2021	全国	てぃーあんだ 扇町本店	大阪府	https://award.tabelog.com/hyakumeiten/izakaya/2021	46232	店舗照合済	2021年百名店公式選出（居酒屋 百名店 全国・公式掲載順 46/100）
HYK2021-1347	13002243	食べログ	居酒屋 百名店	百名店	居酒屋	2021	全国	かねます	東京都	https://award.tabelog.com/hyakumeiten/izakaya/2021	46232	店舗照合済	2021年百名店公式選出（居酒屋 百名店 全国・公式掲載順 47/100）
HYK2021-1348	38000392	食べログ	居酒屋 百名店	百名店	居酒屋	2021	全国	郷土料理 大衆割烹 ほづみ亭	愛媛県	https://award.tabelog.com/hyakumeiten/izakaya/2021	46232	店舗照合済	2021年百名店公式選出（居酒屋 百名店 全国・公式掲載順 48/100）
HYK2021-1349	27012171	食べログ	居酒屋 百名店	百名店	居酒屋	2021	全国	酒肆 門	大阪府	https://award.tabelog.com/hyakumeiten/izakaya/2021	46232	店舗照合済	2021年百名店公式選出（居酒屋 百名店 全国・公式掲載順 49/100）
HYK2021-1350	13019231	食べログ	居酒屋 百名店	百名店	居酒屋	2021	全国	つくしのこ	東京都	https://award.tabelog.com/hyakumeiten/izakaya/2021	46232	店舗照合済	2021年百名店公式選出（居酒屋 百名店 全国・公式掲載順 50/100）
HYK2021-1351	13224766	食べログ	居酒屋 百名店	百名店	居酒屋	2021	全国	新橋 いっぱし	東京都	https://award.tabelog.com/hyakumeiten/izakaya/2021	46232	店舗照合済	2021年百名店公式選出（居酒屋 百名店 全国・公式掲載順 51/100）
HYK2021-1352	13007578	食べログ	居酒屋 百名店	百名店	居酒屋	2021	全国	魚仁	東京都	https://award.tabelog.com/hyakumeiten/izakaya/2021	46232	店舗照合済	2021年百名店公式選出（居酒屋 百名店 全国・公式掲載順 52/100）
HYK2021-1353	14004243	食べログ	居酒屋 百名店	百名店	居酒屋	2021	全国	企久太	神奈川県	https://award.tabelog.com/hyakumeiten/izakaya/2021	46232	店舗照合済	2021年百名店公式選出（居酒屋 百名店 全国・公式掲載順 53/100）
HYK2021-1354	26001072	食べログ	居酒屋 百名店	百名店	居酒屋	2021	全国	赤垣屋	京都府	https://award.tabelog.com/hyakumeiten/izakaya/2021	46232	店舗照合済	2021年百名店公式選出（居酒屋 百名店 全国・公式掲載順 54/100）
HYK2021-1355	13000879	食べログ	居酒屋 百名店	百名店	居酒屋	2021	全国	鼎	東京都	https://award.tabelog.com/hyakumeiten/izakaya/2021	46232	店舗照合済	2021年百名店公式選出（居酒屋 百名店 全国・公式掲載順 55/100）
HYK2021-1356	40029379	食べログ	居酒屋 百名店	百名店	居酒屋	2021	全国	やまちゃん 中洲店	福岡県	https://award.tabelog.com/hyakumeiten/izakaya/2021	46232	店舗照合済	2021年百名店公式選出（居酒屋 百名店 全国・公式掲載順 56/100）
HYK2021-1357	33006896	食べログ	居酒屋 百名店	百名店	居酒屋	2021	全国	酒囲屋本店	岡山県	https://award.tabelog.com/hyakumeiten/izakaya/2021	46232	店舗照合済	2021年百名店公式選出（居酒屋 百名店 全国・公式掲載順 57/100）
HYK2021-1358	26000502	食べログ	居酒屋 百名店	百名店	居酒屋	2021	全国	ビストロ割烹 YAOYA	京都府	https://award.tabelog.com/hyakumeiten/izakaya/2021	46232	店舗照合済	2021年百名店公式選出（居酒屋 百名店 全国・公式掲載順 58/100）
HYK2021-1359	13010507	食べログ	居酒屋 百名店	百名店	居酒屋	2021	全国	正ちゃん	東京都	https://award.tabelog.com/hyakumeiten/izakaya/2021	46232	店舗照合済	2021年百名店公式選出（居酒屋 百名店 全国・公式掲載順 59/100）
HYK2021-1360	47001357	食べログ	居酒屋 百名店	百名店	居酒屋	2021	全国	ひとし 石敢當店	沖縄県	https://award.tabelog.com/hyakumeiten/izakaya/2021	46232	店舗照合済	2021年百名店公式選出（居酒屋 百名店 全国・公式掲載順 60/100）
HYK2021-1361	13186922	食べログ	居酒屋 百名店	百名店	居酒屋	2021	全国	のどぐろ専門 銀座 中俣	東京都	https://award.tabelog.com/hyakumeiten/izakaya/2021	46232	店舗照合済	2021年百名店公式選出（居酒屋 百名店 全国・公式掲載順 61/100）
HYK2021-1362	13003212	食べログ	居酒屋 百名店	百名店	居酒屋	2021	全国	金田	東京都	https://award.tabelog.com/hyakumeiten/izakaya/2021	46232	店舗照合済	2021年百名店公式選出（居酒屋 百名店 全国・公式掲載順 62/100）
HYK2021-1363	1000906	食べログ	居酒屋 百名店	百名店	居酒屋	2021	全国	若鶏時代 なると 本店	北海道	https://award.tabelog.com/hyakumeiten/izakaya/2021	46232	店舗照合済	2021年百名店公式選出（居酒屋 百名店 全国・公式掲載順 63/100）
HYK2021-1364	26006925	食べログ	居酒屋 百名店	百名店	居酒屋	2021	全国	なな治	京都府	https://award.tabelog.com/hyakumeiten/izakaya/2021	46232	店舗照合済	2021年百名店公式選出（居酒屋 百名店 全国・公式掲載順 64/100）
HYK2021-1365	13008682	食べログ	居酒屋 百名店	百名店	居酒屋	2021	全国	徳多和良	東京都	https://award.tabelog.com/hyakumeiten/izakaya/2021	46232	店舗照合済	2021年百名店公式選出（居酒屋 百名店 全国・公式掲載順 65/100）
HYK2021-1366	37000768	食べログ	居酒屋 百名店	百名店	居酒屋	2021	全国	れんげ料理店	香川県	https://award.tabelog.com/hyakumeiten/izakaya/2021	46232	店舗照合済	2021年百名店公式選出（居酒屋 百名店 全国・公式掲載順 66/100）
HYK2021-1367	40004429	食べログ	居酒屋 百名店	百名店	居酒屋	2021	全国	きはるの胡麻鯖や	福岡県	https://award.tabelog.com/hyakumeiten/izakaya/2021	46232	店舗照合済	2021年百名店公式選出（居酒屋 百名店 全国・公式掲載順 67/100）
HYK2021-1368	13026389	食べログ	居酒屋 百名店	百名店	居酒屋	2021	全国	西尾さん	東京都	https://award.tabelog.com/hyakumeiten/izakaya/2021	46232	店舗照合済	2021年百名店公式選出（居酒屋 百名店 全国・公式掲載順 68/100）
HYK2021-1369	4000031	食べログ	居酒屋 百名店	百名店	居酒屋	2021	全国	源氏	宮城県	https://award.tabelog.com/hyakumeiten/izakaya/2021	46232	店舗照合済	2021年百名店公式選出（居酒屋 百名店 全国・公式掲載順 69/100）
HYK2021-1370	27013057	食べログ	居酒屋 百名店	百名店	居酒屋	2021	全国	和洋酒菜 ひで	大阪府	https://award.tabelog.com/hyakumeiten/izakaya/2021	46232	店舗照合済	2021年百名店公式選出（居酒屋 百名店 全国・公式掲載順 70/100）
HYK2021-1371	13017031	食べログ	居酒屋 百名店	百名店	居酒屋	2021	全国	酒・肴 おまた	東京都	https://award.tabelog.com/hyakumeiten/izakaya/2021	46232	店舗照合済	2021年百名店公式選出（居酒屋 百名店 全国・公式掲載順 71/100）
HYK2021-1372	13011473	食べログ	居酒屋 百名店	百名店	居酒屋	2021	全国	ふくべ	東京都	https://award.tabelog.com/hyakumeiten/izakaya/2021	46232	店舗照合済	2021年百名店公式選出（居酒屋 百名店 全国・公式掲載順 72/100）
HYK2021-1373	13103559	食べログ	居酒屋 百名店	百名店	居酒屋	2021	全国	大塚 みや穂	東京都	https://award.tabelog.com/hyakumeiten/izakaya/2021	46232	店舗照合済	2021年百名店公式選出（居酒屋 百名店 全国・公式掲載順 73/100）
HYK2021-1374	17001005	食べログ	居酒屋 百名店	百名店	居酒屋	2021	全国	こいで	石川県	https://award.tabelog.com/hyakumeiten/izakaya/2021	46232	店舗照合済	2021年百名店公式選出（居酒屋 百名店 全国・公式掲載順 74/100）
HYK2021-1375	13152236	食べログ	居酒屋 百名店	百名店	居酒屋	2021	全国	俺の割烹 銀座本店	東京都	https://award.tabelog.com/hyakumeiten/izakaya/2021	46232	店舗照合済	2021年百名店公式選出（居酒屋 百名店 全国・公式掲載順 75/100）
HYK2021-1376	23001853	食べログ	居酒屋 百名店	百名店	居酒屋	2021	全国	島正	愛知県	https://award.tabelog.com/hyakumeiten/izakaya/2021	46232	店舗照合済	2021年百名店公式選出（居酒屋 百名店 全国・公式掲載順 76/100）
HYK2021-1377	13002992	食べログ	居酒屋 百名店	百名店	居酒屋	2021	全国	山利喜 本館	東京都	https://award.tabelog.com/hyakumeiten/izakaya/2021	46232	店舗照合済	2021年百名店公式選出（居酒屋 百名店 全国・公式掲載順 77/100）
HYK2021-1378	13002239	食べログ	居酒屋 百名店	百名店	居酒屋	2021	全国	岸田屋	東京都	https://award.tabelog.com/hyakumeiten/izakaya/2021	46232	店舗照合済	2021年百名店公式選出（居酒屋 百名店 全国・公式掲載順 78/100）
HYK2021-1379	17005534	食べログ	居酒屋 百名店	百名店	居酒屋	2021	全国	味楽 ゆめり	石川県	https://award.tabelog.com/hyakumeiten/izakaya/2021	46232	店舗照合済	2021年百名店公式選出（居酒屋 百名店 全国・公式掲載順 79/100）
HYK2021-1380	13008075	食べログ	居酒屋 百名店	百名店	居酒屋	2021	全国	山葵	東京都	https://award.tabelog.com/hyakumeiten/izakaya/2021	46232	店舗照合済	2021年百名店公式選出（居酒屋 百名店 全国・公式掲載順 80/100）
HYK2021-1381	17000022	食べログ	居酒屋 百名店	百名店	居酒屋	2021	全国	黒百合	石川県	https://award.tabelog.com/hyakumeiten/izakaya/2021	46232	店舗照合済	2021年百名店公式選出（居酒屋 百名店 全国・公式掲載順 81/100）
HYK2021-1382	13001650	食べログ	居酒屋 百名店	百名店	居酒屋	2021	全国	日南	東京都	https://award.tabelog.com/hyakumeiten/izakaya/2021	46232	店舗照合済	2021年百名店公式選出（居酒屋 百名店 全国・公式掲載順 82/100）
HYK2021-1383	13001082	食べログ	居酒屋 百名店	百名店	居酒屋	2021	全国	第二力酒蔵	東京都	https://award.tabelog.com/hyakumeiten/izakaya/2021	46232	店舗照合済	2021年百名店公式選出（居酒屋 百名店 全国・公式掲載順 83/100）
HYK2021-1384	47000019	食べログ	居酒屋 百名店	百名店	居酒屋	2021	全国	うりずん	沖縄県	https://award.tabelog.com/hyakumeiten/izakaya/2021	46232	店舗照合済	2021年百名店公式選出（居酒屋 百名店 全国・公式掲載順 84/100）
HYK2021-1385	13025617	食べログ	居酒屋 百名店	百名店	居酒屋	2021	全国	萬屋 おかげさん	東京都	https://award.tabelog.com/hyakumeiten/izakaya/2021	46232	店舗照合済	2021年百名店公式選出（居酒屋 百名店 全国・公式掲載順 85/100）
HYK2021-1386	13013868	食べログ	居酒屋 百名店	百名店	居酒屋	2021	全国	舞浜	東京都	https://award.tabelog.com/hyakumeiten/izakaya/2021	46232	店舗照合済	2021年百名店公式選出（居酒屋 百名店 全国・公式掲載順 86/100）
HYK2021-1387	13055189	食べログ	居酒屋 百名店	百名店	居酒屋	2021	全国	越後屋八十吉	東京都	https://award.tabelog.com/hyakumeiten/izakaya/2021	46232	店舗照合済	2021年百名店公式選出（居酒屋 百名店 全国・公式掲載順 87/100）
HYK2021-1388	4014402	食べログ	居酒屋 百名店	百名店	居酒屋	2021	全国	居酒屋 ちょーちょ	宮城県	https://award.tabelog.com/hyakumeiten/izakaya/2021	46232	店舗照合済	2021年百名店公式選出（居酒屋 百名店 全国・公式掲載順 88/100）
HYK2021-1389	27000581	食べログ	居酒屋 百名店	百名店	居酒屋	2021	全国	ながほり	大阪府	https://award.tabelog.com/hyakumeiten/izakaya/2021	46232	店舗照合済	2021年百名店公式選出（居酒屋 百名店 全国・公式掲載順 89/100）
HYK2021-1390	33009794	食べログ	居酒屋 百名店	百名店	居酒屋	2021	全国	季節料理かたやま	岡山県	https://award.tabelog.com/hyakumeiten/izakaya/2021	46232	店舗照合済	2021年百名店公式選出（居酒屋 百名店 全国・公式掲載順 90/100）
HYK2021-1391	13015271	食べログ	居酒屋 百名店	百名店	居酒屋	2021	全国	立ち飲み 竜馬	東京都	https://award.tabelog.com/hyakumeiten/izakaya/2021	46232	店舗照合済	2021年百名店公式選出（居酒屋 百名店 全国・公式掲載順 91/100）
HYK2021-1392	13000216	食べログ	居酒屋 百名店	百名店	居酒屋	2021	全国	陸蒸気	東京都	https://award.tabelog.com/hyakumeiten/izakaya/2021	46232	店舗照合済	2021年百名店公式選出（居酒屋 百名店 全国・公式掲載順 92/100）
HYK2021-1393	13006329	食べログ	居酒屋 百名店	百名店	居酒屋	2021	全国	赤津加	東京都	https://award.tabelog.com/hyakumeiten/izakaya/2021	46232	店舗照合済	2021年百名店公式選出（居酒屋 百名店 全国・公式掲載順 93/100）
HYK2021-1394	13018283	食べログ	居酒屋 百名店	百名店	居酒屋	2021	全国	吉柳	東京都	https://award.tabelog.com/hyakumeiten/izakaya/2021	46232	店舗照合済	2021年百名店公式選出（居酒屋 百名店 全国・公式掲載順 94/100）
HYK2021-1395	27054292	食べログ	居酒屋 百名店	百名店	居酒屋	2021	全国	酒場 やまと	大阪府	https://award.tabelog.com/hyakumeiten/izakaya/2021	46232	店舗照合済	2021年百名店公式選出（居酒屋 百名店 全国・公式掲載順 95/100）
HYK2021-1396	39000063	食べログ	居酒屋 百名店	百名店	居酒屋	2021	全国	黒尊	高知県	https://award.tabelog.com/hyakumeiten/izakaya/2021	46232	店舗照合済	2021年百名店公式選出（居酒屋 百名店 全国・公式掲載順 96/100）
HYK2021-1397	47002122	食べログ	居酒屋 百名店	百名店	居酒屋	2021	全国	旬菜処 びいどろ	沖縄県	https://award.tabelog.com/hyakumeiten/izakaya/2021	46232	店舗照合済	2021年百名店公式選出（居酒屋 百名店 全国・公式掲載順 97/100）
HYK2021-1398	28026827	食べログ	居酒屋 百名店	百名店	居酒屋	2021	全国	やす田	兵庫県	https://award.tabelog.com/hyakumeiten/izakaya/2021	46232	店舗照合済	2021年百名店公式選出（居酒屋 百名店 全国・公式掲載順 98/100）
HYK2021-1399	27013283	食べログ	居酒屋 百名店	百名店	居酒屋	2021	全国	びんびや	大阪府	https://award.tabelog.com/hyakumeiten/izakaya/2021	46232	店舗照合済	2021年百名店公式選出（居酒屋 百名店 全国・公式掲載順 99/100）
HYK2021-1400	13017894	食べログ	居酒屋 百名店	百名店	居酒屋	2021	全国	和楽	東京都	https://award.tabelog.com/hyakumeiten/izakaya/2021	46232	店舗照合済	2021年百名店公式選出（居酒屋 百名店 全国・公式掲載順 100/100）
HYK2021-1401	14003075	食べログ	日本料理 百名店	百名店	日本料理	2021	EAST	大和屋 横浜店	神奈川県	https://award.tabelog.com/hyakumeiten/japanese_east/2021	46232	店舗照合済	2021年百名店公式選出（日本料理 百名店 EAST・公式掲載順 1/100）
HYK2021-1402	14000231	食べログ	日本料理 百名店	百名店	日本料理	2021	EAST	北鎌倉 円	神奈川県	https://award.tabelog.com/hyakumeiten/japanese_east/2021	46232	店舗照合済	2021年百名店公式選出（日本料理 百名店 EAST・公式掲載順 2/100）
HYK2021-1403	3005625	食べログ	日本料理 百名店	百名店	日本料理	2021	EAST	御料理 寺沢	岩手県	https://award.tabelog.com/hyakumeiten/japanese_east/2021	46232	店舗照合済	2021年百名店公式選出（日本料理 百名店 EAST・公式掲載順 3/100）
HYK2021-1404	14031767	食べログ	日本料理 百名店	百名店	日本料理	2021	EAST	茶つぼ	神奈川県	https://award.tabelog.com/hyakumeiten/japanese_east/2021	46232	店舗照合済	2021年百名店公式選出（日本料理 百名店 EAST・公式掲載順 4/100）
HYK2021-1405	11010989	食べログ	日本料理 百名店	百名店	日本料理	2021	EAST	樋山	埼玉県	https://award.tabelog.com/hyakumeiten/japanese_east/2021	46232	店舗照合済	2021年百名店公式選出（日本料理 百名店 EAST・公式掲載順 5/100）
HYK2021-1406	1004035	食べログ	日本料理 百名店	百名店	日本料理	2021	EAST	日本料理とらや	北海道	https://award.tabelog.com/hyakumeiten/japanese_east/2021	46232	店舗照合済	2021年百名店公式選出（日本料理 百名店 EAST・公式掲載順 6/100）
HYK2021-1407	14002179	食べログ	日本料理 百名店	百名店	日本料理	2021	EAST	きむら	神奈川県	https://award.tabelog.com/hyakumeiten/japanese_east/2021	46232	店舗照合済	2021年百名店公式選出（日本料理 百名店 EAST・公式掲載順 7/100）
HYK2021-1408	23057797	食べログ	日本料理 百名店	百名店	日本料理	2021	EAST	味感 ことほぎ	愛知県	https://award.tabelog.com/hyakumeiten/japanese_east/2021	46232	店舗照合済	2021年百名店公式選出（日本料理 百名店 EAST・公式掲載順 8/100）
HYK2021-1409	23003542	食べログ	日本料理 百名店	百名店	日本料理	2021	EAST	名古屋 浅田	愛知県	https://award.tabelog.com/hyakumeiten/japanese_east/2021	46232	店舗照合済	2021年百名店公式選出（日本料理 百名店 EAST・公式掲載順 9/100）
HYK2021-1410	23043598	食べログ	日本料理 百名店	百名店	日本料理	2021	EAST	河文	愛知県	https://award.tabelog.com/hyakumeiten/japanese_east/2021	46232	店舗照合済	2021年百名店公式選出（日本料理 百名店 EAST・公式掲載順 10/100）
HYK2021-1411	23006901	食べログ	日本料理 百名店	百名店	日本料理	2021	EAST	こなす	愛知県	https://award.tabelog.com/hyakumeiten/japanese_east/2021	46232	店舗照合済	2021年百名店公式選出（日本料理 百名店 EAST・公式掲載順 11/100）
HYK2021-1412	2005810	食べログ	日本料理 百名店	百名店	日本料理	2021	EAST	千陽 本店	青森県	https://award.tabelog.com/hyakumeiten/japanese_east/2021	46232	店舗照合済	2021年百名店公式選出（日本料理 百名店 EAST・公式掲載順 12/100）
HYK2021-1413	2000414	食べログ	日本料理 百名店	百名店	日本料理	2021	EAST	はた善	青森県	https://award.tabelog.com/hyakumeiten/japanese_east/2021	46232	店舗照合済	2021年百名店公式選出（日本料理 百名店 EAST・公式掲載順 13/100）
HYK2021-1414	23063362	食べログ	日本料理 百名店	百名店	日本料理	2021	EAST	野嵯和	愛知県	https://award.tabelog.com/hyakumeiten/japanese_east/2021	46232	店舗照合済	2021年百名店公式選出（日本料理 百名店 EAST・公式掲載順 14/100）
HYK2021-1415	7001521	食べログ	日本料理 百名店	百名店	日本料理	2021	EAST	粋・丸新	福島県	https://award.tabelog.com/hyakumeiten/japanese_east/2021	46232	店舗照合済	2021年百名店公式選出（日本料理 百名店 EAST・公式掲載順 15/100）
HYK2021-1416	23000092	食べログ	日本料理 百名店	百名店	日本料理	2021	EAST	かみその	愛知県	https://award.tabelog.com/hyakumeiten/japanese_east/2021	46232	店舗照合済	2021年百名店公式選出（日本料理 百名店 EAST・公式掲載順 16/100）
HYK2021-1417	12019721	食べログ	日本料理 百名店	百名店	日本料理	2021	EAST	やさい料理 つむぎや	千葉県	https://award.tabelog.com/hyakumeiten/japanese_east/2021	46232	店舗照合済	2021年百名店公式選出（日本料理 百名店 EAST・公式掲載順 17/100）
HYK2021-1418	2000619	食べログ	日本料理 百名店	百名店	日本料理	2021	EAST	ほむら	青森県	https://award.tabelog.com/hyakumeiten/japanese_east/2021	46232	店舗照合済	2021年百名店公式選出（日本料理 百名店 EAST・公式掲載順 18/100）
HYK2021-1419	23049308	食べログ	日本料理 百名店	百名店	日本料理	2021	EAST	百花繚蘭	愛知県	https://award.tabelog.com/hyakumeiten/japanese_east/2021	46232	店舗照合済	2021年百名店公式選出（日本料理 百名店 EAST・公式掲載順 19/100）
HYK2021-1420	20000774	食べログ	日本料理 百名店	百名店	日本料理	2021	EAST	きく蔵	長野県	https://award.tabelog.com/hyakumeiten/japanese_east/2021	46232	店舗照合済	2021年百名店公式選出（日本料理 百名店 EAST・公式掲載順 20/100）
HYK2021-1421	14008696	食べログ	日本料理 百名店	百名店	日本料理	2021	EAST	米倉	神奈川県	https://award.tabelog.com/hyakumeiten/japanese_east/2021	46232	店舗照合済	2021年百名店公式選出（日本料理 百名店 EAST・公式掲載順 21/100）
HYK2021-1422	23056304	食べログ	日本料理 百名店	百名店	日本料理	2021	EAST	もと井	愛知県	https://award.tabelog.com/hyakumeiten/japanese_east/2021	46232	店舗照合済	2021年百名店公式選出（日本料理 百名店 EAST・公式掲載順 22/100）
HYK2021-1423	23059429	食べログ	日本料理 百名店	百名店	日本料理	2021	EAST	輪久	愛知県	https://award.tabelog.com/hyakumeiten/japanese_east/2021	46232	店舗照合済	2021年百名店公式選出（日本料理 百名店 EAST・公式掲載順 23/100）
HYK2021-1424	14045338	食べログ	日本料理 百名店	百名店	日本料理	2021	EAST	いとや	神奈川県	https://award.tabelog.com/hyakumeiten/japanese_east/2021	46232	店舗照合済	2021年百名店公式選出（日本料理 百名店 EAST・公式掲載順 24/100）
HYK2021-1425	11000020	食べログ	日本料理 百名店	百名店	日本料理	2021	EAST	国登録文化財 二木屋	埼玉県	https://award.tabelog.com/hyakumeiten/japanese_east/2021	46232	店舗照合済	2021年百名店公式選出（日本料理 百名店 EAST・公式掲載順 25/100）
HYK2021-1426	5000689	食べログ	日本料理 百名店	百名店	日本料理	2021	EAST	和食すがわら	秋田県	https://award.tabelog.com/hyakumeiten/japanese_east/2021	46232	店舗照合済	2021年百名店公式選出（日本料理 百名店 EAST・公式掲載順 26/100）
HYK2021-1427	23038369	食べログ	日本料理 百名店	百名店	日本料理	2021	EAST	別邸 きときと	愛知県	https://award.tabelog.com/hyakumeiten/japanese_east/2021	46232	店舗照合済	2021年百名店公式選出（日本料理 百名店 EAST・公式掲載順 27/100）
HYK2021-1428	14002768	食べログ	日本料理 百名店	百名店	日本料理	2021	EAST	懐石料理 花壇	神奈川県	https://award.tabelog.com/hyakumeiten/japanese_east/2021	46232	店舗照合済	2021年百名店公式選出（日本料理 百名店 EAST・公式掲載順 28/100）
HYK2021-1429	23037571	食べログ	日本料理 百名店	百名店	日本料理	2021	EAST	華丸吉日	愛知県	https://award.tabelog.com/hyakumeiten/japanese_east/2021	46232	店舗照合済	2021年百名店公式選出（日本料理 百名店 EAST・公式掲載順 29/100）
HYK2021-1430	23013684	食べログ	日本料理 百名店	百名店	日本料理	2021	EAST	花いち	愛知県	https://award.tabelog.com/hyakumeiten/japanese_east/2021	46232	店舗照合済	2021年百名店公式選出（日本料理 百名店 EAST・公式掲載順 30/100）
HYK2021-1431	4010699	食べログ	日本料理 百名店	百名店	日本料理	2021	EAST	一舞庵	宮城県	https://award.tabelog.com/hyakumeiten/japanese_east/2021	46232	店舗照合済	2021年百名店公式選出（日本料理 百名店 EAST・公式掲載順 31/100）
HYK2021-1432	1000002	食べログ	日本料理 百名店	百名店	日本料理	2021	EAST	酒房しんせん	北海道	https://award.tabelog.com/hyakumeiten/japanese_east/2021	46232	店舗照合済	2021年百名店公式選出（日本料理 百名店 EAST・公式掲載順 32/100）
HYK2021-1433	2001751	食べログ	日本料理 百名店	百名店	日本料理	2021	EAST	津軽割烹未来	青森県	https://award.tabelog.com/hyakumeiten/japanese_east/2021	46232	店舗照合済	2021年百名店公式選出（日本料理 百名店 EAST・公式掲載順 33/100）
HYK2021-1434	7000278	食べログ	日本料理 百名店	百名店	日本料理	2021	EAST	らん亭～ 美日庵	福島県	https://award.tabelog.com/hyakumeiten/japanese_east/2021	46232	店舗照合済	2021年百名店公式選出（日本料理 百名店 EAST・公式掲載順 34/100）
HYK2021-1435	20001798	食べログ	日本料理 百名店	百名店	日本料理	2021	EAST	わらび野	長野県	https://award.tabelog.com/hyakumeiten/japanese_east/2021	46232	店舗照合済	2021年百名店公式選出（日本料理 百名店 EAST・公式掲載順 35/100）
HYK2021-1436	23039138	食べログ	日本料理 百名店	百名店	日本料理	2021	EAST	割烹 藪下	愛知県	https://award.tabelog.com/hyakumeiten/japanese_east/2021	46232	店舗照合済	2021年百名店公式選出（日本料理 百名店 EAST・公式掲載順 36/100）
HYK2021-1437	14000032	食べログ	日本料理 百名店	百名店	日本料理	2021	EAST	とうふ屋うかい 鷺沼店	神奈川県	https://award.tabelog.com/hyakumeiten/japanese_east/2021	46232	店舗照合済	2021年百名店公式選出（日本料理 百名店 EAST・公式掲載順 37/100）
HYK2021-1438	23053832	食べログ	日本料理 百名店	百名店	日本料理	2021	EAST	みつ林	愛知県	https://award.tabelog.com/hyakumeiten/japanese_east/2021	46232	店舗照合済	2021年百名店公式選出（日本料理 百名店 EAST・公式掲載順 38/100）
HYK2021-1439	23055371	食べログ	日本料理 百名店	百名店	日本料理	2021	EAST	和創ふんりんかん ぎり	愛知県	https://award.tabelog.com/hyakumeiten/japanese_east/2021	46232	店舗照合済	2021年百名店公式選出（日本料理 百名店 EAST・公式掲載順 39/100）
HYK2021-1440	22029327	食べログ	日本料理 百名店	百名店	日本料理	2021	EAST	馳走 山傳	静岡県	https://award.tabelog.com/hyakumeiten/japanese_east/2021	46232	店舗照合済	2021年百名店公式選出（日本料理 百名店 EAST・公式掲載順 40/100）
HYK2021-1441	20001225	食べログ	日本料理 百名店	百名店	日本料理	2021	EAST	昇月	長野県	https://award.tabelog.com/hyakumeiten/japanese_east/2021	46232	店舗照合済	2021年百名店公式選出（日本料理 百名店 EAST・公式掲載順 41/100）
HYK2021-1442	23051528	食べログ	日本料理 百名店	百名店	日本料理	2021	EAST	魯忍	愛知県	https://award.tabelog.com/hyakumeiten/japanese_east/2021	46232	店舗照合済	2021年百名店公式選出（日本料理 百名店 EAST・公式掲載順 42/100）
HYK2021-1443	23044914	食べログ	日本料理 百名店	百名店	日本料理	2021	EAST	吉い	愛知県	https://award.tabelog.com/hyakumeiten/japanese_east/2021	46232	店舗照合済	2021年百名店公式選出（日本料理 百名店 EAST・公式掲載順 43/100）
HYK2021-1444	1007034	食べログ	日本料理 百名店	百名店	日本料理	2021	EAST	みえ田	北海道	https://award.tabelog.com/hyakumeiten/japanese_east/2021	46232	店舗照合済	2021年百名店公式選出（日本料理 百名店 EAST・公式掲載順 44/100）
HYK2021-1445	12010964	食べログ	日本料理 百名店	百名店	日本料理	2021	EAST	京料理かねき	千葉県	https://award.tabelog.com/hyakumeiten/japanese_east/2021	46232	店舗照合済	2021年百名店公式選出（日本料理 百名店 EAST・公式掲載順 45/100）
HYK2021-1446	14042303	食べログ	日本料理 百名店	百名店	日本料理	2021	EAST	ゆうがた	神奈川県	https://award.tabelog.com/hyakumeiten/japanese_east/2021	46232	店舗照合済	2021年百名店公式選出（日本料理 百名店 EAST・公式掲載順 46/100）
HYK2021-1447	21013604	食べログ	日本料理 百名店	百名店	日本料理	2021	EAST	てら田	岐阜県	https://award.tabelog.com/hyakumeiten/japanese_east/2021	46232	店舗照合済	2021年百名店公式選出（日本料理 百名店 EAST・公式掲載順 47/100）
HYK2021-1448	14068100	食べログ	日本料理 百名店	百名店	日本料理	2021	EAST	お料理 とみやま	神奈川県	https://award.tabelog.com/hyakumeiten/japanese_east/2021	46232	店舗照合済	2021年百名店公式選出（日本料理 百名店 EAST・公式掲載順 48/100）
HYK2021-1449	23072364	食べログ	日本料理 百名店	百名店	日本料理	2021	EAST	乙味 あさ井	愛知県	https://award.tabelog.com/hyakumeiten/japanese_east/2021	46232	店舗照合済	2021年百名店公式選出（日本料理 百名店 EAST・公式掲載順 49/100）
HYK2021-1450	14003420	食べログ	日本料理 百名店	百名店	日本料理	2021	EAST	割烹 しらこ	神奈川県	https://award.tabelog.com/hyakumeiten/japanese_east/2021	46232	店舗照合済	2021年百名店公式選出（日本料理 百名店 EAST・公式掲載順 50/100）
HYK2021-1451	14010528	食べログ	日本料理 百名店	百名店	日本料理	2021	EAST	幻董庵	神奈川県	https://award.tabelog.com/hyakumeiten/japanese_east/2021	46232	店舗照合済	2021年百名店公式選出（日本料理 百名店 EAST・公式掲載順 51/100）
HYK2021-1452	14030204	食べログ	日本料理 百名店	百名店	日本料理	2021	EAST	SHIMOMURA	神奈川県	https://award.tabelog.com/hyakumeiten/japanese_east/2021	46232	店舗照合済	2021年百名店公式選出（日本料理 百名店 EAST・公式掲載順 52/100）
HYK2021-1453	23050795	食べログ	日本料理 百名店	百名店	日本料理	2021	EAST	賛否両論 名古屋	愛知県	https://award.tabelog.com/hyakumeiten/japanese_east/2021	46232	店舗照合済	2021年百名店公式選出（日本料理 百名店 EAST・公式掲載順 53/100）
HYK2021-1454	14003970	食べログ	日本料理 百名店	百名店	日本料理	2021	EAST	菅井	神奈川県	https://award.tabelog.com/hyakumeiten/japanese_east/2021	46232	店舗照合済	2021年百名店公式選出（日本料理 百名店 EAST・公式掲載順 54/100）
HYK2021-1455	14050450	食べログ	日本料理 百名店	百名店	日本料理	2021	EAST	一平	神奈川県	https://award.tabelog.com/hyakumeiten/japanese_east/2021	46232	店舗照合済	2021年百名店公式選出（日本料理 百名店 EAST・公式掲載順 55/100）
HYK2021-1456	23013739	食べログ	日本料理 百名店	百名店	日本料理	2021	EAST	千代娘	愛知県	https://award.tabelog.com/hyakumeiten/japanese_east/2021	46232	店舗照合済	2021年百名店公式選出（日本料理 百名店 EAST・公式掲載順 56/100）
HYK2021-1457	23000706	食べログ	日本料理 百名店	百名店	日本料理	2021	EAST	花見小路	愛知県	https://award.tabelog.com/hyakumeiten/japanese_east/2021	46232	店舗照合済	2021年百名店公式選出（日本料理 百名店 EAST・公式掲載順 57/100）
HYK2021-1458	23040321	食べログ	日本料理 百名店	百名店	日本料理	2021	EAST	南山 吉扇	愛知県	https://award.tabelog.com/hyakumeiten/japanese_east/2021	46232	店舗照合済	2021年百名店公式選出（日本料理 百名店 EAST・公式掲載順 58/100）
HYK2021-1459	14000065	食べログ	日本料理 百名店	百名店	日本料理	2021	EAST	日本料理 木の花	神奈川県	https://award.tabelog.com/hyakumeiten/japanese_east/2021	46232	店舗照合済	2021年百名店公式選出（日本料理 百名店 EAST・公式掲載順 59/100）
HYK2021-1460	14003222	食べログ	日本料理 百名店	百名店	日本料理	2021	EAST	秋本	神奈川県	https://award.tabelog.com/hyakumeiten/japanese_east/2021	46232	店舗照合済	2021年百名店公式選出（日本料理 百名店 EAST・公式掲載順 60/100）
HYK2021-1461	23001697	食べログ	日本料理 百名店	百名店	日本料理	2021	EAST	馳走菴 ひじり	愛知県	https://award.tabelog.com/hyakumeiten/japanese_east/2021	46232	店舗照合済	2021年百名店公式選出（日本料理 百名店 EAST・公式掲載順 61/100）
HYK2021-1462	23033988	食べログ	日本料理 百名店	百名店	日本料理	2021	EAST	お料理 京柳	愛知県	https://award.tabelog.com/hyakumeiten/japanese_east/2021	46232	店舗照合済	2021年百名店公式選出（日本料理 百名店 EAST・公式掲載順 62/100）
HYK2021-1463	15001790	食べログ	日本料理 百名店	百名店	日本料理	2021	EAST	割烹 新多久	新潟県	https://award.tabelog.com/hyakumeiten/japanese_east/2021	46232	店舗照合済	2021年百名店公式選出（日本料理 百名店 EAST・公式掲載順 63/100）
HYK2021-1464	14031994	食べログ	日本料理 百名店	百名店	日本料理	2021	EAST	坂ノ下 田茂戸	神奈川県	https://award.tabelog.com/hyakumeiten/japanese_east/2021	46232	店舗照合済	2021年百名店公式選出（日本料理 百名店 EAST・公式掲載順 64/100）
HYK2021-1465	23000897	食べログ	日本料理 百名店	百名店	日本料理	2021	EAST	梶川	愛知県	https://award.tabelog.com/hyakumeiten/japanese_east/2021	46232	店舗照合済	2021年百名店公式選出（日本料理 百名店 EAST・公式掲載順 65/100）
HYK2021-1466	23050424	食べログ	日本料理 百名店	百名店	日本料理	2021	EAST	おおたに	愛知県	https://award.tabelog.com/hyakumeiten/japanese_east/2021	46232	店舗照合済	2021年百名店公式選出（日本料理 百名店 EAST・公式掲載順 66/100）
HYK2021-1467	1016052	食べログ	日本料理 百名店	百名店	日本料理	2021	EAST	味道広路	北海道	https://award.tabelog.com/hyakumeiten/japanese_east/2021	46232	店舗照合済	2021年百名店公式選出（日本料理 百名店 EAST・公式掲載順 67/100）
HYK2021-1468	5000015	食べログ	日本料理 百名店	百名店	日本料理	2021	EAST	料亭 濱乃家 本店	秋田県	https://award.tabelog.com/hyakumeiten/japanese_east/2021	46232	店舗照合済	2021年百名店公式選出（日本料理 百名店 EAST・公式掲載順 68/100）
HYK2021-1469	23001725	食べログ	日本料理 百名店	百名店	日本料理	2021	EAST	京懐石 八泉	愛知県	https://award.tabelog.com/hyakumeiten/japanese_east/2021	46232	店舗照合済	2021年百名店公式選出（日本料理 百名店 EAST・公式掲載順 69/100）
HYK2021-1470	15000056	食べログ	日本料理 百名店	百名店	日本料理	2021	EAST	欅苑	新潟県	https://award.tabelog.com/hyakumeiten/japanese_east/2021	46232	店舗照合済	2021年百名店公式選出（日本料理 百名店 EAST・公式掲載順 70/100）
HYK2021-1471	12007348	食べログ	日本料理 百名店	百名店	日本料理	2021	EAST	割烹 中むら	千葉県	https://award.tabelog.com/hyakumeiten/japanese_east/2021	46232	店舗照合済	2021年百名店公式選出（日本料理 百名店 EAST・公式掲載順 71/100）
HYK2021-1472	23060455	食べログ	日本料理 百名店	百名店	日本料理	2021	EAST	柳家錦	愛知県	https://award.tabelog.com/hyakumeiten/japanese_east/2021	46232	店舗照合済	2021年百名店公式選出（日本料理 百名店 EAST・公式掲載順 72/100）
HYK2021-1473	23002852	食べログ	日本料理 百名店	百名店	日本料理	2021	EAST	得仙	愛知県	https://award.tabelog.com/hyakumeiten/japanese_east/2021	46232	店舗照合済	2021年百名店公式選出（日本料理 百名店 EAST・公式掲載順 73/100）
HYK2021-1474	21000267	食べログ	日本料理 百名店	百名店	日本料理	2021	EAST	たか田八祥	岐阜県	https://award.tabelog.com/hyakumeiten/japanese_east/2021	46232	店舗照合済	2021年百名店公式選出（日本料理 百名店 EAST・公式掲載順 74/100）
HYK2021-1475	5000664	食べログ	日本料理 百名店	百名店	日本料理	2021	EAST	日本料理 たかむら	秋田県	https://award.tabelog.com/hyakumeiten/japanese_east/2021	46232	店舗照合済	2021年百名店公式選出（日本料理 百名店 EAST・公式掲載順 75/100）
HYK2021-1476	23000161	食べログ	日本料理 百名店	百名店	日本料理	2021	EAST	鯛めし楼	愛知県	https://award.tabelog.com/hyakumeiten/japanese_east/2021	46232	店舗照合済	2021年百名店公式選出（日本料理 百名店 EAST・公式掲載順 76/100）
HYK2021-1477	4001636	食べログ	日本料理 百名店	百名店	日本料理	2021	EAST	千松しま	宮城県	https://award.tabelog.com/hyakumeiten/japanese_east/2021	46232	店舗照合済	2021年百名店公式選出（日本料理 百名店 EAST・公式掲載順 77/100）
HYK2021-1478	14033063	食べログ	日本料理 百名店	百名店	日本料理	2021	EAST	和食 瑞木	神奈川県	https://award.tabelog.com/hyakumeiten/japanese_east/2021	46232	店舗照合済	2021年百名店公式選出（日本料理 百名店 EAST・公式掲載順 78/100）
HYK2021-1479	22006811	食べログ	日本料理 百名店	百名店	日本料理	2021	EAST	温石	静岡県	https://award.tabelog.com/hyakumeiten/japanese_east/2021	46232	店舗照合済	2021年百名店公式選出（日本料理 百名店 EAST・公式掲載順 79/100）
HYK2021-1480	10010261	食べログ	日本料理 百名店	百名店	日本料理	2021	EAST	龢	群馬県	https://award.tabelog.com/hyakumeiten/japanese_east/2021	46232	店舗照合済	2021年百名店公式選出（日本料理 百名店 EAST・公式掲載順 80/100）
HYK2021-1481	1053112	食べログ	日本料理 百名店	百名店	日本料理	2021	EAST	温味	北海道	https://award.tabelog.com/hyakumeiten/japanese_east/2021	46232	店舗照合済	2021年百名店公式選出（日本料理 百名店 EAST・公式掲載順 81/100）
HYK2021-1482	23061308	食べログ	日本料理 百名店	百名店	日本料理	2021	EAST	淡 如雲	愛知県	https://award.tabelog.com/hyakumeiten/japanese_east/2021	46232	店舗照合済	2021年百名店公式選出（日本料理 百名店 EAST・公式掲載順 82/100）
HYK2021-1483	23049508	食べログ	日本料理 百名店	百名店	日本料理	2021	EAST	井がわ	愛知県	https://award.tabelog.com/hyakumeiten/japanese_east/2021	46232	店舗照合済	2021年百名店公式選出（日本料理 百名店 EAST・公式掲載順 83/100）
HYK2021-1484	23046301	食べログ	日本料理 百名店	百名店	日本料理	2021	EAST	蓬左茶寮	愛知県	https://award.tabelog.com/hyakumeiten/japanese_east/2021	46232	店舗照合済	2021年百名店公式選出（日本料理 百名店 EAST・公式掲載順 84/100）
HYK2021-1485	4016108	食べログ	日本料理 百名店	百名店	日本料理	2021	EAST	日本料理 e.	宮城県	https://award.tabelog.com/hyakumeiten/japanese_east/2021	46232	店舗照合済	2021年百名店公式選出（日本料理 百名店 EAST・公式掲載順 85/100）
HYK2021-1486	1047890	食べログ	日本料理 百名店	百名店	日本料理	2021	EAST	こまつ	北海道	https://award.tabelog.com/hyakumeiten/japanese_east/2021	46232	店舗照合済	2021年百名店公式選出（日本料理 百名店 EAST・公式掲載順 86/100）
HYK2021-1487	4001163	食べログ	日本料理 百名店	百名店	日本料理	2021	EAST	萬み高橋	宮城県	https://award.tabelog.com/hyakumeiten/japanese_east/2021	46232	店舗照合済	2021年百名店公式選出（日本料理 百名店 EAST・公式掲載順 87/100）
HYK2021-1488	21010387	食べログ	日本料理 百名店	百名店	日本料理	2021	EAST	飛騨季節料理 肴	岐阜県	https://award.tabelog.com/hyakumeiten/japanese_east/2021	46232	店舗照合済	2021年百名店公式選出（日本料理 百名店 EAST・公式掲載順 88/100）
HYK2021-1489	4012841	食べログ	日本料理 百名店	百名店	日本料理	2021	EAST	りんたろう	宮城県	https://award.tabelog.com/hyakumeiten/japanese_east/2021	46232	店舗照合済	2021年百名店公式選出（日本料理 百名店 EAST・公式掲載順 89/100）
HYK2021-1490	21000023	食べログ	日本料理 百名店	百名店	日本料理	2021	EAST	柳家	岐阜県	https://award.tabelog.com/hyakumeiten/japanese_east/2021	46232	店舗照合済	2021年百名店公式選出（日本料理 百名店 EAST・公式掲載順 90/100）
HYK2021-1491	20004238	食べログ	日本料理 百名店	百名店	日本料理	2021	EAST	柚木元	長野県	https://award.tabelog.com/hyakumeiten/japanese_east/2021	46232	店舗照合済	2021年百名店公式選出（日本料理 百名店 EAST・公式掲載順 91/100）
HYK2021-1492	4006686	食べログ	日本料理 百名店	百名店	日本料理	2021	EAST	阿古	宮城県	https://award.tabelog.com/hyakumeiten/japanese_east/2021	46232	店舗照合済	2021年百名店公式選出（日本料理 百名店 EAST・公式掲載順 92/100）
HYK2021-1493	23000794	食べログ	日本料理 百名店	百名店	日本料理	2021	EAST	もちづき	愛知県	https://award.tabelog.com/hyakumeiten/japanese_east/2021	46232	店舗照合済	2021年百名店公式選出（日本料理 百名店 EAST・公式掲載順 93/100）
HYK2021-1494	12029495	食べログ	日本料理 百名店	百名店	日本料理	2021	EAST	お料理なかき	千葉県	https://award.tabelog.com/hyakumeiten/japanese_east/2021	46232	店舗照合済	2021年百名店公式選出（日本料理 百名店 EAST・公式掲載順 94/100）
HYK2021-1495	14004298	食べログ	日本料理 百名店	百名店	日本料理	2021	EAST	日本料理 幸庵	神奈川県	https://award.tabelog.com/hyakumeiten/japanese_east/2021	46232	店舗照合済	2021年百名店公式選出（日本料理 百名店 EAST・公式掲載順 95/100）
HYK2021-1496	1030202	食べログ	日本料理 百名店	百名店	日本料理	2021	EAST	花小路 さわ田	北海道	https://award.tabelog.com/hyakumeiten/japanese_east/2021	46232	店舗照合済	2021年百名店公式選出（日本料理 百名店 EAST・公式掲載順 96/100）
HYK2021-1497	23004115	食べログ	日本料理 百名店	百名店	日本料理	2021	EAST	京都 吉兆 名古屋店	愛知県	https://award.tabelog.com/hyakumeiten/japanese_east/2021	46232	店舗照合済	2021年百名店公式選出（日本料理 百名店 EAST・公式掲載順 97/100）
HYK2021-1498	1060884	食べログ	日本料理 百名店	百名店	日本料理	2021	EAST	壽山	北海道	https://award.tabelog.com/hyakumeiten/japanese_east/2021	46232	店舗照合済	2021年百名店公式選出（日本料理 百名店 EAST・公式掲載順 98/100）
HYK2021-1499	23045460	食べログ	日本料理 百名店	百名店	日本料理	2021	EAST	割烹 ほその	愛知県	https://award.tabelog.com/hyakumeiten/japanese_east/2021	46232	店舗照合済	2021年百名店公式選出（日本料理 百名店 EAST・公式掲載順 99/100）
HYK2021-1500	23053453	食べログ	日本料理 百名店	百名店	日本料理	2021	EAST	懐韻	愛知県	https://award.tabelog.com/hyakumeiten/japanese_east/2021	46232	店舗照合済	2021年百名店公式選出（日本料理 百名店 EAST・公式掲載順 100/100）
HYK2021-1501	13215804	食べログ	日本料理 百名店	百名店	日本料理	2021	TOKYO	西麻布 大竹	東京都	https://award.tabelog.com/hyakumeiten/japanese_tokyo/2021	46232	店舗照合済	2021年百名店公式選出（日本料理 百名店 TOKYO・公式掲載順 1/100）
HYK2021-1502	13019665	食べログ	日本料理 百名店	百名店	日本料理	2021	TOKYO	東京 芝 とうふ屋うかい	東京都	https://award.tabelog.com/hyakumeiten/japanese_tokyo/2021	46232	店舗照合済	2021年百名店公式選出（日本料理 百名店 TOKYO・公式掲載順 2/100）
HYK2021-1503	13113088	食べログ	日本料理 百名店	百名店	日本料理	2021	TOKYO	三友居 高輪店	東京都	https://award.tabelog.com/hyakumeiten/japanese_tokyo/2021	46232	店舗照合済	2021年百名店公式選出（日本料理 百名店 TOKYO・公式掲載順 3/100）
HYK2021-1504	13156859	食べログ	日本料理 百名店	百名店	日本料理	2021	TOKYO	豪龍久保	東京都	https://award.tabelog.com/hyakumeiten/japanese_tokyo/2021	46232	店舗照合済	2021年百名店公式選出（日本料理 百名店 TOKYO・公式掲載順 4/100）
HYK2021-1505	13193077	食べログ	日本料理 百名店	百名店	日本料理	2021	TOKYO	青華こばやし	東京都	https://award.tabelog.com/hyakumeiten/japanese_tokyo/2021	46232	店舗照合済	2021年百名店公式選出（日本料理 百名店 TOKYO・公式掲載順 5/100）
HYK2021-1506	13228116	食べログ	日本料理 百名店	百名店	日本料理	2021	TOKYO	味享	東京都	https://award.tabelog.com/hyakumeiten/japanese_tokyo/2021	46232	店舗照合済	2021年百名店公式選出（日本料理 百名店 TOKYO・公式掲載順 6/100）
HYK2021-1507	13169901	食べログ	日本料理 百名店	百名店	日本料理	2021	TOKYO	小熊	東京都	https://award.tabelog.com/hyakumeiten/japanese_tokyo/2021	46232	店舗照合済	2021年百名店公式選出（日本料理 百名店 TOKYO・公式掲載順 7/100）
HYK2021-1508	13111900	食べログ	日本料理 百名店	百名店	日本料理	2021	TOKYO	銀座 水野	東京都	https://award.tabelog.com/hyakumeiten/japanese_tokyo/2021	46232	店舗照合済	2021年百名店公式選出（日本料理 百名店 TOKYO・公式掲載順 8/100）
HYK2021-1509	13116523	食べログ	日本料理 百名店	百名店	日本料理	2021	TOKYO	赤坂 詠月	東京都	https://award.tabelog.com/hyakumeiten/japanese_tokyo/2021	46232	店舗照合済	2021年百名店公式選出（日本料理 百名店 TOKYO・公式掲載順 9/100）
HYK2021-1510	13002183	食べログ	日本料理 百名店	百名店	日本料理	2021	TOKYO	會水庵	東京都	https://award.tabelog.com/hyakumeiten/japanese_tokyo/2021	46232	店舗照合済	2021年百名店公式選出（日本料理 百名店 TOKYO・公式掲載順 10/100）
HYK2021-1511	13136847	食べログ	日本料理 百名店	百名店	日本料理	2021	TOKYO	新ばし 星野	東京都	https://award.tabelog.com/hyakumeiten/japanese_tokyo/2021	46232	店舗照合済	2021年百名店公式選出（日本料理 百名店 TOKYO・公式掲載順 11/100）
HYK2021-1512	13001542	食べログ	日本料理 百名店	百名店	日本料理	2021	TOKYO	賛否両論	東京都	https://award.tabelog.com/hyakumeiten/japanese_tokyo/2021	46232	店舗照合済	2021年百名店公式選出（日本料理 百名店 TOKYO・公式掲載順 12/100）
HYK2021-1513	13002772	食べログ	日本料理 百名店	百名店	日本料理	2021	TOKYO	もりかわ	東京都	https://award.tabelog.com/hyakumeiten/japanese_tokyo/2021	46232	店舗照合済	2021年百名店公式選出（日本料理 百名店 TOKYO・公式掲載順 13/100）
HYK2021-1514	13002749	食べログ	日本料理 百名店	百名店	日本料理	2021	TOKYO	やげんぼり 赤坂店	東京都	https://award.tabelog.com/hyakumeiten/japanese_tokyo/2021	46232	店舗照合済	2021年百名店公式選出（日本料理 百名店 TOKYO・公式掲載順 14/100）
HYK2021-1515	13212919	食べログ	日本料理 百名店	百名店	日本料理	2021	TOKYO	銀座くどう	東京都	https://award.tabelog.com/hyakumeiten/japanese_tokyo/2021	46232	店舗照合済	2021年百名店公式選出（日本料理 百名店 TOKYO・公式掲載順 15/100）
HYK2021-1516	13003338	食べログ	日本料理 百名店	百名店	日本料理	2021	TOKYO	まき村	東京都	https://award.tabelog.com/hyakumeiten/japanese_tokyo/2021	46232	店舗照合済	2021年百名店公式選出（日本料理 百名店 TOKYO・公式掲載順 16/100）
HYK2021-1517	13118905	食べログ	日本料理 百名店	百名店	日本料理	2021	TOKYO	霞庭 まつばら	東京都	https://award.tabelog.com/hyakumeiten/japanese_tokyo/2021	46232	店舗照合済	2021年百名店公式選出（日本料理 百名店 TOKYO・公式掲載順 17/100）
HYK2021-1518	13023513	食べログ	日本料理 百名店	百名店	日本料理	2021	TOKYO	季旬 鈴なり	東京都	https://award.tabelog.com/hyakumeiten/japanese_tokyo/2021	46232	店舗照合済	2021年百名店公式選出（日本料理 百名店 TOKYO・公式掲載順 18/100）
HYK2021-1519	13004981	食べログ	日本料理 百名店	百名店	日本料理	2021	TOKYO	銀座 あさみ	東京都	https://award.tabelog.com/hyakumeiten/japanese_tokyo/2021	46232	店舗照合済	2021年百名店公式選出（日本料理 百名店 TOKYO・公式掲載順 19/100）
HYK2021-1520	13154602	食べログ	日本料理 百名店	百名店	日本料理	2021	TOKYO	懐石料理 はし本	東京都	https://award.tabelog.com/hyakumeiten/japanese_tokyo/2021	46232	店舗照合済	2021年百名店公式選出（日本料理 百名店 TOKYO・公式掲載順 20/100）
HYK2021-1521	13162190	食べログ	日本料理 百名店	百名店	日本料理	2021	TOKYO	喰善 あべ	東京都	https://award.tabelog.com/hyakumeiten/japanese_tokyo/2021	46232	店舗照合済	2021年百名店公式選出（日本料理 百名店 TOKYO・公式掲載順 21/100）
HYK2021-1522	13234010	食べログ	日本料理 百名店	百名店	日本料理	2021	TOKYO	鈴田式	東京都	https://award.tabelog.com/hyakumeiten/japanese_tokyo/2021	46232	店舗照合済	2021年百名店公式選出（日本料理 百名店 TOKYO・公式掲載順 22/100）
HYK2021-1523	13030766	食べログ	日本料理 百名店	百名店	日本料理	2021	TOKYO	新ばし 久	東京都	https://award.tabelog.com/hyakumeiten/japanese_tokyo/2021	46232	店舗照合済	2021年百名店公式選出（日本料理 百名店 TOKYO・公式掲載順 23/100）
HYK2021-1524	13002818	食べログ	日本料理 百名店	百名店	日本料理	2021	TOKYO	赤坂とゝや魚新	東京都	https://award.tabelog.com/hyakumeiten/japanese_tokyo/2021	46232	店舗照合済	2021年百名店公式選出（日本料理 百名店 TOKYO・公式掲載順 24/100）
HYK2021-1525	13006021	食べログ	日本料理 百名店	百名店	日本料理	2021	TOKYO	うかい鳥山	東京都	https://award.tabelog.com/hyakumeiten/japanese_tokyo/2021	46232	店舗照合済	2021年百名店公式選出（日本料理 百名店 TOKYO・公式掲載順 25/100）
HYK2021-1526	13186582	食べログ	日本料理 百名店	百名店	日本料理	2021	TOKYO	恵比寿 くろいわ	東京都	https://award.tabelog.com/hyakumeiten/japanese_tokyo/2021	46232	店舗照合済	2021年百名店公式選出（日本料理 百名店 TOKYO・公式掲載順 26/100）
HYK2021-1527	13001664	食べログ	日本料理 百名店	百名店	日本料理	2021	TOKYO	麻布 かどわき	東京都	https://award.tabelog.com/hyakumeiten/japanese_tokyo/2021	46232	店舗照合済	2021年百名店公式選出（日本料理 百名店 TOKYO・公式掲載順 27/100）
HYK2021-1528	13221959	食べログ	日本料理 百名店	百名店	日本料理	2021	TOKYO	蓮 三四七	東京都	https://award.tabelog.com/hyakumeiten/japanese_tokyo/2021	46232	店舗照合済	2021年百名店公式選出（日本料理 百名店 TOKYO・公式掲載順 28/100）
HYK2021-1529	13226856	食べログ	日本料理 百名店	百名店	日本料理	2021	TOKYO	紀茂登	東京都	https://award.tabelog.com/hyakumeiten/japanese_tokyo/2021	46232	店舗照合済	2021年百名店公式選出（日本料理 百名店 TOKYO・公式掲載順 29/100）
HYK2021-1530	13207060	食べログ	日本料理 百名店	百名店	日本料理	2021	TOKYO	多仁本	東京都	https://award.tabelog.com/hyakumeiten/japanese_tokyo/2021	46232	店舗照合済	2021年百名店公式選出（日本料理 百名店 TOKYO・公式掲載順 30/100）
HYK2021-1531	13005469	食べログ	日本料理 百名店	百名店	日本料理	2021	TOKYO	分とく山	東京都	https://award.tabelog.com/hyakumeiten/japanese_tokyo/2021	46232	店舗照合済	2021年百名店公式選出（日本料理 百名店 TOKYO・公式掲載順 31/100）
HYK2021-1532	13158579	食べログ	日本料理 百名店	百名店	日本料理	2021	TOKYO	まる富	東京都	https://award.tabelog.com/hyakumeiten/japanese_tokyo/2021	46232	店舗照合済	2021年百名店公式選出（日本料理 百名店 TOKYO・公式掲載順 32/100）
HYK2021-1533	13034770	食べログ	日本料理 百名店	百名店	日本料理	2021	TOKYO	和創作 太	東京都	https://award.tabelog.com/hyakumeiten/japanese_tokyo/2021	46232	店舗照合済	2021年百名店公式選出（日本料理 百名店 TOKYO・公式掲載順 33/100）
HYK2021-1534	13005316	食べログ	日本料理 百名店	百名店	日本料理	2021	TOKYO	麻布 幸村	東京都	https://award.tabelog.com/hyakumeiten/japanese_tokyo/2021	46232	店舗照合済	2021年百名店公式選出（日本料理 百名店 TOKYO・公式掲載順 34/100）
HYK2021-1535	13220791	食べログ	日本料理 百名店	百名店	日本料理	2021	TOKYO	常	東京都	https://award.tabelog.com/hyakumeiten/japanese_tokyo/2021	46232	店舗照合済	2021年百名店公式選出（日本料理 百名店 TOKYO・公式掲載順 35/100）
HYK2021-1536	13127807	食べログ	日本料理 百名店	百名店	日本料理	2021	TOKYO	日本料理 晴山	東京都	https://award.tabelog.com/hyakumeiten/japanese_tokyo/2021	46232	店舗照合済	2021年百名店公式選出（日本料理 百名店 TOKYO・公式掲載順 36/100）
HYK2021-1537	13151542	食べログ	日本料理 百名店	百名店	日本料理	2021	TOKYO	はらまさ	東京都	https://award.tabelog.com/hyakumeiten/japanese_tokyo/2021	46232	店舗照合済	2021年百名店公式選出（日本料理 百名店 TOKYO・公式掲載順 37/100）
HYK2021-1538	13005683	食べログ	日本料理 百名店	百名店	日本料理	2021	TOKYO	銀座 小十	東京都	https://award.tabelog.com/hyakumeiten/japanese_tokyo/2021	46232	店舗照合済	2021年百名店公式選出（日本料理 百名店 TOKYO・公式掲載順 38/100）
HYK2021-1539	13049130	食べログ	日本料理 百名店	百名店	日本料理	2021	TOKYO	虎白	東京都	https://award.tabelog.com/hyakumeiten/japanese_tokyo/2021	46232	店舗照合済	2021年百名店公式選出（日本料理 百名店 TOKYO・公式掲載順 39/100）
HYK2021-1540	13001457	食べログ	日本料理 百名店	百名店	日本料理	2021	TOKYO	龍吟	東京都	https://award.tabelog.com/hyakumeiten/japanese_tokyo/2021	46232	店舗照合済	2021年百名店公式選出（日本料理 百名店 TOKYO・公式掲載順 40/100）
HYK2021-1541	13184986	食べログ	日本料理 百名店	百名店	日本料理	2021	TOKYO	御料理 宮坂	東京都	https://award.tabelog.com/hyakumeiten/japanese_tokyo/2021	46232	店舗照合済	2021年百名店公式選出（日本料理 百名店 TOKYO・公式掲載順 41/100）
HYK2021-1542	13004079	食べログ	日本料理 百名店	百名店	日本料理	2021	TOKYO	神楽坂 石かわ	東京都	https://award.tabelog.com/hyakumeiten/japanese_tokyo/2021	46232	店舗照合済	2021年百名店公式選出（日本料理 百名店 TOKYO・公式掲載順 42/100）
HYK2021-1543	13030881	食べログ	日本料理 百名店	百名店	日本料理	2021	TOKYO	井雪	東京都	https://award.tabelog.com/hyakumeiten/japanese_tokyo/2021	46232	店舗照合済	2021年百名店公式選出（日本料理 百名店 TOKYO・公式掲載順 43/100）
HYK2021-1544	13004206	食べログ	日本料理 百名店	百名店	日本料理	2021	TOKYO	梢	東京都	https://award.tabelog.com/hyakumeiten/japanese_tokyo/2021	46232	店舗照合済	2021年百名店公式選出（日本料理 百名店 TOKYO・公式掲載順 44/100）
HYK2021-1545	13000458	食べログ	日本料理 百名店	百名店	日本料理	2021	TOKYO	山さき	東京都	https://award.tabelog.com/hyakumeiten/japanese_tokyo/2021	46232	店舗照合済	2021年百名店公式選出（日本料理 百名店 TOKYO・公式掲載順 45/100）
HYK2021-1546	13162454	食べログ	日本料理 百名店	百名店	日本料理	2021	TOKYO	白金台こばやし	東京都	https://award.tabelog.com/hyakumeiten/japanese_tokyo/2021	46232	店舗照合済	2021年百名店公式選出（日本料理 百名店 TOKYO・公式掲載順 46/100）
HYK2021-1547	13094789	食べログ	日本料理 百名店	百名店	日本料理	2021	TOKYO	くろぎ	東京都	https://award.tabelog.com/hyakumeiten/japanese_tokyo/2021	46232	店舗照合済	2021年百名店公式選出（日本料理 百名店 TOKYO・公式掲載順 47/100）
HYK2021-1548	13003560	食べログ	日本料理 百名店	百名店	日本料理	2021	TOKYO	韻松亭	東京都	https://award.tabelog.com/hyakumeiten/japanese_tokyo/2021	46232	店舗照合済	2021年百名店公式選出（日本料理 百名店 TOKYO・公式掲載順 48/100）
HYK2021-1549	13150477	食べログ	日本料理 百名店	百名店	日本料理	2021	TOKYO	和食 こんどう	東京都	https://award.tabelog.com/hyakumeiten/japanese_tokyo/2021	46232	店舗照合済	2021年百名店公式選出（日本料理 百名店 TOKYO・公式掲載順 49/100）
HYK2021-1550	13014415	食べログ	日本料理 百名店	百名店	日本料理	2021	TOKYO	懐食みちば	東京都	https://award.tabelog.com/hyakumeiten/japanese_tokyo/2021	46232	店舗照合済	2021年百名店公式選出（日本料理 百名店 TOKYO・公式掲載順 50/100）
HYK2021-1551	13001215	食べログ	日本料理 百名店	百名店	日本料理	2021	TOKYO	樋口	東京都	https://award.tabelog.com/hyakumeiten/japanese_tokyo/2021	46232	店舗照合済	2021年百名店公式選出（日本料理 百名店 TOKYO・公式掲載順 51/100）
HYK2021-1552	13218481	食べログ	日本料理 百名店	百名店	日本料理	2021	TOKYO	あらいかわ	東京都	https://award.tabelog.com/hyakumeiten/japanese_tokyo/2021	46232	店舗照合済	2021年百名店公式選出（日本料理 百名店 TOKYO・公式掲載順 52/100）
HYK2021-1553	13129763	食べログ	日本料理 百名店	百名店	日本料理	2021	TOKYO	銀座 奥田	東京都	https://award.tabelog.com/hyakumeiten/japanese_tokyo/2021	46232	店舗照合済	2021年百名店公式選出（日本料理 百名店 TOKYO・公式掲載順 53/100）
HYK2021-1554	13119927	食べログ	日本料理 百名店	百名店	日本料理	2021	TOKYO	寿修	東京都	https://award.tabelog.com/hyakumeiten/japanese_tokyo/2021	46232	店舗照合済	2021年百名店公式選出（日本料理 百名店 TOKYO・公式掲載順 54/100）
HYK2021-1555	13004355	食べログ	日本料理 百名店	百名店	日本料理	2021	TOKYO	板前心 菊うら	東京都	https://award.tabelog.com/hyakumeiten/japanese_tokyo/2021	46232	店舗照合済	2021年百名店公式選出（日本料理 百名店 TOKYO・公式掲載順 55/100）
HYK2021-1556	13174951	食べログ	日本料理 百名店	百名店	日本料理	2021	TOKYO	麻布十番 ふくだ	東京都	https://award.tabelog.com/hyakumeiten/japanese_tokyo/2021	46232	店舗照合済	2021年百名店公式選出（日本料理 百名店 TOKYO・公式掲載順 56/100）
HYK2021-1557	13100055	食べログ	日本料理 百名店	百名店	日本料理	2021	TOKYO	帰燕	東京都	https://award.tabelog.com/hyakumeiten/japanese_tokyo/2021	46232	店舗照合済	2021年百名店公式選出（日本料理 百名店 TOKYO・公式掲載順 57/100）
HYK2021-1558	13020781	食べログ	日本料理 百名店	百名店	日本料理	2021	TOKYO	新ばし 笹田	東京都	https://award.tabelog.com/hyakumeiten/japanese_tokyo/2021	46232	店舗照合済	2021年百名店公式選出（日本料理 百名店 TOKYO・公式掲載順 58/100）
HYK2021-1559	13001228	食べログ	日本料理 百名店	百名店	日本料理	2021	TOKYO	懐石 辻留	東京都	https://award.tabelog.com/hyakumeiten/japanese_tokyo/2021	46232	店舗照合済	2021年百名店公式選出（日本料理 百名店 TOKYO・公式掲載順 59/100）
HYK2021-1560	13232735	食べログ	日本料理 百名店	百名店	日本料理	2021	TOKYO	銀座ふじやま	東京都	https://award.tabelog.com/hyakumeiten/japanese_tokyo/2021	46232	店舗照合済	2021年百名店公式選出（日本料理 百名店 TOKYO・公式掲載順 60/100）
HYK2021-1561	13005439	食べログ	日本料理 百名店	百名店	日本料理	2021	TOKYO	かんだ	東京都	https://award.tabelog.com/hyakumeiten/japanese_tokyo/2021	46232	店舗照合済	2021年百名店公式選出（日本料理 百名店 TOKYO・公式掲載順 61/100）
HYK2021-1562	13000591	食べログ	日本料理 百名店	百名店	日本料理	2021	TOKYO	金田中 庵	東京都	https://award.tabelog.com/hyakumeiten/japanese_tokyo/2021	46232	店舗照合済	2021年百名店公式選出（日本料理 百名店 TOKYO・公式掲載順 62/100）
HYK2021-1563	13000959	食べログ	日本料理 百名店	百名店	日本料理	2021	TOKYO	新宿割烹 中嶋	東京都	https://award.tabelog.com/hyakumeiten/japanese_tokyo/2021	46232	店舗照合済	2021年百名店公式選出（日本料理 百名店 TOKYO・公式掲載順 63/100）
HYK2021-1564	13115557	食べログ	日本料理 百名店	百名店	日本料理	2021	TOKYO	ぎんざ 一二岐	東京都	https://award.tabelog.com/hyakumeiten/japanese_tokyo/2021	46232	店舗照合済	2021年百名店公式選出（日本料理 百名店 TOKYO・公式掲載順 64/100）
HYK2021-1565	13225691	食べログ	日本料理 百名店	百名店	日本料理	2021	TOKYO	山﨑	東京都	https://award.tabelog.com/hyakumeiten/japanese_tokyo/2021	46232	店舗照合済	2021年百名店公式選出（日本料理 百名店 TOKYO・公式掲載順 65/100）
HYK2021-1566	13245491	食べログ	日本料理 百名店	百名店	日本料理	2021	TOKYO	銀座・器楽亭	東京都	https://award.tabelog.com/hyakumeiten/japanese_tokyo/2021	46232	店舗照合済	2021年百名店公式選出（日本料理 百名店 TOKYO・公式掲載順 66/100）
HYK2021-1567	13005014	食べログ	日本料理 百名店	百名店	日本料理	2021	TOKYO	六雁	東京都	https://award.tabelog.com/hyakumeiten/japanese_tokyo/2021	46232	店舗照合済	2021年百名店公式選出（日本料理 百名店 TOKYO・公式掲載順 67/100）
HYK2021-1568	13232330	食べログ	日本料理 百名店	百名店	日本料理	2021	TOKYO	川田	東京都	https://award.tabelog.com/hyakumeiten/japanese_tokyo/2021	46232	店舗照合済	2021年百名店公式選出（日本料理 百名店 TOKYO・公式掲載順 68/100）
HYK2021-1569	13220750	食べログ	日本料理 百名店	百名店	日本料理	2021	TOKYO	久丹	東京都	https://award.tabelog.com/hyakumeiten/japanese_tokyo/2021	46232	店舗照合済	2021年百名店公式選出（日本料理 百名店 TOKYO・公式掲載順 69/100）
HYK2021-1570	13176396	食べログ	日本料理 百名店	百名店	日本料理	2021	TOKYO	いち太	東京都	https://award.tabelog.com/hyakumeiten/japanese_tokyo/2021	46232	店舗照合済	2021年百名店公式選出（日本料理 百名店 TOKYO・公式掲載順 70/100）
HYK2021-1571	13005027	食べログ	日本料理 百名店	百名店	日本料理	2021	TOKYO	と村	東京都	https://award.tabelog.com/hyakumeiten/japanese_tokyo/2021	46232	店舗照合済	2021年百名店公式選出（日本料理 百名店 TOKYO・公式掲載順 71/100）
HYK2021-1572	13111754	食べログ	日本料理 百名店	百名店	日本料理	2021	TOKYO	割烹 喜作	東京都	https://award.tabelog.com/hyakumeiten/japanese_tokyo/2021	46232	店舗照合済	2021年百名店公式選出（日本料理 百名店 TOKYO・公式掲載順 72/100）
HYK2021-1573	13233057	食べログ	日本料理 百名店	百名店	日本料理	2021	TOKYO	御成門はる	東京都	https://award.tabelog.com/hyakumeiten/japanese_tokyo/2021	46232	店舗照合済	2021年百名店公式選出（日本料理 百名店 TOKYO・公式掲載順 73/100）
HYK2021-1574	13160021	食べログ	日本料理 百名店	百名店	日本料理	2021	TOKYO	日本料理 太月	東京都	https://award.tabelog.com/hyakumeiten/japanese_tokyo/2021	46232	店舗照合済	2021年百名店公式選出（日本料理 百名店 TOKYO・公式掲載順 74/100）
HYK2021-1575	13167887	食べログ	日本料理 百名店	百名店	日本料理	2021	TOKYO	銀座 kappou ukai	東京都	https://award.tabelog.com/hyakumeiten/japanese_tokyo/2021	46232	店舗照合済	2021年百名店公式選出（日本料理 百名店 TOKYO・公式掲載順 75/100）
HYK2021-1576	13003006	食べログ	日本料理 百名店	百名店	日本料理	2021	TOKYO	志づ香	東京都	https://award.tabelog.com/hyakumeiten/japanese_tokyo/2021	46232	店舗照合済	2021年百名店公式選出（日本料理 百名店 TOKYO・公式掲載順 76/100）
HYK2021-1577	13200286	食べログ	日本料理 百名店	百名店	日本料理	2021	TOKYO	津の守坂 小柴	東京都	https://award.tabelog.com/hyakumeiten/japanese_tokyo/2021	46232	店舗照合済	2021年百名店公式選出（日本料理 百名店 TOKYO・公式掲載順 77/100）
HYK2021-1578	13187102	食べログ	日本料理 百名店	百名店	日本料理	2021	TOKYO	寛幸	東京都	https://award.tabelog.com/hyakumeiten/japanese_tokyo/2021	46232	店舗照合済	2021年百名店公式選出（日本料理 百名店 TOKYO・公式掲載順 78/100）
HYK2021-1579	13175030	食べログ	日本料理 百名店	百名店	日本料理	2021	TOKYO	銀座 よし澤	東京都	https://award.tabelog.com/hyakumeiten/japanese_tokyo/2021	46232	店舗照合済	2021年百名店公式選出（日本料理 百名店 TOKYO・公式掲載順 79/100）
HYK2021-1580	13124391	食べログ	日本料理 百名店	百名店	日本料理	2021	TOKYO	松川	東京都	https://award.tabelog.com/hyakumeiten/japanese_tokyo/2021	46232	店舗照合済	2021年百名店公式選出（日本料理 百名店 TOKYO・公式掲載順 80/100）
HYK2021-1581	13018859	食べログ	日本料理 百名店	百名店	日本料理	2021	TOKYO	いふう	東京都	https://award.tabelog.com/hyakumeiten/japanese_tokyo/2021	46232	店舗照合済	2021年百名店公式選出（日本料理 百名店 TOKYO・公式掲載順 81/100）
HYK2021-1582	13060453	食べログ	日本料理 百名店	百名店	日本料理	2021	TOKYO	銀座 座屋	東京都	https://award.tabelog.com/hyakumeiten/japanese_tokyo/2021	46232	店舗照合済	2021年百名店公式選出（日本料理 百名店 TOKYO・公式掲載順 82/100）
HYK2021-1583	13015266	食べログ	日本料理 百名店	百名店	日本料理	2021	TOKYO	ひろ作	東京都	https://award.tabelog.com/hyakumeiten/japanese_tokyo/2021	46232	店舗照合済	2021年百名店公式選出（日本料理 百名店 TOKYO・公式掲載順 83/100）
HYK2021-1584	13002088	食べログ	日本料理 百名店	百名店	日本料理	2021	TOKYO	とく山	東京都	https://award.tabelog.com/hyakumeiten/japanese_tokyo/2021	46232	店舗照合済	2021年百名店公式選出（日本料理 百名店 TOKYO・公式掲載順 84/100）
HYK2021-1585	13245499	食べログ	日本料理 百名店	百名店	日本料理	2021	TOKYO	赤坂おぎ乃	東京都	https://award.tabelog.com/hyakumeiten/japanese_tokyo/2021	46232	店舗照合済	2021年百名店公式選出（日本料理 百名店 TOKYO・公式掲載順 85/100）
HYK2021-1586	13004075	食べログ	日本料理 百名店	百名店	日本料理	2021	TOKYO	伊豆の旬 やんも 丸の内店	東京都	https://award.tabelog.com/hyakumeiten/japanese_tokyo/2021	46232	店舗照合済	2021年百名店公式選出（日本料理 百名店 TOKYO・公式掲載順 86/100）
HYK2021-1587	13002514	食べログ	日本料理 百名店	百名店	日本料理	2021	TOKYO	赤坂 菊乃井	東京都	https://award.tabelog.com/hyakumeiten/japanese_tokyo/2021	46232	店舗照合済	2021年百名店公式選出（日本料理 百名店 TOKYO・公式掲載順 87/100）
HYK2021-1588	13022419	食べログ	日本料理 百名店	百名店	日本料理	2021	TOKYO	ふく田	東京都	https://award.tabelog.com/hyakumeiten/japanese_tokyo/2021	46232	店舗照合済	2021年百名店公式選出（日本料理 百名店 TOKYO・公式掲載順 88/100）
HYK2021-1589	13037993	食べログ	日本料理 百名店	百名店	日本料理	2021	TOKYO	ひのきざか	東京都	https://award.tabelog.com/hyakumeiten/japanese_tokyo/2021	46232	店舗照合済	2021年百名店公式選出（日本料理 百名店 TOKYO・公式掲載順 89/100）
HYK2021-1590	13002322	食べログ	日本料理 百名店	百名店	日本料理	2021	TOKYO	うち山	東京都	https://award.tabelog.com/hyakumeiten/japanese_tokyo/2021	46232	店舗照合済	2021年百名店公式選出（日本料理 百名店 TOKYO・公式掲載順 90/100）
HYK2021-1591	13200949	食べログ	日本料理 百名店	百名店	日本料理	2021	TOKYO	銀座 しのはら	東京都	https://award.tabelog.com/hyakumeiten/japanese_tokyo/2021	46232	店舗照合済	2021年百名店公式選出（日本料理 百名店 TOKYO・公式掲載順 91/100）
HYK2021-1592	13119576	食べログ	日本料理 百名店	百名店	日本料理	2021	TOKYO	すず木	東京都	https://award.tabelog.com/hyakumeiten/japanese_tokyo/2021	46232	店舗照合済	2021年百名店公式選出（日本料理 百名店 TOKYO・公式掲載順 92/100）
HYK2021-1593	13216329	食べログ	日本料理 百名店	百名店	日本料理	2021	TOKYO	茶寮 宮坂	東京都	https://award.tabelog.com/hyakumeiten/japanese_tokyo/2021	46232	店舗照合済	2021年百名店公式選出（日本料理 百名店 TOKYO・公式掲載順 93/100）
HYK2021-1594	13049538	食べログ	日本料理 百名店	百名店	日本料理	2021	TOKYO	米福	東京都	https://award.tabelog.com/hyakumeiten/japanese_tokyo/2021	46232	店舗照合済	2021年百名店公式選出（日本料理 百名店 TOKYO・公式掲載順 94/100）
HYK2021-1595	13178685	食べログ	日本料理 百名店	百名店	日本料理	2021	TOKYO	六寛	東京都	https://award.tabelog.com/hyakumeiten/japanese_tokyo/2021	46232	店舗照合済	2021年百名店公式選出（日本料理 百名店 TOKYO・公式掲載順 95/100）
HYK2021-1596	13016622	食べログ	日本料理 百名店	百名店	日本料理	2021	TOKYO	食彩 かどた	東京都	https://award.tabelog.com/hyakumeiten/japanese_tokyo/2021	46232	店舗照合済	2021年百名店公式選出（日本料理 百名店 TOKYO・公式掲載順 96/100）
HYK2021-1597	13129656	食べログ	日本料理 百名店	百名店	日本料理	2021	TOKYO	徳 うち山	東京都	https://award.tabelog.com/hyakumeiten/japanese_tokyo/2021	46232	店舗照合済	2021年百名店公式選出（日本料理 百名店 TOKYO・公式掲載順 97/100）
HYK2021-1598	13009543	食べログ	日本料理 百名店	百名店	日本料理	2021	TOKYO	銀座 とよだ	東京都	https://award.tabelog.com/hyakumeiten/japanese_tokyo/2021	46232	店舗照合済	2021年百名店公式選出（日本料理 百名店 TOKYO・公式掲載順 98/100）
HYK2021-1599	13200027	食べログ	日本料理 百名店	百名店	日本料理	2021	TOKYO	味ひろ	東京都	https://award.tabelog.com/hyakumeiten/japanese_tokyo/2021	46232	店舗照合済	2021年百名店公式選出（日本料理 百名店 TOKYO・公式掲載順 99/100）
HYK2021-1600	13001153	食べログ	日本料理 百名店	百名店	日本料理	2021	TOKYO	重よし	東京都	https://award.tabelog.com/hyakumeiten/japanese_tokyo/2021	46232	店舗照合済	2021年百名店公式選出（日本料理 百名店 TOKYO・公式掲載順 100/100）
HYK2021-1601	16000725	食べログ	日本料理 百名店	百名店	日本料理	2021	WEST	日本料理山崎	富山県	https://award.tabelog.com/hyakumeiten/japanese_west/2021	46232	店舗照合済	2021年百名店公式選出（日本料理 百名店 WEST・公式掲載順 1/100）
HYK2021-1602	40036894	食べログ	日本料理 百名店	百名店	日本料理	2021	WEST	大どころ	福岡県	https://award.tabelog.com/hyakumeiten/japanese_west/2021	46232	店舗照合済	2021年百名店公式選出（日本料理 百名店 WEST・公式掲載順 2/100）
HYK2021-1603	17001496	食べログ	日本料理 百名店	百名店	日本料理	2021	WEST	御料理 貴船	石川県	https://award.tabelog.com/hyakumeiten/japanese_west/2021	46232	店舗照合済	2021年百名店公式選出（日本料理 百名店 WEST・公式掲載順 3/100）
HYK2021-1604	25003866	食べログ	日本料理 百名店	百名店	日本料理	2021	WEST	炭火割烹 蔓ききょう	滋賀県	https://award.tabelog.com/hyakumeiten/japanese_west/2021	46232	店舗照合済	2021年百名店公式選出（日本料理 百名店 WEST・公式掲載順 4/100）
HYK2021-1605	26028604	食べログ	日本料理 百名店	百名店	日本料理	2021	WEST	御幸町 田がわ	京都府	https://award.tabelog.com/hyakumeiten/japanese_west/2021	46232	店舗照合済	2021年百名店公式選出（日本料理 百名店 WEST・公式掲載順 5/100）
HYK2021-1606	26029017	食べログ	日本料理 百名店	百名店	日本料理	2021	WEST	木山	京都府	https://award.tabelog.com/hyakumeiten/japanese_west/2021	46232	店舗照合済	2021年百名店公式選出（日本料理 百名店 WEST・公式掲載順 6/100）
HYK2021-1607	26024689	食べログ	日本料理 百名店	百名店	日本料理	2021	WEST	高松	京都府	https://award.tabelog.com/hyakumeiten/japanese_west/2021	46232	店舗照合済	2021年百名店公式選出（日本料理 百名店 WEST・公式掲載順 7/100）
HYK2021-1608	26001012	食べログ	日本料理 百名店	百名店	日本料理	2021	WEST	瓢亭 本店	京都府	https://award.tabelog.com/hyakumeiten/japanese_west/2021	46232	店舗照合済	2021年百名店公式選出（日本料理 百名店 WEST・公式掲載順 8/100）
HYK2021-1609	26015836	食べログ	日本料理 百名店	百名店	日本料理	2021	WEST	魚菜料理 縄屋	京都府	https://award.tabelog.com/hyakumeiten/japanese_west/2021	46232	店舗照合済	2021年百名店公式選出（日本料理 百名店 WEST・公式掲載順 9/100）
HYK2021-1610	26027852	食べログ	日本料理 百名店	百名店	日本料理	2021	WEST	祇園 にし	京都府	https://award.tabelog.com/hyakumeiten/japanese_west/2021	46232	店舗照合済	2021年百名店公式選出（日本料理 百名店 WEST・公式掲載順 10/100）
HYK2021-1611	26002259	食べログ	日本料理 百名店	百名店	日本料理	2021	WEST	八寸	京都府	https://award.tabelog.com/hyakumeiten/japanese_west/2021	46232	店舗照合済	2021年百名店公式選出（日本料理 百名店 WEST・公式掲載順 11/100）
HYK2021-1612	26022648	食べログ	日本料理 百名店	百名店	日本料理	2021	WEST	御料理 光安	京都府	https://award.tabelog.com/hyakumeiten/japanese_west/2021	46232	店舗照合済	2021年百名店公式選出（日本料理 百名店 WEST・公式掲載順 12/100）
HYK2021-1613	26000621	食べログ	日本料理 百名店	百名店	日本料理	2021	WEST	室町 和久傳	京都府	https://award.tabelog.com/hyakumeiten/japanese_west/2021	46232	店舗照合済	2021年百名店公式選出（日本料理 百名店 WEST・公式掲載順 13/100）
HYK2021-1614	27073089	食べログ	日本料理 百名店	百名店	日本料理	2021	WEST	日本料理 楽心	大阪府	https://award.tabelog.com/hyakumeiten/japanese_west/2021	46232	店舗照合済	2021年百名店公式選出（日本料理 百名店 WEST・公式掲載順 14/100）
HYK2021-1615	26009394	食べログ	日本料理 百名店	百名店	日本料理	2021	WEST	祇園 末友	京都府	https://award.tabelog.com/hyakumeiten/japanese_west/2021	46232	店舗照合済	2021年百名店公式選出（日本料理 百名店 WEST・公式掲載順 15/100）
HYK2021-1616	27001233	食べログ	日本料理 百名店	百名店	日本料理	2021	WEST	う越貞	大阪府	https://award.tabelog.com/hyakumeiten/japanese_west/2021	46232	店舗照合済	2021年百名店公式選出（日本料理 百名店 WEST・公式掲載順 16/100）
HYK2021-1617	44006115	食べログ	日本料理 百名店	百名店	日本料理	2021	WEST	味あら井	大分県	https://award.tabelog.com/hyakumeiten/japanese_west/2021	46232	店舗照合済	2021年百名店公式選出（日本料理 百名店 WEST・公式掲載順 17/100）
HYK2021-1618	25000772	食べログ	日本料理 百名店	百名店	日本料理	2021	WEST	比良山荘	滋賀県	https://award.tabelog.com/hyakumeiten/japanese_west/2021	46232	店舗照合済	2021年百名店公式選出（日本料理 百名店 WEST・公式掲載順 18/100）
HYK2021-1619	26030495	食べログ	日本料理 百名店	百名店	日本料理	2021	WEST	杦	京都府	https://award.tabelog.com/hyakumeiten/japanese_west/2021	46232	店舗照合済	2021年百名店公式選出（日本料理 百名店 WEST・公式掲載順 19/100）
HYK2021-1620	26004751	食べログ	日本料理 百名店	百名店	日本料理	2021	WEST	日本料理 とくを	京都府	https://award.tabelog.com/hyakumeiten/japanese_west/2021	46232	店舗照合済	2021年百名店公式選出（日本料理 百名店 WEST・公式掲載順 20/100）
HYK2021-1621	17000024	食べログ	日本料理 百名店	百名店	日本料理	2021	WEST	竹千代	石川県	https://award.tabelog.com/hyakumeiten/japanese_west/2021	46232	店舗照合済	2021年百名店公式選出（日本料理 百名店 WEST・公式掲載順 21/100）
HYK2021-1622	17011166	食べログ	日本料理 百名店	百名店	日本料理	2021	WEST	片折	石川県	https://award.tabelog.com/hyakumeiten/japanese_west/2021	46232	店舗照合済	2021年百名店公式選出（日本料理 百名店 WEST・公式掲載順 22/100）
HYK2021-1623	28006093	食べログ	日本料理 百名店	百名店	日本料理	2021	WEST	料理屋 植むら	兵庫県	https://award.tabelog.com/hyakumeiten/japanese_west/2021	46232	店舗照合済	2021年百名店公式選出（日本料理 百名店 WEST・公式掲載順 23/100）
HYK2021-1624	26018405	食べログ	日本料理 百名店	百名店	日本料理	2021	WEST	安久	京都府	https://award.tabelog.com/hyakumeiten/japanese_west/2021	46232	店舗照合済	2021年百名店公式選出（日本料理 百名店 WEST・公式掲載順 24/100）
HYK2021-1625	26026456	食べログ	日本料理 百名店	百名店	日本料理	2021	WEST	弧玖	京都府	https://award.tabelog.com/hyakumeiten/japanese_west/2021	46232	店舗照合済	2021年百名店公式選出（日本料理 百名店 WEST・公式掲載順 25/100）
HYK2021-1626	26016620	食べログ	日本料理 百名店	百名店	日本料理	2021	WEST	竹屋町 三多	京都府	https://award.tabelog.com/hyakumeiten/japanese_west/2021	46232	店舗照合済	2021年百名店公式選出（日本料理 百名店 WEST・公式掲載順 26/100）
HYK2021-1627	26030764	食べログ	日本料理 百名店	百名店	日本料理	2021	WEST	道人	京都府	https://award.tabelog.com/hyakumeiten/japanese_west/2021	46232	店舗照合済	2021年百名店公式選出（日本料理 百名店 WEST・公式掲載順 27/100）
HYK2021-1628	26001312	食べログ	日本料理 百名店	百名店	日本料理	2021	WEST	京都 吉兆 嵐山本店	京都府	https://award.tabelog.com/hyakumeiten/japanese_west/2021	46232	店舗照合済	2021年百名店公式選出（日本料理 百名店 WEST・公式掲載順 28/100）
HYK2021-1629	27095726	食べログ	日本料理 百名店	百名店	日本料理	2021	WEST	米増	大阪府	https://award.tabelog.com/hyakumeiten/japanese_west/2021	46232	店舗照合済	2021年百名店公式選出（日本料理 百名店 WEST・公式掲載順 29/100）
HYK2021-1630	26003637	食べログ	日本料理 百名店	百名店	日本料理	2021	WEST	なかむら	京都府	https://award.tabelog.com/hyakumeiten/japanese_west/2021	46232	店舗照合済	2021年百名店公式選出（日本料理 百名店 WEST・公式掲載順 30/100）
HYK2021-1631	27068283	食べログ	日本料理 百名店	百名店	日本料理	2021	WEST	お料理 宮本	大阪府	https://award.tabelog.com/hyakumeiten/japanese_west/2021	46232	店舗照合済	2021年百名店公式選出（日本料理 百名店 WEST・公式掲載順 31/100）
HYK2021-1632	26020923	食べログ	日本料理 百名店	百名店	日本料理	2021	WEST	前田	京都府	https://award.tabelog.com/hyakumeiten/japanese_west/2021	46232	店舗照合済	2021年百名店公式選出（日本料理 百名店 WEST・公式掲載順 32/100）
HYK2021-1633	26014309	食べログ	日本料理 百名店	百名店	日本料理	2021	WEST	旬席 鈴江	京都府	https://award.tabelog.com/hyakumeiten/japanese_west/2021	46232	店舗照合済	2021年百名店公式選出（日本料理 百名店 WEST・公式掲載順 33/100）
HYK2021-1634	27017665	食べログ	日本料理 百名店	百名店	日本料理	2021	WEST	もめん	大阪府	https://award.tabelog.com/hyakumeiten/japanese_west/2021	46232	店舗照合済	2021年百名店公式選出（日本料理 百名店 WEST・公式掲載順 34/100）
HYK2021-1635	26001863	食べログ	日本料理 百名店	百名店	日本料理	2021	WEST	祇園 さゝ木	京都府	https://award.tabelog.com/hyakumeiten/japanese_west/2021	46232	店舗照合済	2021年百名店公式選出（日本料理 百名店 WEST・公式掲載順 35/100）
HYK2021-1636	25000052	食べログ	日本料理 百名店	百名店	日本料理	2021	WEST	招福樓 本店	滋賀県	https://award.tabelog.com/hyakumeiten/japanese_west/2021	46232	店舗照合済	2021年百名店公式選出（日本料理 百名店 WEST・公式掲載順 36/100）
HYK2021-1637	32000061	食べログ	日本料理 百名店	百名店	日本料理	2021	WEST	割烹 美加登家	島根県	https://award.tabelog.com/hyakumeiten/japanese_west/2021	46232	店舗照合済	2021年百名店公式選出（日本料理 百名店 WEST・公式掲載順 37/100）
HYK2021-1638	40000240	食べログ	日本料理 百名店	百名店	日本料理	2021	WEST	佐藤	福岡県	https://award.tabelog.com/hyakumeiten/japanese_west/2021	46232	店舗照合済	2021年百名店公式選出（日本料理 百名店 WEST・公式掲載順 38/100）
HYK2021-1639	26016833	食べログ	日本料理 百名店	百名店	日本料理	2021	WEST	飯田	京都府	https://award.tabelog.com/hyakumeiten/japanese_west/2021	46232	店舗照合済	2021年百名店公式選出（日本料理 百名店 WEST・公式掲載順 39/100）
HYK2021-1640	40054472	食べログ	日本料理 百名店	百名店	日本料理	2021	WEST	嗣味	福岡県	https://award.tabelog.com/hyakumeiten/japanese_west/2021	46232	店舗照合済	2021年百名店公式選出（日本料理 百名店 WEST・公式掲載順 40/100）
HYK2021-1641	26018304	食べログ	日本料理 百名店	百名店	日本料理	2021	WEST	京天神 野口	京都府	https://award.tabelog.com/hyakumeiten/japanese_west/2021	46232	店舗照合済	2021年百名店公式選出（日本料理 百名店 WEST・公式掲載順 41/100）
HYK2021-1642	26006471	食べログ	日本料理 百名店	百名店	日本料理	2021	WEST	祇園 又吉	京都府	https://award.tabelog.com/hyakumeiten/japanese_west/2021	46232	店舗照合済	2021年百名店公式選出（日本料理 百名店 WEST・公式掲載順 42/100）
HYK2021-1643	26002279	食べログ	日本料理 百名店	百名店	日本料理	2021	WEST	未在	京都府	https://award.tabelog.com/hyakumeiten/japanese_west/2021	46232	店舗照合済	2021年百名店公式選出（日本料理 百名店 WEST・公式掲載順 43/100）
HYK2021-1644	26001800	食べログ	日本料理 百名店	百名店	日本料理	2021	WEST	草喰 なかひがし	京都府	https://award.tabelog.com/hyakumeiten/japanese_west/2021	46232	店舗照合済	2021年百名店公式選出（日本料理 百名店 WEST・公式掲載順 44/100）
HYK2021-1645	26001968	食べログ	日本料理 百名店	百名店	日本料理	2021	WEST	祇園 丸山	京都府	https://award.tabelog.com/hyakumeiten/japanese_west/2021	46232	店舗照合済	2021年百名店公式選出（日本料理 百名店 WEST・公式掲載順 45/100）
HYK2021-1646	26027469	食べログ	日本料理 百名店	百名店	日本料理	2021	WEST	実伶	京都府	https://award.tabelog.com/hyakumeiten/japanese_west/2021	46232	店舗照合済	2021年百名店公式選出（日本料理 百名店 WEST・公式掲載順 46/100）
HYK2021-1647	26002511	食べログ	日本料理 百名店	百名店	日本料理	2021	WEST	京 上賀茂 御料理秋山	京都府	https://award.tabelog.com/hyakumeiten/japanese_west/2021	46232	店舗照合済	2021年百名店公式選出（日本料理 百名店 WEST・公式掲載順 47/100）
HYK2021-1648	41000027	食べログ	日本料理 百名店	百名店	日本料理	2021	WEST	日本料理 川島	佐賀県	https://award.tabelog.com/hyakumeiten/japanese_west/2021	46232	店舗照合済	2021年百名店公式選出（日本料理 百名店 WEST・公式掲載順 48/100）
HYK2021-1649	26026316	食べログ	日本料理 百名店	百名店	日本料理	2021	WEST	富小路 やま岸	京都府	https://award.tabelog.com/hyakumeiten/japanese_west/2021	46232	店舗照合済	2021年百名店公式選出（日本料理 百名店 WEST・公式掲載順 49/100）
HYK2021-1650	26024247	食べログ	日本料理 百名店	百名店	日本料理	2021	WEST	なる屋	京都府	https://award.tabelog.com/hyakumeiten/japanese_west/2021	46232	店舗照合済	2021年百名店公式選出（日本料理 百名店 WEST・公式掲載順 50/100）
HYK2021-1651	26006071	食べログ	日本料理 百名店	百名店	日本料理	2021	WEST	和ごころ 泉	京都府	https://award.tabelog.com/hyakumeiten/japanese_west/2021	46232	店舗照合済	2021年百名店公式選出（日本料理 百名店 WEST・公式掲載順 51/100）
HYK2021-1652	27001141	食べログ	日本料理 百名店	百名店	日本料理	2021	WEST	柏屋 大阪千里山	大阪府	https://award.tabelog.com/hyakumeiten/japanese_west/2021	46232	店舗照合済	2021年百名店公式選出（日本料理 百名店 WEST・公式掲載順 52/100）
HYK2021-1653	26007611	食べログ	日本料理 百名店	百名店	日本料理	2021	WEST	祇園 にしかわ	京都府	https://award.tabelog.com/hyakumeiten/japanese_west/2021	46232	店舗照合済	2021年百名店公式選出（日本料理 百名店 WEST・公式掲載順 53/100）
HYK2021-1654	27055493	食べログ	日本料理 百名店	百名店	日本料理	2021	WEST	松弥	大阪府	https://award.tabelog.com/hyakumeiten/japanese_west/2021	46232	店舗照合済	2021年百名店公式選出（日本料理 百名店 WEST・公式掲載順 54/100）
HYK2021-1655	26001726	食べログ	日本料理 百名店	百名店	日本料理	2021	WEST	ぎおん 阪川	京都府	https://award.tabelog.com/hyakumeiten/japanese_west/2021	46232	店舗照合済	2021年百名店公式選出（日本料理 百名店 WEST・公式掲載順 55/100）
HYK2021-1656	27067696	食べログ	日本料理 百名店	百名店	日本料理	2021	WEST	老松 喜多川	大阪府	https://award.tabelog.com/hyakumeiten/japanese_west/2021	46232	店舗照合済	2021年百名店公式選出（日本料理 百名店 WEST・公式掲載順 56/100）
HYK2021-1657	27077650	食べログ	日本料理 百名店	百名店	日本料理	2021	WEST	是しん	大阪府	https://award.tabelog.com/hyakumeiten/japanese_west/2021	46232	店舗照合済	2021年百名店公式選出（日本料理 百名店 WEST・公式掲載順 57/100）
HYK2021-1658	28007989	食べログ	日本料理 百名店	百名店	日本料理	2021	WEST	百味処 おんじき	兵庫県	https://award.tabelog.com/hyakumeiten/japanese_west/2021	46232	店舗照合済	2021年百名店公式選出（日本料理 百名店 WEST・公式掲載順 58/100）
HYK2021-1659	28056738	食べログ	日本料理 百名店	百名店	日本料理	2021	WEST	HAKKEI Restaurant	兵庫県	https://award.tabelog.com/hyakumeiten/japanese_west/2021	46232	店舗照合済	2021年百名店公式選出（日本料理 百名店 WEST・公式掲載順 59/100）
HYK2021-1660	39000116	食べログ	日本料理 百名店	百名店	日本料理	2021	WEST	座屋	高知県	https://award.tabelog.com/hyakumeiten/japanese_west/2021	46232	店舗照合済	2021年百名店公式選出（日本料理 百名店 WEST・公式掲載順 60/100）
HYK2021-1661	26012136	食べログ	日本料理 百名店	百名店	日本料理	2021	WEST	緒方	京都府	https://award.tabelog.com/hyakumeiten/japanese_west/2021	46232	店舗照合済	2021年百名店公式選出（日本料理 百名店 WEST・公式掲載順 61/100）
HYK2021-1662	44001011	食べログ	日本料理 百名店	百名店	日本料理	2021	WEST	料亭 やまさ旅館	大分県	https://award.tabelog.com/hyakumeiten/japanese_west/2021	46232	店舗照合済	2021年百名店公式選出（日本料理 百名店 WEST・公式掲載順 62/100）
HYK2021-1663	26006453	食べログ	日本料理 百名店	百名店	日本料理	2021	WEST	料理 川口	京都府	https://award.tabelog.com/hyakumeiten/japanese_west/2021	46232	店舗照合済	2021年百名店公式選出（日本料理 百名店 WEST・公式掲載順 63/100）
HYK2021-1664	26005351	食べログ	日本料理 百名店	百名店	日本料理	2021	WEST	山玄茶	京都府	https://award.tabelog.com/hyakumeiten/japanese_west/2021	46232	店舗照合済	2021年百名店公式選出（日本料理 百名店 WEST・公式掲載順 64/100）
HYK2021-1665	24000026	食べログ	日本料理 百名店	百名店	日本料理	2021	WEST	日の出	三重県	https://award.tabelog.com/hyakumeiten/japanese_west/2021	46232	店舗照合済	2021年百名店公式選出（日本料理 百名店 WEST・公式掲載順 65/100）
HYK2021-1666	29010206	食べログ	日本料理 百名店	百名店	日本料理	2021	WEST	奈良 而今	奈良県	https://award.tabelog.com/hyakumeiten/japanese_west/2021	46232	店舗照合済	2021年百名店公式選出（日本料理 百名店 WEST・公式掲載順 66/100）
HYK2021-1667	26022527	食べログ	日本料理 百名店	百名店	日本料理	2021	WEST	味 ふくしま	京都府	https://award.tabelog.com/hyakumeiten/japanese_west/2021	46232	店舗照合済	2021年百名店公式選出（日本料理 百名店 WEST・公式掲載順 67/100）
HYK2021-1668	26027783	食べログ	日本料理 百名店	百名店	日本料理	2021	WEST	祇園 きだ	京都府	https://award.tabelog.com/hyakumeiten/japanese_west/2021	46232	店舗照合済	2021年百名店公式選出（日本料理 百名店 WEST・公式掲載順 68/100）
HYK2021-1669	26001066	食べログ	日本料理 百名店	百名店	日本料理	2021	WEST	美山荘	京都府	https://award.tabelog.com/hyakumeiten/japanese_west/2021	46232	店舗照合済	2021年百名店公式選出（日本料理 百名店 WEST・公式掲載順 69/100）
HYK2021-1670	26022988	食べログ	日本料理 百名店	百名店	日本料理	2021	WEST	佳肴岡もと	京都府	https://award.tabelog.com/hyakumeiten/japanese_west/2021	46232	店舗照合済	2021年百名店公式選出（日本料理 百名店 WEST・公式掲載順 70/100）
HYK2021-1671	26029825	食べログ	日本料理 百名店	百名店	日本料理	2021	WEST	綾小路 唐津	京都府	https://award.tabelog.com/hyakumeiten/japanese_west/2021	46232	店舗照合済	2021年百名店公式選出（日本料理 百名店 WEST・公式掲載順 71/100）
HYK2021-1672	27076702	食べログ	日本料理 百名店	百名店	日本料理	2021	WEST	天神橋 青木	大阪府	https://award.tabelog.com/hyakumeiten/japanese_west/2021	46232	店舗照合済	2021年百名店公式選出（日本料理 百名店 WEST・公式掲載順 72/100）
HYK2021-1673	40030782	食べログ	日本料理 百名店	百名店	日本料理	2021	WEST	千翠	福岡県	https://award.tabelog.com/hyakumeiten/japanese_west/2021	46232	店舗照合済	2021年百名店公式選出（日本料理 百名店 WEST・公式掲載順 73/100）
HYK2021-1674	26027316	食べログ	日本料理 百名店	百名店	日本料理	2021	WEST	二条城ふる田	京都府	https://award.tabelog.com/hyakumeiten/japanese_west/2021	46232	店舗照合済	2021年百名店公式選出（日本料理 百名店 WEST・公式掲載順 74/100）
HYK2021-1675	26024040	食べログ	日本料理 百名店	百名店	日本料理	2021	WEST	ごだん 宮ざわ	京都府	https://award.tabelog.com/hyakumeiten/japanese_west/2021	46232	店舗照合済	2021年百名店公式選出（日本料理 百名店 WEST・公式掲載順 75/100）
HYK2021-1676	26031203	食べログ	日本料理 百名店	百名店	日本料理	2021	WEST	東山 吉寿	京都府	https://award.tabelog.com/hyakumeiten/japanese_west/2021	46232	店舗照合済	2021年百名店公式選出（日本料理 百名店 WEST・公式掲載順 76/100）
HYK2021-1677	26000535	食べログ	日本料理 百名店	百名店	日本料理	2021	WEST	高台寺 和久傳	京都府	https://award.tabelog.com/hyakumeiten/japanese_west/2021	46232	店舗照合済	2021年百名店公式選出（日本料理 百名店 WEST・公式掲載順 77/100）
HYK2021-1678	26001047	食べログ	日本料理 百名店	百名店	日本料理	2021	WEST	京懐石 吉泉	京都府	https://award.tabelog.com/hyakumeiten/japanese_west/2021	46232	店舗照合済	2021年百名店公式選出（日本料理 百名店 WEST・公式掲載順 78/100）
HYK2021-1679	26001346	食べログ	日本料理 百名店	百名店	日本料理	2021	WEST	菊乃井 本店	京都府	https://award.tabelog.com/hyakumeiten/japanese_west/2021	46232	店舗照合済	2021年百名店公式選出（日本料理 百名店 WEST・公式掲載順 79/100）
HYK2021-1680	26005825	食べログ	日本料理 百名店	百名店	日本料理	2021	WEST	岩さき	京都府	https://award.tabelog.com/hyakumeiten/japanese_west/2021	46232	店舗照合済	2021年百名店公式選出（日本料理 百名店 WEST・公式掲載順 80/100）
HYK2021-1681	26013373	食べログ	日本料理 百名店	百名店	日本料理	2021	WEST	啐啄 つか本	京都府	https://award.tabelog.com/hyakumeiten/japanese_west/2021	46232	店舗照合済	2021年百名店公式選出（日本料理 百名店 WEST・公式掲載順 81/100）
HYK2021-1682	26014312	食べログ	日本料理 百名店	百名店	日本料理	2021	WEST	祇園 大渡	京都府	https://award.tabelog.com/hyakumeiten/japanese_west/2021	46232	店舗照合済	2021年百名店公式選出（日本料理 百名店 WEST・公式掲載順 82/100）
HYK2021-1683	46001299	食べログ	日本料理 百名店	百名店	日本料理	2021	WEST	妙見石原荘 食菜石蔵	鹿児島県	https://award.tabelog.com/hyakumeiten/japanese_west/2021	46232	店舗照合済	2021年百名店公式選出（日本料理 百名店 WEST・公式掲載順 83/100）
HYK2021-1684	26017706	食べログ	日本料理 百名店	百名店	日本料理	2021	WEST	炭火割烹 いふき	京都府	https://award.tabelog.com/hyakumeiten/japanese_west/2021	46232	店舗照合済	2021年百名店公式選出（日本料理 百名店 WEST・公式掲載順 84/100）
HYK2021-1685	45000725	食べログ	日本料理 百名店	百名店	日本料理	2021	WEST	ふじ木	宮崎県	https://award.tabelog.com/hyakumeiten/japanese_west/2021	46232	店舗照合済	2021年百名店公式選出（日本料理 百名店 WEST・公式掲載順 85/100）
HYK2021-1686	25001485	食べログ	日本料理 百名店	百名店	日本料理	2021	WEST	行楽庵	滋賀県	https://award.tabelog.com/hyakumeiten/japanese_west/2021	46232	店舗照合済	2021年百名店公式選出（日本料理 百名店 WEST・公式掲載順 86/100）
HYK2021-1687	30008100	食べログ	日本料理 百名店	百名店	日本料理	2021	WEST	召膳 無苦庵	和歌山県	https://award.tabelog.com/hyakumeiten/japanese_west/2021	46232	店舗照合済	2021年百名店公式選出（日本料理 百名店 WEST・公式掲載順 87/100）
HYK2021-1688	40040809	食べログ	日本料理 百名店	百名店	日本料理	2021	WEST	井本	福岡県	https://award.tabelog.com/hyakumeiten/japanese_west/2021	46232	店舗照合済	2021年百名店公式選出（日本料理 百名店 WEST・公式掲載順 88/100）
HYK2021-1689	26023402	食べログ	日本料理 百名店	百名店	日本料理	2021	WEST	御料理 樋渡	京都府	https://award.tabelog.com/hyakumeiten/japanese_west/2021	46232	店舗照合済	2021年百名店公式選出（日本料理 百名店 WEST・公式掲載順 89/100）
HYK2021-1690	27112164	食べログ	日本料理 百名店	百名店	日本料理	2021	WEST	緒乃	大阪府	https://award.tabelog.com/hyakumeiten/japanese_west/2021	46232	店舗照合済	2021年百名店公式選出（日本料理 百名店 WEST・公式掲載順 90/100）
HYK2021-1691	34023887	食べログ	日本料理 百名店	百名店	日本料理	2021	WEST	馳走 啐啄一十	広島県	https://award.tabelog.com/hyakumeiten/japanese_west/2021	46232	店舗照合済	2021年百名店公式選出（日本料理 百名店 WEST・公式掲載順 91/100）
HYK2021-1692	27046071	食べログ	日本料理 百名店	百名店	日本料理	2021	WEST	野口太郎	大阪府	https://award.tabelog.com/hyakumeiten/japanese_west/2021	46232	店舗照合済	2021年百名店公式選出（日本料理 百名店 WEST・公式掲載順 92/100）
HYK2021-1693	28015514	食べログ	日本料理 百名店	百名店	日本料理	2021	WEST	こにし家	兵庫県	https://award.tabelog.com/hyakumeiten/japanese_west/2021	46232	店舗照合済	2021年百名店公式選出（日本料理 百名店 WEST・公式掲載順 93/100）
HYK2021-1694	40019957	食べログ	日本料理 百名店	百名店	日本料理	2021	WEST	日本料理 TOBIUME	福岡県	https://award.tabelog.com/hyakumeiten/japanese_west/2021	46232	店舗照合済	2021年百名店公式選出（日本料理 百名店 WEST・公式掲載順 94/100）
HYK2021-1695	34016189	食べログ	日本料理 百名店	百名店	日本料理	2021	WEST	季節料理　なかしま	広島県	https://award.tabelog.com/hyakumeiten/japanese_west/2021	46232	店舗照合済	2021年百名店公式選出（日本料理 百名店 WEST・公式掲載順 95/100）
HYK2021-1696	27000387	食べログ	日本料理 百名店	百名店	日本料理	2021	WEST	島之内 一陽	大阪府	https://award.tabelog.com/hyakumeiten/japanese_west/2021	46232	店舗照合済	2021年百名店公式選出（日本料理 百名店 WEST・公式掲載順 96/100）
HYK2021-1697	36000369	食べログ	日本料理 百名店	百名店	日本料理	2021	WEST	虎屋 壺中庵	徳島県	https://award.tabelog.com/hyakumeiten/japanese_west/2021	46232	店舗照合済	2021年百名店公式選出（日本料理 百名店 WEST・公式掲載順 97/100）
HYK2021-1698	27001286	食べログ	日本料理 百名店	百名店	日本料理	2021	WEST	本湖月	大阪府	https://award.tabelog.com/hyakumeiten/japanese_west/2021	46232	店舗照合済	2021年百名店公式選出（日本料理 百名店 WEST・公式掲載順 98/100）
HYK2021-1699	26000305	食べログ	日本料理 百名店	百名店	日本料理	2021	WEST	御料理 はやし	京都府	https://award.tabelog.com/hyakumeiten/japanese_west/2021	46232	店舗照合済	2021年百名店公式選出（日本料理 百名店 WEST・公式掲載順 99/100）
HYK2021-1700	40028665	食べログ	日本料理 百名店	百名店	日本料理	2021	WEST	御料理 まつ山	福岡県	https://award.tabelog.com/hyakumeiten/japanese_west/2021	46232	店舗照合済	2021年百名店公式選出（日本料理 百名店 WEST・公式掲載順 100/100）
HYK2021-1701	13007761	食べログ	喫茶店 百名店	百名店	喫茶店	2021	全国	トリコロール 本店	東京都	https://award.tabelog.com/hyakumeiten/kissaten/2021	46232	店舗照合済	2021年百名店公式選出（喫茶店 百名店 全国・公式掲載順 1/100）
HYK2021-1702	13007983	食べログ	喫茶店 百名店	百名店	喫茶店	2021	全国	トミィ	東京都	https://award.tabelog.com/hyakumeiten/kissaten/2021	46232	店舗照合済	2021年百名店公式選出（喫茶店 百名店 全国・公式掲載順 2/100）
HYK2021-1703	13018359	食べログ	喫茶店 百名店	百名店	喫茶店	2021	全国	タイズ	東京都	https://award.tabelog.com/hyakumeiten/kissaten/2021	46232	店舗照合済	2021年百名店公式選出（喫茶店 百名店 全国・公式掲載順 3/100）
HYK2021-1704	13007721	食べログ	喫茶店 百名店	百名店	喫茶店	2021	全国	十一房珈琲店	東京都	https://award.tabelog.com/hyakumeiten/kissaten/2021	46232	店舗照合済	2021年百名店公式選出（喫茶店 百名店 全国・公式掲載順 4/100）
HYK2021-1705	13017724	食べログ	喫茶店 百名店	百名店	喫茶店	2021	全国	カフェ・アンセーニュ・ダングル 自由が丘店	東京都	https://award.tabelog.com/hyakumeiten/kissaten/2021	46232	店舗照合済	2021年百名店公式選出（喫茶店 百名店 全国・公式掲載順 5/100）
HYK2021-1706	27038064	食べログ	喫茶店 百名店	百名店	喫茶店	2021	全国	サンシャイン	大阪府	https://award.tabelog.com/hyakumeiten/kissaten/2021	46232	店舗照合済	2021年百名店公式選出（喫茶店 百名店 全国・公式掲載順 6/100）
HYK2021-1707	27020048	食べログ	喫茶店 百名店	百名店	喫茶店	2021	全国	モール&ホソイコーヒーズ	大阪府	https://award.tabelog.com/hyakumeiten/kissaten/2021	46232	店舗照合済	2021年百名店公式選出（喫茶店 百名店 全国・公式掲載順 7/100）
HYK2021-1708	13005823	食べログ	喫茶店 百名店	百名店	喫茶店	2021	全国	茶房 武蔵野文庫	東京都	https://award.tabelog.com/hyakumeiten/kissaten/2021	46232	店舗照合済	2021年百名店公式選出（喫茶店 百名店 全国・公式掲載順 8/100）
HYK2021-1709	13020976	食べログ	喫茶店 百名店	百名店	喫茶店	2021	全国	珈琲専門店 エース	東京都	https://award.tabelog.com/hyakumeiten/kissaten/2021	46232	店舗照合済	2021年百名店公式選出（喫茶店 百名店 全国・公式掲載順 9/100）
HYK2021-1710	26000900	食べログ	喫茶店 百名店	百名店	喫茶店	2021	全国	フランソア喫茶室	京都府	https://award.tabelog.com/hyakumeiten/kissaten/2021	46232	店舗照合済	2021年百名店公式選出（喫茶店 百名店 全国・公式掲載順 10/100）
HYK2021-1711	13000735	食べログ	喫茶店 百名店	百名店	喫茶店	2021	全国	自家焙煎珈琲 凡	東京都	https://award.tabelog.com/hyakumeiten/kissaten/2021	46232	店舗照合済	2021年百名店公式選出（喫茶店 百名店 全国・公式掲載順 11/100）
HYK2021-1712	13001169	食べログ	喫茶店 百名店	百名店	喫茶店	2021	全国	茶亭 羽當	東京都	https://award.tabelog.com/hyakumeiten/kissaten/2021	46232	店舗照合済	2021年百名店公式選出（喫茶店 百名店 全国・公式掲載順 12/100）
HYK2021-1713	13011258	食べログ	喫茶店 百名店	百名店	喫茶店	2021	全国	ショパン	東京都	https://award.tabelog.com/hyakumeiten/kissaten/2021	46232	店舗照合済	2021年百名店公式選出（喫茶店 百名店 全国・公式掲載順 13/100）
HYK2021-1714	13007015	食べログ	喫茶店 百名店	百名店	喫茶店	2021	全国	アンセーニュダングル 原宿店	東京都	https://award.tabelog.com/hyakumeiten/kissaten/2021	46232	店舗照合済	2021年百名店公式選出（喫茶店 百名店 全国・公式掲載順 14/100）
HYK2021-1715	33000383	食べログ	喫茶店 百名店	百名店	喫茶店	2021	全国	倉敷珈琲館	岡山県	https://award.tabelog.com/hyakumeiten/kissaten/2021	46232	店舗照合済	2021年百名店公式選出（喫茶店 百名店 全国・公式掲載順 15/100）
HYK2021-1716	13170379	食べログ	喫茶店 百名店	百名店	喫茶店	2021	全国	Cafe Tram	東京都	https://award.tabelog.com/hyakumeiten/kissaten/2021	46232	店舗照合済	2021年百名店公式選出（喫茶店 百名店 全国・公式掲載順 16/100）
HYK2021-1717	14000115	食べログ	喫茶店 百名店	百名店	喫茶店	2021	全国	馬車道十番館	神奈川県	https://award.tabelog.com/hyakumeiten/kissaten/2021	46232	店舗照合済	2021年百名店公式選出（喫茶店 百名店 全国・公式掲載順 17/100）
HYK2021-1718	13002937	食べログ	喫茶店 百名店	百名店	喫茶店	2021	全国	ワンモア	東京都	https://award.tabelog.com/hyakumeiten/kissaten/2021	46232	店舗照合済	2021年百名店公式選出（喫茶店 百名店 全国・公式掲載順 18/100）
HYK2021-1719	13011590	食べログ	喫茶店 百名店	百名店	喫茶店	2021	全国	神田伯剌西爾	東京都	https://award.tabelog.com/hyakumeiten/kissaten/2021	46232	店舗照合済	2021年百名店公式選出（喫茶店 百名店 全国・公式掲載順 19/100）
HYK2021-1720	13041212	食べログ	喫茶店 百名店	百名店	喫茶店	2021	全国	DEN	東京都	https://award.tabelog.com/hyakumeiten/kissaten/2021	46232	店舗照合済	2021年百名店公式選出（喫茶店 百名店 全国・公式掲載順 20/100）
HYK2021-1721	27046966	食べログ	喫茶店 百名店	百名店	喫茶店	2021	全国	リザルブ珈琲店	大阪府	https://award.tabelog.com/hyakumeiten/kissaten/2021	46232	店舗照合済	2021年百名店公式選出（喫茶店 百名店 全国・公式掲載順 21/100）
HYK2021-1722	26005195	食べログ	喫茶店 百名店	百名店	喫茶店	2021	全国	高木珈琲店 高辻本店	京都府	https://award.tabelog.com/hyakumeiten/kissaten/2021	46232	店舗照合済	2021年百名店公式選出（喫茶店 百名店 全国・公式掲載順 22/100）
HYK2021-1723	13088456	食べログ	喫茶店 百名店	百名店	喫茶店	2021	全国	ピノキオ	東京都	https://award.tabelog.com/hyakumeiten/kissaten/2021	46232	店舗照合済	2021年百名店公式選出（喫茶店 百名店 全国・公式掲載順 23/100）
HYK2021-1724	13008614	食べログ	喫茶店 百名店	百名店	喫茶店	2021	全国	ローヤル珈琲店 本店	東京都	https://award.tabelog.com/hyakumeiten/kissaten/2021	46232	店舗照合済	2021年百名店公式選出（喫茶店 百名店 全国・公式掲載順 24/100）
HYK2021-1725	1004629	食べログ	喫茶店 百名店	百名店	喫茶店	2021	全国	どりあん	北海道	https://award.tabelog.com/hyakumeiten/kissaten/2021	46232	店舗照合済	2021年百名店公式選出（喫茶店 百名店 全国・公式掲載順 25/100）
HYK2021-1726	13043953	食べログ	喫茶店 百名店	百名店	喫茶店	2021	全国	ツェーンコーヒー	東京都	https://award.tabelog.com/hyakumeiten/kissaten/2021	46232	店舗照合済	2021年百名店公式選出（喫茶店 百名店 全国・公式掲載順 26/100）
HYK2021-1727	13002318	食べログ	喫茶店 百名店	百名店	喫茶店	2021	全国	YOU	東京都	https://award.tabelog.com/hyakumeiten/kissaten/2021	46232	店舗照合済	2021年百名店公式選出（喫茶店 百名店 全国・公式掲載順 27/100）
HYK2021-1728	13058004	食べログ	喫茶店 百名店	百名店	喫茶店	2021	全国	ロッジ赤石	東京都	https://award.tabelog.com/hyakumeiten/kissaten/2021	46232	店舗照合済	2021年百名店公式選出（喫茶店 百名店 全国・公式掲載順 28/100）
HYK2021-1729	42000064	食べログ	喫茶店 百名店	百名店	喫茶店	2021	全国	ツル茶ん	長崎県	https://award.tabelog.com/hyakumeiten/kissaten/2021	46232	店舗照合済	2021年百名店公式選出（喫茶店 百名店 全国・公式掲載順 29/100）
HYK2021-1730	13017217	食べログ	喫茶店 百名店	百名店	喫茶店	2021	全国	珈琲貴族エジンバラ	東京都	https://award.tabelog.com/hyakumeiten/kissaten/2021	46232	店舗照合済	2021年百名店公式選出（喫茶店 百名店 全国・公式掲載順 30/100）
HYK2021-1731	27017860	食べログ	喫茶店 百名店	百名店	喫茶店	2021	全国	千成屋珈琲	大阪府	https://award.tabelog.com/hyakumeiten/kissaten/2021	46232	店舗照合済	2021年百名店公式選出（喫茶店 百名店 全国・公式掲載順 31/100）
HYK2021-1732	27001820	食べログ	喫茶店 百名店	百名店	喫茶店	2021	全国	ゼー六 本町店	大阪府	https://award.tabelog.com/hyakumeiten/kissaten/2021	46232	店舗照合済	2021年百名店公式選出（喫茶店 百名店 全国・公式掲載順 32/100）
HYK2021-1733	13008294	食べログ	喫茶店 百名店	百名店	喫茶店	2021	全国	珈琲亭 ルアン	東京都	https://award.tabelog.com/hyakumeiten/kissaten/2021	46232	店舗照合済	2021年百名店公式選出（喫茶店 百名店 全国・公式掲載順 33/100）
HYK2021-1734	13057178	食べログ	喫茶店 百名店	百名店	喫茶店	2021	全国	ヘッケルン	東京都	https://award.tabelog.com/hyakumeiten/kissaten/2021	46232	店舗照合済	2021年百名店公式選出（喫茶店 百名店 全国・公式掲載順 34/100）
HYK2021-1735	13006555	食べログ	喫茶店 百名店	百名店	喫茶店	2021	全国	ラドリオ	東京都	https://award.tabelog.com/hyakumeiten/kissaten/2021	46232	店舗照合済	2021年百名店公式選出（喫茶店 百名店 全国・公式掲載順 35/100）
HYK2021-1736	13206891	食べログ	喫茶店 百名店	百名店	喫茶店	2021	全国	胡桃堂喫茶店	東京都	https://award.tabelog.com/hyakumeiten/kissaten/2021	46232	店舗照合済	2021年百名店公式選出（喫茶店 百名店 全国・公式掲載順 36/100）
HYK2021-1737	13011637	食べログ	喫茶店 百名店	百名店	喫茶店	2021	全国	カフェ・トロワバグ	東京都	https://award.tabelog.com/hyakumeiten/kissaten/2021	46232	店舗照合済	2021年百名店公式選出（喫茶店 百名店 全国・公式掲載順 37/100）
HYK2021-1738	13056306	食べログ	喫茶店 百名店	百名店	喫茶店	2021	全国	ダフニ	東京都	https://award.tabelog.com/hyakumeiten/kissaten/2021	46232	店舗照合済	2021年百名店公式選出（喫茶店 百名店 全国・公式掲載順 38/100）
HYK2021-1739	27000071	食べログ	喫茶店 百名店	百名店	喫茶店	2021	全国	平岡珈琲店	大阪府	https://award.tabelog.com/hyakumeiten/kissaten/2021	46232	店舗照合済	2021年百名店公式選出（喫茶店 百名店 全国・公式掲載順 39/100）
HYK2021-1740	13006305	食べログ	喫茶店 百名店	百名店	喫茶店	2021	全国	ミカド珈琲店 日本橋本店	東京都	https://award.tabelog.com/hyakumeiten/kissaten/2021	46232	店舗照合済	2021年百名店公式選出（喫茶店 百名店 全国・公式掲載順 40/100）
HYK2021-1741	13013091	食べログ	喫茶店 百名店	百名店	喫茶店	2021	全国	トロワ・シャンブル	東京都	https://award.tabelog.com/hyakumeiten/kissaten/2021	46232	店舗照合済	2021年百名店公式選出（喫茶店 百名店 全国・公式掲載順 41/100）
HYK2021-1742	26001588	食べログ	喫茶店 百名店	百名店	喫茶店	2021	全国	築地	京都府	https://award.tabelog.com/hyakumeiten/kissaten/2021	46232	店舗照合済	2021年百名店公式選出（喫茶店 百名店 全国・公式掲載順 42/100）
HYK2021-1743	26019438	食べログ	喫茶店 百名店	百名店	喫茶店	2021	全国	喫茶 マドラグ	京都府	https://award.tabelog.com/hyakumeiten/kissaten/2021	46232	店舗照合済	2021年百名店公式選出（喫茶店 百名店 全国・公式掲載順 43/100）
HYK2021-1744	26000647	食べログ	喫茶店 百名店	百名店	喫茶店	2021	全国	スマート珈琲店	京都府	https://award.tabelog.com/hyakumeiten/kissaten/2021	46232	店舗照合済	2021年百名店公式選出（喫茶店 百名店 全国・公式掲載順 44/100）
HYK2021-1745	13025425	食べログ	喫茶店 百名店	百名店	喫茶店	2021	全国	珈琲 天国	東京都	https://award.tabelog.com/hyakumeiten/kissaten/2021	46232	店舗照合済	2021年百名店公式選出（喫茶店 百名店 全国・公式掲載順 45/100）
HYK2021-1746	13011257	食べログ	喫茶店 百名店	百名店	喫茶店	2021	全国	高山珈琲	東京都	https://award.tabelog.com/hyakumeiten/kissaten/2021	46232	店舗照合済	2021年百名店公式選出（喫茶店 百名店 全国・公式掲載順 46/100）
HYK2021-1747	27002923	食べログ	喫茶店 百名店	百名店	喫茶店	2021	全国	ニューアストリア	大阪府	https://award.tabelog.com/hyakumeiten/kissaten/2021	46232	店舗照合済	2021年百名店公式選出（喫茶店 百名店 全国・公式掲載順 47/100）
HYK2021-1748	1000026	食べログ	喫茶店 百名店	百名店	喫茶店	2021	全国	さえら	北海道	https://award.tabelog.com/hyakumeiten/kissaten/2021	46232	店舗照合済	2021年百名店公式選出（喫茶店 百名店 全国・公式掲載順 48/100）
HYK2021-1749	13050095	食べログ	喫茶店 百名店	百名店	喫茶店	2021	全国	ヴェルデ	東京都	https://award.tabelog.com/hyakumeiten/kissaten/2021	46232	店舗照合済	2021年百名店公式選出（喫茶店 百名店 全国・公式掲載順 49/100）
HYK2021-1750	23005509	食べログ	喫茶店 百名店	百名店	喫茶店	2021	全国	コーヒーショップ カコ 花車本店	愛知県	https://award.tabelog.com/hyakumeiten/kissaten/2021	46232	店舗照合済	2021年百名店公式選出（喫茶店 百名店 全国・公式掲載順 50/100）
HYK2021-1751	23007465	食べログ	喫茶店 百名店	百名店	喫茶店	2021	全国	BUCYO Coffee KAKO	愛知県	https://award.tabelog.com/hyakumeiten/kissaten/2021	46232	店舗照合済	2021年百名店公式選出（喫茶店 百名店 全国・公式掲載順 51/100）
HYK2021-1752	13006272	食べログ	喫茶店 百名店	百名店	喫茶店	2021	全国	古瀬戸珈琲店	東京都	https://award.tabelog.com/hyakumeiten/kissaten/2021	46232	店舗照合済	2021年百名店公式選出（喫茶店 百名店 全国・公式掲載順 52/100）
HYK2021-1753	13051375	食べログ	喫茶店 百名店	百名店	喫茶店	2021	全国	アメリカン	東京都	https://award.tabelog.com/hyakumeiten/kissaten/2021	46232	店舗照合済	2021年百名店公式選出（喫茶店 百名店 全国・公式掲載順 53/100）
HYK2021-1754	13000609	食べログ	喫茶店 百名店	百名店	喫茶店	2021	全国	さぼうる	東京都	https://award.tabelog.com/hyakumeiten/kissaten/2021	46232	店舗照合済	2021年百名店公式選出（喫茶店 百名店 全国・公式掲載順 54/100）
HYK2021-1755	13018018	食べログ	喫茶店 百名店	百名店	喫茶店	2021	全国	珈琲道場 侍	東京都	https://award.tabelog.com/hyakumeiten/kissaten/2021	46232	店舗照合済	2021年百名店公式選出（喫茶店 百名店 全国・公式掲載順 55/100）
HYK2021-1756	13003759	食べログ	喫茶店 百名店	百名店	喫茶店	2021	全国	Cafe Bach	東京都	https://award.tabelog.com/hyakumeiten/kissaten/2021	46232	店舗照合済	2021年百名店公式選出（喫茶店 百名店 全国・公式掲載順 56/100）
HYK2021-1757	13002146	食べログ	喫茶店 百名店	百名店	喫茶店	2021	全国	珈琲館 紅鹿舎	東京都	https://award.tabelog.com/hyakumeiten/kissaten/2021	46232	店舗照合済	2021年百名店公式選出（喫茶店 百名店 全国・公式掲載順 57/100）
HYK2021-1758	28000650	食べログ	喫茶店 百名店	百名店	喫茶店	2021	全国	エビアンコーヒー	兵庫県	https://award.tabelog.com/hyakumeiten/kissaten/2021	46232	店舗照合済	2021年百名店公式選出（喫茶店 百名店 全国・公式掲載順 58/100）
HYK2021-1759	27011991	食べログ	喫茶店 百名店	百名店	喫茶店	2021	全国	うてな喫茶店	大阪府	https://award.tabelog.com/hyakumeiten/kissaten/2021	46232	店舗照合済	2021年百名店公式選出（喫茶店 百名店 全国・公式掲載順 59/100）
HYK2021-1760	40000004	食べログ	喫茶店 百名店	百名店	喫茶店	2021	全国	珈琲美美	福岡県	https://award.tabelog.com/hyakumeiten/kissaten/2021	46232	店舗照合済	2021年百名店公式選出（喫茶店 百名店 全国・公式掲載順 60/100）
HYK2021-1761	26013227	食べログ	喫茶店 百名店	百名店	喫茶店	2021	全国	六曜社 珈琲店	京都府	https://award.tabelog.com/hyakumeiten/kissaten/2021	46232	店舗照合済	2021年百名店公式選出（喫茶店 百名店 全国・公式掲載順 61/100）
HYK2021-1762	13011604	食べログ	喫茶店 百名店	百名店	喫茶店	2021	全国	さぼうる 2	東京都	https://award.tabelog.com/hyakumeiten/kissaten/2021	46232	店舗照合済	2021年百名店公式選出（喫茶店 百名店 全国・公式掲載順 62/100）
HYK2021-1763	13002564	食べログ	喫茶店 百名店	百名店	喫茶店	2021	全国	カフェ・ド・ランブル	東京都	https://award.tabelog.com/hyakumeiten/kissaten/2021	46232	店舗照合済	2021年百名店公式選出（喫茶店 百名店 全国・公式掲載順 63/100）
HYK2021-1764	13043012	食べログ	喫茶店 百名店	百名店	喫茶店	2021	全国	草枕	東京都	https://award.tabelog.com/hyakumeiten/kissaten/2021	46232	店舗照合済	2021年百名店公式選出（喫茶店 百名店 全国・公式掲載順 64/100）
HYK2021-1765	14003248	食べログ	喫茶店 百名店	百名店	喫茶店	2021	全国	文明堂茶館 ル・カフェ	神奈川県	https://award.tabelog.com/hyakumeiten/kissaten/2021	46232	店舗照合済	2021年百名店公式選出（喫茶店 百名店 全国・公式掲載順 65/100）
HYK2021-1766	26026585	食べログ	喫茶店 百名店	百名店	喫茶店	2021	全国	市川屋珈琲	京都府	https://award.tabelog.com/hyakumeiten/kissaten/2021	46232	店舗照合済	2021年百名店公式選出（喫茶店 百名店 全国・公式掲載順 66/100）
HYK2021-1767	22002522	食べログ	喫茶店 百名店	百名店	喫茶店	2021	全国	スイートハウスわかば	静岡県	https://award.tabelog.com/hyakumeiten/kissaten/2021	46232	店舗照合済	2021年百名店公式選出（喫茶店 百名店 全国・公式掲載順 67/100）
HYK2021-1768	26001559	食べログ	喫茶店 百名店	百名店	喫茶店	2021	全国	前田珈琲 本店	京都府	https://award.tabelog.com/hyakumeiten/kissaten/2021	46232	店舗照合済	2021年百名店公式選出（喫茶店 百名店 全国・公式掲載順 68/100）
HYK2021-1769	27005758	食べログ	喫茶店 百名店	百名店	喫茶店	2021	全国	純喫茶 アメリカン	大阪府	https://award.tabelog.com/hyakumeiten/kissaten/2021	46232	店舗照合済	2021年百名店公式選出（喫茶店 百名店 全国・公式掲載順 69/100）
HYK2021-1770	20000622	食べログ	喫茶店 百名店	百名店	喫茶店	2021	全国	珈琲 まるも	長野県	https://award.tabelog.com/hyakumeiten/kissaten/2021	46232	店舗照合済	2021年百名店公式選出（喫茶店 百名店 全国・公式掲載順 70/100）
HYK2021-1771	4000051	食べログ	喫茶店 百名店	百名店	喫茶店	2021	全国	ホシヤマ珈琲店 本店	宮城県	https://award.tabelog.com/hyakumeiten/kissaten/2021	46232	店舗照合済	2021年百名店公式選出（喫茶店 百名店 全国・公式掲載順 71/100）
HYK2021-1772	13074345	食べログ	喫茶店 百名店	百名店	喫茶店	2021	全国	小野珈琲	東京都	https://award.tabelog.com/hyakumeiten/kissaten/2021	46232	店舗照合済	2021年百名店公式選出（喫茶店 百名店 全国・公式掲載順 72/100）
HYK2021-1773	23000428	食べログ	喫茶店 百名店	百名店	喫茶店	2021	全国	ボンボン	愛知県	https://award.tabelog.com/hyakumeiten/kissaten/2021	46232	店舗照合済	2021年百名店公式選出（喫茶店 百名店 全国・公式掲載順 73/100）
HYK2021-1774	27001511	食べログ	喫茶店 百名店	百名店	喫茶店	2021	全国	アラビヤコーヒー	大阪府	https://award.tabelog.com/hyakumeiten/kissaten/2021	46232	店舗照合済	2021年百名店公式選出（喫茶店 百名店 全国・公式掲載順 74/100）
HYK2021-1775	13003947	食べログ	喫茶店 百名店	百名店	喫茶店	2021	全国	皇琲亭	東京都	https://award.tabelog.com/hyakumeiten/kissaten/2021	46232	店舗照合済	2021年百名店公式選出（喫茶店 百名店 全国・公式掲載順 75/100）
HYK2021-1776	26001901	食べログ	喫茶店 百名店	百名店	喫茶店	2021	全国	前田珈琲 明倫店	京都府	https://award.tabelog.com/hyakumeiten/kissaten/2021	46232	店舗照合済	2021年百名店公式選出（喫茶店 百名店 全国・公式掲載順 76/100）
HYK2021-1777	13024142	食べログ	喫茶店 百名店	百名店	喫茶店	2021	全国	みやざわ	東京都	https://award.tabelog.com/hyakumeiten/kissaten/2021	46232	店舗照合済	2021年百名店公式選出（喫茶店 百名店 全国・公式掲載順 77/100）
HYK2021-1778	13041024	食べログ	喫茶店 百名店	百名店	喫茶店	2021	全国	はまの屋パーラー 有楽町	東京都	https://award.tabelog.com/hyakumeiten/kissaten/2021	46232	店舗照合済	2021年百名店公式選出（喫茶店 百名店 全国・公式掲載順 78/100）
HYK2021-1779	27012020	食べログ	喫茶店 百名店	百名店	喫茶店	2021	全国	いち	大阪府	https://award.tabelog.com/hyakumeiten/kissaten/2021	46232	店舗照合済	2021年百名店公式選出（喫茶店 百名店 全国・公式掲載順 79/100）
HYK2021-1780	26017295	食べログ	喫茶店 百名店	百名店	喫茶店	2021	全国	生きている珈琲	京都府	https://award.tabelog.com/hyakumeiten/kissaten/2021	46232	店舗照合済	2021年百名店公式選出（喫茶店 百名店 全国・公式掲載順 80/100）
HYK2021-1781	14007970	食べログ	喫茶店 百名店	百名店	喫茶店	2021	全国	エレーナ	神奈川県	https://award.tabelog.com/hyakumeiten/kissaten/2021	46232	店舗照合済	2021年百名店公式選出（喫茶店 百名店 全国・公式掲載順 81/100）
HYK2021-1782	28001625	食べログ	喫茶店 百名店	百名店	喫茶店	2021	全国	茜屋珈琲店	兵庫県	https://award.tabelog.com/hyakumeiten/kissaten/2021	46232	店舗照合済	2021年百名店公式選出（喫茶店 百名店 全国・公式掲載順 82/100）
HYK2021-1783	13019585	食べログ	喫茶店 百名店	百名店	喫茶店	2021	全国	カヤバ珈琲	東京都	https://award.tabelog.com/hyakumeiten/kissaten/2021	46232	店舗照合済	2021年百名店公式選出（喫茶店 百名店 全国・公式掲載順 83/100）
HYK2021-1784	23032087	食べログ	喫茶店 百名店	百名店	喫茶店	2021	全国	KAKO 柳橋店	愛知県	https://award.tabelog.com/hyakumeiten/kissaten/2021	46232	店舗照合済	2021年百名店公式選出（喫茶店 百名店 全国・公式掲載順 84/100）
HYK2021-1785	13059498	食べログ	喫茶店 百名店	百名店	喫茶店	2021	全国	トゥジュール デビュテ	東京都	https://award.tabelog.com/hyakumeiten/kissaten/2021	46232	店舗照合済	2021年百名店公式選出（喫茶店 百名店 全国・公式掲載順 85/100）
HYK2021-1786	27000271	食べログ	喫茶店 百名店	百名店	喫茶店	2021	全国	ビクトリー	大阪府	https://award.tabelog.com/hyakumeiten/kissaten/2021	46232	店舗照合済	2021年百名店公式選出（喫茶店 百名店 全国・公式掲載順 86/100）
HYK2021-1787	14004103	食べログ	喫茶店 百名店	百名店	喫茶店	2021	全国	カフェ・鈴木	神奈川県	https://award.tabelog.com/hyakumeiten/kissaten/2021	46232	店舗照合済	2021年百名店公式選出（喫茶店 百名店 全国・公式掲載順 87/100）
HYK2021-1788	13045798	食べログ	喫茶店 百名店	百名店	喫茶店	2021	全国	シビタス	東京都	https://award.tabelog.com/hyakumeiten/kissaten/2021	46232	店舗照合済	2021年百名店公式選出（喫茶店 百名店 全国・公式掲載順 88/100）
HYK2021-1789	14002091	食べログ	喫茶店 百名店	百名店	喫茶店	2021	全国	イワタコーヒー店	神奈川県	https://award.tabelog.com/hyakumeiten/kissaten/2021	46232	店舗照合済	2021年百名店公式選出（喫茶店 百名店 全国・公式掲載順 89/100）
HYK2021-1790	28001845	食べログ	喫茶店 百名店	百名店	喫茶店	2021	全国	はまもと	兵庫県	https://award.tabelog.com/hyakumeiten/kissaten/2021	46232	店舗照合済	2021年百名店公式選出（喫茶店 百名店 全国・公式掲載順 90/100）
HYK2021-1791	13089625	食べログ	喫茶店 百名店	百名店	喫茶店	2021	全国	炭火焼珈琲 蔵	東京都	https://award.tabelog.com/hyakumeiten/kissaten/2021	46232	店舗照合済	2021年百名店公式選出（喫茶店 百名店 全国・公式掲載順 91/100）
HYK2021-1792	28001590	食べログ	喫茶店 百名店	百名店	喫茶店	2021	全国	元町サントス	兵庫県	https://award.tabelog.com/hyakumeiten/kissaten/2021	46232	店舗照合済	2021年百名店公式選出（喫茶店 百名店 全国・公式掲載順 92/100）
HYK2021-1793	23006305	食べログ	喫茶店 百名店	百名店	喫茶店	2021	全国	加藤珈琲店	愛知県	https://award.tabelog.com/hyakumeiten/kissaten/2021	46232	店舗照合済	2021年百名店公式選出（喫茶店 百名店 全国・公式掲載順 93/100）
HYK2021-1794	13005791	食べログ	喫茶店 百名店	百名店	喫茶店	2021	全国	COFFEE HALL くぐつ草	東京都	https://award.tabelog.com/hyakumeiten/kissaten/2021	46232	店舗照合済	2021年百名店公式選出（喫茶店 百名店 全国・公式掲載順 94/100）
HYK2021-1795	13011597	食べログ	喫茶店 百名店	百名店	喫茶店	2021	全国	珈琲舎 蔵	東京都	https://award.tabelog.com/hyakumeiten/kissaten/2021	46232	店舗照合済	2021年百名店公式選出（喫茶店 百名店 全国・公式掲載順 95/100）
HYK2021-1796	26002251	食べログ	喫茶店 百名店	百名店	喫茶店	2021	全国	喫茶チロル	京都府	https://award.tabelog.com/hyakumeiten/kissaten/2021	46232	店舗照合済	2021年百名店公式選出（喫茶店 百名店 全国・公式掲載順 96/100）
HYK2021-1797	26015997	食べログ	喫茶店 百名店	百名店	喫茶店	2021	全国	喫茶葦島	京都府	https://award.tabelog.com/hyakumeiten/kissaten/2021	46232	店舗照合済	2021年百名店公式選出（喫茶店 百名店 全国・公式掲載順 97/100）
HYK2021-1798	3000261	食べログ	喫茶店 百名店	百名店	喫茶店	2021	全国	光原社 可否館	岩手県	https://award.tabelog.com/hyakumeiten/kissaten/2021	46232	店舗照合済	2021年百名店公式選出（喫茶店 百名店 全国・公式掲載順 98/100）
HYK2021-1799	26009412	食べログ	喫茶店 百名店	百名店	喫茶店	2021	全国	コーヒーハウス マキ	京都府	https://award.tabelog.com/hyakumeiten/kissaten/2021	46232	店舗照合済	2021年百名店公式選出（喫茶店 百名店 全国・公式掲載順 99/100）
HYK2021-1800	28024154	食べログ	喫茶店 百名店	百名店	喫茶店	2021	全国	モトマチ喫茶	兵庫県	https://award.tabelog.com/hyakumeiten/kissaten/2021	46232	店舗照合済	2021年百名店公式選出（喫茶店 百名店 全国・公式掲載順 100/100）
HYK2021-1801	20018926	食べログ	ピザ 百名店	百名店	ピザ	2021	全国	ア フェネステッラ	長野県	https://award.tabelog.com/hyakumeiten/pizza/2021	46232	店舗照合済	2021年百名店公式選出（ピザ 百名店 全国・公式掲載順 1/100）
HYK2021-1802	13002191	食べログ	ピザ 百名店	百名店	ピザ	2021	全国	エッセ ドゥエ 赤坂店	東京都	https://award.tabelog.com/hyakumeiten/pizza/2021	46232	店舗照合済	2021年百名店公式選出（ピザ 百名店 全国・公式掲載順 2/100）
HYK2021-1803	28031917	食べログ	ピザ 百名店	百名店	ピザ	2021	全国	ピッツェリア エ トラットリア ダ・マサニエッロ	兵庫県	https://award.tabelog.com/hyakumeiten/pizza/2021	46232	店舗照合済	2021年百名店公式選出（ピザ 百名店 全国・公式掲載順 3/100）
HYK2021-1804	13188330	食べログ	ピザ 百名店	百名店	ピザ	2021	全国	ナポリスタカ 駒沢店	東京都	https://award.tabelog.com/hyakumeiten/pizza/2021	46232	店舗照合済	2021年百名店公式選出（ピザ 百名店 全国・公式掲載順 4/100）
HYK2021-1805	13013741	食べログ	ピザ 百名店	百名店	ピザ	2021	全国	イル ピッツァイオーロ	東京都	https://award.tabelog.com/hyakumeiten/pizza/2021	46232	店舗照合済	2021年百名店公式選出（ピザ 百名店 全国・公式掲載順 5/100）
HYK2021-1806	13183253	食べログ	ピザ 百名店	百名店	ピザ	2021	全国	築地トゥットベーネ	東京都	https://award.tabelog.com/hyakumeiten/pizza/2021	46232	店舗照合済	2021年百名店公式選出（ピザ 百名店 全国・公式掲載順 6/100）
HYK2021-1807	13193917	食べログ	ピザ 百名店	百名店	ピザ	2021	全国	リンシエメ	東京都	https://award.tabelog.com/hyakumeiten/pizza/2021	46232	店舗照合済	2021年百名店公式選出（ピザ 百名店 全国・公式掲載順 7/100）
HYK2021-1808	13037338	食べログ	ピザ 百名店	百名店	ピザ	2021	全国	ナプレ 東京ミッドタウン店	東京都	https://award.tabelog.com/hyakumeiten/pizza/2021	46232	店舗照合済	2021年百名店公式選出（ピザ 百名店 全国・公式掲載順 8/100）
HYK2021-1809	13003385	食べログ	ピザ 百名店	百名店	ピザ	2021	全国	イ・ロッタ	東京都	https://award.tabelog.com/hyakumeiten/pizza/2021	46232	店舗照合済	2021年百名店公式選出（ピザ 百名店 全国・公式掲載順 9/100）
HYK2021-1810	13132020	食べログ	ピザ 百名店	百名店	ピザ	2021	全国	ナポリスタカ 神谷町店	東京都	https://award.tabelog.com/hyakumeiten/pizza/2021	46232	店舗照合済	2021年百名店公式選出（ピザ 百名店 全国・公式掲載順 10/100）
HYK2021-1811	1031158	食べログ	ピザ 百名店	百名店	ピザ	2021	全国	ピッツェリア ダ マッシモ	北海道	https://award.tabelog.com/hyakumeiten/pizza/2021	46232	店舗照合済	2021年百名店公式選出（ピザ 百名店 全国・公式掲載順 11/100）
HYK2021-1812	27069878	食べログ	ピザ 百名店	百名店	ピザ	2021	全国	ジラソーレ リッコ	大阪府	https://award.tabelog.com/hyakumeiten/pizza/2021	46232	店舗照合済	2021年百名店公式選出（ピザ 百名店 全国・公式掲載順 12/100）
HYK2021-1813	18000038	食べログ	ピザ 百名店	百名店	ピザ	2021	全国	バードランド	福井県	https://award.tabelog.com/hyakumeiten/pizza/2021	46232	店舗照合済	2021年百名店公式選出（ピザ 百名店 全国・公式掲載順 13/100）
HYK2021-1814	26001638	食べログ	ピザ 百名店	百名店	ピザ	2021	全国	IL PAPPALARDO	京都府	https://award.tabelog.com/hyakumeiten/pizza/2021	46232	店舗照合済	2021年百名店公式選出（ピザ 百名店 全国・公式掲載順 14/100）
HYK2021-1815	13136144	食べログ	ピザ 百名店	百名店	ピザ	2021	全国	アンティーカ・ピッツェリア・ダ・ミケーレ 恵比寿	東京都	https://award.tabelog.com/hyakumeiten/pizza/2021	46232	店舗照合済	2021年百名店公式選出（ピザ 百名店 全国・公式掲載順 15/100）
HYK2021-1816	13139857	食べログ	ピザ 百名店	百名店	ピザ	2021	全国	ヴォメロ	東京都	https://award.tabelog.com/hyakumeiten/pizza/2021	46232	店舗照合済	2021年百名店公式選出（ピザ 百名店 全国・公式掲載順 16/100）
HYK2021-1817	13003493	食べログ	ピザ 百名店	百名店	ピザ	2021	全国	ナプレ 南青山本店	東京都	https://award.tabelog.com/hyakumeiten/pizza/2021	46232	店舗照合済	2021年百名店公式選出（ピザ 百名店 全国・公式掲載順 17/100）
HYK2021-1818	13114520	食べログ	ピザ 百名店	百名店	ピザ	2021	全国	ベントエマーレ	東京都	https://award.tabelog.com/hyakumeiten/pizza/2021	46232	店舗照合済	2021年百名店公式選出（ピザ 百名店 全国・公式掲載順 18/100）
HYK2021-1819	34013074	食べログ	ピザ 百名店	百名店	ピザ	2021	全国	トラットリア ピッツェリア polipo	広島県	https://award.tabelog.com/hyakumeiten/pizza/2021	46232	店舗照合済	2021年百名店公式選出（ピザ 百名店 全国・公式掲載順 19/100）
HYK2021-1820	28035660	食べログ	ピザ 百名店	百名店	ピザ	2021	全国	terzo	兵庫県	https://award.tabelog.com/hyakumeiten/pizza/2021	46232	店舗照合済	2021年百名店公式選出（ピザ 百名店 全国・公式掲載順 20/100）
HYK2021-1821	13131245	食べログ	ピザ 百名店	百名店	ピザ	2021	全国	ピッツァ ストラーダ	東京都	https://award.tabelog.com/hyakumeiten/pizza/2021	46232	店舗照合済	2021年百名店公式選出（ピザ 百名店 全国・公式掲載順 21/100）
HYK2021-1822	13122753	食べログ	ピザ 百名店	百名店	ピザ	2021	全国	ピッツェリア ロマーナ ジャニコロ	東京都	https://award.tabelog.com/hyakumeiten/pizza/2021	46232	店舗照合済	2021年百名店公式選出（ピザ 百名店 全国・公式掲載順 22/100）
HYK2021-1823	14029630	食べログ	ピザ 百名店	百名店	ピザ	2021	全国	ナプレ 横浜高島屋店	神奈川県	https://award.tabelog.com/hyakumeiten/pizza/2021	46232	店舗照合済	2021年百名店公式選出（ピザ 百名店 全国・公式掲載順 23/100）
HYK2021-1824	13057017	食べログ	ピザ 百名店	百名店	ピザ	2021	全国	アランジャルシ	東京都	https://award.tabelog.com/hyakumeiten/pizza/2021	46232	店舗照合済	2021年百名店公式選出（ピザ 百名店 全国・公式掲載順 24/100）
HYK2021-1825	20015714	食べログ	ピザ 百名店	百名店	ピザ	2021	全国	エンボカ 軽井沢	長野県	https://award.tabelog.com/hyakumeiten/pizza/2021	46232	店舗照合済	2021年百名店公式選出（ピザ 百名店 全国・公式掲載順 25/100）
HYK2021-1826	13180224	食べログ	ピザ 百名店	百名店	ピザ	2021	全国	ピッツェリア カンテラ	東京都	https://award.tabelog.com/hyakumeiten/pizza/2021	46232	店舗照合済	2021年百名店公式選出（ピザ 百名店 全国・公式掲載順 26/100）
HYK2021-1827	27011027	食べログ	ピザ 百名店	百名店	ピザ	2021	全国	ガレリア 富田林	大阪府	https://award.tabelog.com/hyakumeiten/pizza/2021	46232	店舗照合済	2021年百名店公式選出（ピザ 百名店 全国・公式掲載順 27/100）
HYK2021-1828	13007135	食べログ	ピザ 百名店	百名店	ピザ	2021	全国	ヴァカンツァ	東京都	https://award.tabelog.com/hyakumeiten/pizza/2021	46232	店舗照合済	2021年百名店公式選出（ピザ 百名店 全国・公式掲載順 28/100）
HYK2021-1829	13165472	食べログ	ピザ 百名店	百名店	ピザ	2021	全国	ラ・トリプレッタ	東京都	https://award.tabelog.com/hyakumeiten/pizza/2021	46232	店舗照合済	2021年百名店公式選出（ピザ 百名店 全国・公式掲載順 29/100）
HYK2021-1830	13115030	食べログ	ピザ 百名店	百名店	ピザ	2021	全国	ピッツェリア チーロ 東中野店	東京都	https://award.tabelog.com/hyakumeiten/pizza/2021	46232	店舗照合済	2021年百名店公式選出（ピザ 百名店 全国・公式掲載順 30/100）
HYK2021-1831	14058636	食べログ	ピザ 百名店	百名店	ピザ	2021	全国	ラッテリア ベベ  カマクラ	神奈川県	https://award.tabelog.com/hyakumeiten/pizza/2021	46232	店舗照合済	2021年百名店公式選出（ピザ 百名店 全国・公式掲載順 31/100）
HYK2021-1832	8000842	食べログ	ピザ 百名店	百名店	ピザ	2021	全国	トラットリア エ ピッツェリア アミーチ	茨城県	https://award.tabelog.com/hyakumeiten/pizza/2021	46232	店舗照合済	2021年百名店公式選出（ピザ 百名店 全国・公式掲載順 32/100）
HYK2021-1833	29000162	食べログ	ピザ 百名店	百名店	ピザ	2021	全国	マガジーノ	奈良県	https://award.tabelog.com/hyakumeiten/pizza/2021	46232	店舗照合済	2021年百名店公式選出（ピザ 百名店 全国・公式掲載順 33/100）
HYK2021-1834	13123990	食べログ	ピザ 百名店	百名店	ピザ	2021	全国	PIZZERIA CAPOLI	東京都	https://award.tabelog.com/hyakumeiten/pizza/2021	46232	店舗照合済	2021年百名店公式選出（ピザ 百名店 全国・公式掲載順 34/100）
HYK2021-1835	13005912	食べログ	ピザ 百名店	百名店	ピザ	2021	全国	トニーズピザ	東京都	https://award.tabelog.com/hyakumeiten/pizza/2021	46232	店舗照合済	2021年百名店公式選出（ピザ 百名店 全国・公式掲載順 35/100）
HYK2021-1836	13171079	食べログ	ピザ 百名店	百名店	ピザ	2021	全国	ピッツァ ケベロス 明治神宮前店	東京都	https://award.tabelog.com/hyakumeiten/pizza/2021	46232	店舗照合済	2021年百名店公式選出（ピザ 百名店 全国・公式掲載順 36/100）
HYK2021-1837	13040937	食べログ	ピザ 百名店	百名店	ピザ	2021	全国	エンボカ 東京	東京都	https://award.tabelog.com/hyakumeiten/pizza/2021	46232	店舗照合済	2021年百名店公式選出（ピザ 百名店 全国・公式掲載順 37/100）
HYK2021-1838	13169429	食べログ	ピザ 百名店	百名店	ピザ	2021	全国	ZUZU	東京都	https://award.tabelog.com/hyakumeiten/pizza/2021	46232	店舗照合済	2021年百名店公式選出（ピザ 百名店 全国・公式掲載順 38/100）
HYK2021-1839	14039433	食べログ	ピザ 百名店	百名店	ピザ	2021	全国	DADA	神奈川県	https://award.tabelog.com/hyakumeiten/pizza/2021	46232	店舗照合済	2021年百名店公式選出（ピザ 百名店 全国・公式掲載順 39/100）
HYK2021-1840	27004565	食べログ	ピザ 百名店	百名店	ピザ	2021	全国	ダルブリガンテ	大阪府	https://award.tabelog.com/hyakumeiten/pizza/2021	46232	店舗照合済	2021年百名店公式選出（ピザ 百名店 全国・公式掲載順 40/100）
HYK2021-1841	13025362	食べログ	ピザ 百名店	百名店	ピザ	2021	全国	ピッツァダバッボ	東京都	https://award.tabelog.com/hyakumeiten/pizza/2021	46232	店舗照合済	2021年百名店公式選出（ピザ 百名店 全国・公式掲載順 41/100）
HYK2021-1842	13132982	食べログ	ピザ 百名店	百名店	ピザ	2021	全国	マッシモッタヴィオ	東京都	https://award.tabelog.com/hyakumeiten/pizza/2021	46232	店舗照合済	2021年百名店公式選出（ピザ 百名店 全国・公式掲載順 42/100）
HYK2021-1843	13005043	食べログ	ピザ 百名店	百名店	ピザ	2021	全国	ベッラ・ナポリ	東京都	https://award.tabelog.com/hyakumeiten/pizza/2021	46232	店舗照合済	2021年百名店公式選出（ピザ 百名店 全国・公式掲載順 43/100）
HYK2021-1844	4016875	食べログ	ピザ 百名店	百名店	ピザ	2021	全国	イル・ピッツァイオーロ	宮城県	https://award.tabelog.com/hyakumeiten/pizza/2021	46232	店舗照合済	2021年百名店公式選出（ピザ 百名店 全国・公式掲載順 44/100）
HYK2021-1845	27053555	食べログ	ピザ 百名店	百名店	ピザ	2021	全国	ピッツェリア・スクニッツォ・ダ・シゲオ	大阪府	https://award.tabelog.com/hyakumeiten/pizza/2021	46232	店舗照合済	2021年百名店公式選出（ピザ 百名店 全国・公式掲載順 45/100）
HYK2021-1846	13182694	食べログ	ピザ 百名店	百名店	ピザ	2021	全国	Pizzeria Bakka M'unica	東京都	https://award.tabelog.com/hyakumeiten/pizza/2021	46232	店舗照合済	2021年百名店公式選出（ピザ 百名店 全国・公式掲載順 46/100）
HYK2021-1847	21012908	食べログ	ピザ 百名店	百名店	ピザ	2021	全国	ダ アチュ	岐阜県	https://award.tabelog.com/hyakumeiten/pizza/2021	46232	店舗照合済	2021年百名店公式選出（ピザ 百名店 全国・公式掲載順 47/100）
HYK2021-1848	14064550	食べログ	ピザ 百名店	百名店	ピザ	2021	全国	ラ フィーリア デル プレジデンテ	神奈川県	https://award.tabelog.com/hyakumeiten/pizza/2021	46232	店舗照合済	2021年百名店公式選出（ピザ 百名店 全国・公式掲載順 48/100）
HYK2021-1849	13155593	食べログ	ピザ 百名店	百名店	ピザ	2021	全国	SAVOY とまととちーず店	東京都	https://award.tabelog.com/hyakumeiten/pizza/2021	46232	店舗照合済	2021年百名店公式選出（ピザ 百名店 全国・公式掲載順 49/100）
HYK2021-1850	13124749	食べログ	ピザ 百名店	百名店	ピザ	2021	全国	フレイズ フェイマス ピッツェリア	東京都	https://award.tabelog.com/hyakumeiten/pizza/2021	46232	店舗照合済	2021年百名店公式選出（ピザ 百名店 全国・公式掲載順 50/100）
HYK2021-1851	13005480	食べログ	ピザ 百名店	百名店	ピザ	2021	全国	パルテノペ 恵比寿店	東京都	https://award.tabelog.com/hyakumeiten/pizza/2021	46232	店舗照合済	2021年百名店公式選出（ピザ 百名店 全国・公式掲載順 51/100）
HYK2021-1852	27054558	食べログ	ピザ 百名店	百名店	ピザ	2021	全国	ラ・バルカッチャ	大阪府	https://award.tabelog.com/hyakumeiten/pizza/2021	46232	店舗照合済	2021年百名店公式選出（ピザ 百名店 全国・公式掲載順 52/100）
HYK2021-1853	4001876	食べログ	ピザ 百名店	百名店	ピザ	2021	全国	ウッデンシップ	宮城県	https://award.tabelog.com/hyakumeiten/pizza/2021	46232	店舗照合済	2021年百名店公式選出（ピザ 百名店 全国・公式掲載順 53/100）
HYK2021-1854	27084799	食べログ	ピザ 百名店	百名店	ピザ	2021	全国	ラ ピッツァ ナポレターナ レガロ	大阪府	https://award.tabelog.com/hyakumeiten/pizza/2021	46232	店舗照合済	2021年百名店公式選出（ピザ 百名店 全国・公式掲載順 54/100）
HYK2021-1855	13167573	食べログ	ピザ 百名店	百名店	ピザ	2021	全国	ザ ピッツァバー ON 38TH	東京都	https://award.tabelog.com/hyakumeiten/pizza/2021	46232	店舗照合済	2021年百名店公式選出（ピザ 百名店 全国・公式掲載順 55/100）
HYK2021-1856	23000240	食べログ	ピザ 百名店	百名店	ピザ	2021	全国	ソロピッツァ ナポレターナ ダ ピッコロ 大須本店	愛知県	https://award.tabelog.com/hyakumeiten/pizza/2021	46232	店舗照合済	2021年百名店公式選出（ピザ 百名店 全国・公式掲載順 56/100）
HYK2021-1857	23008274	食べログ	ピザ 百名店	百名店	ピザ	2021	全国	ピッツェリアブラチェリア チェザリ	愛知県	https://award.tabelog.com/hyakumeiten/pizza/2021	46232	店舗照合済	2021年百名店公式選出（ピザ 百名店 全国・公式掲載順 57/100）
HYK2021-1858	27057161	食べログ	ピザ 百名店	百名店	ピザ	2021	全国	エキ ポンテベッキオ ア オオサカ	大阪府	https://award.tabelog.com/hyakumeiten/pizza/2021	46232	店舗照合済	2021年百名店公式選出（ピザ 百名店 全国・公式掲載順 58/100）
HYK2021-1859	40028105	食べログ	ピザ 百名店	百名店	ピザ	2021	全国	ピッツェリア・ダ・ガエターノ 薬院店	福岡県	https://award.tabelog.com/hyakumeiten/pizza/2021	46232	店舗照合済	2021年百名店公式選出（ピザ 百名店 全国・公式掲載順 59/100）
HYK2021-1860	13149962	食べログ	ピザ 百名店	百名店	ピザ	2021	全国	ピッツェリア ジターリア ダ フィリッポ	東京都	https://award.tabelog.com/hyakumeiten/pizza/2021	46232	店舗照合済	2021年百名店公式選出（ピザ 百名店 全国・公式掲載順 60/100）
HYK2021-1861	1009661	食べログ	ピザ 百名店	百名店	ピザ	2021	全国	デルソーレ	北海道	https://award.tabelog.com/hyakumeiten/pizza/2021	46232	店舗照合済	2021年百名店公式選出（ピザ 百名店 全国・公式掲載順 61/100）
HYK2021-1862	13141862	食べログ	ピザ 百名店	百名店	ピザ	2021	全国	ゑんぞ	東京都	https://award.tabelog.com/hyakumeiten/pizza/2021	46232	店舗照合済	2021年百名店公式選出（ピザ 百名店 全国・公式掲載順 62/100）
HYK2021-1863	13128533	食べログ	ピザ 百名店	百名店	ピザ	2021	全国	トラットリア ピッツェリア ラルテ	東京都	https://award.tabelog.com/hyakumeiten/pizza/2021	46232	店舗照合済	2021年百名店公式選出（ピザ 百名店 全国・公式掲載順 63/100）
HYK2021-1864	23059142	食べログ	ピザ 百名店	百名店	ピザ	2021	全国	ソロ ピッツァ ナポレターナ ダ ルーチョ 名古屋駅店	愛知県	https://award.tabelog.com/hyakumeiten/pizza/2021	46232	店舗照合済	2021年百名店公式選出（ピザ 百名店 全国・公式掲載順 64/100）
HYK2021-1865	13006076	食べログ	ピザ 百名店	百名店	ピザ	2021	全国	ピッツェリア パーレンテッシ	東京都	https://award.tabelog.com/hyakumeiten/pizza/2021	46232	店舗照合済	2021年百名店公式選出（ピザ 百名店 全国・公式掲載順 65/100）
HYK2021-1866	26020891	食べログ	ピザ 百名店	百名店	ピザ	2021	全国	ピッツェリア・マリータ	京都府	https://award.tabelog.com/hyakumeiten/pizza/2021	46232	店舗照合済	2021年百名店公式選出（ピザ 百名店 全国・公式掲載順 66/100）
HYK2021-1867	14009281	食べログ	ピザ 百名店	百名店	ピザ	2021	全国	ラ・テラッツァ 芦ノ湖	神奈川県	https://award.tabelog.com/hyakumeiten/pizza/2021	46232	店舗照合済	2021年百名店公式選出（ピザ 百名店 全国・公式掲載順 67/100）
HYK2021-1868	13003188	食べログ	ピザ 百名店	百名店	ピザ	2021	全国	聖林館	東京都	https://award.tabelog.com/hyakumeiten/pizza/2021	46232	店舗照合済	2021年百名店公式選出（ピザ 百名店 全国・公式掲載順 68/100）
HYK2021-1869	13103245	食べログ	ピザ 百名店	百名店	ピザ	2021	全国	ピッツエリア エ トラットリア ダ イーサ	東京都	https://award.tabelog.com/hyakumeiten/pizza/2021	46232	店舗照合済	2021年百名店公式選出（ピザ 百名店 全国・公式掲載順 69/100）
HYK2021-1870	13015826	食べログ	ピザ 百名店	百名店	ピザ	2021	全国	ピッツェリア ダ・アオキ タッポスト	東京都	https://award.tabelog.com/hyakumeiten/pizza/2021	46232	店舗照合済	2021年百名店公式選出（ピザ 百名店 全国・公式掲載順 70/100）
HYK2021-1871	28004410	食べログ	ピザ 百名店	百名店	ピザ	2021	全国	アズーリ	兵庫県	https://award.tabelog.com/hyakumeiten/pizza/2021	46232	店舗照合済	2021年百名店公式選出（ピザ 百名店 全国・公式掲載順 71/100）
HYK2021-1872	27079870	食べログ	ピザ 百名店	百名店	ピザ	2021	全国	ピッツェリア ダ ティグレ	大阪府	https://award.tabelog.com/hyakumeiten/pizza/2021	46232	店舗照合済	2021年百名店公式選出（ピザ 百名店 全国・公式掲載順 72/100）
HYK2021-1873	14002481	食べログ	ピザ 百名店	百名店	ピザ	2021	全国	ピッツェリア スペリアーモ！	神奈川県	https://award.tabelog.com/hyakumeiten/pizza/2021	46232	店舗照合済	2021年百名店公式選出（ピザ 百名店 全国・公式掲載順 73/100）
HYK2021-1874	28000493	食べログ	ピザ 百名店	百名店	ピザ	2021	全国	ピノッキオ	兵庫県	https://award.tabelog.com/hyakumeiten/pizza/2021	46232	店舗照合済	2021年百名店公式選出（ピザ 百名店 全国・公式掲載順 74/100）
HYK2021-1875	26017525	食べログ	ピザ 百名店	百名店	ピザ	2021	全国	エンボカ 京都	京都府	https://award.tabelog.com/hyakumeiten/pizza/2021	46232	店舗照合済	2021年百名店公式選出（ピザ 百名店 全国・公式掲載順 75/100）
HYK2021-1876	26005239	食べログ	ピザ 百名店	百名店	ピザ	2021	全国	ダ ユウキ	京都府	https://award.tabelog.com/hyakumeiten/pizza/2021	46232	店舗照合済	2021年百名店公式選出（ピザ 百名店 全国・公式掲載順 76/100）
HYK2021-1877	14044667	食べログ	ピザ 百名店	百名店	ピザ	2021	全国	ピッツェリア キアッキェローネ	神奈川県	https://award.tabelog.com/hyakumeiten/pizza/2021	46232	店舗照合済	2021年百名店公式選出（ピザ 百名店 全国・公式掲載順 77/100）
HYK2021-1878	47000232	食べログ	ピザ 百名店	百名店	ピザ	2021	全国	花人逢	沖縄県	https://award.tabelog.com/hyakumeiten/pizza/2021	46232	店舗照合済	2021年百名店公式選出（ピザ 百名店 全国・公式掲載順 78/100）
HYK2021-1879	13170979	食べログ	ピザ 百名店	百名店	ピザ	2021	全国	da GIORGIO	東京都	https://award.tabelog.com/hyakumeiten/pizza/2021	46232	店舗照合済	2021年百名店公式選出（ピザ 百名店 全国・公式掲載順 79/100）
HYK2021-1880	13113311	食べログ	ピザ 百名店	百名店	ピザ	2021	全国	ピッツァマン オオイマチ	東京都	https://award.tabelog.com/hyakumeiten/pizza/2021	46232	店舗照合済	2021年百名店公式選出（ピザ 百名店 全国・公式掲載順 80/100）
HYK2021-1881	13025499	食べログ	ピザ 百名店	百名店	ピザ	2021	全国	Pizzeria LUMEN	東京都	https://award.tabelog.com/hyakumeiten/pizza/2021	46232	店舗照合済	2021年百名店公式選出（ピザ 百名店 全国・公式掲載順 81/100）
HYK2021-1882	44000453	食べログ	ピザ 百名店	百名店	ピザ	2021	全国	檪の丘	大分県	https://award.tabelog.com/hyakumeiten/pizza/2021	46232	店舗照合済	2021年百名店公式選出（ピザ 百名店 全国・公式掲載順 82/100）
HYK2021-1883	47003553	食べログ	ピザ 百名店	百名店	ピザ	2021	全国	BACAR	沖縄県	https://award.tabelog.com/hyakumeiten/pizza/2021	46232	店舗照合済	2021年百名店公式選出（ピザ 百名店 全国・公式掲載順 83/100）
HYK2021-1884	14001040	食べログ	ピザ 百名店	百名店	ピザ	2021	全国	シシリヤ	神奈川県	https://award.tabelog.com/hyakumeiten/pizza/2021	46232	店舗照合済	2021年百名店公式選出（ピザ 百名店 全国・公式掲載順 84/100）
HYK2021-1885	23038884	食べログ	ピザ 百名店	百名店	ピザ	2021	全国	ソロピッツァ ナポレターナ ダ ジェンナーロ 矢場店	愛知県	https://award.tabelog.com/hyakumeiten/pizza/2021	46232	店舗照合済	2021年百名店公式選出（ピザ 百名店 全国・公式掲載順 85/100）
HYK2021-1886	28041401	食べログ	ピザ 百名店	百名店	ピザ	2021	全国	quarto	兵庫県	https://award.tabelog.com/hyakumeiten/pizza/2021	46232	店舗照合済	2021年百名店公式選出（ピザ 百名店 全国・公式掲載順 86/100）
HYK2021-1887	13114239	食べログ	ピザ 百名店	百名店	ピザ	2021	全国	ピッツェリア イル・タンブレッロ	東京都	https://award.tabelog.com/hyakumeiten/pizza/2021	46232	店舗照合済	2021年百名店公式選出（ピザ 百名店 全国・公式掲載順 87/100）
HYK2021-1888	13130666	食べログ	ピザ 百名店	百名店	ピザ	2021	全国	ナポリピッツァ Pizzeria la Rossa	東京都	https://award.tabelog.com/hyakumeiten/pizza/2021	46232	店舗照合済	2021年百名店公式選出（ピザ 百名店 全国・公式掲載順 88/100）
HYK2021-1889	28001438	食べログ	ピザ 百名店	百名店	ピザ	2021	全国	SAKURAGUMI	兵庫県	https://award.tabelog.com/hyakumeiten/pizza/2021	46232	店舗照合済	2021年百名店公式選出（ピザ 百名店 全国・公式掲載順 89/100）
HYK2021-1890	27000063	食べログ	ピザ 百名店	百名店	ピザ	2021	全国	ポルタ・ヌォーヴァ	大阪府	https://award.tabelog.com/hyakumeiten/pizza/2021	46232	店舗照合済	2021年百名店公式選出（ピザ 百名店 全国・公式掲載順 90/100）
HYK2021-1891	13040601	食べログ	ピザ 百名店	百名店	ピザ	2021	全国	カトリカ	東京都	https://award.tabelog.com/hyakumeiten/pizza/2021	46232	店舗照合済	2021年百名店公式選出（ピザ 百名店 全国・公式掲載順 91/100）
HYK2021-1892	4000125	食べログ	ピザ 百名店	百名店	ピザ	2021	全国	ピッツェリア デ ナプレ	宮城県	https://award.tabelog.com/hyakumeiten/pizza/2021	46232	店舗照合済	2021年百名店公式選出（ピザ 百名店 全国・公式掲載順 92/100）
HYK2021-1893	13005575	食べログ	ピザ 百名店	百名店	ピザ	2021	全国	ラ・ピッコラ・ターヴォラ	東京都	https://award.tabelog.com/hyakumeiten/pizza/2021	46232	店舗照合済	2021年百名店公式選出（ピザ 百名店 全国・公式掲載順 93/100）
HYK2021-1894	13170403	食べログ	ピザ 百名店	百名店	ピザ	2021	全国	PIZZA BORSA	東京都	https://award.tabelog.com/hyakumeiten/pizza/2021	46232	店舗照合済	2021年百名店公式選出（ピザ 百名店 全国・公式掲載順 94/100）
HYK2021-1895	14051790	食べログ	ピザ 百名店	百名店	ピザ	2021	全国	ピッツェリアGG 鎌倉	神奈川県	https://award.tabelog.com/hyakumeiten/pizza/2021	46232	店舗照合済	2021年百名店公式選出（ピザ 百名店 全国・公式掲載順 95/100）
HYK2021-1896	13000684	食べログ	ピザ 百名店	百名店	ピザ	2021	全国	ピッツェリア・ロマーナ・イル・ペンティート	東京都	https://award.tabelog.com/hyakumeiten/pizza/2021	46232	店舗照合済	2021年百名店公式選出（ピザ 百名店 全国・公式掲載順 96/100）
HYK2021-1897	13047308	食べログ	ピザ 百名店	百名店	ピザ	2021	全国	ピッツェリアGG 吉祥寺	東京都	https://award.tabelog.com/hyakumeiten/pizza/2021	46232	店舗照合済	2021年百名店公式選出（ピザ 百名店 全国・公式掲載順 97/100）
HYK2021-1898	13122166	食べログ	ピザ 百名店	百名店	ピザ	2021	全国	タランテッラ ダ ルイジ	東京都	https://award.tabelog.com/hyakumeiten/pizza/2021	46232	店舗照合済	2021年百名店公式選出（ピザ 百名店 全国・公式掲載順 98/100）
HYK2021-1899	13036875	食べログ	ピザ 百名店	百名店	ピザ	2021	全国	SAVOY 麻布十番店	東京都	https://award.tabelog.com/hyakumeiten/pizza/2021	46232	店舗照合済	2021年百名店公式選出（ピザ 百名店 全国・公式掲載順 99/100）
HYK2021-1900	29000860	食べログ	ピザ 百名店	百名店	ピザ	2021	全国	山岡ピザ	奈良県	https://award.tabelog.com/hyakumeiten/pizza/2021	46232	店舗照合済	2021年百名店公式選出（ピザ 百名店 全国・公式掲載順 100/100）
HYK2021-1901	14071663	食べログ	ラーメン 百名店	百名店	ラーメン	2021	EAST	中華そば 高野	神奈川県	https://award.tabelog.com/hyakumeiten/ramen_east/2021	46232	店舗照合済	2021年百名店公式選出（ラーメン 百名店 EAST・公式掲載順 1/100）
HYK2021-1902	14000184	食べログ	ラーメン 百名店	百名店	ラーメン	2021	EAST	ZUND-BAR	神奈川県	https://award.tabelog.com/hyakumeiten/ramen_east/2021	46232	店舗照合済	2021年百名店公式選出（ラーメン 百名店 EAST・公式掲載順 2/100）
HYK2021-1903	23000971	食べログ	ラーメン 百名店	百名店	ラーメン	2021	EAST	ラーメン専門店 徳川町 如水	愛知県	https://award.tabelog.com/hyakumeiten/ramen_east/2021	46232	店舗照合済	2021年百名店公式選出（ラーメン 百名店 EAST・公式掲載順 3/100）
HYK2021-1904	12025333	食べログ	ラーメン 百名店	百名店	ラーメン	2021	EAST	杉田家 千葉店	千葉県	https://award.tabelog.com/hyakumeiten/ramen_east/2021	46232	店舗照合済	2021年百名店公式選出（ラーメン 百名店 EAST・公式掲載順 4/100）
HYK2021-1905	1000031	食べログ	ラーメン 百名店	百名店	ラーメン	2021	EAST	さっぽろ純連 札幌店	北海道	https://award.tabelog.com/hyakumeiten/ramen_east/2021	46232	店舗照合済	2021年百名店公式選出（ラーメン 百名店 EAST・公式掲載順 5/100）
HYK2021-1906	11004115	食べログ	ラーメン 百名店	百名店	ラーメン	2021	EAST	狼煙 本店	埼玉県	https://award.tabelog.com/hyakumeiten/ramen_east/2021	46232	店舗照合済	2021年百名店公式選出（ラーメン 百名店 EAST・公式掲載順 6/100）
HYK2021-1907	14053454	食べログ	ラーメン 百名店	百名店	ラーメン	2021	EAST	家系ラーメン とらきち家	神奈川県	https://award.tabelog.com/hyakumeiten/ramen_east/2021	46232	店舗照合済	2021年百名店公式選出（ラーメン 百名店 EAST・公式掲載順 7/100）
HYK2021-1908	12040080	食べログ	ラーメン 百名店	百名店	ラーメン	2021	EAST	中華ソバ 篤々	千葉県	https://award.tabelog.com/hyakumeiten/ramen_east/2021	46232	店舗照合済	2021年百名店公式選出（ラーメン 百名店 EAST・公式掲載順 8/100）
HYK2021-1909	11000150	食べログ	ラーメン 百名店	百名店	ラーメン	2021	EAST	頑者 本店	埼玉県	https://award.tabelog.com/hyakumeiten/ramen_east/2021	46232	店舗照合済	2021年百名店公式選出（ラーメン 百名店 EAST・公式掲載順 9/100）
HYK2021-1910	1034678	食べログ	ラーメン 百名店	百名店	ラーメン	2021	EAST	MEN-EIJI HIRAGISHI BASE	北海道	https://award.tabelog.com/hyakumeiten/ramen_east/2021	46232	店舗照合済	2021年百名店公式選出（ラーメン 百名店 EAST・公式掲載順 10/100）
HYK2021-1911	12026940	食べログ	ラーメン 百名店	百名店	ラーメン	2021	EAST	とら食堂 松戸分店	千葉県	https://award.tabelog.com/hyakumeiten/ramen_east/2021	46232	店舗照合済	2021年百名店公式選出（ラーメン 百名店 EAST・公式掲載順 11/100）
HYK2021-1912	14080372	食べログ	ラーメン 百名店	百名店	ラーメン	2021	EAST	らぁ麺 すぎ本	神奈川県	https://award.tabelog.com/hyakumeiten/ramen_east/2021	46232	店舗照合済	2021年百名店公式選出（ラーメン 百名店 EAST・公式掲載順 12/100）
HYK2021-1913	11053248	食べログ	ラーメン 百名店	百名店	ラーメン	2021	EAST	中華そば 深緑	埼玉県	https://award.tabelog.com/hyakumeiten/ramen_east/2021	46232	店舗照合済	2021年百名店公式選出（ラーメン 百名店 EAST・公式掲載順 13/100）
HYK2021-1914	23055953	食べログ	ラーメン 百名店	百名店	ラーメン	2021	EAST	らぁ麺 紫陽花	愛知県	https://award.tabelog.com/hyakumeiten/ramen_east/2021	46232	店舗照合済	2021年百名店公式選出（ラーメン 百名店 EAST・公式掲載順 14/100）
HYK2021-1915	10014488	食べログ	ラーメン 百名店	百名店	ラーメン	2021	EAST	らーめん芝浜	群馬県	https://award.tabelog.com/hyakumeiten/ramen_east/2021	46232	店舗照合済	2021年百名店公式選出（ラーメン 百名店 EAST・公式掲載順 15/100）
HYK2021-1916	1026411	食べログ	ラーメン 百名店	百名店	ラーメン	2021	EAST	麺や 麗	北海道	https://award.tabelog.com/hyakumeiten/ramen_east/2021	46232	店舗照合済	2021年百名店公式選出（ラーメン 百名店 EAST・公式掲載順 16/100）
HYK2021-1917	23056955	食べログ	ラーメン 百名店	百名店	ラーメン	2021	EAST	らーめん奏	愛知県	https://award.tabelog.com/hyakumeiten/ramen_east/2021	46232	店舗照合済	2021年百名店公式選出（ラーメン 百名店 EAST・公式掲載順 17/100）
HYK2021-1918	1000018	食べログ	ラーメン 百名店	百名店	ラーメン	2021	EAST	麺屋 彩未	北海道	https://award.tabelog.com/hyakumeiten/ramen_east/2021	46232	店舗照合済	2021年百名店公式選出（ラーメン 百名店 EAST・公式掲載順 18/100）
HYK2021-1919	14057313	食べログ	ラーメン 百名店	百名店	ラーメン	2021	EAST	うまいヨゆうちゃんラーメン	神奈川県	https://award.tabelog.com/hyakumeiten/ramen_east/2021	46232	店舗照合済	2021年百名店公式選出（ラーメン 百名店 EAST・公式掲載順 19/100）
HYK2021-1920	11052642	食べログ	ラーメン 百名店	百名店	ラーメン	2021	EAST	ヌードル＆スパイスカレー 今日の1番	埼玉県	https://award.tabelog.com/hyakumeiten/ramen_east/2021	46232	店舗照合済	2021年百名店公式選出（ラーメン 百名店 EAST・公式掲載順 20/100）
HYK2021-1921	14000059	食べログ	ラーメン 百名店	百名店	ラーメン	2021	EAST	家系総本山 吉村家	神奈川県	https://award.tabelog.com/hyakumeiten/ramen_east/2021	46232	店舗照合済	2021年百名店公式選出（ラーメン 百名店 EAST・公式掲載順 21/100）
HYK2021-1922	14070233	食べログ	ラーメン 百名店	百名店	ラーメン	2021	EAST	中華そば 笑歩	神奈川県	https://award.tabelog.com/hyakumeiten/ramen_east/2021	46232	店舗照合済	2021年百名店公式選出（ラーメン 百名店 EAST・公式掲載順 22/100）
HYK2021-1923	14012001	食べログ	ラーメン 百名店	百名店	ラーメン	2021	EAST	くり山	神奈川県	https://award.tabelog.com/hyakumeiten/ramen_east/2021	46232	店舗照合済	2021年百名店公式選出（ラーメン 百名店 EAST・公式掲載順 23/100）
HYK2021-1924	8013639	食べログ	ラーメン 百名店	百名店	ラーメン	2021	EAST	喜元門 研究学園店	茨城県	https://award.tabelog.com/hyakumeiten/ramen_east/2021	46232	店舗照合済	2021年百名店公式選出（ラーメン 百名店 EAST・公式掲載順 24/100）
HYK2021-1925	1009525	食べログ	ラーメン 百名店	百名店	ラーメン	2021	EAST	麺や けせらせら	北海道	https://award.tabelog.com/hyakumeiten/ramen_east/2021	46232	店舗照合済	2021年百名店公式選出（ラーメン 百名店 EAST・公式掲載順 25/100）
HYK2021-1926	1009634	食べログ	ラーメン 百名店	百名店	ラーメン	2021	EAST	麺屋 菜々兵衛	北海道	https://award.tabelog.com/hyakumeiten/ramen_east/2021	46232	店舗照合済	2021年百名店公式選出（ラーメン 百名店 EAST・公式掲載順 26/100）
HYK2021-1927	14070248	食べログ	ラーメン 百名店	百名店	ラーメン	2021	EAST	支那蕎麦屋 藤花	神奈川県	https://award.tabelog.com/hyakumeiten/ramen_east/2021	46232	店舗照合済	2021年百名店公式選出（ラーメン 百名店 EAST・公式掲載順 27/100）
HYK2021-1928	14038422	食べログ	ラーメン 百名店	百名店	ラーメン	2021	EAST	ラーメン二郎 中山駅前店	神奈川県	https://award.tabelog.com/hyakumeiten/ramen_east/2021	46232	店舗照合済	2021年百名店公式選出（ラーメン 百名店 EAST・公式掲載順 28/100）
HYK2021-1929	4009075	食べログ	ラーメン 百名店	百名店	ラーメン	2021	EAST	中華そば 嘉一	宮城県	https://award.tabelog.com/hyakumeiten/ramen_east/2021	46232	店舗照合済	2021年百名店公式選出（ラーメン 百名店 EAST・公式掲載順 29/100）
HYK2021-1930	12000080	食べログ	ラーメン 百名店	百名店	ラーメン	2021	EAST	味処 むさし野	千葉県	https://award.tabelog.com/hyakumeiten/ramen_east/2021	46232	店舗照合済	2021年百名店公式選出（ラーメン 百名店 EAST・公式掲載順 30/100）
HYK2021-1931	7012906	食べログ	ラーメン 百名店	百名店	ラーメン	2021	EAST	自家製麺 うろた	福島県	https://award.tabelog.com/hyakumeiten/ramen_east/2021	46232	店舗照合済	2021年百名店公式選出（ラーメン 百名店 EAST・公式掲載順 31/100）
HYK2021-1932	21000295	食べログ	ラーメン 百名店	百名店	ラーメン	2021	EAST	らーめんNageyari	岐阜県	https://award.tabelog.com/hyakumeiten/ramen_east/2021	46232	店舗照合済	2021年百名店公式選出（ラーメン 百名店 EAST・公式掲載順 32/100）
HYK2021-1933	14053385	食べログ	ラーメン 百名店	百名店	ラーメン	2021	EAST	らぁめん夢	神奈川県	https://award.tabelog.com/hyakumeiten/ramen_east/2021	46232	店舗照合済	2021年百名店公式選出（ラーメン 百名店 EAST・公式掲載順 33/100）
HYK2021-1934	11038476	食べログ	ラーメン 百名店	百名店	ラーメン	2021	EAST	麺処 有彩	埼玉県	https://award.tabelog.com/hyakumeiten/ramen_east/2021	46232	店舗照合済	2021年百名店公式選出（ラーメン 百名店 EAST・公式掲載順 34/100）
HYK2021-1935	14051850	食べログ	ラーメン 百名店	百名店	ラーメン	2021	EAST	横浜中華そば 維新商店 本店	神奈川県	https://award.tabelog.com/hyakumeiten/ramen_east/2021	46232	店舗照合済	2021年百名店公式選出（ラーメン 百名店 EAST・公式掲載順 35/100）
HYK2021-1936	14081996	食べログ	ラーメン 百名店	百名店	ラーメン	2021	EAST	日陰	神奈川県	https://award.tabelog.com/hyakumeiten/ramen_east/2021	46232	店舗照合済	2021年百名店公式選出（ラーメン 百名店 EAST・公式掲載順 36/100）
HYK2021-1937	23060674	食べログ	ラーメン 百名店	百名店	ラーメン	2021	EAST	麺家獅子丸	愛知県	https://award.tabelog.com/hyakumeiten/ramen_east/2021	46232	店舗照合済	2021年百名店公式選出（ラーメン 百名店 EAST・公式掲載順 37/100）
HYK2021-1938	14000181	食べログ	ラーメン 百名店	百名店	ラーメン	2021	EAST	厚木本丸亭	神奈川県	https://award.tabelog.com/hyakumeiten/ramen_east/2021	46232	店舗照合済	2021年百名店公式選出（ラーメン 百名店 EAST・公式掲載順 38/100）
HYK2021-1939	14059192	食べログ	ラーメン 百名店	百名店	ラーメン	2021	EAST	らぁめん鴇	神奈川県	https://award.tabelog.com/hyakumeiten/ramen_east/2021	46232	店舗照合済	2021年百名店公式選出（ラーメン 百名店 EAST・公式掲載順 39/100）
HYK2021-1940	14054005	食べログ	ラーメン 百名店	百名店	ラーメン	2021	EAST	ラーメン星印	神奈川県	https://award.tabelog.com/hyakumeiten/ramen_east/2021	46232	店舗照合済	2021年百名店公式選出（ラーメン 百名店 EAST・公式掲載順 40/100）
HYK2021-1941	23050032	食べログ	ラーメン 百名店	百名店	ラーメン	2021	EAST	からみそラーメン ふくろう 本店	愛知県	https://award.tabelog.com/hyakumeiten/ramen_east/2021	46232	店舗照合済	2021年百名店公式選出（ラーメン 百名店 EAST・公式掲載順 41/100）
HYK2021-1942	22019502	食べログ	ラーメン 百名店	百名店	ラーメン	2021	EAST	めん奏心	静岡県	https://award.tabelog.com/hyakumeiten/ramen_east/2021	46232	店舗照合済	2021年百名店公式選出（ラーメン 百名店 EAST・公式掲載順 42/100）
HYK2021-1943	14038776	食べログ	ラーメン 百名店	百名店	ラーメン	2021	EAST	らぁ麺 飯田商店	神奈川県	https://award.tabelog.com/hyakumeiten/ramen_east/2021	46232	店舗照合済	2021年百名店公式選出（ラーメン 百名店 EAST・公式掲載順 43/100）
HYK2021-1944	11034385	食べログ	ラーメン 百名店	百名店	ラーメン	2021	EAST	らーめん　かねかつ	埼玉県	https://award.tabelog.com/hyakumeiten/ramen_east/2021	46232	店舗照合済	2021年百名店公式選出（ラーメン 百名店 EAST・公式掲載順 44/100）
HYK2021-1945	14075882	食べログ	ラーメン 百名店	百名店	ラーメン	2021	EAST	川の先の上	神奈川県	https://award.tabelog.com/hyakumeiten/ramen_east/2021	46232	店舗照合済	2021年百名店公式選出（ラーメン 百名店 EAST・公式掲載順 45/100）
HYK2021-1946	7000007	食べログ	ラーメン 百名店	百名店	ラーメン	2021	EAST	坂内食堂	福島県	https://award.tabelog.com/hyakumeiten/ramen_east/2021	46232	店舗照合済	2021年百名店公式選出（ラーメン 百名店 EAST・公式掲載順 46/100）
HYK2021-1947	11040851	食べログ	ラーメン 百名店	百名店	ラーメン	2021	EAST	寿製麺 よしかわ 川越店	埼玉県	https://award.tabelog.com/hyakumeiten/ramen_east/2021	46232	店舗照合済	2021年百名店公式選出（ラーメン 百名店 EAST・公式掲載順 47/100）
HYK2021-1948	14000917	食べログ	ラーメン 百名店	百名店	ラーメン	2021	EAST	杉田家	神奈川県	https://award.tabelog.com/hyakumeiten/ramen_east/2021	46232	店舗照合済	2021年百名店公式選出（ラーメン 百名店 EAST・公式掲載順 48/100）
HYK2021-1949	14000569	食べログ	ラーメン 百名店	百名店	ラーメン	2021	EAST	流星軒	神奈川県	https://award.tabelog.com/hyakumeiten/ramen_east/2021	46232	店舗照合済	2021年百名店公式選出（ラーメン 百名店 EAST・公式掲載順 49/100）
HYK2021-1950	11036997	食べログ	ラーメン 百名店	百名店	ラーメン	2021	EAST	中華そば よしかわ 上尾店	埼玉県	https://award.tabelog.com/hyakumeiten/ramen_east/2021	46232	店舗照合済	2021年百名店公式選出（ラーメン 百名店 EAST・公式掲載順 50/100）
HYK2021-1951	14068944	食べログ	ラーメン 百名店	百名店	ラーメン	2021	EAST	Sagamihara 欅	神奈川県	https://award.tabelog.com/hyakumeiten/ramen_east/2021	46232	店舗照合済	2021年百名店公式選出（ラーメン 百名店 EAST・公式掲載順 51/100）
HYK2021-1952	14067138	食べログ	ラーメン 百名店	百名店	ラーメン	2021	EAST	中華蕎麦 時雨 伊勢佐木長者町本店	神奈川県	https://award.tabelog.com/hyakumeiten/ramen_east/2021	46232	店舗照合済	2021年百名店公式選出（ラーメン 百名店 EAST・公式掲載順 52/100）
HYK2021-1953	14000161	食べログ	ラーメン 百名店	百名店	ラーメン	2021	EAST	環2家	神奈川県	https://award.tabelog.com/hyakumeiten/ramen_east/2021	46232	店舗照合済	2021年百名店公式選出（ラーメン 百名店 EAST・公式掲載順 53/100）
HYK2021-1954	1057715	食べログ	ラーメン 百名店	百名店	ラーメン	2021	EAST	Japanese Ramen Noodle Lab Q	北海道	https://award.tabelog.com/hyakumeiten/ramen_east/2021	46232	店舗照合済	2021年百名店公式選出（ラーメン 百名店 EAST・公式掲載順 54/100）
HYK2021-1955	14014445	食べログ	ラーメン 百名店	百名店	ラーメン	2021	EAST	支那そばや 本店	神奈川県	https://award.tabelog.com/hyakumeiten/ramen_east/2021	46232	店舗照合済	2021年百名店公式選出（ラーメン 百名店 EAST・公式掲載順 55/100）
HYK2021-1956	8014295	食べログ	ラーメン 百名店	百名店	ラーメン	2021	EAST	煮干中華ソバ イチカワ	茨城県	https://award.tabelog.com/hyakumeiten/ramen_east/2021	46232	店舗照合済	2021年百名店公式選出（ラーメン 百名店 EAST・公式掲載順 56/100）
HYK2021-1957	1007919	食べログ	ラーメン 百名店	百名店	ラーメン	2021	EAST	らーめん佳	北海道	https://award.tabelog.com/hyakumeiten/ramen_east/2021	46232	店舗照合済	2021年百名店公式選出（ラーメン 百名店 EAST・公式掲載順 57/100）
HYK2021-1958	14054147	食べログ	ラーメン 百名店	百名店	ラーメン	2021	EAST	らーめん いのうえ	神奈川県	https://award.tabelog.com/hyakumeiten/ramen_east/2021	46232	店舗照合済	2021年百名店公式選出（ラーメン 百名店 EAST・公式掲載順 58/100）
HYK2021-1959	23050560	食べログ	ラーメン 百名店	百名店	ラーメン	2021	EAST	らぁ麺や 汐そば雫	愛知県	https://award.tabelog.com/hyakumeiten/ramen_east/2021	46232	店舗照合済	2021年百名店公式選出（ラーメン 百名店 EAST・公式掲載順 59/100）
HYK2021-1960	14056997	食べログ	ラーメン 百名店	百名店	ラーメン	2021	EAST	貝ガラ屋	神奈川県	https://award.tabelog.com/hyakumeiten/ramen_east/2021	46232	店舗照合済	2021年百名店公式選出（ラーメン 百名店 EAST・公式掲載順 60/100）
HYK2021-1961	11048539	食べログ	ラーメン 百名店	百名店	ラーメン	2021	EAST	自家製手もみ麺 鈴ノ木	埼玉県	https://award.tabelog.com/hyakumeiten/ramen_east/2021	46232	店舗照合済	2021年百名店公式選出（ラーメン 百名店 EAST・公式掲載順 61/100）
HYK2021-1962	14013886	食べログ	ラーメン 百名店	百名店	ラーメン	2021	EAST	ラーメン 厚木家	神奈川県	https://award.tabelog.com/hyakumeiten/ramen_east/2021	46232	店舗照合済	2021年百名店公式選出（ラーメン 百名店 EAST・公式掲載順 62/100）
HYK2021-1963	14049709	食べログ	ラーメン 百名店	百名店	ラーメン	2021	EAST	麺処 懐や	神奈川県	https://award.tabelog.com/hyakumeiten/ramen_east/2021	46232	店舗照合済	2021年百名店公式選出（ラーメン 百名店 EAST・公式掲載順 63/100）
HYK2021-1964	14001610	食べログ	ラーメン 百名店	百名店	ラーメン	2021	EAST	中華そば 麺や食堂 本店	神奈川県	https://award.tabelog.com/hyakumeiten/ramen_east/2021	46232	店舗照合済	2021年百名店公式選出（ラーメン 百名店 EAST・公式掲載順 64/100）
HYK2021-1965	14000186	食べログ	ラーメン 百名店	百名店	ラーメン	2021	EAST	中村屋	神奈川県	https://award.tabelog.com/hyakumeiten/ramen_east/2021	46232	店舗照合済	2021年百名店公式選出（ラーメン 百名店 EAST・公式掲載順 65/100）
HYK2021-1966	11043059	食べログ	ラーメン 百名店	百名店	ラーメン	2021	EAST	煮干乱舞	埼玉県	https://award.tabelog.com/hyakumeiten/ramen_east/2021	46232	店舗照合済	2021年百名店公式選出（ラーメン 百名店 EAST・公式掲載順 66/100）
HYK2021-1967	11030891	食べログ	ラーメン 百名店	百名店	ラーメン	2021	EAST	和風楽麺 四代目 ひのでや	埼玉県	https://award.tabelog.com/hyakumeiten/ramen_east/2021	46232	店舗照合済	2021年百名店公式選出（ラーメン 百名店 EAST・公式掲載順 67/100）
HYK2021-1968	1038229	食べログ	ラーメン 百名店	百名店	ラーメン	2021	EAST	ラーメン 木曜日	北海道	https://award.tabelog.com/hyakumeiten/ramen_east/2021	46232	店舗照合済	2021年百名店公式選出（ラーメン 百名店 EAST・公式掲載順 68/100）
HYK2021-1969	14051496	食べログ	ラーメン 百名店	百名店	ラーメン	2021	EAST	ラーメン 末廣家	神奈川県	https://award.tabelog.com/hyakumeiten/ramen_east/2021	46232	店舗照合済	2021年百名店公式選出（ラーメン 百名店 EAST・公式掲載順 69/100）
HYK2021-1970	14013437	食べログ	ラーメン 百名店	百名店	ラーメン	2021	EAST	つけめん 玉	神奈川県	https://award.tabelog.com/hyakumeiten/ramen_east/2021	46232	店舗照合済	2021年百名店公式選出（ラーメン 百名店 EAST・公式掲載順 70/100）
HYK2021-1971	14077566	食べログ	ラーメン 百名店	百名店	ラーメン	2021	EAST	麺や 六等星	神奈川県	https://award.tabelog.com/hyakumeiten/ramen_east/2021	46232	店舗照合済	2021年百名店公式選出（ラーメン 百名店 EAST・公式掲載順 71/100）
HYK2021-1972	14062435	食べログ	ラーメン 百名店	百名店	ラーメン	2021	EAST	丿貫 福富町本店	神奈川県	https://award.tabelog.com/hyakumeiten/ramen_east/2021	46232	店舗照合済	2021年百名店公式選出（ラーメン 百名店 EAST・公式掲載順 72/100）
HYK2021-1973	14048864	食べログ	ラーメン 百名店	百名店	ラーメン	2021	EAST	らーめん 鶏喰	神奈川県	https://award.tabelog.com/hyakumeiten/ramen_east/2021	46232	店舗照合済	2021年百名店公式選出（ラーメン 百名店 EAST・公式掲載順 73/100）
HYK2021-1974	1009886	食べログ	ラーメン 百名店	百名店	ラーメン	2021	EAST	麺屋 高橋	北海道	https://award.tabelog.com/hyakumeiten/ramen_east/2021	46232	店舗照合済	2021年百名店公式選出（ラーメン 百名店 EAST・公式掲載順 74/100）
HYK2021-1975	15000043	食べログ	ラーメン 百名店	百名店	ラーメン	2021	EAST	いち井	新潟県	https://award.tabelog.com/hyakumeiten/ramen_east/2021	46232	店舗照合済	2021年百名店公式選出（ラーメン 百名店 EAST・公式掲載順 75/100）
HYK2021-1976	14055421	食べログ	ラーメン 百名店	百名店	ラーメン	2021	EAST	らーめん森や。	神奈川県	https://award.tabelog.com/hyakumeiten/ramen_east/2021	46232	店舗照合済	2021年百名店公式選出（ラーメン 百名店 EAST・公式掲載順 76/100）
HYK2021-1977	12000422	食べログ	ラーメン 百名店	百名店	ラーメン	2021	EAST	中華蕎麦 とみ田	千葉県	https://award.tabelog.com/hyakumeiten/ramen_east/2021	46232	店舗照合済	2021年百名店公式選出（ラーメン 百名店 EAST・公式掲載順 77/100）
HYK2021-1978	12001198	食べログ	ラーメン 百名店	百名店	ラーメン	2021	EAST	兎に角 松戸本店	千葉県	https://award.tabelog.com/hyakumeiten/ramen_east/2021	46232	店舗照合済	2021年百名店公式選出（ラーメン 百名店 EAST・公式掲載順 78/100）
HYK2021-1979	11000014	食べログ	ラーメン 百名店	百名店	ラーメン	2021	EAST	ぜんや	埼玉県	https://award.tabelog.com/hyakumeiten/ramen_east/2021	46232	店舗照合済	2021年百名店公式選出（ラーメン 百名店 EAST・公式掲載順 79/100）
HYK2021-1980	7000016	食べログ	ラーメン 百名店	百名店	ラーメン	2021	EAST	とら食堂	福島県	https://award.tabelog.com/hyakumeiten/ramen_east/2021	46232	店舗照合済	2021年百名店公式選出（ラーメン 百名店 EAST・公式掲載順 80/100）
HYK2021-1981	12033982	食べログ	ラーメン 百名店	百名店	ラーメン	2021	EAST	濃麺 海月	千葉県	https://award.tabelog.com/hyakumeiten/ramen_east/2021	46232	店舗照合済	2021年百名店公式選出（ラーメン 百名店 EAST・公式掲載順 81/100）
HYK2021-1982	1004868	食べログ	ラーメン 百名店	百名店	ラーメン	2021	EAST	麺屋 雪風 すすきの店	北海道	https://award.tabelog.com/hyakumeiten/ramen_east/2021	46232	店舗照合済	2021年百名店公式選出（ラーメン 百名店 EAST・公式掲載順 82/100）
HYK2021-1983	9012617	食べログ	ラーメン 百名店	百名店	ラーメン	2021	EAST	麺屋 ようすけ	栃木県	https://award.tabelog.com/hyakumeiten/ramen_east/2021	46232	店舗照合済	2021年百名店公式選出（ラーメン 百名店 EAST・公式掲載順 83/100）
HYK2021-1984	23005819	食べログ	ラーメン 百名店	百名店	ラーメン	2021	EAST	なるとや	愛知県	https://award.tabelog.com/hyakumeiten/ramen_east/2021	46232	店舗照合済	2021年百名店公式選出（ラーメン 百名店 EAST・公式掲載順 84/100）
HYK2021-1985	14001518	食べログ	ラーメン 百名店	百名店	ラーメン	2021	EAST	ラーメン二郎 横浜関内店	神奈川県	https://award.tabelog.com/hyakumeiten/ramen_east/2021	46232	店舗照合済	2021年百名店公式選出（ラーメン 百名店 EAST・公式掲載順 85/100）
HYK2021-1986	14000063	食べログ	ラーメン 百名店	百名店	ラーメン	2021	EAST	寿々喜家	神奈川県	https://award.tabelog.com/hyakumeiten/ramen_east/2021	46232	店舗照合済	2021年百名店公式選出（ラーメン 百名店 EAST・公式掲載順 86/100）
HYK2021-1987	9009352	食べログ	ラーメン 百名店	百名店	ラーメン	2021	EAST	青竹手打ラーメン 日向屋	栃木県	https://award.tabelog.com/hyakumeiten/ramen_east/2021	46232	店舗照合済	2021年百名店公式選出（ラーメン 百名店 EAST・公式掲載順 87/100）
HYK2021-1988	11043376	食べログ	ラーメン 百名店	百名店	ラーメン	2021	EAST	オランダ軒	埼玉県	https://award.tabelog.com/hyakumeiten/ramen_east/2021	46232	店舗照合済	2021年百名店公式選出（ラーメン 百名店 EAST・公式掲載順 88/100）
HYK2021-1989	14068897	食べログ	ラーメン 百名店	百名店	ラーメン	2021	EAST	櫻井中華そば店	神奈川県	https://award.tabelog.com/hyakumeiten/ramen_east/2021	46232	店舗照合済	2021年百名店公式選出（ラーメン 百名店 EAST・公式掲載順 89/100）
HYK2021-1990	23051026	食べログ	ラーメン 百名店	百名店	ラーメン	2021	EAST	らぁ麺 飛鶏	愛知県	https://award.tabelog.com/hyakumeiten/ramen_east/2021	46232	店舗照合済	2021年百名店公式選出（ラーメン 百名店 EAST・公式掲載順 90/100）
HYK2021-1991	14056490	食べログ	ラーメン 百名店	百名店	ラーメン	2021	EAST	地球の中華そば	神奈川県	https://award.tabelog.com/hyakumeiten/ramen_east/2021	46232	店舗照合済	2021年百名店公式選出（ラーメン 百名店 EAST・公式掲載順 91/100）
HYK2021-1992	14063423	食べログ	ラーメン 百名店	百名店	ラーメン	2021	EAST	中村麺三郎商店	神奈川県	https://award.tabelog.com/hyakumeiten/ramen_east/2021	46232	店舗照合済	2021年百名店公式選出（ラーメン 百名店 EAST・公式掲載順 92/100）
HYK2021-1993	14058820	食べログ	ラーメン 百名店	百名店	ラーメン	2021	EAST	麺処 秋もと	神奈川県	https://award.tabelog.com/hyakumeiten/ramen_east/2021	46232	店舗照合済	2021年百名店公式選出（ラーメン 百名店 EAST・公式掲載順 93/100）
HYK2021-1994	8012178	食べログ	ラーメン 百名店	百名店	ラーメン	2021	EAST	はりけんラーメン 本店	茨城県	https://award.tabelog.com/hyakumeiten/ramen_east/2021	46232	店舗照合済	2021年百名店公式選出（ラーメン 百名店 EAST・公式掲載順 94/100）
HYK2021-1995	15000002	食べログ	ラーメン 百名店	百名店	ラーメン	2021	EAST	杭州飯店	新潟県	https://award.tabelog.com/hyakumeiten/ramen_east/2021	46232	店舗照合済	2021年百名店公式選出（ラーメン 百名店 EAST・公式掲載順 95/100）
HYK2021-1996	14043755	食べログ	ラーメン 百名店	百名店	ラーメン	2021	EAST	啜磨専科	神奈川県	https://award.tabelog.com/hyakumeiten/ramen_east/2021	46232	店舗照合済	2021年百名店公式選出（ラーメン 百名店 EAST・公式掲載順 96/100）
HYK2021-1997	11034264	食べログ	ラーメン 百名店	百名店	ラーメン	2021	EAST	中華そば 四つ葉	埼玉県	https://award.tabelog.com/hyakumeiten/ramen_east/2021	46232	店舗照合済	2021年百名店公式選出（ラーメン 百名店 EAST・公式掲載順 97/100）
HYK2021-1998	7000006	食べログ	ラーメン 百名店	百名店	ラーメン	2021	EAST	食堂なまえ	福島県	https://award.tabelog.com/hyakumeiten/ramen_east/2021	46232	店舗照合済	2021年百名店公式選出（ラーメン 百名店 EAST・公式掲載順 98/100）
HYK2021-1999	11026125	食べログ	ラーメン 百名店	百名店	ラーメン	2021	EAST	鶏そば　一瑳	埼玉県	https://award.tabelog.com/hyakumeiten/ramen_east/2021	46232	店舗照合済	2021年百名店公式選出（ラーメン 百名店 EAST・公式掲載順 99/100）
HYK2021-2000	14058333	食べログ	ラーメン 百名店	百名店	ラーメン	2021	EAST	豚星。	神奈川県	https://award.tabelog.com/hyakumeiten/ramen_east/2021	46232	店舗照合済	2021年百名店公式選出（ラーメン 百名店 EAST・公式掲載順 100/100）
HYK2021-2001	13218715	食べログ	ラーメン 百名店	百名店	ラーメン	2021	TOKYO	純手打ち だるま	東京都	https://award.tabelog.com/hyakumeiten/ramen_tokyo/2021	46232	店舗照合済	2021年百名店公式選出（ラーメン 百名店 TOKYO・公式掲載順 1/100）
HYK2021-2002	13021140	食べログ	ラーメン 百名店	百名店	ラーメン	2021	TOKYO	麺屋吉左右	東京都	https://award.tabelog.com/hyakumeiten/ramen_tokyo/2021	46232	店舗照合済	2021年百名店公式選出（ラーメン 百名店 TOKYO・公式掲載順 2/100）
HYK2021-2003	13192433	食べログ	ラーメン 百名店	百名店	ラーメン	2021	TOKYO	神田 勝本	東京都	https://award.tabelog.com/hyakumeiten/ramen_tokyo/2021	46232	店舗照合済	2021年百名店公式選出（ラーメン 百名店 TOKYO・公式掲載順 3/100）
HYK2021-2004	13221001	食べログ	ラーメン 百名店	百名店	ラーメン	2021	TOKYO	メンドコロ キナリ	東京都	https://award.tabelog.com/hyakumeiten/ramen_tokyo/2021	46232	店舗照合済	2021年百名店公式選出（ラーメン 百名店 TOKYO・公式掲載順 4/100）
HYK2021-2005	13162973	食べログ	ラーメン 百名店	百名店	ラーメン	2021	TOKYO	ラーメン屋 トイ・ボックス	東京都	https://award.tabelog.com/hyakumeiten/ramen_tokyo/2021	46232	店舗照合済	2021年百名店公式選出（ラーメン 百名店 TOKYO・公式掲載順 5/100）
HYK2021-2006	13127743	食べログ	ラーメン 百名店	百名店	ラーメン	2021	TOKYO	饗 くろ喜	東京都	https://award.tabelog.com/hyakumeiten/ramen_tokyo/2021	46232	店舗照合済	2021年百名店公式選出（ラーメン 百名店 TOKYO・公式掲載順 6/100）
HYK2021-2007	13226777	食べログ	ラーメン 百名店	百名店	ラーメン	2021	TOKYO	味噌っ子 ふっく	東京都	https://award.tabelog.com/hyakumeiten/ramen_tokyo/2021	46232	店舗照合済	2021年百名店公式選出（ラーメン 百名店 TOKYO・公式掲載順 7/100）
HYK2021-2008	13242295	食べログ	ラーメン 百名店	百名店	ラーメン	2021	TOKYO	鴨出汁中華蕎麦 麺屋yoshiki	東京都	https://award.tabelog.com/hyakumeiten/ramen_tokyo/2021	46232	店舗照合済	2021年百名店公式選出（ラーメン 百名店 TOKYO・公式掲載順 8/100）
HYK2021-2009	13042832	食べログ	ラーメン 百名店	百名店	ラーメン	2021	TOKYO	ラーメン大至	東京都	https://award.tabelog.com/hyakumeiten/ramen_tokyo/2021	46232	店舗照合済	2021年百名店公式選出（ラーメン 百名店 TOKYO・公式掲載順 9/100）
HYK2021-2010	13113532	食べログ	ラーメン 百名店	百名店	ラーメン	2021	TOKYO	中華蕎麦 蘭鋳	東京都	https://award.tabelog.com/hyakumeiten/ramen_tokyo/2021	46232	店舗照合済	2021年百名店公式選出（ラーメン 百名店 TOKYO・公式掲載順 10/100）
HYK2021-2011	13215713	食べログ	ラーメン 百名店	百名店	ラーメン	2021	TOKYO	手打式超多加水麺 ののくら	東京都	https://award.tabelog.com/hyakumeiten/ramen_tokyo/2021	46232	店舗照合済	2021年百名店公式選出（ラーメン 百名店 TOKYO・公式掲載順 11/100）
HYK2021-2012	13234223	食べログ	ラーメン 百名店	百名店	ラーメン	2021	TOKYO	イルカ トウキョウ	東京都	https://award.tabelog.com/hyakumeiten/ramen_tokyo/2021	46232	店舗照合済	2021年百名店公式選出（ラーメン 百名店 TOKYO・公式掲載順 12/100）
HYK2021-2013	13126058	食べログ	ラーメン 百名店	百名店	ラーメン	2021	TOKYO	一条流がんこラーメン総本家	東京都	https://award.tabelog.com/hyakumeiten/ramen_tokyo/2021	46232	店舗照合済	2021年百名店公式選出（ラーメン 百名店 TOKYO・公式掲載順 13/100）
HYK2021-2014	13218311	食べログ	ラーメン 百名店	百名店	ラーメン	2021	TOKYO	中華蕎麦にし乃	東京都	https://award.tabelog.com/hyakumeiten/ramen_tokyo/2021	46232	店舗照合済	2021年百名店公式選出（ラーメン 百名店 TOKYO・公式掲載順 14/100）
HYK2021-2015	13001705	食べログ	ラーメン 百名店	百名店	ラーメン	2021	TOKYO	喜楽	東京都	https://award.tabelog.com/hyakumeiten/ramen_tokyo/2021	46232	店舗照合済	2021年百名店公式選出（ラーメン 百名店 TOKYO・公式掲載順 15/100）
HYK2021-2016	13118141	食べログ	ラーメン 百名店	百名店	ラーメン	2021	TOKYO	銀座 朧月	東京都	https://award.tabelog.com/hyakumeiten/ramen_tokyo/2021	46232	店舗照合済	2021年百名店公式選出（ラーメン 百名店 TOKYO・公式掲載順 16/100）
HYK2021-2017	13042564	食べログ	ラーメン 百名店	百名店	ラーメン	2021	TOKYO	四川担担麺 阿吽 湯島本店	東京都	https://award.tabelog.com/hyakumeiten/ramen_tokyo/2021	46232	店舗照合済	2021年百名店公式選出（ラーメン 百名店 TOKYO・公式掲載順 17/100）
HYK2021-2018	13184399	食べログ	ラーメン 百名店	百名店	ラーメン	2021	TOKYO	麺や 七彩	東京都	https://award.tabelog.com/hyakumeiten/ramen_tokyo/2021	46232	店舗照合済	2021年百名店公式選出（ラーメン 百名店 TOKYO・公式掲載順 18/100）
HYK2021-2019	13229181	食べログ	ラーメン 百名店	百名店	ラーメン	2021	TOKYO	中華そば うお青	東京都	https://award.tabelog.com/hyakumeiten/ramen_tokyo/2021	46232	店舗照合済	2021年百名店公式選出（ラーメン 百名店 TOKYO・公式掲載順 19/100）
HYK2021-2020	13213036	食べログ	ラーメン 百名店	百名店	ラーメン	2021	TOKYO	中華そば 西川	東京都	https://award.tabelog.com/hyakumeiten/ramen_tokyo/2021	46232	店舗照合済	2021年百名店公式選出（ラーメン 百名店 TOKYO・公式掲載順 20/100）
HYK2021-2021	13201888	食べログ	ラーメン 百名店	百名店	ラーメン	2021	TOKYO	神保町 黒須	東京都	https://award.tabelog.com/hyakumeiten/ramen_tokyo/2021	46232	店舗照合済	2021年百名店公式選出（ラーメン 百名店 TOKYO・公式掲載順 21/100）
HYK2021-2022	13046637	食べログ	ラーメン 百名店	百名店	ラーメン	2021	TOKYO	麺屋ひょっとこ 交通会館店	東京都	https://award.tabelog.com/hyakumeiten/ramen_tokyo/2021	46232	店舗照合済	2021年百名店公式選出（ラーメン 百名店 TOKYO・公式掲載順 22/100）
HYK2021-2023	13003421	食べログ	ラーメン 百名店	百名店	ラーメン	2021	TOKYO	中華そば 多賀野	東京都	https://award.tabelog.com/hyakumeiten/ramen_tokyo/2021	46232	店舗照合済	2021年百名店公式選出（ラーメン 百名店 TOKYO・公式掲載順 23/100）
HYK2021-2024	13154006	食べログ	ラーメン 百名店	百名店	ラーメン	2021	TOKYO	中華そば 児ノ木	東京都	https://award.tabelog.com/hyakumeiten/ramen_tokyo/2021	46232	店舗照合済	2021年百名店公式選出（ラーメン 百名店 TOKYO・公式掲載順 24/100）
HYK2021-2025	13233678	食べログ	ラーメン 百名店	百名店	ラーメン	2021	TOKYO	中華そば 和渦 TOKYO	東京都	https://award.tabelog.com/hyakumeiten/ramen_tokyo/2021	46232	店舗照合済	2021年百名店公式選出（ラーメン 百名店 TOKYO・公式掲載順 25/100）
HYK2021-2026	13093047	食べログ	ラーメン 百名店	百名店	ラーメン	2021	TOKYO	六厘舎	東京都	https://award.tabelog.com/hyakumeiten/ramen_tokyo/2021	46232	店舗照合済	2021年百名店公式選出（ラーメン 百名店 TOKYO・公式掲載順 26/100）
HYK2021-2027	13167920	食べログ	ラーメン 百名店	百名店	ラーメン	2021	TOKYO	竹末東京Premium	東京都	https://award.tabelog.com/hyakumeiten/ramen_tokyo/2021	46232	店舗照合済	2021年百名店公式選出（ラーメン 百名店 TOKYO・公式掲載順 27/100）
HYK2021-2028	13167439	食べログ	ラーメン 百名店	百名店	ラーメン	2021	TOKYO	ラーメン巌哲	東京都	https://award.tabelog.com/hyakumeiten/ramen_tokyo/2021	46232	店舗照合済	2021年百名店公式選出（ラーメン 百名店 TOKYO・公式掲載順 28/100）
HYK2021-2029	13178309	食べログ	ラーメン 百名店	百名店	ラーメン	2021	TOKYO	麺尊 RAGE	東京都	https://award.tabelog.com/hyakumeiten/ramen_tokyo/2021	46232	店舗照合済	2021年百名店公式選出（ラーメン 百名店 TOKYO・公式掲載順 29/100）
HYK2021-2030	13040181	食べログ	ラーメン 百名店	百名店	ラーメン	2021	TOKYO	麺屋 翔 本店	東京都	https://award.tabelog.com/hyakumeiten/ramen_tokyo/2021	46232	店舗照合済	2021年百名店公式選出（ラーメン 百名店 TOKYO・公式掲載順 30/100）
HYK2021-2031	13120708	食べログ	ラーメン 百名店	百名店	ラーメン	2021	TOKYO	つけ麺 五ノ神製作所 新宿店	東京都	https://award.tabelog.com/hyakumeiten/ramen_tokyo/2021	46232	店舗照合済	2021年百名店公式選出（ラーメン 百名店 TOKYO・公式掲載順 31/100）
HYK2021-2032	13136428	食べログ	ラーメン 百名店	百名店	ラーメン	2021	TOKYO	麺屋 Hulu-lu	東京都	https://award.tabelog.com/hyakumeiten/ramen_tokyo/2021	46232	店舗照合済	2021年百名店公式選出（ラーメン 百名店 TOKYO・公式掲載順 32/100）
HYK2021-2033	13259078	食べログ	ラーメン 百名店	百名店	ラーメン	2021	TOKYO	中華蕎麦 ひら井	東京都	https://award.tabelog.com/hyakumeiten/ramen_tokyo/2021	46232	店舗照合済	2021年百名店公式選出（ラーメン 百名店 TOKYO・公式掲載順 33/100）
HYK2021-2034	13246362	食べログ	ラーメン 百名店	百名店	ラーメン	2021	TOKYO	麺創庵 砂田	東京都	https://award.tabelog.com/hyakumeiten/ramen_tokyo/2021	46232	店舗照合済	2021年百名店公式選出（ラーメン 百名店 TOKYO・公式掲載順 34/100）
HYK2021-2035	13162681	食べログ	ラーメン 百名店	百名店	ラーメン	2021	TOKYO	中華そば しば田	東京都	https://award.tabelog.com/hyakumeiten/ramen_tokyo/2021	46232	店舗照合済	2021年百名店公式選出（ラーメン 百名店 TOKYO・公式掲載順 35/100）
HYK2021-2036	13180862	食べログ	ラーメン 百名店	百名店	ラーメン	2021	TOKYO	煮干しつけ麺 宮元	東京都	https://award.tabelog.com/hyakumeiten/ramen_tokyo/2021	46232	店舗照合済	2021年百名店公式選出（ラーメン 百名店 TOKYO・公式掲載順 36/100）
HYK2021-2037	13172994	食べログ	ラーメン 百名店	百名店	ラーメン	2021	TOKYO	らぁめん小池	東京都	https://award.tabelog.com/hyakumeiten/ramen_tokyo/2021	46232	店舗照合済	2021年百名店公式選出（ラーメン 百名店 TOKYO・公式掲載順 37/100）
HYK2021-2038	13227469	食べログ	ラーメン 百名店	百名店	ラーメン	2021	TOKYO	スープメン	東京都	https://award.tabelog.com/hyakumeiten/ramen_tokyo/2021	46232	店舗照合済	2021年百名店公式選出（ラーメン 百名店 TOKYO・公式掲載順 38/100）
HYK2021-2039	13147594	食べログ	ラーメン 百名店	百名店	ラーメン	2021	TOKYO	Ramen にじゅうぶんのいち	東京都	https://award.tabelog.com/hyakumeiten/ramen_tokyo/2021	46232	店舗照合済	2021年百名店公式選出（ラーメン 百名店 TOKYO・公式掲載順 39/100）
HYK2021-2040	13203355	食べログ	ラーメン 百名店	百名店	ラーメン	2021	TOKYO	カネキッチン ヌードル	東京都	https://award.tabelog.com/hyakumeiten/ramen_tokyo/2021	46232	店舗照合済	2021年百名店公式選出（ラーメン 百名店 TOKYO・公式掲載順 40/100）
HYK2021-2041	13202438	食べログ	ラーメン 百名店	百名店	ラーメン	2021	TOKYO	麺屋 さくら井	東京都	https://award.tabelog.com/hyakumeiten/ramen_tokyo/2021	46232	店舗照合済	2021年百名店公式選出（ラーメン 百名店 TOKYO・公式掲載順 41/100）
HYK2021-2042	13218139	食べログ	ラーメン 百名店	百名店	ラーメン	2021	TOKYO	濃厚ラーメン かなや	東京都	https://award.tabelog.com/hyakumeiten/ramen_tokyo/2021	46232	店舗照合済	2021年百名店公式選出（ラーメン 百名店 TOKYO・公式掲載順 42/100）
HYK2021-2043	13218425	食べログ	ラーメン 百名店	百名店	ラーメン	2021	TOKYO	らーめんMAIKAGURA	東京都	https://award.tabelog.com/hyakumeiten/ramen_tokyo/2021	46232	店舗照合済	2021年百名店公式選出（ラーメン 百名店 TOKYO・公式掲載順 43/100）
HYK2021-2044	13164932	食べログ	ラーメン 百名店	百名店	ラーメン	2021	TOKYO	むぎとオリーブ 銀座店	東京都	https://award.tabelog.com/hyakumeiten/ramen_tokyo/2021	46232	店舗照合済	2021年百名店公式選出（ラーメン 百名店 TOKYO・公式掲載順 44/100）
HYK2021-2045	13141302	食べログ	ラーメン 百名店	百名店	ラーメン	2021	TOKYO	創作麺工房 鳴龍	東京都	https://award.tabelog.com/hyakumeiten/ramen_tokyo/2021	46232	店舗照合済	2021年百名店公式選出（ラーメン 百名店 TOKYO・公式掲載順 45/100）
HYK2021-2046	13188419	食べログ	ラーメン 百名店	百名店	ラーメン	2021	TOKYO	麺処 篠はら	東京都	https://award.tabelog.com/hyakumeiten/ramen_tokyo/2021	46232	店舗照合済	2021年百名店公式選出（ラーメン 百名店 TOKYO・公式掲載順 46/100）
HYK2021-2047	13246285	食べログ	ラーメン 百名店	百名店	ラーメン	2021	TOKYO	麺処 ほん田 秋葉原本店	東京都	https://award.tabelog.com/hyakumeiten/ramen_tokyo/2021	46232	店舗照合済	2021年百名店公式選出（ラーメン 百名店 TOKYO・公式掲載順 47/100）
HYK2021-2048	13182315	食べログ	ラーメン 百名店	百名店	ラーメン	2021	TOKYO	自家製中華そば としおか	東京都	https://award.tabelog.com/hyakumeiten/ramen_tokyo/2021	46232	店舗照合済	2021年百名店公式選出（ラーメン 百名店 TOKYO・公式掲載順 48/100）
HYK2021-2049	13000717	食べログ	ラーメン 百名店	百名店	ラーメン	2021	TOKYO	はつね	東京都	https://award.tabelog.com/hyakumeiten/ramen_tokyo/2021	46232	店舗照合済	2021年百名店公式選出（ラーメン 百名店 TOKYO・公式掲載順 49/100）
HYK2021-2050	13050023	食べログ	ラーメン 百名店	百名店	ラーメン	2021	TOKYO	町田汁場 しおらーめん進化 本店	東京都	https://award.tabelog.com/hyakumeiten/ramen_tokyo/2021	46232	店舗照合済	2021年百名店公式選出（ラーメン 百名店 TOKYO・公式掲載順 50/100）
HYK2021-2051	13228611	食べログ	ラーメン 百名店	百名店	ラーメン	2021	TOKYO	寿製麺 よしかわ 西台駅前店	東京都	https://award.tabelog.com/hyakumeiten/ramen_tokyo/2021	46232	店舗照合済	2021年百名店公式選出（ラーメン 百名店 TOKYO・公式掲載順 51/100）
HYK2021-2052	13003726	食べログ	ラーメン 百名店	百名店	ラーメン	2021	TOKYO	田中商店 本店	東京都	https://award.tabelog.com/hyakumeiten/ramen_tokyo/2021	46232	店舗照合済	2021年百名店公式選出（ラーメン 百名店 TOKYO・公式掲載順 52/100）
HYK2021-2053	13119563	食べログ	ラーメン 百名店	百名店	ラーメン	2021	TOKYO	麺処 銀笹	東京都	https://award.tabelog.com/hyakumeiten/ramen_tokyo/2021	46232	店舗照合済	2021年百名店公式選出（ラーメン 百名店 TOKYO・公式掲載順 53/100）
HYK2021-2054	13234195	食べログ	ラーメン 百名店	百名店	ラーメン	2021	TOKYO	宍道湖しじみ中華蕎麦 琥珀	東京都	https://award.tabelog.com/hyakumeiten/ramen_tokyo/2021	46232	店舗照合済	2021年百名店公式選出（ラーメン 百名店 TOKYO・公式掲載順 54/100）
HYK2021-2055	13204607	食べログ	ラーメン 百名店	百名店	ラーメン	2021	TOKYO	らぁめん山と樹	東京都	https://award.tabelog.com/hyakumeiten/ramen_tokyo/2021	46232	店舗照合済	2021年百名店公式選出（ラーメン 百名店 TOKYO・公式掲載順 55/100）
HYK2021-2056	13094776	食べログ	ラーメン 百名店	百名店	ラーメン	2021	TOKYO	青島食堂 秋葉原店	東京都	https://award.tabelog.com/hyakumeiten/ramen_tokyo/2021	46232	店舗照合済	2021年百名店公式選出（ラーメン 百名店 TOKYO・公式掲載順 56/100）
HYK2021-2057	13003367	食べログ	ラーメン 百名店	百名店	ラーメン	2021	TOKYO	はやし	東京都	https://award.tabelog.com/hyakumeiten/ramen_tokyo/2021	46232	店舗照合済	2021年百名店公式選出（ラーメン 百名店 TOKYO・公式掲載順 57/100）
HYK2021-2058	13008779	食べログ	ラーメン 百名店	百名店	ラーメン	2021	TOKYO	中華そば屋 伊藤	東京都	https://award.tabelog.com/hyakumeiten/ramen_tokyo/2021	46232	店舗照合済	2021年百名店公式選出（ラーメン 百名店 TOKYO・公式掲載順 58/100）
HYK2021-2059	13000705	食べログ	ラーメン 百名店	百名店	ラーメン	2021	TOKYO	たんたん亭	東京都	https://award.tabelog.com/hyakumeiten/ramen_tokyo/2021	46232	店舗照合済	2021年百名店公式選出（ラーメン 百名店 TOKYO・公式掲載順 59/100）
HYK2021-2060	13008248	食べログ	ラーメン 百名店	百名店	ラーメン	2021	TOKYO	らぁめん 葉月	東京都	https://award.tabelog.com/hyakumeiten/ramen_tokyo/2021	46232	店舗照合済	2021年百名店公式選出（ラーメン 百名店 TOKYO・公式掲載順 60/100）
HYK2021-2061	13139195	食べログ	ラーメン 百名店	百名店	ラーメン	2021	TOKYO	麺や金時	東京都	https://award.tabelog.com/hyakumeiten/ramen_tokyo/2021	46232	店舗照合済	2021年百名店公式選出（ラーメン 百名店 TOKYO・公式掲載順 61/100）
HYK2021-2062	13091258	食べログ	ラーメン 百名店	百名店	ラーメン	2021	TOKYO	煮干鰮らーめん 圓 八王子本店	東京都	https://award.tabelog.com/hyakumeiten/ramen_tokyo/2021	46232	店舗照合済	2021年百名店公式選出（ラーメン 百名店 TOKYO・公式掲載順 62/100）
HYK2021-2063	13254631	食べログ	ラーメン 百名店	百名店	ラーメン	2021	TOKYO	Ramen FeeL	東京都	https://award.tabelog.com/hyakumeiten/ramen_tokyo/2021	46232	店舗照合済	2021年百名店公式選出（ラーメン 百名店 TOKYO・公式掲載順 63/100）
HYK2021-2064	13232817	食べログ	ラーメン 百名店	百名店	ラーメン	2021	TOKYO	キング製麺	東京都	https://award.tabelog.com/hyakumeiten/ramen_tokyo/2021	46232	店舗照合済	2021年百名店公式選出（ラーメン 百名店 TOKYO・公式掲載順 64/100）
HYK2021-2065	13175140	食べログ	ラーメン 百名店	百名店	ラーメン	2021	TOKYO	煮干そば 流。	東京都	https://award.tabelog.com/hyakumeiten/ramen_tokyo/2021	46232	店舗照合済	2021年百名店公式選出（ラーメン 百名店 TOKYO・公式掲載順 65/100）
HYK2021-2066	13235761	食べログ	ラーメン 百名店	百名店	ラーメン	2021	TOKYO	中華ソバ ビリケン	東京都	https://award.tabelog.com/hyakumeiten/ramen_tokyo/2021	46232	店舗照合済	2021年百名店公式選出（ラーメン 百名店 TOKYO・公式掲載順 66/100）
HYK2021-2067	13259807	食べログ	ラーメン 百名店	百名店	ラーメン	2021	TOKYO	つけめん金龍	東京都	https://award.tabelog.com/hyakumeiten/ramen_tokyo/2021	46232	店舗照合済	2021年百名店公式選出（ラーメン 百名店 TOKYO・公式掲載順 67/100）
HYK2021-2068	13228602	食べログ	ラーメン 百名店	百名店	ラーメン	2021	TOKYO	銀座 八五	東京都	https://award.tabelog.com/hyakumeiten/ramen_tokyo/2021	46232	店舗照合済	2021年百名店公式選出（ラーメン 百名店 TOKYO・公式掲載順 68/100）
HYK2021-2069	13001469	食べログ	ラーメン 百名店	百名店	ラーメン	2021	TOKYO	一番いちばん	東京都	https://award.tabelog.com/hyakumeiten/ramen_tokyo/2021	46232	店舗照合済	2021年百名店公式選出（ラーメン 百名店 TOKYO・公式掲載順 69/100）
HYK2021-2070	13241560	食べログ	ラーメン 百名店	百名店	ラーメン	2021	TOKYO	Japanese Soba Noodles 蔦	東京都	https://award.tabelog.com/hyakumeiten/ramen_tokyo/2021	46232	店舗照合済	2021年百名店公式選出（ラーメン 百名店 TOKYO・公式掲載順 70/100）
HYK2021-2071	13038064	食べログ	ラーメン 百名店	百名店	ラーメン	2021	TOKYO	燦燦斗	東京都	https://award.tabelog.com/hyakumeiten/ramen_tokyo/2021	46232	店舗照合済	2021年百名店公式選出（ラーメン 百名店 TOKYO・公式掲載順 71/100）
HYK2021-2072	13194812	食べログ	ラーメン 百名店	百名店	ラーメン	2021	TOKYO	Homemade Ramen 麦苗	東京都	https://award.tabelog.com/hyakumeiten/ramen_tokyo/2021	46232	店舗照合済	2021年百名店公式選出（ラーメン 百名店 TOKYO・公式掲載順 72/100）
HYK2021-2073	13151200	食べログ	ラーメン 百名店	百名店	ラーメン	2021	TOKYO	らぁ麺やまぐち	東京都	https://award.tabelog.com/hyakumeiten/ramen_tokyo/2021	46232	店舗照合済	2021年百名店公式選出（ラーメン 百名店 TOKYO・公式掲載順 73/100）
HYK2021-2074	13111737	食べログ	ラーメン 百名店	百名店	ラーメン	2021	TOKYO	麺屋一燈	東京都	https://award.tabelog.com/hyakumeiten/ramen_tokyo/2021	46232	店舗照合済	2021年百名店公式選出（ラーメン 百名店 TOKYO・公式掲載順 74/100）
HYK2021-2075	13006070	食べログ	ラーメン 百名店	百名店	ラーメン	2021	TOKYO	神名備	東京都	https://award.tabelog.com/hyakumeiten/ramen_tokyo/2021	46232	店舗照合済	2021年百名店公式選出（ラーメン 百名店 TOKYO・公式掲載順 75/100）
HYK2021-2076	13243173	食べログ	ラーメン 百名店	百名店	ラーメン	2021	TOKYO	中華そば　堀川	東京都	https://award.tabelog.com/hyakumeiten/ramen_tokyo/2021	46232	店舗照合済	2021年百名店公式選出（ラーメン 百名店 TOKYO・公式掲載順 76/100）
HYK2021-2077	13247487	食べログ	ラーメン 百名店	百名店	ラーメン	2021	TOKYO	らぁ麺や 嶋	東京都	https://award.tabelog.com/hyakumeiten/ramen_tokyo/2021	46232	店舗照合済	2021年百名店公式選出（ラーメン 百名店 TOKYO・公式掲載順 77/100）
HYK2021-2078	13255714	食べログ	ラーメン 百名店	百名店	ラーメン	2021	TOKYO	MENクライ	東京都	https://award.tabelog.com/hyakumeiten/ramen_tokyo/2021	46232	店舗照合済	2021年百名店公式選出（ラーメン 百名店 TOKYO・公式掲載順 78/100）
HYK2021-2079	13126816	食べログ	ラーメン 百名店	百名店	ラーメン	2021	TOKYO	ソラノイロ ARTISAN NOODLES	東京都	https://award.tabelog.com/hyakumeiten/ramen_tokyo/2021	46232	店舗照合済	2021年百名店公式選出（ラーメン 百名店 TOKYO・公式掲載順 79/100）
HYK2021-2080	13240660	食べログ	ラーメン 百名店	百名店	ラーメン	2021	TOKYO	三ん寅	東京都	https://award.tabelog.com/hyakumeiten/ramen_tokyo/2021	46232	店舗照合済	2021年百名店公式選出（ラーメン 百名店 TOKYO・公式掲載順 80/100）
HYK2021-2081	13229011	食べログ	ラーメン 百名店	百名店	ラーメン	2021	TOKYO	中華そば  さわ	東京都	https://award.tabelog.com/hyakumeiten/ramen_tokyo/2021	46232	店舗照合済	2021年百名店公式選出（ラーメン 百名店 TOKYO・公式掲載順 81/100）
HYK2021-2082	13163874	食べログ	ラーメン 百名店	百名店	ラーメン	2021	TOKYO	中華ソバ 伊吹	東京都	https://award.tabelog.com/hyakumeiten/ramen_tokyo/2021	46232	店舗照合済	2021年百名店公式選出（ラーメン 百名店 TOKYO・公式掲載順 82/100）
HYK2021-2083	13250293	食べログ	ラーメン 百名店	百名店	ラーメン	2021	TOKYO	麺屋鈴春	東京都	https://award.tabelog.com/hyakumeiten/ramen_tokyo/2021	46232	店舗照合済	2021年百名店公式選出（ラーメン 百名店 TOKYO・公式掲載順 83/100）
HYK2021-2084	13183596	食べログ	ラーメン 百名店	百名店	ラーメン	2021	TOKYO	博多長浜ラーメン 健太	東京都	https://award.tabelog.com/hyakumeiten/ramen_tokyo/2021	46232	店舗照合済	2021年百名店公式選出（ラーメン 百名店 TOKYO・公式掲載順 84/100）
HYK2021-2085	13094595	食べログ	ラーメン 百名店	百名店	ラーメン	2021	TOKYO	つけ麺 道	東京都	https://award.tabelog.com/hyakumeiten/ramen_tokyo/2021	46232	店舗照合済	2021年百名店公式選出（ラーメン 百名店 TOKYO・公式掲載順 85/100）
HYK2021-2086	13044091	食べログ	ラーメン 百名店	百名店	ラーメン	2021	TOKYO	風雲児	東京都	https://award.tabelog.com/hyakumeiten/ramen_tokyo/2021	46232	店舗照合済	2021年百名店公式選出（ラーメン 百名店 TOKYO・公式掲載順 86/100）
HYK2021-2087	13192847	食べログ	ラーメン 百名店	百名店	ラーメン	2021	TOKYO	ほっこり中華そば もつけ	東京都	https://award.tabelog.com/hyakumeiten/ramen_tokyo/2021	46232	店舗照合済	2021年百名店公式選出（ラーメン 百名店 TOKYO・公式掲載順 87/100）
HYK2021-2088	13209326	食べログ	ラーメン 百名店	百名店	ラーメン	2021	TOKYO	かしわぎ	東京都	https://award.tabelog.com/hyakumeiten/ramen_tokyo/2021	46232	店舗照合済	2021年百名店公式選出（ラーメン 百名店 TOKYO・公式掲載順 88/100）
HYK2021-2089	13231202	食べログ	ラーメン 百名店	百名店	ラーメン	2021	TOKYO	中華ソバ ちゃるめ	東京都	https://award.tabelog.com/hyakumeiten/ramen_tokyo/2021	46232	店舗照合済	2021年百名店公式選出（ラーメン 百名店 TOKYO・公式掲載順 89/100）
HYK2021-2090	13222172	食べログ	ラーメン 百名店	百名店	ラーメン	2021	TOKYO	SOBA HOUSE 金色不如帰 新宿御苑本店	東京都	https://award.tabelog.com/hyakumeiten/ramen_tokyo/2021	46232	店舗照合済	2021年百名店公式選出（ラーメン 百名店 TOKYO・公式掲載順 90/100）
HYK2021-2091	13215409	食べログ	ラーメン 百名店	百名店	ラーメン	2021	TOKYO	鶏こく中華 すず喜	東京都	https://award.tabelog.com/hyakumeiten/ramen_tokyo/2021	46232	店舗照合済	2021年百名店公式選出（ラーメン 百名店 TOKYO・公式掲載順 91/100）
HYK2021-2092	13229952	食べログ	ラーメン 百名店	百名店	ラーメン	2021	TOKYO	迂直	東京都	https://award.tabelog.com/hyakumeiten/ramen_tokyo/2021	46232	店舗照合済	2021年百名店公式選出（ラーメン 百名店 TOKYO・公式掲載順 92/100）
HYK2021-2093	13200351	食べログ	ラーメン 百名店	百名店	ラーメン	2021	TOKYO	中華そば べんてん	東京都	https://award.tabelog.com/hyakumeiten/ramen_tokyo/2021	46232	店舗照合済	2021年百名店公式選出（ラーメン 百名店 TOKYO・公式掲載順 93/100）
HYK2021-2094	13207054	食べログ	ラーメン 百名店	百名店	ラーメン	2021	TOKYO	ラーメン 健やか	東京都	https://award.tabelog.com/hyakumeiten/ramen_tokyo/2021	46232	店舗照合済	2021年百名店公式選出（ラーメン 百名店 TOKYO・公式掲載順 94/100）
HYK2021-2095	13006051	食べログ	ラーメン 百名店	百名店	ラーメン	2021	TOKYO	ラーメン二郎 三田本店	東京都	https://award.tabelog.com/hyakumeiten/ramen_tokyo/2021	46232	店舗照合済	2021年百名店公式選出（ラーメン 百名店 TOKYO・公式掲載順 95/100）
HYK2021-2096	13143115	食べログ	ラーメン 百名店	百名店	ラーメン	2021	TOKYO	麺処 晴	東京都	https://award.tabelog.com/hyakumeiten/ramen_tokyo/2021	46232	店舗照合済	2021年百名店公式選出（ラーメン 百名店 TOKYO・公式掲載順 96/100）
HYK2021-2097	13242508	食べログ	ラーメン 百名店	百名店	ラーメン	2021	TOKYO	麺処 しろくろ	東京都	https://award.tabelog.com/hyakumeiten/ramen_tokyo/2021	46232	店舗照合済	2021年百名店公式選出（ラーメン 百名店 TOKYO・公式掲載順 97/100）
HYK2021-2098	13005052	食べログ	ラーメン 百名店	百名店	ラーメン	2021	TOKYO	こうかいぼう	東京都	https://award.tabelog.com/hyakumeiten/ramen_tokyo/2021	46232	店舗照合済	2021年百名店公式選出（ラーメン 百名店 TOKYO・公式掲載順 98/100）
HYK2021-2099	13247939	食べログ	ラーメン 百名店	百名店	ラーメン	2021	TOKYO	成城青果	東京都	https://award.tabelog.com/hyakumeiten/ramen_tokyo/2021	46232	店舗照合済	2021年百名店公式選出（ラーメン 百名店 TOKYO・公式掲載順 99/100）
HYK2021-2100	13217922	食べログ	ラーメン 百名店	百名店	ラーメン	2021	TOKYO	らーめん飛粋	東京都	https://award.tabelog.com/hyakumeiten/ramen_tokyo/2021	46232	店舗照合済	2021年百名店公式選出（ラーメン 百名店 TOKYO・公式掲載順 100/100）
HYK2021-2101	27018753	食べログ	ラーメン 百名店	百名店	ラーメン	2021	WEST	群青	大阪府	https://award.tabelog.com/hyakumeiten/ramen_west/2021	46232	店舗照合済	2021年百名店公式選出（ラーメン 百名店 WEST・公式掲載順 1/100）
HYK2021-2102	27054613	食べログ	ラーメン 百名店	百名店	ラーメン	2021	WEST	麺や而今 大東本店	大阪府	https://award.tabelog.com/hyakumeiten/ramen_west/2021	46232	店舗照合済	2021年百名店公式選出（ラーメン 百名店 WEST・公式掲載順 2/100）
HYK2021-2103	27087256	食べログ	ラーメン 百名店	百名店	ラーメン	2021	WEST	中華蕎麦 葛	大阪府	https://award.tabelog.com/hyakumeiten/ramen_west/2021	46232	店舗照合済	2021年百名店公式選出（ラーメン 百名店 WEST・公式掲載順 3/100）
HYK2021-2104	27005006	食べログ	ラーメン 百名店	百名店	ラーメン	2021	WEST	無鉄砲  大阪店	大阪府	https://award.tabelog.com/hyakumeiten/ramen_west/2021	46232	店舗照合済	2021年百名店公式選出（ラーメン 百名店 WEST・公式掲載順 4/100）
HYK2021-2105	27073370	食べログ	ラーメン 百名店	百名店	ラーメン	2021	WEST	ラーメン坊也哲	大阪府	https://award.tabelog.com/hyakumeiten/ramen_west/2021	46232	店舗照合済	2021年百名店公式選出（ラーメン 百名店 WEST・公式掲載順 5/100）
HYK2021-2106	26001199	食べログ	ラーメン 百名店	百名店	ラーメン	2021	WEST	中華そば 高安	京都府	https://award.tabelog.com/hyakumeiten/ramen_west/2021	46232	店舗照合済	2021年百名店公式選出（ラーメン 百名店 WEST・公式掲載順 6/100）
HYK2021-2107	27002613	食べログ	ラーメン 百名店	百名店	ラーメン	2021	WEST	博多とんこつ 天神旗	大阪府	https://award.tabelog.com/hyakumeiten/ramen_west/2021	46232	店舗照合済	2021年百名店公式選出（ラーメン 百名店 WEST・公式掲載順 7/100）
HYK2021-2108	29007675	食べログ	ラーメン 百名店	百名店	ラーメン	2021	WEST	麺屋NOROMA	奈良県	https://award.tabelog.com/hyakumeiten/ramen_west/2021	46232	店舗照合済	2021年百名店公式選出（ラーメン 百名店 WEST・公式掲載順 8/100）
HYK2021-2109	26011617	食べログ	ラーメン 百名店	百名店	ラーメン	2021	WEST	俺のラーメン あっぱれ屋	京都府	https://award.tabelog.com/hyakumeiten/ramen_west/2021	46232	店舗照合済	2021年百名店公式選出（ラーメン 百名店 WEST・公式掲載順 9/100）
HYK2021-2110	27065090	食べログ	ラーメン 百名店	百名店	ラーメン	2021	WEST	らーめん香澄 阿波座本店	大阪府	https://award.tabelog.com/hyakumeiten/ramen_west/2021	46232	店舗照合済	2021年百名店公式選出（ラーメン 百名店 WEST・公式掲載順 10/100）
HYK2021-2111	27052471	食べログ	ラーメン 百名店	百名店	ラーメン	2021	WEST	麺一盃	大阪府	https://award.tabelog.com/hyakumeiten/ramen_west/2021	46232	店舗照合済	2021年百名店公式選出（ラーメン 百名店 WEST・公式掲載順 11/100）
HYK2021-2112	27074457	食べログ	ラーメン 百名店	百名店	ラーメン	2021	WEST	ストライク軒	大阪府	https://award.tabelog.com/hyakumeiten/ramen_west/2021	46232	店舗照合済	2021年百名店公式選出（ラーメン 百名店 WEST・公式掲載順 12/100）
HYK2021-2113	26023971	食べログ	ラーメン 百名店	百名店	ラーメン	2021	WEST	麺屋 たけ井 R1店	京都府	https://award.tabelog.com/hyakumeiten/ramen_west/2021	46232	店舗照合済	2021年百名店公式選出（ラーメン 百名店 WEST・公式掲載順 13/100）
HYK2021-2114	27082871	食べログ	ラーメン 百名店	百名店	ラーメン	2021	WEST	らーめん鱗 西中島店	大阪府	https://award.tabelog.com/hyakumeiten/ramen_west/2021	46232	店舗照合済	2021年百名店公式選出（ラーメン 百名店 WEST・公式掲載順 14/100）
HYK2021-2115	29001411	食べログ	ラーメン 百名店	百名店	ラーメン	2021	WEST	がむしゃら 奈良	奈良県	https://award.tabelog.com/hyakumeiten/ramen_west/2021	46232	店舗照合済	2021年百名店公式選出（ラーメン 百名店 WEST・公式掲載順 15/100）
HYK2021-2116	27074166	食べログ	ラーメン 百名店	百名店	ラーメン	2021	WEST	極麺 青二犀	大阪府	https://award.tabelog.com/hyakumeiten/ramen_west/2021	46232	店舗照合済	2021年百名店公式選出（ラーメン 百名店 WEST・公式掲載順 16/100）
HYK2021-2117	27099659	食べログ	ラーメン 百名店	百名店	ラーメン	2021	WEST	麺や福はら	大阪府	https://award.tabelog.com/hyakumeiten/ramen_west/2021	46232	店舗照合済	2021年百名店公式選出（ラーメン 百名店 WEST・公式掲載順 17/100）
HYK2021-2118	27056367	食べログ	ラーメン 百名店	百名店	ラーメン	2021	WEST	フスマにかけろ 中崎壱丁 中崎商店會1-6-18号ラーメン	大阪府	https://award.tabelog.com/hyakumeiten/ramen_west/2021	46232	店舗照合済	2021年百名店公式選出（ラーメン 百名店 WEST・公式掲載順 18/100）
HYK2021-2119	27004096	食べログ	ラーメン 百名店	百名店	ラーメン	2021	WEST	麺哲 豊中	大阪府	https://award.tabelog.com/hyakumeiten/ramen_west/2021	46232	店舗照合済	2021年百名店公式選出（ラーメン 百名店 WEST・公式掲載順 19/100）
HYK2021-2120	27062565	食べログ	ラーメン 百名店	百名店	ラーメン	2021	WEST	中華そば いぶき	大阪府	https://award.tabelog.com/hyakumeiten/ramen_west/2021	46232	店舗照合済	2021年百名店公式選出（ラーメン 百名店 WEST・公式掲載順 20/100）
HYK2021-2121	26017870	食べログ	ラーメン 百名店	百名店	ラーメン	2021	WEST	麺屋 極鶏	京都府	https://award.tabelog.com/hyakumeiten/ramen_west/2021	46232	店舗照合済	2021年百名店公式選出（ラーメン 百名店 WEST・公式掲載順 21/100）
HYK2021-2122	27078739	食べログ	ラーメン 百名店	百名店	ラーメン	2021	WEST	麺匠 而今	大阪府	https://award.tabelog.com/hyakumeiten/ramen_west/2021	46232	店舗照合済	2021年百名店公式選出（ラーメン 百名店 WEST・公式掲載順 22/100）
HYK2021-2123	29004440	食べログ	ラーメン 百名店	百名店	ラーメン	2021	WEST	つけ麺無心	奈良県	https://award.tabelog.com/hyakumeiten/ramen_west/2021	46232	店舗照合済	2021年百名店公式選出（ラーメン 百名店 WEST・公式掲載順 23/100）
HYK2021-2124	27042439	食べログ	ラーメン 百名店	百名店	ラーメン	2021	WEST	麺元素	大阪府	https://award.tabelog.com/hyakumeiten/ramen_west/2021	46232	店舗照合済	2021年百名店公式選出（ラーメン 百名店 WEST・公式掲載順 24/100）
HYK2021-2125	27091454	食べログ	ラーメン 百名店	百名店	ラーメン	2021	WEST	燃えよ麺助	大阪府	https://award.tabelog.com/hyakumeiten/ramen_west/2021	46232	店舗照合済	2021年百名店公式選出（ラーメン 百名店 WEST・公式掲載順 25/100）
HYK2021-2126	27050596	食べログ	ラーメン 百名店	百名店	ラーメン	2021	WEST	らーめんstyle JUNK STORY 本店	大阪府	https://award.tabelog.com/hyakumeiten/ramen_west/2021	46232	店舗照合済	2021年百名店公式選出（ラーメン 百名店 WEST・公式掲載順 26/100）
HYK2021-2127	26004660	食べログ	ラーメン 百名店	百名店	ラーメン	2021	WEST	吟醸らーめん 久保田	京都府	https://award.tabelog.com/hyakumeiten/ramen_west/2021	46232	店舗照合済	2021年百名店公式選出（ラーメン 百名店 WEST・公式掲載順 27/100）
HYK2021-2128	24000851	食べログ	ラーメン 百名店	百名店	ラーメン	2021	WEST	らーめん 鉢ノ葦葉	三重県	https://award.tabelog.com/hyakumeiten/ramen_west/2021	46232	店舗照合済	2021年百名店公式選出（ラーメン 百名店 WEST・公式掲載順 28/100）
HYK2021-2129	28037743	食べログ	ラーメン 百名店	百名店	ラーメン	2021	WEST	中華そば麦右衛門	兵庫県	https://award.tabelog.com/hyakumeiten/ramen_west/2021	46232	店舗照合済	2021年百名店公式選出（ラーメン 百名店 WEST・公式掲載順 29/100）
HYK2021-2130	27064537	食べログ	ラーメン 百名店	百名店	ラーメン	2021	WEST	麺や 紡	大阪府	https://award.tabelog.com/hyakumeiten/ramen_west/2021	46232	店舗照合済	2021年百名店公式選出（ラーメン 百名店 WEST・公式掲載順 30/100）
HYK2021-2131	27077641	食べログ	ラーメン 百名店	百名店	ラーメン	2021	WEST	ふく流らーめん 轍 本町本店	大阪府	https://award.tabelog.com/hyakumeiten/ramen_west/2021	46232	店舗照合済	2021年百名店公式選出（ラーメン 百名店 WEST・公式掲載順 31/100）
HYK2021-2132	27079245	食べログ	ラーメン 百名店	百名店	ラーメン	2021	WEST	福島壱麺	大阪府	https://award.tabelog.com/hyakumeiten/ramen_west/2021	46232	店舗照合済	2021年百名店公式選出（ラーメン 百名店 WEST・公式掲載順 32/100）
HYK2021-2133	28031755	食べログ	ラーメン 百名店	百名店	ラーメン	2021	WEST	らーめん専門 和海	兵庫県	https://award.tabelog.com/hyakumeiten/ramen_west/2021	46232	店舗照合済	2021年百名店公式選出（ラーメン 百名店 WEST・公式掲載順 33/100）
HYK2021-2134	27082568	食べログ	ラーメン 百名店	百名店	ラーメン	2021	WEST	桐麺 本店	大阪府	https://award.tabelog.com/hyakumeiten/ramen_west/2021	46232	店舗照合済	2021年百名店公式選出（ラーメン 百名店 WEST・公式掲載順 34/100）
HYK2021-2135	27053626	食べログ	ラーメン 百名店	百名店	ラーメン	2021	WEST	中華そば 無限	大阪府	https://award.tabelog.com/hyakumeiten/ramen_west/2021	46232	店舗照合済	2021年百名店公式選出（ラーメン 百名店 WEST・公式掲載順 35/100）
HYK2021-2136	26017616	食べログ	ラーメン 百名店	百名店	ラーメン	2021	WEST	拳ラーメン	京都府	https://award.tabelog.com/hyakumeiten/ramen_west/2021	46232	店舗照合済	2021年百名店公式選出（ラーメン 百名店 WEST・公式掲載順 36/100）
HYK2021-2137	29006502	食べログ	ラーメン 百名店	百名店	ラーメン	2021	WEST	ラーメン家 みつ葉	奈良県	https://award.tabelog.com/hyakumeiten/ramen_west/2021	46232	店舗照合済	2021年百名店公式選出（ラーメン 百名店 WEST・公式掲載順 37/100）
HYK2021-2138	26008681	食べログ	ラーメン 百名店	百名店	ラーメン	2021	WEST	山崎麺二郎	京都府	https://award.tabelog.com/hyakumeiten/ramen_west/2021	46232	店舗照合済	2021年百名店公式選出（ラーメン 百名店 WEST・公式掲載順 38/100）
HYK2021-2139	27083921	食べログ	ラーメン 百名店	百名店	ラーメン	2021	WEST	らーめん颯人	大阪府	https://award.tabelog.com/hyakumeiten/ramen_west/2021	46232	店舗照合済	2021年百名店公式選出（ラーメン 百名店 WEST・公式掲載順 39/100）
HYK2021-2140	27064101	食べログ	ラーメン 百名店	百名店	ラーメン	2021	WEST	中村商店 高槻本店	大阪府	https://award.tabelog.com/hyakumeiten/ramen_west/2021	46232	店舗照合済	2021年百名店公式選出（ラーメン 百名店 WEST・公式掲載順 40/100）
HYK2021-2141	27015801	食べログ	ラーメン 百名店	百名店	ラーメン	2021	WEST	とんぴととりの光龍益	大阪府	https://award.tabelog.com/hyakumeiten/ramen_west/2021	46232	店舗照合済	2021年百名店公式選出（ラーメン 百名店 WEST・公式掲載順 41/100）
HYK2021-2142	27101904	食べログ	ラーメン 百名店	百名店	ラーメン	2021	WEST	いかれたヌードル フィッシュトンズ	大阪府	https://award.tabelog.com/hyakumeiten/ramen_west/2021	46232	店舗照合済	2021年百名店公式選出（ラーメン 百名店 WEST・公式掲載順 42/100）
HYK2021-2143	27003232	食べログ	ラーメン 百名店	百名店	ラーメン	2021	WEST	らーめん弥七	大阪府	https://award.tabelog.com/hyakumeiten/ramen_west/2021	46232	店舗照合済	2021年百名店公式選出（ラーメン 百名店 WEST・公式掲載順 43/100）
HYK2021-2144	25000362	食べログ	ラーメン 百名店	百名店	ラーメン	2021	WEST	ラーメンにっこう	滋賀県	https://award.tabelog.com/hyakumeiten/ramen_west/2021	46232	店舗照合済	2021年百名店公式選出（ラーメン 百名店 WEST・公式掲載順 44/100）
HYK2021-2145	27000534	食べログ	ラーメン 百名店	百名店	ラーメン	2021	WEST	洛二神	大阪府	https://award.tabelog.com/hyakumeiten/ramen_west/2021	46232	店舗照合済	2021年百名店公式選出（ラーメン 百名店 WEST・公式掲載順 45/100）
HYK2021-2146	27007898	食べログ	ラーメン 百名店	百名店	ラーメン	2021	WEST	あす流	大阪府	https://award.tabelog.com/hyakumeiten/ramen_west/2021	46232	店舗照合済	2021年百名店公式選出（ラーメン 百名店 WEST・公式掲載順 46/100）
HYK2021-2147	27084754	食べログ	ラーメン 百名店	百名店	ラーメン	2021	WEST	麺屋 丈六 なんば店	大阪府	https://award.tabelog.com/hyakumeiten/ramen_west/2021	46232	店舗照合済	2021年百名店公式選出（ラーメン 百名店 WEST・公式掲載順 47/100）
HYK2021-2148	26000791	食べログ	ラーメン 百名店	百名店	ラーメン	2021	WEST	新福菜館 本店	京都府	https://award.tabelog.com/hyakumeiten/ramen_west/2021	46232	店舗照合済	2021年百名店公式選出（ラーメン 百名店 WEST・公式掲載順 48/100）
HYK2021-2149	27083381	食べログ	ラーメン 百名店	百名店	ラーメン	2021	WEST	らぁめん真	大阪府	https://award.tabelog.com/hyakumeiten/ramen_west/2021	46232	店舗照合済	2021年百名店公式選出（ラーメン 百名店 WEST・公式掲載順 49/100）
HYK2021-2150	27072765	食べログ	ラーメン 百名店	百名店	ラーメン	2021	WEST	麺のようじ	大阪府	https://award.tabelog.com/hyakumeiten/ramen_west/2021	46232	店舗照合済	2021年百名店公式選出（ラーメン 百名店 WEST・公式掲載順 50/100）
HYK2021-2151	27050827	食べログ	ラーメン 百名店	百名店	ラーメン	2021	WEST	ラーメン人生JET	大阪府	https://award.tabelog.com/hyakumeiten/ramen_west/2021	46232	店舗照合済	2021年百名店公式選出（ラーメン 百名店 WEST・公式掲載順 51/100）
HYK2021-2152	26030760	食べログ	ラーメン 百名店	百名店	ラーメン	2021	WEST	晴耕雨読	京都府	https://award.tabelog.com/hyakumeiten/ramen_west/2021	46232	店舗照合済	2021年百名店公式選出（ラーメン 百名店 WEST・公式掲載順 52/100）
HYK2021-2153	27093539	食べログ	ラーメン 百名店	百名店	ラーメン	2021	WEST	極汁美麺 umami	大阪府	https://award.tabelog.com/hyakumeiten/ramen_west/2021	46232	店舗照合済	2021年百名店公式選出（ラーメン 百名店 WEST・公式掲載順 53/100）
HYK2021-2154	26023737	食べログ	ラーメン 百名店	百名店	ラーメン	2021	WEST	あいつのラーメン かたぐるま 本店	京都府	https://award.tabelog.com/hyakumeiten/ramen_west/2021	46232	店舗照合済	2021年百名店公式選出（ラーメン 百名店 WEST・公式掲載順 54/100）
HYK2021-2155	27086371	食べログ	ラーメン 百名店	百名店	ラーメン	2021	WEST	鶏Soba 座銀 にぼし店	大阪府	https://award.tabelog.com/hyakumeiten/ramen_west/2021	46232	店舗照合済	2021年百名店公式選出（ラーメン 百名店 WEST・公式掲載順 55/100）
HYK2021-2156	26000873	食べログ	ラーメン 百名店	百名店	ラーメン	2021	WEST	本家 第一旭 本店	京都府	https://award.tabelog.com/hyakumeiten/ramen_west/2021	46232	店舗照合済	2021年百名店公式選出（ラーメン 百名店 WEST・公式掲載順 56/100）
HYK2021-2157	27059898	食べログ	ラーメン 百名店	百名店	ラーメン	2021	WEST	烈火 本店	大阪府	https://award.tabelog.com/hyakumeiten/ramen_west/2021	46232	店舗照合済	2021年百名店公式選出（ラーメン 百名店 WEST・公式掲載順 57/100）
HYK2021-2158	16001104	食べログ	ラーメン 百名店	百名店	ラーメン	2021	WEST	貪瞋癡	富山県	https://award.tabelog.com/hyakumeiten/ramen_west/2021	46232	店舗照合済	2021年百名店公式選出（ラーメン 百名店 WEST・公式掲載順 58/100）
HYK2021-2159	27058724	食べログ	ラーメン 百名店	百名店	ラーメン	2021	WEST	三谷製麺所 鶴橋店	大阪府	https://award.tabelog.com/hyakumeiten/ramen_west/2021	46232	店舗照合済	2021年百名店公式選出（ラーメン 百名店 WEST・公式掲載順 59/100）
HYK2021-2160	27080479	食べログ	ラーメン 百名店	百名店	ラーメン	2021	WEST	大阪麺哲	大阪府	https://award.tabelog.com/hyakumeiten/ramen_west/2021	46232	店舗照合済	2021年百名店公式選出（ラーメン 百名店 WEST・公式掲載順 60/100）
HYK2021-2161	27061126	食べログ	ラーメン 百名店	百名店	ラーメン	2021	WEST	中華そば 閃	大阪府	https://award.tabelog.com/hyakumeiten/ramen_west/2021	46232	店舗照合済	2021年百名店公式選出（ラーメン 百名店 WEST・公式掲載順 61/100）
HYK2021-2162	28050830	食べログ	ラーメン 百名店	百名店	ラーメン	2021	WEST	ぶたのほし	兵庫県	https://award.tabelog.com/hyakumeiten/ramen_west/2021	46232	店舗照合済	2021年百名店公式選出（ラーメン 百名店 WEST・公式掲載順 62/100）
HYK2021-2163	27064584	食べログ	ラーメン 百名店	百名店	ラーメン	2021	WEST	人類みな麺類	大阪府	https://award.tabelog.com/hyakumeiten/ramen_west/2021	46232	店舗照合済	2021年百名店公式選出（ラーメン 百名店 WEST・公式掲載順 63/100）
HYK2021-2164	27069769	食べログ	ラーメン 百名店	百名店	ラーメン	2021	WEST	中華そば うえまち	大阪府	https://award.tabelog.com/hyakumeiten/ramen_west/2021	46232	店舗照合済	2021年百名店公式選出（ラーメン 百名店 WEST・公式掲載順 64/100）
HYK2021-2165	27060153	食べログ	ラーメン 百名店	百名店	ラーメン	2021	WEST	手打ち麺 やす田	大阪府	https://award.tabelog.com/hyakumeiten/ramen_west/2021	46232	店舗照合済	2021年百名店公式選出（ラーメン 百名店 WEST・公式掲載順 65/100）
HYK2021-2166	27059047	食べログ	ラーメン 百名店	百名店	ラーメン	2021	WEST	ラーメン人生JET600	大阪府	https://award.tabelog.com/hyakumeiten/ramen_west/2021	46232	店舗照合済	2021年百名店公式選出（ラーメン 百名店 WEST・公式掲載順 66/100）
HYK2021-2167	26017227	食べログ	ラーメン 百名店	百名店	ラーメン	2021	WEST	麺屋 たけ井 本店	京都府	https://award.tabelog.com/hyakumeiten/ramen_west/2021	46232	店舗照合済	2021年百名店公式選出（ラーメン 百名店 WEST・公式掲載順 67/100）
HYK2021-2168	27040392	食べログ	ラーメン 百名店	百名店	ラーメン	2021	WEST	彩色ラーメンきんせい 高槻駅前店	大阪府	https://award.tabelog.com/hyakumeiten/ramen_west/2021	46232	店舗照合済	2021年百名店公式選出（ラーメン 百名店 WEST・公式掲載順 68/100）
HYK2021-2169	27071670	食べログ	ラーメン 百名店	百名店	ラーメン	2021	WEST	麺屋 はなぶさ	大阪府	https://award.tabelog.com/hyakumeiten/ramen_west/2021	46232	店舗照合済	2021年百名店公式選出（ラーメン 百名店 WEST・公式掲載順 69/100）
HYK2021-2170	28045107	食べログ	ラーメン 百名店	百名店	ラーメン	2021	WEST	つけ麺 繁田	兵庫県	https://award.tabelog.com/hyakumeiten/ramen_west/2021	46232	店舗照合済	2021年百名店公式選出（ラーメン 百名店 WEST・公式掲載順 70/100）
HYK2021-2171	29006955	食べログ	ラーメン 百名店	百名店	ラーメン	2021	WEST	麺処 と市	奈良県	https://award.tabelog.com/hyakumeiten/ramen_west/2021	46232	店舗照合済	2021年百名店公式選出（ラーメン 百名店 WEST・公式掲載順 71/100）
HYK2021-2172	26025306	食べログ	ラーメン 百名店	百名店	ラーメン	2021	WEST	らぁ麺 とうひち	京都府	https://award.tabelog.com/hyakumeiten/ramen_west/2021	46232	店舗照合済	2021年百名店公式選出（ラーメン 百名店 WEST・公式掲載順 72/100）
HYK2021-2173	27077402	食べログ	ラーメン 百名店	百名店	ラーメン	2021	WEST	世界一暇なラーメン屋	大阪府	https://award.tabelog.com/hyakumeiten/ramen_west/2021	46232	店舗照合済	2021年百名店公式選出（ラーメン 百名店 WEST・公式掲載順 73/100）
HYK2021-2174	26000827	食べログ	ラーメン 百名店	百名店	ラーメン	2021	WEST	新宿めんや風花	京都府	https://award.tabelog.com/hyakumeiten/ramen_west/2021	46232	店舗照合済	2021年百名店公式選出（ラーメン 百名店 WEST・公式掲載順 74/100）
HYK2021-2175	27003383	食べログ	ラーメン 百名店	百名店	ラーメン	2021	WEST	総大醤	大阪府	https://award.tabelog.com/hyakumeiten/ramen_west/2021	46232	店舗照合済	2021年百名店公式選出（ラーメン 百名店 WEST・公式掲載順 75/100）
HYK2021-2176	27052519	食べログ	ラーメン 百名店	百名店	ラーメン	2021	WEST	かしや	大阪府	https://award.tabelog.com/hyakumeiten/ramen_west/2021	46232	店舗照合済	2021年百名店公式選出（ラーメン 百名店 WEST・公式掲載順 76/100）
HYK2021-2177	28040621	食べログ	ラーメン 百名店	百名店	ラーメン	2021	WEST	担担麺専門店 DAN DAN NOODLES. ENISHI	兵庫県	https://award.tabelog.com/hyakumeiten/ramen_west/2021	46232	店舗照合済	2021年百名店公式選出（ラーメン 百名店 WEST・公式掲載順 77/100）
HYK2021-2178	26029285	食べログ	ラーメン 百名店	百名店	ラーメン	2021	WEST	麺屋 さん田	京都府	https://award.tabelog.com/hyakumeiten/ramen_west/2021	46232	店舗照合済	2021年百名店公式選出（ラーメン 百名店 WEST・公式掲載順 78/100）
HYK2021-2179	27058993	食べログ	ラーメン 百名店	百名店	ラーメン	2021	WEST	烈志笑魚油 麺香房 三く	大阪府	https://award.tabelog.com/hyakumeiten/ramen_west/2021	46232	店舗照合済	2021年百名店公式選出（ラーメン 百名店 WEST・公式掲載順 79/100）
HYK2021-2180	27001084	食べログ	ラーメン 百名店	百名店	ラーメン	2021	WEST	カドヤ食堂 総本店	大阪府	https://award.tabelog.com/hyakumeiten/ramen_west/2021	46232	店舗照合済	2021年百名店公式選出（ラーメン 百名店 WEST・公式掲載順 80/100）
HYK2021-2181	28040893	食べログ	ラーメン 百名店	百名店	ラーメン	2021	WEST	ロックンビリーS1	兵庫県	https://award.tabelog.com/hyakumeiten/ramen_west/2021	46232	店舗照合済	2021年百名店公式選出（ラーメン 百名店 WEST・公式掲載順 81/100）
HYK2021-2182	27040424	食べログ	ラーメン 百名店	百名店	ラーメン	2021	WEST	時屋	大阪府	https://award.tabelog.com/hyakumeiten/ramen_west/2021	46232	店舗照合済	2021年百名店公式選出（ラーメン 百名店 WEST・公式掲載順 82/100）
HYK2021-2183	26002160	食べログ	ラーメン 百名店	百名店	ラーメン	2021	WEST	無鉄砲 本店	京都府	https://award.tabelog.com/hyakumeiten/ramen_west/2021	46232	店舗照合済	2021年百名店公式選出（ラーメン 百名店 WEST・公式掲載順 83/100）
HYK2021-2184	26003182	食べログ	ラーメン 百名店	百名店	ラーメン	2021	WEST	麺や高倉二条	京都府	https://award.tabelog.com/hyakumeiten/ramen_west/2021	46232	店舗照合済	2021年百名店公式選出（ラーメン 百名店 WEST・公式掲載順 84/100）
HYK2021-2185	27077480	食べログ	ラーメン 百名店	百名店	ラーメン	2021	WEST	らーめん鱗 茨木店	大阪府	https://award.tabelog.com/hyakumeiten/ramen_west/2021	46232	店舗照合済	2021年百名店公式選出（ラーメン 百名店 WEST・公式掲載順 85/100）
HYK2021-2186	17001321	食べログ	ラーメン 百名店	百名店	ラーメン	2021	WEST	自然派ラーメン 神楽	石川県	https://award.tabelog.com/hyakumeiten/ramen_west/2021	46232	店舗照合済	2021年百名店公式選出（ラーメン 百名店 WEST・公式掲載順 86/100）
HYK2021-2187	40000488	食べログ	ラーメン 百名店	百名店	ラーメン	2021	WEST	博多元気一杯!!	福岡県	https://award.tabelog.com/hyakumeiten/ramen_west/2021	46232	店舗照合済	2021年百名店公式選出（ラーメン 百名店 WEST・公式掲載順 87/100）
HYK2021-2188	27017957	食べログ	ラーメン 百名店	百名店	ラーメン	2021	WEST	麺屋 えぐち	大阪府	https://award.tabelog.com/hyakumeiten/ramen_west/2021	46232	店舗照合済	2021年百名店公式選出（ラーメン 百名店 WEST・公式掲載順 88/100）
HYK2021-2189	29008833	食べログ	ラーメン 百名店	百名店	ラーメン	2021	WEST	らぁめん トリカヂ イッパイ	奈良県	https://award.tabelog.com/hyakumeiten/ramen_west/2021	46232	店舗照合済	2021年百名店公式選出（ラーメン 百名店 WEST・公式掲載順 89/100）
HYK2021-2190	27061072	食べログ	ラーメン 百名店	百名店	ラーメン	2021	WEST	麺屋 八海山	大阪府	https://award.tabelog.com/hyakumeiten/ramen_west/2021	46232	店舗照合済	2021年百名店公式選出（ラーメン 百名店 WEST・公式掲載順 90/100）
HYK2021-2191	27104891	食べログ	ラーメン 百名店	百名店	ラーメン	2021	WEST	麦と麺助	大阪府	https://award.tabelog.com/hyakumeiten/ramen_west/2021	46232	店舗照合済	2021年百名店公式選出（ラーメン 百名店 WEST・公式掲載順 91/100）
HYK2021-2192	26022456	食べログ	ラーメン 百名店	百名店	ラーメン	2021	WEST	セアブラノ神 壬生本店	京都府	https://award.tabelog.com/hyakumeiten/ramen_west/2021	46232	店舗照合済	2021年百名店公式選出（ラーメン 百名店 WEST・公式掲載順 92/100）
HYK2021-2193	28042762	食べログ	ラーメン 百名店	百名店	ラーメン	2021	WEST	らーめん専門 和心 武庫之荘店	兵庫県	https://award.tabelog.com/hyakumeiten/ramen_west/2021	46232	店舗照合済	2021年百名店公式選出（ラーメン 百名店 WEST・公式掲載順 93/100）
HYK2021-2194	27002131	食べログ	ラーメン 百名店	百名店	ラーメン	2021	WEST	彩色ラーメン きんせい総本家 夢風	大阪府	https://award.tabelog.com/hyakumeiten/ramen_west/2021	46232	店舗照合済	2021年百名店公式選出（ラーメン 百名店 WEST・公式掲載順 94/100）
HYK2021-2195	27059500	食べログ	ラーメン 百名店	百名店	ラーメン	2021	WEST	麺屋彩々 昭和町本店	大阪府	https://award.tabelog.com/hyakumeiten/ramen_west/2021	46232	店舗照合済	2021年百名店公式選出（ラーメン 百名店 WEST・公式掲載順 95/100）
HYK2021-2196	27092383	食べログ	ラーメン 百名店	百名店	ラーメン	2021	WEST	京都 麺屋たけ井 阪急梅田店	大阪府	https://award.tabelog.com/hyakumeiten/ramen_west/2021	46232	店舗照合済	2021年百名店公式選出（ラーメン 百名店 WEST・公式掲載順 96/100）
HYK2021-2197	40032701	食べログ	ラーメン 百名店	百名店	ラーメン	2021	WEST	博多一双 博多駅東本店	福岡県	https://award.tabelog.com/hyakumeiten/ramen_west/2021	46232	店舗照合済	2021年百名店公式選出（ラーメン 百名店 WEST・公式掲載順 97/100）
HYK2021-2198	29009138	食べログ	ラーメン 百名店	百名店	ラーメン	2021	WEST	麺～leads～なかの 大和高田本店	奈良県	https://award.tabelog.com/hyakumeiten/ramen_west/2021	46232	店舗照合済	2021年百名店公式選出（ラーメン 百名店 WEST・公式掲載順 98/100）
HYK2021-2199	27007813	食べログ	ラーメン 百名店	百名店	ラーメン	2021	WEST	自己流ラーメン綿麺	大阪府	https://award.tabelog.com/hyakumeiten/ramen_west/2021	46232	店舗照合済	2021年百名店公式選出（ラーメン 百名店 WEST・公式掲載順 99/100）
HYK2021-2200	27079112	食べログ	ラーメン 百名店	百名店	ラーメン	2021	WEST	鶏 soba 座銀 本店	大阪府	https://award.tabelog.com/hyakumeiten/ramen_west/2021	46232	店舗照合済	2021年百名店公式選出（ラーメン 百名店 WEST・公式掲載順 100/100）
HYK2021-2201	13003972	食べログ	そば 百名店	百名店	そば	2021	全国	そば処 和邑	東京都	https://award.tabelog.com/hyakumeiten/soba/2021	46232	店舗照合済	2021年百名店公式選出（そば 百名店 全国・公式掲載順 1/100）
HYK2021-2202	26002621	食べログ	そば 百名店	百名店	そば	2021	全国	蕎麦の実 よしむら	京都府	https://award.tabelog.com/hyakumeiten/soba/2021	46232	店舗照合済	2021年百名店公式選出（そば 百名店 全国・公式掲載順 2/100）
HYK2021-2203	28000070	食べログ	そば 百名店	百名店	そば	2021	全国	ろあん松田 篠山店	兵庫県	https://award.tabelog.com/hyakumeiten/soba/2021	46232	店舗照合済	2021年百名店公式選出（そば 百名店 全国・公式掲載順 3/100）
HYK2021-2204	1000649	食べログ	そば 百名店	百名店	そば	2021	全国	手打蕎麦のたぐと	北海道	https://award.tabelog.com/hyakumeiten/soba/2021	46232	店舗照合済	2021年百名店公式選出（そば 百名店 全国・公式掲載順 4/100）
HYK2021-2205	32000003	食べログ	そば 百名店	百名店	そば	2021	全国	羽根屋 本店	島根県	https://award.tabelog.com/hyakumeiten/soba/2021	46232	店舗照合済	2021年百名店公式選出（そば 百名店 全国・公式掲載順 5/100）
HYK2021-2206	26000389	食べログ	そば 百名店	百名店	そば	2021	全国	おがわ	京都府	https://award.tabelog.com/hyakumeiten/soba/2021	46232	店舗照合済	2021年百名店公式選出（そば 百名店 全国・公式掲載順 6/100）
HYK2021-2207	13002967	食べログ	そば 百名店	百名店	そば	2021	全国	江戸蕎麦ほそ川	東京都	https://award.tabelog.com/hyakumeiten/soba/2021	46232	店舗照合済	2021年百名店公式選出（そば 百名店 全国・公式掲載順 7/100）
HYK2021-2208	14035065	食べログ	そば 百名店	百名店	そば	2021	全国	蕎房　猪口屋	神奈川県	https://award.tabelog.com/hyakumeiten/soba/2021	46232	店舗照合済	2021年百名店公式選出（そば 百名店 全国・公式掲載順 8/100）
HYK2021-2209	23005253	食べログ	そば 百名店	百名店	そば	2021	全国	七里庵	愛知県	https://award.tabelog.com/hyakumeiten/soba/2021	46232	店舗照合済	2021年百名店公式選出（そば 百名店 全国・公式掲載順 9/100）
HYK2021-2210	45000675	食べログ	そば 百名店	百名店	そば	2021	全国	蕎麦處 しみず	宮崎県	https://award.tabelog.com/hyakumeiten/soba/2021	46232	店舗照合済	2021年百名店公式選出（そば 百名店 全国・公式掲載順 10/100）
HYK2021-2211	13129390	食べログ	そば 百名店	百名店	そば	2021	全国	玉笑	東京都	https://award.tabelog.com/hyakumeiten/soba/2021	46232	店舗照合済	2021年百名店公式選出（そば 百名店 全国・公式掲載順 11/100）
HYK2021-2212	13005984	食べログ	そば 百名店	百名店	そば	2021	全国	蕎麦懐石 無庵	東京都	https://award.tabelog.com/hyakumeiten/soba/2021	46232	店舗照合済	2021年百名店公式選出（そば 百名店 全国・公式掲載順 12/100）
HYK2021-2213	13020841	食べログ	そば 百名店	百名店	そば	2021	全国	眠庵	東京都	https://award.tabelog.com/hyakumeiten/soba/2021	46232	店舗照合済	2021年百名店公式選出（そば 百名店 全国・公式掲載順 13/100）
HYK2021-2214	23004733	食べログ	そば 百名店	百名店	そば	2021	全国	手挽きそば 一心	愛知県	https://award.tabelog.com/hyakumeiten/soba/2021	46232	店舗照合済	2021年百名店公式選出（そば 百名店 全国・公式掲載順 14/100）
HYK2021-2215	13019153	食べログ	そば 百名店	百名店	そば	2021	全国	木挽町 湯津上屋	東京都	https://award.tabelog.com/hyakumeiten/soba/2021	46232	店舗照合済	2021年百名店公式選出（そば 百名店 全国・公式掲載順 15/100）
HYK2021-2216	13018408	食べログ	そば 百名店	百名店	そば	2021	全国	よし房 凛	東京都	https://award.tabelog.com/hyakumeiten/soba/2021	46232	店舗照合済	2021年百名店公式選出（そば 百名店 全国・公式掲載順 16/100）
HYK2021-2217	13000716	食べログ	そば 百名店	百名店	そば	2021	全国	西荻窪 鞍馬	東京都	https://award.tabelog.com/hyakumeiten/soba/2021	46232	店舗照合済	2021年百名店公式選出（そば 百名店 全国・公式掲載順 17/100）
HYK2021-2218	13020236	食べログ	そば 百名店	百名店	そば	2021	全国	巽蕎麦 志ま平	東京都	https://award.tabelog.com/hyakumeiten/soba/2021	46232	店舗照合済	2021年百名店公式選出（そば 百名店 全国・公式掲載順 18/100）
HYK2021-2219	13001587	食べログ	そば 百名店	百名店	そば	2021	全国	利庵	東京都	https://award.tabelog.com/hyakumeiten/soba/2021	46232	店舗照合済	2021年百名店公式選出（そば 百名店 全国・公式掲載順 19/100）
HYK2021-2220	13000259	食べログ	そば 百名店	百名店	そば	2021	全国	手打そば 大川や	東京都	https://award.tabelog.com/hyakumeiten/soba/2021	46232	店舗照合済	2021年百名店公式選出（そば 百名店 全国・公式掲載順 20/100）
HYK2021-2221	13020154	食べログ	そば 百名店	百名店	そば	2021	全国	蕎麦 たじま	東京都	https://award.tabelog.com/hyakumeiten/soba/2021	46232	店舗照合済	2021年百名店公式選出（そば 百名店 全国・公式掲載順 21/100）
HYK2021-2222	13001095	食べログ	そば 百名店	百名店	そば	2021	全国	本むら庵 荻窪本店	東京都	https://award.tabelog.com/hyakumeiten/soba/2021	46232	店舗照合済	2021年百名店公式選出（そば 百名店 全国・公式掲載順 22/100）
HYK2021-2223	27000530	食べログ	そば 百名店	百名店	そば	2021	全国	蕎麦 たかま	大阪府	https://award.tabelog.com/hyakumeiten/soba/2021	46232	店舗照合済	2021年百名店公式選出（そば 百名店 全国・公式掲載順 23/100）
HYK2021-2224	13003331	食べログ	そば 百名店	百名店	そば	2021	全国	布恒更科	東京都	https://award.tabelog.com/hyakumeiten/soba/2021	46232	店舗照合済	2021年百名店公式選出（そば 百名店 全国・公式掲載順 24/100）
HYK2021-2225	20000415	食べログ	そば 百名店	百名店	そば	2021	全国	蕎麦 ふじおか	長野県	https://award.tabelog.com/hyakumeiten/soba/2021	46232	店舗照合済	2021年百名店公式選出（そば 百名店 全国・公式掲載順 25/100）
HYK2021-2226	13025978	食べログ	そば 百名店	百名店	そば	2021	全国	手打蕎麦 じゆうさん	東京都	https://award.tabelog.com/hyakumeiten/soba/2021	46232	店舗照合済	2021年百名店公式選出（そば 百名店 全国・公式掲載順 26/100）
HYK2021-2227	13111033	食べログ	そば 百名店	百名店	そば	2021	全国	山形田	東京都	https://award.tabelog.com/hyakumeiten/soba/2021	46232	店舗照合済	2021年百名店公式選出（そば 百名店 全国・公式掲載順 27/100）
HYK2021-2228	26001676	食べログ	そば 百名店	百名店	そば	2021	全国	手打ち蕎麦 かね井	京都府	https://award.tabelog.com/hyakumeiten/soba/2021	46232	店舗照合済	2021年百名店公式選出（そば 百名店 全国・公式掲載順 28/100）
HYK2021-2229	13000334	食べログ	そば 百名店	百名店	そば	2021	全国	かんだやぶそば	東京都	https://award.tabelog.com/hyakumeiten/soba/2021	46232	店舗照合済	2021年百名店公式選出（そば 百名店 全国・公式掲載順 29/100）
HYK2021-2230	13019925	食べログ	そば 百名店	百名店	そば	2021	全国	手打ち蕎麦 銀杏	東京都	https://award.tabelog.com/hyakumeiten/soba/2021	46232	店舗照合済	2021年百名店公式選出（そば 百名店 全国・公式掲載順 30/100）
HYK2021-2231	13003773	食べログ	そば 百名店	百名店	そば	2021	全国	千寿 竹やぶ	東京都	https://award.tabelog.com/hyakumeiten/soba/2021	46232	店舗照合済	2021年百名店公式選出（そば 百名店 全国・公式掲載順 31/100）
HYK2021-2232	13028732	食べログ	そば 百名店	百名店	そば	2021	全国	打心蕎庵	東京都	https://award.tabelog.com/hyakumeiten/soba/2021	46232	店舗照合済	2021年百名店公式選出（そば 百名店 全国・公式掲載順 32/100）
HYK2021-2233	13023064	食べログ	そば 百名店	百名店	そば	2021	全国	手打ち蕎麦 成冨	東京都	https://award.tabelog.com/hyakumeiten/soba/2021	46232	店舗照合済	2021年百名店公式選出（そば 百名店 全国・公式掲載順 33/100）
HYK2021-2234	23001747	食べログ	そば 百名店	百名店	そば	2021	全国	志蕎庵 江月	愛知県	https://award.tabelog.com/hyakumeiten/soba/2021	46232	店舗照合済	2021年百名店公式選出（そば 百名店 全国・公式掲載順 34/100）
HYK2021-2235	13009812	食べログ	そば 百名店	百名店	そば	2021	全国	手打ちそば 根津 鷹匠	東京都	https://award.tabelog.com/hyakumeiten/soba/2021	46232	店舗照合済	2021年百名店公式選出（そば 百名店 全国・公式掲載順 35/100）
HYK2021-2236	13000604	食べログ	そば 百名店	百名店	そば	2021	全国	松翁	東京都	https://award.tabelog.com/hyakumeiten/soba/2021	46232	店舗照合済	2021年百名店公式選出（そば 百名店 全国・公式掲載順 36/100）
HYK2021-2237	32000016	食べログ	そば 百名店	百名店	そば	2021	全国	神代そば	島根県	https://award.tabelog.com/hyakumeiten/soba/2021	46232	店舗照合済	2021年百名店公式選出（そば 百名店 全国・公式掲載順 37/100）
HYK2021-2238	13006022	食べログ	そば 百名店	百名店	そば	2021	全国	蕎麦 坐忘	東京都	https://award.tabelog.com/hyakumeiten/soba/2021	46232	店舗照合済	2021年百名店公式選出（そば 百名店 全国・公式掲載順 38/100）
HYK2021-2239	12000067	食べログ	そば 百名店	百名店	そば	2021	全国	竹やぶ 柏本店	千葉県	https://award.tabelog.com/hyakumeiten/soba/2021	46232	店舗照合済	2021年百名店公式選出（そば 百名店 全国・公式掲載順 39/100）
HYK2021-2240	29000052	食べログ	そば 百名店	百名店	そば	2021	全国	玄	奈良県	https://award.tabelog.com/hyakumeiten/soba/2021	46232	店舗照合済	2021年百名店公式選出（そば 百名店 全国・公式掲載順 40/100）
HYK2021-2241	40003973	食べログ	そば 百名店	百名店	そば	2021	全国	赤間茶屋 あ三五	福岡県	https://award.tabelog.com/hyakumeiten/soba/2021	46232	店舗照合済	2021年百名店公式選出（そば 百名店 全国・公式掲載順 41/100）
HYK2021-2242	12003116	食べログ	そば 百名店	百名店	そば	2021	全国	流山 すず季	千葉県	https://award.tabelog.com/hyakumeiten/soba/2021	46232	店舗照合済	2021年百名店公式選出（そば 百名店 全国・公式掲載順 42/100）
HYK2021-2243	13004378	食べログ	そば 百名店	百名店	そば	2021	全国	石臼挽き手打ち蕎麦 高はし	東京都	https://award.tabelog.com/hyakumeiten/soba/2021	46232	店舗照合済	2021年百名店公式選出（そば 百名店 全国・公式掲載順 43/100）
HYK2021-2244	8000966	食べログ	そば 百名店	百名店	そば	2021	全国	鯨荘 塩町館	茨城県	https://award.tabelog.com/hyakumeiten/soba/2021	46232	店舗照合済	2021年百名店公式選出（そば 百名店 全国・公式掲載順 44/100）
HYK2021-2245	27040266	食べログ	そば 百名店	百名店	そば	2021	全国	そば切り文目堂	大阪府	https://award.tabelog.com/hyakumeiten/soba/2021	46232	店舗照合済	2021年百名店公式選出（そば 百名店 全国・公式掲載順 45/100）
HYK2021-2246	13159030	食べログ	そば 百名店	百名店	そば	2021	全国	つきじ 文化人	東京都	https://award.tabelog.com/hyakumeiten/soba/2021	46232	店舗照合済	2021年百名店公式選出（そば 百名店 全国・公式掲載順 46/100）
HYK2021-2247	8000227	食べログ	そば 百名店	百名店	そば	2021	全国	慈久庵	茨城県	https://award.tabelog.com/hyakumeiten/soba/2021	46232	店舗照合済	2021年百名店公式選出（そば 百名店 全国・公式掲載順 47/100）
HYK2021-2248	13001865	食べログ	そば 百名店	百名店	そば	2021	全国	しながわ翁	東京都	https://award.tabelog.com/hyakumeiten/soba/2021	46232	店舗照合済	2021年百名店公式選出（そば 百名店 全国・公式掲載順 48/100）
HYK2021-2249	13003757	食べログ	そば 百名店	百名店	そば	2021	全国	蕎亭 大黒屋	東京都	https://award.tabelog.com/hyakumeiten/soba/2021	46232	店舗照合済	2021年百名店公式選出（そば 百名店 全国・公式掲載順 49/100）
HYK2021-2250	13002725	食べログ	そば 百名店	百名店	そば	2021	全国	玄蕎麦 野中	東京都	https://award.tabelog.com/hyakumeiten/soba/2021	46232	店舗照合済	2021年百名店公式選出（そば 百名店 全国・公式掲載順 50/100）
HYK2021-2251	13009588	食べログ	そば 百名店	百名店	そば	2021	全国	そばきり 日曜庵	東京都	https://award.tabelog.com/hyakumeiten/soba/2021	46232	店舗照合済	2021年百名店公式選出（そば 百名店 全国・公式掲載順 51/100）
HYK2021-2252	13185027	食べログ	そば 百名店	百名店	そば	2021	全国	浅草じゅうろく	東京都	https://award.tabelog.com/hyakumeiten/soba/2021	46232	店舗照合済	2021年百名店公式選出（そば 百名店 全国・公式掲載順 52/100）
HYK2021-2253	13003594	食べログ	そば 百名店	百名店	そば	2021	全国	上野藪そば	東京都	https://award.tabelog.com/hyakumeiten/soba/2021	46232	店舗照合済	2021年百名店公式選出（そば 百名店 全国・公式掲載順 53/100）
HYK2021-2254	27067224	食べログ	そば 百名店	百名店	そば	2021	全国	藤乃	大阪府	https://award.tabelog.com/hyakumeiten/soba/2021	46232	店舗照合済	2021年百名店公式選出（そば 百名店 全国・公式掲載順 54/100）
HYK2021-2255	14008453	食べログ	そば 百名店	百名店	そば	2021	全国	鎌倉 松原庵	神奈川県	https://award.tabelog.com/hyakumeiten/soba/2021	46232	店舗照合済	2021年百名店公式選出（そば 百名店 全国・公式掲載順 55/100）
HYK2021-2256	13000479	食べログ	そば 百名店	百名店	そば	2021	全国	石臼挽き手打 蕎楽亭	東京都	https://award.tabelog.com/hyakumeiten/soba/2021	46232	店舗照合済	2021年百名店公式選出（そば 百名店 全国・公式掲載順 56/100）
HYK2021-2257	13006306	食べログ	そば 百名店	百名店	そば	2021	全国	そばよし 日本橋店	東京都	https://award.tabelog.com/hyakumeiten/soba/2021	46232	店舗照合済	2021年百名店公式選出（そば 百名店 全国・公式掲載順 57/100）
HYK2021-2258	13010004	食べログ	そば 百名店	百名店	そば	2021	全国	そば 三休	東京都	https://award.tabelog.com/hyakumeiten/soba/2021	46232	店舗照合済	2021年百名店公式選出（そば 百名店 全国・公式掲載順 58/100）
HYK2021-2259	21000104	食べログ	そば 百名店	百名店	そば	2021	全国	胡蝶庵 仙波	岐阜県	https://award.tabelog.com/hyakumeiten/soba/2021	46232	店舗照合済	2021年百名店公式選出（そば 百名店 全国・公式掲載順 59/100）
HYK2021-2260	13003650	食べログ	そば 百名店	百名店	そば	2021	全国	並木藪蕎麦	東京都	https://award.tabelog.com/hyakumeiten/soba/2021	46232	店舗照合済	2021年百名店公式選出（そば 百名店 全国・公式掲載順 60/100）
HYK2021-2261	13001226	食べログ	そば 百名店	百名店	そば	2021	全国	総本家更科堀井 本店	東京都	https://award.tabelog.com/hyakumeiten/soba/2021	46232	店舗照合済	2021年百名店公式選出（そば 百名店 全国・公式掲載順 61/100）
HYK2021-2262	13024514	食べログ	そば 百名店	百名店	そば	2021	全国	手打蕎麦 松永	東京都	https://award.tabelog.com/hyakumeiten/soba/2021	46232	店舗照合済	2021年百名店公式選出（そば 百名店 全国・公式掲載順 62/100）
HYK2021-2263	13002787	食べログ	そば 百名店	百名店	そば	2021	全国	室町 砂場 赤坂店	東京都	https://award.tabelog.com/hyakumeiten/soba/2021	46232	店舗照合済	2021年百名店公式選出（そば 百名店 全国・公式掲載順 63/100）
HYK2021-2264	13017075	食べログ	そば 百名店	百名店	そば	2021	全国	そば 法師人	東京都	https://award.tabelog.com/hyakumeiten/soba/2021	46232	店舗照合済	2021年百名店公式選出（そば 百名店 全国・公式掲載順 64/100）
HYK2021-2265	13000316	食べログ	そば 百名店	百名店	そば	2021	全国	室町砂場 日本橋本店	東京都	https://award.tabelog.com/hyakumeiten/soba/2021	46232	店舗照合済	2021年百名店公式選出（そば 百名店 全国・公式掲載順 65/100）
HYK2021-2266	13000340	食べログ	そば 百名店	百名店	そば	2021	全国	神田まつや 本店	東京都	https://award.tabelog.com/hyakumeiten/soba/2021	46232	店舗照合済	2021年百名店公式選出（そば 百名店 全国・公式掲載順 66/100）
HYK2021-2267	14001257	食べログ	そば 百名店	百名店	そば	2021	全国	竹やぶ 箱根店	神奈川県	https://award.tabelog.com/hyakumeiten/soba/2021	46232	店舗照合済	2021年百名店公式選出（そば 百名店 全国・公式掲載順 67/100）
HYK2021-2268	13002488	食べログ	そば 百名店	百名店	そば	2021	全国	蕎麦 流石	東京都	https://award.tabelog.com/hyakumeiten/soba/2021	46232	店舗照合済	2021年百名店公式選出（そば 百名店 全国・公式掲載順 68/100）
HYK2021-2269	22000036	食べログ	そば 百名店	百名店	そば	2021	全国	薮蕎麦 宮本	静岡県	https://award.tabelog.com/hyakumeiten/soba/2021	46232	店舗照合済	2021年百名店公式選出（そば 百名店 全国・公式掲載順 69/100）
HYK2021-2270	20000397	食べログ	そば 百名店	百名店	そば	2021	全国	石臼挽き蕎麦香房 山の実	長野県	https://award.tabelog.com/hyakumeiten/soba/2021	46232	店舗照合済	2021年百名店公式選出（そば 百名店 全国・公式掲載順 70/100）
HYK2021-2271	20001575	食べログ	そば 百名店	百名店	そば	2021	全国	そばの実	長野県	https://award.tabelog.com/hyakumeiten/soba/2021	46232	店舗照合済	2021年百名店公式選出（そば 百名店 全国・公式掲載順 71/100）
HYK2021-2272	13003083	食べログ	そば 百名店	百名店	そば	2021	全国	吟八亭 やざ和	東京都	https://award.tabelog.com/hyakumeiten/soba/2021	46232	店舗照合済	2021年百名店公式選出（そば 百名店 全国・公式掲載順 72/100）
HYK2021-2273	27000217	食べログ	そば 百名店	百名店	そば	2021	全国	そば処 とき	大阪府	https://award.tabelog.com/hyakumeiten/soba/2021	46232	店舗照合済	2021年百名店公式選出（そば 百名店 全国・公式掲載順 73/100）
HYK2021-2274	13130565	食べログ	そば 百名店	百名店	そば	2021	全国	蕎麦切り 酒 大愚	東京都	https://award.tabelog.com/hyakumeiten/soba/2021	46232	店舗照合済	2021年百名店公式選出（そば 百名店 全国・公式掲載順 74/100）
HYK2021-2275	27000029	食べログ	そば 百名店	百名店	そば	2021	全国	なにわ翁	大阪府	https://award.tabelog.com/hyakumeiten/soba/2021	46232	店舗照合済	2021年百名店公式選出（そば 百名店 全国・公式掲載順 75/100）
HYK2021-2276	13017457	食べログ	そば 百名店	百名店	そば	2021	全国	そばきり すずき	東京都	https://award.tabelog.com/hyakumeiten/soba/2021	46232	店舗照合済	2021年百名店公式選出（そば 百名店 全国・公式掲載順 76/100）
HYK2021-2277	13127598	食べログ	そば 百名店	百名店	そば	2021	全国	手打ちそば 菊谷 巣鴨本店	東京都	https://award.tabelog.com/hyakumeiten/soba/2021	46232	店舗照合済	2021年百名店公式選出（そば 百名店 全国・公式掲載順 77/100）
HYK2021-2278	21000060	食べログ	そば 百名店	百名店	そば	2021	全国	仲佐	岐阜県	https://award.tabelog.com/hyakumeiten/soba/2021	46232	店舗照合済	2021年百名店公式選出（そば 百名店 全国・公式掲載順 78/100）
HYK2021-2279	20000191	食べログ	そば 百名店	百名店	そば	2021	全国	うずら家	長野県	https://award.tabelog.com/hyakumeiten/soba/2021	46232	店舗照合済	2021年百名店公式選出（そば 百名店 全国・公式掲載順 79/100）
HYK2021-2280	13006046	食べログ	そば 百名店	百名店	そば	2021	全国	手打そば もり	東京都	https://award.tabelog.com/hyakumeiten/soba/2021	46232	店舗照合済	2021年百名店公式選出（そば 百名店 全国・公式掲載順 80/100）
HYK2021-2281	20000161	食べログ	そば 百名店	百名店	そば	2021	全国	軽井沢 川上庵 本店	長野県	https://award.tabelog.com/hyakumeiten/soba/2021	46232	店舗照合済	2021年百名店公式選出（そば 百名店 全国・公式掲載順 81/100）
HYK2021-2282	13022640	食べログ	そば 百名店	百名店	そば	2021	全国	蕎麦小路 さわらび	東京都	https://award.tabelog.com/hyakumeiten/soba/2021	46232	店舗照合済	2021年百名店公式選出（そば 百名店 全国・公式掲載順 82/100）
HYK2021-2283	13007659	食べログ	そば 百名店	百名店	そば	2021	全国	築地 布恒更科	東京都	https://award.tabelog.com/hyakumeiten/soba/2021	46232	店舗照合済	2021年百名店公式選出（そば 百名店 全国・公式掲載順 83/100）
HYK2021-2284	26023992	食べログ	そば 百名店	百名店	そば	2021	全国	蕎麦 ろうじな	京都府	https://award.tabelog.com/hyakumeiten/soba/2021	46232	店舗照合済	2021年百名店公式選出（そば 百名店 全国・公式掲載順 84/100）
HYK2021-2285	13038860	食べログ	そば 百名店	百名店	そば	2021	全国	紫仙庵	東京都	https://award.tabelog.com/hyakumeiten/soba/2021	46232	店舗照合済	2021年百名店公式選出（そば 百名店 全国・公式掲載順 85/100）
HYK2021-2286	20000282	食べログ	そば 百名店	百名店	そば	2021	全国	せきざわ	長野県	https://award.tabelog.com/hyakumeiten/soba/2021	46232	店舗照合済	2021年百名店公式選出（そば 百名店 全国・公式掲載順 86/100）
HYK2021-2287	13007981	食べログ	そば 百名店	百名店	そば	2021	全国	吾妻橋 やぶそば	東京都	https://award.tabelog.com/hyakumeiten/soba/2021	46232	店舗照合済	2021年百名店公式選出（そば 百名店 全国・公式掲載順 87/100）
HYK2021-2288	26002288	食べログ	そば 百名店	百名店	そば	2021	全国	蕎麦工房 膳	京都府	https://award.tabelog.com/hyakumeiten/soba/2021	46232	店舗照合済	2021年百名店公式選出（そば 百名店 全国・公式掲載順 88/100）
HYK2021-2289	13061606	食べログ	そば 百名店	百名店	そば	2021	全国	土家	東京都	https://award.tabelog.com/hyakumeiten/soba/2021	46232	店舗照合済	2021年百名店公式選出（そば 百名店 全国・公式掲載順 89/100）
HYK2021-2290	13143622	食べログ	そば 百名店	百名店	そば	2021	全国	一東菴	東京都	https://award.tabelog.com/hyakumeiten/soba/2021	46232	店舗照合済	2021年百名店公式選出（そば 百名店 全国・公式掲載順 90/100）
HYK2021-2291	17001320	食べログ	そば 百名店	百名店	そば	2021	全国	草庵	石川県	https://award.tabelog.com/hyakumeiten/soba/2021	46232	店舗照合済	2021年百名店公式選出（そば 百名店 全国・公式掲載順 91/100）
HYK2021-2292	13002872	食べログ	そば 百名店	百名店	そば	2021	全国	観世水	東京都	https://award.tabelog.com/hyakumeiten/soba/2021	46232	店舗照合済	2021年百名店公式選出（そば 百名店 全国・公式掲載順 92/100）
HYK2021-2293	13141774	食べログ	そば 百名店	百名店	そば	2021	全国	ら すとらあだ	東京都	https://award.tabelog.com/hyakumeiten/soba/2021	46232	店舗照合済	2021年百名店公式選出（そば 百名店 全国・公式掲載順 93/100）
HYK2021-2294	27013548	食べログ	そば 百名店	百名店	そば	2021	全国	手打そば 乃田	大阪府	https://award.tabelog.com/hyakumeiten/soba/2021	46232	店舗照合済	2021年百名店公式選出（そば 百名店 全国・公式掲載順 94/100）
HYK2021-2295	13096494	食べログ	そば 百名店	百名店	そば	2021	全国	蕎や 月心	東京都	https://award.tabelog.com/hyakumeiten/soba/2021	46232	店舗照合済	2021年百名店公式選出（そば 百名店 全国・公式掲載順 95/100）
HYK2021-2296	13008590	食べログ	そば 百名店	百名店	そば	2021	全国	おざわ	東京都	https://award.tabelog.com/hyakumeiten/soba/2021	46232	店舗照合済	2021年百名店公式選出（そば 百名店 全国・公式掲載順 96/100）
HYK2021-2297	27017751	食べログ	そば 百名店	百名店	そば	2021	全国	守破離 谷町四丁目店	大阪府	https://award.tabelog.com/hyakumeiten/soba/2021	46232	店舗照合済	2021年百名店公式選出（そば 百名店 全国・公式掲載順 97/100）
HYK2021-2298	27002682	食べログ	そば 百名店	百名店	そば	2021	全国	まき埜	大阪府	https://award.tabelog.com/hyakumeiten/soba/2021	46232	店舗照合済	2021年百名店公式選出（そば 百名店 全国・公式掲載順 98/100）
HYK2021-2299	13047472	食べログ	そば 百名店	百名店	そば	2021	全国	東京 土山人	東京都	https://award.tabelog.com/hyakumeiten/soba/2021	46232	店舗照合済	2021年百名店公式選出（そば 百名店 全国・公式掲載順 99/100）
HYK2021-2300	26002686	食べログ	そば 百名店	百名店	そば	2021	全国	隆兵そば	京都府	https://award.tabelog.com/hyakumeiten/soba/2021	46232	店舗照合済	2021年百名店公式選出（そば 百名店 全国・公式掲載順 100/100）
HYK2021-2301	4000004	食べログ	寿司 百名店	百名店	寿司	2021	EAST	亀喜寿司	宮城県	https://award.tabelog.com/hyakumeiten/sushi_east/2021	46232	店舗照合済	2021年百名店公式選出（寿司 百名店 EAST・公式掲載順 1/100）
HYK2021-2302	11036797	食べログ	寿司 百名店	百名店	寿司	2021	EAST	鮨 猪股	埼玉県	https://award.tabelog.com/hyakumeiten/sushi_east/2021	46232	店舗照合済	2021年百名店公式選出（寿司 百名店 EAST・公式掲載順 2/100）
HYK2021-2303	7000382	食べログ	寿司 百名店	百名店	寿司	2021	EAST	寿司割烹 魚紋	福島県	https://award.tabelog.com/hyakumeiten/sushi_east/2021	46232	店舗照合済	2021年百名店公式選出（寿司 百名店 EAST・公式掲載順 3/100）
HYK2021-2304	1001279	食べログ	寿司 百名店	百名店	寿司	2021	EAST	梅乃寿司	北海道	https://award.tabelog.com/hyakumeiten/sushi_east/2021	46232	店舗照合済	2021年百名店公式選出（寿司 百名店 EAST・公式掲載順 4/100）
HYK2021-2305	23013911	食べログ	寿司 百名店	百名店	寿司	2021	EAST	すし処 睦月	愛知県	https://award.tabelog.com/hyakumeiten/sushi_east/2021	46232	店舗照合済	2021年百名店公式選出（寿司 百名店 EAST・公式掲載順 5/100）
HYK2021-2306	1038659	食べログ	寿司 百名店	百名店	寿司	2021	EAST	鮨処よしな	北海道	https://award.tabelog.com/hyakumeiten/sushi_east/2021	46232	店舗照合済	2021年百名店公式選出（寿司 百名店 EAST・公式掲載順 6/100）
HYK2021-2307	4017428	食べログ	寿司 百名店	百名店	寿司	2021	EAST	塩竈 しらはた 仙台エルパル店	宮城県	https://award.tabelog.com/hyakumeiten/sushi_east/2021	46232	店舗照合済	2021年百名店公式選出（寿司 百名店 EAST・公式掲載順 7/100）
HYK2021-2308	22007587	食べログ	寿司 百名店	百名店	寿司	2021	EAST	鮨庵さいとう 本店	静岡県	https://award.tabelog.com/hyakumeiten/sushi_east/2021	46232	店舗照合済	2021年百名店公式選出（寿司 百名店 EAST・公式掲載順 8/100）
HYK2021-2309	4000160	食べログ	寿司 百名店	百名店	寿司	2021	EAST	塩竈 すし哲 S-PAL仙台店	宮城県	https://award.tabelog.com/hyakumeiten/sushi_east/2021	46232	店舗照合済	2021年百名店公式選出（寿司 百名店 EAST・公式掲載順 9/100）
HYK2021-2310	15011477	食べログ	寿司 百名店	百名店	寿司	2021	EAST	雪家	新潟県	https://award.tabelog.com/hyakumeiten/sushi_east/2021	46232	店舗照合済	2021年百名店公式選出（寿司 百名店 EAST・公式掲載順 10/100）
HYK2021-2311	6000127	食べログ	寿司 百名店	百名店	寿司	2021	EAST	いしやま寿司	山形県	https://award.tabelog.com/hyakumeiten/sushi_east/2021	46232	店舗照合済	2021年百名店公式選出（寿司 百名店 EAST・公式掲載順 11/100）
HYK2021-2312	12032785	食べログ	寿司 百名店	百名店	寿司	2021	EAST	たかおか	千葉県	https://award.tabelog.com/hyakumeiten/sushi_east/2021	46232	店舗照合済	2021年百名店公式選出（寿司 百名店 EAST・公式掲載順 12/100）
HYK2021-2313	23000835	食べログ	寿司 百名店	百名店	寿司	2021	EAST	おけい鮨 本郷店	愛知県	https://award.tabelog.com/hyakumeiten/sushi_east/2021	46232	店舗照合済	2021年百名店公式選出（寿司 百名店 EAST・公式掲載順 13/100）
HYK2021-2314	1010279	食べログ	寿司 百名店	百名店	寿司	2021	EAST	鮨処木はら	北海道	https://award.tabelog.com/hyakumeiten/sushi_east/2021	46232	店舗照合済	2021年百名店公式選出（寿司 百名店 EAST・公式掲載順 14/100）
HYK2021-2315	4000002	食べログ	寿司 百名店	百名店	寿司	2021	EAST	すし哲 本店	宮城県	https://award.tabelog.com/hyakumeiten/sushi_east/2021	46232	店舗照合済	2021年百名店公式選出（寿司 百名店 EAST・公式掲載順 15/100）
HYK2021-2316	23023439	食べログ	寿司 百名店	百名店	寿司	2021	EAST	鮨旬美西川	愛知県	https://award.tabelog.com/hyakumeiten/sushi_east/2021	46232	店舗照合済	2021年百名店公式選出（寿司 百名店 EAST・公式掲載順 16/100）
HYK2021-2317	23062275	食べログ	寿司 百名店	百名店	寿司	2021	EAST	鮨屋とんぼ	愛知県	https://award.tabelog.com/hyakumeiten/sushi_east/2021	46232	店舗照合済	2021年百名店公式選出（寿司 百名店 EAST・公式掲載順 17/100）
HYK2021-2318	4000130	食べログ	寿司 百名店	百名店	寿司	2021	EAST	弘寿司	宮城県	https://award.tabelog.com/hyakumeiten/sushi_east/2021	46232	店舗照合済	2021年百名店公式選出（寿司 百名店 EAST・公式掲載順 18/100）
HYK2021-2319	14001694	食べログ	寿司 百名店	百名店	寿司	2021	EAST	鮨はま田	神奈川県	https://award.tabelog.com/hyakumeiten/sushi_east/2021	46232	店舗照合済	2021年百名店公式選出（寿司 百名店 EAST・公式掲載順 19/100）
HYK2021-2320	1002533	食べログ	寿司 百名店	百名店	寿司	2021	EAST	鮨処いちい	北海道	https://award.tabelog.com/hyakumeiten/sushi_east/2021	46232	店舗照合済	2021年百名店公式選出（寿司 百名店 EAST・公式掲載順 20/100）
HYK2021-2321	1000008	食べログ	寿司 百名店	百名店	寿司	2021	EAST	伊勢鮨	北海道	https://award.tabelog.com/hyakumeiten/sushi_east/2021	46232	店舗照合済	2021年百名店公式選出（寿司 百名店 EAST・公式掲載順 21/100）
HYK2021-2322	5006548	食べログ	寿司 百名店	百名店	寿司	2021	EAST	すし兆	秋田県	https://award.tabelog.com/hyakumeiten/sushi_east/2021	46232	店舗照合済	2021年百名店公式選出（寿司 百名店 EAST・公式掲載順 22/100）
HYK2021-2323	1013304	食べログ	寿司 百名店	百名店	寿司	2021	EAST	すし処 ひょうたん	北海道	https://award.tabelog.com/hyakumeiten/sushi_east/2021	46232	店舗照合済	2021年百名店公式選出（寿司 百名店 EAST・公式掲載順 23/100）
HYK2021-2324	14065294	食べログ	寿司 百名店	百名店	寿司	2021	EAST	なか條	神奈川県	https://award.tabelog.com/hyakumeiten/sushi_east/2021	46232	店舗照合済	2021年百名店公式選出（寿司 百名店 EAST・公式掲載順 24/100）
HYK2021-2325	7000924	食べログ	寿司 百名店	百名店	寿司	2021	EAST	鮨 いとう	福島県	https://award.tabelog.com/hyakumeiten/sushi_east/2021	46232	店舗照合済	2021年百名店公式選出（寿司 百名店 EAST・公式掲載順 25/100）
HYK2021-2326	1000041	食べログ	寿司 百名店	百名店	寿司	2021	EAST	まる鮨	北海道	https://award.tabelog.com/hyakumeiten/sushi_east/2021	46232	店舗照合済	2021年百名店公式選出（寿司 百名店 EAST・公式掲載順 26/100）
HYK2021-2327	23059232	食べログ	寿司 百名店	百名店	寿司	2021	EAST	築地青空三代目 大名古屋ビルヂング店	愛知県	https://award.tabelog.com/hyakumeiten/sushi_east/2021	46232	店舗照合済	2021年百名店公式選出（寿司 百名店 EAST・公式掲載順 27/100）
HYK2021-2328	1027167	食べログ	寿司 百名店	百名店	寿司	2021	EAST	群来膳	北海道	https://award.tabelog.com/hyakumeiten/sushi_east/2021	46232	店舗照合済	2021年百名店公式選出（寿司 百名店 EAST・公式掲載順 28/100）
HYK2021-2329	23061465	食べログ	寿司 百名店	百名店	寿司	2021	EAST	すし 弥助	愛知県	https://award.tabelog.com/hyakumeiten/sushi_east/2021	46232	店舗照合済	2021年百名店公式選出（寿司 百名店 EAST・公式掲載順 29/100）
HYK2021-2330	5007025	食べログ	寿司 百名店	百名店	寿司	2021	EAST	すし匠	秋田県	https://award.tabelog.com/hyakumeiten/sushi_east/2021	46232	店舗照合済	2021年百名店公式選出（寿司 百名店 EAST・公式掲載順 30/100）
HYK2021-2331	11000007	食べログ	寿司 百名店	百名店	寿司	2021	EAST	よし佳	埼玉県	https://award.tabelog.com/hyakumeiten/sushi_east/2021	46232	店舗照合済	2021年百名店公式選出（寿司 百名店 EAST・公式掲載順 31/100）
HYK2021-2332	4000001	食べログ	寿司 百名店	百名店	寿司	2021	EAST	鮨 しらはた	宮城県	https://award.tabelog.com/hyakumeiten/sushi_east/2021	46232	店舗照合済	2021年百名店公式選出（寿司 百名店 EAST・公式掲載順 32/100）
HYK2021-2333	1000457	食べログ	寿司 百名店	百名店	寿司	2021	EAST	鮨処 有馬	北海道	https://award.tabelog.com/hyakumeiten/sushi_east/2021	46232	店舗照合済	2021年百名店公式選出（寿司 百名店 EAST・公式掲載順 33/100）
HYK2021-2334	14030491	食べログ	寿司 百名店	百名店	寿司	2021	EAST	あじわい回転寿司 禅	神奈川県	https://award.tabelog.com/hyakumeiten/sushi_east/2021	46232	店舗照合済	2021年百名店公式選出（寿司 百名店 EAST・公式掲載順 34/100）
HYK2021-2335	1044489	食べログ	寿司 百名店	百名店	寿司	2021	EAST	鮨 一幸	北海道	https://award.tabelog.com/hyakumeiten/sushi_east/2021	46232	店舗照合済	2021年百名店公式選出（寿司 百名店 EAST・公式掲載順 35/100）
HYK2021-2336	1000645	食べログ	寿司 百名店	百名店	寿司	2021	EAST	鮨菜 和喜智	北海道	https://award.tabelog.com/hyakumeiten/sushi_east/2021	46232	店舗照合済	2021年百名店公式選出（寿司 百名店 EAST・公式掲載順 36/100）
HYK2021-2337	4002612	食べログ	寿司 百名店	百名店	寿司	2021	EAST	鮨 結委	宮城県	https://award.tabelog.com/hyakumeiten/sushi_east/2021	46232	店舗照合済	2021年百名店公式選出（寿司 百名店 EAST・公式掲載順 37/100）
HYK2021-2338	14036846	食べログ	寿司 百名店	百名店	寿司	2021	EAST	鮨裕	神奈川県	https://award.tabelog.com/hyakumeiten/sushi_east/2021	46232	店舗照合済	2021年百名店公式選出（寿司 百名店 EAST・公式掲載順 38/100）
HYK2021-2339	1000028	食べログ	寿司 百名店	百名店	寿司	2021	EAST	菊鮨	北海道	https://award.tabelog.com/hyakumeiten/sushi_east/2021	46232	店舗照合済	2021年百名店公式選出（寿司 百名店 EAST・公式掲載順 39/100）
HYK2021-2340	15011027	食べログ	寿司 百名店	百名店	寿司	2021	EAST	廻転寿司弁慶 新潟ピア万代店	新潟県	https://award.tabelog.com/hyakumeiten/sushi_east/2021	46232	店舗照合済	2021年百名店公式選出（寿司 百名店 EAST・公式掲載順 40/100）
HYK2021-2341	23070288	食べログ	寿司 百名店	百名店	寿司	2021	EAST	寿し道 桜田	愛知県	https://award.tabelog.com/hyakumeiten/sushi_east/2021	46232	店舗照合済	2021年百名店公式選出（寿司 百名店 EAST・公式掲載順 41/100）
HYK2021-2342	1057657	食べログ	寿司 百名店	百名店	寿司	2021	EAST	姫沙羅	北海道	https://award.tabelog.com/hyakumeiten/sushi_east/2021	46232	店舗照合済	2021年百名店公式選出（寿司 百名店 EAST・公式掲載順 42/100）
HYK2021-2343	10002097	食べログ	寿司 百名店	百名店	寿司	2021	EAST	鮨おばな	群馬県	https://award.tabelog.com/hyakumeiten/sushi_east/2021	46232	店舗照合済	2021年百名店公式選出（寿司 百名店 EAST・公式掲載順 43/100）
HYK2021-2344	11011927	食べログ	寿司 百名店	百名店	寿司	2021	EAST	弥助鮨	埼玉県	https://award.tabelog.com/hyakumeiten/sushi_east/2021	46232	店舗照合済	2021年百名店公式選出（寿司 百名店 EAST・公式掲載順 44/100）
HYK2021-2345	4000197	食べログ	寿司 百名店	百名店	寿司	2021	EAST	小判寿司	宮城県	https://award.tabelog.com/hyakumeiten/sushi_east/2021	46232	店舗照合済	2021年百名店公式選出（寿司 百名店 EAST・公式掲載順 45/100）
HYK2021-2346	22000057	食べログ	寿司 百名店	百名店	寿司	2021	EAST	末廣鮨	静岡県	https://award.tabelog.com/hyakumeiten/sushi_east/2021	46232	店舗照合済	2021年百名店公式選出（寿司 百名店 EAST・公式掲載順 46/100）
HYK2021-2347	5000068	食べログ	寿司 百名店	百名店	寿司	2021	EAST	天駒	秋田県	https://award.tabelog.com/hyakumeiten/sushi_east/2021	46232	店舗照合済	2021年百名店公式選出（寿司 百名店 EAST・公式掲載順 47/100）
HYK2021-2348	1000103	食べログ	寿司 百名店	百名店	寿司	2021	EAST	宝すし	北海道	https://award.tabelog.com/hyakumeiten/sushi_east/2021	46232	店舗照合済	2021年百名店公式選出（寿司 百名店 EAST・公式掲載順 48/100）
HYK2021-2349	23067631	食べログ	寿司 百名店	百名店	寿司	2021	EAST	築地 男前鮓	愛知県	https://award.tabelog.com/hyakumeiten/sushi_east/2021	46232	店舗照合済	2021年百名店公式選出（寿司 百名店 EAST・公式掲載順 49/100）
HYK2021-2350	14000211	食べログ	寿司 百名店	百名店	寿司	2021	EAST	鎌倉 以ず美 鎌倉店	神奈川県	https://award.tabelog.com/hyakumeiten/sushi_east/2021	46232	店舗照合済	2021年百名店公式選出（寿司 百名店 EAST・公式掲載順 50/100）
HYK2021-2351	11011507	食べログ	寿司 百名店	百名店	寿司	2021	EAST	三笠鮨	埼玉県	https://award.tabelog.com/hyakumeiten/sushi_east/2021	46232	店舗照合済	2021年百名店公式選出（寿司 百名店 EAST・公式掲載順 51/100）
HYK2021-2352	1013145	食べログ	寿司 百名店	百名店	寿司	2021	EAST	くりや	北海道	https://award.tabelog.com/hyakumeiten/sushi_east/2021	46232	店舗照合済	2021年百名店公式選出（寿司 百名店 EAST・公式掲載順 52/100）
HYK2021-2353	10005841	食べログ	寿司 百名店	百名店	寿司	2021	EAST	鮨 恵三	群馬県	https://award.tabelog.com/hyakumeiten/sushi_east/2021	46232	店舗照合済	2021年百名店公式選出（寿司 百名店 EAST・公式掲載順 53/100）
HYK2021-2354	23014395	食べログ	寿司 百名店	百名店	寿司	2021	EAST	寿司英	愛知県	https://award.tabelog.com/hyakumeiten/sushi_east/2021	46232	店舗照合済	2021年百名店公式選出（寿司 百名店 EAST・公式掲載順 54/100）
HYK2021-2355	1000094	食べログ	寿司 百名店	百名店	寿司	2021	EAST	たる善 本店	北海道	https://award.tabelog.com/hyakumeiten/sushi_east/2021	46232	店舗照合済	2021年百名店公式選出（寿司 百名店 EAST・公式掲載順 55/100）
HYK2021-2356	4003018	食べログ	寿司 百名店	百名店	寿司	2021	EAST	廻鮮寿司 塩釜港	宮城県	https://award.tabelog.com/hyakumeiten/sushi_east/2021	46232	店舗照合済	2021年百名店公式選出（寿司 百名店 EAST・公式掲載順 56/100）
HYK2021-2357	4002402	食べログ	寿司 百名店	百名店	寿司	2021	EAST	鮨 江なみ	宮城県	https://award.tabelog.com/hyakumeiten/sushi_east/2021	46232	店舗照合済	2021年百名店公式選出（寿司 百名店 EAST・公式掲載順 57/100）
HYK2021-2358	4000199	食べログ	寿司 百名店	百名店	寿司	2021	EAST	すし蓑	宮城県	https://award.tabelog.com/hyakumeiten/sushi_east/2021	46232	店舗照合済	2021年百名店公式選出（寿司 百名店 EAST・公式掲載順 58/100）
HYK2021-2359	1003327	食べログ	寿司 百名店	百名店	寿司	2021	EAST	鮨処うえの	北海道	https://award.tabelog.com/hyakumeiten/sushi_east/2021	46232	店舗照合済	2021年百名店公式選出（寿司 百名店 EAST・公式掲載順 59/100）
HYK2021-2360	1030580	食べログ	寿司 百名店	百名店	寿司	2021	EAST	田久鮓	北海道	https://award.tabelog.com/hyakumeiten/sushi_east/2021	46232	店舗照合済	2021年百名店公式選出（寿司 百名店 EAST・公式掲載順 60/100）
HYK2021-2361	14002771	食べログ	寿司 百名店	百名店	寿司	2021	EAST	廻転寿司 海鮮	神奈川県	https://award.tabelog.com/hyakumeiten/sushi_east/2021	46232	店舗照合済	2021年百名店公式選出（寿司 百名店 EAST・公式掲載順 61/100）
HYK2021-2362	14001669	食べログ	寿司 百名店	百名店	寿司	2021	EAST	和さび	神奈川県	https://award.tabelog.com/hyakumeiten/sushi_east/2021	46232	店舗照合済	2021年百名店公式選出（寿司 百名店 EAST・公式掲載順 62/100）
HYK2021-2363	12019424	食べログ	寿司 百名店	百名店	寿司	2021	EAST	寿司栄	千葉県	https://award.tabelog.com/hyakumeiten/sushi_east/2021	46232	店舗照合済	2021年百名店公式選出（寿司 百名店 EAST・公式掲載順 63/100）
HYK2021-2364	23033357	食べログ	寿司 百名店	百名店	寿司	2021	EAST	龍文支店	愛知県	https://award.tabelog.com/hyakumeiten/sushi_east/2021	46232	店舗照合済	2021年百名店公式選出（寿司 百名店 EAST・公式掲載順 64/100）
HYK2021-2365	15001410	食べログ	寿司 百名店	百名店	寿司	2021	EAST	鮨 奈可久 星野	新潟県	https://award.tabelog.com/hyakumeiten/sushi_east/2021	46232	店舗照合済	2021年百名店公式選出（寿司 百名店 EAST・公式掲載順 65/100）
HYK2021-2366	14001483	食べログ	寿司 百名店	百名店	寿司	2021	EAST	天史朗寿司	神奈川県	https://award.tabelog.com/hyakumeiten/sushi_east/2021	46232	店舗照合済	2021年百名店公式選出（寿司 百名店 EAST・公式掲載順 66/100）
HYK2021-2367	7000810	食べログ	寿司 百名店	百名店	寿司	2021	EAST	小判寿司	福島県	https://award.tabelog.com/hyakumeiten/sushi_east/2021	46232	店舗照合済	2021年百名店公式選出（寿司 百名店 EAST・公式掲載順 67/100）
HYK2021-2368	6000012	食べログ	寿司 百名店	百名店	寿司	2021	EAST	こい勢	山形県	https://award.tabelog.com/hyakumeiten/sushi_east/2021	46232	店舗照合済	2021年百名店公式選出（寿司 百名店 EAST・公式掲載順 68/100）
HYK2021-2369	1000969	食べログ	寿司 百名店	百名店	寿司	2021	EAST	すし処 北斎	北海道	https://award.tabelog.com/hyakumeiten/sushi_east/2021	46232	店舗照合済	2021年百名店公式選出（寿司 百名店 EAST・公式掲載順 69/100）
HYK2021-2370	11003484	食べログ	寿司 百名店	百名店	寿司	2021	EAST	豊鮨	埼玉県	https://award.tabelog.com/hyakumeiten/sushi_east/2021	46232	店舗照合済	2021年百名店公式選出（寿司 百名店 EAST・公式掲載順 70/100）
HYK2021-2371	23014106	食べログ	寿司 百名店	百名店	寿司	2021	EAST	右江田	愛知県	https://award.tabelog.com/hyakumeiten/sushi_east/2021	46232	店舗照合済	2021年百名店公式選出（寿司 百名店 EAST・公式掲載順 71/100）
HYK2021-2372	1027174	食べログ	寿司 百名店	百名店	寿司	2021	EAST	鮨おおね田	北海道	https://award.tabelog.com/hyakumeiten/sushi_east/2021	46232	店舗照合済	2021年百名店公式選出（寿司 百名店 EAST・公式掲載順 72/100）
HYK2021-2373	1046463	食べログ	寿司 百名店	百名店	寿司	2021	EAST	すし宮川	北海道	https://award.tabelog.com/hyakumeiten/sushi_east/2021	46232	店舗照合済	2021年百名店公式選出（寿司 百名店 EAST・公式掲載順 73/100）
HYK2021-2374	1045430	食べログ	寿司 百名店	百名店	寿司	2021	EAST	鮨ノ蔵	北海道	https://award.tabelog.com/hyakumeiten/sushi_east/2021	46232	店舗照合済	2021年百名店公式選出（寿司 百名店 EAST・公式掲載順 74/100）
HYK2021-2375	23073726	食べログ	寿司 百名店	百名店	寿司	2021	EAST	すし昇	愛知県	https://award.tabelog.com/hyakumeiten/sushi_east/2021	46232	店舗照合済	2021年百名店公式選出（寿司 百名店 EAST・公式掲載順 75/100）
HYK2021-2376	1049393	食べログ	寿司 百名店	百名店	寿司	2021	EAST	鮨 田なべ	北海道	https://award.tabelog.com/hyakumeiten/sushi_east/2021	46232	店舗照合済	2021年百名店公式選出（寿司 百名店 EAST・公式掲載順 76/100）
HYK2021-2377	1000021	食べログ	寿司 百名店	百名店	寿司	2021	EAST	鮨一	北海道	https://award.tabelog.com/hyakumeiten/sushi_east/2021	46232	店舗照合済	2021年百名店公式選出（寿司 百名店 EAST・公式掲載順 77/100）
HYK2021-2378	14001699	食べログ	寿司 百名店	百名店	寿司	2021	EAST	鮨富	神奈川県	https://award.tabelog.com/hyakumeiten/sushi_east/2021	46232	店舗照合済	2021年百名店公式選出（寿司 百名店 EAST・公式掲載順 78/100）
HYK2021-2379	23046955	食べログ	寿司 百名店	百名店	寿司	2021	EAST	鮨 いし黒	愛知県	https://award.tabelog.com/hyakumeiten/sushi_east/2021	46232	店舗照合済	2021年百名店公式選出（寿司 百名店 EAST・公式掲載順 79/100）
HYK2021-2380	15002565	食べログ	寿司 百名店	百名店	寿司	2021	EAST	はつね寿司 本店	新潟県	https://award.tabelog.com/hyakumeiten/sushi_east/2021	46232	店舗照合済	2021年百名店公式選出（寿司 百名店 EAST・公式掲載順 80/100）
HYK2021-2381	4000282	食べログ	寿司 百名店	百名店	寿司	2021	EAST	仙令鮨 JR仙台駅 3階店	宮城県	https://award.tabelog.com/hyakumeiten/sushi_east/2021	46232	店舗照合済	2021年百名店公式選出（寿司 百名店 EAST・公式掲載順 81/100）
HYK2021-2382	23000634	食べログ	寿司 百名店	百名店	寿司	2021	EAST	浜源	愛知県	https://award.tabelog.com/hyakumeiten/sushi_east/2021	46232	店舗照合済	2021年百名店公式選出（寿司 百名店 EAST・公式掲載順 82/100）
HYK2021-2383	2000497	食べログ	寿司 百名店	百名店	寿司	2021	EAST	一八寿し	青森県	https://award.tabelog.com/hyakumeiten/sushi_east/2021	46232	店舗照合済	2021年百名店公式選出（寿司 百名店 EAST・公式掲載順 83/100）
HYK2021-2384	1049376	食べログ	寿司 百名店	百名店	寿司	2021	EAST	北の華 はやし	北海道	https://award.tabelog.com/hyakumeiten/sushi_east/2021	46232	店舗照合済	2021年百名店公式選出（寿司 百名店 EAST・公式掲載順 84/100）
HYK2021-2385	14042983	食べログ	寿司 百名店	百名店	寿司	2021	EAST	鮨 おとわ	神奈川県	https://award.tabelog.com/hyakumeiten/sushi_east/2021	46232	店舗照合済	2021年百名店公式選出（寿司 百名店 EAST・公式掲載順 85/100）
HYK2021-2386	4000281	食べログ	寿司 百名店	百名店	寿司	2021	EAST	仙令鮨 仙台駅店	宮城県	https://award.tabelog.com/hyakumeiten/sushi_east/2021	46232	店舗照合済	2021年百名店公式選出（寿司 百名店 EAST・公式掲載順 86/100）
HYK2021-2387	1038603	食べログ	寿司 百名店	百名店	寿司	2021	EAST	寿し ひでたか	北海道	https://award.tabelog.com/hyakumeiten/sushi_east/2021	46232	店舗照合済	2021年百名店公式選出（寿司 百名店 EAST・公式掲載順 87/100）
HYK2021-2388	15000215	食べログ	寿司 百名店	百名店	寿司	2021	EAST	兄弟寿し	新潟県	https://award.tabelog.com/hyakumeiten/sushi_east/2021	46232	店舗照合済	2021年百名店公式選出（寿司 百名店 EAST・公式掲載順 88/100）
HYK2021-2389	1002644	食べログ	寿司 百名店	百名店	寿司	2021	EAST	すゝき野 鮨金	北海道	https://award.tabelog.com/hyakumeiten/sushi_east/2021	46232	店舗照合済	2021年百名店公式選出（寿司 百名店 EAST・公式掲載順 89/100）
HYK2021-2390	15001390	食べログ	寿司 百名店	百名店	寿司	2021	EAST	鮨 登喜和	新潟県	https://award.tabelog.com/hyakumeiten/sushi_east/2021	46232	店舗照合済	2021年百名店公式選出（寿司 百名店 EAST・公式掲載順 90/100）
HYK2021-2391	23058124	食べログ	寿司 百名店	百名店	寿司	2021	EAST	鮨いずみ	愛知県	https://award.tabelog.com/hyakumeiten/sushi_east/2021	46232	店舗照合済	2021年百名店公式選出（寿司 百名店 EAST・公式掲載順 91/100）
HYK2021-2392	15000391	食べログ	寿司 百名店	百名店	寿司	2021	EAST	寿司安	新潟県	https://award.tabelog.com/hyakumeiten/sushi_east/2021	46232	店舗照合済	2021年百名店公式選出（寿司 百名店 EAST・公式掲載順 92/100）
HYK2021-2393	1000006	食べログ	寿司 百名店	百名店	寿司	2021	EAST	金寿司	北海道	https://award.tabelog.com/hyakumeiten/sushi_east/2021	46232	店舗照合済	2021年百名店公式選出（寿司 百名店 EAST・公式掲載順 93/100）
HYK2021-2394	23057712	食べログ	寿司 百名店	百名店	寿司	2021	EAST	あま木	愛知県	https://award.tabelog.com/hyakumeiten/sushi_east/2021	46232	店舗照合済	2021年百名店公式選出（寿司 百名店 EAST・公式掲載順 94/100）
HYK2021-2395	5006041	食べログ	寿司 百名店	百名店	寿司	2021	EAST	鮨駒	秋田県	https://award.tabelog.com/hyakumeiten/sushi_east/2021	46232	店舗照合済	2021年百名店公式選出（寿司 百名店 EAST・公式掲載順 95/100）
HYK2021-2396	23050373	食べログ	寿司 百名店	百名店	寿司	2021	EAST	鮨 土方	愛知県	https://award.tabelog.com/hyakumeiten/sushi_east/2021	46232	店舗照合済	2021年百名店公式選出（寿司 百名店 EAST・公式掲載順 96/100）
HYK2021-2397	5000861	食べログ	寿司 百名店	百名店	寿司	2021	EAST	鮨 あら田	秋田県	https://award.tabelog.com/hyakumeiten/sushi_east/2021	46232	店舗照合済	2021年百名店公式選出（寿司 百名店 EAST・公式掲載順 97/100）
HYK2021-2398	1001719	食べログ	寿司 百名店	百名店	寿司	2021	EAST	鮨みなと	北海道	https://award.tabelog.com/hyakumeiten/sushi_east/2021	46232	店舗照合済	2021年百名店公式選出（寿司 百名店 EAST・公式掲載順 98/100）
HYK2021-2399	1000209	食べログ	寿司 百名店	百名店	寿司	2021	EAST	おたる政寿司 本店	北海道	https://award.tabelog.com/hyakumeiten/sushi_east/2021	46232	店舗照合済	2021年百名店公式選出（寿司 百名店 EAST・公式掲載順 99/100）
HYK2021-2400	1005395	食べログ	寿司 百名店	百名店	寿司	2021	EAST	鮨の魚政	北海道	https://award.tabelog.com/hyakumeiten/sushi_east/2021	46232	店舗照合済	2021年百名店公式選出（寿司 百名店 EAST・公式掲載順 100/100）
HYK2021-2401	13217157	食べログ	寿司 百名店	百名店	寿司	2021	TOKYO	はっこく	東京都	https://award.tabelog.com/hyakumeiten/sushi_tokyo/2021	46232	店舗照合済	2021年百名店公式選出（寿司 百名店 TOKYO・公式掲載順 1/100）
HYK2021-2402	13019499	食べログ	寿司 百名店	百名店	寿司	2021	TOKYO	すし処 宮葉	東京都	https://award.tabelog.com/hyakumeiten/sushi_tokyo/2021	46232	店舗照合済	2021年百名店公式選出（寿司 百名店 TOKYO・公式掲載順 2/100）
HYK2021-2403	13165933	食べログ	寿司 百名店	百名店	寿司	2021	TOKYO	鮨 たかはし	東京都	https://award.tabelog.com/hyakumeiten/sushi_tokyo/2021	46232	店舗照合済	2021年百名店公式選出（寿司 百名店 TOKYO・公式掲載順 3/100）
HYK2021-2404	13148801	食べログ	寿司 百名店	百名店	寿司	2021	TOKYO	秀徳 2号店	東京都	https://award.tabelog.com/hyakumeiten/sushi_tokyo/2021	46232	店舗照合済	2021年百名店公式選出（寿司 百名店 TOKYO・公式掲載順 4/100）
HYK2021-2405	13003314	食べログ	寿司 百名店	百名店	寿司	2021	TOKYO	鮨 なかむら	東京都	https://award.tabelog.com/hyakumeiten/sushi_tokyo/2021	46232	店舗照合済	2021年百名店公式選出（寿司 百名店 TOKYO・公式掲載順 5/100）
HYK2021-2406	13166422	食べログ	寿司 百名店	百名店	寿司	2021	TOKYO	まんてん鮨 日本橋	東京都	https://award.tabelog.com/hyakumeiten/sushi_tokyo/2021	46232	店舗照合済	2021年百名店公式選出（寿司 百名店 TOKYO・公式掲載順 6/100）
HYK2021-2407	13238306	食べログ	寿司 百名店	百名店	寿司	2021	TOKYO	鮨 はしもと	東京都	https://award.tabelog.com/hyakumeiten/sushi_tokyo/2021	46232	店舗照合済	2021年百名店公式選出（寿司 百名店 TOKYO・公式掲載順 7/100）
HYK2021-2408	13008118	食べログ	寿司 百名店	百名店	寿司	2021	TOKYO	栄寿司	東京都	https://award.tabelog.com/hyakumeiten/sushi_tokyo/2021	46232	店舗照合済	2021年百名店公式選出（寿司 百名店 TOKYO・公式掲載順 8/100）
HYK2021-2409	13219857	食べログ	寿司 百名店	百名店	寿司	2021	TOKYO	鮨 なんば 日比谷	東京都	https://award.tabelog.com/hyakumeiten/sushi_tokyo/2021	46232	店舗照合済	2021年百名店公式選出（寿司 百名店 TOKYO・公式掲載順 9/100）
HYK2021-2410	13096429	食べログ	寿司 百名店	百名店	寿司	2021	TOKYO	まんてん鮨 丸の内	東京都	https://award.tabelog.com/hyakumeiten/sushi_tokyo/2021	46232	店舗照合済	2021年百名店公式選出（寿司 百名店 TOKYO・公式掲載順 10/100）
HYK2021-2411	13196420	食べログ	寿司 百名店	百名店	寿司	2021	TOKYO	東麻布 天本	東京都	https://award.tabelog.com/hyakumeiten/sushi_tokyo/2021	46232	店舗照合済	2021年百名店公式選出（寿司 百名店 TOKYO・公式掲載順 11/100）
HYK2021-2412	13141133	食べログ	寿司 百名店	百名店	寿司	2021	TOKYO	鮨 かねさか パレスホテル東京店	東京都	https://award.tabelog.com/hyakumeiten/sushi_tokyo/2021	46232	店舗照合済	2021年百名店公式選出（寿司 百名店 TOKYO・公式掲載順 12/100）
HYK2021-2413	13003694	食べログ	寿司 百名店	百名店	寿司	2021	TOKYO	弁天山美家古寿司	東京都	https://award.tabelog.com/hyakumeiten/sushi_tokyo/2021	46232	店舗照合済	2021年百名店公式選出（寿司 百名店 TOKYO・公式掲載順 13/100）
HYK2021-2414	13016512	食べログ	寿司 百名店	百名店	寿司	2021	TOKYO	すし匠 まさ	東京都	https://award.tabelog.com/hyakumeiten/sushi_tokyo/2021	46232	店舗照合済	2021年百名店公式選出（寿司 百名店 TOKYO・公式掲載順 14/100）
HYK2021-2415	13070238	食べログ	寿司 百名店	百名店	寿司	2021	TOKYO	きよ田	東京都	https://award.tabelog.com/hyakumeiten/sushi_tokyo/2021	46232	店舗照合済	2021年百名店公式選出（寿司 百名店 TOKYO・公式掲載順 15/100）
HYK2021-2416	13002260	食べログ	寿司 百名店	百名店	寿司	2021	TOKYO	すきやばし 次郎	東京都	https://award.tabelog.com/hyakumeiten/sushi_tokyo/2021	46232	店舗照合済	2021年百名店公式選出（寿司 百名店 TOKYO・公式掲載順 16/100）
HYK2021-2417	13193460	食べログ	寿司 百名店	百名店	寿司	2021	TOKYO	不動前 すし 岩澤	東京都	https://award.tabelog.com/hyakumeiten/sushi_tokyo/2021	46232	店舗照合済	2021年百名店公式選出（寿司 百名店 TOKYO・公式掲載順 17/100）
HYK2021-2418	13205213	食べログ	寿司 百名店	百名店	寿司	2021	TOKYO	匠 誠	東京都	https://award.tabelog.com/hyakumeiten/sushi_tokyo/2021	46232	店舗照合済	2021年百名店公式選出（寿司 百名店 TOKYO・公式掲載順 18/100）
HYK2021-2419	13223846	食べログ	寿司 百名店	百名店	寿司	2021	TOKYO	冨所	東京都	https://award.tabelog.com/hyakumeiten/sushi_tokyo/2021	46232	店舗照合済	2021年百名店公式選出（寿司 百名店 TOKYO・公式掲載順 19/100）
HYK2021-2420	13004789	食べログ	寿司 百名店	百名店	寿司	2021	TOKYO	鮨 真	東京都	https://award.tabelog.com/hyakumeiten/sushi_tokyo/2021	46232	店舗照合済	2021年百名店公式選出（寿司 百名店 TOKYO・公式掲載順 20/100）
HYK2021-2421	13191562	食べログ	寿司 百名店	百名店	寿司	2021	TOKYO	鮨 一條	東京都	https://award.tabelog.com/hyakumeiten/sushi_tokyo/2021	46232	店舗照合済	2021年百名店公式選出（寿司 百名店 TOKYO・公式掲載順 21/100）
HYK2021-2422	13000852	食べログ	寿司 百名店	百名店	寿司	2021	TOKYO	すし匠	東京都	https://award.tabelog.com/hyakumeiten/sushi_tokyo/2021	46232	店舗照合済	2021年百名店公式選出（寿司 百名店 TOKYO・公式掲載順 22/100）
HYK2021-2423	13000569	食べログ	寿司 百名店	百名店	寿司	2021	TOKYO	小笹寿し	東京都	https://award.tabelog.com/hyakumeiten/sushi_tokyo/2021	46232	店舗照合済	2021年百名店公式選出（寿司 百名店 TOKYO・公式掲載順 23/100）
HYK2021-2424	13005003	食べログ	寿司 百名店	百名店	寿司	2021	TOKYO	銀座 鮨 かねさか 本店	東京都	https://award.tabelog.com/hyakumeiten/sushi_tokyo/2021	46232	店舗照合済	2021年百名店公式選出（寿司 百名店 TOKYO・公式掲載順 24/100）
HYK2021-2425	13026584	食べログ	寿司 百名店	百名店	寿司	2021	TOKYO	すし 喜邑	東京都	https://award.tabelog.com/hyakumeiten/sushi_tokyo/2021	46232	店舗照合済	2021年百名店公式選出（寿司 百名店 TOKYO・公式掲載順 25/100）
HYK2021-2426	13153824	食べログ	寿司 百名店	百名店	寿司	2021	TOKYO	鮨 銀座 おのでら	東京都	https://award.tabelog.com/hyakumeiten/sushi_tokyo/2021	46232	店舗照合済	2021年百名店公式選出（寿司 百名店 TOKYO・公式掲載順 26/100）
HYK2021-2427	13231297	食べログ	寿司 百名店	百名店	寿司	2021	TOKYO	高柿の鮨	東京都	https://award.tabelog.com/hyakumeiten/sushi_tokyo/2021	46232	店舗照合済	2021年百名店公式選出（寿司 百名店 TOKYO・公式掲載順 27/100）
HYK2021-2428	13000407	食べログ	寿司 百名店	百名店	寿司	2021	TOKYO	九段下 寿司政	東京都	https://award.tabelog.com/hyakumeiten/sushi_tokyo/2021	46232	店舗照合済	2021年百名店公式選出（寿司 百名店 TOKYO・公式掲載順 28/100）
HYK2021-2429	13004881	食べログ	寿司 百名店	百名店	寿司	2021	TOKYO	鮨 銀座 鰤門	東京都	https://award.tabelog.com/hyakumeiten/sushi_tokyo/2021	46232	店舗照合済	2021年百名店公式選出（寿司 百名店 TOKYO・公式掲載順 29/100）
HYK2021-2430	13246982	食べログ	寿司 百名店	百名店	寿司	2021	TOKYO	鮨 あお	東京都	https://award.tabelog.com/hyakumeiten/sushi_tokyo/2021	46232	店舗照合済	2021年百名店公式選出（寿司 百名店 TOKYO・公式掲載順 30/100）
HYK2021-2431	13003041	食べログ	寿司 百名店	百名店	寿司	2021	TOKYO	喜寿司	東京都	https://award.tabelog.com/hyakumeiten/sushi_tokyo/2021	46232	店舗照合済	2021年百名店公式選出（寿司 百名店 TOKYO・公式掲載順 31/100）
HYK2021-2432	13060788	食べログ	寿司 百名店	百名店	寿司	2021	TOKYO	鮨 太一	東京都	https://award.tabelog.com/hyakumeiten/sushi_tokyo/2021	46232	店舗照合済	2021年百名店公式選出（寿司 百名店 TOKYO・公式掲載順 32/100）
HYK2021-2433	13004630	食べログ	寿司 百名店	百名店	寿司	2021	TOKYO	小笹	東京都	https://award.tabelog.com/hyakumeiten/sushi_tokyo/2021	46232	店舗照合済	2021年百名店公式選出（寿司 百名店 TOKYO・公式掲載順 33/100）
HYK2021-2434	13128483	食べログ	寿司 百名店	百名店	寿司	2021	TOKYO	鮨 尚充	東京都	https://award.tabelog.com/hyakumeiten/sushi_tokyo/2021	46232	店舗照合済	2021年百名店公式選出（寿司 百名店 TOKYO・公式掲載順 34/100）
HYK2021-2435	13018162	食べログ	寿司 百名店	百名店	寿司	2021	TOKYO	日本橋蛎殻町 すぎた	東京都	https://award.tabelog.com/hyakumeiten/sushi_tokyo/2021	46232	店舗照合済	2021年百名店公式選出（寿司 百名店 TOKYO・公式掲載順 35/100）
HYK2021-2436	13000511	食べログ	寿司 百名店	百名店	寿司	2021	TOKYO	吉野鮨本店	東京都	https://award.tabelog.com/hyakumeiten/sushi_tokyo/2021	46232	店舗照合済	2021年百名店公式選出（寿司 百名店 TOKYO・公式掲載順 36/100）
HYK2021-2437	13217903	食べログ	寿司 百名店	百名店	寿司	2021	TOKYO	らんまる	東京都	https://award.tabelog.com/hyakumeiten/sushi_tokyo/2021	46232	店舗照合済	2021年百名店公式選出（寿司 百名店 TOKYO・公式掲載順 37/100）
HYK2021-2438	13221218	食べログ	寿司 百名店	百名店	寿司	2021	TOKYO	きざ㐂	東京都	https://award.tabelog.com/hyakumeiten/sushi_tokyo/2021	46232	店舗照合済	2021年百名店公式選出（寿司 百名店 TOKYO・公式掲載順 38/100）
HYK2021-2439	13169506	食べログ	寿司 百名店	百名店	寿司	2021	TOKYO	鮨竹	東京都	https://award.tabelog.com/hyakumeiten/sushi_tokyo/2021	46232	店舗照合済	2021年百名店公式選出（寿司 百名店 TOKYO・公式掲載順 39/100）
HYK2021-2440	13155234	食べログ	寿司 百名店	百名店	寿司	2021	TOKYO	鮨 とかみ	東京都	https://award.tabelog.com/hyakumeiten/sushi_tokyo/2021	46232	店舗照合済	2021年百名店公式選出（寿司 百名店 TOKYO・公式掲載順 40/100）
HYK2021-2441	13017947	食べログ	寿司 百名店	百名店	寿司	2021	TOKYO	うを徳	東京都	https://award.tabelog.com/hyakumeiten/sushi_tokyo/2021	46232	店舗照合済	2021年百名店公式選出（寿司 百名店 TOKYO・公式掲載順 41/100）
HYK2021-2442	13220742	食べログ	寿司 百名店	百名店	寿司	2021	TOKYO	鮨 みずかみ	東京都	https://award.tabelog.com/hyakumeiten/sushi_tokyo/2021	46232	店舗照合済	2021年百名店公式選出（寿司 百名店 TOKYO・公式掲載順 42/100）
HYK2021-2443	13231081	食べログ	寿司 百名店	百名店	寿司	2021	TOKYO	恵比寿 えんどう	東京都	https://award.tabelog.com/hyakumeiten/sushi_tokyo/2021	46232	店舗照合済	2021年百名店公式選出（寿司 百名店 TOKYO・公式掲載順 43/100）
HYK2021-2444	13002611	食べログ	寿司 百名店	百名店	寿司	2021	TOKYO	銀座 久兵衛 銀座本店	東京都	https://award.tabelog.com/hyakumeiten/sushi_tokyo/2021	46232	店舗照合済	2021年百名店公式選出（寿司 百名店 TOKYO・公式掲載順 44/100）
HYK2021-2445	13002472	食べログ	寿司 百名店	百名店	寿司	2021	TOKYO	ほかけ	東京都	https://award.tabelog.com/hyakumeiten/sushi_tokyo/2021	46232	店舗照合済	2021年百名店公式選出（寿司 百名店 TOKYO・公式掲載順 45/100）
HYK2021-2446	13001043	食べログ	寿司 百名店	百名店	寿司	2021	TOKYO	さわ田	東京都	https://award.tabelog.com/hyakumeiten/sushi_tokyo/2021	46232	店舗照合済	2021年百名店公式選出（寿司 百名店 TOKYO・公式掲載順 46/100）
HYK2021-2447	13252991	食べログ	寿司 百名店	百名店	寿司	2021	TOKYO	島津	東京都	https://award.tabelog.com/hyakumeiten/sushi_tokyo/2021	46232	店舗照合済	2021年百名店公式選出（寿司 百名店 TOKYO・公式掲載順 47/100）
HYK2021-2448	13241432	食べログ	寿司 百名店	百名店	寿司	2021	TOKYO	すし 良月	東京都	https://award.tabelog.com/hyakumeiten/sushi_tokyo/2021	46232	店舗照合済	2021年百名店公式選出（寿司 百名店 TOKYO・公式掲載順 48/100）
HYK2021-2449	13239506	食べログ	寿司 百名店	百名店	寿司	2021	TOKYO	鮨 さえ喜	東京都	https://award.tabelog.com/hyakumeiten/sushi_tokyo/2021	46232	店舗照合済	2021年百名店公式選出（寿司 百名店 TOKYO・公式掲載順 49/100）
HYK2021-2450	13002892	食べログ	寿司 百名店	百名店	寿司	2021	TOKYO	新ばし しみづ	東京都	https://award.tabelog.com/hyakumeiten/sushi_tokyo/2021	46232	店舗照合済	2021年百名店公式選出（寿司 百名店 TOKYO・公式掲載順 50/100）
HYK2021-2451	13000563	食べログ	寿司 百名店	百名店	寿司	2021	TOKYO	銀座 鮨青木 銀座本店	東京都	https://award.tabelog.com/hyakumeiten/sushi_tokyo/2021	46232	店舗照合済	2021年百名店公式選出（寿司 百名店 TOKYO・公式掲載順 51/100）
HYK2021-2452	13185503	食べログ	寿司 百名店	百名店	寿司	2021	TOKYO	鮨 竜介	東京都	https://award.tabelog.com/hyakumeiten/sushi_tokyo/2021	46232	店舗照合済	2021年百名店公式選出（寿司 百名店 TOKYO・公式掲載順 52/100）
HYK2021-2453	13021324	食べログ	寿司 百名店	百名店	寿司	2021	TOKYO	鮨 久いち	東京都	https://award.tabelog.com/hyakumeiten/sushi_tokyo/2021	46232	店舗照合済	2021年百名店公式選出（寿司 百名店 TOKYO・公式掲載順 53/100）
HYK2021-2454	13046671	食べログ	寿司 百名店	百名店	寿司	2021	TOKYO	すし処 みや古分店	東京都	https://award.tabelog.com/hyakumeiten/sushi_tokyo/2021	46232	店舗照合済	2021年百名店公式選出（寿司 百名店 TOKYO・公式掲載順 54/100）
HYK2021-2455	13173432	食べログ	寿司 百名店	百名店	寿司	2021	TOKYO	新橋鶴八	東京都	https://award.tabelog.com/hyakumeiten/sushi_tokyo/2021	46232	店舗照合済	2021年百名店公式選出（寿司 百名店 TOKYO・公式掲載順 55/100）
HYK2021-2456	13188186	食べログ	寿司 百名店	百名店	寿司	2021	TOKYO	鮨 あらい	東京都	https://award.tabelog.com/hyakumeiten/sushi_tokyo/2021	46232	店舗照合済	2021年百名店公式選出（寿司 百名店 TOKYO・公式掲載順 56/100）
HYK2021-2457	13002314	食べログ	寿司 百名店	百名店	寿司	2021	TOKYO	築地すし大 本館	東京都	https://award.tabelog.com/hyakumeiten/sushi_tokyo/2021	46232	店舗照合済	2021年百名店公式選出（寿司 百名店 TOKYO・公式掲載順 57/100）
HYK2021-2458	13139640	食べログ	寿司 百名店	百名店	寿司	2021	TOKYO	蔵六雄山	東京都	https://award.tabelog.com/hyakumeiten/sushi_tokyo/2021	46232	店舗照合済	2021年百名店公式選出（寿司 百名店 TOKYO・公式掲載順 58/100）
HYK2021-2459	13174475	食べログ	寿司 百名店	百名店	寿司	2021	TOKYO	鮓 村瀬	東京都	https://award.tabelog.com/hyakumeiten/sushi_tokyo/2021	46232	店舗照合済	2021年百名店公式選出（寿司 百名店 TOKYO・公式掲載順 59/100）
HYK2021-2460	13015251	食べログ	寿司 百名店	百名店	寿司	2021	TOKYO	鮨 さいとう	東京都	https://award.tabelog.com/hyakumeiten/sushi_tokyo/2021	46232	店舗照合済	2021年百名店公式選出（寿司 百名店 TOKYO・公式掲載順 60/100）
HYK2021-2461	13001179	食べログ	寿司 百名店	百名店	寿司	2021	TOKYO	海味	東京都	https://award.tabelog.com/hyakumeiten/sushi_tokyo/2021	46232	店舗照合済	2021年百名店公式選出（寿司 百名店 TOKYO・公式掲載順 61/100）
HYK2021-2462	13042204	食べログ	寿司 百名店	百名店	寿司	2021	TOKYO	三谷	東京都	https://award.tabelog.com/hyakumeiten/sushi_tokyo/2021	46232	店舗照合済	2021年百名店公式選出（寿司 百名店 TOKYO・公式掲載順 62/100）
HYK2021-2463	13214167	食べログ	寿司 百名店	百名店	寿司	2021	TOKYO	鮨 波づき	東京都	https://award.tabelog.com/hyakumeiten/sushi_tokyo/2021	46232	店舗照合済	2021年百名店公式選出（寿司 百名店 TOKYO・公式掲載順 63/100）
HYK2021-2464	13001886	食べログ	寿司 百名店	百名店	寿司	2021	TOKYO	奈可久	東京都	https://award.tabelog.com/hyakumeiten/sushi_tokyo/2021	46232	店舗照合済	2021年百名店公式選出（寿司 百名店 TOKYO・公式掲載順 64/100）
HYK2021-2465	13023988	食べログ	寿司 百名店	百名店	寿司	2021	TOKYO	すし匠 齋藤	東京都	https://award.tabelog.com/hyakumeiten/sushi_tokyo/2021	46232	店舗照合済	2021年百名店公式選出（寿司 百名店 TOKYO・公式掲載順 65/100）
HYK2021-2466	13004426	食べログ	寿司 百名店	百名店	寿司	2021	TOKYO	すきやばし 次郎 六本木ヒルズ店	東京都	https://award.tabelog.com/hyakumeiten/sushi_tokyo/2021	46232	店舗照合済	2021年百名店公式選出（寿司 百名店 TOKYO・公式掲載順 66/100）
HYK2021-2467	13168140	食べログ	寿司 百名店	百名店	寿司	2021	TOKYO	鮨 りんだ	東京都	https://award.tabelog.com/hyakumeiten/sushi_tokyo/2021	46232	店舗照合済	2021年百名店公式選出（寿司 百名店 TOKYO・公式掲載順 67/100）
HYK2021-2468	13134517	食べログ	寿司 百名店	百名店	寿司	2021	TOKYO	鮨 はしぐち	東京都	https://award.tabelog.com/hyakumeiten/sushi_tokyo/2021	46232	店舗照合済	2021年百名店公式選出（寿司 百名店 TOKYO・公式掲載順 68/100）
HYK2021-2469	13003167	食べログ	寿司 百名店	百名店	寿司	2021	TOKYO	松栄 恵比寿本店	東京都	https://award.tabelog.com/hyakumeiten/sushi_tokyo/2021	46232	店舗照合済	2021年百名店公式選出（寿司 百名店 TOKYO・公式掲載順 69/100）
HYK2021-2470	13024464	食べログ	寿司 百名店	百名店	寿司	2021	TOKYO	寿し処 寿々	東京都	https://award.tabelog.com/hyakumeiten/sushi_tokyo/2021	46232	店舗照合済	2021年百名店公式選出（寿司 百名店 TOKYO・公式掲載順 70/100）
HYK2021-2471	13000419	食べログ	寿司 百名店	百名店	寿司	2021	TOKYO	鶴八	東京都	https://award.tabelog.com/hyakumeiten/sushi_tokyo/2021	46232	店舗照合済	2021年百名店公式選出（寿司 百名店 TOKYO・公式掲載順 71/100）
HYK2021-2472	13155925	食べログ	寿司 百名店	百名店	寿司	2021	TOKYO	匠 進吾	東京都	https://award.tabelog.com/hyakumeiten/sushi_tokyo/2021	46232	店舗照合済	2021年百名店公式選出（寿司 百名店 TOKYO・公式掲載順 72/100）
HYK2021-2473	13113849	食べログ	寿司 百名店	百名店	寿司	2021	TOKYO	鮨 石島	東京都	https://award.tabelog.com/hyakumeiten/sushi_tokyo/2021	46232	店舗照合済	2021年百名店公式選出（寿司 百名店 TOKYO・公式掲載順 73/100）
HYK2021-2474	13198197	食べログ	寿司 百名店	百名店	寿司	2021	TOKYO	紀尾井町 三谷	東京都	https://award.tabelog.com/hyakumeiten/sushi_tokyo/2021	46232	店舗照合済	2021年百名店公式選出（寿司 百名店 TOKYO・公式掲載順 74/100）
HYK2021-2475	13003554	食べログ	寿司 百名店	百名店	寿司	2021	TOKYO	乃池	東京都	https://award.tabelog.com/hyakumeiten/sushi_tokyo/2021	46232	店舗照合済	2021年百名店公式選出（寿司 百名店 TOKYO・公式掲載順 75/100）
HYK2021-2476	13116806	食べログ	寿司 百名店	百名店	寿司	2021	TOKYO	鮨 日本橋 鰤門	東京都	https://award.tabelog.com/hyakumeiten/sushi_tokyo/2021	46232	店舗照合済	2021年百名店公式選出（寿司 百名店 TOKYO・公式掲載順 76/100）
HYK2021-2477	13144693	食べログ	寿司 百名店	百名店	寿司	2021	TOKYO	鮨處やまだ	東京都	https://award.tabelog.com/hyakumeiten/sushi_tokyo/2021	46232	店舗照合済	2021年百名店公式選出（寿司 百名店 TOKYO・公式掲載順 77/100）
HYK2021-2478	13213360	食べログ	寿司 百名店	百名店	寿司	2021	TOKYO	鮨桂太	東京都	https://award.tabelog.com/hyakumeiten/sushi_tokyo/2021	46232	店舗照合済	2021年百名店公式選出（寿司 百名店 TOKYO・公式掲載順 78/100）
HYK2021-2479	13016811	食べログ	寿司 百名店	百名店	寿司	2021	TOKYO	紀文寿司	東京都	https://award.tabelog.com/hyakumeiten/sushi_tokyo/2021	46232	店舗照合済	2021年百名店公式選出（寿司 百名店 TOKYO・公式掲載順 79/100）
HYK2021-2480	13061640	食べログ	寿司 百名店	百名店	寿司	2021	TOKYO	江戸前鮓 すし通	東京都	https://award.tabelog.com/hyakumeiten/sushi_tokyo/2021	46232	店舗照合済	2021年百名店公式選出（寿司 百名店 TOKYO・公式掲載順 80/100）
HYK2021-2481	13246152	食べログ	寿司 百名店	百名店	寿司	2021	TOKYO	鮨 しゅんじ	東京都	https://award.tabelog.com/hyakumeiten/sushi_tokyo/2021	46232	店舗照合済	2021年百名店公式選出（寿司 百名店 TOKYO・公式掲載順 81/100）
HYK2021-2482	13201640	食べログ	寿司 百名店	百名店	寿司	2021	TOKYO	鮨 由う	東京都	https://award.tabelog.com/hyakumeiten/sushi_tokyo/2021	46232	店舗照合済	2021年百名店公式選出（寿司 百名店 TOKYO・公式掲載順 82/100）
HYK2021-2483	13178821	食べログ	寿司 百名店	百名店	寿司	2021	TOKYO	くろ﨑	東京都	https://award.tabelog.com/hyakumeiten/sushi_tokyo/2021	46232	店舗照合済	2021年百名店公式選出（寿司 百名店 TOKYO・公式掲載順 83/100）
HYK2021-2484	13240787	食べログ	寿司 百名店	百名店	寿司	2021	TOKYO	鮨 龍次郎	東京都	https://award.tabelog.com/hyakumeiten/sushi_tokyo/2021	46232	店舗照合済	2021年百名店公式選出（寿司 百名店 TOKYO・公式掲載順 84/100）
HYK2021-2485	13225073	食べログ	寿司 百名店	百名店	寿司	2021	TOKYO	鮨 いしやま	東京都	https://award.tabelog.com/hyakumeiten/sushi_tokyo/2021	46232	店舗照合済	2021年百名店公式選出（寿司 百名店 TOKYO・公式掲載順 85/100）
HYK2021-2486	13127515	食べログ	寿司 百名店	百名店	寿司	2021	TOKYO	鮨 しゅん輔 阿佐ヶ谷	東京都	https://award.tabelog.com/hyakumeiten/sushi_tokyo/2021	46232	店舗照合済	2021年百名店公式選出（寿司 百名店 TOKYO・公式掲載順 86/100）
HYK2021-2487	13032283	食べログ	寿司 百名店	百名店	寿司	2021	TOKYO	青空	東京都	https://award.tabelog.com/hyakumeiten/sushi_tokyo/2021	46232	店舗照合済	2021年百名店公式選出（寿司 百名店 TOKYO・公式掲載順 87/100）
HYK2021-2488	13018559	食べログ	寿司 百名店	百名店	寿司	2021	TOKYO	寿司 いずみ	東京都	https://award.tabelog.com/hyakumeiten/sushi_tokyo/2021	46232	店舗照合済	2021年百名店公式選出（寿司 百名店 TOKYO・公式掲載順 88/100）
HYK2021-2489	13011087	食べログ	寿司 百名店	百名店	寿司	2021	TOKYO	鮨 魯山 新宿店	東京都	https://award.tabelog.com/hyakumeiten/sushi_tokyo/2021	46232	店舗照合済	2021年百名店公式選出（寿司 百名店 TOKYO・公式掲載順 89/100）
HYK2021-2490	13156961	食べログ	寿司 百名店	百名店	寿司	2021	TOKYO	すし家 一柳	東京都	https://award.tabelog.com/hyakumeiten/sushi_tokyo/2021	46232	店舗照合済	2021年百名店公式選出（寿司 百名店 TOKYO・公式掲載順 90/100）
HYK2021-2491	13209440	食べログ	寿司 百名店	百名店	寿司	2021	TOKYO	鮓 ふじなが	東京都	https://award.tabelog.com/hyakumeiten/sushi_tokyo/2021	46232	店舗照合済	2021年百名店公式選出（寿司 百名店 TOKYO・公式掲載順 91/100）
HYK2021-2492	13228776	食べログ	寿司 百名店	百名店	寿司	2021	TOKYO	鮨 すが弥	東京都	https://award.tabelog.com/hyakumeiten/sushi_tokyo/2021	46232	店舗照合済	2021年百名店公式選出（寿司 百名店 TOKYO・公式掲載順 92/100）
HYK2021-2493	13017742	食べログ	寿司 百名店	百名店	寿司	2021	TOKYO	初音鮨	東京都	https://award.tabelog.com/hyakumeiten/sushi_tokyo/2021	46232	店舗照合済	2021年百名店公式選出（寿司 百名店 TOKYO・公式掲載順 93/100）
HYK2021-2494	13245540	食べログ	寿司 百名店	百名店	寿司	2021	TOKYO	波濤	東京都	https://award.tabelog.com/hyakumeiten/sushi_tokyo/2021	46232	店舗照合済	2021年百名店公式選出（寿司 百名店 TOKYO・公式掲載順 94/100）
HYK2021-2495	13184367	食べログ	寿司 百名店	百名店	寿司	2021	TOKYO	鮨 鈴木	東京都	https://award.tabelog.com/hyakumeiten/sushi_tokyo/2021	46232	店舗照合済	2021年百名店公式選出（寿司 百名店 TOKYO・公式掲載順 95/100）
HYK2021-2496	13221782	食べログ	寿司 百名店	百名店	寿司	2021	TOKYO	鮨 つぼみ	東京都	https://award.tabelog.com/hyakumeiten/sushi_tokyo/2021	46232	店舗照合済	2021年百名店公式選出（寿司 百名店 TOKYO・公式掲載順 96/100）
HYK2021-2497	13235258	食べログ	寿司 百名店	百名店	寿司	2021	TOKYO	鮨 利﨑	東京都	https://award.tabelog.com/hyakumeiten/sushi_tokyo/2021	46232	店舗照合済	2021年百名店公式選出（寿司 百名店 TOKYO・公式掲載順 97/100）
HYK2021-2498	13086506	食べログ	寿司 百名店	百名店	寿司	2021	TOKYO	匠　達広	東京都	https://award.tabelog.com/hyakumeiten/sushi_tokyo/2021	46232	店舗照合済	2021年百名店公式選出（寿司 百名店 TOKYO・公式掲載順 98/100）
HYK2021-2499	13210722	食べログ	寿司 百名店	百名店	寿司	2021	TOKYO	いちかわ	東京都	https://award.tabelog.com/hyakumeiten/sushi_tokyo/2021	46232	店舗照合済	2021年百名店公式選出（寿司 百名店 TOKYO・公式掲載順 99/100）
HYK2021-2500	13024076	食べログ	寿司 百名店	百名店	寿司	2021	TOKYO	鮨 よしたけ	東京都	https://award.tabelog.com/hyakumeiten/sushi_tokyo/2021	46232	店舗照合済	2021年百名店公式選出（寿司 百名店 TOKYO・公式掲載順 100/100）
HYK2021-2501	40001706	食べログ	寿司 百名店	百名店	寿司	2021	WEST	鮨 安吉	福岡県	https://award.tabelog.com/hyakumeiten/sushi_west/2021	46232	店舗照合済	2021年百名店公式選出（寿司 百名店 WEST・公式掲載順 1/100）
HYK2021-2502	28040672	食べログ	寿司 百名店	百名店	寿司	2021	WEST	喜一	兵庫県	https://award.tabelog.com/hyakumeiten/sushi_west/2021	46232	店舗照合済	2021年百名店公式選出（寿司 百名店 WEST・公式掲載順 2/100）
HYK2021-2503	27099496	食べログ	寿司 百名店	百名店	寿司	2021	WEST	墨や	大阪府	https://award.tabelog.com/hyakumeiten/sushi_west/2021	46232	店舗照合済	2021年百名店公式選出（寿司 百名店 WEST・公式掲載順 3/100）
HYK2021-2504	40004326	食べログ	寿司 百名店	百名店	寿司	2021	WEST	寿司 竹本	福岡県	https://award.tabelog.com/hyakumeiten/sushi_west/2021	46232	店舗照合済	2021年百名店公式選出（寿司 百名店 WEST・公式掲載順 4/100）
HYK2021-2505	40000768	食べログ	寿司 百名店	百名店	寿司	2021	WEST	江戸前鮨 二鶴	福岡県	https://award.tabelog.com/hyakumeiten/sushi_west/2021	46232	店舗照合済	2021年百名店公式選出（寿司 百名店 WEST・公式掲載順 5/100）
HYK2021-2506	28023929	食べログ	寿司 百名店	百名店	寿司	2021	WEST	すし屋 亙	兵庫県	https://award.tabelog.com/hyakumeiten/sushi_west/2021	46232	店舗照合済	2021年百名店公式選出（寿司 百名店 WEST・公式掲載順 6/100）
HYK2021-2507	18001608	食べログ	寿司 百名店	百名店	寿司	2021	WEST	鮨 十兵衛	福井県	https://award.tabelog.com/hyakumeiten/sushi_west/2021	46232	店舗照合済	2021年百名店公式選出（寿司 百名店 WEST・公式掲載順 7/100）
HYK2021-2508	27011309	食べログ	寿司 百名店	百名店	寿司	2021	WEST	千成寿司	大阪府	https://award.tabelog.com/hyakumeiten/sushi_west/2021	46232	店舗照合済	2021年百名店公式選出（寿司 百名店 WEST・公式掲載順 8/100）
HYK2021-2509	38010409	食べログ	寿司 百名店	百名店	寿司	2021	WEST	鮨 いの	愛媛県	https://award.tabelog.com/hyakumeiten/sushi_west/2021	46232	店舗照合済	2021年百名店公式選出（寿司 百名店 WEST・公式掲載順 9/100）
HYK2021-2510	41000031	食べログ	寿司 百名店	百名店	寿司	2021	WEST	鮨処 つく田	佐賀県	https://award.tabelog.com/hyakumeiten/sushi_west/2021	46232	店舗照合済	2021年百名店公式選出（寿司 百名店 WEST・公式掲載順 10/100）
HYK2021-2511	17000700	食べログ	寿司 百名店	百名店	寿司	2021	WEST	すし処 めくみ	石川県	https://award.tabelog.com/hyakumeiten/sushi_west/2021	46232	店舗照合済	2021年百名店公式選出（寿司 百名店 WEST・公式掲載順 11/100）
HYK2021-2512	27003367	食べログ	寿司 百名店	百名店	寿司	2021	WEST	鮨処 多田	大阪府	https://award.tabelog.com/hyakumeiten/sushi_west/2021	46232	店舗照合済	2021年百名店公式選出（寿司 百名店 WEST・公式掲載順 12/100）
HYK2021-2513	40043591	食べログ	寿司 百名店	百名店	寿司	2021	WEST	寿司つばさ	福岡県	https://award.tabelog.com/hyakumeiten/sushi_west/2021	46232	店舗照合済	2021年百名店公式選出（寿司 百名店 WEST・公式掲載順 13/100）
HYK2021-2514	27002213	食べログ	寿司 百名店	百名店	寿司	2021	WEST	えんどう寿司 京橋店	大阪府	https://award.tabelog.com/hyakumeiten/sushi_west/2021	46232	店舗照合済	2021年百名店公式選出（寿司 百名店 WEST・公式掲載順 14/100）
HYK2021-2515	45000157	食べログ	寿司 百名店	百名店	寿司	2021	WEST	一心鮨 光洋	宮崎県	https://award.tabelog.com/hyakumeiten/sushi_west/2021	46232	店舗照合済	2021年百名店公式選出（寿司 百名店 WEST・公式掲載順 15/100）
HYK2021-2516	17000420	食べログ	寿司 百名店	百名店	寿司	2021	WEST	もりもり寿し 金沢駅前店	石川県	https://award.tabelog.com/hyakumeiten/sushi_west/2021	46232	店舗照合済	2021年百名店公式選出（寿司 百名店 WEST・公式掲載順 16/100）
HYK2021-2517	26031313	食べログ	寿司 百名店	百名店	寿司	2021	WEST	さえき	京都府	https://award.tabelog.com/hyakumeiten/sushi_west/2021	46232	店舗照合済	2021年百名店公式選出（寿司 百名店 WEST・公式掲載順 17/100）
HYK2021-2518	42000796	食べログ	寿司 百名店	百名店	寿司	2021	WEST	栄寿司小吉	長崎県	https://award.tabelog.com/hyakumeiten/sushi_west/2021	46232	店舗照合済	2021年百名店公式選出（寿司 百名店 WEST・公式掲載順 18/100）
HYK2021-2519	17000512	食べログ	寿司 百名店	百名店	寿司	2021	WEST	鮨 八や	石川県	https://award.tabelog.com/hyakumeiten/sushi_west/2021	46232	店舗照合済	2021年百名店公式選出（寿司 百名店 WEST・公式掲載順 19/100）
HYK2021-2520	17010234	食べログ	寿司 百名店	百名店	寿司	2021	WEST	飛	石川県	https://award.tabelog.com/hyakumeiten/sushi_west/2021	46232	店舗照合済	2021年百名店公式選出（寿司 百名店 WEST・公式掲載順 20/100）
HYK2021-2521	40000408	食べログ	寿司 百名店	百名店	寿司	2021	WEST	もり田	福岡県	https://award.tabelog.com/hyakumeiten/sushi_west/2021	46232	店舗照合済	2021年百名店公式選出（寿司 百名店 WEST・公式掲載順 21/100）
HYK2021-2522	40000074	食べログ	寿司 百名店	百名店	寿司	2021	WEST	鮨 田可尾	福岡県	https://award.tabelog.com/hyakumeiten/sushi_west/2021	46232	店舗照合済	2021年百名店公式選出（寿司 百名店 WEST・公式掲載順 22/100）
HYK2021-2523	40000415	食べログ	寿司 百名店	百名店	寿司	2021	WEST	近松	福岡県	https://award.tabelog.com/hyakumeiten/sushi_west/2021	46232	店舗照合済	2021年百名店公式選出（寿司 百名店 WEST・公式掲載順 23/100）
HYK2021-2524	27095402	食べログ	寿司 百名店	百名店	寿司	2021	WEST	鮨 三心	大阪府	https://award.tabelog.com/hyakumeiten/sushi_west/2021	46232	店舗照合済	2021年百名店公式選出（寿司 百名店 WEST・公式掲載順 24/100）
HYK2021-2525	46000087	食べログ	寿司 百名店	百名店	寿司	2021	WEST	鮨匠 のむら	鹿児島県	https://award.tabelog.com/hyakumeiten/sushi_west/2021	46232	店舗照合済	2021年百名店公式選出（寿司 百名店 WEST・公式掲載順 25/100）
HYK2021-2526	27051741	食べログ	寿司 百名店	百名店	寿司	2021	WEST	寿司処 かい原	大阪府	https://award.tabelog.com/hyakumeiten/sushi_west/2021	46232	店舗照合済	2021年百名店公式選出（寿司 百名店 WEST・公式掲載順 26/100）
HYK2021-2527	27002205	食べログ	寿司 百名店	百名店	寿司	2021	WEST	春駒	大阪府	https://award.tabelog.com/hyakumeiten/sushi_west/2021	46232	店舗照合済	2021年百名店公式選出（寿司 百名店 WEST・公式掲載順 27/100）
HYK2021-2528	26034605	食べログ	寿司 百名店	百名店	寿司	2021	WEST	きう	京都府	https://award.tabelog.com/hyakumeiten/sushi_west/2021	46232	店舗照合済	2021年百名店公式選出（寿司 百名店 WEST・公式掲載順 28/100）
HYK2021-2529	27057420	食べログ	寿司 百名店	百名店	寿司	2021	WEST	寿し おおはた	大阪府	https://award.tabelog.com/hyakumeiten/sushi_west/2021	46232	店舗照合済	2021年百名店公式選出（寿司 百名店 WEST・公式掲載順 29/100）
HYK2021-2530	27104114	食べログ	寿司 百名店	百名店	寿司	2021	WEST	鮨 おおが	大阪府	https://award.tabelog.com/hyakumeiten/sushi_west/2021	46232	店舗照合済	2021年百名店公式選出（寿司 百名店 WEST・公式掲載順 30/100）
HYK2021-2531	17000174	食べログ	寿司 百名店	百名店	寿司	2021	WEST	鮨 みつ川 金沢本店	石川県	https://award.tabelog.com/hyakumeiten/sushi_west/2021	46232	店舗照合済	2021年百名店公式選出（寿司 百名店 WEST・公式掲載順 31/100）
HYK2021-2532	37000358	食べログ	寿司 百名店	百名店	寿司	2021	WEST	鮨舳	香川県	https://award.tabelog.com/hyakumeiten/sushi_west/2021	46232	店舗照合済	2021年百名店公式選出（寿司 百名店 WEST・公式掲載順 32/100）
HYK2021-2533	27004965	食べログ	寿司 百名店	百名店	寿司	2021	WEST	鮨 のぐち	大阪府	https://award.tabelog.com/hyakumeiten/sushi_west/2021	46232	店舗照合済	2021年百名店公式選出（寿司 百名店 WEST・公式掲載順 33/100）
HYK2021-2534	17000107	食べログ	寿司 百名店	百名店	寿司	2021	WEST	乙女寿司	石川県	https://award.tabelog.com/hyakumeiten/sushi_west/2021	46232	店舗照合済	2021年百名店公式選出（寿司 百名店 WEST・公式掲載順 34/100）
HYK2021-2535	27067598	食べログ	寿司 百名店	百名店	寿司	2021	WEST	鮨 ほしやま	大阪府	https://award.tabelog.com/hyakumeiten/sushi_west/2021	46232	店舗照合済	2021年百名店公式選出（寿司 百名店 WEST・公式掲載順 35/100）
HYK2021-2536	27003662	食べログ	寿司 百名店	百名店	寿司	2021	WEST	鮨処 平野	大阪府	https://award.tabelog.com/hyakumeiten/sushi_west/2021	46232	店舗照合済	2021年百名店公式選出（寿司 百名店 WEST・公式掲載順 36/100）
HYK2021-2537	40004475	食べログ	寿司 百名店	百名店	寿司	2021	WEST	江戸心 山ぼうし	福岡県	https://award.tabelog.com/hyakumeiten/sushi_west/2021	46232	店舗照合済	2021年百名店公式選出（寿司 百名店 WEST・公式掲載順 37/100）
HYK2021-2538	17000173	食べログ	寿司 百名店	百名店	寿司	2021	WEST	鮨 志の助	石川県	https://award.tabelog.com/hyakumeiten/sushi_west/2021	46232	店舗照合済	2021年百名店公式選出（寿司 百名店 WEST・公式掲載順 38/100）
HYK2021-2539	24003391	食べログ	寿司 百名店	百名店	寿司	2021	WEST	平和寿司	三重県	https://award.tabelog.com/hyakumeiten/sushi_west/2021	46232	店舗照合済	2021年百名店公式選出（寿司 百名店 WEST・公式掲載順 39/100）
HYK2021-2540	43002645	食べログ	寿司 百名店	百名店	寿司	2021	WEST	鮨 仙八	熊本県	https://award.tabelog.com/hyakumeiten/sushi_west/2021	46232	店舗照合済	2021年百名店公式選出（寿司 百名店 WEST・公式掲載順 40/100）
HYK2021-2541	40001476	食べログ	寿司 百名店	百名店	寿司	2021	WEST	鮨隆	福岡県	https://award.tabelog.com/hyakumeiten/sushi_west/2021	46232	店舗照合済	2021年百名店公式選出（寿司 百名店 WEST・公式掲載順 41/100）
HYK2021-2542	27015415	食べログ	寿司 百名店	百名店	寿司	2021	WEST	松寿司	大阪府	https://award.tabelog.com/hyakumeiten/sushi_west/2021	46232	店舗照合済	2021年百名店公式選出（寿司 百名店 WEST・公式掲載順 42/100）
HYK2021-2543	16006504	食べログ	寿司 百名店	百名店	寿司	2021	WEST	鮨 大門	富山県	https://award.tabelog.com/hyakumeiten/sushi_west/2021	46232	店舗照合済	2021年百名店公式選出（寿司 百名店 WEST・公式掲載順 43/100）
HYK2021-2544	17001116	食べログ	寿司 百名店	百名店	寿司	2021	WEST	鮨処 あいじ	石川県	https://award.tabelog.com/hyakumeiten/sushi_west/2021	46232	店舗照合済	2021年百名店公式選出（寿司 百名店 WEST・公式掲載順 44/100）
HYK2021-2545	25002045	食べログ	寿司 百名店	百名店	寿司	2021	WEST	京極寿司	滋賀県	https://award.tabelog.com/hyakumeiten/sushi_west/2021	46232	店舗照合済	2021年百名店公式選出（寿司 百名店 WEST・公式掲載順 45/100）
HYK2021-2546	40034544	食べログ	寿司 百名店	百名店	寿司	2021	WEST	鮨 さかい	福岡県	https://award.tabelog.com/hyakumeiten/sushi_west/2021	46232	店舗照合済	2021年百名店公式選出（寿司 百名店 WEST・公式掲載順 46/100）
HYK2021-2547	40031337	食べログ	寿司 百名店	百名店	寿司	2021	WEST	鮨 麻生 平尾山荘	福岡県	https://award.tabelog.com/hyakumeiten/sushi_west/2021	46232	店舗照合済	2021年百名店公式選出（寿司 百名店 WEST・公式掲載順 47/100）
HYK2021-2548	43001204	食べログ	寿司 百名店	百名店	寿司	2021	WEST	奴寿司	熊本県	https://award.tabelog.com/hyakumeiten/sushi_west/2021	46232	店舗照合済	2021年百名店公式選出（寿司 百名店 WEST・公式掲載順 48/100）
HYK2021-2549	27114022	食べログ	寿司 百名店	百名店	寿司	2021	WEST	寿司 赤酢	大阪府	https://award.tabelog.com/hyakumeiten/sushi_west/2021	46232	店舗照合済	2021年百名店公式選出（寿司 百名店 WEST・公式掲載順 49/100）
HYK2021-2550	40010507	食べログ	寿司 百名店	百名店	寿司	2021	WEST	鮨 よし田	福岡県	https://award.tabelog.com/hyakumeiten/sushi_west/2021	46232	店舗照合済	2021年百名店公式選出（寿司 百名店 WEST・公式掲載順 50/100）
HYK2021-2551	28031883	食べログ	寿司 百名店	百名店	寿司	2021	WEST	菊水鮓 西店	兵庫県	https://award.tabelog.com/hyakumeiten/sushi_west/2021	46232	店舗照合済	2021年百名店公式選出（寿司 百名店 WEST・公式掲載順 51/100）
HYK2021-2552	27087204	食べログ	寿司 百名店	百名店	寿司	2021	WEST	髙橋 謙太郎	大阪府	https://award.tabelog.com/hyakumeiten/sushi_west/2021	46232	店舗照合済	2021年百名店公式選出（寿司 百名店 WEST・公式掲載順 52/100）
HYK2021-2553	27041868	食べログ	寿司 百名店	百名店	寿司	2021	WEST	鮓 きずな	大阪府	https://award.tabelog.com/hyakumeiten/sushi_west/2021	46232	店舗照合済	2021年百名店公式選出（寿司 百名店 WEST・公式掲載順 53/100）
HYK2021-2554	28005382	食べログ	寿司 百名店	百名店	寿司	2021	WEST	林屋	兵庫県	https://award.tabelog.com/hyakumeiten/sushi_west/2021	46232	店舗照合済	2021年百名店公式選出（寿司 百名店 WEST・公式掲載順 54/100）
HYK2021-2555	27078821	食べログ	寿司 百名店	百名店	寿司	2021	WEST	鮨 村上二郎	大阪府	https://award.tabelog.com/hyakumeiten/sushi_west/2021	46232	店舗照合済	2021年百名店公式選出（寿司 百名店 WEST・公式掲載順 55/100）
HYK2021-2556	40000892	食べログ	寿司 百名店	百名店	寿司	2021	WEST	たつみ寿司 長浜店	福岡県	https://award.tabelog.com/hyakumeiten/sushi_west/2021	46232	店舗照合済	2021年百名店公式選出（寿司 百名店 WEST・公式掲載順 56/100）
HYK2021-2557	44000628	食べログ	寿司 百名店	百名店	寿司	2021	WEST	大和田鮨	大分県	https://award.tabelog.com/hyakumeiten/sushi_west/2021	46232	店舗照合済	2021年百名店公式選出（寿司 百名店 WEST・公式掲載順 57/100）
HYK2021-2558	17010524	食べログ	寿司 百名店	百名店	寿司	2021	WEST	小松 弥助	石川県	https://award.tabelog.com/hyakumeiten/sushi_west/2021	46232	店舗照合済	2021年百名店公式選出（寿司 百名店 WEST・公式掲載順 58/100）
HYK2021-2559	16001163	食べログ	寿司 百名店	百名店	寿司	2021	WEST	鮨し人	富山県	https://award.tabelog.com/hyakumeiten/sushi_west/2021	46232	店舗照合済	2021年百名店公式選出（寿司 百名店 WEST・公式掲載順 59/100）
HYK2021-2560	28006305	食べログ	寿司 百名店	百名店	寿司	2021	WEST	鮨 生粋	兵庫県	https://award.tabelog.com/hyakumeiten/sushi_west/2021	46232	店舗照合済	2021年百名店公式選出（寿司 百名店 WEST・公式掲載順 60/100）
HYK2021-2561	17000118	食べログ	寿司 百名店	百名店	寿司	2021	WEST	太平寿し	石川県	https://award.tabelog.com/hyakumeiten/sushi_west/2021	46232	店舗照合済	2021年百名店公式選出（寿司 百名店 WEST・公式掲載順 61/100）
HYK2021-2562	17010062	食べログ	寿司 百名店	百名店	寿司	2021	WEST	鮨木場谷	石川県	https://award.tabelog.com/hyakumeiten/sushi_west/2021	46232	店舗照合済	2021年百名店公式選出（寿司 百名店 WEST・公式掲載順 62/100）
HYK2021-2563	40000721	食べログ	寿司 百名店	百名店	寿司	2021	WEST	天寿し 京町店	福岡県	https://award.tabelog.com/hyakumeiten/sushi_west/2021	46232	店舗照合済	2021年百名店公式選出（寿司 百名店 WEST・公式掲載順 63/100）
HYK2021-2564	27000995	食べログ	寿司 百名店	百名店	寿司	2021	WEST	まさる	大阪府	https://award.tabelog.com/hyakumeiten/sushi_west/2021	46232	店舗照合済	2021年百名店公式選出（寿司 百名店 WEST・公式掲載順 64/100）
HYK2021-2565	40048710	食べログ	寿司 百名店	百名店	寿司	2021	WEST	鮨 唐島	福岡県	https://award.tabelog.com/hyakumeiten/sushi_west/2021	46232	店舗照合済	2021年百名店公式選出（寿司 百名店 WEST・公式掲載順 65/100）
HYK2021-2566	28006932	食べログ	寿司 百名店	百名店	寿司	2021	WEST	鮨 まつ本	兵庫県	https://award.tabelog.com/hyakumeiten/sushi_west/2021	46232	店舗照合済	2021年百名店公式選出（寿司 百名店 WEST・公式掲載順 66/100）
HYK2021-2567	17010028	食べログ	寿司 百名店	百名店	寿司	2021	WEST	すし屋 小桜	石川県	https://award.tabelog.com/hyakumeiten/sushi_west/2021	46232	店舗照合済	2021年百名店公式選出（寿司 百名店 WEST・公式掲載順 67/100）
HYK2021-2568	40001637	食べログ	寿司 百名店	百名店	寿司	2021	WEST	照寿司	福岡県	https://award.tabelog.com/hyakumeiten/sushi_west/2021	46232	店舗照合済	2021年百名店公式選出（寿司 百名店 WEST・公式掲載順 68/100）
HYK2021-2569	17000911	食べログ	寿司 百名店	百名店	寿司	2021	WEST	もりもり寿し 近江町店	石川県	https://award.tabelog.com/hyakumeiten/sushi_west/2021	46232	店舗照合済	2021年百名店公式選出（寿司 百名店 WEST・公式掲載順 69/100）
HYK2021-2570	40006240	食べログ	寿司 百名店	百名店	寿司	2021	WEST	たつ庄	福岡県	https://award.tabelog.com/hyakumeiten/sushi_west/2021	46232	店舗照合済	2021年百名店公式選出（寿司 百名店 WEST・公式掲載順 70/100）
HYK2021-2571	27000915	食べログ	寿司 百名店	百名店	寿司	2021	WEST	じねん 鰻谷南通り店	大阪府	https://award.tabelog.com/hyakumeiten/sushi_west/2021	46232	店舗照合済	2021年百名店公式選出（寿司 百名店 WEST・公式掲載順 71/100）
HYK2021-2572	17000352	食べログ	寿司 百名店	百名店	寿司	2021	WEST	幸寿し 本店	石川県	https://award.tabelog.com/hyakumeiten/sushi_west/2021	46232	店舗照合済	2021年百名店公式選出（寿司 百名店 WEST・公式掲載順 72/100）
HYK2021-2573	27077129	食べログ	寿司 百名店	百名店	寿司	2021	WEST	鮨 惣五郎	大阪府	https://award.tabelog.com/hyakumeiten/sushi_west/2021	46232	店舗照合済	2021年百名店公式選出（寿司 百名店 WEST・公式掲載順 73/100）
HYK2021-2574	26002579	食べログ	寿司 百名店	百名店	寿司	2021	WEST	鮨まつもと	京都府	https://award.tabelog.com/hyakumeiten/sushi_west/2021	46232	店舗照合済	2021年百名店公式選出（寿司 百名店 WEST・公式掲載順 74/100）
HYK2021-2575	28053397	食べログ	寿司 百名店	百名店	寿司	2021	WEST	すし うえだ	兵庫県	https://award.tabelog.com/hyakumeiten/sushi_west/2021	46232	店舗照合済	2021年百名店公式選出（寿司 百名店 WEST・公式掲載順 75/100）
HYK2021-2576	40005044	食べログ	寿司 百名店	百名店	寿司	2021	WEST	たつみ寿司 総本店	福岡県	https://award.tabelog.com/hyakumeiten/sushi_west/2021	46232	店舗照合済	2021年百名店公式選出（寿司 百名店 WEST・公式掲載順 76/100）
HYK2021-2577	28006575	食べログ	寿司 百名店	百名店	寿司	2021	WEST	寿志 城助	兵庫県	https://award.tabelog.com/hyakumeiten/sushi_west/2021	46232	店舗照合済	2021年百名店公式選出（寿司 百名店 WEST・公式掲載順 77/100）
HYK2021-2578	37000760	食べログ	寿司 百名店	百名店	寿司	2021	WEST	寿司 中川	香川県	https://award.tabelog.com/hyakumeiten/sushi_west/2021	46232	店舗照合済	2021年百名店公式選出（寿司 百名店 WEST・公式掲載順 78/100）
HYK2021-2579	40032025	食べログ	寿司 百名店	百名店	寿司	2021	WEST	鮨 行天	福岡県	https://award.tabelog.com/hyakumeiten/sushi_west/2021	46232	店舗照合済	2021年百名店公式選出（寿司 百名店 WEST・公式掲載順 79/100）
HYK2021-2580	27086390	食べログ	寿司 百名店	百名店	寿司	2021	WEST	黒杉	大阪府	https://award.tabelog.com/hyakumeiten/sushi_west/2021	46232	店舗照合済	2021年百名店公式選出（寿司 百名店 WEST・公式掲載順 80/100）
HYK2021-2581	40000042	食べログ	寿司 百名店	百名店	寿司	2021	WEST	吉冨寿し	福岡県	https://award.tabelog.com/hyakumeiten/sushi_west/2021	46232	店舗照合済	2021年百名店公式選出（寿司 百名店 WEST・公式掲載順 81/100）
HYK2021-2582	40003573	食べログ	寿司 百名店	百名店	寿司	2021	WEST	やま中・本店 鮨と日本料理	福岡県	https://award.tabelog.com/hyakumeiten/sushi_west/2021	46232	店舗照合済	2021年百名店公式選出（寿司 百名店 WEST・公式掲載順 82/100）
HYK2021-2583	27015774	食べログ	寿司 百名店	百名店	寿司	2021	WEST	すしぎん	大阪府	https://award.tabelog.com/hyakumeiten/sushi_west/2021	46232	店舗照合済	2021年百名店公式選出（寿司 百名店 WEST・公式掲載順 83/100）
HYK2021-2584	40038828	食べログ	寿司 百名店	百名店	寿司	2021	WEST	鮨 かんび	福岡県	https://award.tabelog.com/hyakumeiten/sushi_west/2021	46232	店舗照合済	2021年百名店公式選出（寿司 百名店 WEST・公式掲載順 84/100）
HYK2021-2585	33001952	食べログ	寿司 百名店	百名店	寿司	2021	WEST	鮨 縁	岡山県	https://award.tabelog.com/hyakumeiten/sushi_west/2021	46232	店舗照合済	2021年百名店公式選出（寿司 百名店 WEST・公式掲載順 85/100）
HYK2021-2586	27007945	食べログ	寿司 百名店	百名店	寿司	2021	WEST	すし処 広川	大阪府	https://award.tabelog.com/hyakumeiten/sushi_west/2021	46232	店舗照合済	2021年百名店公式選出（寿司 百名店 WEST・公式掲載順 86/100）
HYK2021-2587	27083232	食べログ	寿司 百名店	百名店	寿司	2021	WEST	鮨 千陽	大阪府	https://award.tabelog.com/hyakumeiten/sushi_west/2021	46232	店舗照合済	2021年百名店公式選出（寿司 百名店 WEST・公式掲載順 87/100）
HYK2021-2588	27000411	食べログ	寿司 百名店	百名店	寿司	2021	WEST	尽誠	大阪府	https://award.tabelog.com/hyakumeiten/sushi_west/2021	46232	店舗照合済	2021年百名店公式選出（寿司 百名店 WEST・公式掲載順 88/100）
HYK2021-2589	27011689	食べログ	寿司 百名店	百名店	寿司	2021	WEST	寿司 うち田	大阪府	https://award.tabelog.com/hyakumeiten/sushi_west/2021	46232	店舗照合済	2021年百名店公式選出（寿司 百名店 WEST・公式掲載順 89/100）
HYK2021-2590	24012212	食べログ	寿司 百名店	百名店	寿司	2021	WEST	こま田	三重県	https://award.tabelog.com/hyakumeiten/sushi_west/2021	46232	店舗照合済	2021年百名店公式選出（寿司 百名店 WEST・公式掲載順 90/100）
HYK2021-2591	40010675	食べログ	寿司 百名店	百名店	寿司	2021	WEST	菊鮨	福岡県	https://award.tabelog.com/hyakumeiten/sushi_west/2021	46232	店舗照合済	2021年百名店公式選出（寿司 百名店 WEST・公式掲載順 91/100）
HYK2021-2592	27002698	食べログ	寿司 百名店	百名店	寿司	2021	WEST	中央市場 ゑんどう	大阪府	https://award.tabelog.com/hyakumeiten/sushi_west/2021	46232	店舗照合済	2021年百名店公式選出（寿司 百名店 WEST・公式掲載順 92/100）
HYK2021-2593	27001079	食べログ	寿司 百名店	百名店	寿司	2021	WEST	弥助	大阪府	https://award.tabelog.com/hyakumeiten/sushi_west/2021	46232	店舗照合済	2021年百名店公式選出（寿司 百名店 WEST・公式掲載順 93/100）
HYK2021-2594	26029012	食べログ	寿司 百名店	百名店	寿司	2021	WEST	祇園 鮨 忠保	京都府	https://award.tabelog.com/hyakumeiten/sushi_west/2021	46232	店舗照合済	2021年百名店公式選出（寿司 百名店 WEST・公式掲載順 94/100）
HYK2021-2595	27093524	食べログ	寿司 百名店	百名店	寿司	2021	WEST	鮨 Shizuku	大阪府	https://award.tabelog.com/hyakumeiten/sushi_west/2021	46232	店舗照合済	2021年百名店公式選出（寿司 百名店 WEST・公式掲載順 95/100）
HYK2021-2596	27091491	食べログ	寿司 百名店	百名店	寿司	2021	WEST	寿司処 しん	大阪府	https://award.tabelog.com/hyakumeiten/sushi_west/2021	46232	店舗照合済	2021年百名店公式選出（寿司 百名店 WEST・公式掲載順 96/100）
HYK2021-2597	33000059	食べログ	寿司 百名店	百名店	寿司	2021	WEST	すし処 ひさ田	岡山県	https://award.tabelog.com/hyakumeiten/sushi_west/2021	46232	店舗照合済	2021年百名店公式選出（寿司 百名店 WEST・公式掲載順 97/100）
HYK2021-2598	40000001	食べログ	寿司 百名店	百名店	寿司	2021	WEST	鮨 おさむ	福岡県	https://award.tabelog.com/hyakumeiten/sushi_west/2021	46232	店舗照合済	2021年百名店公式選出（寿司 百名店 WEST・公式掲載順 98/100）
HYK2021-2599	17009145	食べログ	寿司 百名店	百名店	寿司	2021	WEST	鮨 歴々 百番街店	石川県	https://award.tabelog.com/hyakumeiten/sushi_west/2021	46232	店舗照合済	2021年百名店公式選出（寿司 百名店 WEST・公式掲載順 99/100）
HYK2021-2600	40035158	食べログ	寿司 百名店	百名店	寿司	2021	WEST	鮨 香坂	福岡県	https://award.tabelog.com/hyakumeiten/sushi_west/2021	46232	店舗照合済	2021年百名店公式選出（寿司 百名店 WEST・公式掲載順 100/100）
HYK2021-2601	13049580	食べログ	定食 百名店	百名店	定食	2021	全国	酒処 つがる	東京都	https://award.tabelog.com/hyakumeiten/teishoku/2021	46232	店舗照合済	2021年百名店公式選出（定食 百名店 全国・公式掲載順 1/100）
HYK2021-2602	13051336	食べログ	定食 百名店	百名店	定食	2021	全国	魚久 イートイン あじみせ 本店	東京都	https://award.tabelog.com/hyakumeiten/teishoku/2021	46232	店舗照合済	2021年百名店公式選出（定食 百名店 全国・公式掲載順 2/100）
HYK2021-2603	40018886	食べログ	定食 百名店	百名店	定食	2021	全国	梅山鉄平食堂 本店	福岡県	https://award.tabelog.com/hyakumeiten/teishoku/2021	46232	店舗照合済	2021年百名店公式選出（定食 百名店 全国・公式掲載順 3/100）
HYK2021-2604	13006408	食べログ	定食 百名店	百名店	定食	2021	全国	キッチン グラン	東京都	https://award.tabelog.com/hyakumeiten/teishoku/2021	46232	店舗照合済	2021年百名店公式選出（定食 百名店 全国・公式掲載順 4/100）
HYK2021-2605	13006415	食べログ	定食 百名店	百名店	定食	2021	全国	キッチン マミー	東京都	https://award.tabelog.com/hyakumeiten/teishoku/2021	46232	店舗照合済	2021年百名店公式選出（定食 百名店 全国・公式掲載順 5/100）
HYK2021-2606	27059653	食べログ	定食 百名店	百名店	定食	2021	全国	普通の食堂いわま	大阪府	https://award.tabelog.com/hyakumeiten/teishoku/2021	46232	店舗照合済	2021年百名店公式選出（定食 百名店 全国・公式掲載順 6/100）
HYK2021-2607	38007391	食べログ	定食 百名店	百名店	定食	2021	全国	愛南 市場食堂	愛媛県	https://award.tabelog.com/hyakumeiten/teishoku/2021	46232	店舗照合済	2021年百名店公式選出（定食 百名店 全国・公式掲載順 7/100）
HYK2021-2608	40033981	食べログ	定食 百名店	百名店	定食	2021	全国	いっかく食堂 本店	福岡県	https://award.tabelog.com/hyakumeiten/teishoku/2021	46232	店舗照合済	2021年百名店公式選出（定食 百名店 全国・公式掲載順 8/100）
HYK2021-2609	13025438	食べログ	定食 百名店	百名店	定食	2021	全国	とん金	東京都	https://award.tabelog.com/hyakumeiten/teishoku/2021	46232	店舗照合済	2021年百名店公式選出（定食 百名店 全国・公式掲載順 9/100）
HYK2021-2610	22000010	食べログ	定食 百名店	百名店	定食	2021	全国	海幸楽膳 釜つる	静岡県	https://award.tabelog.com/hyakumeiten/teishoku/2021	46232	店舗照合済	2021年百名店公式選出（定食 百名店 全国・公式掲載順 10/100）
HYK2021-2611	40000036	食べログ	定食 百名店	百名店	定食	2021	全国	おきよ食堂	福岡県	https://award.tabelog.com/hyakumeiten/teishoku/2021	46232	店舗照合済	2021年百名店公式選出（定食 百名店 全国・公式掲載順 11/100）
HYK2021-2612	13158606	食べログ	定食 百名店	百名店	定食	2021	全国	ここのつ	東京都	https://award.tabelog.com/hyakumeiten/teishoku/2021	46232	店舗照合済	2021年百名店公式選出（定食 百名店 全国・公式掲載順 12/100）
HYK2021-2613	13176997	食べログ	定食 百名店	百名店	定食	2021	全国	あげもんや	東京都	https://award.tabelog.com/hyakumeiten/teishoku/2021	46232	店舗照合済	2021年百名店公式選出（定食 百名店 全国・公式掲載順 13/100）
HYK2021-2614	1005979	食べログ	定食 百名店	百名店	定食	2021	全国	柳ばし	北海道	https://award.tabelog.com/hyakumeiten/teishoku/2021	46232	店舗照合済	2021年百名店公式選出（定食 百名店 全国・公式掲載順 14/100）
HYK2021-2615	13014630	食べログ	定食 百名店	百名店	定食	2021	全国	スワチカ	東京都	https://award.tabelog.com/hyakumeiten/teishoku/2021	46232	店舗照合済	2021年百名店公式選出（定食 百名店 全国・公式掲載順 15/100）
HYK2021-2616	13240305	食べログ	定食 百名店	百名店	定食	2021	全国	しょうが焼きBaKa 神保町本店	東京都	https://award.tabelog.com/hyakumeiten/teishoku/2021	46232	店舗照合済	2021年百名店公式選出（定食 百名店 全国・公式掲載順 16/100）
HYK2021-2617	40000359	食べログ	定食 百名店	百名店	定食	2021	全国	わっぱ定食堂	福岡県	https://award.tabelog.com/hyakumeiten/teishoku/2021	46232	店舗照合済	2021年百名店公式選出（定食 百名店 全国・公式掲載順 17/100）
HYK2021-2618	13002300	食べログ	定食 百名店	百名店	定食	2021	全国	季節料理 魚竹	東京都	https://award.tabelog.com/hyakumeiten/teishoku/2021	46232	店舗照合済	2021年百名店公式選出（定食 百名店 全国・公式掲載順 18/100）
HYK2021-2619	40026439	食べログ	定食 百名店	百名店	定食	2021	全国	たんやHAKATA	福岡県	https://award.tabelog.com/hyakumeiten/teishoku/2021	46232	店舗照合済	2021年百名店公式選出（定食 百名店 全国・公式掲載順 19/100）
HYK2021-2620	41000157	食べログ	定食 百名店	百名店	定食	2021	全国	大和	佐賀県	https://award.tabelog.com/hyakumeiten/teishoku/2021	46232	店舗照合済	2021年百名店公式選出（定食 百名店 全国・公式掲載順 20/100）
HYK2021-2621	1037103	食べログ	定食 百名店	百名店	定食	2021	全国	シロクマ食堂	北海道	https://award.tabelog.com/hyakumeiten/teishoku/2021	46232	店舗照合済	2021年百名店公式選出（定食 百名店 全国・公式掲載順 21/100）
HYK2021-2622	14000873	食べログ	定食 百名店	百名店	定食	2021	全国	あらさき亭	神奈川県	https://award.tabelog.com/hyakumeiten/teishoku/2021	46232	店舗照合済	2021年百名店公式選出（定食 百名店 全国・公式掲載順 22/100）
HYK2021-2623	13015764	食べログ	定食 百名店	百名店	定食	2021	全国	ランチハウス ミトヤ	東京都	https://award.tabelog.com/hyakumeiten/teishoku/2021	46232	店舗照合済	2021年百名店公式選出（定食 百名店 全国・公式掲載順 23/100）
HYK2021-2624	13047017	食べログ	定食 百名店	百名店	定食	2021	全国	炭火焼専門食処 白銀屋	東京都	https://award.tabelog.com/hyakumeiten/teishoku/2021	46232	店舗照合済	2021年百名店公式選出（定食 百名店 全国・公式掲載順 24/100）
HYK2021-2625	13008505	食べログ	定食 百名店	百名店	定食	2021	全国	動坂食堂	東京都	https://award.tabelog.com/hyakumeiten/teishoku/2021	46232	店舗照合済	2021年百名店公式選出（定食 百名店 全国・公式掲載順 25/100）
HYK2021-2626	13009906	食べログ	定食 百名店	百名店	定食	2021	全国	味の大番	東京都	https://award.tabelog.com/hyakumeiten/teishoku/2021	46232	店舗照合済	2021年百名店公式選出（定食 百名店 全国・公式掲載順 26/100）
HYK2021-2627	17000078	食べログ	定食 百名店	百名店	定食	2021	全国	宇宙軒食堂	石川県	https://award.tabelog.com/hyakumeiten/teishoku/2021	46232	店舗照合済	2021年百名店公式選出（定食 百名店 全国・公式掲載順 27/100）
HYK2021-2628	47000095	食べログ	定食 百名店	百名店	定食	2021	全国	みかど	沖縄県	https://award.tabelog.com/hyakumeiten/teishoku/2021	46232	店舗照合済	2021年百名店公式選出（定食 百名店 全国・公式掲載順 28/100）
HYK2021-2629	13021207	食べログ	定食 百名店	百名店	定食	2021	全国	さかな亭	東京都	https://award.tabelog.com/hyakumeiten/teishoku/2021	46232	店舗照合済	2021年百名店公式選出（定食 百名店 全国・公式掲載順 29/100）
HYK2021-2630	27003060	食べログ	定食 百名店	百名店	定食	2021	全国	銀シャリ屋 ゲコ亭	大阪府	https://award.tabelog.com/hyakumeiten/teishoku/2021	46232	店舗照合済	2021年百名店公式選出（定食 百名店 全国・公式掲載順 30/100）
HYK2021-2631	14023879	食べログ	定食 百名店	百名店	定食	2021	全国	お食事処 大原	神奈川県	https://award.tabelog.com/hyakumeiten/teishoku/2021	46232	店舗照合済	2021年百名店公式選出（定食 百名店 全国・公式掲載順 31/100）
HYK2021-2632	26001221	食べログ	定食 百名店	百名店	定食	2021	全国	今井食堂	京都府	https://award.tabelog.com/hyakumeiten/teishoku/2021	46232	店舗照合済	2021年百名店公式選出（定食 百名店 全国・公式掲載順 32/100）
HYK2021-2633	13078681	食べログ	定食 百名店	百名店	定食	2021	全国	炭火焼食堂 こがね屋	東京都	https://award.tabelog.com/hyakumeiten/teishoku/2021	46232	店舗照合済	2021年百名店公式選出（定食 百名店 全国・公式掲載順 33/100）
HYK2021-2634	12006767	食べログ	定食 百名店	百名店	定食	2021	全国	食事処　池田	千葉県	https://award.tabelog.com/hyakumeiten/teishoku/2021	46232	店舗照合済	2021年百名店公式選出（定食 百名店 全国・公式掲載順 34/100）
HYK2021-2635	40020829	食べログ	定食 百名店	百名店	定食	2021	全国	天神わっぱ定食堂	福岡県	https://award.tabelog.com/hyakumeiten/teishoku/2021	46232	店舗照合済	2021年百名店公式選出（定食 百名店 全国・公式掲載順 35/100）
HYK2021-2636	13101687	食べログ	定食 百名店	百名店	定食	2021	全国	きっちん 浜家	東京都	https://award.tabelog.com/hyakumeiten/teishoku/2021	46232	店舗照合済	2021年百名店公式選出（定食 百名店 全国・公式掲載順 36/100）
HYK2021-2637	23003101	食べログ	定食 百名店	百名店	定食	2021	全国	一力	愛知県	https://award.tabelog.com/hyakumeiten/teishoku/2021	46232	店舗照合済	2021年百名店公式選出（定食 百名店 全国・公式掲載順 37/100）
HYK2021-2638	1001467	食べログ	定食 百名店	百名店	定食	2021	全国	民宿 青塚食堂	北海道	https://award.tabelog.com/hyakumeiten/teishoku/2021	46232	店舗照合済	2021年百名店公式選出（定食 百名店 全国・公式掲載順 38/100）
HYK2021-2639	41000038	食べログ	定食 百名店	百名店	定食	2021	全国	宗庵 よこ長	佐賀県	https://award.tabelog.com/hyakumeiten/teishoku/2021	46232	店舗照合済	2021年百名店公式選出（定食 百名店 全国・公式掲載順 39/100）
HYK2021-2640	40034751	食べログ	定食 百名店	百名店	定食	2021	全国	博多ごまさば屋	福岡県	https://award.tabelog.com/hyakumeiten/teishoku/2021	46232	店舗照合済	2021年百名店公式選出（定食 百名店 全国・公式掲載順 40/100）
HYK2021-2641	13026535	食べログ	定食 百名店	百名店	定食	2021	全国	とんかつ小田保 場内店	東京都	https://award.tabelog.com/hyakumeiten/teishoku/2021	46232	店舗照合済	2021年百名店公式選出（定食 百名店 全国・公式掲載順 41/100）
HYK2021-2642	27050674	食べログ	定食 百名店	百名店	定食	2021	全国	玄三庵 西梅田店	大阪府	https://award.tabelog.com/hyakumeiten/teishoku/2021	46232	店舗照合済	2021年百名店公式選出（定食 百名店 全国・公式掲載順 42/100）
HYK2021-2643	23026020	食べログ	定食 百名店	百名店	定食	2021	全国	酒津屋 中店	愛知県	https://award.tabelog.com/hyakumeiten/teishoku/2021	46232	店舗照合済	2021年百名店公式選出（定食 百名店 全国・公式掲載順 43/100）
HYK2021-2644	23000872	食べログ	定食 百名店	百名店	定食	2021	全国	まるは食堂 中部国際空港店	愛知県	https://award.tabelog.com/hyakumeiten/teishoku/2021	46232	店舗照合済	2021年百名店公式選出（定食 百名店 全国・公式掲載順 44/100）
HYK2021-2645	13131643	食べログ	定食 百名店	百名店	定食	2021	全国	かつれつ四谷たけだ	東京都	https://award.tabelog.com/hyakumeiten/teishoku/2021	46232	店舗照合済	2021年百名店公式選出（定食 百名店 全国・公式掲載順 45/100）
HYK2021-2646	27001293	食べログ	定食 百名店	百名店	定食	2021	全国	大黒	大阪府	https://award.tabelog.com/hyakumeiten/teishoku/2021	46232	店舗照合済	2021年百名店公式選出（定食 百名店 全国・公式掲載順 46/100）
HYK2021-2647	13002439	食べログ	定食 百名店	百名店	定食	2021	全国	大衆割烹 三州屋 銀座一丁目店	東京都	https://award.tabelog.com/hyakumeiten/teishoku/2021	46232	店舗照合済	2021年百名店公式選出（定食 百名店 全国・公式掲載順 47/100）
HYK2021-2648	12001718	食べログ	定食 百名店	百名店	定食	2021	全国	もつ煮 太郎	千葉県	https://award.tabelog.com/hyakumeiten/teishoku/2021	46232	店舗照合済	2021年百名店公式選出（定食 百名店 全国・公式掲載順 48/100）
HYK2021-2649	13012336	食べログ	定食 百名店	百名店	定食	2021	全国	ときわ食堂 本店	東京都	https://award.tabelog.com/hyakumeiten/teishoku/2021	46232	店舗照合済	2021年百名店公式選出（定食 百名店 全国・公式掲載順 49/100）
HYK2021-2650	13001589	食べログ	定食 百名店	百名店	定食	2021	全国	こづち	東京都	https://award.tabelog.com/hyakumeiten/teishoku/2021	46232	店舗照合済	2021年百名店公式選出（定食 百名店 全国・公式掲載順 50/100）
HYK2021-2651	39000039	食べログ	定食 百名店	百名店	定食	2021	全国	鳥心 本店	高知県	https://award.tabelog.com/hyakumeiten/teishoku/2021	46232	店舗照合済	2021年百名店公式選出（定食 百名店 全国・公式掲載順 51/100）
HYK2021-2652	30000271	食べログ	定食 百名店	百名店	定食	2021	全国	かどや食堂	和歌山県	https://award.tabelog.com/hyakumeiten/teishoku/2021	46232	店舗照合済	2021年百名店公式選出（定食 百名店 全国・公式掲載順 52/100）
HYK2021-2653	36000020	食べログ	定食 百名店	百名店	定食	2021	全国	あらし	徳島県	https://award.tabelog.com/hyakumeiten/teishoku/2021	46232	店舗照合済	2021年百名店公式選出（定食 百名店 全国・公式掲載順 53/100）
HYK2021-2654	10000040	食べログ	定食 百名店	百名店	定食	2021	全国	永井食堂	群馬県	https://award.tabelog.com/hyakumeiten/teishoku/2021	46232	店舗照合済	2021年百名店公式選出（定食 百名店 全国・公式掲載順 54/100）
HYK2021-2655	45000063	食べログ	定食 百名店	百名店	定食	2021	全国	直ちゃん	宮崎県	https://award.tabelog.com/hyakumeiten/teishoku/2021	46232	店舗照合済	2021年百名店公式選出（定食 百名店 全国・公式掲載順 55/100）
HYK2021-2656	13028770	食べログ	定食 百名店	百名店	定食	2021	全国	味楽	東京都	https://award.tabelog.com/hyakumeiten/teishoku/2021	46232	店舗照合済	2021年百名店公式選出（定食 百名店 全国・公式掲載順 56/100）
HYK2021-2657	13095793	食べログ	定食 百名店	百名店	定食	2021	全国	しゃけ小島 本店	東京都	https://award.tabelog.com/hyakumeiten/teishoku/2021	46232	店舗照合済	2021年百名店公式選出（定食 百名店 全国・公式掲載順 57/100）
HYK2021-2658	47001361	食べログ	定食 百名店	百名店	定食	2021	全国	とうふの比嘉	沖縄県	https://award.tabelog.com/hyakumeiten/teishoku/2021	46232	店舗照合済	2021年百名店公式選出（定食 百名店 全国・公式掲載順 58/100）
HYK2021-2659	13002473	食べログ	定食 百名店	百名店	定食	2021	全国	大衆割烹 三州屋 銀座店	東京都	https://award.tabelog.com/hyakumeiten/teishoku/2021	46232	店舗照合済	2021年百名店公式選出（定食 百名店 全国・公式掲載順 59/100）
HYK2021-2660	27012103	食べログ	定食 百名店	百名店	定食	2021	全国	ダイニングステージ 佐海屋	大阪府	https://award.tabelog.com/hyakumeiten/teishoku/2021	46232	店舗照合済	2021年百名店公式選出（定食 百名店 全国・公式掲載順 60/100）
HYK2021-2661	23000853	食べログ	定食 百名店	百名店	定食	2021	全国	まるは食堂旅館 南知多豊浜本店	愛知県	https://award.tabelog.com/hyakumeiten/teishoku/2021	46232	店舗照合済	2021年百名店公式選出（定食 百名店 全国・公式掲載順 61/100）
HYK2021-2662	13001331	食べログ	定食 百名店	百名店	定食	2021	全国	西麻布 三河屋	東京都	https://award.tabelog.com/hyakumeiten/teishoku/2021	46232	店舗照合済	2021年百名店公式選出（定食 百名店 全国・公式掲載順 62/100）
HYK2021-2663	13020182	食べログ	定食 百名店	百名店	定食	2021	全国	食事処 酒肴 浅草 水口	東京都	https://award.tabelog.com/hyakumeiten/teishoku/2021	46232	店舗照合済	2021年百名店公式選出（定食 百名店 全国・公式掲載順 63/100）
HYK2021-2664	13001091	食べログ	定食 百名店	百名店	定食	2021	全国	丸子亭	東京都	https://award.tabelog.com/hyakumeiten/teishoku/2021	46232	店舗照合済	2021年百名店公式選出（定食 百名店 全国・公式掲載順 64/100）
HYK2021-2665	14003565	食べログ	定食 百名店	百名店	定食	2021	全国	三ちゃん食堂	神奈川県	https://award.tabelog.com/hyakumeiten/teishoku/2021	46232	店舗照合済	2021年百名店公式選出（定食 百名店 全国・公式掲載順 65/100）
HYK2021-2666	20000413	食べログ	定食 百名店	百名店	定食	2021	全国	村民食堂	長野県	https://award.tabelog.com/hyakumeiten/teishoku/2021	46232	店舗照合済	2021年百名店公式選出（定食 百名店 全国・公式掲載順 66/100）
HYK2021-2667	13048033	食べログ	定食 百名店	百名店	定食	2021	全国	割烹 三友	東京都	https://award.tabelog.com/hyakumeiten/teishoku/2021	46232	店舗照合済	2021年百名店公式選出（定食 百名店 全国・公式掲載順 67/100）
HYK2021-2668	13056496	食べログ	定食 百名店	百名店	定食	2021	全国	一汁三菜	東京都	https://award.tabelog.com/hyakumeiten/teishoku/2021	46232	店舗照合済	2021年百名店公式選出（定食 百名店 全国・公式掲載順 68/100）
HYK2021-2669	46000812	食べログ	定食 百名店	百名店	定食	2021	全国	市場食堂 城南店	鹿児島県	https://award.tabelog.com/hyakumeiten/teishoku/2021	46232	店舗照合済	2021年百名店公式選出（定食 百名店 全国・公式掲載順 69/100）
HYK2021-2670	13007634	食べログ	定食 百名店	百名店	定食	2021	全国	多け乃	東京都	https://award.tabelog.com/hyakumeiten/teishoku/2021	46232	店舗照合済	2021年百名店公式選出（定食 百名店 全国・公式掲載順 70/100）
HYK2021-2671	13140335	食べログ	定食 百名店	百名店	定食	2021	全国	d47食堂	東京都	https://award.tabelog.com/hyakumeiten/teishoku/2021	46232	店舗照合済	2021年百名店公式選出（定食 百名店 全国・公式掲載順 71/100）
HYK2021-2672	26007917	食べログ	定食 百名店	百名店	定食	2021	全国	ごはん処　矢尾定	京都府	https://award.tabelog.com/hyakumeiten/teishoku/2021	46232	店舗照合済	2021年百名店公式選出（定食 百名店 全国・公式掲載順 72/100）
HYK2021-2673	14002849	食べログ	定食 百名店	百名店	定食	2021	全国	魚佐	神奈川県	https://award.tabelog.com/hyakumeiten/teishoku/2021	46232	店舗照合済	2021年百名店公式選出（定食 百名店 全国・公式掲載順 73/100）
HYK2021-2674	13008895	食べログ	定食 百名店	百名店	定食	2021	全国	洋庖丁 板橋店	東京都	https://award.tabelog.com/hyakumeiten/teishoku/2021	46232	店舗照合済	2021年百名店公式選出（定食 百名店 全国・公式掲載順 74/100）
HYK2021-2675	13101028	食べログ	定食 百名店	百名店	定食	2021	全国	kei楽	東京都	https://award.tabelog.com/hyakumeiten/teishoku/2021	46232	店舗照合済	2021年百名店公式選出（定食 百名店 全国・公式掲載順 75/100）
HYK2021-2676	23000411	食べログ	定食 百名店	百名店	定食	2021	全国	まるは食堂 ラシック店	愛知県	https://award.tabelog.com/hyakumeiten/teishoku/2021	46232	店舗照合済	2021年百名店公式選出（定食 百名店 全国・公式掲載順 76/100）
HYK2021-2677	47001385	食べログ	定食 百名店	百名店	定食	2021	全国	なかよし食堂	沖縄県	https://award.tabelog.com/hyakumeiten/teishoku/2021	46232	店舗照合済	2021年百名店公式選出（定食 百名店 全国・公式掲載順 77/100）
HYK2021-2678	14012378	食べログ	定食 百名店	百名店	定食	2021	全国	まるいち食堂	神奈川県	https://award.tabelog.com/hyakumeiten/teishoku/2021	46232	店舗照合済	2021年百名店公式選出（定食 百名店 全国・公式掲載順 78/100）
HYK2021-2679	36000021	食べログ	定食 百名店	百名店	定食	2021	全国	活魚料理 びんび家	徳島県	https://award.tabelog.com/hyakumeiten/teishoku/2021	46232	店舗照合済	2021年百名店公式選出（定食 百名店 全国・公式掲載順 79/100）
HYK2021-2680	46000828	食べログ	定食 百名店	百名店	定食	2021	全国	高城庵	鹿児島県	https://award.tabelog.com/hyakumeiten/teishoku/2021	46232	店舗照合済	2021年百名店公式選出（定食 百名店 全国・公式掲載順 80/100）
HYK2021-2681	2000071	食べログ	定食 百名店	百名店	定食	2021	全国	お食事処おさない	青森県	https://award.tabelog.com/hyakumeiten/teishoku/2021	46232	店舗照合済	2021年百名店公式選出（定食 百名店 全国・公式掲載順 81/100）
HYK2021-2682	13001699	食べログ	定食 百名店	百名店	定食	2021	全国	とりかつ チキン	東京都	https://award.tabelog.com/hyakumeiten/teishoku/2021	46232	店舗照合済	2021年百名店公式選出（定食 百名店 全国・公式掲載順 82/100）
HYK2021-2683	12014064	食べログ	定食 百名店	百名店	定食	2021	全国	さすけ食堂	千葉県	https://award.tabelog.com/hyakumeiten/teishoku/2021	46232	店舗照合済	2021年百名店公式選出（定食 百名店 全国・公式掲載順 83/100）
HYK2021-2684	13106652	食べログ	定食 百名店	百名店	定食	2021	全国	キッチン竹乃子	東京都	https://award.tabelog.com/hyakumeiten/teishoku/2021	46232	店舗照合済	2021年百名店公式選出（定食 百名店 全国・公式掲載順 84/100）
HYK2021-2685	13040797	食べログ	定食 百名店	百名店	定食	2021	全国	九絵	東京都	https://award.tabelog.com/hyakumeiten/teishoku/2021	46232	店舗照合済	2021年百名店公式選出（定食 百名店 全国・公式掲載順 85/100）
HYK2021-2686	10005887	食べログ	定食 百名店	百名店	定食	2021	全国	もつ煮屋 日の出食堂	群馬県	https://award.tabelog.com/hyakumeiten/teishoku/2021	46232	店舗照合済	2021年百名店公式選出（定食 百名店 全国・公式掲載順 86/100）
HYK2021-2687	35000011	食べログ	定食 百名店	百名店	定食	2021	全国	市場食堂 よし	山口県	https://award.tabelog.com/hyakumeiten/teishoku/2021	46232	店舗照合済	2021年百名店公式選出（定食 百名店 全国・公式掲載順 87/100）
HYK2021-2688	21001354	食べログ	定食 百名店	百名店	定食	2021	全国	国八食堂	岐阜県	https://award.tabelog.com/hyakumeiten/teishoku/2021	46232	店舗照合済	2021年百名店公式選出（定食 百名店 全国・公式掲載順 88/100）
HYK2021-2689	28008023	食べログ	定食 百名店	百名店	定食	2021	全国	みどり食堂	兵庫県	https://award.tabelog.com/hyakumeiten/teishoku/2021	46232	店舗照合済	2021年百名店公式選出（定食 百名店 全国・公式掲載順 89/100）
HYK2021-2690	13012554	食べログ	定食 百名店	百名店	定食	2021	全国	魚力	東京都	https://award.tabelog.com/hyakumeiten/teishoku/2021	46232	店舗照合済	2021年百名店公式選出（定食 百名店 全国・公式掲載順 90/100）
HYK2021-2691	40006396	食べログ	定食 百名店	百名店	定食	2021	全国	ボンバーキッチン 薬院本店	福岡県	https://award.tabelog.com/hyakumeiten/teishoku/2021	46232	店舗照合済	2021年百名店公式選出（定食 百名店 全国・公式掲載順 91/100）
HYK2021-2692	13114697	食べログ	定食 百名店	百名店	定食	2021	全国	洋庖丁 池袋店	東京都	https://award.tabelog.com/hyakumeiten/teishoku/2021	46232	店舗照合済	2021年百名店公式選出（定食 百名店 全国・公式掲載順 92/100）
HYK2021-2693	13029086	食べログ	定食 百名店	百名店	定食	2021	全国	池のや	東京都	https://award.tabelog.com/hyakumeiten/teishoku/2021	46232	店舗照合済	2021年百名店公式選出（定食 百名店 全国・公式掲載順 93/100）
HYK2021-2694	24001729	食べログ	定食 百名店	百名店	定食	2021	全国	ヒモノ食堂 四日市食堂	三重県	https://award.tabelog.com/hyakumeiten/teishoku/2021	46232	店舗照合済	2021年百名店公式選出（定食 百名店 全国・公式掲載順 94/100）
HYK2021-2695	13237611	食べログ	定食 百名店	百名店	定食	2021	全国	かつお食堂	東京都	https://award.tabelog.com/hyakumeiten/teishoku/2021	46232	店舗照合済	2021年百名店公式選出（定食 百名店 全国・公式掲載順 95/100）
HYK2021-2696	13010480	食べログ	定食 百名店	百名店	定食	2021	全国	菱田屋	東京都	https://award.tabelog.com/hyakumeiten/teishoku/2021	46232	店舗照合済	2021年百名店公式選出（定食 百名店 全国・公式掲載順 96/100）
HYK2021-2697	13026447	食べログ	定食 百名店	百名店	定食	2021	全国	里の宿	東京都	https://award.tabelog.com/hyakumeiten/teishoku/2021	46232	店舗照合済	2021年百名店公式選出（定食 百名店 全国・公式掲載順 97/100）
HYK2021-2698	24001360	食べログ	定食 百名店	百名店	定食	2021	全国	はまぐり食道	三重県	https://award.tabelog.com/hyakumeiten/teishoku/2021	46232	店舗照合済	2021年百名店公式選出（定食 百名店 全国・公式掲載順 98/100）
HYK2021-2699	13227143	食べログ	定食 百名店	百名店	定食	2021	全国	とんかつ八千代	東京都	https://award.tabelog.com/hyakumeiten/teishoku/2021	46232	店舗照合済	2021年百名店公式選出（定食 百名店 全国・公式掲載順 99/100）
HYK2021-2700	47000203	食べログ	定食 百名店	百名店	定食	2021	全国	紀乃川	沖縄県	https://award.tabelog.com/hyakumeiten/teishoku/2021	46232	店舗照合済	2021年百名店公式選出（定食 百名店 全国・公式掲載順 100/100）
HYK2021-2701	12038382	食べログ	とんかつ 百名店	百名店	とんかつ	2021	全国	とんかつ瓢	千葉県	https://award.tabelog.com/hyakumeiten/tonkatsu/2021	46232	店舗照合済	2021年百名店公式選出（とんかつ 百名店 全国・公式掲載順 1/100）
HYK2021-2702	13156833	食べログ	とんかつ 百名店	百名店	とんかつ	2021	全国	とんかつ まさむね	東京都	https://award.tabelog.com/hyakumeiten/tonkatsu/2021	46232	店舗照合済	2021年百名店公式選出（とんかつ 百名店 全国・公式掲載順 2/100）
HYK2021-2703	23000292	食べログ	とんかつ 百名店	百名店	とんかつ	2021	全国	味処 叶	愛知県	https://award.tabelog.com/hyakumeiten/tonkatsu/2021	46232	店舗照合済	2021年百名店公式選出（とんかつ 百名店 全国・公式掲載順 3/100）
HYK2021-2704	13003984	食べログ	とんかつ 百名店	百名店	とんかつ	2021	全国	とん太	東京都	https://award.tabelog.com/hyakumeiten/tonkatsu/2021	46232	店舗照合済	2021年百名店公式選出（とんかつ 百名店 全国・公式掲載順 4/100）
HYK2021-2705	13024248	食べログ	とんかつ 百名店	百名店	とんかつ	2021	全国	とんかつ武信 代々木上原店	東京都	https://award.tabelog.com/hyakumeiten/tonkatsu/2021	46232	店舗照合済	2021年百名店公式選出（とんかつ 百名店 全国・公式掲載順 5/100）
HYK2021-2706	13019126	食べログ	とんかつ 百名店	百名店	とんかつ	2021	全国	はせ川	東京都	https://award.tabelog.com/hyakumeiten/tonkatsu/2021	46232	店舗照合済	2021年百名店公式選出（とんかつ 百名店 全国・公式掲載順 6/100）
HYK2021-2707	7000028	食べログ	とんかつ 百名店	百名店	とんかつ	2021	全国	仁亭	福島県	https://award.tabelog.com/hyakumeiten/tonkatsu/2021	46232	店舗照合済	2021年百名店公式選出（とんかつ 百名店 全国・公式掲載順 7/100）
HYK2021-2708	23037296	食べログ	とんかつ 百名店	百名店	とんかつ	2021	全国	矢田かつ	愛知県	https://award.tabelog.com/hyakumeiten/tonkatsu/2021	46232	店舗照合済	2021年百名店公式選出（とんかつ 百名店 全国・公式掲載順 8/100）
HYK2021-2709	13190933	食べログ	とんかつ 百名店	百名店	とんかつ	2021	全国	とんかつ檍 大門店	東京都	https://award.tabelog.com/hyakumeiten/tonkatsu/2021	46232	店舗照合済	2021年百名店公式選出（とんかつ 百名店 全国・公式掲載順 9/100）
HYK2021-2710	13159038	食べログ	とんかつ 百名店	百名店	とんかつ	2021	全国	イマカツ 銀座店	東京都	https://award.tabelog.com/hyakumeiten/tonkatsu/2021	46232	店舗照合済	2021年百名店公式選出（とんかつ 百名店 全国・公式掲載順 10/100）
HYK2021-2711	20005756	食べログ	とんかつ 百名店	百名店	とんかつ	2021	全国	とんかつ 力亭	長野県	https://award.tabelog.com/hyakumeiten/tonkatsu/2021	46232	店舗照合済	2021年百名店公式選出（とんかつ 百名店 全国・公式掲載順 11/100）
HYK2021-2712	4000211	食べログ	とんかつ 百名店	百名店	とんかつ	2021	全国	とんかつ かつせい	宮城県	https://award.tabelog.com/hyakumeiten/tonkatsu/2021	46232	店舗照合済	2021年百名店公式選出（とんかつ 百名店 全国・公式掲載順 12/100）
HYK2021-2713	13241723	食べログ	とんかつ 百名店	百名店	とんかつ	2021	全国	とんかつ けい太	東京都	https://award.tabelog.com/hyakumeiten/tonkatsu/2021	46232	店舗照合済	2021年百名店公式選出（とんかつ 百名店 全国・公式掲載順 13/100）
HYK2021-2714	27004283	食べログ	とんかつ 百名店	百名店	とんかつ	2021	全国	とんかつ ますいや	大阪府	https://award.tabelog.com/hyakumeiten/tonkatsu/2021	46232	店舗照合済	2021年百名店公式選出（とんかつ 百名店 全国・公式掲載順 14/100）
HYK2021-2715	13204289	食べログ	とんかつ 百名店	百名店	とんかつ	2021	全国	とんかつひなた	東京都	https://award.tabelog.com/hyakumeiten/tonkatsu/2021	46232	店舗照合済	2021年百名店公式選出（とんかつ 百名店 全国・公式掲載順 15/100）
HYK2021-2716	14004558	食べログ	とんかつ 百名店	百名店	とんかつ	2021	全国	丸和	神奈川県	https://award.tabelog.com/hyakumeiten/tonkatsu/2021	46232	店舗照合済	2021年百名店公式選出（とんかつ 百名店 全国・公式掲載順 16/100）
HYK2021-2717	13225476	食べログ	とんかつ 百名店	百名店	とんかつ	2021	全国	銀座かつかみ	東京都	https://award.tabelog.com/hyakumeiten/tonkatsu/2021	46232	店舗照合済	2021年百名店公式選出（とんかつ 百名店 全国・公式掲載順 17/100）
HYK2021-2718	13016062	食べログ	とんかつ 百名店	百名店	とんかつ	2021	全国	とんかつ桂	東京都	https://award.tabelog.com/hyakumeiten/tonkatsu/2021	46232	店舗照合済	2021年百名店公式選出（とんかつ 百名店 全国・公式掲載順 18/100）
HYK2021-2719	27002290	食べログ	とんかつ 百名店	百名店	とんかつ	2021	全国	涿屋	大阪府	https://award.tabelog.com/hyakumeiten/tonkatsu/2021	46232	店舗照合済	2021年百名店公式選出（とんかつ 百名店 全国・公式掲載順 19/100）
HYK2021-2720	13042246	食べログ	とんかつ 百名店	百名店	とんかつ	2021	全国	とんかつ やまいち	東京都	https://award.tabelog.com/hyakumeiten/tonkatsu/2021	46232	店舗照合済	2021年百名店公式選出（とんかつ 百名店 全国・公式掲載順 20/100）
HYK2021-2721	13204633	食べログ	とんかつ 百名店	百名店	とんかつ	2021	全国	かつ好	東京都	https://award.tabelog.com/hyakumeiten/tonkatsu/2021	46232	店舗照合済	2021年百名店公式選出（とんかつ 百名店 全国・公式掲載順 21/100）
HYK2021-2722	13119166	食べログ	とんかつ 百名店	百名店	とんかつ	2021	全国	まるやま食堂	東京都	https://award.tabelog.com/hyakumeiten/tonkatsu/2021	46232	店舗照合済	2021年百名店公式選出（とんかつ 百名店 全国・公式掲載順 22/100）
HYK2021-2723	15000010	食べログ	とんかつ 百名店	百名店	とんかつ	2021	全国	とんかつ太郎	新潟県	https://award.tabelog.com/hyakumeiten/tonkatsu/2021	46232	店舗照合済	2021年百名店公式選出（とんかつ 百名店 全国・公式掲載順 23/100）
HYK2021-2724	13162760	食べログ	とんかつ 百名店	百名店	とんかつ	2021	全国	とんかつ山家 上野店	東京都	https://award.tabelog.com/hyakumeiten/tonkatsu/2021	46232	店舗照合済	2021年百名店公式選出（とんかつ 百名店 全国・公式掲載順 24/100）
HYK2021-2725	13000379	食べログ	とんかつ 百名店	百名店	とんかつ	2021	全国	丸五	東京都	https://award.tabelog.com/hyakumeiten/tonkatsu/2021	46232	店舗照合済	2021年百名店公式選出（とんかつ 百名店 全国・公式掲載順 25/100）
HYK2021-2726	13002627	食べログ	とんかつ 百名店	百名店	とんかつ	2021	全国	とん喜	東京都	https://award.tabelog.com/hyakumeiten/tonkatsu/2021	46232	店舗照合済	2021年百名店公式選出（とんかつ 百名店 全国・公式掲載順 26/100）
HYK2021-2727	13013454	食べログ	とんかつ 百名店	百名店	とんかつ	2021	全国	とんかつ 末吉	東京都	https://award.tabelog.com/hyakumeiten/tonkatsu/2021	46232	店舗照合済	2021年百名店公式選出（とんかつ 百名店 全国・公式掲載順 27/100）
HYK2021-2728	13234679	食べログ	とんかつ 百名店	百名店	とんかつ	2021	全国	車力門 ちゃわんぶ	東京都	https://award.tabelog.com/hyakumeiten/tonkatsu/2021	46232	店舗照合済	2021年百名店公式選出（とんかつ 百名店 全国・公式掲載順 28/100）
HYK2021-2729	13003593	食べログ	とんかつ 百名店	百名店	とんかつ	2021	全国	とん八亭	東京都	https://award.tabelog.com/hyakumeiten/tonkatsu/2021	46232	店舗照合済	2021年百名店公式選出（とんかつ 百名店 全国・公式掲載順 29/100）
HYK2021-2730	13006321	食べログ	とんかつ 百名店	百名店	とんかつ	2021	全国	かつ平	東京都	https://award.tabelog.com/hyakumeiten/tonkatsu/2021	46232	店舗照合済	2021年百名店公式選出（とんかつ 百名店 全国・公式掲載順 30/100）
HYK2021-2731	13038494	食べログ	とんかつ 百名店	百名店	とんかつ	2021	全国	かつ吉 新丸ビル店	東京都	https://award.tabelog.com/hyakumeiten/tonkatsu/2021	46232	店舗照合済	2021年百名店公式選出（とんかつ 百名店 全国・公式掲載順 31/100）
HYK2021-2732	13000116	食べログ	とんかつ 百名店	百名店	とんかつ	2021	全国	とん久	東京都	https://award.tabelog.com/hyakumeiten/tonkatsu/2021	46232	店舗照合済	2021年百名店公式選出（とんかつ 百名店 全国・公式掲載順 32/100）
HYK2021-2733	24001400	食べログ	とんかつ 百名店	百名店	とんかつ	2021	全国	とんかつ野崎	三重県	https://award.tabelog.com/hyakumeiten/tonkatsu/2021	46232	店舗照合済	2021年百名店公式選出（とんかつ 百名店 全国・公式掲載順 33/100）
HYK2021-2734	13001134	食べログ	とんかつ 百名店	百名店	とんかつ	2021	全国	坂本屋	東京都	https://award.tabelog.com/hyakumeiten/tonkatsu/2021	46232	店舗照合済	2021年百名店公式選出（とんかつ 百名店 全国・公式掲載順 34/100）
HYK2021-2735	27072441	食べログ	とんかつ 百名店	百名店	とんかつ	2021	全国	epais	大阪府	https://award.tabelog.com/hyakumeiten/tonkatsu/2021	46232	店舗照合済	2021年百名店公式選出（とんかつ 百名店 全国・公式掲載順 35/100）
HYK2021-2736	13021829	食べログ	とんかつ 百名店	百名店	とんかつ	2021	全国	とんかつ かつ壱	東京都	https://award.tabelog.com/hyakumeiten/tonkatsu/2021	46232	店舗照合済	2021年百名店公式選出（とんかつ 百名店 全国・公式掲載順 36/100）
HYK2021-2737	23001178	食べログ	とんかつ 百名店	百名店	とんかつ	2021	全国	百年亭	愛知県	https://award.tabelog.com/hyakumeiten/tonkatsu/2021	46232	店舗照合済	2021年百名店公式選出（とんかつ 百名店 全国・公式掲載順 37/100）
HYK2021-2738	33000185	食べログ	とんかつ 百名店	百名店	とんかつ	2021	全国	かっぱ	岡山県	https://award.tabelog.com/hyakumeiten/tonkatsu/2021	46232	店舗照合済	2021年百名店公式選出（とんかつ 百名店 全国・公式掲載順 38/100）
HYK2021-2739	13025298	食べログ	とんかつ 百名店	百名店	とんかつ	2021	全国	にし邑	東京都	https://award.tabelog.com/hyakumeiten/tonkatsu/2021	46232	店舗照合済	2021年百名店公式選出（とんかつ 百名店 全国・公式掲載順 39/100）
HYK2021-2740	13040666	食べログ	とんかつ 百名店	百名店	とんかつ	2021	全国	新潟カツ丼 タレカツ 本店	東京都	https://award.tabelog.com/hyakumeiten/tonkatsu/2021	46232	店舗照合済	2021年百名店公式選出（とんかつ 百名店 全国・公式掲載順 40/100）
HYK2021-2741	23043621	食べログ	とんかつ 百名店	百名店	とんかつ	2021	全国	美はる	愛知県	https://award.tabelog.com/hyakumeiten/tonkatsu/2021	46232	店舗照合済	2021年百名店公式選出（とんかつ 百名店 全国・公式掲載順 41/100）
HYK2021-2742	13002040	食べログ	とんかつ 百名店	百名店	とんかつ	2021	全国	とんかつ とんき 目黒本店	東京都	https://award.tabelog.com/hyakumeiten/tonkatsu/2021	46232	店舗照合済	2021年百名店公式選出（とんかつ 百名店 全国・公式掲載順 42/100）
HYK2021-2743	20000038	食べログ	とんかつ 百名店	百名店	とんかつ	2021	全国	明治亭 駒ヶ根本店	長野県	https://award.tabelog.com/hyakumeiten/tonkatsu/2021	46232	店舗照合済	2021年百名店公式選出（とんかつ 百名店 全国・公式掲載順 43/100）
HYK2021-2744	13114843	食べログ	とんかつ 百名店	百名店	とんかつ	2021	全国	とんかつ檍 蒲田店	東京都	https://award.tabelog.com/hyakumeiten/tonkatsu/2021	46232	店舗照合済	2021年百名店公式選出（とんかつ 百名店 全国・公式掲載順 44/100）
HYK2021-2745	13001729	食べログ	とんかつ 百名店	百名店	とんかつ	2021	全国	ぽん太	東京都	https://award.tabelog.com/hyakumeiten/tonkatsu/2021	46232	店舗照合済	2021年百名店公式選出（とんかつ 百名店 全国・公式掲載順 45/100）
HYK2021-2746	13127752	食べログ	とんかつ 百名店	百名店	とんかつ	2021	全国	とんかつ いちかつ	東京都	https://award.tabelog.com/hyakumeiten/tonkatsu/2021	46232	店舗照合済	2021年百名店公式選出（とんかつ 百名店 全国・公式掲載順 46/100）
HYK2021-2747	13034183	食べログ	とんかつ 百名店	百名店	とんかつ	2021	全国	とんかつ燕楽	東京都	https://award.tabelog.com/hyakumeiten/tonkatsu/2021	46232	店舗照合済	2021年百名店公式選出（とんかつ 百名店 全国・公式掲載順 47/100）
HYK2021-2748	13107796	食べログ	とんかつ 百名店	百名店	とんかつ	2021	全国	あげづき	東京都	https://award.tabelog.com/hyakumeiten/tonkatsu/2021	46232	店舗照合済	2021年百名店公式選出（とんかつ 百名店 全国・公式掲載順 48/100）
HYK2021-2749	13007635	食べログ	とんかつ 百名店	百名店	とんかつ	2021	全国	かつ平	東京都	https://award.tabelog.com/hyakumeiten/tonkatsu/2021	46232	店舗照合済	2021年百名店公式選出（とんかつ 百名店 全国・公式掲載順 49/100）
HYK2021-2750	13003669	食べログ	とんかつ 百名店	百名店	とんかつ	2021	全国	とんかつ ゆたか	東京都	https://award.tabelog.com/hyakumeiten/tonkatsu/2021	46232	店舗照合済	2021年百名店公式選出（とんかつ 百名店 全国・公式掲載順 50/100）
HYK2021-2751	13141456	食べログ	とんかつ 百名店	百名店	とんかつ	2021	全国	ポンチ軒	東京都	https://award.tabelog.com/hyakumeiten/tonkatsu/2021	46232	店舗照合済	2021年百名店公式選出（とんかつ 百名店 全国・公式掲載順 51/100）
HYK2021-2752	13033663	食べログ	とんかつ 百名店	百名店	とんかつ	2021	全国	とんかつ 明石	東京都	https://award.tabelog.com/hyakumeiten/tonkatsu/2021	46232	店舗照合済	2021年百名店公式選出（とんかつ 百名店 全国・公式掲載順 52/100）
HYK2021-2753	13219635	食べログ	とんかつ 百名店	百名店	とんかつ	2021	全国	とんかつ檍 銀座店	東京都	https://award.tabelog.com/hyakumeiten/tonkatsu/2021	46232	店舗照合済	2021年百名店公式選出（とんかつ 百名店 全国・公式掲載順 53/100）
HYK2021-2754	12000061	食べログ	とんかつ 百名店	百名店	とんかつ	2021	全国	塩梅	千葉県	https://award.tabelog.com/hyakumeiten/tonkatsu/2021	46232	店舗照合済	2021年百名店公式選出（とんかつ 百名店 全国・公式掲載順 54/100）
HYK2021-2755	27013624	食べログ	とんかつ 百名店	百名店	とんかつ	2021	全国	とんかつ マンジェ	大阪府	https://award.tabelog.com/hyakumeiten/tonkatsu/2021	46232	店舗照合済	2021年百名店公式選出（とんかつ 百名店 全国・公式掲載順 55/100）
HYK2021-2756	13041484	食べログ	とんかつ 百名店	百名店	とんかつ	2021	全国	くり家	東京都	https://award.tabelog.com/hyakumeiten/tonkatsu/2021	46232	店舗照合済	2021年百名店公式選出（とんかつ 百名店 全国・公式掲載順 56/100）
HYK2021-2757	23000039	食べログ	とんかつ 百名店	百名店	とんかつ	2021	全国	すゞ家 赤門店	愛知県	https://award.tabelog.com/hyakumeiten/tonkatsu/2021	46232	店舗照合済	2021年百名店公式選出（とんかつ 百名店 全国・公式掲載順 57/100）
HYK2021-2758	13138428	食べログ	とんかつ 百名店	百名店	とんかつ	2021	全国	とんかつ山家 御徒町店	東京都	https://award.tabelog.com/hyakumeiten/tonkatsu/2021	46232	店舗照合済	2021年百名店公式選出（とんかつ 百名店 全国・公式掲載順 58/100）
HYK2021-2759	13000129	食べログ	とんかつ 百名店	百名店	とんかつ	2021	全国	あけぼの	東京都	https://award.tabelog.com/hyakumeiten/tonkatsu/2021	46232	店舗照合済	2021年百名店公式選出（とんかつ 百名店 全国・公式掲載順 59/100）
HYK2021-2760	13059862	食べログ	とんかつ 百名店	百名店	とんかつ	2021	全国	もち豚とんかつ たいよう	東京都	https://award.tabelog.com/hyakumeiten/tonkatsu/2021	46232	店舗照合済	2021年百名店公式選出（とんかつ 百名店 全国・公式掲載順 60/100）
HYK2021-2761	13003524	食べログ	とんかつ 百名店	百名店	とんかつ	2021	全国	かつ吉 水道橋店	東京都	https://award.tabelog.com/hyakumeiten/tonkatsu/2021	46232	店舗照合済	2021年百名店公式選出（とんかつ 百名店 全国・公式掲載順 61/100）
HYK2021-2762	13016898	食べログ	とんかつ 百名店	百名店	とんかつ	2021	全国	いもや	東京都	https://award.tabelog.com/hyakumeiten/tonkatsu/2021	46232	店舗照合済	2021年百名店公式選出（とんかつ 百名店 全国・公式掲載順 62/100）
HYK2021-2763	13237293	食べログ	とんかつ 百名店	百名店	とんかつ	2021	全国	吉平	東京都	https://award.tabelog.com/hyakumeiten/tonkatsu/2021	46232	店舗照合済	2021年百名店公式選出（とんかつ 百名店 全国・公式掲載順 63/100）
HYK2021-2764	13004791	食べログ	とんかつ 百名店	百名店	とんかつ	2021	全国	豚組	東京都	https://award.tabelog.com/hyakumeiten/tonkatsu/2021	46232	店舗照合済	2021年百名店公式選出（とんかつ 百名店 全国・公式掲載順 64/100）
HYK2021-2765	27043187	食べログ	とんかつ 百名店	百名店	とんかつ	2021	全国	とんかつ ひろ喜 徳庵本店	大阪府	https://award.tabelog.com/hyakumeiten/tonkatsu/2021	46232	店舗照合済	2021年百名店公式選出（とんかつ 百名店 全国・公式掲載順 65/100）
HYK2021-2766	23004729	食べログ	とんかつ 百名店	百名店	とんかつ	2021	全国	焼とんかつ たいら	愛知県	https://award.tabelog.com/hyakumeiten/tonkatsu/2021	46232	店舗照合済	2021年百名店公式選出（とんかつ 百名店 全国・公式掲載順 66/100）
HYK2021-2767	13236380	食べログ	とんかつ 百名店	百名店	とんかつ	2021	全国	とんかつ成蔵	東京都	https://award.tabelog.com/hyakumeiten/tonkatsu/2021	46232	店舗照合済	2021年百名店公式選出（とんかつ 百名店 全国・公式掲載順 67/100）
HYK2021-2768	13002004	食べログ	とんかつ 百名店	百名店	とんかつ	2021	全国	とんかつ 椿	東京都	https://award.tabelog.com/hyakumeiten/tonkatsu/2021	46232	店舗照合済	2021年百名店公式選出（とんかつ 百名店 全国・公式掲載順 68/100）
HYK2021-2769	13218267	食べログ	とんかつ 百名店	百名店	とんかつ	2021	全国	とんかつ目黒こがね	東京都	https://award.tabelog.com/hyakumeiten/tonkatsu/2021	46232	店舗照合済	2021年百名店公式選出（とんかつ 百名店 全国・公式掲載順 69/100）
HYK2021-2770	13003587	食べログ	とんかつ 百名店	百名店	とんかつ	2021	全国	ぽん多本家	東京都	https://award.tabelog.com/hyakumeiten/tonkatsu/2021	46232	店舗照合済	2021年百名店公式選出（とんかつ 百名店 全国・公式掲載順 70/100）
HYK2021-2771	46000246	食べログ	とんかつ 百名店	百名店	とんかつ	2021	全国	とんかつ川久	鹿児島県	https://award.tabelog.com/hyakumeiten/tonkatsu/2021	46232	店舗照合済	2021年百名店公式選出（とんかつ 百名店 全国・公式掲載順 71/100）
HYK2021-2772	26006075	食べログ	とんかつ 百名店	百名店	とんかつ	2021	全国	とんかつ山本	京都府	https://award.tabelog.com/hyakumeiten/tonkatsu/2021	46232	店舗照合済	2021年百名店公式選出（とんかつ 百名店 全国・公式掲載順 72/100）
HYK2021-2773	13027073	食べログ	とんかつ 百名店	百名店	とんかつ	2021	全国	鈴新	東京都	https://award.tabelog.com/hyakumeiten/tonkatsu/2021	46232	店舗照合済	2021年百名店公式選出（とんかつ 百名店 全国・公式掲載順 73/100）
HYK2021-2774	22000181	食べログ	とんかつ 百名店	百名店	とんかつ	2021	全国	幸楽	静岡県	https://award.tabelog.com/hyakumeiten/tonkatsu/2021	46232	店舗照合済	2021年百名店公式選出（とんかつ 百名店 全国・公式掲載順 74/100）
HYK2021-2775	13012436	食べログ	とんかつ 百名店	百名店	とんかつ	2021	全国	とんかつ おさむ	東京都	https://award.tabelog.com/hyakumeiten/tonkatsu/2021	46232	店舗照合済	2021年百名店公式選出（とんかつ 百名店 全国・公式掲載順 75/100）
HYK2021-2776	23006270	食べログ	とんかつ 百名店	百名店	とんかつ	2021	全国	とんかつ食房 厚○	愛知県	https://award.tabelog.com/hyakumeiten/tonkatsu/2021	46232	店舗照合済	2021年百名店公式選出（とんかつ 百名店 全国・公式掲載順 76/100）
HYK2021-2777	13170377	食べログ	とんかつ 百名店	百名店	とんかつ	2021	全国	のもと家	東京都	https://award.tabelog.com/hyakumeiten/tonkatsu/2021	46232	店舗照合済	2021年百名店公式選出（とんかつ 百名店 全国・公式掲載順 77/100）
HYK2021-2778	23003992	食べログ	とんかつ 百名店	百名店	とんかつ	2021	全国	とんかつあさくら	愛知県	https://award.tabelog.com/hyakumeiten/tonkatsu/2021	46232	店舗照合済	2021年百名店公式選出（とんかつ 百名店 全国・公式掲載順 78/100）
HYK2021-2779	13003332	食べログ	とんかつ 百名店	百名店	とんかつ	2021	全国	丸一	東京都	https://award.tabelog.com/hyakumeiten/tonkatsu/2021	46232	店舗照合済	2021年百名店公式選出（とんかつ 百名店 全国・公式掲載順 79/100）
HYK2021-2780	14004365	食べログ	とんかつ 百名店	百名店	とんかつ	2021	全国	馬酔木	神奈川県	https://award.tabelog.com/hyakumeiten/tonkatsu/2021	46232	店舗照合済	2021年百名店公式選出（とんかつ 百名店 全国・公式掲載順 80/100）
HYK2021-2781	13161530	食べログ	とんかつ 百名店	百名店	とんかつ	2021	全国	瑞兆	東京都	https://award.tabelog.com/hyakumeiten/tonkatsu/2021	46232	店舗照合済	2021年百名店公式選出（とんかつ 百名店 全国・公式掲載順 81/100）
HYK2021-2782	13003619	食べログ	とんかつ 百名店	百名店	とんかつ	2021	全国	井泉 本店	東京都	https://award.tabelog.com/hyakumeiten/tonkatsu/2021	46232	店舗照合済	2021年百名店公式選出（とんかつ 百名店 全国・公式掲載順 82/100）
HYK2021-2783	13096723	食べログ	とんかつ 百名店	百名店	とんかつ	2021	全国	イマカツ 六本木本店	東京都	https://award.tabelog.com/hyakumeiten/tonkatsu/2021	46232	店舗照合済	2021年百名店公式選出（とんかつ 百名店 全国・公式掲載順 83/100）
HYK2021-2784	13050184	食べログ	とんかつ 百名店	百名店	とんかつ	2021	全国	とんかつまるや 新橋烏森口店	東京都	https://award.tabelog.com/hyakumeiten/tonkatsu/2021	46232	店舗照合済	2021年百名店公式選出（とんかつ 百名店 全国・公式掲載順 84/100）
HYK2021-2785	19000291	食べログ	とんかつ 百名店	百名店	とんかつ	2021	全国	キッチン美味小家	山梨県	https://award.tabelog.com/hyakumeiten/tonkatsu/2021	46232	店舗照合済	2021年百名店公式選出（とんかつ 百名店 全国・公式掲載順 85/100）
HYK2021-2786	13019814	食べログ	とんかつ 百名店	百名店	とんかつ	2021	全国	とんかつまるや 新橋駅前本店	東京都	https://award.tabelog.com/hyakumeiten/tonkatsu/2021	46232	店舗照合済	2021年百名店公式選出（とんかつ 百名店 全国・公式掲載順 86/100）
HYK2021-2787	13115965	食べログ	とんかつ 百名店	百名店	とんかつ	2021	全国	あんず  銀座店	東京都	https://award.tabelog.com/hyakumeiten/tonkatsu/2021	46232	店舗照合済	2021年百名店公式選出（とんかつ 百名店 全国・公式掲載順 87/100）
HYK2021-2788	5008061	食べログ	とんかつ 百名店	百名店	とんかつ	2021	全国	かつ丼多勝	秋田県	https://award.tabelog.com/hyakumeiten/tonkatsu/2021	46232	店舗照合済	2021年百名店公式選出（とんかつ 百名店 全国・公式掲載順 88/100）
HYK2021-2789	43000307	食べログ	とんかつ 百名店	百名店	とんかつ	2021	全国	勝烈亭 新市街本店	熊本県	https://award.tabelog.com/hyakumeiten/tonkatsu/2021	46232	店舗照合済	2021年百名店公式選出（とんかつ 百名店 全国・公式掲載順 89/100）
HYK2021-2790	13178524	食べログ	とんかつ 百名店	百名店	とんかつ	2021	全国	とんかつ 鉄	東京都	https://award.tabelog.com/hyakumeiten/tonkatsu/2021	46232	店舗照合済	2021年百名店公式選出（とんかつ 百名店 全国・公式掲載順 90/100）
HYK2021-2791	13017765	食べログ	とんかつ 百名店	百名店	とんかつ	2021	全国	丸一	東京都	https://award.tabelog.com/hyakumeiten/tonkatsu/2021	46232	店舗照合済	2021年百名店公式選出（とんかつ 百名店 全国・公式掲載順 91/100）
HYK2021-2792	13007463	食べログ	とんかつ 百名店	百名店	とんかつ	2021	全国	とんかつ大宝	東京都	https://award.tabelog.com/hyakumeiten/tonkatsu/2021	46232	店舗照合済	2021年百名店公式選出（とんかつ 百名店 全国・公式掲載順 92/100）
HYK2021-2793	13007363	食べログ	とんかつ 百名店	百名店	とんかつ	2021	全国	丸八とんかつ店 本店	東京都	https://award.tabelog.com/hyakumeiten/tonkatsu/2021	46232	店舗照合済	2021年百名店公式選出（とんかつ 百名店 全国・公式掲載順 93/100）
HYK2021-2794	13003707	食べログ	とんかつ 百名店	百名店	とんかつ	2021	全国	すぎ田	東京都	https://award.tabelog.com/hyakumeiten/tonkatsu/2021	46232	店舗照合済	2021年百名店公式選出（とんかつ 百名店 全国・公式掲載順 94/100）
HYK2021-2795	13000860	食べログ	とんかつ 百名店	百名店	とんかつ	2021	全国	王ろじ	東京都	https://award.tabelog.com/hyakumeiten/tonkatsu/2021	46232	店舗照合済	2021年百名店公式選出（とんかつ 百名店 全国・公式掲載順 95/100）
HYK2021-2796	13154272	食べログ	とんかつ 百名店	百名店	とんかつ	2021	全国	あげ福	東京都	https://award.tabelog.com/hyakumeiten/tonkatsu/2021	46232	店舗照合済	2021年百名店公式選出（とんかつ 百名店 全国・公式掲載順 96/100）
HYK2021-2797	14004581	食べログ	とんかつ 百名店	百名店	とんかつ	2021	全国	とんＱ	神奈川県	https://award.tabelog.com/hyakumeiten/tonkatsu/2021	46232	店舗照合済	2021年百名店公式選出（とんかつ 百名店 全国・公式掲載順 97/100）
HYK2021-2798	27011174	食べログ	とんかつ 百名店	百名店	とんかつ	2021	全国	とん亭	大阪府	https://award.tabelog.com/hyakumeiten/tonkatsu/2021	46232	店舗照合済	2021年百名店公式選出（とんかつ 百名店 全国・公式掲載順 98/100）
HYK2021-2799	13004792	食べログ	とんかつ 百名店	百名店	とんかつ	2021	全国	かつ吉 渋谷店	東京都	https://award.tabelog.com/hyakumeiten/tonkatsu/2021	46232	店舗照合済	2021年百名店公式選出（とんかつ 百名店 全国・公式掲載順 99/100）
HYK2021-2800	20002666	食べログ	とんかつ 百名店	百名店	とんかつ	2021	全国	たけだ	長野県	https://award.tabelog.com/hyakumeiten/tonkatsu/2021	46232	店舗照合済	2021年百名店公式選出（とんかつ 百名店 全国・公式掲載順 100/100）
HYK2021-2801	23012280	食べログ	焼肉 百名店	百名店	焼肉	2021	EAST	昇家 三蔵	愛知県	https://award.tabelog.com/hyakumeiten/yakiniku_east/2021	46232	店舗照合済	2021年百名店公式選出（焼肉 百名店 EAST・公式掲載順 1/100）
HYK2021-2802	14011715	食べログ	焼肉 百名店	百名店	焼肉	2021	EAST	杏樹亭 岸根店	神奈川県	https://award.tabelog.com/hyakumeiten/yakiniku_east/2021	46232	店舗照合済	2021年百名店公式選出（焼肉 百名店 EAST・公式掲載順 2/100）
HYK2021-2803	23007039	食べログ	焼肉 百名店	百名店	焼肉	2021	EAST	昇家 正々堂	愛知県	https://award.tabelog.com/hyakumeiten/yakiniku_east/2021	46232	店舗照合済	2021年百名店公式選出（焼肉 百名店 EAST・公式掲載順 3/100）
HYK2021-2804	23062109	食べログ	焼肉 百名店	百名店	焼肉	2021	EAST	焼肉&手打ち冷麺 二郎 柳橋店	愛知県	https://award.tabelog.com/hyakumeiten/yakiniku_east/2021	46232	店舗照合済	2021年百名店公式選出（焼肉 百名店 EAST・公式掲載順 4/100）
HYK2021-2805	3000025	食べログ	焼肉 百名店	百名店	焼肉	2021	EAST	食道園	岩手県	https://award.tabelog.com/hyakumeiten/yakiniku_east/2021	46232	店舗照合済	2021年百名店公式選出（焼肉 百名店 EAST・公式掲載順 5/100）
HYK2021-2806	23046507	食べログ	焼肉 百名店	百名店	焼肉	2021	EAST	焼肉ホルモン せいご 本店	愛知県	https://award.tabelog.com/hyakumeiten/yakiniku_east/2021	46232	店舗照合済	2021年百名店公式選出（焼肉 百名店 EAST・公式掲載順 6/100）
HYK2021-2807	23064959	食べログ	焼肉 百名店	百名店	焼肉	2021	EAST	焼肉 拍手喝采	愛知県	https://award.tabelog.com/hyakumeiten/yakiniku_east/2021	46232	店舗照合済	2021年百名店公式選出（焼肉 百名店 EAST・公式掲載順 7/100）
HYK2021-2808	23000042	食べログ	焼肉 百名店	百名店	焼肉	2021	EAST	昇家 泉店	愛知県	https://award.tabelog.com/hyakumeiten/yakiniku_east/2021	46232	店舗照合済	2021年百名店公式選出（焼肉 百名店 EAST・公式掲載順 8/100）
HYK2021-2809	12026157	食べログ	焼肉 百名店	百名店	焼肉	2021	EAST	肉の匠 将泰庵  船橋本店	千葉県	https://award.tabelog.com/hyakumeiten/yakiniku_east/2021	46232	店舗照合済	2021年百名店公式選出（焼肉 百名店 EAST・公式掲載順 9/100）
HYK2021-2810	4008582	食べログ	焼肉 百名店	百名店	焼肉	2021	EAST	炭火焼 ぐら 塩釜本店	宮城県	https://award.tabelog.com/hyakumeiten/yakiniku_east/2021	46232	店舗照合済	2021年百名店公式選出（焼肉 百名店 EAST・公式掲載順 10/100）
HYK2021-2811	4003320	食べログ	焼肉 百名店	百名店	焼肉	2021	EAST	米沢牛焼肉 仔虎 仙台駅前店	宮城県	https://award.tabelog.com/hyakumeiten/yakiniku_east/2021	46232	店舗照合済	2021年百名店公式選出（焼肉 百名店 EAST・公式掲載順 11/100）
HYK2021-2812	14000856	食べログ	焼肉 百名店	百名店	焼肉	2021	EAST	つる屋	神奈川県	https://award.tabelog.com/hyakumeiten/yakiniku_east/2021	46232	店舗照合済	2021年百名店公式選出（焼肉 百名店 EAST・公式掲載順 12/100）
HYK2021-2813	23046007	食べログ	焼肉 百名店	百名店	焼肉	2021	EAST	焼肉 大河	愛知県	https://award.tabelog.com/hyakumeiten/yakiniku_east/2021	46232	店舗照合済	2021年百名店公式選出（焼肉 百名店 EAST・公式掲載順 13/100）
HYK2021-2814	23051072	食べログ	焼肉 百名店	百名店	焼肉	2021	EAST	松庵　韓菜房 栄大津通店	愛知県	https://award.tabelog.com/hyakumeiten/yakiniku_east/2021	46232	店舗照合済	2021年百名店公式選出（焼肉 百名店 EAST・公式掲載順 14/100）
HYK2021-2815	3000819	食べログ	焼肉 百名店	百名店	焼肉	2021	EAST	肉料理おがた 駅東店	岩手県	https://award.tabelog.com/hyakumeiten/yakiniku_east/2021	46232	店舗照合済	2021年百名店公式選出（焼肉 百名店 EAST・公式掲載順 15/100）
HYK2021-2816	23005731	食べログ	焼肉 百名店	百名店	焼肉	2021	EAST	とんちゃんや ふじ	愛知県	https://award.tabelog.com/hyakumeiten/yakiniku_east/2021	46232	店舗照合済	2021年百名店公式選出（焼肉 百名店 EAST・公式掲載順 16/100）
HYK2021-2817	23072213	食べログ	焼肉 百名店	百名店	焼肉	2021	EAST	和牛焼肉 ワンダフィレ	愛知県	https://award.tabelog.com/hyakumeiten/yakiniku_east/2021	46232	店舗照合済	2021年百名店公式選出（焼肉 百名店 EAST・公式掲載順 17/100）
HYK2021-2818	1019191	食べログ	焼肉 百名店	百名店	焼肉	2021	EAST	ホルモン・焼肉 キムチ	北海道	https://award.tabelog.com/hyakumeiten/yakiniku_east/2021	46232	店舗照合済	2021年百名店公式選出（焼肉 百名店 EAST・公式掲載順 18/100）
HYK2021-2819	14014011	食べログ	焼肉 百名店	百名店	焼肉	2021	EAST	しげ吉 横浜元町店	神奈川県	https://award.tabelog.com/hyakumeiten/yakiniku_east/2021	46232	店舗照合済	2021年百名店公式選出（焼肉 百名店 EAST・公式掲載順 19/100）
HYK2021-2820	3000013	食べログ	焼肉 百名店	百名店	焼肉	2021	EAST	肉の米内	岩手県	https://award.tabelog.com/hyakumeiten/yakiniku_east/2021	46232	店舗照合済	2021年百名店公式選出（焼肉 百名店 EAST・公式掲載順 20/100）
HYK2021-2821	3000006	食べログ	焼肉 百名店	百名店	焼肉	2021	EAST	龍園	岩手県	https://award.tabelog.com/hyakumeiten/yakiniku_east/2021	46232	店舗照合済	2021年百名店公式選出（焼肉 百名店 EAST・公式掲載順 21/100）
HYK2021-2822	1012297	食べログ	焼肉 百名店	百名店	焼肉	2021	EAST	コサリ	北海道	https://award.tabelog.com/hyakumeiten/yakiniku_east/2021	46232	店舗照合済	2021年百名店公式選出（焼肉 百名店 EAST・公式掲載順 22/100）
HYK2021-2823	14037400	食べログ	焼肉 百名店	百名店	焼肉	2021	EAST	焼肉×ホルモン 溝の口 ひゃくてん	神奈川県	https://award.tabelog.com/hyakumeiten/yakiniku_east/2021	46232	店舗照合済	2021年百名店公式選出（焼肉 百名店 EAST・公式掲載順 23/100）
HYK2021-2824	21000284	食べログ	焼肉 百名店	百名店	焼肉	2021	EAST	飛騨牛一頭家 馬喰一代 岐阜神田	岐阜県	https://award.tabelog.com/hyakumeiten/yakiniku_east/2021	46232	店舗照合済	2021年百名店公式選出（焼肉 百名店 EAST・公式掲載順 24/100）
HYK2021-2825	23005752	食べログ	焼肉 百名店	百名店	焼肉	2021	EAST	美奈登	愛知県	https://award.tabelog.com/hyakumeiten/yakiniku_east/2021	46232	店舗照合済	2021年百名店公式選出（焼肉 百名店 EAST・公式掲載順 25/100）
HYK2021-2826	19000066	食べログ	焼肉 百名店	百名店	焼肉	2021	EAST	但馬家幸之助 小淵沢店	山梨県	https://award.tabelog.com/hyakumeiten/yakiniku_east/2021	46232	店舗照合済	2021年百名店公式選出（焼肉 百名店 EAST・公式掲載順 26/100）
HYK2021-2827	14018525	食べログ	焼肉 百名店	百名店	焼肉	2021	EAST	つるや	神奈川県	https://award.tabelog.com/hyakumeiten/yakiniku_east/2021	46232	店舗照合済	2021年百名店公式選出（焼肉 百名店 EAST・公式掲載順 27/100）
HYK2021-2828	1006514	食べログ	焼肉 百名店	百名店	焼肉	2021	EAST	白老牛の店いわさき おもてなし亭	北海道	https://award.tabelog.com/hyakumeiten/yakiniku_east/2021	46232	店舗照合済	2021年百名店公式選出（焼肉 百名店 EAST・公式掲載順 28/100）
HYK2021-2829	23044961	食べログ	焼肉 百名店	百名店	焼肉	2021	EAST	ホルモンショウヤ	愛知県	https://award.tabelog.com/hyakumeiten/yakiniku_east/2021	46232	店舗照合済	2021年百名店公式選出（焼肉 百名店 EAST・公式掲載順 29/100）
HYK2021-2830	1028834	食べログ	焼肉 百名店	百名店	焼肉	2021	EAST	さんか亭	北海道	https://award.tabelog.com/hyakumeiten/yakiniku_east/2021	46232	店舗照合済	2021年百名店公式選出（焼肉 百名店 EAST・公式掲載順 30/100）
HYK2021-2831	23070620	食べログ	焼肉 百名店	百名店	焼肉	2021	EAST	肉亭 まぼたん	愛知県	https://award.tabelog.com/hyakumeiten/yakiniku_east/2021	46232	店舗照合済	2021年百名店公式選出（焼肉 百名店 EAST・公式掲載順 31/100）
HYK2021-2832	1005462	食べログ	焼肉 百名店	百名店	焼肉	2021	EAST	北海道焼肉 プライム	北海道	https://award.tabelog.com/hyakumeiten/yakiniku_east/2021	46232	店舗照合済	2021年百名店公式選出（焼肉 百名店 EAST・公式掲載順 32/100）
HYK2021-2833	23012328	食べログ	焼肉 百名店	百名店	焼肉	2021	EAST	まんぷく	愛知県	https://award.tabelog.com/hyakumeiten/yakiniku_east/2021	46232	店舗照合済	2021年百名店公式選出（焼肉 百名店 EAST・公式掲載順 33/100）
HYK2021-2834	14003476	食べログ	焼肉 百名店	百名店	焼肉	2021	EAST	食彩和牛 しげ吉 大和本店	神奈川県	https://award.tabelog.com/hyakumeiten/yakiniku_east/2021	46232	店舗照合済	2021年百名店公式選出（焼肉 百名店 EAST・公式掲載順 34/100）
HYK2021-2835	1029717	食べログ	焼肉 百名店	百名店	焼肉	2021	EAST	肉の割烹 田村 大通BISSE店	北海道	https://award.tabelog.com/hyakumeiten/yakiniku_east/2021	46232	店舗照合済	2021年百名店公式選出（焼肉 百名店 EAST・公式掲載順 35/100）
HYK2021-2836	21000671	食べログ	焼肉 百名店	百名店	焼肉	2021	EAST	やきにく藤太	岐阜県	https://award.tabelog.com/hyakumeiten/yakiniku_east/2021	46232	店舗照合済	2021年百名店公式選出（焼肉 百名店 EAST・公式掲載順 36/100）
HYK2021-2837	5000442	食べログ	焼肉 百名店	百名店	焼肉	2021	EAST	塩ホルモン 炭楽	秋田県	https://award.tabelog.com/hyakumeiten/yakiniku_east/2021	46232	店舗照合済	2021年百名店公式選出（焼肉 百名店 EAST・公式掲載順 37/100）
HYK2021-2838	1000928	食べログ	焼肉 百名店	百名店	焼肉	2021	EAST	焼肉と料理シルクロード	北海道	https://award.tabelog.com/hyakumeiten/yakiniku_east/2021	46232	店舗照合済	2021年百名店公式選出（焼肉 百名店 EAST・公式掲載順 38/100）
HYK2021-2839	12006170	食べログ	焼肉 百名店	百名店	焼肉	2021	EAST	今久 本店	千葉県	https://award.tabelog.com/hyakumeiten/yakiniku_east/2021	46232	店舗照合済	2021年百名店公式選出（焼肉 百名店 EAST・公式掲載順 39/100）
HYK2021-2840	23009532	食べログ	焼肉 百名店	百名店	焼肉	2021	EAST	飛騨牛焼肉・韓国料理 丸明 瑞穂店	愛知県	https://award.tabelog.com/hyakumeiten/yakiniku_east/2021	46232	店舗照合済	2021年百名店公式選出（焼肉 百名店 EAST・公式掲載順 40/100）
HYK2021-2841	23004583	食べログ	焼肉 百名店	百名店	焼肉	2021	EAST	炭火和牛焼肉 じろうや	愛知県	https://award.tabelog.com/hyakumeiten/yakiniku_east/2021	46232	店舗照合済	2021年百名店公式選出（焼肉 百名店 EAST・公式掲載順 41/100）
HYK2021-2842	1005323	食べログ	焼肉 百名店	百名店	焼肉	2021	EAST	肉の割烹 田村  菊水元町店	北海道	https://award.tabelog.com/hyakumeiten/yakiniku_east/2021	46232	店舗照合済	2021年百名店公式選出（焼肉 百名店 EAST・公式掲載順 42/100）
HYK2021-2843	14013921	食べログ	焼肉 百名店	百名店	焼肉	2021	EAST	焼肉 東京山	神奈川県	https://award.tabelog.com/hyakumeiten/yakiniku_east/2021	46232	店舗照合済	2021年百名店公式選出（焼肉 百名店 EAST・公式掲載順 43/100）
HYK2021-2844	3000011	食べログ	焼肉 百名店	百名店	焼肉	2021	EAST	髭	岩手県	https://award.tabelog.com/hyakumeiten/yakiniku_east/2021	46232	店舗照合済	2021年百名店公式選出（焼肉 百名店 EAST・公式掲載順 44/100）
HYK2021-2845	21000041	食べログ	焼肉 百名店	百名店	焼肉	2021	EAST	丸明 飛騨高山店	岐阜県	https://award.tabelog.com/hyakumeiten/yakiniku_east/2021	46232	店舗照合済	2021年百名店公式選出（焼肉 百名店 EAST・公式掲載順 45/100）
HYK2021-2846	23012457	食べログ	焼肉 百名店	百名店	焼肉	2021	EAST	龍園	愛知県	https://award.tabelog.com/hyakumeiten/yakiniku_east/2021	46232	店舗照合済	2021年百名店公式選出（焼肉 百名店 EAST・公式掲載順 46/100）
HYK2021-2847	23064227	食べログ	焼肉 百名店	百名店	焼肉	2021	EAST	にくがとう 名古屋店	愛知県	https://award.tabelog.com/hyakumeiten/yakiniku_east/2021	46232	店舗照合済	2021年百名店公式選出（焼肉 百名店 EAST・公式掲載順 47/100）
HYK2021-2848	1033027	食べログ	焼肉 百名店	百名店	焼肉	2021	EAST	綾屋	北海道	https://award.tabelog.com/hyakumeiten/yakiniku_east/2021	46232	店舗照合済	2021年百名店公式選出（焼肉 百名店 EAST・公式掲載順 48/100）
HYK2021-2849	4019691	食べログ	焼肉 百名店	百名店	焼肉	2021	EAST	炭火焼肉ぐら 仙台朝市駅前店	宮城県	https://award.tabelog.com/hyakumeiten/yakiniku_east/2021	46232	店舗照合済	2021年百名店公式選出（焼肉 百名店 EAST・公式掲載順 49/100）
HYK2021-2850	23008521	食べログ	焼肉 百名店	百名店	焼肉	2021	EAST	炭火焼肉 たけのうち 本店	愛知県	https://award.tabelog.com/hyakumeiten/yakiniku_east/2021	46232	店舗照合済	2021年百名店公式選出（焼肉 百名店 EAST・公式掲載順 50/100）
HYK2021-2851	14002802	食べログ	焼肉 百名店	百名店	焼肉	2021	EAST	関内苑 本店	神奈川県	https://award.tabelog.com/hyakumeiten/yakiniku_east/2021	46232	店舗照合済	2021年百名店公式選出（焼肉 百名店 EAST・公式掲載順 51/100）
HYK2021-2852	23002578	食べログ	焼肉 百名店	百名店	焼肉	2021	EAST	溶岩焼き 黒牛の里 本店	愛知県	https://award.tabelog.com/hyakumeiten/yakiniku_east/2021	46232	店舗照合済	2021年百名店公式選出（焼肉 百名店 EAST・公式掲載順 52/100）
HYK2021-2853	21009615	食べログ	焼肉 百名店	百名店	焼肉	2021	EAST	焼肉旬やさい ファンボギ	岐阜県	https://award.tabelog.com/hyakumeiten/yakiniku_east/2021	46232	店舗照合済	2021年百名店公式選出（焼肉 百名店 EAST・公式掲載順 53/100）
HYK2021-2854	14001578	食べログ	焼肉 百名店	百名店	焼肉	2021	EAST	北京	神奈川県	https://award.tabelog.com/hyakumeiten/yakiniku_east/2021	46232	店舗照合済	2021年百名店公式選出（焼肉 百名店 EAST・公式掲載順 54/100）
HYK2021-2855	23007886	食べログ	焼肉 百名店	百名店	焼肉	2021	EAST	李昇 本館	愛知県	https://award.tabelog.com/hyakumeiten/yakiniku_east/2021	46232	店舗照合済	2021年百名店公式選出（焼肉 百名店 EAST・公式掲載順 55/100）
HYK2021-2856	7000807	食べログ	焼肉 百名店	百名店	焼肉	2021	EAST	もうもう亭	福島県	https://award.tabelog.com/hyakumeiten/yakiniku_east/2021	46232	店舗照合済	2021年百名店公式選出（焼肉 百名店 EAST・公式掲載順 56/100）
HYK2021-2857	23067138	食べログ	焼肉 百名店	百名店	焼肉	2021	EAST	柳橋焼にく わにく	愛知県	https://award.tabelog.com/hyakumeiten/yakiniku_east/2021	46232	店舗照合済	2021年百名店公式選出（焼肉 百名店 EAST・公式掲載順 57/100）
HYK2021-2858	14000451	食べログ	焼肉 百名店	百名店	焼肉	2021	EAST	焼肉 大衆	神奈川県	https://award.tabelog.com/hyakumeiten/yakiniku_east/2021	46232	店舗照合済	2021年百名店公式選出（焼肉 百名店 EAST・公式掲載順 58/100）
HYK2021-2859	23012332	食べログ	焼肉 百名店	百名店	焼肉	2021	EAST	太陽園	愛知県	https://award.tabelog.com/hyakumeiten/yakiniku_east/2021	46232	店舗照合済	2021年百名店公式選出（焼肉 百名店 EAST・公式掲載順 59/100）
HYK2021-2860	1001340	食べログ	焼肉 百名店	百名店	焼肉	2021	EAST	馬場ホルモン	北海道	https://award.tabelog.com/hyakumeiten/yakiniku_east/2021	46232	店舗照合済	2021年百名店公式選出（焼肉 百名店 EAST・公式掲載順 60/100）
HYK2021-2861	3000020	食べログ	焼肉 百名店	百名店	焼肉	2021	EAST	盛楼閣	岩手県	https://award.tabelog.com/hyakumeiten/yakiniku_east/2021	46232	店舗照合済	2021年百名店公式選出（焼肉 百名店 EAST・公式掲載順 61/100）
HYK2021-2862	23000645	食べログ	焼肉 百名店	百名店	焼肉	2021	EAST	馬力屋	愛知県	https://award.tabelog.com/hyakumeiten/yakiniku_east/2021	46232	店舗照合済	2021年百名店公式選出（焼肉 百名店 EAST・公式掲載順 62/100）
HYK2021-2863	21000004	食べログ	焼肉 百名店	百名店	焼肉	2021	EAST	桔梗苑 本店	岐阜県	https://award.tabelog.com/hyakumeiten/yakiniku_east/2021	46232	店舗照合済	2021年百名店公式選出（焼肉 百名店 EAST・公式掲載順 63/100）
HYK2021-2864	3000337	食べログ	焼肉 百名店	百名店	焼肉	2021	EAST	焼肉・冷麺 三千里 雫石店	岩手県	https://award.tabelog.com/hyakumeiten/yakiniku_east/2021	46232	店舗照合済	2021年百名店公式選出（焼肉 百名店 EAST・公式掲載順 64/100）
HYK2021-2865	14033424	食べログ	焼肉 百名店	百名店	焼肉	2021	EAST	焼肉　はせ川	神奈川県	https://award.tabelog.com/hyakumeiten/yakiniku_east/2021	46232	店舗照合済	2021年百名店公式選出（焼肉 百名店 EAST・公式掲載順 65/100）
HYK2021-2866	23056573	食べログ	焼肉 百名店	百名店	焼肉	2021	EAST	和牛焼肉じろうや　介 wagyu&sake 名古屋駅前本店	愛知県	https://award.tabelog.com/hyakumeiten/yakiniku_east/2021	46232	店舗照合済	2021年百名店公式選出（焼肉 百名店 EAST・公式掲載順 66/100）
HYK2021-2867	23059055	食べログ	焼肉 百名店	百名店	焼肉	2021	EAST	ヒロ ナゴヤ	愛知県	https://award.tabelog.com/hyakumeiten/yakiniku_east/2021	46232	店舗照合済	2021年百名店公式選出（焼肉 百名店 EAST・公式掲載順 67/100）
HYK2021-2868	23009377	食べログ	焼肉 百名店	百名店	焼肉	2021	EAST	焼肉みずの	愛知県	https://award.tabelog.com/hyakumeiten/yakiniku_east/2021	46232	店舗照合済	2021年百名店公式選出（焼肉 百名店 EAST・公式掲載順 68/100）
HYK2021-2869	1000441	食べログ	焼肉 百名店	百名店	焼肉	2021	EAST	焼肉 たいはーら すすきの本店	北海道	https://award.tabelog.com/hyakumeiten/yakiniku_east/2021	46232	店舗照合済	2021年百名店公式選出（焼肉 百名店 EAST・公式掲載順 69/100）
HYK2021-2870	23064486	食べログ	焼肉 百名店	百名店	焼肉	2021	EAST	焼肉みつ星	愛知県	https://award.tabelog.com/hyakumeiten/yakiniku_east/2021	46232	店舗照合済	2021年百名店公式選出（焼肉 百名店 EAST・公式掲載順 70/100）
HYK2021-2871	14001884	食べログ	焼肉 百名店	百名店	焼肉	2021	EAST	炭焼喰人 本店	神奈川県	https://award.tabelog.com/hyakumeiten/yakiniku_east/2021	46232	店舗照合済	2021年百名店公式選出（焼肉 百名店 EAST・公式掲載順 71/100）
HYK2021-2872	4000133	食べログ	焼肉 百名店	百名店	焼肉	2021	EAST	仙台牛焼肉 花牛	宮城県	https://award.tabelog.com/hyakumeiten/yakiniku_east/2021	46232	店舗照合済	2021年百名店公式選出（焼肉 百名店 EAST・公式掲載順 72/100）
HYK2021-2873	14014394	食べログ	焼肉 百名店	百名店	焼肉	2021	EAST	大滝	神奈川県	https://award.tabelog.com/hyakumeiten/yakiniku_east/2021	46232	店舗照合済	2021年百名店公式選出（焼肉 百名店 EAST・公式掲載順 73/100）
HYK2021-2874	23007634	食べログ	焼肉 百名店	百名店	焼肉	2021	EAST	竹千代	愛知県	https://award.tabelog.com/hyakumeiten/yakiniku_east/2021	46232	店舗照合済	2021年百名店公式選出（焼肉 百名店 EAST・公式掲載順 74/100）
HYK2021-2875	22003671	食べログ	焼肉 百名店	百名店	焼肉	2021	EAST	はつかの	静岡県	https://award.tabelog.com/hyakumeiten/yakiniku_east/2021	46232	店舗照合済	2021年百名店公式選出（焼肉 百名店 EAST・公式掲載順 75/100）
HYK2021-2876	9011956	食べログ	焼肉 百名店	百名店	焼肉	2021	EAST	焼肉グレート 宇都宮駅前店	栃木県	https://award.tabelog.com/hyakumeiten/yakiniku_east/2021	46232	店舗照合済	2021年百名店公式選出（焼肉 百名店 EAST・公式掲載順 76/100）
HYK2021-2877	23052179	食べログ	焼肉 百名店	百名店	焼肉	2021	EAST	勢太	愛知県	https://award.tabelog.com/hyakumeiten/yakiniku_east/2021	46232	店舗照合済	2021年百名店公式選出（焼肉 百名店 EAST・公式掲載順 77/100）
HYK2021-2878	12032975	食べログ	焼肉 百名店	百名店	焼肉	2021	EAST	肉の匠 将泰庵 船橋駅前 はなれ店	千葉県	https://award.tabelog.com/hyakumeiten/yakiniku_east/2021	46232	店舗照合済	2021年百名店公式選出（焼肉 百名店 EAST・公式掲載順 78/100）
HYK2021-2879	21000286	食べログ	焼肉 百名店	百名店	焼肉	2021	EAST	味蔵天国	岐阜県	https://award.tabelog.com/hyakumeiten/yakiniku_east/2021	46232	店舗照合済	2021年百名店公式選出（焼肉 百名店 EAST・公式掲載順 79/100）
HYK2021-2880	5004381	食べログ	焼肉 百名店	百名店	焼肉	2021	EAST	ほるもん猿	秋田県	https://award.tabelog.com/hyakumeiten/yakiniku_east/2021	46232	店舗照合済	2021年百名店公式選出（焼肉 百名店 EAST・公式掲載順 80/100）
HYK2021-2881	1033828	食べログ	焼肉 百名店	百名店	焼肉	2021	EAST	焼肉園 花牛 清田本店	北海道	https://award.tabelog.com/hyakumeiten/yakiniku_east/2021	46232	店舗照合済	2021年百名店公式選出（焼肉 百名店 EAST・公式掲載順 81/100）
HYK2021-2882	14045993	食べログ	焼肉 百名店	百名店	焼肉	2021	EAST	野毛ホルモンセンター	神奈川県	https://award.tabelog.com/hyakumeiten/yakiniku_east/2021	46232	店舗照合済	2021年百名店公式選出（焼肉 百名店 EAST・公式掲載順 82/100）
HYK2021-2883	5004372	食べログ	焼肉 百名店	百名店	焼肉	2021	EAST	秋田牛玄亭 駅前本店	秋田県	https://award.tabelog.com/hyakumeiten/yakiniku_east/2021	46232	店舗照合済	2021年百名店公式選出（焼肉 百名店 EAST・公式掲載順 83/100）
HYK2021-2884	23012283	食べログ	焼肉 百名店	百名店	焼肉	2021	EAST	炭焼小屋	愛知県	https://award.tabelog.com/hyakumeiten/yakiniku_east/2021	46232	店舗照合済	2021年百名店公式選出（焼肉 百名店 EAST・公式掲載順 84/100）
HYK2021-2885	14031061	食べログ	焼肉 百名店	百名店	焼肉	2021	EAST	ビーフキッチン 横浜店	神奈川県	https://award.tabelog.com/hyakumeiten/yakiniku_east/2021	46232	店舗照合済	2021年百名店公式選出（焼肉 百名店 EAST・公式掲載順 85/100）
HYK2021-2886	23076335	食べログ	焼肉 百名店	百名店	焼肉	2021	EAST	焼肉 神宮	愛知県	https://award.tabelog.com/hyakumeiten/yakiniku_east/2021	46232	店舗照合済	2021年百名店公式選出（焼肉 百名店 EAST・公式掲載順 86/100）
HYK2021-2887	23003688	食べログ	焼肉 百名店	百名店	焼肉	2021	EAST	焼肉や 大善	愛知県	https://award.tabelog.com/hyakumeiten/yakiniku_east/2021	46232	店舗照合済	2021年百名店公式選出（焼肉 百名店 EAST・公式掲載順 87/100）
HYK2021-2888	23039771	食べログ	焼肉 百名店	百名店	焼肉	2021	EAST	仁 今池店	愛知県	https://award.tabelog.com/hyakumeiten/yakiniku_east/2021	46232	店舗照合済	2021年百名店公式選出（焼肉 百名店 EAST・公式掲載順 88/100）
HYK2021-2889	5009110	食べログ	焼肉 百名店	百名店	焼肉	2021	EAST	炭火焼肉 久	秋田県	https://award.tabelog.com/hyakumeiten/yakiniku_east/2021	46232	店舗照合済	2021年百名店公式選出（焼肉 百名店 EAST・公式掲載順 89/100）
HYK2021-2890	14057942	食べログ	焼肉 百名店	百名店	焼肉	2021	EAST	治郎丸 野毛店	神奈川県	https://award.tabelog.com/hyakumeiten/yakiniku_east/2021	46232	店舗照合済	2021年百名店公式選出（焼肉 百名店 EAST・公式掲載順 90/100）
HYK2021-2891	23012215	食べログ	焼肉 百名店	百名店	焼肉	2021	EAST	牛亭	愛知県	https://award.tabelog.com/hyakumeiten/yakiniku_east/2021	46232	店舗照合済	2021年百名店公式選出（焼肉 百名店 EAST・公式掲載順 91/100）
HYK2021-2892	10012132	食べログ	焼肉 百名店	百名店	焼肉	2021	EAST	焼肉 炭こう	群馬県	https://award.tabelog.com/hyakumeiten/yakiniku_east/2021	46232	店舗照合済	2021年百名店公式選出（焼肉 百名店 EAST・公式掲載順 92/100）
HYK2021-2893	1000023	食べログ	焼肉 百名店	百名店	焼肉	2021	EAST	トトリ 本店	北海道	https://award.tabelog.com/hyakumeiten/yakiniku_east/2021	46232	店舗照合済	2021年百名店公式選出（焼肉 百名店 EAST・公式掲載順 93/100）
HYK2021-2894	23000966	食べログ	焼肉 百名店	百名店	焼肉	2021	EAST	新羅館 名東本店	愛知県	https://award.tabelog.com/hyakumeiten/yakiniku_east/2021	46232	店舗照合済	2021年百名店公式選出（焼肉 百名店 EAST・公式掲載順 94/100）
HYK2021-2895	4000693	食べログ	焼肉 百名店	百名店	焼肉	2021	EAST	焼肉 三水苑 東口店	宮城県	https://award.tabelog.com/hyakumeiten/yakiniku_east/2021	46232	店舗照合済	2021年百名店公式選出（焼肉 百名店 EAST・公式掲載順 95/100）
HYK2021-2896	14001796	食べログ	焼肉 百名店	百名店	焼肉	2021	EAST	酔笑苑	神奈川県	https://award.tabelog.com/hyakumeiten/yakiniku_east/2021	46232	店舗照合済	2021年百名店公式選出（焼肉 百名店 EAST・公式掲載順 96/100）
HYK2021-2897	14061683	食べログ	焼肉 百名店	百名店	焼肉	2021	EAST	USHIHACHI 武蔵小杉店	神奈川県	https://award.tabelog.com/hyakumeiten/yakiniku_east/2021	46232	店舗照合済	2021年百名店公式選出（焼肉 百名店 EAST・公式掲載順 97/100）
HYK2021-2898	1004371	食べログ	焼肉 百名店	百名店	焼肉	2021	EAST	四条ホルモン	北海道	https://award.tabelog.com/hyakumeiten/yakiniku_east/2021	46232	店舗照合済	2021年百名店公式選出（焼肉 百名店 EAST・公式掲載順 98/100）
HYK2021-2899	23007606	食べログ	焼肉 百名店	百名店	焼肉	2021	EAST	伊勢屋本店	愛知県	https://award.tabelog.com/hyakumeiten/yakiniku_east/2021	46232	店舗照合済	2021年百名店公式選出（焼肉 百名店 EAST・公式掲載順 99/100）
HYK2021-2900	4017454	食べログ	焼肉 百名店	百名店	焼肉	2021	EAST	仔虎 エスパル仙台店	宮城県	https://award.tabelog.com/hyakumeiten/yakiniku_east/2021	46232	店舗照合済	2021年百名店公式選出（焼肉 百名店 EAST・公式掲載順 100/100）
HYK2021-2901	13042753	食べログ	焼肉 百名店	百名店	焼肉	2021	TOKYO	おやじ	東京都	https://award.tabelog.com/hyakumeiten/yakiniku_tokyo/2021	46232	店舗照合済	2021年百名店公式選出（焼肉 百名店 TOKYO・公式掲載順 1/100）
HYK2021-2902	13159782	食べログ	焼肉 百名店	百名店	焼肉	2021	TOKYO	SATOブリアン にごう	東京都	https://award.tabelog.com/hyakumeiten/yakiniku_tokyo/2021	46232	店舗照合済	2021年百名店公式選出（焼肉 百名店 TOKYO・公式掲載順 2/100）
HYK2021-2903	13019476	食べログ	焼肉 百名店	百名店	焼肉	2021	TOKYO	炭火焼肉 あもん	東京都	https://award.tabelog.com/hyakumeiten/yakiniku_tokyo/2021	46232	店舗照合済	2021年百名店公式選出（焼肉 百名店 TOKYO・公式掲載順 3/100）
HYK2021-2904	13007842	食べログ	焼肉 百名店	百名店	焼肉	2021	TOKYO	焼肉くにもと 本店	東京都	https://award.tabelog.com/hyakumeiten/yakiniku_tokyo/2021	46232	店舗照合済	2021年百名店公式選出（焼肉 百名店 TOKYO・公式掲載順 4/100）
HYK2021-2905	13000222	食べログ	焼肉 百名店	百名店	焼肉	2021	TOKYO	焼肉 京城 水道橋店	東京都	https://award.tabelog.com/hyakumeiten/yakiniku_tokyo/2021	46232	店舗照合済	2021年百名店公式選出（焼肉 百名店 TOKYO・公式掲載順 5/100）
HYK2021-2906	13237978	食べログ	焼肉 百名店	百名店	焼肉	2021	TOKYO	焼肉 静龍苑	東京都	https://award.tabelog.com/hyakumeiten/yakiniku_tokyo/2021	46232	店舗照合済	2021年百名店公式選出（焼肉 百名店 TOKYO・公式掲載順 6/100）
HYK2021-2907	13002823	食べログ	焼肉 百名店	百名店	焼肉	2021	TOKYO	三幸園	東京都	https://award.tabelog.com/hyakumeiten/yakiniku_tokyo/2021	46232	店舗照合済	2021年百名店公式選出（焼肉 百名店 TOKYO・公式掲載順 7/100）
HYK2021-2908	13124592	食べログ	焼肉 百名店	百名店	焼肉	2021	TOKYO	焼肉うしごろ 西麻布本店	東京都	https://award.tabelog.com/hyakumeiten/yakiniku_tokyo/2021	46232	店舗照合済	2021年百名店公式選出（焼肉 百名店 TOKYO・公式掲載順 8/100）
HYK2021-2909	13003777	食べログ	焼肉 百名店	百名店	焼肉	2021	TOKYO	スタミナ苑	東京都	https://award.tabelog.com/hyakumeiten/yakiniku_tokyo/2021	46232	店舗照合済	2021年百名店公式選出（焼肉 百名店 TOKYO・公式掲載順 9/100）
HYK2021-2910	13049914	食べログ	焼肉 百名店	百名店	焼肉	2021	TOKYO	焼肉 稲田	東京都	https://award.tabelog.com/hyakumeiten/yakiniku_tokyo/2021	46232	店舗照合済	2021年百名店公式選出（焼肉 百名店 TOKYO・公式掲載順 10/100）
HYK2021-2911	13004517	食べログ	焼肉 百名店	百名店	焼肉	2021	TOKYO	三宿トラジ	東京都	https://award.tabelog.com/hyakumeiten/yakiniku_tokyo/2021	46232	店舗照合済	2021年百名店公式選出（焼肉 百名店 TOKYO・公式掲載順 11/100）
HYK2021-2912	13003776	食べログ	焼肉 百名店	百名店	焼肉	2021	TOKYO	正泰苑 総本店	東京都	https://award.tabelog.com/hyakumeiten/yakiniku_tokyo/2021	46232	店舗照合済	2021年百名店公式選出（焼肉 百名店 TOKYO・公式掲載順 12/100）
HYK2021-2913	13233427	食べログ	焼肉 百名店	百名店	焼肉	2021	TOKYO	西麻布 焼肉 X	東京都	https://award.tabelog.com/hyakumeiten/yakiniku_tokyo/2021	46232	店舗照合済	2021年百名店公式選出（焼肉 百名店 TOKYO・公式掲載順 13/100）
HYK2021-2914	13005008	食べログ	焼肉 百名店	百名店	焼肉	2021	TOKYO	焼肉 銀座コバウ	東京都	https://award.tabelog.com/hyakumeiten/yakiniku_tokyo/2021	46232	店舗照合済	2021年百名店公式選出（焼肉 百名店 TOKYO・公式掲載順 14/100）
HYK2021-2915	13160330	食べログ	焼肉 百名店	百名店	焼肉	2021	TOKYO	うしごろ 貫 恵比寿本店	東京都	https://award.tabelog.com/hyakumeiten/yakiniku_tokyo/2021	46232	店舗照合済	2021年百名店公式選出（焼肉 百名店 TOKYO・公式掲載順 15/100）
HYK2021-2916	13054178	食べログ	焼肉 百名店	百名店	焼肉	2021	TOKYO	ビーフキッチン 中目黒本店	東京都	https://award.tabelog.com/hyakumeiten/yakiniku_tokyo/2021	46232	店舗照合済	2021年百名店公式選出（焼肉 百名店 TOKYO・公式掲載順 16/100）
HYK2021-2917	13045307	食べログ	焼肉 百名店	百名店	焼肉	2021	TOKYO	焼肉 芝浦 駒沢本店	東京都	https://award.tabelog.com/hyakumeiten/yakiniku_tokyo/2021	46232	店舗照合済	2021年百名店公式選出（焼肉 百名店 TOKYO・公式掲載順 17/100）
HYK2021-2918	13095890	食べログ	焼肉 百名店	百名店	焼肉	2021	TOKYO	みやび 六本木店	東京都	https://award.tabelog.com/hyakumeiten/yakiniku_tokyo/2021	46232	店舗照合済	2021年百名店公式選出（焼肉 百名店 TOKYO・公式掲載順 18/100）
HYK2021-2919	13136905	食べログ	焼肉 百名店	百名店	焼肉	2021	TOKYO	焼肉 ぽんが 目黒本店	東京都	https://award.tabelog.com/hyakumeiten/yakiniku_tokyo/2021	46232	店舗照合済	2021年百名店公式選出（焼肉 百名店 TOKYO・公式掲載順 19/100）
HYK2021-2920	13177366	食べログ	焼肉 百名店	百名店	焼肉	2021	TOKYO	焼肉ヒロミヤ 本店	東京都	https://award.tabelog.com/hyakumeiten/yakiniku_tokyo/2021	46232	店舗照合済	2021年百名店公式選出（焼肉 百名店 TOKYO・公式掲載順 20/100）
HYK2021-2921	13022287	食べログ	焼肉 百名店	百名店	焼肉	2021	TOKYO	焼肉酒家 傳々 本店	東京都	https://award.tabelog.com/hyakumeiten/yakiniku_tokyo/2021	46232	店舗照合済	2021年百名店公式選出（焼肉 百名店 TOKYO・公式掲載順 21/100）
HYK2021-2922	13030762	食べログ	焼肉 百名店	百名店	焼肉	2021	TOKYO	好ちゃん 飯田橋本店	東京都	https://award.tabelog.com/hyakumeiten/yakiniku_tokyo/2021	46232	店舗照合済	2021年百名店公式選出（焼肉 百名店 TOKYO・公式掲載順 22/100）
HYK2021-2923	13002038	食べログ	焼肉 百名店	百名店	焼肉	2021	TOKYO	ホルモン道場闇市倶楽部 目黒店	東京都	https://award.tabelog.com/hyakumeiten/yakiniku_tokyo/2021	46232	店舗照合済	2021年百名店公式選出（焼肉 百名店 TOKYO・公式掲載順 23/100）
HYK2021-2924	13015197	食べログ	焼肉 百名店	百名店	焼肉	2021	TOKYO	赤坂大関 本店	東京都	https://award.tabelog.com/hyakumeiten/yakiniku_tokyo/2021	46232	店舗照合済	2021年百名店公式選出（焼肉 百名店 TOKYO・公式掲載順 24/100）
HYK2021-2925	13247485	食べログ	焼肉 百名店	百名店	焼肉	2021	TOKYO	焼肉 思食	東京都	https://award.tabelog.com/hyakumeiten/yakiniku_tokyo/2021	46232	店舗照合済	2021年百名店公式選出（焼肉 百名店 TOKYO・公式掲載順 25/100）
HYK2021-2926	13003711	食べログ	焼肉 百名店	百名店	焼肉	2021	TOKYO	本とさや	東京都	https://award.tabelog.com/hyakumeiten/yakiniku_tokyo/2021	46232	店舗照合済	2021年百名店公式選出（焼肉 百名店 TOKYO・公式掲載順 26/100）
HYK2021-2927	13006823	食べログ	焼肉 百名店	百名店	焼肉	2021	TOKYO	焼肉 名門	東京都	https://award.tabelog.com/hyakumeiten/yakiniku_tokyo/2021	46232	店舗照合済	2021年百名店公式選出（焼肉 百名店 TOKYO・公式掲載順 27/100）
HYK2021-2928	13110601	食べログ	焼肉 百名店	百名店	焼肉	2021	TOKYO	焼肉 ジャンボ 本郷店	東京都	https://award.tabelog.com/hyakumeiten/yakiniku_tokyo/2021	46232	店舗照合済	2021年百名店公式選出（焼肉 百名店 TOKYO・公式掲載順 28/100）
HYK2021-2929	13026295	食べログ	焼肉 百名店	百名店	焼肉	2021	TOKYO	かるびあ～の	東京都	https://award.tabelog.com/hyakumeiten/yakiniku_tokyo/2021	46232	店舗照合済	2021年百名店公式選出（焼肉 百名店 TOKYO・公式掲載順 29/100）
HYK2021-2930	13168436	食べログ	焼肉 百名店	百名店	焼肉	2021	TOKYO	にくがとう 人形町本店	東京都	https://award.tabelog.com/hyakumeiten/yakiniku_tokyo/2021	46232	店舗照合済	2021年百名店公式選出（焼肉 百名店 TOKYO・公式掲載順 30/100）
HYK2021-2931	13003237	食べログ	焼肉 百名店	百名店	焼肉	2021	TOKYO	びーふてい 中目黒店	東京都	https://award.tabelog.com/hyakumeiten/yakiniku_tokyo/2021	46232	店舗照合済	2021年百名店公式選出（焼肉 百名店 TOKYO・公式掲載順 31/100）
HYK2021-2932	13096548	食べログ	焼肉 百名店	百名店	焼肉	2021	TOKYO	焼肉しみず	東京都	https://award.tabelog.com/hyakumeiten/yakiniku_tokyo/2021	46232	店舗照合済	2021年百名店公式選出（焼肉 百名店 TOKYO・公式掲載順 32/100）
HYK2021-2933	13204541	食べログ	焼肉 百名店	百名店	焼肉	2021	TOKYO	焼肉 うしみつ 恵比寿本店	東京都	https://award.tabelog.com/hyakumeiten/yakiniku_tokyo/2021	46232	店舗照合済	2021年百名店公式選出（焼肉 百名店 TOKYO・公式掲載順 33/100）
HYK2021-2934	13000973	食べログ	焼肉 百名店	百名店	焼肉	2021	TOKYO	羅生門 四谷本店	東京都	https://award.tabelog.com/hyakumeiten/yakiniku_tokyo/2021	46232	店舗照合済	2021年百名店公式選出（焼肉 百名店 TOKYO・公式掲載順 34/100）
HYK2021-2935	13026377	食べログ	焼肉 百名店	百名店	焼肉	2021	TOKYO	焼肉 ジャンボ 白金	東京都	https://award.tabelog.com/hyakumeiten/yakiniku_tokyo/2021	46232	店舗照合済	2021年百名店公式選出（焼肉 百名店 TOKYO・公式掲載順 35/100）
HYK2021-2936	13208137	食べログ	焼肉 百名店	百名店	焼肉	2021	TOKYO	炭火焼肉 ふちおか	東京都	https://award.tabelog.com/hyakumeiten/yakiniku_tokyo/2021	46232	店舗照合済	2021年百名店公式選出（焼肉 百名店 TOKYO・公式掲載順 36/100）
HYK2021-2937	13175110	食べログ	焼肉 百名店	百名店	焼肉	2021	TOKYO	炭火焼肉 なかはら	東京都	https://award.tabelog.com/hyakumeiten/yakiniku_tokyo/2021	46232	店舗照合済	2021年百名店公式選出（焼肉 百名店 TOKYO・公式掲載順 37/100）
HYK2021-2938	13095398	食べログ	焼肉 百名店	百名店	焼肉	2021	TOKYO	在市 月島本店	東京都	https://award.tabelog.com/hyakumeiten/yakiniku_tokyo/2021	46232	店舗照合済	2021年百名店公式選出（焼肉 百名店 TOKYO・公式掲載順 38/100）
HYK2021-2939	13030773	食べログ	焼肉 百名店	百名店	焼肉	2021	TOKYO	游玄亭 銀座並木通り店	東京都	https://award.tabelog.com/hyakumeiten/yakiniku_tokyo/2021	46232	店舗照合済	2021年百名店公式選出（焼肉 百名店 TOKYO・公式掲載順 39/100）
HYK2021-2940	13002283	食べログ	焼肉 百名店	百名店	焼肉	2021	TOKYO	銀座 王十里	東京都	https://award.tabelog.com/hyakumeiten/yakiniku_tokyo/2021	46232	店舗照合済	2021年百名店公式選出（焼肉 百名店 TOKYO・公式掲載順 40/100）
HYK2021-2941	13150755	食べログ	焼肉 百名店	百名店	焼肉	2021	TOKYO	ホルモンまさる	東京都	https://award.tabelog.com/hyakumeiten/yakiniku_tokyo/2021	46232	店舗照合済	2021年百名店公式選出（焼肉 百名店 TOKYO・公式掲載順 41/100）
HYK2021-2942	13003740	食べログ	焼肉 百名店	百名店	焼肉	2021	TOKYO	焼肉 京城 北千住店	東京都	https://award.tabelog.com/hyakumeiten/yakiniku_tokyo/2021	46232	店舗照合済	2021年百名店公式選出（焼肉 百名店 TOKYO・公式掲載順 42/100）
HYK2021-2943	13002240	食べログ	焼肉 百名店	百名店	焼肉	2021	TOKYO	焼肉 凛	東京都	https://award.tabelog.com/hyakumeiten/yakiniku_tokyo/2021	46232	店舗照合済	2021年百名店公式選出（焼肉 百名店 TOKYO・公式掲載順 43/100）
HYK2021-2944	13022343	食べログ	焼肉 百名店	百名店	焼肉	2021	TOKYO	日本橋イタダキ	東京都	https://award.tabelog.com/hyakumeiten/yakiniku_tokyo/2021	46232	店舗照合済	2021年百名店公式選出（焼肉 百名店 TOKYO・公式掲載順 44/100）
HYK2021-2945	13003075	食べログ	焼肉 百名店	百名店	焼肉	2021	TOKYO	焼肉 ジャンボ 篠崎本店	東京都	https://award.tabelog.com/hyakumeiten/yakiniku_tokyo/2021	46232	店舗照合済	2021年百名店公式選出（焼肉 百名店 TOKYO・公式掲載順 45/100）
HYK2021-2946	13002399	食べログ	焼肉 百名店	百名店	焼肉	2021	TOKYO	焼肉五鉄 八丁堀本店	東京都	https://award.tabelog.com/hyakumeiten/yakiniku_tokyo/2021	46232	店舗照合済	2021年百名店公式選出（焼肉 百名店 TOKYO・公式掲載順 46/100）
HYK2021-2947	13211927	食べログ	焼肉 百名店	百名店	焼肉	2021	TOKYO	蕃 YORONIKU	東京都	https://award.tabelog.com/hyakumeiten/yakiniku_tokyo/2021	46232	店舗照合済	2021年百名店公式選出（焼肉 百名店 TOKYO・公式掲載順 47/100）
HYK2021-2948	13001794	食べログ	焼肉 百名店	百名店	焼肉	2021	TOKYO	炭火焼 ゆうじ	東京都	https://award.tabelog.com/hyakumeiten/yakiniku_tokyo/2021	46232	店舗照合済	2021年百名店公式選出（焼肉 百名店 TOKYO・公式掲載順 48/100）
HYK2021-2949	13057827	食べログ	焼肉 百名店	百名店	焼肉	2021	TOKYO	肉のすずき	東京都	https://award.tabelog.com/hyakumeiten/yakiniku_tokyo/2021	46232	店舗照合済	2021年百名店公式選出（焼肉 百名店 TOKYO・公式掲載順 49/100）
HYK2021-2950	13114946	食べログ	焼肉 百名店	百名店	焼肉	2021	TOKYO	赤坂 みすじ	東京都	https://award.tabelog.com/hyakumeiten/yakiniku_tokyo/2021	46232	店舗照合済	2021年百名店公式選出（焼肉 百名店 TOKYO・公式掲載順 50/100）
HYK2021-2951	13240197	食べログ	焼肉 百名店	百名店	焼肉	2021	TOKYO	銀座 山科	東京都	https://award.tabelog.com/hyakumeiten/yakiniku_tokyo/2021	46232	店舗照合済	2021年百名店公式選出（焼肉 百名店 TOKYO・公式掲載順 51/100）
HYK2021-2952	13189539	食べログ	焼肉 百名店	百名店	焼肉	2021	TOKYO	The INNOCENT CARVERY	東京都	https://award.tabelog.com/hyakumeiten/yakiniku_tokyo/2021	46232	店舗照合済	2021年百名店公式選出（焼肉 百名店 TOKYO・公式掲載順 52/100）
HYK2021-2953	13160962	食べログ	焼肉 百名店	百名店	焼肉	2021	TOKYO	焼肉 ジャンボ はなれ	東京都	https://award.tabelog.com/hyakumeiten/yakiniku_tokyo/2021	46232	店舗照合済	2021年百名店公式選出（焼肉 百名店 TOKYO・公式掲載順 53/100）
HYK2021-2954	13222093	食べログ	焼肉 百名店	百名店	焼肉	2021	TOKYO	USHIGORO S. GINZA	東京都	https://award.tabelog.com/hyakumeiten/yakiniku_tokyo/2021	46232	店舗照合済	2021年百名店公式選出（焼肉 百名店 TOKYO・公式掲載順 54/100）
HYK2021-2955	13178613	食べログ	焼肉 百名店	百名店	焼肉	2021	TOKYO	代官山 焼肉かねこ	東京都	https://award.tabelog.com/hyakumeiten/yakiniku_tokyo/2021	46232	店舗照合済	2021年百名店公式選出（焼肉 百名店 TOKYO・公式掲載順 55/100）
HYK2021-2956	13183716	食べログ	焼肉 百名店	百名店	焼肉	2021	TOKYO	肉匠堀越	東京都	https://award.tabelog.com/hyakumeiten/yakiniku_tokyo/2021	46232	店舗照合済	2021年百名店公式選出（焼肉 百名店 TOKYO・公式掲載順 56/100）
HYK2021-2957	13054487	食べログ	焼肉 百名店	百名店	焼肉	2021	TOKYO	正泰苑 新橋店	東京都	https://award.tabelog.com/hyakumeiten/yakiniku_tokyo/2021	46232	店舗照合済	2021年百名店公式選出（焼肉 百名店 TOKYO・公式掲載順 57/100）
HYK2021-2958	13042979	食べログ	焼肉 百名店	百名店	焼肉	2021	TOKYO	よろにく	東京都	https://award.tabelog.com/hyakumeiten/yakiniku_tokyo/2021	46232	店舗照合済	2021年百名店公式選出（焼肉 百名店 TOKYO・公式掲載順 58/100）
HYK2021-2959	13024281	食べログ	焼肉 百名店	百名店	焼肉	2021	TOKYO	神泉ホルモン 三百屋	東京都	https://award.tabelog.com/hyakumeiten/yakiniku_tokyo/2021	46232	店舗照合済	2021年百名店公式選出（焼肉 百名店 TOKYO・公式掲載順 59/100）
HYK2021-2960	13157343	食べログ	焼肉 百名店	百名店	焼肉	2021	TOKYO	恵比寿焼肉　kintan	東京都	https://award.tabelog.com/hyakumeiten/yakiniku_tokyo/2021	46232	店舗照合済	2021年百名店公式選出（焼肉 百名店 TOKYO・公式掲載順 60/100）
HYK2021-2961	13007145	食べログ	焼肉 百名店	百名店	焼肉	2021	TOKYO	きらく亭	東京都	https://award.tabelog.com/hyakumeiten/yakiniku_tokyo/2021	46232	店舗照合済	2021年百名店公式選出（焼肉 百名店 TOKYO・公式掲載順 61/100）
HYK2021-2962	13230924	食べログ	焼肉 百名店	百名店	焼肉	2021	TOKYO	誇味山	東京都	https://award.tabelog.com/hyakumeiten/yakiniku_tokyo/2021	46232	店舗照合済	2021年百名店公式選出（焼肉 百名店 TOKYO・公式掲載順 62/100）
HYK2021-2963	13002566	食べログ	焼肉 百名店	百名店	焼肉	2021	TOKYO	東京園	東京都	https://award.tabelog.com/hyakumeiten/yakiniku_tokyo/2021	46232	店舗照合済	2021年百名店公式選出（焼肉 百名店 TOKYO・公式掲載順 63/100）
HYK2021-2964	13003488	食べログ	焼肉 百名店	百名店	焼肉	2021	TOKYO	游玄亭 西麻布本館	東京都	https://award.tabelog.com/hyakumeiten/yakiniku_tokyo/2021	46232	店舗照合済	2021年百名店公式選出（焼肉 百名店 TOKYO・公式掲載順 64/100）
HYK2021-2965	13038804	食べログ	焼肉 百名店	百名店	焼肉	2021	TOKYO	焼肉 綾小路	東京都	https://award.tabelog.com/hyakumeiten/yakiniku_tokyo/2021	46232	店舗照合済	2021年百名店公式選出（焼肉 百名店 TOKYO・公式掲載順 65/100）
HYK2021-2966	13165294	食べログ	焼肉 百名店	百名店	焼肉	2021	TOKYO	生粋	東京都	https://award.tabelog.com/hyakumeiten/yakiniku_tokyo/2021	46232	店舗照合済	2021年百名店公式選出（焼肉 百名店 TOKYO・公式掲載順 66/100）
HYK2021-2967	13209611	食べログ	焼肉 百名店	百名店	焼肉	2021	TOKYO	USHIGORO S. NISHIAZABU	東京都	https://award.tabelog.com/hyakumeiten/yakiniku_tokyo/2021	46232	店舗照合済	2021年百名店公式選出（焼肉 百名店 TOKYO・公式掲載順 67/100）
HYK2021-2968	13005123	食べログ	焼肉 百名店	百名店	焼肉	2021	TOKYO	ら・ぼうふ 用賀本店	東京都	https://award.tabelog.com/hyakumeiten/yakiniku_tokyo/2021	46232	店舗照合済	2021年百名店公式選出（焼肉 百名店 TOKYO・公式掲載順 68/100）
HYK2021-2969	13127046	食べログ	焼肉 百名店	百名店	焼肉	2021	TOKYO	SATOブリアン 本店	東京都	https://award.tabelog.com/hyakumeiten/yakiniku_tokyo/2021	46232	店舗照合済	2021年百名店公式選出（焼肉 百名店 TOKYO・公式掲載順 69/100）
HYK2021-2970	13107594	食べログ	焼肉 百名店	百名店	焼肉	2021	TOKYO	大幸園 小宮本店	東京都	https://award.tabelog.com/hyakumeiten/yakiniku_tokyo/2021	46232	店舗照合済	2021年百名店公式選出（焼肉 百名店 TOKYO・公式掲載順 70/100）
HYK2021-2971	13113717	食べログ	焼肉 百名店	百名店	焼肉	2021	TOKYO	ホルモン船　ホールちゃん	東京都	https://award.tabelog.com/hyakumeiten/yakiniku_tokyo/2021	46232	店舗照合済	2021年百名店公式選出（焼肉 百名店 TOKYO・公式掲載順 71/100）
HYK2021-2972	13008910	食べログ	焼肉 百名店	百名店	焼肉	2021	TOKYO	焼肉問屋 牛蔵	東京都	https://award.tabelog.com/hyakumeiten/yakiniku_tokyo/2021	46232	店舗照合済	2021年百名店公式選出（焼肉 百名店 TOKYO・公式掲載順 72/100）
HYK2021-2973	13144971	食べログ	焼肉 百名店	百名店	焼肉	2021	TOKYO	うしごろバンビーナ 恵比寿本店	東京都	https://award.tabelog.com/hyakumeiten/yakiniku_tokyo/2021	46232	店舗照合済	2021年百名店公式選出（焼肉 百名店 TOKYO・公式掲載順 73/100）
HYK2021-2974	13224635	食べログ	焼肉 百名店	百名店	焼肉	2021	TOKYO	赤坂 らいもん	東京都	https://award.tabelog.com/hyakumeiten/yakiniku_tokyo/2021	46232	店舗照合済	2021年百名店公式選出（焼肉 百名店 TOKYO・公式掲載順 74/100）
HYK2021-2975	13208975	食べログ	焼肉 百名店	百名店	焼肉	2021	TOKYO	焼肉 うしみつ一門 目黒店	東京都	https://award.tabelog.com/hyakumeiten/yakiniku_tokyo/2021	46232	店舗照合済	2021年百名店公式選出（焼肉 百名店 TOKYO・公式掲載順 75/100）
HYK2021-2976	13008099	食べログ	焼肉 百名店	百名店	焼肉	2021	TOKYO	亀戸ホルモン 本店	東京都	https://award.tabelog.com/hyakumeiten/yakiniku_tokyo/2021	46232	店舗照合済	2021年百名店公式選出（焼肉 百名店 TOKYO・公式掲載順 76/100）
HYK2021-2977	13221220	食べログ	焼肉 百名店	百名店	焼肉	2021	TOKYO	焼肉 いぶさな	東京都	https://award.tabelog.com/hyakumeiten/yakiniku_tokyo/2021	46232	店舗照合済	2021年百名店公式選出（焼肉 百名店 TOKYO・公式掲載順 77/100）
HYK2021-2978	13230170	食べログ	焼肉 百名店	百名店	焼肉	2021	TOKYO	焼肉 冷麺 ユッチャン。	東京都	https://award.tabelog.com/hyakumeiten/yakiniku_tokyo/2021	46232	店舗照合済	2021年百名店公式選出（焼肉 百名店 TOKYO・公式掲載順 78/100）
HYK2021-2979	13016578	食べログ	焼肉 百名店	百名店	焼肉	2021	TOKYO	正泰苑 銀座店	東京都	https://award.tabelog.com/hyakumeiten/yakiniku_tokyo/2021	46232	店舗照合済	2021年百名店公式選出（焼肉 百名店 TOKYO・公式掲載順 79/100）
HYK2021-2980	13005213	食べログ	焼肉 百名店	百名店	焼肉	2021	TOKYO	正泰苑 芝大門店	東京都	https://award.tabelog.com/hyakumeiten/yakiniku_tokyo/2021	46232	店舗照合済	2021年百名店公式選出（焼肉 百名店 TOKYO・公式掲載順 80/100）
HYK2021-2981	13012243	食べログ	焼肉 百名店	百名店	焼肉	2021	TOKYO	焼肉 鶯谷園	東京都	https://award.tabelog.com/hyakumeiten/yakiniku_tokyo/2021	46232	店舗照合済	2021年百名店公式選出（焼肉 百名店 TOKYO・公式掲載順 81/100）
HYK2021-2982	13005772	食べログ	焼肉 百名店	百名店	焼肉	2021	TOKYO	李朝園 吉祥寺店	東京都	https://award.tabelog.com/hyakumeiten/yakiniku_tokyo/2021	46232	店舗照合済	2021年百名店公式選出（焼肉 百名店 TOKYO・公式掲載順 82/100）
HYK2021-2983	13184885	食べログ	焼肉 百名店	百名店	焼肉	2021	TOKYO	西麻布けんしろう	東京都	https://award.tabelog.com/hyakumeiten/yakiniku_tokyo/2021	46232	店舗照合済	2021年百名店公式選出（焼肉 百名店 TOKYO・公式掲載順 83/100）
HYK2021-2984	13000384	食べログ	焼肉 百名店	百名店	焼肉	2021	TOKYO	たん清	東京都	https://award.tabelog.com/hyakumeiten/yakiniku_tokyo/2021	46232	店舗照合済	2021年百名店公式選出（焼肉 百名店 TOKYO・公式掲載順 84/100）
HYK2021-2985	13118245	食べログ	焼肉 百名店	百名店	焼肉	2021	TOKYO	焼肉芝浦 三宿店	東京都	https://award.tabelog.com/hyakumeiten/yakiniku_tokyo/2021	46232	店舗照合済	2021年百名店公式選出（焼肉 百名店 TOKYO・公式掲載順 85/100）
HYK2021-2986	13168322	食べログ	焼肉 百名店	百名店	焼肉	2021	TOKYO	焼肉 矢澤 東京	東京都	https://award.tabelog.com/hyakumeiten/yakiniku_tokyo/2021	46232	店舗照合済	2021年百名店公式選出（焼肉 百名店 TOKYO・公式掲載順 86/100）
HYK2021-2987	13035852	食べログ	焼肉 百名店	百名店	焼肉	2021	TOKYO	焼肉くにもと 新館	東京都	https://award.tabelog.com/hyakumeiten/yakiniku_tokyo/2021	46232	店舗照合済	2021年百名店公式選出（焼肉 百名店 TOKYO・公式掲載順 87/100）
HYK2021-2988	13001625	食べログ	焼肉 百名店	百名店	焼肉	2021	TOKYO	炭焼 金竜山	東京都	https://award.tabelog.com/hyakumeiten/yakiniku_tokyo/2021	46232	店舗照合済	2021年百名店公式選出（焼肉 百名店 TOKYO・公式掲載順 88/100）
HYK2021-2989	13038809	食べログ	焼肉 百名店	百名店	焼肉	2021	TOKYO	炭火焼肉 牛和鹿 本店	東京都	https://award.tabelog.com/hyakumeiten/yakiniku_tokyo/2021	46232	店舗照合済	2021年百名店公式選出（焼肉 百名店 TOKYO・公式掲載順 89/100）
HYK2021-2990	13223460	食べログ	焼肉 百名店	百名店	焼肉	2021	TOKYO	SATOブリアン さんごう	東京都	https://award.tabelog.com/hyakumeiten/yakiniku_tokyo/2021	46232	店舗照合済	2021年百名店公式選出（焼肉 百名店 TOKYO・公式掲載順 90/100）
HYK2021-2991	13216529	食べログ	焼肉 百名店	百名店	焼肉	2021	TOKYO	サトブリDA	東京都	https://award.tabelog.com/hyakumeiten/yakiniku_tokyo/2021	46232	店舗照合済	2021年百名店公式選出（焼肉 百名店 TOKYO・公式掲載順 91/100）
HYK2021-2992	13110222	食べログ	焼肉 百名店	百名店	焼肉	2021	TOKYO	和牛焼肉KIM 白金本店	東京都	https://award.tabelog.com/hyakumeiten/yakiniku_tokyo/2021	46232	店舗照合済	2021年百名店公式選出（焼肉 百名店 TOKYO・公式掲載順 92/100）
HYK2021-2993	13045232	食べログ	焼肉 百名店	百名店	焼肉	2021	TOKYO	黒牛	東京都	https://award.tabelog.com/hyakumeiten/yakiniku_tokyo/2021	46232	店舗照合済	2021年百名店公式選出（焼肉 百名店 TOKYO・公式掲載順 93/100）
HYK2021-2994	13226719	食べログ	焼肉 百名店	百名店	焼肉	2021	TOKYO	焼肉うしごろ 銀座並木通り店	東京都	https://award.tabelog.com/hyakumeiten/yakiniku_tokyo/2021	46232	店舗照合済	2021年百名店公式選出（焼肉 百名店 TOKYO・公式掲載順 94/100）
HYK2021-2995	13059962	食べログ	焼肉 百名店	百名店	焼肉	2021	TOKYO	ホルモン青木	東京都	https://award.tabelog.com/hyakumeiten/yakiniku_tokyo/2021	46232	店舗照合済	2021年百名店公式選出（焼肉 百名店 TOKYO・公式掲載順 95/100）
HYK2021-2996	13191277	食べログ	焼肉 百名店	百名店	焼肉	2021	TOKYO	焼肉 大貫	東京都	https://award.tabelog.com/hyakumeiten/yakiniku_tokyo/2021	46232	店舗照合済	2021年百名店公式選出（焼肉 百名店 TOKYO・公式掲載順 96/100）
HYK2021-2997	13002530	食べログ	焼肉 百名店	百名店	焼肉	2021	TOKYO	天空焼肉 星遊山	東京都	https://award.tabelog.com/hyakumeiten/yakiniku_tokyo/2021	46232	店舗照合済	2021年百名店公式選出（焼肉 百名店 TOKYO・公式掲載順 97/100）
HYK2021-2998	13041990	食べログ	焼肉 百名店	百名店	焼肉	2021	TOKYO	亀戸ホルモン 恵比寿店	東京都	https://award.tabelog.com/hyakumeiten/yakiniku_tokyo/2021	46232	店舗照合済	2021年百名店公式選出（焼肉 百名店 TOKYO・公式掲載順 98/100）
HYK2021-2999	13104930	食べログ	焼肉 百名店	百名店	焼肉	2021	TOKYO	牛和鹿 六本木店	東京都	https://award.tabelog.com/hyakumeiten/yakiniku_tokyo/2021	46232	店舗照合済	2021年百名店公式選出（焼肉 百名店 TOKYO・公式掲載順 99/100）
HYK2021-3000	13242515	食べログ	焼肉 百名店	百名店	焼肉	2021	TOKYO	うし松	東京都	https://award.tabelog.com/hyakumeiten/yakiniku_tokyo/2021	46232	店舗照合済	2021年百名店公式選出（焼肉 百名店 TOKYO・公式掲載順 100/100）
HYK2021-3001	27002226	食べログ	焼肉 百名店	百名店	焼肉	2021	WEST	カウハウス	大阪府	https://award.tabelog.com/hyakumeiten/yakiniku_west/2021	46232	店舗照合済	2021年百名店公式選出（焼肉 百名店 WEST・公式掲載順 1/100）
HYK2021-3002	47001010	食べログ	焼肉 百名店	百名店	焼肉	2021	WEST	炭火焼肉 やまもと	沖縄県	https://award.tabelog.com/hyakumeiten/yakiniku_west/2021	46232	店舗照合済	2021年百名店公式選出（焼肉 百名店 WEST・公式掲載順 2/100）
HYK2021-3003	26000947	食べログ	焼肉 百名店	百名店	焼肉	2021	WEST	京の焼肉処 弘 三条木屋町店	京都府	https://award.tabelog.com/hyakumeiten/yakiniku_west/2021	46232	店舗照合済	2021年百名店公式選出（焼肉 百名店 WEST・公式掲載順 3/100）
HYK2021-3004	29001982	食べログ	焼肉 百名店	百名店	焼肉	2021	WEST	きみや	奈良県	https://award.tabelog.com/hyakumeiten/yakiniku_west/2021	46232	店舗照合済	2021年百名店公式選出（焼肉 百名店 WEST・公式掲載順 4/100）
HYK2021-3005	27003470	食べログ	焼肉 百名店	百名店	焼肉	2021	WEST	和牛処 助春	大阪府	https://award.tabelog.com/hyakumeiten/yakiniku_west/2021	46232	店舗照合済	2021年百名店公式選出（焼肉 百名店 WEST・公式掲載順 5/100）
HYK2021-3006	27011939	食べログ	焼肉 百名店	百名店	焼肉	2021	WEST	吟味屋 天満店	大阪府	https://award.tabelog.com/hyakumeiten/yakiniku_west/2021	46232	店舗照合済	2021年百名店公式選出（焼肉 百名店 WEST・公式掲載順 6/100）
HYK2021-3007	26002138	食べログ	焼肉 百名店	百名店	焼肉	2021	WEST	京の焼肉処 弘 千本三条本店	京都府	https://award.tabelog.com/hyakumeiten/yakiniku_west/2021	46232	店舗照合済	2021年百名店公式選出（焼肉 百名店 WEST・公式掲載順 7/100）
HYK2021-3008	33010192	食べログ	焼肉 百名店	百名店	焼肉	2021	WEST	密陽家	岡山県	https://award.tabelog.com/hyakumeiten/yakiniku_west/2021	46232	店舗照合済	2021年百名店公式選出（焼肉 百名店 WEST・公式掲載順 8/100）
HYK2021-3009	27002500	食べログ	焼肉 百名店	百名店	焼肉	2021	WEST	茜	大阪府	https://award.tabelog.com/hyakumeiten/yakiniku_west/2021	46232	店舗照合済	2021年百名店公式選出（焼肉 百名店 WEST・公式掲載順 9/100）
HYK2021-3010	27023255	食べログ	焼肉 百名店	百名店	焼肉	2021	WEST	焼肉政ちゃん	大阪府	https://award.tabelog.com/hyakumeiten/yakiniku_west/2021	46232	店舗照合済	2021年百名店公式選出（焼肉 百名店 WEST・公式掲載順 10/100）
HYK2021-3011	27003344	食べログ	焼肉 百名店	百名店	焼肉	2021	WEST	ソウル	大阪府	https://award.tabelog.com/hyakumeiten/yakiniku_west/2021	46232	店舗照合済	2021年百名店公式選出（焼肉 百名店 WEST・公式掲載順 11/100）
HYK2021-3012	26004181	食べログ	焼肉 百名店	百名店	焼肉	2021	WEST	藤むら	京都府	https://award.tabelog.com/hyakumeiten/yakiniku_west/2021	46232	店舗照合済	2021年百名店公式選出（焼肉 百名店 WEST・公式掲載順 12/100）
HYK2021-3013	27011419	食べログ	焼肉 百名店	百名店	焼肉	2021	WEST	かまちゃん	大阪府	https://award.tabelog.com/hyakumeiten/yakiniku_west/2021	46232	店舗照合済	2021年百名店公式選出（焼肉 百名店 WEST・公式掲載順 13/100）
HYK2021-3014	40005186	食べログ	焼肉 百名店	百名店	焼肉	2021	WEST	力飯店	福岡県	https://award.tabelog.com/hyakumeiten/yakiniku_west/2021	46232	店舗照合済	2021年百名店公式選出（焼肉 百名店 WEST・公式掲載順 14/100）
HYK2021-3015	28002221	食べログ	焼肉 百名店	百名店	焼肉	2021	WEST	やきにくポッサムチプ	兵庫県	https://award.tabelog.com/hyakumeiten/yakiniku_west/2021	46232	店舗照合済	2021年百名店公式選出（焼肉 百名店 WEST・公式掲載順 15/100）
HYK2021-3016	28000918	食べログ	焼肉 百名店	百名店	焼肉	2021	WEST	満月	兵庫県	https://award.tabelog.com/hyakumeiten/yakiniku_west/2021	46232	店舗照合済	2021年百名店公式選出（焼肉 百名店 WEST・公式掲載順 16/100）
HYK2021-3017	27006074	食べログ	焼肉 百名店	百名店	焼肉	2021	WEST	さつま	大阪府	https://award.tabelog.com/hyakumeiten/yakiniku_west/2021	46232	店舗照合済	2021年百名店公式選出（焼肉 百名店 WEST・公式掲載順 17/100）
HYK2021-3018	24001944	食べログ	焼肉 百名店	百名店	焼肉	2021	WEST	焼肉 八廣	三重県	https://award.tabelog.com/hyakumeiten/yakiniku_west/2021	46232	店舗照合済	2021年百名店公式選出（焼肉 百名店 WEST・公式掲載順 18/100）
HYK2021-3019	27073864	食べログ	焼肉 百名店	百名店	焼肉	2021	WEST	すすむ	大阪府	https://award.tabelog.com/hyakumeiten/yakiniku_west/2021	46232	店舗照合済	2021年百名店公式選出（焼肉 百名店 WEST・公式掲載順 19/100）
HYK2021-3020	27006730	食べログ	焼肉 百名店	百名店	焼肉	2021	WEST	焼肉 白雲台 鶴橋駅前店	大阪府	https://award.tabelog.com/hyakumeiten/yakiniku_west/2021	46232	店舗照合済	2021年百名店公式選出（焼肉 百名店 WEST・公式掲載順 20/100）
HYK2021-3021	27000597	食べログ	焼肉 百名店	百名店	焼肉	2021	WEST	肉料理とワイン YUZAN 南船場	大阪府	https://award.tabelog.com/hyakumeiten/yakiniku_west/2021	46232	店舗照合済	2021年百名店公式選出（焼肉 百名店 WEST・公式掲載順 21/100）
HYK2021-3022	40002803	食べログ	焼肉 百名店	百名店	焼肉	2021	WEST	焼肉 多牛 駅南店	福岡県	https://award.tabelog.com/hyakumeiten/yakiniku_west/2021	46232	店舗照合済	2021年百名店公式選出（焼肉 百名店 WEST・公式掲載順 22/100）
HYK2021-3023	28043971	食べログ	焼肉 百名店	百名店	焼肉	2021	WEST	雄三郎	兵庫県	https://award.tabelog.com/hyakumeiten/yakiniku_west/2021	46232	店舗照合済	2021年百名店公式選出（焼肉 百名店 WEST・公式掲載順 23/100）
HYK2021-3024	27009408	食べログ	焼肉 百名店	百名店	焼肉	2021	WEST	かどやホルモン店	大阪府	https://award.tabelog.com/hyakumeiten/yakiniku_west/2021	46232	店舗照合済	2021年百名店公式選出（焼肉 百名店 WEST・公式掲載順 24/100）
HYK2021-3025	45000273	食べログ	焼肉 百名店	百名店	焼肉	2021	WEST	みょうが屋	宮崎県	https://award.tabelog.com/hyakumeiten/yakiniku_west/2021	46232	店舗照合済	2021年百名店公式選出（焼肉 百名店 WEST・公式掲載順 25/100）
HYK2021-3026	27083854	食べログ	焼肉 百名店	百名店	焼肉	2021	WEST	にくや萬野 お初天神裏参道店	大阪府	https://award.tabelog.com/hyakumeiten/yakiniku_west/2021	46232	店舗照合済	2021年百名店公式選出（焼肉 百名店 WEST・公式掲載順 26/100）
HYK2021-3027	27013294	食べログ	焼肉 百名店	百名店	焼肉	2021	WEST	電撃ホルモン ツギヱ	大阪府	https://award.tabelog.com/hyakumeiten/yakiniku_west/2021	46232	店舗照合済	2021年百名店公式選出（焼肉 百名店 WEST・公式掲載順 27/100）
HYK2021-3028	27015932	食べログ	焼肉 百名店	百名店	焼肉	2021	WEST	なか田 別邸	大阪府	https://award.tabelog.com/hyakumeiten/yakiniku_west/2021	46232	店舗照合済	2021年百名店公式選出（焼肉 百名店 WEST・公式掲載順 28/100）
HYK2021-3029	27000572	食べログ	焼肉 百名店	百名店	焼肉	2021	WEST	吉田 新館	大阪府	https://award.tabelog.com/hyakumeiten/yakiniku_west/2021	46232	店舗照合済	2021年百名店公式選出（焼肉 百名店 WEST・公式掲載順 29/100）
HYK2021-3030	27005087	食べログ	焼肉 百名店	百名店	焼肉	2021	WEST	多平	大阪府	https://award.tabelog.com/hyakumeiten/yakiniku_west/2021	46232	店舗照合済	2021年百名店公式選出（焼肉 百名店 WEST・公式掲載順 30/100）
HYK2021-3031	27057397	食べログ	焼肉 百名店	百名店	焼肉	2021	WEST	Matasaburo	大阪府	https://award.tabelog.com/hyakumeiten/yakiniku_west/2021	46232	店舗照合済	2021年百名店公式選出（焼肉 百名店 WEST・公式掲載順 31/100）
HYK2021-3032	26002425	食べログ	焼肉 百名店	百名店	焼肉	2021	WEST	祇園鹿六	京都府	https://award.tabelog.com/hyakumeiten/yakiniku_west/2021	46232	店舗照合済	2021年百名店公式選出（焼肉 百名店 WEST・公式掲載順 32/100）
HYK2021-3033	28001406	食べログ	焼肉 百名店	百名店	焼肉	2021	WEST	味楽園	兵庫県	https://award.tabelog.com/hyakumeiten/yakiniku_west/2021	46232	店舗照合済	2021年百名店公式選出（焼肉 百名店 WEST・公式掲載順 33/100）
HYK2021-3034	47000296	食べログ	焼肉 百名店	百名店	焼肉	2021	WEST	華	沖縄県	https://award.tabelog.com/hyakumeiten/yakiniku_west/2021	46232	店舗照合済	2021年百名店公式選出（焼肉 百名店 WEST・公式掲載順 34/100）
HYK2021-3035	27000791	食べログ	焼肉 百名店	百名店	焼肉	2021	WEST	安兵衛 西九条店	大阪府	https://award.tabelog.com/hyakumeiten/yakiniku_west/2021	46232	店舗照合済	2021年百名店公式選出（焼肉 百名店 WEST・公式掲載順 35/100）
HYK2021-3036	27090232	食べログ	焼肉 百名店	百名店	焼肉	2021	WEST	京松蘭 本店	大阪府	https://award.tabelog.com/hyakumeiten/yakiniku_west/2021	46232	店舗照合済	2021年百名店公式選出（焼肉 百名店 WEST・公式掲載順 36/100）
HYK2021-3037	27011178	食べログ	焼肉 百名店	百名店	焼肉	2021	WEST	板前焼肉 一斗 天下茶屋本店	大阪府	https://award.tabelog.com/hyakumeiten/yakiniku_west/2021	46232	店舗照合済	2021年百名店公式選出（焼肉 百名店 WEST・公式掲載順 37/100）
HYK2021-3038	27060372	食べログ	焼肉 百名店	百名店	焼肉	2021	WEST	焼肉萬野 心斎橋店	大阪府	https://award.tabelog.com/hyakumeiten/yakiniku_west/2021	46232	店舗照合済	2021年百名店公式選出（焼肉 百名店 WEST・公式掲載順 38/100）
HYK2021-3039	27000561	食べログ	焼肉 百名店	百名店	焼肉	2021	WEST	万正	大阪府	https://award.tabelog.com/hyakumeiten/yakiniku_west/2021	46232	店舗照合済	2021年百名店公式選出（焼肉 百名店 WEST・公式掲載順 39/100）
HYK2021-3040	27055508	食べログ	焼肉 百名店	百名店	焼肉	2021	WEST	ホルモン 徳いち	大阪府	https://award.tabelog.com/hyakumeiten/yakiniku_west/2021	46232	店舗照合済	2021年百名店公式選出（焼肉 百名店 WEST・公式掲載順 40/100）
HYK2021-3041	25005328	食べログ	焼肉 百名店	百名店	焼肉	2021	WEST	万葉 八日市店	滋賀県	https://award.tabelog.com/hyakumeiten/yakiniku_west/2021	46232	店舗照合済	2021年百名店公式選出（焼肉 百名店 WEST・公式掲載順 41/100）
HYK2021-3042	27000567	食べログ	焼肉 百名店	百名店	焼肉	2021	WEST	焼肉の吉田 本店	大阪府	https://award.tabelog.com/hyakumeiten/yakiniku_west/2021	46232	店舗照合済	2021年百名店公式選出（焼肉 百名店 WEST・公式掲載順 42/100）
HYK2021-3043	27099114	食べログ	焼肉 百名店	百名店	焼肉	2021	WEST	北新地 はらみ	大阪府	https://award.tabelog.com/hyakumeiten/yakiniku_west/2021	46232	店舗照合済	2021年百名店公式選出（焼肉 百名店 WEST・公式掲載順 43/100）
HYK2021-3044	28003841	食べログ	焼肉 百名店	百名店	焼肉	2021	WEST	炭焼肉 石田屋。 本店	兵庫県	https://award.tabelog.com/hyakumeiten/yakiniku_west/2021	46232	店舗照合済	2021年百名店公式選出（焼肉 百名店 WEST・公式掲載順 44/100）
HYK2021-3045	27019731	食べログ	焼肉 百名店	百名店	焼肉	2021	WEST	焼肉たきもと	大阪府	https://award.tabelog.com/hyakumeiten/yakiniku_west/2021	46232	店舗照合済	2021年百名店公式選出（焼肉 百名店 WEST・公式掲載順 45/100）
HYK2021-3046	27002291	食べログ	焼肉 百名店	百名店	焼肉	2021	WEST	万両 南森町店	大阪府	https://award.tabelog.com/hyakumeiten/yakiniku_west/2021	46232	店舗照合済	2021年百名店公式選出（焼肉 百名店 WEST・公式掲載順 46/100）
HYK2021-3047	40000441	食べログ	焼肉 百名店	百名店	焼肉	2021	WEST	田無羅	福岡県	https://award.tabelog.com/hyakumeiten/yakiniku_west/2021	46232	店舗照合済	2021年百名店公式選出（焼肉 百名店 WEST・公式掲載順 47/100）
HYK2021-3048	27005121	食べログ	焼肉 百名店	百名店	焼肉	2021	WEST	板前焼肉 一斗 京橋支店	大阪府	https://award.tabelog.com/hyakumeiten/yakiniku_west/2021	46232	店舗照合済	2021年百名店公式選出（焼肉 百名店 WEST・公式掲載順 48/100）
HYK2021-3049	27113560	食べログ	焼肉 百名店	百名店	焼肉	2021	WEST	柘榴 奈良きみや 別邸	大阪府	https://award.tabelog.com/hyakumeiten/yakiniku_west/2021	46232	店舗照合済	2021年百名店公式選出（焼肉 百名店 WEST・公式掲載順 49/100）
HYK2021-3050	27001288	食べログ	焼肉 百名店	百名店	焼肉	2021	WEST	本家 とらちゃん 法善寺横丁店	大阪府	https://award.tabelog.com/hyakumeiten/yakiniku_west/2021	46232	店舗照合済	2021年百名店公式選出（焼肉 百名店 WEST・公式掲載順 50/100）
HYK2021-3051	27002139	食べログ	焼肉 百名店	百名店	焼肉	2021	WEST	大番	大阪府	https://award.tabelog.com/hyakumeiten/yakiniku_west/2021	46232	店舗照合済	2021年百名店公式選出（焼肉 百名店 WEST・公式掲載順 51/100）
HYK2021-3052	27000219	食べログ	焼肉 百名店	百名店	焼肉	2021	WEST	北新地 すがはら	大阪府	https://award.tabelog.com/hyakumeiten/yakiniku_west/2021	46232	店舗照合済	2021年百名店公式選出（焼肉 百名店 WEST・公式掲載順 52/100）
HYK2021-3053	45000767	食べログ	焼肉 百名店	百名店	焼肉	2021	WEST	焼肉 初栄	宮崎県	https://award.tabelog.com/hyakumeiten/yakiniku_west/2021	46232	店舗照合済	2021年百名店公式選出（焼肉 百名店 WEST・公式掲載順 53/100）
HYK2021-3054	27018922	食べログ	焼肉 百名店	百名店	焼肉	2021	WEST	和牛 まつした 本通り店	大阪府	https://award.tabelog.com/hyakumeiten/yakiniku_west/2021	46232	店舗照合済	2021年百名店公式選出（焼肉 百名店 WEST・公式掲載順 54/100）
HYK2021-3055	40043061	食べログ	焼肉 百名店	百名店	焼肉	2021	WEST	焼肉すどう 春吉	福岡県	https://award.tabelog.com/hyakumeiten/yakiniku_west/2021	46232	店舗照合済	2021年百名店公式選出（焼肉 百名店 WEST・公式掲載順 55/100）
HYK2021-3056	27040961	食べログ	焼肉 百名店	百名店	焼肉	2021	WEST	和牛焼肉 布上 本店	大阪府	https://award.tabelog.com/hyakumeiten/yakiniku_west/2021	46232	店舗照合済	2021年百名店公式選出（焼肉 百名店 WEST・公式掲載順 56/100）
HYK2021-3057	26001035	食べログ	焼肉 百名店	百名店	焼肉	2021	WEST	江畑	京都府	https://award.tabelog.com/hyakumeiten/yakiniku_west/2021	46232	店舗照合済	2021年百名店公式選出（焼肉 百名店 WEST・公式掲載順 57/100）
HYK2021-3058	27088182	食べログ	焼肉 百名店	百名店	焼肉	2021	WEST	万両 肥後橋店	大阪府	https://award.tabelog.com/hyakumeiten/yakiniku_west/2021	46232	店舗照合済	2021年百名店公式選出（焼肉 百名店 WEST・公式掲載順 58/100）
HYK2021-3059	26006045	食べログ	焼肉 百名店	百名店	焼肉	2021	WEST	はつだ	京都府	https://award.tabelog.com/hyakumeiten/yakiniku_west/2021	46232	店舗照合済	2021年百名店公式選出（焼肉 百名店 WEST・公式掲載順 59/100）
HYK2021-3060	40000443	食べログ	焼肉 百名店	百名店	焼肉	2021	WEST	利花苑 大名本店	福岡県	https://award.tabelog.com/hyakumeiten/yakiniku_west/2021	46232	店舗照合済	2021年百名店公式選出（焼肉 百名店 WEST・公式掲載順 60/100）
HYK2021-3061	28005344	食べログ	焼肉 百名店	百名店	焼肉	2021	WEST	きらく	兵庫県	https://award.tabelog.com/hyakumeiten/yakiniku_west/2021	46232	店舗照合済	2021年百名店公式選出（焼肉 百名店 WEST・公式掲載順 61/100）
HYK2021-3062	47001554	食べログ	焼肉 百名店	百名店	焼肉	2021	WEST	石垣島 きたうち牧場 美崎店	沖縄県	https://award.tabelog.com/hyakumeiten/yakiniku_west/2021	46232	店舗照合済	2021年百名店公式選出（焼肉 百名店 WEST・公式掲載順 62/100）
HYK2021-3063	27023459	食べログ	焼肉 百名店	百名店	焼肉	2021	WEST	焼肉 かっぱ梶岡	大阪府	https://award.tabelog.com/hyakumeiten/yakiniku_west/2021	46232	店舗照合済	2021年百名店公式選出（焼肉 百名店 WEST・公式掲載順 63/100）
HYK2021-3064	28031858	食べログ	焼肉 百名店	百名店	焼肉	2021	WEST	焼肉&グリル　貴坂	兵庫県	https://award.tabelog.com/hyakumeiten/yakiniku_west/2021	46232	店舗照合済	2021年百名店公式選出（焼肉 百名店 WEST・公式掲載順 64/100）
HYK2021-3065	28042651	食べログ	焼肉 百名店	百名店	焼肉	2021	WEST	オカダ食品株式会社	兵庫県	https://award.tabelog.com/hyakumeiten/yakiniku_west/2021	46232	店舗照合済	2021年百名店公式選出（焼肉 百名店 WEST・公式掲載順 65/100）
HYK2021-3066	27003763	食べログ	焼肉 百名店	百名店	焼肉	2021	WEST	万両 東天満店	大阪府	https://award.tabelog.com/hyakumeiten/yakiniku_west/2021	46232	店舗照合済	2021年百名店公式選出（焼肉 百名店 WEST・公式掲載順 66/100）
HYK2021-3067	27111285	食べログ	焼肉 百名店	百名店	焼肉	2021	WEST	焼肉 きたん	大阪府	https://award.tabelog.com/hyakumeiten/yakiniku_west/2021	46232	店舗照合済	2021年百名店公式選出（焼肉 百名店 WEST・公式掲載順 67/100）
HYK2021-3068	26007977	食べログ	焼肉 百名店	百名店	焼肉	2021	WEST	ニュー万長	京都府	https://award.tabelog.com/hyakumeiten/yakiniku_west/2021	46232	店舗照合済	2021年百名店公式選出（焼肉 百名店 WEST・公式掲載順 68/100）
HYK2021-3069	27086935	食べログ	焼肉 百名店	百名店	焼肉	2021	WEST	和牛 まつした 上通り店	大阪府	https://award.tabelog.com/hyakumeiten/yakiniku_west/2021	46232	店舗照合済	2021年百名店公式選出（焼肉 百名店 WEST・公式掲載順 69/100）
HYK2021-3070	24000064	食べログ	焼肉 百名店	百名店	焼肉	2021	WEST	宮本屋	三重県	https://award.tabelog.com/hyakumeiten/yakiniku_west/2021	46232	店舗照合済	2021年百名店公式選出（焼肉 百名店 WEST・公式掲載順 70/100）
HYK2021-3071	24000073	食べログ	焼肉 百名店	百名店	焼肉	2021	WEST	一升びん 本店	三重県	https://award.tabelog.com/hyakumeiten/yakiniku_west/2021	46232	店舗照合済	2021年百名店公式選出（焼肉 百名店 WEST・公式掲載順 71/100）
HYK2021-3072	40001664	食べログ	焼肉 百名店	百名店	焼肉	2021	WEST	大東園 本店	福岡県	https://award.tabelog.com/hyakumeiten/yakiniku_west/2021	46232	店舗照合済	2021年百名店公式選出（焼肉 百名店 WEST・公式掲載順 72/100）
HYK2021-3073	27001294	食べログ	焼肉 百名店	百名店	焼肉	2021	WEST	空 道頓堀店	大阪府	https://award.tabelog.com/hyakumeiten/yakiniku_west/2021	46232	店舗照合済	2021年百名店公式選出（焼肉 百名店 WEST・公式掲載順 73/100）
HYK2021-3074	27052134	食べログ	焼肉 百名店	百名店	焼肉	2021	WEST	生ホルモン処 おさむちゃん。	大阪府	https://award.tabelog.com/hyakumeiten/yakiniku_west/2021	46232	店舗照合済	2021年百名店公式選出（焼肉 百名店 WEST・公式掲載順 74/100）
HYK2021-3075	26002078	食べログ	焼肉 百名店	百名店	焼肉	2021	WEST	多来多来	京都府	https://award.tabelog.com/hyakumeiten/yakiniku_west/2021	46232	店舗照合済	2021年百名店公式選出（焼肉 百名店 WEST・公式掲載順 75/100）
HYK2021-3076	47000337	食べログ	焼肉 百名店	百名店	焼肉	2021	WEST	満味	沖縄県	https://award.tabelog.com/hyakumeiten/yakiniku_west/2021	46232	店舗照合済	2021年百名店公式選出（焼肉 百名店 WEST・公式掲載順 76/100）
HYK2021-3077	27004369	食べログ	焼肉 百名店	百名店	焼肉	2021	WEST	朋苑	大阪府	https://award.tabelog.com/hyakumeiten/yakiniku_west/2021	46232	店舗照合済	2021年百名店公式選出（焼肉 百名店 WEST・公式掲載順 77/100）
HYK2021-3078	26008216	食べログ	焼肉 百名店	百名店	焼肉	2021	WEST	川もり	京都府	https://award.tabelog.com/hyakumeiten/yakiniku_west/2021	46232	店舗照合済	2021年百名店公式選出（焼肉 百名店 WEST・公式掲載順 78/100）
HYK2021-3079	27019684	食べログ	焼肉 百名店	百名店	焼肉	2021	WEST	哲	大阪府	https://award.tabelog.com/hyakumeiten/yakiniku_west/2021	46232	店舗照合済	2021年百名店公式選出（焼肉 百名店 WEST・公式掲載順 79/100）
HYK2021-3080	28007472	食べログ	焼肉 百名店	百名店	焼肉	2021	WEST	鶴屋	兵庫県	https://award.tabelog.com/hyakumeiten/yakiniku_west/2021	46232	店舗照合済	2021年百名店公式選出（焼肉 百名店 WEST・公式掲載順 80/100）
HYK2021-3081	27010644	食べログ	焼肉 百名店	百名店	焼肉	2021	WEST	蔓牛	大阪府	https://award.tabelog.com/hyakumeiten/yakiniku_west/2021	46232	店舗照合済	2021年百名店公式選出（焼肉 百名店 WEST・公式掲載順 81/100）
HYK2021-3082	27013555	食べログ	焼肉 百名店	百名店	焼肉	2021	WEST	万両 天神橋店	大阪府	https://award.tabelog.com/hyakumeiten/yakiniku_west/2021	46232	店舗照合済	2021年百名店公式選出（焼肉 百名店 WEST・公式掲載順 82/100）
HYK2021-3083	43008422	食べログ	焼肉 百名店	百名店	焼肉	2021	WEST	焼肉すどう 熊本本店	熊本県	https://award.tabelog.com/hyakumeiten/yakiniku_west/2021	46232	店舗照合済	2021年百名店公式選出（焼肉 百名店 WEST・公式掲載順 83/100）
HYK2021-3084	27015864	食べログ	焼肉 百名店	百名店	焼肉	2021	WEST	松蘭	大阪府	https://award.tabelog.com/hyakumeiten/yakiniku_west/2021	46232	店舗照合済	2021年百名店公式選出（焼肉 百名店 WEST・公式掲載順 84/100）
HYK2021-3085	26035839	食べログ	焼肉 百名店	百名店	焼肉	2021	WEST	焼肉やまちゃん	京都府	https://award.tabelog.com/hyakumeiten/yakiniku_west/2021	46232	店舗照合済	2021年百名店公式選出（焼肉 百名店 WEST・公式掲載順 85/100）
HYK2021-3086	27000569	食べログ	焼肉 百名店	百名店	焼肉	2021	WEST	海南亭 鶴橋店	大阪府	https://award.tabelog.com/hyakumeiten/yakiniku_west/2021	46232	店舗照合済	2021年百名店公式選出（焼肉 百名店 WEST・公式掲載順 86/100）
HYK2021-3087	47000310	食べログ	焼肉 百名店	百名店	焼肉	2021	WEST	炭火焼肉たけさん亭	沖縄県	https://award.tabelog.com/hyakumeiten/yakiniku_west/2021	46232	店舗照合済	2021年百名店公式選出（焼肉 百名店 WEST・公式掲載順 87/100）
HYK2021-3088	28004023	食べログ	焼肉 百名店	百名店	焼肉	2021	WEST	炭火焼肉屋台 たじま屋	兵庫県	https://award.tabelog.com/hyakumeiten/yakiniku_west/2021	46232	店舗照合済	2021年百名店公式選出（焼肉 百名店 WEST・公式掲載順 88/100）
HYK2021-3089	47012014	食べログ	焼肉 百名店	百名店	焼肉	2021	WEST	喜八	沖縄県	https://award.tabelog.com/hyakumeiten/yakiniku_west/2021	46232	店舗照合済	2021年百名店公式選出（焼肉 百名店 WEST・公式掲載順 89/100）
HYK2021-3090	26006491	食べログ	焼肉 百名店	百名店	焼肉	2021	WEST	肉料理　荒川	京都府	https://award.tabelog.com/hyakumeiten/yakiniku_west/2021	46232	店舗照合済	2021年百名店公式選出（焼肉 百名店 WEST・公式掲載順 90/100）
HYK2021-3091	27090794	食べログ	焼肉 百名店	百名店	焼肉	2021	WEST	焼肉やっちゃん 京橋店	大阪府	https://award.tabelog.com/hyakumeiten/yakiniku_west/2021	46232	店舗照合済	2021年百名店公式選出（焼肉 百名店 WEST・公式掲載順 91/100）
HYK2021-3092	26028368	食べログ	焼肉 百名店	百名店	焼肉	2021	WEST	焼肉矢澤 京都	京都府	https://award.tabelog.com/hyakumeiten/yakiniku_west/2021	46232	店舗照合済	2021年百名店公式選出（焼肉 百名店 WEST・公式掲載順 92/100）
HYK2021-3093	27002882	食べログ	焼肉 百名店	百名店	焼肉	2021	WEST	明月館 上本町本店	大阪府	https://award.tabelog.com/hyakumeiten/yakiniku_west/2021	46232	店舗照合済	2021年百名店公式選出（焼肉 百名店 WEST・公式掲載順 93/100）
HYK2021-3094	26016840	食べログ	焼肉 百名店	百名店	焼肉	2021	WEST	焼肉 弘商店 烏丸錦	京都府	https://award.tabelog.com/hyakumeiten/yakiniku_west/2021	46232	店舗照合済	2021年百名店公式選出（焼肉 百名店 WEST・公式掲載順 94/100）
HYK2021-3095	26000080	食べログ	焼肉 百名店	百名店	焼肉	2021	WEST	アジェ 松原本店	京都府	https://award.tabelog.com/hyakumeiten/yakiniku_west/2021	46232	店舗照合済	2021年百名店公式選出（焼肉 百名店 WEST・公式掲載順 95/100）
HYK2021-3096	27015353	食べログ	焼肉 百名店	百名店	焼肉	2021	WEST	焼肉懐石 梅田 但馬屋	大阪府	https://award.tabelog.com/hyakumeiten/yakiniku_west/2021	46232	店舗照合済	2021年百名店公式選出（焼肉 百名店 WEST・公式掲載順 96/100）
HYK2021-3097	27001305	食べログ	焼肉 百名店	百名店	焼肉	2021	WEST	肉匠なか田 本店	大阪府	https://award.tabelog.com/hyakumeiten/yakiniku_west/2021	46232	店舗照合済	2021年百名店公式選出（焼肉 百名店 WEST・公式掲載順 97/100）
HYK2021-3098	27019581	食べログ	焼肉 百名店	百名店	焼肉	2021	WEST	焼肉萬野 天王寺店	大阪府	https://award.tabelog.com/hyakumeiten/yakiniku_west/2021	46232	店舗照合済	2021年百名店公式選出（焼肉 百名店 WEST・公式掲載順 98/100）
HYK2021-3099	27046669	食べログ	焼肉 百名店	百名店	焼肉	2021	WEST	厳選和牛 焼肉 犇屋 天満本店	大阪府	https://award.tabelog.com/hyakumeiten/yakiniku_west/2021	46232	店舗照合済	2021年百名店公式選出（焼肉 百名店 WEST・公式掲載順 99/100）
HYK2021-3100	27000564	食べログ	焼肉 百名店	百名店	焼肉	2021	WEST	空 鶴橋総本店	大阪府	https://award.tabelog.com/hyakumeiten/yakiniku_west/2021	46232	店舗照合済	2021年百名店公式選出（焼肉 百名店 WEST・公式掲載順 100/100）
HYK2021-3101	13041029	食べログ	焼鳥 百名店	百名店	焼鳥	2021	全国	鳥しき	東京都	https://award.tabelog.com/hyakumeiten/yakitori/2021	46232	店舗照合済	2021年百名店公式選出（焼鳥 百名店 全国・公式掲載順 1/100）
HYK2021-3102	13162562	食べログ	焼鳥 百名店	百名店	焼鳥	2021	全国	遊	東京都	https://award.tabelog.com/hyakumeiten/yakitori/2021	46232	店舗照合済	2021年百名店公式選出（焼鳥 百名店 全国・公式掲載順 2/100）
HYK2021-3103	13197391	食べログ	焼鳥 百名店	百名店	焼鳥	2021	全国	やきとり阿部	東京都	https://award.tabelog.com/hyakumeiten/yakitori/2021	46232	店舗照合済	2021年百名店公式選出（焼鳥 百名店 全国・公式掲載順 3/100）
HYK2021-3104	13002213	食べログ	焼鳥 百名店	百名店	焼鳥	2021	全国	益子	東京都	https://award.tabelog.com/hyakumeiten/yakitori/2021	46232	店舗照合済	2021年百名店公式選出（焼鳥 百名店 全国・公式掲載順 4/100）
HYK2021-3105	14000552	食べログ	焼鳥 百名店	百名店	焼鳥	2021	全国	伸喜	神奈川県	https://award.tabelog.com/hyakumeiten/yakitori/2021	46232	店舗照合済	2021年百名店公式選出（焼鳥 百名店 全国・公式掲載順 5/100）
HYK2021-3106	40001934	食べログ	焼鳥 百名店	百名店	焼鳥	2021	全国	焼き鳥 とりら	福岡県	https://award.tabelog.com/hyakumeiten/yakitori/2021	46232	店舗照合済	2021年百名店公式選出（焼鳥 百名店 全国・公式掲載順 6/100）
HYK2021-3107	13171563	食べログ	焼鳥 百名店	百名店	焼鳥	2021	全国	焼き鳥 瀧口	東京都	https://award.tabelog.com/hyakumeiten/yakitori/2021	46232	店舗照合済	2021年百名店公式選出（焼鳥 百名店 全国・公式掲載順 7/100）
HYK2021-3108	13026017	食べログ	焼鳥 百名店	百名店	焼鳥	2021	全国	とり喜	東京都	https://award.tabelog.com/hyakumeiten/yakitori/2021	46232	店舗照合済	2021年百名店公式選出（焼鳥 百名店 全国・公式掲載順 8/100）
HYK2021-3109	13128870	食べログ	焼鳥 百名店	百名店	焼鳥	2021	全国	鳥恵 上野広小路店	東京都	https://award.tabelog.com/hyakumeiten/yakitori/2021	46232	店舗照合済	2021年百名店公式選出（焼鳥 百名店 全国・公式掲載順 9/100）
HYK2021-3110	13240980	食べログ	焼鳥 百名店	百名店	焼鳥	2021	全国	オオクサ	東京都	https://award.tabelog.com/hyakumeiten/yakitori/2021	46232	店舗照合済	2021年百名店公式選出（焼鳥 百名店 全国・公式掲載順 10/100）
HYK2021-3111	14001650	食べログ	焼鳥 百名店	百名店	焼鳥	2021	全国	里葉亭	神奈川県	https://award.tabelog.com/hyakumeiten/yakitori/2021	46232	店舗照合済	2021年百名店公式選出（焼鳥 百名店 全国・公式掲載順 11/100）
HYK2021-3112	13059154	食べログ	焼鳥 百名店	百名店	焼鳥	2021	全国	白金 酉玉 神楽坂店	東京都	https://award.tabelog.com/hyakumeiten/yakitori/2021	46232	店舗照合済	2021年百名店公式選出（焼鳥 百名店 全国・公式掲載順 12/100）
HYK2021-3113	13000127	食べログ	焼鳥 百名店	百名店	焼鳥	2021	全国	伊勢廣 帝劇店	東京都	https://award.tabelog.com/hyakumeiten/yakitori/2021	46232	店舗照合済	2021年百名店公式選出（焼鳥 百名店 全国・公式掲載順 13/100）
HYK2021-3114	26005610	食べログ	焼鳥 百名店	百名店	焼鳥	2021	全国	炭焼創彩鳥家 人見	京都府	https://award.tabelog.com/hyakumeiten/yakitori/2021	46232	店舗照合済	2021年百名店公式選出（焼鳥 百名店 全国・公式掲載順 14/100）
HYK2021-3115	13092061	食べログ	焼鳥 百名店	百名店	焼鳥	2021	全国	蒼天 南口店	東京都	https://award.tabelog.com/hyakumeiten/yakitori/2021	46232	店舗照合済	2021年百名店公式選出（焼鳥 百名店 全国・公式掲載順 15/100）
HYK2021-3116	13026225	食べログ	焼鳥 百名店	百名店	焼鳥	2021	全国	阿佐ヶ谷バードランド	東京都	https://award.tabelog.com/hyakumeiten/yakitori/2021	46232	店舗照合済	2021年百名店公式選出（焼鳥 百名店 全国・公式掲載順 16/100）
HYK2021-3117	13000174	食べログ	焼鳥 百名店	百名店	焼鳥	2021	全国	伊勢廣 ニューオータニ店	東京都	https://award.tabelog.com/hyakumeiten/yakitori/2021	46232	店舗照合済	2021年百名店公式選出（焼鳥 百名店 全国・公式掲載順 17/100）
HYK2021-3118	13135959	食べログ	焼鳥 百名店	百名店	焼鳥	2021	全国	鳥さわ	東京都	https://award.tabelog.com/hyakumeiten/yakitori/2021	46232	店舗照合済	2021年百名店公式選出（焼鳥 百名店 全国・公式掲載順 18/100）
HYK2021-3119	27011662	食べログ	焼鳥 百名店	百名店	焼鳥	2021	全国	心斎橋かわぐち	大阪府	https://award.tabelog.com/hyakumeiten/yakitori/2021	46232	店舗照合済	2021年百名店公式選出（焼鳥 百名店 全国・公式掲載順 19/100）
HYK2021-3120	27080941	食べログ	焼鳥 百名店	百名店	焼鳥	2021	全国	熊の焼鳥 106	大阪府	https://award.tabelog.com/hyakumeiten/yakitori/2021	46232	店舗照合済	2021年百名店公式選出（焼鳥 百名店 全国・公式掲載順 20/100）
HYK2021-3121	13046105	食べログ	焼鳥 百名店	百名店	焼鳥	2021	全国	焼き鳥 丈参	東京都	https://award.tabelog.com/hyakumeiten/yakitori/2021	46232	店舗照合済	2021年百名店公式選出（焼鳥 百名店 全国・公式掲載順 21/100）
HYK2021-3122	28051479	食べログ	焼鳥 百名店	百名店	焼鳥	2021	全国	焼鳥 谷口	兵庫県	https://award.tabelog.com/hyakumeiten/yakitori/2021	46232	店舗照合済	2021年百名店公式選出（焼鳥 百名店 全国・公式掲載順 22/100）
HYK2021-3123	23005827	食べログ	焼鳥 百名店	百名店	焼鳥	2021	全国	きんぼし 伏見店	愛知県	https://award.tabelog.com/hyakumeiten/yakitori/2021	46232	店舗照合済	2021年百名店公式選出（焼鳥 百名店 全国・公式掲載順 23/100）
HYK2021-3124	13168868	食べログ	焼鳥 百名店	百名店	焼鳥	2021	全国	晩鶏	東京都	https://award.tabelog.com/hyakumeiten/yakitori/2021	46232	店舗照合済	2021年百名店公式選出（焼鳥 百名店 全国・公式掲載順 24/100）
HYK2021-3125	23001707	食べログ	焼鳥 百名店	百名店	焼鳥	2021	全国	きんぼし 今池店	愛知県	https://award.tabelog.com/hyakumeiten/yakitori/2021	46232	店舗照合済	2021年百名店公式選出（焼鳥 百名店 全国・公式掲載順 25/100）
HYK2021-3126	13003200	食べログ	焼鳥 百名店	百名店	焼鳥	2021	全国	鳥よし 中目黒本店	東京都	https://award.tabelog.com/hyakumeiten/yakitori/2021	46232	店舗照合済	2021年百名店公式選出（焼鳥 百名店 全国・公式掲載順 26/100）
HYK2021-3127	13144198	食べログ	焼鳥 百名店	百名店	焼鳥	2021	全国	中目黒 いぐち 本店	東京都	https://award.tabelog.com/hyakumeiten/yakitori/2021	46232	店舗照合済	2021年百名店公式選出（焼鳥 百名店 全国・公式掲載順 27/100）
HYK2021-3128	23047581	食べログ	焼鳥 百名店	百名店	焼鳥	2021	全国	大銀杏 栄店	愛知県	https://award.tabelog.com/hyakumeiten/yakitori/2021	46232	店舗照合済	2021年百名店公式選出（焼鳥 百名店 全国・公式掲載順 28/100）
HYK2021-3129	13120595	食べログ	焼鳥 百名店	百名店	焼鳥	2021	全国	宮新	東京都	https://award.tabelog.com/hyakumeiten/yakitori/2021	46232	店舗照合済	2021年百名店公式選出（焼鳥 百名店 全国・公式掲載順 29/100）
HYK2021-3130	13063782	食べログ	焼鳥 百名店	百名店	焼鳥	2021	全国	おが和	東京都	https://award.tabelog.com/hyakumeiten/yakitori/2021	46232	店舗照合済	2021年百名店公式選出（焼鳥 百名店 全国・公式掲載順 30/100）
HYK2021-3131	13002883	食べログ	焼鳥 百名店	百名店	焼鳥	2021	全国	鳥九	東京都	https://award.tabelog.com/hyakumeiten/yakitori/2021	46232	店舗照合済	2021年百名店公式選出（焼鳥 百名店 全国・公式掲載順 31/100）
HYK2021-3132	13114433	食べログ	焼鳥 百名店	百名店	焼鳥	2021	全国	床島	東京都	https://award.tabelog.com/hyakumeiten/yakitori/2021	46232	店舗照合済	2021年百名店公式選出（焼鳥 百名店 全国・公式掲載順 32/100）
HYK2021-3133	13054258	食べログ	焼鳥 百名店	百名店	焼鳥	2021	全国	酉の 荻窪店	東京都	https://award.tabelog.com/hyakumeiten/yakitori/2021	46232	店舗照合済	2021年百名店公式選出（焼鳥 百名店 全国・公式掲載順 33/100）
HYK2021-3134	13200559	食べログ	焼鳥 百名店	百名店	焼鳥	2021	全国	南青山 七鳥目	東京都	https://award.tabelog.com/hyakumeiten/yakitori/2021	46232	店舗照合済	2021年百名店公式選出（焼鳥 百名店 全国・公式掲載順 34/100）
HYK2021-3135	13116576	食べログ	焼鳥 百名店	百名店	焼鳥	2021	全国	串焼 大助	東京都	https://award.tabelog.com/hyakumeiten/yakitori/2021	46232	店舗照合済	2021年百名店公式選出（焼鳥 百名店 全国・公式掲載順 35/100）
HYK2021-3136	13008635	食べログ	焼鳥 百名店	百名店	焼鳥	2021	全国	江戸政	東京都	https://award.tabelog.com/hyakumeiten/yakitori/2021	46232	店舗照合済	2021年百名店公式選出（焼鳥 百名店 全国・公式掲載順 36/100）
HYK2021-3137	13187433	食べログ	焼鳥 百名店	百名店	焼鳥	2021	全国	焼鳥 山もと	東京都	https://award.tabelog.com/hyakumeiten/yakitori/2021	46232	店舗照合済	2021年百名店公式選出（焼鳥 百名店 全国・公式掲載順 37/100）
HYK2021-3138	13206654	食べログ	焼鳥 百名店	百名店	焼鳥	2021	全国	焼鳥 おみ乃	東京都	https://award.tabelog.com/hyakumeiten/yakitori/2021	46232	店舗照合済	2021年百名店公式選出（焼鳥 百名店 全国・公式掲載順 38/100）
HYK2021-3139	13222625	食べログ	焼鳥 百名店	百名店	焼鳥	2021	全国	鳥さわ22	東京都	https://award.tabelog.com/hyakumeiten/yakitori/2021	46232	店舗照合済	2021年百名店公式選出（焼鳥 百名店 全国・公式掲載順 39/100）
HYK2021-3140	13196727	食べログ	焼鳥 百名店	百名店	焼鳥	2021	全国	焼鳥 茜	東京都	https://award.tabelog.com/hyakumeiten/yakitori/2021	46232	店舗照合済	2021年百名店公式選出（焼鳥 百名店 全国・公式掲載順 40/100）
HYK2021-3141	27117938	食べログ	焼鳥 百名店	百名店	焼鳥	2021	全国	鳥匠 いし井	大阪府	https://award.tabelog.com/hyakumeiten/yakitori/2021	46232	店舗照合済	2021年百名店公式選出（焼鳥 百名店 全国・公式掲載順 41/100）
HYK2021-3142	27003697	食べログ	焼鳥 百名店	百名店	焼鳥	2021	全国	炭火焼とり 安喜	大阪府	https://award.tabelog.com/hyakumeiten/yakitori/2021	46232	店舗照合済	2021年百名店公式選出（焼鳥 百名店 全国・公式掲載順 42/100）
HYK2021-3143	13024966	食べログ	焼鳥 百名店	百名店	焼鳥	2021	全国	やきとり まさ吉	東京都	https://award.tabelog.com/hyakumeiten/yakitori/2021	46232	店舗照合済	2021年百名店公式選出（焼鳥 百名店 全国・公式掲載順 43/100）
HYK2021-3144	13001520	食べログ	焼鳥 百名店	百名店	焼鳥	2021	全国	三政	東京都	https://award.tabelog.com/hyakumeiten/yakitori/2021	46232	店舗照合済	2021年百名店公式選出（焼鳥 百名店 全国・公式掲載順 44/100）
HYK2021-3145	13147288	食べログ	焼鳥 百名店	百名店	焼鳥	2021	全国	吾妻家	東京都	https://award.tabelog.com/hyakumeiten/yakitori/2021	46232	店舗照合済	2021年百名店公式選出（焼鳥 百名店 全国・公式掲載順 45/100）
HYK2021-3146	14000551	食べログ	焼鳥 百名店	百名店	焼鳥	2021	全国	野毛末広	神奈川県	https://award.tabelog.com/hyakumeiten/yakitori/2021	46232	店舗照合済	2021年百名店公式選出（焼鳥 百名店 全国・公式掲載順 46/100）
HYK2021-3147	13208669	食べログ	焼鳥 百名店	百名店	焼鳥	2021	全国	鳥田中	東京都	https://award.tabelog.com/hyakumeiten/yakitori/2021	46232	店舗照合済	2021年百名店公式選出（焼鳥 百名店 全国・公式掲載順 47/100）
HYK2021-3148	14070995	食べログ	焼鳥 百名店	百名店	焼鳥	2021	全国	地葉	神奈川県	https://award.tabelog.com/hyakumeiten/yakitori/2021	46232	店舗照合済	2021年百名店公式選出（焼鳥 百名店 全国・公式掲載順 48/100）
HYK2021-3149	28007459	食べログ	焼鳥 百名店	百名店	焼鳥	2021	全国	炭火串焼専門店 鶏天	兵庫県	https://award.tabelog.com/hyakumeiten/yakitori/2021	46232	店舗照合済	2021年百名店公式選出（焼鳥 百名店 全国・公式掲載順 49/100）
HYK2021-3150	13001702	食べログ	焼鳥 百名店	百名店	焼鳥	2021	全国	鳥竹 総本店	東京都	https://award.tabelog.com/hyakumeiten/yakitori/2021	46232	店舗照合済	2021年百名店公式選出（焼鳥 百名店 全国・公式掲載順 50/100）
HYK2021-3151	27086735	食べログ	焼鳥 百名店	百名店	焼鳥	2021	全国	焼鳥みなみ	大阪府	https://award.tabelog.com/hyakumeiten/yakitori/2021	46232	店舗照合済	2021年百名店公式選出（焼鳥 百名店 全国・公式掲載順 51/100）
HYK2021-3152	13000055	食べログ	焼鳥 百名店	百名店	焼鳥	2021	全国	焼鳥 はちまん	東京都	https://award.tabelog.com/hyakumeiten/yakitori/2021	46232	店舗照合済	2021年百名店公式選出（焼鳥 百名店 全国・公式掲載順 52/100）
HYK2021-3153	13101685	食べログ	焼鳥 百名店	百名店	焼鳥	2021	全国	道しるべ	東京都	https://award.tabelog.com/hyakumeiten/yakitori/2021	46232	店舗照合済	2021年百名店公式選出（焼鳥 百名店 全国・公式掲載順 53/100）
HYK2021-3154	13003769	食べログ	焼鳥 百名店	百名店	焼鳥	2021	全国	バードコート	東京都	https://award.tabelog.com/hyakumeiten/yakitori/2021	46232	店舗照合済	2021年百名店公式選出（焼鳥 百名店 全国・公式掲載順 54/100）
HYK2021-3155	13012994	食べログ	焼鳥 百名店	百名店	焼鳥	2021	全国	世良田	東京都	https://award.tabelog.com/hyakumeiten/yakitori/2021	46232	店舗照合済	2021年百名店公式選出（焼鳥 百名店 全国・公式掲載順 55/100）
HYK2021-3156	27013209	食べログ	焼鳥 百名店	百名店	焼鳥	2021	全国	焼鳥 市松	大阪府	https://award.tabelog.com/hyakumeiten/yakitori/2021	46232	店舗照合済	2021年百名店公式選出（焼鳥 百名店 全国・公式掲載順 56/100）
HYK2021-3157	23001704	食べログ	焼鳥 百名店	百名店	焼鳥	2021	全国	千亀	愛知県	https://award.tabelog.com/hyakumeiten/yakitori/2021	46232	店舗照合済	2021年百名店公式選出（焼鳥 百名店 全国・公式掲載順 57/100）
HYK2021-3158	13246437	食べログ	焼鳥 百名店	百名店	焼鳥	2021	全国	BLESS	東京都	https://award.tabelog.com/hyakumeiten/yakitori/2021	46232	店舗照合済	2021年百名店公式選出（焼鳥 百名店 全国・公式掲載順 58/100）
HYK2021-3159	13116757	食べログ	焼鳥 百名店	百名店	焼鳥	2021	全国	どろまみれ	東京都	https://award.tabelog.com/hyakumeiten/yakitori/2021	46232	店舗照合済	2021年百名店公式選出（焼鳥 百名店 全国・公式掲載順 59/100）
HYK2021-3160	21012245	食べログ	焼鳥 百名店	百名店	焼鳥	2021	全国	焼鳥 みずき	岐阜県	https://award.tabelog.com/hyakumeiten/yakitori/2021	46232	店舗照合済	2021年百名店公式選出（焼鳥 百名店 全国・公式掲載順 60/100）
HYK2021-3161	13058892	食べログ	焼鳥 百名店	百名店	焼鳥	2021	全国	鳥長	東京都	https://award.tabelog.com/hyakumeiten/yakitori/2021	46232	店舗照合済	2021年百名店公式選出（焼鳥 百名店 全国・公式掲載順 61/100）
HYK2021-3162	13011406	食べログ	焼鳥 百名店	百名店	焼鳥	2021	全国	文ちゃん	東京都	https://award.tabelog.com/hyakumeiten/yakitori/2021	46232	店舗照合済	2021年百名店公式選出（焼鳥 百名店 全国・公式掲載順 62/100）
HYK2021-3163	13202530	食べログ	焼鳥 百名店	百名店	焼鳥	2021	全国	鳥かど	東京都	https://award.tabelog.com/hyakumeiten/yakitori/2021	46232	店舗照合済	2021年百名店公式選出（焼鳥 百名店 全国・公式掲載順 63/100）
HYK2021-3164	13005034	食べログ	焼鳥 百名店	百名店	焼鳥	2021	全国	鳥善 瀬尾	東京都	https://award.tabelog.com/hyakumeiten/yakitori/2021	46232	店舗照合済	2021年百名店公式選出（焼鳥 百名店 全国・公式掲載順 64/100）
HYK2021-3165	13058653	食べログ	焼鳥 百名店	百名店	焼鳥	2021	全国	鳥はな	東京都	https://award.tabelog.com/hyakumeiten/yakitori/2021	46232	店舗照合済	2021年百名店公式選出（焼鳥 百名店 全国・公式掲載順 65/100）
HYK2021-3166	28008517	食べログ	焼鳥 百名店	百名店	焼鳥	2021	全国	鶏一途	兵庫県	https://award.tabelog.com/hyakumeiten/yakitori/2021	46232	店舗照合済	2021年百名店公式選出（焼鳥 百名店 全国・公式掲載順 66/100）
HYK2021-3167	26033122	食べログ	焼鳥 百名店	百名店	焼鳥	2021	全国	鳥さき	京都府	https://award.tabelog.com/hyakumeiten/yakitori/2021	46232	店舗照合済	2021年百名店公式選出（焼鳥 百名店 全国・公式掲載順 67/100）
HYK2021-3168	14064998	食べログ	焼鳥 百名店	百名店	焼鳥	2021	全国	焼鳥 美鶏	神奈川県	https://award.tabelog.com/hyakumeiten/yakitori/2021	46232	店舗照合済	2021年百名店公式選出（焼鳥 百名店 全国・公式掲載順 68/100）
HYK2021-3169	13002903	食べログ	焼鳥 百名店	百名店	焼鳥	2021	全国	鳥与志	東京都	https://award.tabelog.com/hyakumeiten/yakitori/2021	46232	店舗照合済	2021年百名店公式選出（焼鳥 百名店 全国・公式掲載順 69/100）
HYK2021-3170	13005504	食べログ	焼鳥 百名店	百名店	焼鳥	2021	全国	白金 酉玉 本館	東京都	https://award.tabelog.com/hyakumeiten/yakitori/2021	46232	店舗照合済	2021年百名店公式選出（焼鳥 百名店 全国・公式掲載順 70/100）
HYK2021-3171	13020372	食べログ	焼鳥 百名店	百名店	焼鳥	2021	全国	ぎたろう軍鶏 炭火焼鳥 たかはし	東京都	https://award.tabelog.com/hyakumeiten/yakitori/2021	46232	店舗照合済	2021年百名店公式選出（焼鳥 百名店 全国・公式掲載順 71/100）
HYK2021-3172	13130757	食べログ	焼鳥 百名店	百名店	焼鳥	2021	全国	焼鳥 うの	東京都	https://award.tabelog.com/hyakumeiten/yakitori/2021	46232	店舗照合済	2021年百名店公式選出（焼鳥 百名店 全国・公式掲載順 72/100）
HYK2021-3173	27092024	食べログ	焼鳥 百名店	百名店	焼鳥	2021	全国	炭火焼鳥コクレ	大阪府	https://award.tabelog.com/hyakumeiten/yakitori/2021	46232	店舗照合済	2021年百名店公式選出（焼鳥 百名店 全国・公式掲載順 73/100）
HYK2021-3174	13158357	食べログ	焼鳥 百名店	百名店	焼鳥	2021	全国	焼鳥 おがわ	東京都	https://award.tabelog.com/hyakumeiten/yakitori/2021	46232	店舗照合済	2021年百名店公式選出（焼鳥 百名店 全国・公式掲載順 74/100）
HYK2021-3175	13157208	食べログ	焼鳥 百名店	百名店	焼鳥	2021	全国	とり茶太郎	東京都	https://award.tabelog.com/hyakumeiten/yakitori/2021	46232	店舗照合済	2021年百名店公式選出（焼鳥 百名店 全国・公式掲載順 75/100）
HYK2021-3176	13025995	食べログ	焼鳥 百名店	百名店	焼鳥	2021	全国	焼鳥今井	東京都	https://award.tabelog.com/hyakumeiten/yakitori/2021	46232	店舗照合済	2021年百名店公式選出（焼鳥 百名店 全国・公式掲載順 76/100）
HYK2021-3177	13230923	食べログ	焼鳥 百名店	百名店	焼鳥	2021	全国	鍈輝	東京都	https://award.tabelog.com/hyakumeiten/yakitori/2021	46232	店舗照合済	2021年百名店公式選出（焼鳥 百名店 全国・公式掲載順 77/100）
HYK2021-3178	27002614	食べログ	焼鳥 百名店	百名店	焼鳥	2021	全国	かしわや 闘鶏	大阪府	https://award.tabelog.com/hyakumeiten/yakitori/2021	46232	店舗照合済	2021年百名店公式選出（焼鳥 百名店 全国・公式掲載順 78/100）
HYK2021-3179	13034775	食べログ	焼鳥 百名店	百名店	焼鳥	2021	全国	炭焼き よし鳥	東京都	https://award.tabelog.com/hyakumeiten/yakitori/2021	46232	店舗照合済	2021年百名店公式選出（焼鳥 百名店 全国・公式掲載順 79/100）
HYK2021-3180	27001234	食べログ	焼鳥 百名店	百名店	焼鳥	2021	全国	あやむ屋	大阪府	https://award.tabelog.com/hyakumeiten/yakitori/2021	46232	店舗照合済	2021年百名店公式選出（焼鳥 百名店 全国・公式掲載順 80/100）
HYK2021-3181	13000542	食べログ	焼鳥 百名店	百名店	焼鳥	2021	全国	栄一	東京都	https://award.tabelog.com/hyakumeiten/yakitori/2021	46232	店舗照合済	2021年百名店公式選出（焼鳥 百名店 全国・公式掲載順 81/100）
HYK2021-3182	13008082	食べログ	焼鳥 百名店	百名店	焼鳥	2021	全国	やき鳥 宮川	東京都	https://award.tabelog.com/hyakumeiten/yakitori/2021	46232	店舗照合済	2021年百名店公式選出（焼鳥 百名店 全国・公式掲載順 82/100）
HYK2021-3183	13014241	食べログ	焼鳥 百名店	百名店	焼鳥	2021	全国	地鶏屋	東京都	https://award.tabelog.com/hyakumeiten/yakitori/2021	46232	店舗照合済	2021年百名店公式選出（焼鳥 百名店 全国・公式掲載順 83/100）
HYK2021-3184	27049377	食べログ	焼鳥 百名店	百名店	焼鳥	2021	全国	炭焼巧房 源	大阪府	https://award.tabelog.com/hyakumeiten/yakitori/2021	46232	店舗照合済	2021年百名店公式選出（焼鳥 百名店 全国・公式掲載順 84/100）
HYK2021-3185	40005228	食べログ	焼鳥 百名店	百名店	焼鳥	2021	全国	かわ屋	福岡県	https://award.tabelog.com/hyakumeiten/yakitori/2021	46232	店舗照合済	2021年百名店公式選出（焼鳥 百名店 全国・公式掲載順 85/100）
HYK2021-3186	27060726	食べログ	焼鳥 百名店	百名店	焼鳥	2021	全国	炭火焼鳥 きち蔵	大阪府	https://award.tabelog.com/hyakumeiten/yakitori/2021	46232	店舗照合済	2021年百名店公式選出（焼鳥 百名店 全国・公式掲載順 86/100）
HYK2021-3187	23032616	食べログ	焼鳥 百名店	百名店	焼鳥	2021	全国	炭焼 ちきんかばぶ	愛知県	https://award.tabelog.com/hyakumeiten/yakitori/2021	46232	店舗照合済	2021年百名店公式選出（焼鳥 百名店 全国・公式掲載順 87/100）
HYK2021-3188	13045529	食べログ	焼鳥 百名店	百名店	焼鳥	2021	全国	鳥焼 笹や	東京都	https://award.tabelog.com/hyakumeiten/yakitori/2021	46232	店舗照合済	2021年百名店公式選出（焼鳥 百名店 全国・公式掲載順 88/100）
HYK2021-3189	13147468	食べログ	焼鳥 百名店	百名店	焼鳥	2021	全国	焼鳥 瀬尾	東京都	https://award.tabelog.com/hyakumeiten/yakitori/2021	46232	店舗照合済	2021年百名店公式選出（焼鳥 百名店 全国・公式掲載順 89/100）
HYK2021-3190	13001787	食べログ	焼鳥 百名店	百名店	焼鳥	2021	全国	渋谷 森本	東京都	https://award.tabelog.com/hyakumeiten/yakitori/2021	46232	店舗照合済	2021年百名店公式選出（焼鳥 百名店 全国・公式掲載順 90/100）
HYK2021-3191	13001258	食べログ	焼鳥 百名店	百名店	焼鳥	2021	全国	鳥政	東京都	https://award.tabelog.com/hyakumeiten/yakitori/2021	46232	店舗照合済	2021年百名店公式選出（焼鳥 百名店 全国・公式掲載順 91/100）
HYK2021-3192	13007710	食べログ	焼鳥 百名店	百名店	焼鳥	2021	全国	武ちゃん	東京都	https://award.tabelog.com/hyakumeiten/yakitori/2021	46232	店舗照合済	2021年百名店公式選出（焼鳥 百名店 全国・公式掲載順 92/100）
HYK2021-3193	13281125	食べログ	焼鳥 百名店	百名店	焼鳥	2021	全国	鳥おか	東京都	https://award.tabelog.com/hyakumeiten/yakitori/2021	46232	店舗照合済	2021年百名店公式選出（焼鳥 百名店 全国・公式掲載順 93/100）
HYK2021-3194	28045767	食べログ	焼鳥 百名店	百名店	焼鳥	2021	全国	焼鳥 かさ原	兵庫県	https://award.tabelog.com/hyakumeiten/yakitori/2021	46232	店舗照合済	2021年百名店公式選出（焼鳥 百名店 全国・公式掲載順 94/100）
HYK2021-3195	27112024	食べログ	焼鳥 百名店	百名店	焼鳥	2021	全国	吾一	大阪府	https://award.tabelog.com/hyakumeiten/yakitori/2021	46232	店舗照合済	2021年百名店公式選出（焼鳥 百名店 全国・公式掲載順 95/100）
HYK2021-3196	13016582	食べログ	焼鳥 百名店	百名店	焼鳥	2021	全国	鳥よし 銀座店	東京都	https://award.tabelog.com/hyakumeiten/yakitori/2021	46232	店舗照合済	2021年百名店公式選出（焼鳥 百名店 全国・公式掲載順 96/100）
HYK2021-3197	13111237	食べログ	焼鳥 百名店	百名店	焼鳥	2021	全国	ヒヨク之トリ	東京都	https://award.tabelog.com/hyakumeiten/yakitori/2021	46232	店舗照合済	2021年百名店公式選出（焼鳥 百名店 全国・公式掲載順 97/100）
HYK2021-3198	13004097	食べログ	焼鳥 百名店	百名店	焼鳥	2021	全国	銀座バードランド	東京都	https://award.tabelog.com/hyakumeiten/yakitori/2021	46232	店舗照合済	2021年百名店公式選出（焼鳥 百名店 全国・公式掲載順 98/100）
HYK2021-3199	27052799	食べログ	焼鳥 百名店	百名店	焼鳥	2021	全国	焼鳥YAMATO	大阪府	https://award.tabelog.com/hyakumeiten/yakitori/2021	46232	店舗照合済	2021年百名店公式選出（焼鳥 百名店 全国・公式掲載順 99/100）
HYK2021-3200	13109775	食べログ	焼鳥 百名店	百名店	焼鳥	2021	全国	Shaji	東京都	https://award.tabelog.com/hyakumeiten/yakitori/2021	46232	店舗照合済	2021年百名店公式選出（焼鳥 百名店 全国・公式掲載順 100/100）
TBA2021-G-001	26016833	食べログ	The Tabelog Award	Gold	日本料理	2021	全国	飯田	京都府	https://award.tabelog.com/2021/restaurants/gold	46232	店舗照合済	The Tabelog Award 2021 Gold（公式掲載順 1）
TBA2021-G-002	13121866	食べログ	The Tabelog Award	Gold	フレンチ	2021	全国	エクアトゥール	東京都	https://award.tabelog.com/2021/restaurants/gold	46232	店舗照合済	The Tabelog Award 2021 Gold（公式掲載順 2）
TBA2021-G-003	26012136	食べログ	The Tabelog Award	Gold	日本料理	2021	全国	緒方	京都府	https://award.tabelog.com/2021/restaurants/gold	46232	店舗照合済	The Tabelog Award 2021 Gold（公式掲載順 3）
TBA2021-G-004	17011166	食べログ	The Tabelog Award	Gold	日本料理	2021	全国	片折	石川県	https://award.tabelog.com/2021/restaurants/gold	46232	店舗照合済	The Tabelog Award 2021 Gold（公式掲載順 4）
TBA2021-G-005	13159567	食べログ	The Tabelog Award	Gold	フレンチ	2021	全国	カンテサンス	東京都	https://award.tabelog.com/2021/restaurants/gold	46232	店舗照合済	The Tabelog Award 2021 Gold（公式掲載順 5）
TBA2021-G-006	26029017	食べログ	The Tabelog Award	Gold	日本料理	2021	全国	木山	京都府	https://award.tabelog.com/2021/restaurants/gold	46232	店舗照合済	The Tabelog Award 2021 Gold（公式掲載順 6）
TBA2021-G-007	13200949	食べログ	The Tabelog Award	Gold	日本料理	2021	全国	銀座 しのはら	東京都	https://award.tabelog.com/2021/restaurants/gold	46232	店舗照合済	The Tabelog Award 2021 Gold（公式掲載順 7）
TBA2021-G-008	27088894	食べログ	The Tabelog Award	Gold	フレンチ	2021	全国	コントワール フー	大阪府	https://award.tabelog.com/2021/restaurants/gold	46232	店舗照合済	The Tabelog Award 2021 Gold（公式掲載順 8）
TBA2021-G-009	13205298	食べログ	The Tabelog Award	Gold	中華料理	2021	全国	茶禅華	東京都	https://award.tabelog.com/2021/restaurants/gold	46232	店舗照合済	The Tabelog Award 2021 Gold（公式掲載順 9）
TBA2021-G-010	13001043	食べログ	The Tabelog Award	Gold	寿司	2021	全国	さわ田	東京都	https://award.tabelog.com/2021/restaurants/gold	46232	店舗照合済	The Tabelog Award 2021 Gold（公式掲載順 10）
TBA2021-G-011	22019273	食べログ	The Tabelog Award	Gold	うなぎ	2021	全国	瞬	静岡県	https://award.tabelog.com/2021/restaurants/gold	46232	店舗照合済	The Tabelog Award 2021 Gold（公式掲載順 11）
TBA2021-G-012	13136847	食べログ	The Tabelog Award	Gold	日本料理	2021	全国	新ばし 星野	東京都	https://award.tabelog.com/2021/restaurants/gold	46232	店舗照合済	The Tabelog Award 2021 Gold（公式掲載順 12）
TBA2021-G-013	13188186	食べログ	The Tabelog Award	Gold	寿司	2021	全国	鮨 あらい	東京都	https://award.tabelog.com/2021/restaurants/gold	46232	店舗照合済	The Tabelog Award 2021 Gold（公式掲載順 13）
TBA2021-G-014	1044489	食べログ	The Tabelog Award	Gold	寿司	2021	全国	鮨 一幸	北海道	https://award.tabelog.com/2021/restaurants/gold	46232	店舗照合済	The Tabelog Award 2021 Gold（公式掲載順 14）
TBA2021-G-015	13015251	食べログ	The Tabelog Award	Gold	寿司	2021	全国	鮨 さいとう	東京都	https://award.tabelog.com/2021/restaurants/gold	46232	店舗照合済	The Tabelog Award 2021 Gold（公式掲載順 15）
TBA2021-G-016	17000700	食べログ	The Tabelog Award	Gold	寿司	2021	全国	すし処 めくみ	石川県	https://award.tabelog.com/2021/restaurants/gold	46232	店舗照合済	The Tabelog Award 2021 Gold（公式掲載順 16）
TBA2021-G-017	13219857	食べログ	The Tabelog Award	Gold	寿司	2021	全国	鮨 なんば 日比谷	東京都	https://award.tabelog.com/2021/restaurants/gold	46232	店舗照合済	The Tabelog Award 2021 Gold（公式掲載順 17）
TBA2021-G-018	13203796	食べログ	The Tabelog Award	Gold	イノベーティブ・フュージョン	2021	全国	CHIUnE	東京都	https://award.tabelog.com/2021/restaurants/gold	46232	店舗照合済	The Tabelog Award 2021 Gold（公式掲載順 18）
TBA2021-G-019	40000415	食べログ	The Tabelog Award	Gold	寿司	2021	全国	近松	福岡県	https://award.tabelog.com/2021/restaurants/gold	46232	店舗照合済	The Tabelog Award 2021 Gold（公式掲載順 19）
TBA2021-G-020	40000721	食べログ	The Tabelog Award	Gold	寿司	2021	全国	天寿し 京町店	福岡県	https://award.tabelog.com/2021/restaurants/gold	46232	店舗照合済	The Tabelog Award 2021 Gold（公式掲載順 20）
TBA2021-G-021	26030764	食べログ	The Tabelog Award	Gold	日本料理	2021	全国	道人	京都府	https://award.tabelog.com/2021/restaurants/gold	46232	店舗照合済	The Tabelog Award 2021 Gold（公式掲載順 21）
TBA2021-G-022	13041029	食べログ	The Tabelog Award	Gold	焼き鳥・鳥料理	2021	全国	鳥しき	東京都	https://award.tabelog.com/2021/restaurants/gold	46232	店舗照合済	The Tabelog Award 2021 Gold（公式掲載順 22）
TBA2021-G-023	23050337	食べログ	The Tabelog Award	Gold	天ぷら	2021	全国	にい留	愛知県	https://award.tabelog.com/2021/restaurants/gold	46232	店舗照合済	The Tabelog Award 2021 Gold（公式掲載順 23）
TBA2021-G-024	13018162	食べログ	The Tabelog Award	Gold	寿司	2021	全国	日本橋蛎殻町 すぎた	東京都	https://award.tabelog.com/2021/restaurants/gold	46232	店舗照合済	The Tabelog Award 2021 Gold（公式掲載順 24）
TBA2021-G-025	23063362	食べログ	The Tabelog Award	Gold	日本料理	2021	全国	野嵯和	愛知県	https://award.tabelog.com/2021/restaurants/gold	46232	店舗照合済	The Tabelog Award 2021 Gold（公式掲載順 25）
TBA2021-G-026	13196420	食べログ	The Tabelog Award	Gold	寿司	2021	全国	東麻布 天本	東京都	https://award.tabelog.com/2021/restaurants/gold	46232	店舗照合済	The Tabelog Award 2021 Gold（公式掲載順 26）
TBA2021-G-027	13072775	食べログ	The Tabelog Award	Gold	イタリアン	2021	全国	ペレグリーノ	東京都	https://award.tabelog.com/2021/restaurants/gold	46232	店舗照合済	The Tabelog Award 2021 Gold（公式掲載順 27）
TBA2021-G-028	27001286	食べログ	The Tabelog Award	Gold	日本料理	2021	全国	本湖月	大阪府	https://award.tabelog.com/2021/restaurants/gold	46232	店舗照合済	The Tabelog Award 2021 Gold（公式掲載順 28）
TBA2021-G-029	13124391	食べログ	The Tabelog Award	Gold	日本料理	2021	全国	松川	東京都	https://award.tabelog.com/2021/restaurants/gold	46232	店舗照合済	The Tabelog Award 2021 Gold（公式掲載順 29）
TBA2021-G-030	13042204	食べログ	The Tabelog Award	Gold	寿司	2021	全国	三谷	東京都	https://award.tabelog.com/2021/restaurants/gold	46232	店舗照合済	The Tabelog Award 2021 Gold（公式掲載順 30）
TBA2021-G-031	21000023	食べログ	The Tabelog Award	Gold	日本料理	2021	全国	柳家	岐阜県	https://award.tabelog.com/2021/restaurants/gold	46232	店舗照合済	The Tabelog Award 2021 Gold（公式掲載順 31）
TBA2021-G-032	13002607	食べログ	The Tabelog Award	Gold	フレンチ	2021	全国	ロオジエ	東京都	https://award.tabelog.com/2021/restaurants/gold	46232	店舗照合済	The Tabelog Award 2021 Gold（公式掲載順 32）
TBA2021-S-001	13243463	食べログ	The Tabelog Award	Silver	イノベーティブ・フュージョン	2021	全国	蒼 西麻布	東京都	https://award.tabelog.com/2021/restaurants/silver	46232	店舗照合済	The Tabelog Award 2021 Silver（公式掲載順 1） / Best New Entry
TBA2021-S-002	13249117	食べログ	The Tabelog Award	Silver	スペイン料理	2021	全国	aca 1°	東京都	https://award.tabelog.com/2021/restaurants/silver	46232	店舗照合済	The Tabelog Award 2021 Silver（公式掲載順 2）
TBA2021-S-003	13224635	食べログ	The Tabelog Award	Silver	焼肉・すき焼き・しゃぶしゃぶ	2021	全国	赤坂 らいもん	東京都	https://award.tabelog.com/2021/restaurants/silver	46232	店舗照合済	The Tabelog Award 2021 Silver（公式掲載順 3）
TBA2021-S-004	29010346	食べログ	The Tabelog Award	Silver	スペイン料理	2021	全国	アコルドゥ	奈良県	https://award.tabelog.com/2021/restaurants/silver	46232	店舗照合済	The Tabelog Award 2021 Silver（公式掲載順 4）
TBA2021-S-005	14066990	食べログ	The Tabelog Award	Silver	中華料理	2021	全国	イチリン ハナレ	神奈川県	https://award.tabelog.com/2021/restaurants/silver	46232	店舗照合済	The Tabelog Award 2021 Silver（公式掲載順 5）
TBA2021-S-006	13030881	食べログ	The Tabelog Award	Silver	日本料理	2021	全国	井雪	東京都	https://award.tabelog.com/2021/restaurants/silver	46232	店舗照合済	The Tabelog Award 2021 Silver（公式掲載順 6）
TBA2021-S-007	13142530	食べログ	The Tabelog Award	Silver	フレンチ	2021	全国	エスキス	東京都	https://award.tabelog.com/2021/restaurants/silver	46232	店舗照合済	The Tabelog Award 2021 Silver（公式掲載順 7）
TBA2021-S-008	13211927	食べログ	The Tabelog Award	Silver	焼肉・すき焼き・しゃぶしゃぶ	2021	全国	蕃 YORONIKU	東京都	https://award.tabelog.com/2021/restaurants/silver	46232	店舗照合済	The Tabelog Award 2021 Silver（公式掲載順 8）
TBA2021-S-009	30000022	食べログ	The Tabelog Award	Silver	フレンチ	2021	全国	オテル・ド・ヨシノ	和歌山県	https://award.tabelog.com/2021/restaurants/silver	46232	店舗照合済	The Tabelog Award 2021 Silver（公式掲載順 9）
TBA2021-S-010	13184986	食べログ	The Tabelog Award	Silver	日本料理	2021	全国	御料理 宮坂	東京都	https://award.tabelog.com/2021/restaurants/silver	46232	店舗照合済	The Tabelog Award 2021 Silver（公式掲載順 10）
TBA2021-S-011	22006811	食べログ	The Tabelog Award	Silver	日本料理	2021	全国	温石	静岡県	https://award.tabelog.com/2021/restaurants/silver	46232	店舗照合済	The Tabelog Award 2021 Silver（公式掲載順 11）
TBA2021-S-012	26033524	食べログ	The Tabelog Award	Silver	イノベーティブ・フュージョン	2021	全国	CAINOYA	京都府	https://award.tabelog.com/2021/restaurants/silver	46232	店舗照合済	The Tabelog Award 2021 Silver（公式掲載順 12）
TBA2021-S-013	13004079	食べログ	The Tabelog Award	Silver	日本料理	2021	全国	神楽坂 石かわ	東京都	https://award.tabelog.com/2021/restaurants/silver	46232	店舗照合済	The Tabelog Award 2021 Silver（公式掲載順 13）
TBA2021-S-014	13009310	食べログ	The Tabelog Award	Silver	フレンチ	2021	全国	ガストロノミー ジョエル・ロブション	東京都	https://award.tabelog.com/2021/restaurants/silver	46232	店舗照合済	The Tabelog Award 2021 Silver（公式掲載順 14）
TBA2021-S-015	28009509	食べログ	The Tabelog Award	Silver	スペイン料理	2021	全国	カセント	兵庫県	https://award.tabelog.com/2021/restaurants/silver	46232	店舗照合済	The Tabelog Award 2021 Silver（公式掲載順 15）
TBA2021-S-016	32000061	食べログ	The Tabelog Award	Silver	日本料理	2021	全国	割烹 美加登家	島根県	https://award.tabelog.com/2021/restaurants/silver	46232	店舗照合済	The Tabelog Award 2021 Silver（公式掲載順 16）
TBA2021-S-017	31000300	食べログ	The Tabelog Award	Silver	魚介料理・海鮮料理	2021	全国	かに吉	鳥取県	https://award.tabelog.com/2021/restaurants/silver	46232	店舗照合済	The Tabelog Award 2021 Silver（公式掲載順 17）
TBA2021-S-018	27000188	食べログ	The Tabelog Award	Silver	創作料理	2021	全国	カハラ	大阪府	https://award.tabelog.com/2021/restaurants/silver	46232	店舗照合済	The Tabelog Award 2021 Silver（公式掲載順 18）
TBA2021-S-019	13016660	食べログ	The Tabelog Award	Silver	うなぎ	2021	全国	かぶと	東京都	https://award.tabelog.com/2021/restaurants/silver	46232	店舗照合済	The Tabelog Award 2021 Silver（公式掲載順 19）
TBA2021-S-020	26014312	食べログ	The Tabelog Award	Silver	日本料理	2021	全国	祇園 大渡	京都府	https://award.tabelog.com/2021/restaurants/silver	46232	店舗照合済	The Tabelog Award 2021 Silver（公式掲載順 20）
TBA2021-S-021	40010675	食べログ	The Tabelog Award	Silver	寿司	2021	全国	菊鮨	福岡県	https://award.tabelog.com/2021/restaurants/silver	46232	店舗照合済	The Tabelog Award 2021 Silver（公式掲載順 21）
TBA2021-S-022	13226856	食べログ	The Tabelog Award	Silver	日本料理	2021	全国	紀茂登	東京都	https://award.tabelog.com/2021/restaurants/silver	46232	店舗照合済	The Tabelog Award 2021 Silver（公式掲載順 22）
TBA2021-S-023	26018304	食べログ	The Tabelog Award	Silver	日本料理	2021	全国	京天神 野口	京都府	https://award.tabelog.com/2021/restaurants/silver	46232	店舗照合済	The Tabelog Award 2021 Silver（公式掲載順 23）
TBA2021-S-024	13238352	食べログ	The Tabelog Award	Silver	フレンチ	2021	全国	銀座 大石	東京都	https://award.tabelog.com/2021/restaurants/silver	46232	店舗照合済	The Tabelog Award 2021 Silver（公式掲載順 24） / Best New Entry
TBA2021-S-025	28000052	食べログ	The Tabelog Award	Silver	とんかつ・揚げ物	2021	全国	串かつ あーぼん	兵庫県	https://award.tabelog.com/2021/restaurants/silver	46232	店舗照合済	The Tabelog Award 2021 Silver（公式掲載順 25）
TBA2021-S-026	13223239	食べログ	The Tabelog Award	Silver	天ぷら	2021	全国	くすのき	東京都	https://award.tabelog.com/2021/restaurants/silver	46232	店舗照合済	The Tabelog Award 2021 Silver（公式掲載順 26）
TBA2021-S-027	13190448	食べログ	The Tabelog Award	Silver	フレンチ	2021	全国	グルマンディーズ	東京都	https://award.tabelog.com/2021/restaurants/silver	46232	店舗照合済	The Tabelog Award 2021 Silver（公式掲載順 27）
TBA2021-S-028	13001681	食べログ	The Tabelog Award	Silver	フレンチ	2021	全国	コート ドール	東京都	https://award.tabelog.com/2021/restaurants/silver	46232	店舗照合済	The Tabelog Award 2021 Silver（公式掲載順 28）
TBA2021-S-029	13049130	食べログ	The Tabelog Award	Silver	日本料理	2021	全国	虎白	東京都	https://award.tabelog.com/2021/restaurants/silver	46232	店舗照合済	The Tabelog Award 2021 Silver（公式掲載順 29）
TBA2021-S-030	17010524	食べログ	The Tabelog Award	Silver	寿司	2021	全国	小松 弥助	石川県	https://award.tabelog.com/2021/restaurants/silver	46232	店舗照合済	The Tabelog Award 2021 Silver（公式掲載順 30）
TBA2021-S-031	26023771	食べログ	The Tabelog Award	Silver	中華料理	2021	全国	齋華	京都府	https://award.tabelog.com/2021/restaurants/silver	46232	店舗照合済	The Tabelog Award 2021 Silver（公式掲載順 31）
TBA2021-S-032	13241948	食べログ	The Tabelog Award	Silver	中華料理	2021	全国	ShinoiS	東京都	https://award.tabelog.com/2021/restaurants/silver	46232	店舗照合済	The Tabelog Award 2021 Silver（公式掲載順 32） / Best New Entry
TBA2021-S-033	1061277	食べログ	The Tabelog Award	Silver	イノベーティブ・フュージョン	2021	全国	霜止出苗	北海道	https://award.tabelog.com/2021/restaurants/silver	46232	店舗照合済	The Tabelog Award 2021 Silver（公式掲載順 33） / Best New Entry
TBA2021-S-034	26014309	食べログ	The Tabelog Award	Silver	日本料理	2021	全国	旬席 鈴江	京都府	https://award.tabelog.com/2021/restaurants/silver	46232	店舗照合済	The Tabelog Award 2021 Silver（公式掲載順 34）
TBA2021-S-035	26001672	食べログ	The Tabelog Award	Silver	スイーツ	2021	全国	嘯月	京都府	https://award.tabelog.com/2021/restaurants/silver	46232	店舗照合済	The Tabelog Award 2021 Silver（公式掲載順 35）
TBA2021-S-036	26013892	食べログ	The Tabelog Award	Silver	日本料理	2021	全国	食堂 おがわ	京都府	https://award.tabelog.com/2021/restaurants/silver	46232	店舗照合済	The Tabelog Award 2021 Silver（公式掲載順 36）
TBA2021-S-037	13182678	食べログ	The Tabelog Award	Silver	フレンチ	2021	全国	SUGALABO	東京都	https://award.tabelog.com/2021/restaurants/silver	46232	店舗照合済	The Tabelog Award 2021 Silver（公式掲載順 37）
TBA2021-S-038	13246152	食べログ	The Tabelog Award	Silver	寿司	2021	全国	鮨 しゅんじ	東京都	https://award.tabelog.com/2021/restaurants/silver	46232	店舗照合済	The Tabelog Award 2021 Silver（公式掲載順 38） / Best New Entry
TBA2021-S-039	13238306	食べログ	The Tabelog Award	Silver	寿司	2021	全国	鮨 はしもと	東京都	https://award.tabelog.com/2021/restaurants/silver	46232	店舗照合済	The Tabelog Award 2021 Silver（公式掲載順 39）
TBA2021-S-040	27104114	食べログ	The Tabelog Award	Silver	寿司	2021	全国	鮨 おおが	大阪府	https://award.tabelog.com/2021/restaurants/silver	46232	店舗照合済	The Tabelog Award 2021 Silver（公式掲載順 40）
TBA2021-S-041	13026584	食べログ	The Tabelog Award	Silver	寿司	2021	全国	すし 㐂邑	東京都	https://award.tabelog.com/2021/restaurants/silver	46232	店舗照合済	The Tabelog Award 2021 Silver（公式掲載順 41）
TBA2021-S-042	40032025	食べログ	The Tabelog Award	Silver	寿司	2021	全国	鮨 行天	福岡県	https://award.tabelog.com/2021/restaurants/silver	46232	店舗照合済	The Tabelog Award 2021 Silver（公式掲載順 42）
TBA2021-S-043	1000645	食べログ	The Tabelog Award	Silver	寿司	2021	全国	鮨菜 和㐂智	北海道	https://award.tabelog.com/2021/restaurants/silver	46232	店舗照合済	The Tabelog Award 2021 Silver（公式掲載順 43）
TBA2021-S-044	40034544	食べログ	The Tabelog Award	Silver	寿司	2021	全国	鮨 さかい	福岡県	https://award.tabelog.com/2021/restaurants/silver	46232	店舗照合済	The Tabelog Award 2021 Silver（公式掲載順 44）
TBA2021-S-045	18001608	食べログ	The Tabelog Award	Silver	寿司	2021	全国	鮨 十兵衛	福井県	https://award.tabelog.com/2021/restaurants/silver	46232	店舗照合済	The Tabelog Award 2021 Silver（公式掲載順 45）
TBA2021-S-046	13000852	食べログ	The Tabelog Award	Silver	寿司	2021	全国	すし匠	東京都	https://award.tabelog.com/2021/restaurants/silver	46232	店舗照合済	The Tabelog Award 2021 Silver（公式掲載順 46）
TBA2021-S-047	46000087	食べログ	The Tabelog Award	Silver	寿司	2021	全国	鮨匠 のむら	鹿児島県	https://award.tabelog.com/2021/restaurants/silver	46232	店舗照合済	The Tabelog Award 2021 Silver（公式掲載順 47）
TBA2021-S-048	13128483	食べログ	The Tabelog Award	Silver	寿司	2021	全国	鮨 尚充	東京都	https://award.tabelog.com/2021/restaurants/silver	46232	店舗照合済	The Tabelog Award 2021 Silver（公式掲載順 48）
TBA2021-S-049	27003367	食べログ	The Tabelog Award	Silver	寿司	2021	全国	鮨処 多田	大阪府	https://award.tabelog.com/2021/restaurants/silver	46232	店舗照合済	The Tabelog Award 2021 Silver（公式掲載順 49）
TBA2021-S-050	13134517	食べログ	The Tabelog Award	Silver	寿司	2021	全国	鮨 はしぐち	東京都	https://award.tabelog.com/2021/restaurants/silver	46232	店舗照合済	The Tabelog Award 2021 Silver（公式掲載順 50）
TBA2021-S-051	1046463	食べログ	The Tabelog Award	Silver	寿司	2021	全国	すし宮川	北海道	https://award.tabelog.com/2021/restaurants/silver	46232	店舗照合済	The Tabelog Award 2021 Silver（公式掲載順 51）
TBA2021-S-052	13003777	食べログ	The Tabelog Award	Silver	焼肉・すき焼き・しゃぶしゃぶ	2021	全国	スタミナ苑	東京都	https://award.tabelog.com/2021/restaurants/silver	46232	店舗照合済	The Tabelog Award 2021 Silver（公式掲載順 52）
TBA2021-S-053	26001800	食べログ	The Tabelog Award	Silver	日本料理	2021	全国	草喰 なかひがし	京都府	https://award.tabelog.com/2021/restaurants/silver	46232	店舗照合済	The Tabelog Award 2021 Silver（公式掲載順 53）
TBA2021-S-054	26013373	食べログ	The Tabelog Award	Silver	日本料理	2021	全国	啐啄 つか本	京都府	https://award.tabelog.com/2021/restaurants/silver	46232	店舗照合済	The Tabelog Award 2021 Silver（公式掲載順 54）
TBA2021-S-055	12032785	食べログ	The Tabelog Award	Silver	寿司	2021	全国	たかおか	千葉県	https://award.tabelog.com/2021/restaurants/silver	46232	店舗照合済	The Tabelog Award 2021 Silver（公式掲載順 55）
TBA2021-S-056	13003661	食べログ	The Tabelog Award	Silver	焼き鳥・鳥料理	2021	全国	鷹匠壽	東京都	https://award.tabelog.com/2021/restaurants/silver	46232	店舗照合済	The Tabelog Award 2021 Silver（公式掲載順 56）
TBA2021-S-057	13185763	食べログ	The Tabelog Award	Silver	天ぷら	2021	全国	たきや	東京都	https://award.tabelog.com/2021/restaurants/silver	46232	店舗照合済	The Tabelog Award 2021 Silver（公式掲載順 57）
TBA2021-S-058	13109940	食べログ	The Tabelog Award	Silver	イタリアン	2021	全国	TACUBO	東京都	https://award.tabelog.com/2021/restaurants/silver	46232	店舗照合済	The Tabelog Award 2021 Silver（公式掲載順 58）
TBA2021-S-059	26016620	食べログ	The Tabelog Award	Silver	日本料理	2021	全国	竹屋町 三多	京都府	https://award.tabelog.com/2021/restaurants/silver	46232	店舗照合済	The Tabelog Award 2021 Silver（公式掲載順 59）
TBA2021-S-060	27085978	食べログ	The Tabelog Award	Silver	中華料理	2021	全国	中国菜 火ノ鳥	大阪府	https://award.tabelog.com/2021/restaurants/silver	46232	店舗照合済	The Tabelog Award 2021 Silver（公式掲載順 60）
TBA2021-S-061	13004967	食べログ	The Tabelog Award	Silver	中華料理	2021	全国	中国飯店 富麗華	東京都	https://award.tabelog.com/2021/restaurants/silver	46232	店舗照合済	The Tabelog Award 2021 Silver（公式掲載順 61）
TBA2021-S-062	13200286	食べログ	The Tabelog Award	Silver	日本料理	2021	全国	津の守坂 小柴	東京都	https://award.tabelog.com/2021/restaurants/silver	46232	店舗照合済	The Tabelog Award 2021 Silver（公式掲載順 62）
TBA2021-S-063	13046855	食べログ	The Tabelog Award	Silver	創作料理	2021	全国	傳	東京都	https://award.tabelog.com/2021/restaurants/silver	46232	店舗照合済	The Tabelog Award 2021 Silver（公式掲載順 63）
TBA2021-S-064	22015243	食べログ	The Tabelog Award	Silver	天ぷら	2021	全国	てんぷら　成生	静岡県	https://award.tabelog.com/2021/restaurants/silver	46232	店舗照合済	The Tabelog Award 2021 Silver（公式掲載順 64）
TBA2021-S-065	23033296	食べログ	The Tabelog Award	Silver	創作料理	2021	全国	トゥ・ラ・ジョア	愛知県	https://award.tabelog.com/2021/restaurants/silver	46232	店舗照合済	The Tabelog Award 2021 Silver（公式掲載順 65）
TBA2021-S-066	25002104	食べログ	The Tabelog Award	Silver	日本料理	2021	全国	徳山鮓	滋賀県	https://award.tabelog.com/2021/restaurants/silver	46232	店舗照合済	The Tabelog Award 2021 Silver（公式掲載順 66）
TBA2021-S-067	13001113	食べログ	The Tabelog Award	Silver	アジア・エスニック	2021	全国	トマト	東京都	https://award.tabelog.com/2021/restaurants/silver	46232	店舗照合済	The Tabelog Award 2021 Silver（公式掲載順 67）
TBA2021-S-068	26026316	食べログ	The Tabelog Award	Silver	日本料理	2021	全国	富小路 やま岸	京都府	https://award.tabelog.com/2021/restaurants/silver	46232	店舗照合済	The Tabelog Award 2021 Silver（公式掲載順 68）
TBA2021-S-069	36000369	食べログ	The Tabelog Award	Silver	日本料理	2021	全国	虎屋 壺中庵	徳島県	https://award.tabelog.com/2021/restaurants/silver	46232	店舗照合済	The Tabelog Award 2021 Silver（公式掲載順 69）
TBA2021-S-070	27013624	食べログ	The Tabelog Award	Silver	とんかつ・揚げ物	2021	全国	とんかつ マンジェ	大阪府	https://award.tabelog.com/2021/restaurants/silver	46232	店舗照合済	The Tabelog Award 2021 Silver（公式掲載順 70）
TBA2021-S-071	13005423	食べログ	The Tabelog Award	Silver	創作料理	2021	全国	NARISAWA	東京都	https://award.tabelog.com/2021/restaurants/silver	46232	店舗照合済	The Tabelog Award 2021 Silver（公式掲載順 71）
TBA2021-S-072	26002222	食べログ	The Tabelog Award	Silver	日本料理	2021	全国	にくの匠 三芳	京都府	https://award.tabelog.com/2021/restaurants/silver	46232	店舗照合済	The Tabelog Award 2021 Silver（公式掲載順 72）
TBA2021-S-073	13237628	食べログ	The Tabelog Award	Silver	日本料理	2021	全国	肉屋 田中	東京都	https://award.tabelog.com/2021/restaurants/silver	46232	店舗照合済	The Tabelog Award 2021 Silver（公式掲載順 73） / Best New Entry
TBA2021-S-074	23061072	食べログ	The Tabelog Award	Silver	日本料理	2021	全国	肉屋 雪月花 NAGOYA	愛知県	https://award.tabelog.com/2021/restaurants/silver	46232	店舗照合済	The Tabelog Award 2021 Silver（公式掲載順 74）
TBA2021-S-075	26022200	食べログ	The Tabelog Award	Silver	中華料理	2021	全国	にしぶち飯店	京都府	https://award.tabelog.com/2021/restaurants/silver	46232	店舗照合済	The Tabelog Award 2021 Silver（公式掲載順 75）
TBA2021-S-076	13127807	食べログ	The Tabelog Award	Silver	日本料理	2021	全国	日本料理 晴山	東京都	https://award.tabelog.com/2021/restaurants/silver	46232	店舗照合済	The Tabelog Award 2021 Silver（公式掲載順 76）
TBA2021-S-077	5000664	食べログ	The Tabelog Award	Silver	日本料理	2021	全国	日本料理 たかむら	秋田県	https://award.tabelog.com/2021/restaurants/silver	46232	店舗照合済	The Tabelog Award 2021 Silver（公式掲載順 77）
TBA2021-S-078	27015488	食べログ	The Tabelog Award	Silver	創作料理	2021	全国	ハジメ	大阪府	https://award.tabelog.com/2021/restaurants/silver	46232	店舗照合済	The Tabelog Award 2021 Silver（公式掲載順 78）
TBA2021-S-079	13220575	食べログ	The Tabelog Award	Silver	イノベーティブ・フュージョン	2021	全国	長谷川 稔	東京都	https://award.tabelog.com/2021/restaurants/silver	46232	店舗照合済	The Tabelog Award 2021 Silver（公式掲載順 79）
TBA2021-S-080	13017742	食べログ	The Tabelog Award	Silver	寿司	2021	全国	初音鮨	東京都	https://award.tabelog.com/2021/restaurants/silver	46232	店舗照合済	The Tabelog Award 2021 Silver（公式掲載順 80）
TBA2021-S-081	23013684	食べログ	The Tabelog Award	Silver	日本料理	2021	全国	花いち	愛知県	https://award.tabelog.com/2021/restaurants/silver	46232	店舗照合済	The Tabelog Award 2021 Silver（公式掲載順 81）
TBA2021-S-082	13032283	食べログ	The Tabelog Award	Silver	寿司	2021	全国	青空	東京都	https://award.tabelog.com/2021/restaurants/silver	46232	店舗照合済	The Tabelog Award 2021 Silver（公式掲載順 82）
TBA2021-S-083	25000772	食べログ	The Tabelog Award	Silver	日本料理	2021	全国	比良山荘	滋賀県	https://award.tabelog.com/2021/restaurants/silver	46232	店舗照合済	The Tabelog Award 2021 Silver（公式掲載順 83）
TBA2021-S-084	20011920	食べログ	The Tabelog Award	Silver	イタリアン	2021	全国	フォリオリーナ・デッラ・ポルタ・フォルトゥーナ	長野県	https://award.tabelog.com/2021/restaurants/silver	46232	店舗照合済	The Tabelog Award 2021 Silver（公式掲載順 84）
TBA2021-S-085	27001070	食べログ	The Tabelog Award	Silver	スペイン料理	2021	全国	Fujiya 1935	大阪府	https://award.tabelog.com/2021/restaurants/silver	46232	店舗照合済	The Tabelog Award 2021 Silver（公式掲載順 85）
TBA2021-S-086	13176780	食べログ	The Tabelog Award	Silver	中華料理	2021	全国	フルタ	東京都	https://award.tabelog.com/2021/restaurants/silver	46232	店舗照合済	The Tabelog Award 2021 Silver（公式掲載順 86）
TBA2021-S-087	12038574	食べログ	The Tabelog Award	Silver	イタリアン	2021	全国	プレゼンテ スギ	千葉県	https://award.tabelog.com/2021/restaurants/silver	46232	店舗照合済	The Tabelog Award 2021 Silver（公式掲載順 87） / Best New Entry
TBA2021-S-088	42008914	食べログ	The Tabelog Award	Silver	イタリアン	2021	全国	pesceco	長崎県	https://award.tabelog.com/2021/restaurants/silver	46232	店舗照合済	The Tabelog Award 2021 Silver（公式掲載順 88） / Best New Entry
TBA2021-S-089	28039815	食べログ	The Tabelog Award	Silver	スペイン料理	2021	全国	bb9	兵庫県	https://award.tabelog.com/2021/restaurants/silver	46232	店舗照合済	The Tabelog Award 2021 Silver（公式掲載順 89）
TBA2021-S-090	13184186	食べログ	The Tabelog Award	Silver	フレンチ	2021	全国	ボニュ	東京都	https://award.tabelog.com/2021/restaurants/silver	46232	店舗照合済	The Tabelog Award 2021 Silver（公式掲載順 90）
TBA2021-S-091	13003338	食べログ	The Tabelog Award	Silver	日本料理	2021	全国	まき村	東京都	https://award.tabelog.com/2021/restaurants/silver	46232	店舗照合済	The Tabelog Award 2021 Silver（公式掲載順 91）
TBA2021-S-092	28001348	食べログ	The Tabelog Award	Silver	魚介料理・海鮮料理	2021	全国	丸安	兵庫県	https://award.tabelog.com/2021/restaurants/silver	46232	店舗照合済	The Tabelog Award 2021 Silver（公式掲載順 92）
TBA2021-S-093	26002279	食べログ	The Tabelog Award	Silver	日本料理	2021	全国	未在	京都府	https://award.tabelog.com/2021/restaurants/silver	46232	店舗照合済	The Tabelog Award 2021 Silver（公式掲載順 93）
TBA2021-S-094	13228116	食べログ	The Tabelog Award	Silver	日本料理	2021	全国	味享	東京都	https://award.tabelog.com/2021/restaurants/silver	46232	店舗照合済	The Tabelog Award 2021 Silver（公式掲載順 94）
TBA2021-S-095	28045767	食べログ	The Tabelog Award	Silver	焼き鳥・鳥料理	2021	全国	焼鳥 かさ原	兵庫県	https://award.tabelog.com/2021/restaurants/silver	46232	店舗照合済	The Tabelog Award 2021 Silver（公式掲載順 95）
TBA2021-S-096	13160962	食べログ	The Tabelog Award	Silver	焼肉・すき焼き・しゃぶしゃぶ	2021	全国	焼肉 ジャンボ はなれ	東京都	https://award.tabelog.com/2021/restaurants/silver	46232	店舗照合済	The Tabelog Award 2021 Silver（公式掲載順 96）
TBA2021-S-097	26018397	食べログ	The Tabelog Award	Silver	イタリアン	2021	全国	やまぐち	京都府	https://award.tabelog.com/2021/restaurants/silver	46232	店舗照合済	The Tabelog Award 2021 Silver（公式掲載順 97）
TBA2021-S-098	13225691	食べログ	The Tabelog Award	Silver	日本料理	2021	全国	山﨑	東京都	https://award.tabelog.com/2021/restaurants/silver	46232	店舗照合済	The Tabelog Award 2021 Silver（公式掲載順 98）
TBA2021-S-099	23044914	食べログ	The Tabelog Award	Silver	日本料理	2021	全国	𠮷い	愛知県	https://award.tabelog.com/2021/restaurants/silver	46232	店舗照合済	The Tabelog Award 2021 Silver（公式掲載順 99）
TBA2021-S-100	27095726	食べログ	The Tabelog Award	Silver	日本料理	2021	全国	米増	大阪府	https://award.tabelog.com/2021/restaurants/silver	46232	店舗照合済	The Tabelog Award 2021 Silver（公式掲載順 100）
TBA2021-S-101	13042979	食べログ	The Tabelog Award	Silver	焼肉・すき焼き・しゃぶしゃぶ	2021	全国	よろにく	東京都	https://award.tabelog.com/2021/restaurants/silver	46232	店舗照合済	The Tabelog Award 2021 Silver（公式掲載順 101）
TBA2021-S-102	13198692	食べログ	The Tabelog Award	Silver	フレンチ	2021	全国	ラチュレ	東京都	https://award.tabelog.com/2021/restaurants/silver	46232	店舗照合済	The Tabelog Award 2021 Silver（公式掲載順 102）
TBA2021-S-103	28006093	食べログ	The Tabelog Award	Silver	日本料理	2021	全国	料理屋 植むら	兵庫県	https://award.tabelog.com/2021/restaurants/silver	46232	店舗照合済	The Tabelog Award 2021 Silver（公式掲載順 103）
TBA2021-S-104	13002294	食べログ	The Tabelog Award	Silver	フレンチ	2021	全国	レ セゾン	東京都	https://award.tabelog.com/2021/restaurants/silver	46232	店舗照合済	The Tabelog Award 2021 Silver（公式掲載順 104）
TBA2021-S-105	13116356	食べログ	The Tabelog Award	Silver	フレンチ	2021	全国	レフェルヴェソンス	東京都	https://award.tabelog.com/2021/restaurants/silver	46232	店舗照合済	The Tabelog Award 2021 Silver（公式掲載順 105）
TBA2021-S-106	23057000	食べログ	The Tabelog Award	Silver	フレンチ	2021	全国	レミニセンス	愛知県	https://award.tabelog.com/2021/restaurants/silver	46232	店舗照合済	The Tabelog Award 2021 Silver（公式掲載順 106）
TBA2021-S-107	27111640	食べログ	The Tabelog Award	Silver	中華料理	2021	全国	蓮心	大阪府	https://award.tabelog.com/2021/restaurants/silver	46232	店舗照合済	The Tabelog Award 2021 Silver（公式掲載順 107） / Best New Entry
TBA2021-S-108	20004238	食べログ	The Tabelog Award	Silver	日本料理	2021	全国	日本料理 柚木元	長野県	https://award.tabelog.com/2021/restaurants/silver	46232	店舗照合済	The Tabelog Award 2021 Silver（公式掲載順 108）
TBA2021-B-001	13116523	食べログ	The Tabelog Award	Bronze	日本料理	2021	全国	赤坂 詠月	東京都	https://award.tabelog.com/2021/restaurants/bronze	46232	店舗照合済	The Tabelog Award 2021 Bronze（公式掲載順 1）
TBA2021-B-002	13002514	食べログ	The Tabelog Award	Bronze	日本料理	2021	全国	赤坂 菊乃井	東京都	https://award.tabelog.com/2021/restaurants/bronze	46232	店舗照合済	The Tabelog Award 2021 Bronze（公式掲載順 2）
TBA2021-B-003	13149065	食べログ	The Tabelog Award	Bronze	魚介料理・海鮮料理	2021	全国	赤坂 きた福	東京都	https://award.tabelog.com/2021/restaurants/bronze	46232	店舗照合済	The Tabelog Award 2021 Bronze（公式掲載順 3）
TBA2021-B-004	5007142	食べログ	The Tabelog Award	Bronze	天ぷら	2021	全国	秋田 てんぷら みかわ	秋田県	https://award.tabelog.com/2021/restaurants/bronze	46232	店舗照合済	The Tabelog Award 2021 Bronze（公式掲載順 4）
TBA2021-B-005	1028665	食べログ	The Tabelog Award	Bronze	フレンチ	2021	全国	aki nagao	北海道	https://award.tabelog.com/2021/restaurants/bronze	46232	店舗照合済	The Tabelog Award 2021 Bronze（公式掲載順 5）
TBA2021-B-006	13227385	食べログ	The Tabelog Award	Bronze	フレンチ	2021	全国	ASAHINA Gastronome	東京都	https://award.tabelog.com/2021/restaurants/bronze	46232	店舗照合済	The Tabelog Award 2021 Bronze（公式掲載順 6）
TBA2021-B-007	13001664	食べログ	The Tabelog Award	Bronze	日本料理	2021	全国	麻布 かどわき	東京都	https://award.tabelog.com/2021/restaurants/bronze	46232	店舗照合済	The Tabelog Award 2021 Bronze（公式掲載順 7）
TBA2021-B-008	13174951	食べログ	The Tabelog Award	Bronze	日本料理	2021	全国	麻布十番 ふくだ	東京都	https://award.tabelog.com/2021/restaurants/bronze	46232	店舗照合済	The Tabelog Award 2021 Bronze（公式掲載順 8）
TBA2021-B-009	13005316	食べログ	The Tabelog Award	Bronze	日本料理	2021	全国	麻布 幸村	東京都	https://award.tabelog.com/2021/restaurants/bronze	46232	店舗照合済	The Tabelog Award 2021 Bronze（公式掲載順 9）
TBA2021-B-010	44006115	食べログ	The Tabelog Award	Bronze	日本料理	2021	全国	味あら井	大分県	https://award.tabelog.com/2021/restaurants/bronze	46232	店舗照合済	The Tabelog Award 2021 Bronze（公式掲載順 10）
TBA2021-B-011	13200027	食べログ	The Tabelog Award	Bronze	日本料理	2021	全国	味ひろ	東京都	https://award.tabelog.com/2021/restaurants/bronze	46232	店舗照合済	The Tabelog Award 2021 Bronze（公式掲載順 11）
TBA2021-B-012	13001332	食べログ	The Tabelog Award	Bronze	魚介料理・海鮮料理	2021	全国	味満ん	東京都	https://award.tabelog.com/2021/restaurants/bronze	46232	店舗照合済	The Tabelog Award 2021 Bronze（公式掲載順 12）
TBA2021-B-013	13206559	食べログ	The Tabelog Award	Bronze	フレンチ	2021	全国	AZUR et MASA UEKI	東京都	https://award.tabelog.com/2021/restaurants/bronze	46232	店舗照合済	The Tabelog Award 2021 Bronze（公式掲載順 13）
TBA2021-B-014	13150975	食べログ	The Tabelog Award	Bronze	フレンチ	2021	全国	Äta	東京都	https://award.tabelog.com/2021/restaurants/bronze	46232	店舗照合済	The Tabelog Award 2021 Bronze（公式掲載順 14）
TBA2021-B-015	33012069	食べログ	The Tabelog Award	Bronze	イタリアン	2021	全国	acca	岡山県	https://award.tabelog.com/2021/restaurants/bronze	46232	店舗照合済	The Tabelog Award 2021 Bronze（公式掲載順 15）
TBA2021-B-016	13005853	食べログ	The Tabelog Award	Bronze	スイーツ	2021	全国	アテスウェイ	東京都	https://award.tabelog.com/2021/restaurants/bronze	46232	店舗照合済	The Tabelog Award 2021 Bronze（公式掲載順 16）
TBA2021-B-017	21014394	食べログ	The Tabelog Award	Bronze	イタリアン	2021	全国	アドゥエパッシ	岐阜県	https://award.tabelog.com/2021/restaurants/bronze	46232	店舗照合済	The Tabelog Award 2021 Bronze（公式掲載順 17）
TBA2021-B-018	27074473	食べログ	The Tabelog Award	Bronze	フレンチ	2021	全国	アニエルドール	大阪府	https://award.tabelog.com/2021/restaurants/bronze	46232	店舗照合済	The Tabelog Award 2021 Bronze（公式掲載順 18）
TBA2021-B-019	13000145	食べログ	The Tabelog Award	Bronze	フレンチ	2021	全国	アピシウス	東京都	https://award.tabelog.com/2021/restaurants/bronze	46232	店舗照合済	The Tabelog Award 2021 Bronze（公式掲載順 19）
TBA2021-B-020	23057712	食べログ	The Tabelog Award	Bronze	寿司	2021	全国	あま木	愛知県	https://award.tabelog.com/2021/restaurants/bronze	46232	店舗照合済	The Tabelog Award 2021 Bronze（公式掲載順 20）
TBA2021-B-021	13142028	食べログ	The Tabelog Award	Bronze	フレンチ	2021	全国	AMOUR	東京都	https://award.tabelog.com/2021/restaurants/bronze	46232	店舗照合済	The Tabelog Award 2021 Bronze（公式掲載順 21）
TBA2021-B-022	41000056	食べログ	The Tabelog Award	Bronze	魚介料理・海鮮料理	2021	全国	飴源	佐賀県	https://award.tabelog.com/2021/restaurants/bronze	46232	店舗照合済	The Tabelog Award 2021 Bronze（公式掲載順 22）
TBA2021-B-023	26029825	食べログ	The Tabelog Award	Bronze	日本料理	2021	全国	綾小路 唐津	京都府	https://award.tabelog.com/2021/restaurants/bronze	46232	店舗照合済	The Tabelog Award 2021 Bronze（公式掲載順 23）
TBA2021-B-024	28000962	食べログ	The Tabelog Award	Bronze	ステーキ・鉄板焼き	2021	全国	麤皮	兵庫県	https://award.tabelog.com/2021/restaurants/bronze	46232	店舗照合済	The Tabelog Award 2021 Bronze（公式掲載順 24）
TBA2021-B-025	27090095	食べログ	The Tabelog Award	Bronze	スペイン料理	2021	全国	アラルデ	大阪府	https://award.tabelog.com/2021/restaurants/bronze	46232	店舗照合済	The Tabelog Award 2021 Bronze（公式掲載順 25）
TBA2021-B-026	1000457	食べログ	The Tabelog Award	Bronze	寿司	2021	全国	鮨処 有馬	北海道	https://award.tabelog.com/2021/restaurants/bronze	46232	店舗照合済	The Tabelog Award 2021 Bronze（公式掲載順 26）
TBA2021-B-027	13156479	食べログ	The Tabelog Award	Bronze	イタリアン	2021	全国	ARMONICO	東京都	https://award.tabelog.com/2021/restaurants/bronze	46232	店舗照合済	The Tabelog Award 2021 Bronze（公式掲載順 27）
TBA2021-B-028	13129298	食べログ	The Tabelog Award	Bronze	イタリアン	2021	全国	アロマフレスカ	東京都	https://award.tabelog.com/2021/restaurants/bronze	46232	店舗照合済	The Tabelog Award 2021 Bronze（公式掲載順 28）
TBA2021-B-029	23061308	食べログ	The Tabelog Award	Bronze	日本料理	2021	全国	淡 如雲	愛知県	https://award.tabelog.com/2021/restaurants/bronze	46232	店舗照合済	The Tabelog Award 2021 Bronze（公式掲載順 29）
TBA2021-B-030	26018405	食べログ	The Tabelog Award	Bronze	日本料理	2021	全国	安久	京都府	https://award.tabelog.com/2021/restaurants/bronze	46232	店舗照合済	The Tabelog Award 2021 Bronze（公式掲載順 30）
TBA2021-B-031	13050216	食べログ	The Tabelog Award	Bronze	イタリアン	2021	全国	ICARO miyamoto	東京都	https://award.tabelog.com/2021/restaurants/bronze	46232	店舗照合済	The Tabelog Award 2021 Bronze（公式掲載順 31）
TBA2021-B-032	23008421	食べログ	The Tabelog Award	Bronze	日本料理	2021	全国	出雲	愛知県	https://award.tabelog.com/2021/restaurants/bronze	46232	店舗照合済	The Tabelog Award 2021 Bronze（公式掲載順 32）
TBA2021-B-033	13210722	食べログ	The Tabelog Award	Bronze	寿司	2021	全国	いちかわ	東京都	https://award.tabelog.com/2021/restaurants/bronze	46232	店舗照合済	The Tabelog Award 2021 Bronze（公式掲載順 33）
TBA2021-B-034	13176396	食べログ	The Tabelog Award	Bronze	日本料理	2021	全国	いち太	東京都	https://award.tabelog.com/2021/restaurants/bronze	46232	店舗照合済	The Tabelog Award 2021 Bronze（公式掲載順 34）
TBA2021-B-035	45000157	食べログ	The Tabelog Award	Bronze	寿司	2021	全国	一心鮨 光洋	宮崎県	https://award.tabelog.com/2021/restaurants/bronze	46232	店舗照合済	The Tabelog Award 2021 Bronze（公式掲載順 35）
TBA2021-B-036	13002285	食べログ	The Tabelog Award	Bronze	スイーツ	2021	全国	イデミスギノ	東京都	https://award.tabelog.com/2021/restaurants/bronze	46232	店舗照合済	The Tabelog Award 2021 Bronze（公式掲載順 36）
TBA2021-B-037	40040809	食べログ	The Tabelog Award	Bronze	日本料理	2021	全国	井本	福岡県	https://award.tabelog.com/2021/restaurants/bronze	46232	店舗照合済	The Tabelog Award 2021 Bronze（公式掲載順 37）
TBA2021-B-038	23054325	食べログ	The Tabelog Award	Bronze	イタリアン	2021	全国	イル アオヤマ	愛知県	https://award.tabelog.com/2021/restaurants/bronze	46232	店舗照合済	The Tabelog Award 2021 Bronze（公式掲載順 38）
TBA2021-B-039	13110652	食べログ	The Tabelog Award	Bronze	イタリアン	2021	全国	イル テアトリーノ ダ サローネ	東京都	https://award.tabelog.com/2021/restaurants/bronze	46232	店舗照合済	The Tabelog Award 2021 Bronze（公式掲載順 39）
TBA2021-B-040	13147391	食べログ	The Tabelog Award	Bronze	イタリアン	2021	全国	イル プレージョ	東京都	https://award.tabelog.com/2021/restaurants/bronze	46232	店舗照合済	The Tabelog Award 2021 Bronze（公式掲載順 40）
TBA2021-B-041	26005825	食べログ	The Tabelog Award	Bronze	日本料理	2021	全国	岩さき	京都府	https://award.tabelog.com/2021/restaurants/bronze	46232	店舗照合済	The Tabelog Award 2021 Bronze（公式掲載順 41）
TBA2021-B-042	13043684	食べログ	The Tabelog Award	Bronze	イタリアン	2021	全国	インカント	東京都	https://award.tabelog.com/2021/restaurants/bronze	46232	店舗照合済	The Tabelog Award 2021 Bronze（公式掲載順 42）
TBA2021-B-043	12000109	食べログ	The Tabelog Award	Bronze	アジア・エスニック	2021	全国	印度料理シタール	千葉県	https://award.tabelog.com/2021/restaurants/bronze	46232	店舗照合済	The Tabelog Award 2021 Bronze（公式掲載順 43）
TBA2021-B-044	13004549	食べログ	The Tabelog Award	Bronze	イタリアン	2021	全国	VIA BRIANZA	東京都	https://award.tabelog.com/2021/restaurants/bronze	46232	店舗照合済	The Tabelog Award 2021 Bronze（公式掲載順 44）
TBA2021-B-045	30000104	食べログ	The Tabelog Award	Bronze	イタリアン	2021	全国	ヴィラ・アイーダ	和歌山県	https://award.tabelog.com/2021/restaurants/bronze	46232	店舗照合済	The Tabelog Award 2021 Bronze（公式掲載順 45）
TBA2021-B-046	13004299	食べログ	The Tabelog Award	Bronze	イタリアン	2021	全国	ヴィンチェロ	東京都	https://award.tabelog.com/2021/restaurants/bronze	46232	店舗照合済	The Tabelog Award 2021 Bronze（公式掲載順 46）
TBA2021-B-047	13185496	食べログ	The Tabelog Award	Bronze	ステーキ・鉄板焼き	2021	全国	ウェスタ	東京都	https://award.tabelog.com/2021/restaurants/bronze	46232	店舗照合済	The Tabelog Award 2021 Bronze（公式掲載順 47）
TBA2021-B-048	27001233	食べログ	The Tabelog Award	Bronze	魚介料理・海鮮料理	2021	全国	う越貞	大阪府	https://award.tabelog.com/2021/restaurants/bronze	46232	店舗照合済	The Tabelog Award 2021 Bronze（公式掲載順 48）
TBA2021-B-049	13222093	食べログ	The Tabelog Award	Bronze	焼肉・すき焼き・しゃぶしゃぶ	2021	全国	USHIGORO S. GINZA	東京都	https://award.tabelog.com/2021/restaurants/bronze	46232	店舗照合済	The Tabelog Award 2021 Bronze（公式掲載順 49）
TBA2021-B-050	13209611	食べログ	The Tabelog Award	Bronze	焼肉・すき焼き・しゃぶしゃぶ	2021	全国	USHIGORO S. NISHIAZABU	東京都	https://award.tabelog.com/2021/restaurants/bronze	46232	店舗照合済	The Tabelog Award 2021 Bronze（公式掲載順 50）
TBA2021-B-051	12000598	食べログ	The Tabelog Award	Bronze	イタリアン	2021	全国	ウシマル	千葉県	https://award.tabelog.com/2021/restaurants/bronze	46232	店舗照合済	The Tabelog Award 2021 Bronze（公式掲載順 51）
TBA2021-B-052	13034857	食べログ	The Tabelog Award	Bronze	魚介料理・海鮮料理	2021	全国	臼杵ふぐ 山田屋 西麻布	東京都	https://award.tabelog.com/2021/restaurants/bronze	46232	店舗照合済	The Tabelog Award 2021 Bronze（公式掲載順 52）
TBA2021-B-053	13035339	食べログ	The Tabelog Award	Bronze	うなぎ	2021	全国	うなぎ 魚政	東京都	https://award.tabelog.com/2021/restaurants/bronze	46232	店舗照合済	The Tabelog Award 2021 Bronze（公式掲載順 53）
TBA2021-B-054	14001626	食べログ	The Tabelog Award	Bronze	うなぎ	2021	全国	うなぎ亭 友栄	神奈川県	https://award.tabelog.com/2021/restaurants/bronze	46232	店舗照合済	The Tabelog Award 2021 Bronze（公式掲載順 54）
TBA2021-B-055	23000105	食べログ	The Tabelog Award	Bronze	うなぎ	2021	全国	うな富士	愛知県	https://award.tabelog.com/2021/restaurants/bronze	46232	店舗照合済	The Tabelog Award 2021 Bronze（公式掲載順 55）
TBA2021-B-056	13001179	食べログ	The Tabelog Award	Bronze	寿司	2021	全国	海味	東京都	https://award.tabelog.com/2021/restaurants/bronze	46232	店舗照合済	The Tabelog Award 2021 Bronze（公式掲載順 56）
TBA2021-B-057	13017947	食べログ	The Tabelog Award	Bronze	寿司	2021	全国	うを徳	東京都	https://award.tabelog.com/2021/restaurants/bronze	46232	店舗照合済	The Tabelog Award 2021 Bronze（公式掲載順 57）
TBA2021-B-058	13230923	食べログ	The Tabelog Award	Bronze	焼き鳥・鳥料理	2021	全国	鍈輝	東京都	https://award.tabelog.com/2021/restaurants/bronze	46232	店舗照合済	The Tabelog Award 2021 Bronze（公式掲載順 58）
TBA2021-B-059	13061640	食べログ	The Tabelog Award	Bronze	寿司	2021	全国	江戸前鮓 すし通	東京都	https://award.tabelog.com/2021/restaurants/bronze	46232	店舗照合済	The Tabelog Award 2021 Bronze（公式掲載順 59）
TBA2021-B-060	13186582	食べログ	The Tabelog Award	Bronze	日本料理	2021	全国	恵比寿 くろいわ	東京都	https://award.tabelog.com/2021/restaurants/bronze	46232	店舗照合済	The Tabelog Award 2021 Bronze（公式掲載順 60）
TBA2021-B-061	13213368	食べログ	The Tabelog Award	Bronze	フレンチ	2021	全国	Ode	東京都	https://award.tabelog.com/2021/restaurants/bronze	46232	店舗照合済	The Tabelog Award 2021 Bronze（公式掲載順 61）
TBA2021-B-062	13240980	食べログ	The Tabelog Award	Bronze	焼き鳥・鳥料理	2021	全国	オオクサ	東京都	https://award.tabelog.com/2021/restaurants/bronze	46232	店舗照合済	The Tabelog Award 2021 Bronze（公式掲載順 62）
TBA2021-B-063	17000107	食べログ	The Tabelog Award	Bronze	寿司	2021	全国	乙女寿司	石川県	https://award.tabelog.com/2021/restaurants/bronze	46232	店舗照合済	The Tabelog Award 2021 Bronze（公式掲載順 63）
TBA2021-B-064	13028856	食べログ	The Tabelog Award	Bronze	焼肉・すき焼き・しゃぶしゃぶ	2021	全国	おにく 花柳	東京都	https://award.tabelog.com/2021/restaurants/bronze	46232	店舗照合済	The Tabelog Award 2021 Bronze（公式掲載順 64）
TBA2021-B-065	27112164	食べログ	The Tabelog Award	Bronze	日本料理	2021	全国	緒乃	大阪府	https://award.tabelog.com/2021/restaurants/bronze	46232	店舗照合済	The Tabelog Award 2021 Bronze（公式掲載順 65）
TBA2021-B-066	13008700	食べログ	The Tabelog Award	Bronze	フレンチ	2021	全国	オマージュ	東京都	https://award.tabelog.com/2021/restaurants/bronze	46232	店舗照合済	The Tabelog Award 2021 Bronze（公式掲載順 66）
TBA2021-B-067	3005625	食べログ	The Tabelog Award	Bronze	日本料理	2021	全国	御料理 寺沢	岩手県	https://award.tabelog.com/2021/restaurants/bronze	46232	店舗照合済	The Tabelog Award 2021 Bronze（公式掲載順 67）
TBA2021-B-068	26000305	食べログ	The Tabelog Award	Bronze	日本料理	2021	全国	御料理 はやし	京都府	https://award.tabelog.com/2021/restaurants/bronze	46232	店舗照合済	The Tabelog Award 2021 Bronze（公式掲載順 68）
TBA2021-B-069	26023402	食べログ	The Tabelog Award	Bronze	日本料理	2021	全国	御料理 樋渡	京都府	https://award.tabelog.com/2021/restaurants/bronze	46232	店舗照合済	The Tabelog Award 2021 Bronze（公式掲載順 69）
TBA2021-B-070	40028665	食べログ	The Tabelog Award	Bronze	日本料理	2021	全国	御料理 まつ山	福岡県	https://award.tabelog.com/2021/restaurants/bronze	46232	店舗照合済	The Tabelog Award 2021 Bronze（公式掲載順 70）
TBA2021-B-071	26022648	食べログ	The Tabelog Award	Bronze	日本料理	2021	全国	御料理 光安	京都府	https://award.tabelog.com/2021/restaurants/bronze	46232	店舗照合済	The Tabelog Award 2021 Bronze（公式掲載順 71）
TBA2021-B-072	27068283	食べログ	The Tabelog Award	Bronze	日本料理	2021	全国	お料理 宮本	大阪府	https://award.tabelog.com/2021/restaurants/bronze	46232	店舗照合済	The Tabelog Award 2021 Bronze（公式掲載順 72）
TBA2021-B-073	26006883	食べログ	The Tabelog Award	Bronze	イノベーティブ・フュージョン	2021	全国	オルト	京都府	https://award.tabelog.com/2021/restaurants/bronze	46232	店舗照合済	The Tabelog Award 2021 Bronze（公式掲載順 73）
TBA2021-B-074	21000011	食べログ	The Tabelog Award	Bronze	中華料理	2021	全国	開化亭	岐阜県	https://award.tabelog.com/2021/restaurants/bronze	46232	店舗照合済	The Tabelog Award 2021 Bronze（公式掲載順 74）
TBA2021-B-075	13132399	食べログ	The Tabelog Award	Bronze	中華料理	2021	全国	海鮮名菜　香宮	東京都	https://award.tabelog.com/2021/restaurants/bronze	46232	店舗照合済	The Tabelog Award 2021 Bronze（公式掲載順 75）
TBA2021-B-076	13238442	食べログ	The Tabelog Award	Bronze	イノベーティブ・フュージョン	2021	全国	薫 HIROO	東京都	https://award.tabelog.com/2021/restaurants/bronze	46232	店舗照合済	The Tabelog Award 2021 Bronze（公式掲載順 76）
TBA2021-B-077	13134663	食べログ	The Tabelog Award	Bronze	ステーキ・鉄板焼き	2021	全国	神楽坂　鉄板焼 中むら	東京都	https://award.tabelog.com/2021/restaurants/bronze	46232	店舗照合済	The Tabelog Award 2021 Bronze（公式掲載順 77）
TBA2021-B-078	13213748	食べログ	The Tabelog Award	Bronze	イタリアン	2021	全国	K+	東京都	https://award.tabelog.com/2021/restaurants/bronze	46232	店舗照合済	The Tabelog Award 2021 Bronze（公式掲載順 78）
TBA2021-B-079	26022988	食べログ	The Tabelog Award	Bronze	日本料理	2021	全国	佳肴岡もと	京都府	https://award.tabelog.com/2021/restaurants/bronze	46232	店舗照合済	The Tabelog Award 2021 Bronze（公式掲載順 79）
TBA2021-B-080	27001141	食べログ	The Tabelog Award	Bronze	日本料理	2021	全国	柏屋 大阪千里山	大阪府	https://award.tabelog.com/2021/restaurants/bronze	46232	店舗照合済	The Tabelog Award 2021 Bronze（公式掲載順 80）
TBA2021-B-081	27002614	食べログ	The Tabelog Award	Bronze	焼き鳥・鳥料理	2021	全国	かしわや 闘鶏	大阪府	https://award.tabelog.com/2021/restaurants/bronze	46232	店舗照合済	The Tabelog Award 2021 Bronze（公式掲載順 81）
TBA2021-B-082	13220317	食べログ	The Tabelog Award	Bronze	日本料理	2021	全国	霞町 やまがみ	東京都	https://award.tabelog.com/2021/restaurants/bronze	46232	店舗照合済	The Tabelog Award 2021 Bronze（公式掲載順 82）
TBA2021-B-083	14012400	食べログ	The Tabelog Award	Bronze	創作料理	2021	全国	潟潟ヤ	神奈川県	https://award.tabelog.com/2021/restaurants/bronze	46232	店舗照合済	The Tabelog Award 2021 Bronze（公式掲載順 83）
TBA2021-B-084	21012387	食べログ	The Tabelog Award	Bronze	日本料理	2021	全国	かたつむり	岐阜県	https://award.tabelog.com/2021/restaurants/bronze	46232	店舗照合済	The Tabelog Award 2021 Bronze（公式掲載順 84）
TBA2021-B-085	13120294	食べログ	The Tabelog Award	Bronze	アジア・エスニック	2021	全国	カッチャル バッチャル	東京都	https://award.tabelog.com/2021/restaurants/bronze	46232	店舗照合済	The Tabelog Award 2021 Bronze（公式掲載順 85）
TBA2021-B-086	11010989	食べログ	The Tabelog Award	Bronze	日本料理	2021	全国	割烹 樋山	埼玉県	https://award.tabelog.com/2021/restaurants/bronze	46232	店舗照合済	The Tabelog Award 2021 Bronze（公式掲載順 86）
TBA2021-B-087	37000015	食べログ	The Tabelog Award	Bronze	うどん	2021	全国	釜あげうどん 長田 in 香の香	香川県	https://award.tabelog.com/2021/restaurants/bronze	46232	店舗照合済	The Tabelog Award 2021 Bronze（公式掲載順 87）
TBA2021-B-088	27010572	食べログ	The Tabelog Award	Bronze	創作料理	2021	全国	カモシヤ クスモト	大阪府	https://award.tabelog.com/2021/restaurants/bronze	46232	店舗照合済	The Tabelog Award 2021 Bronze（公式掲載順 88）
TBA2021-B-089	13202529	食べログ	The Tabelog Award	Bronze	アジア・エスニック	2021	全国	カルパシ	東京都	https://award.tabelog.com/2021/restaurants/bronze	46232	店舗照合済	The Tabelog Award 2021 Bronze（公式掲載順 89）
TBA2021-B-090	18000003	食べログ	The Tabelog Award	Bronze	魚介料理・海鮮料理	2021	全国	川㐂	福井県	https://award.tabelog.com/2021/restaurants/bronze	46232	店舗照合済	The Tabelog Award 2021 Bronze（公式掲載順 90）
TBA2021-B-091	13232330	食べログ	The Tabelog Award	Bronze	日本料理	2021	全国	川田	東京都	https://award.tabelog.com/2021/restaurants/bronze	46232	店舗照合済	The Tabelog Award 2021 Bronze（公式掲載順 91）
TBA2021-B-092	13016506	食べログ	The Tabelog Award	Bronze	ステーキ・鉄板焼き	2021	全国	かわむら	東京都	https://award.tabelog.com/2021/restaurants/bronze	46232	店舗照合済	The Tabelog Award 2021 Bronze（公式掲載順 92）
TBA2021-B-093	40000441	食べログ	The Tabelog Award	Bronze	焼肉・すき焼き・しゃぶしゃぶ	2021	全国	韓国料理　田無羅	福岡県	https://award.tabelog.com/2021/restaurants/bronze	46232	店舗照合済	The Tabelog Award 2021 Bronze（公式掲載順 93）
TBA2021-B-094	13020361	食べログ	The Tabelog Award	Bronze	中華料理	2021	全国	広東料理 センス	東京都	https://award.tabelog.com/2021/restaurants/bronze	46232	店舗照合済	The Tabelog Award 2021 Bronze（公式掲載順 94）
TBA2021-B-095	13198197	食べログ	The Tabelog Award	Bronze	寿司	2021	全国	紀尾井町 三谷	東京都	https://award.tabelog.com/2021/restaurants/bronze	46232	店舗照合済	The Tabelog Award 2021 Bronze（公式掲載順 95）
TBA2021-B-096	26018265	食べログ	The Tabelog Award	Bronze	ステーキ・鉄板焼き	2021	全国	祇園 一道	京都府	https://award.tabelog.com/2021/restaurants/bronze	46232	店舗照合済	The Tabelog Award 2021 Bronze（公式掲載順 96）
TBA2021-B-097	26001968	食べログ	The Tabelog Award	Bronze	日本料理	2021	全国	祇園 丸山	京都府	https://award.tabelog.com/2021/restaurants/bronze	46232	店舗照合済	The Tabelog Award 2021 Bronze（公式掲載順 97）
TBA2021-B-098	26029969	食べログ	The Tabelog Award	Bronze	フレンチ	2021	全国	祇園 呂色	京都府	https://award.tabelog.com/2021/restaurants/bronze	46232	店舗照合済	The Tabelog Award 2021 Bronze（公式掲載順 98）
TBA2021-B-099	26001726	食べログ	The Tabelog Award	Bronze	日本料理	2021	全国	ぎおん 阪川	京都府	https://award.tabelog.com/2021/restaurants/bronze	46232	店舗照合済	The Tabelog Award 2021 Bronze（公式掲載順 99）
TBA2021-B-100	26001863	食べログ	The Tabelog Award	Bronze	日本料理	2021	全国	祇園 さゝ木	京都府	https://award.tabelog.com/2021/restaurants/bronze	46232	店舗照合済	The Tabelog Award 2021 Bronze（公式掲載順 100）
TBA2021-B-101	26009394	食べログ	The Tabelog Award	Bronze	日本料理	2021	全国	祇園 末友	京都府	https://award.tabelog.com/2021/restaurants/bronze	46232	店舗照合済	The Tabelog Award 2021 Bronze（公式掲載順 101）
TBA2021-B-102	26027852	食べログ	The Tabelog Award	Bronze	日本料理	2021	全国	祇園 にし	京都府	https://award.tabelog.com/2021/restaurants/bronze	46232	店舗照合済	The Tabelog Award 2021 Bronze（公式掲載順 102）
TBA2021-B-103	26007611	食べログ	The Tabelog Award	Bronze	日本料理	2021	全国	祇園 にしかわ	京都府	https://award.tabelog.com/2021/restaurants/bronze	46232	店舗照合済	The Tabelog Award 2021 Bronze（公式掲載順 103）
TBA2021-B-104	26006471	食べログ	The Tabelog Award	Bronze	日本料理	2021	全国	祇園 又吉	京都府	https://award.tabelog.com/2021/restaurants/bronze	46232	店舗照合済	The Tabelog Award 2021 Bronze（公式掲載順 104）
TBA2021-B-105	26001346	食べログ	The Tabelog Award	Bronze	日本料理	2021	全国	菊乃井 本店	京都府	https://award.tabelog.com/2021/restaurants/bronze	46232	店舗照合済	The Tabelog Award 2021 Bronze（公式掲載順 105）
TBA2021-B-106	34016189	食べログ	The Tabelog Award	Bronze	日本料理	2021	全国	季節料理　なかしま	広島県	https://award.tabelog.com/2021/restaurants/bronze	46232	店舗照合済	The Tabelog Award 2021 Bronze（公式掲載順 106）
TBA2021-B-107	13000945	食べログ	The Tabelog Award	Bronze	フレンチ	2021	全国	北島亭	東京都	https://award.tabelog.com/2021/restaurants/bronze	46232	店舗照合済	The Tabelog Award 2021 Bronze（公式掲載順 107）
TBA2021-B-108	29001982	食べログ	The Tabelog Award	Bronze	焼肉・すき焼き・しゃぶしゃぶ	2021	全国	きみや	奈良県	https://award.tabelog.com/2021/restaurants/bronze	46232	店舗照合済	The Tabelog Award 2021 Bronze（公式掲載順 108）
TBA2021-B-109	26005284	食べログ	The Tabelog Award	Bronze	イタリアン	2021	全国	キメラ	京都府	https://award.tabelog.com/2021/restaurants/bronze	46232	店舗照合済	The Tabelog Award 2021 Bronze（公式掲載順 109）
TBA2021-B-110	27019178	食べログ	The Tabelog Award	Bronze	日本料理	2021	全国	牛寶	大阪府	https://award.tabelog.com/2021/restaurants/bronze	46232	店舗照合済	The Tabelog Award 2021 Bronze（公式掲載順 110）
TBA2021-B-111	26006497	食べログ	The Tabelog Award	Bronze	中華料理	2021	全国	京 静華	京都府	https://award.tabelog.com/2021/restaurants/bronze	46232	店舗照合済	The Tabelog Award 2021 Bronze（公式掲載順 111）
TBA2021-B-112	26001047	食べログ	The Tabelog Award	Bronze	日本料理	2021	全国	京懐石 吉泉	京都府	https://award.tabelog.com/2021/restaurants/bronze	46232	店舗照合済	The Tabelog Award 2021 Bronze（公式掲載順 112）
TBA2021-B-113	23001725	食べログ	The Tabelog Award	Bronze	日本料理	2021	全国	京懐石 八泉	愛知県	https://award.tabelog.com/2021/restaurants/bronze	46232	店舗照合済	The Tabelog Award 2021 Bronze（公式掲載順 113）
TBA2021-B-114	26002511	食べログ	The Tabelog Award	Bronze	日本料理	2021	全国	京 上賀茂 御料理秋山	京都府	https://award.tabelog.com/2021/restaurants/bronze	46232	店舗照合済	The Tabelog Award 2021 Bronze（公式掲載順 114）
TBA2021-B-115	26001312	食べログ	The Tabelog Award	Bronze	日本料理	2021	全国	京都 吉兆 嵐山本店	京都府	https://award.tabelog.com/2021/restaurants/bronze	46232	店舗照合済	The Tabelog Award 2021 Bronze（公式掲載順 115）
TBA2021-B-116	26015836	食べログ	The Tabelog Award	Bronze	日本料理	2021	全国	魚菜料理 縄屋	京都府	https://award.tabelog.com/2021/restaurants/bronze	46232	店舗照合済	The Tabelog Award 2021 Bronze（公式掲載順 116）
TBA2021-B-117	13070238	食べログ	The Tabelog Award	Bronze	寿司	2021	全国	きよ田	東京都	https://award.tabelog.com/2021/restaurants/bronze	46232	店舗照合済	The Tabelog Award 2021 Bronze（公式掲載順 117）
TBA2021-B-118	13183900	食べログ	The Tabelog Award	Bronze	日本料理	2021	全国	銀座 きた福	東京都	https://award.tabelog.com/2021/restaurants/bronze	46232	店舗照合済	The Tabelog Award 2021 Bronze（公式掲載順 118）
TBA2021-B-119	13005683	食べログ	The Tabelog Award	Bronze	日本料理	2021	全国	銀座 小十	東京都	https://award.tabelog.com/2021/restaurants/bronze	46232	店舗照合済	The Tabelog Award 2021 Bronze（公式掲載順 119）
TBA2021-B-120	13217960	食べログ	The Tabelog Award	Bronze	中華料理	2021	全国	GINZA JOTAKI	東京都	https://award.tabelog.com/2021/restaurants/bronze	46232	店舗照合済	The Tabelog Award 2021 Bronze（公式掲載順 120）
TBA2021-B-121	13005003	食べログ	The Tabelog Award	Bronze	寿司	2021	全国	銀座 鮨 かねさか 本店	東京都	https://award.tabelog.com/2021/restaurants/bronze	46232	店舗照合済	The Tabelog Award 2021 Bronze（公式掲載順 121）
TBA2021-B-122	13232735	食べログ	The Tabelog Award	Bronze	日本料理	2021	全国	銀座ふじやま	東京都	https://award.tabelog.com/2021/restaurants/bronze	46232	店舗照合済	The Tabelog Award 2021 Bronze（公式掲載順 122）
TBA2021-B-123	13002444	食べログ	The Tabelog Award	Bronze	フレンチ	2021	全国	銀座 レカン	東京都	https://award.tabelog.com/2021/restaurants/bronze	46232	店舗照合済	The Tabelog Award 2021 Bronze（公式掲載順 123）
TBA2021-B-124	26002126	食べログ	The Tabelog Award	Bronze	ステーキ・鉄板焼き	2021	全国	くいしんぼー山中	京都府	https://award.tabelog.com/2021/restaurants/bronze	46232	店舗照合済	The Tabelog Award 2021 Bronze（公式掲載順 124）
TBA2021-B-125	27073813	食べログ	The Tabelog Award	Bronze	イタリアン	2021	全国	クイントカント	大阪府	https://award.tabelog.com/2021/restaurants/bronze	46232	店舗照合済	The Tabelog Award 2021 Bronze（公式掲載順 125）
TBA2021-B-126	13129802	食べログ	The Tabelog Award	Bronze	とんかつ・揚げ物	2021	全国	串揚げはやし	東京都	https://award.tabelog.com/2021/restaurants/bronze	46232	店舗照合済	The Tabelog Award 2021 Bronze（公式掲載順 126）
TBA2021-B-127	23000441	食べログ	The Tabelog Award	Bronze	イタリアン	2021	全国	クッチーナ イタリアーナ ガッルーラ	愛知県	https://award.tabelog.com/2021/restaurants/bronze	46232	店舗照合済	The Tabelog Award 2021 Bronze（公式掲載順 127）
TBA2021-B-128	26000658	食べログ	The Tabelog Award	Bronze	その他	2021	全国	グリルフレンチ	京都府	https://award.tabelog.com/2021/restaurants/bronze	46232	店舗照合済	The Tabelog Award 2021 Bronze（公式掲載順 128）
TBA2021-B-129	13202768	食べログ	The Tabelog Award	Bronze	フレンチ	2021	全国	Crony	東京都	https://award.tabelog.com/2021/restaurants/bronze	46232	店舗照合済	The Tabelog Award 2021 Bronze（公式掲載順 129）
TBA2021-B-130	13094789	食べログ	The Tabelog Award	Bronze	日本料理	2021	全国	くろぎ	東京都	https://award.tabelog.com/2021/restaurants/bronze	46232	店舗照合済	The Tabelog Award 2021 Bronze（公式掲載順 130）
TBA2021-B-131	13178821	食べログ	The Tabelog Award	Bronze	寿司	2021	全国	くろ﨑	東京都	https://award.tabelog.com/2021/restaurants/bronze	46232	店舗照合済	The Tabelog Award 2021 Bronze（公式掲載順 131）
TBA2021-B-132	26000535	食べログ	The Tabelog Award	Bronze	日本料理	2021	全国	高台寺 和久傳	京都府	https://award.tabelog.com/2021/restaurants/bronze	46232	店舗照合済	The Tabelog Award 2021 Bronze（公式掲載順 132）
TBA2021-B-133	13224979	食べログ	The Tabelog Award	Bronze	ステーキ・鉄板焼き	2021	全国	神戸牛炉釜ステーキ GINZA KOKO炉	東京都	https://award.tabelog.com/2021/restaurants/bronze	46232	店舗照合済	The Tabelog Award 2021 Bronze（公式掲載順 133）
TBA2021-B-134	13161192	食べログ	The Tabelog Award	Bronze	ステーキ・鉄板焼き	2021	全国	神戸牛炉釜炭焼ステーキ IDEA 銀座	東京都	https://award.tabelog.com/2021/restaurants/bronze	46232	店舗照合済	The Tabelog Award 2021 Bronze（公式掲載順 134）
TBA2021-B-135	25001485	食べログ	The Tabelog Award	Bronze	日本料理	2021	全国	行楽庵	滋賀県	https://award.tabelog.com/2021/restaurants/bronze	46232	店舗照合済	The Tabelog Award 2021 Bronze（公式掲載順 135）
TBA2021-B-136	13156859	食べログ	The Tabelog Award	Bronze	日本料理	2021	全国	豪龍久保	東京都	https://award.tabelog.com/2021/restaurants/bronze	46232	店舗照合済	The Tabelog Award 2021 Bronze（公式掲載順 136）
TBA2021-B-137	26028604	食べログ	The Tabelog Award	Bronze	日本料理	2021	全国	御幸町 田がわ	京都府	https://award.tabelog.com/2021/restaurants/bronze	46232	店舗照合済	The Tabelog Award 2021 Bronze（公式掲載順 137）
TBA2021-B-138	28015514	食べログ	The Tabelog Award	Bronze	日本料理	2021	全国	こにし家	兵庫県	https://award.tabelog.com/2021/restaurants/bronze	46232	店舗照合済	The Tabelog Award 2021 Bronze（公式掲載順 138）
TBA2021-B-139	7000810	食べログ	The Tabelog Award	Bronze	寿司	2021	全国	小判寿司	福島県	https://award.tabelog.com/2021/restaurants/bronze	46232	店舗照合済	The Tabelog Award 2021 Bronze（公式掲載順 139）
TBA2021-B-140	13194122	食べログ	The Tabelog Award	Bronze	中華料理	2021	全国	虎峰	東京都	https://award.tabelog.com/2021/restaurants/bronze	46232	店舗照合済	The Tabelog Award 2021 Bronze（公式掲載順 140）
TBA2021-B-141	24012212	食べログ	The Tabelog Award	Bronze	寿司	2021	全国	こま田	三重県	https://award.tabelog.com/2021/restaurants/bronze	46232	店舗照合済	The Tabelog Award 2021 Bronze（公式掲載順 141）
TBA2021-B-142	13095398	食べログ	The Tabelog Award	Bronze	焼肉・すき焼き・しゃぶしゃぶ	2021	全国	在市 月島本店	東京都	https://award.tabelog.com/2021/restaurants/bronze	46232	店舗照合済	The Tabelog Award 2021 Bronze（公式掲載順 142）
TBA2021-B-143	26031313	食べログ	The Tabelog Award	Bronze	寿司	2021	全国	さえき	京都府	https://award.tabelog.com/2021/restaurants/bronze	46232	店舗照合済	The Tabelog Award 2021 Bronze（公式掲載順 143）
TBA2021-B-144	13233311	食べログ	The Tabelog Award	Bronze	中華料理	2021	全国	サエキ飯店	東京都	https://award.tabelog.com/2021/restaurants/bronze	46232	店舗照合済	The Tabelog Award 2021 Bronze（公式掲載順 144）
TBA2021-B-145	14068897	食べログ	The Tabelog Award	Bronze	ラーメン	2021	全国	櫻井中華そば店	神奈川県	https://award.tabelog.com/2021/restaurants/bronze	46232	店舗照合済	The Tabelog Award 2021 Bronze（公式掲載順 145）
TBA2021-B-146	13223460	食べログ	The Tabelog Award	Bronze	焼肉・すき焼き・しゃぶしゃぶ	2021	全国	SATOブリアン さんごう	東京都	https://award.tabelog.com/2021/restaurants/bronze	46232	店舗照合済	The Tabelog Award 2021 Bronze（公式掲載順 146）
TBA2021-B-147	13159782	食べログ	The Tabelog Award	Bronze	焼肉・すき焼き・しゃぶしゃぶ	2021	全国	SATOブリアン にごう	東京都	https://award.tabelog.com/2021/restaurants/bronze	46232	店舗照合済	The Tabelog Award 2021 Bronze（公式掲載順 147）
TBA2021-B-148	13127046	食べログ	The Tabelog Award	Bronze	焼肉・すき焼き・しゃぶしゃぶ	2021	全国	SATOブリアン 本店	東京都	https://award.tabelog.com/2021/restaurants/bronze	46232	店舗照合済	The Tabelog Award 2021 Bronze（公式掲載順 148）
TBA2021-B-149	40000240	食べログ	The Tabelog Award	Bronze	日本料理	2021	全国	佐藤	福岡県	https://award.tabelog.com/2021/restaurants/bronze	46232	店舗照合済	The Tabelog Award 2021 Bronze（公式掲載順 149）
TBA2021-B-150	13216529	食べログ	The Tabelog Award	Bronze	焼肉・すき焼き・しゃぶしゃぶ	2021	全国	サトブリDA	東京都	https://award.tabelog.com/2021/restaurants/bronze	46232	店舗照合済	The Tabelog Award 2021 Bronze（公式掲載順 150）
TBA2021-B-151	37000019	食べログ	The Tabelog Award	Bronze	うどん	2021	全国	讃岐うどん がもう	香川県	https://award.tabelog.com/2021/restaurants/bronze	46232	店舗照合済	The Tabelog Award 2021 Bronze（公式掲載順 151）
TBA2021-B-152	13216329	食べログ	The Tabelog Award	Bronze	日本料理	2021	全国	茶寮 宮坂	東京都	https://award.tabelog.com/2021/restaurants/bronze	46232	店舗照合済	The Tabelog Award 2021 Bronze（公式掲載順 152）
TBA2021-B-153	14010542	食べログ	The Tabelog Award	Bronze	イタリアン	2021	全国	SALONE 2007	神奈川県	https://award.tabelog.com/2021/restaurants/bronze	46232	店舗照合済	The Tabelog Award 2021 Bronze（公式掲載順 153）
TBA2021-B-154	26005351	食べログ	The Tabelog Award	Bronze	日本料理	2021	全国	山玄茶	京都府	https://award.tabelog.com/2021/restaurants/bronze	46232	店舗照合済	The Tabelog Award 2021 Bronze（公式掲載順 154）
TBA2021-B-155	13216899	食べログ	The Tabelog Award	Bronze	フレンチ	2021	全国	サンプリシテ	東京都	https://award.tabelog.com/2021/restaurants/bronze	46232	店舗照合済	The Tabelog Award 2021 Bronze（公式掲載順 155）
TBA2021-B-156	13000510	食べログ	The Tabelog Award	Bronze	フレンチ	2021	全国	シェ・イノ	東京都	https://award.tabelog.com/2021/restaurants/bronze	46232	店舗照合済	The Tabelog Award 2021 Bronze（公式掲載順 156）
TBA2021-B-157	13141364	食べログ	The Tabelog Award	Bronze	スイーツ	2021	全国	ジェラテリア アクオリーナ	東京都	https://award.tabelog.com/2021/restaurants/bronze	46232	店舗照合済	The Tabelog Award 2021 Bronze（公式掲載順 157）
TBA2021-B-158	8000227	食べログ	The Tabelog Award	Bronze	そば	2021	全国	慈久庵	茨城県	https://award.tabelog.com/2021/restaurants/bronze	46232	店舗照合済	The Tabelog Award 2021 Bronze（公式掲載順 158）
TBA2021-B-159	30008100	食べログ	The Tabelog Award	Bronze	日本料理	2021	全国	召膳 無苦庵	和歌山県	https://award.tabelog.com/2021/restaurants/bronze	46232	店舗照合済	The Tabelog Award 2021 Bronze（公式掲載順 159）
TBA2021-B-160	13168401	食べログ	The Tabelog Award	Bronze	中華料理	2021	全国	私厨房 勇	東京都	https://award.tabelog.com/2021/restaurants/bronze	46232	店舗照合済	The Tabelog Award 2021 Bronze（公式掲載順 160）
TBA2021-B-161	27000387	食べログ	The Tabelog Award	Bronze	日本料理	2021	全国	島之内 一陽	大阪府	https://award.tabelog.com/2021/restaurants/bronze	46232	店舗照合済	The Tabelog Award 2021 Bronze（公式掲載順 161）
TBA2021-B-162	5006765	食べログ	The Tabelog Award	Bronze	イタリアン	2021	全国	ジュエーメ	秋田県	https://award.tabelog.com/2021/restaurants/bronze	46232	店舗照合済	The Tabelog Award 2021 Bronze（公式掲載順 162）
TBA2021-B-163	5000004	食べログ	The Tabelog Award	Bronze	居酒屋	2021	全国	酒盃	秋田県	https://award.tabelog.com/2021/restaurants/bronze	46232	店舗照合済	The Tabelog Award 2021 Bronze（公式掲載順 163）
TBA2021-B-164	25000052	食べログ	The Tabelog Award	Bronze	日本料理	2021	全国	招福樓 本店	滋賀県	https://award.tabelog.com/2021/restaurants/bronze	46232	店舗照合済	The Tabelog Award 2021 Bronze（公式掲載順 164）
TBA2021-B-165	13162190	食べログ	The Tabelog Award	Bronze	日本料理	2021	全国	喰善 あべ	東京都	https://award.tabelog.com/2021/restaurants/bronze	46232	店舗照合済	The Tabelog Award 2021 Bronze（公式掲載順 165）
TBA2021-B-166	17009741	食べログ	The Tabelog Award	Bronze	イノベーティブ・フュージョン	2021	全国	SHÓKUDŌ YArn	石川県	https://award.tabelog.com/2021/restaurants/bronze	46232	店舗照合済	The Tabelog Award 2021 Bronze（公式掲載順 166）
TBA2021-B-167	13162454	食べログ	The Tabelog Award	Bronze	日本料理	2021	全国	白金台こばやし	東京都	https://award.tabelog.com/2021/restaurants/bronze	46232	店舗照合済	The Tabelog Award 2021 Bronze（公式掲載順 167）
TBA2021-B-168	13194253	食べログ	The Tabelog Award	Bronze	フレンチ	2021	全国	Sincère	東京都	https://award.tabelog.com/2021/restaurants/bronze	46232	店舗照合済	The Tabelog Award 2021 Bronze（公式掲載順 168）
TBA2021-B-169	27000411	食べログ	The Tabelog Award	Bronze	寿司	2021	全国	尽誠	大阪府	https://award.tabelog.com/2021/restaurants/bronze	46232	店舗照合済	The Tabelog Award 2021 Bronze（公式掲載順 169）
TBA2021-B-170	13020781	食べログ	The Tabelog Award	Bronze	日本料理	2021	全国	新ばし 笹田	東京都	https://award.tabelog.com/2021/restaurants/bronze	46232	店舗照合済	The Tabelog Award 2021 Bronze（公式掲載順 170）
TBA2021-B-171	13002892	食べログ	The Tabelog Award	Bronze	寿司	2021	全国	新ばし しみづ	東京都	https://award.tabelog.com/2021/restaurants/bronze	46232	店舗照合済	The Tabelog Award 2021 Bronze（公式掲載順 171）
TBA2021-B-172	14035784	食べログ	The Tabelog Award	Bronze	スイーツ	2021	全国	スイーツガーデン ユウジアジキ	神奈川県	https://award.tabelog.com/2021/restaurants/bronze	46232	店舗照合済	The Tabelog Award 2021 Bronze（公式掲載順 172）
TBA2021-B-173	27116163	食べログ	The Tabelog Award	Bronze	フレンチ	2021	全国	スガラボヴィー	大阪府	https://award.tabelog.com/2021/restaurants/bronze	46232	店舗照合済	The Tabelog Award 2021 Bronze（公式掲載順 173）
TBA2021-B-174	13002260	食べログ	The Tabelog Award	Bronze	寿司	2021	全国	すきやばし 次郎	東京都	https://award.tabelog.com/2021/restaurants/bronze	46232	店舗照合済	The Tabelog Award 2021 Bronze（公式掲載順 174）
TBA2021-B-175	13004426	食べログ	The Tabelog Award	Bronze	寿司	2021	全国	すきやばし 次郎 六本木ヒルズ店	東京都	https://award.tabelog.com/2021/restaurants/bronze	46232	店舗照合済	The Tabelog Award 2021 Bronze（公式掲載順 175）
TBA2021-B-176	37000143	食べログ	The Tabelog Award	Bronze	うどん	2021	全国	須崎食料品店	香川県	https://award.tabelog.com/2021/restaurants/bronze	46232	店舗照合済	The Tabelog Award 2021 Bronze（公式掲載順 176）
TBA2021-B-177	13239506	食べログ	The Tabelog Award	Bronze	寿司	2021	全国	鮨 さえ㐂	東京都	https://award.tabelog.com/2021/restaurants/bronze	46232	店舗照合済	The Tabelog Award 2021 Bronze（公式掲載順 177）
TBA2021-B-178	27095402	食べログ	The Tabelog Award	Bronze	寿司	2021	全国	鮨 三心	大阪府	https://award.tabelog.com/2021/restaurants/bronze	46232	店舗照合済	The Tabelog Award 2021 Bronze（公式掲載順 178）
TBA2021-B-179	13127515	食べログ	The Tabelog Award	Bronze	寿司	2021	全国	鮨 しゅん輔 阿佐ヶ谷	東京都	https://award.tabelog.com/2021/restaurants/bronze	46232	店舗照合済	The Tabelog Award 2021 Bronze（公式掲載順 179）
TBA2021-B-180	28006575	食べログ	The Tabelog Award	Bronze	寿司	2021	全国	寿志 城助	兵庫県	https://award.tabelog.com/2021/restaurants/bronze	46232	店舗照合済	The Tabelog Award 2021 Bronze（公式掲載順 180）
TBA2021-B-181	13228776	食べログ	The Tabelog Award	Bronze	寿司	2021	全国	鮨 すが弥	東京都	https://award.tabelog.com/2021/restaurants/bronze	46232	店舗照合済	The Tabelog Award 2021 Bronze（公式掲載順 181）
TBA2021-B-182	43002645	食べログ	The Tabelog Award	Bronze	寿司	2021	全国	鮨　仙八	熊本県	https://award.tabelog.com/2021/restaurants/bronze	46232	店舗照合済	The Tabelog Award 2021 Bronze（公式掲載順 182）
TBA2021-B-183	23050373	食べログ	The Tabelog Award	Bronze	寿司	2021	全国	鮨 土方	愛知県	https://award.tabelog.com/2021/restaurants/bronze	46232	店舗照合済	The Tabelog Award 2021 Bronze（公式掲載順 183）
TBA2021-B-184	28006932	食べログ	The Tabelog Award	Bronze	寿司	2021	全国	鮨 まつ本	兵庫県	https://award.tabelog.com/2021/restaurants/bronze	46232	店舗照合済	The Tabelog Award 2021 Bronze（公式掲載順 184）
TBA2021-B-185	4000199	食べログ	The Tabelog Award	Bronze	寿司	2021	全国	すし 蓑	宮城県	https://award.tabelog.com/2021/restaurants/bronze	46232	店舗照合済	The Tabelog Award 2021 Bronze（公式掲載順 185）
TBA2021-B-186	11003959	食べログ	The Tabelog Award	Bronze	うなぎ	2021	全国	鰻 むさし乃	埼玉県	https://award.tabelog.com/2021/restaurants/bronze	46232	店舗照合済	The Tabelog Award 2021 Bronze（公式掲載順 186）
TBA2021-B-187	13240787	食べログ	The Tabelog Award	Bronze	寿司	2021	全国	鮨 龍次郎	東京都	https://award.tabelog.com/2021/restaurants/bronze	46232	店舗照合済	The Tabelog Award 2021 Bronze（公式掲載順 187） / Best New Entry
TBA2021-B-188	11036797	食べログ	The Tabelog Award	Bronze	寿司	2021	全国	鮨 猪股	埼玉県	https://award.tabelog.com/2021/restaurants/bronze	46232	店舗照合済	The Tabelog Award 2021 Bronze（公式掲載順 188）
TBA2021-B-189	12019424	食べログ	The Tabelog Award	Bronze	寿司	2021	全国	寿司栄	千葉県	https://award.tabelog.com/2021/restaurants/bronze	46232	店舗照合済	The Tabelog Award 2021 Bronze（公式掲載順 189）
TBA2021-B-190	33001952	食べログ	The Tabelog Award	Bronze	寿司	2021	全国	鮨 縁	岡山県	https://award.tabelog.com/2021/restaurants/bronze	46232	店舗照合済	The Tabelog Award 2021 Bronze（公式掲載順 190）
TBA2021-B-191	27057420	食べログ	The Tabelog Award	Bronze	寿司	2021	全国	寿し おおはた	大阪府	https://award.tabelog.com/2021/restaurants/bronze	46232	店舗照合済	The Tabelog Award 2021 Bronze（公式掲載順 191）
TBA2021-B-192	40000001	食べログ	The Tabelog Award	Bronze	寿司	2021	全国	鮨 おさむ	福岡県	https://award.tabelog.com/2021/restaurants/bronze	46232	店舗照合済	The Tabelog Award 2021 Bronze（公式掲載順 192）
TBA2021-B-193	14042983	食べログ	The Tabelog Award	Bronze	寿司	2021	全国	鮨 おとわ	神奈川県	https://award.tabelog.com/2021/restaurants/bronze	46232	店舗照合済	The Tabelog Award 2021 Bronze（公式掲載順 193）
TBA2021-B-194	10002097	食べログ	The Tabelog Award	Bronze	寿司	2021	全国	鮨おばな	群馬県	https://award.tabelog.com/2021/restaurants/bronze	46232	店舗照合済	The Tabelog Award 2021 Bronze（公式掲載順 194）
TBA2021-B-195	27041868	食べログ	The Tabelog Award	Bronze	寿司	2021	全国	鮓 きずな	大阪府	https://award.tabelog.com/2021/restaurants/bronze	46232	店舗照合済	The Tabelog Award 2021 Bronze（公式掲載順 195）
TBA2021-B-196	13023988	食べログ	The Tabelog Award	Bronze	寿司	2021	全国	すし匠 齋藤	東京都	https://award.tabelog.com/2021/restaurants/bronze	46232	店舗照合済	The Tabelog Award 2021 Bronze（公式掲載順 196）
TBA2021-B-197	16001163	食べログ	The Tabelog Award	Bronze	寿司	2021	全国	鮨人	富山県	https://award.tabelog.com/2021/restaurants/bronze	46232	店舗照合済	The Tabelog Award 2021 Bronze（公式掲載順 197）
TBA2021-B-198	13184367	食べログ	The Tabelog Award	Bronze	寿司	2021	全国	鮨 鈴木	東京都	https://award.tabelog.com/2021/restaurants/bronze	46232	店舗照合済	The Tabelog Award 2021 Bronze（公式掲載順 198）
TBA2021-B-199	13165933	食べログ	The Tabelog Award	Bronze	寿司	2021	全国	鮨 たかはし	東京都	https://award.tabelog.com/2021/restaurants/bronze	46232	店舗照合済	The Tabelog Award 2021 Bronze（公式掲載順 199）
TBA2021-B-200	13155234	食べログ	The Tabelog Award	Bronze	寿司	2021	全国	鮨 とかみ	東京都	https://award.tabelog.com/2021/restaurants/bronze	46232	店舗照合済	The Tabelog Award 2021 Bronze（公式掲載順 200）
TBA2021-B-201	41000031	食べログ	The Tabelog Award	Bronze	寿司	2021	全国	鮨処 つく田	佐賀県	https://award.tabelog.com/2021/restaurants/bronze	46232	店舗照合済	The Tabelog Award 2021 Bronze（公式掲載順 201）
TBA2021-B-202	33000059	食べログ	The Tabelog Award	Bronze	寿司	2021	全国	すし処 ひさ田	岡山県	https://award.tabelog.com/2021/restaurants/bronze	46232	店舗照合済	The Tabelog Award 2021 Bronze（公式掲載順 202）
TBA2021-B-203	1038603	食べログ	The Tabelog Award	Bronze	寿司	2021	全国	寿し ひでたか	北海道	https://award.tabelog.com/2021/restaurants/bronze	46232	店舗照合済	The Tabelog Award 2021 Bronze（公式掲載順 203）
TBA2021-B-204	13209440	食べログ	The Tabelog Award	Bronze	寿司	2021	全国	鮓 ふじなが	東京都	https://award.tabelog.com/2021/restaurants/bronze	46232	店舗照合済	The Tabelog Award 2021 Bronze（公式掲載順 204）
TBA2021-B-205	23070288	食べログ	The Tabelog Award	Bronze	寿司	2021	全国	寿し道 桜田	愛知県	https://award.tabelog.com/2021/restaurants/bronze	46232	店舗照合済	The Tabelog Award 2021 Bronze（公式掲載順 205）
TBA2021-B-206	1001719	食べログ	The Tabelog Award	Bronze	寿司	2021	全国	鮨みなと	北海道	https://award.tabelog.com/2021/restaurants/bronze	46232	店舗照合済	The Tabelog Award 2021 Bronze（公式掲載順 206）
TBA2021-B-207	13156961	食べログ	The Tabelog Award	Bronze	寿司	2021	全国	すし家 一柳	東京都	https://award.tabelog.com/2021/restaurants/bronze	46232	店舗照合済	The Tabelog Award 2021 Bronze（公式掲載順 207）
TBA2021-B-208	40001706	食べログ	The Tabelog Award	Bronze	寿司	2021	全国	鮨 安吉	福岡県	https://award.tabelog.com/2021/restaurants/bronze	46232	店舗照合済	The Tabelog Award 2021 Bronze（公式掲載順 208）
TBA2021-B-209	28023929	食べログ	The Tabelog Award	Bronze	寿司	2021	全国	すし屋 亙	兵庫県	https://award.tabelog.com/2021/restaurants/bronze	46232	店舗照合済	The Tabelog Award 2021 Bronze（公式掲載順 209）
TBA2021-B-210	13201640	食べログ	The Tabelog Award	Bronze	寿司	2021	全国	鮨 由う	東京都	https://award.tabelog.com/2021/restaurants/bronze	46232	店舗照合済	The Tabelog Award 2021 Bronze（公式掲載順 210）
TBA2021-B-211	13185503	食べログ	The Tabelog Award	Bronze	寿司	2021	全国	鮨 竜介	東京都	https://award.tabelog.com/2021/restaurants/bronze	46232	店舗照合済	The Tabelog Award 2021 Bronze（公式掲載順 211）
TBA2021-B-212	23000494	食べログ	The Tabelog Award	Bronze	ステーキ・鉄板焼き	2021	全国	ステーキハウス キッチンリボン	愛知県	https://award.tabelog.com/2021/restaurants/bronze	46232	店舗照合済	The Tabelog Award 2021 Bronze（公式掲載順 212）
TBA2021-B-213	13120204	食べログ	The Tabelog Award	Bronze	アジア・エスニック	2021	全国	砂の岬	東京都	https://award.tabelog.com/2021/restaurants/bronze	46232	店舗照合済	The Tabelog Award 2021 Bronze（公式掲載順 213）
TBA2021-B-214	13203027	食べログ	The Tabelog Award	Bronze	アジア・エスニック	2021	全国	SPICY CURRY 魯珈	東京都	https://award.tabelog.com/2021/restaurants/bronze	46232	店舗照合済	The Tabelog Award 2021 Bronze（公式掲載順 214）
TBA2021-B-215	40035804	食べログ	The Tabelog Award	Bronze	アジア・エスニック	2021	全国	Spice&Dining KALA	福岡県	https://award.tabelog.com/2021/restaurants/bronze	46232	店舗照合済	The Tabelog Award 2021 Bronze（公式掲載順 215）
TBA2021-B-216	26017706	食べログ	The Tabelog Award	Bronze	日本料理	2021	全国	炭火割烹 いふき	京都府	https://award.tabelog.com/2021/restaurants/bronze	46232	店舗照合済	The Tabelog Award 2021 Bronze（公式掲載順 216）
TBA2021-B-217	13001794	食べログ	The Tabelog Award	Bronze	焼肉・すき焼き・しゃぶしゃぶ	2021	全国	炭火焼 ゆうじ	東京都	https://award.tabelog.com/2021/restaurants/bronze	46232	店舗照合済	The Tabelog Award 2021 Bronze（公式掲載順 217）
TBA2021-B-218	13175110	食べログ	The Tabelog Award	Bronze	焼肉・すき焼き・しゃぶしゃぶ	2021	全国	炭火焼肉 なかはら	東京都	https://award.tabelog.com/2021/restaurants/bronze	46232	店舗照合済	The Tabelog Award 2021 Bronze（公式掲載順 218）
TBA2021-B-219	13001625	食べログ	The Tabelog Award	Bronze	焼肉・すき焼き・しゃぶしゃぶ	2021	全国	炭焼 金竜山	東京都	https://award.tabelog.com/2021/restaurants/bronze	46232	店舗照合済	The Tabelog Award 2021 Bronze（公式掲載順 219）
TBA2021-B-220	1060884	食べログ	The Tabelog Award	Bronze	日本料理	2021	全国	壽山	北海道	https://award.tabelog.com/2021/restaurants/bronze	46232	店舗照合済	The Tabelog Award 2021 Bronze（公式掲載順 220）
TBA2021-B-221	13125046	食べログ	The Tabelog Award	Bronze	スペイン料理	2021	全国	スリオラ	東京都	https://award.tabelog.com/2021/restaurants/bronze	46232	店舗照合済	The Tabelog Award 2021 Bronze（公式掲載順 221）
TBA2021-B-222	13193077	食べログ	The Tabelog Award	Bronze	日本料理	2021	全国	青華こばやし	東京都	https://award.tabelog.com/2021/restaurants/bronze	46232	店舗照合済	The Tabelog Award 2021 Bronze（公式掲載順 222）
TBA2021-B-223	13237978	食べログ	The Tabelog Award	Bronze	焼肉・すき焼き・しゃぶしゃぶ	2021	全国	静龍苑	東京都	https://award.tabelog.com/2021/restaurants/bronze	46232	店舗照合済	The Tabelog Award 2021 Bronze（公式掲載順 223） / Best New Entry
TBA2021-B-224	27077650	食べログ	The Tabelog Award	Bronze	日本料理	2021	全国	是しん	大阪府	https://award.tabelog.com/2021/restaurants/bronze	46232	店舗照合済	The Tabelog Award 2021 Bronze（公式掲載順 224）
TBA2021-B-225	26030495	食べログ	The Tabelog Award	Bronze	日本料理	2021	全国	杦	京都府	https://award.tabelog.com/2021/restaurants/bronze	46232	店舗照合済	The Tabelog Award 2021 Bronze（公式掲載順 225）
TBA2021-B-226	40030782	食べログ	The Tabelog Award	Bronze	日本料理	2021	全国	千翠	福岡県	https://award.tabelog.com/2021/restaurants/bronze	46232	店舗照合済	The Tabelog Award 2021 Bronze（公式掲載順 226）
TBA2021-B-227	20000415	食べログ	The Tabelog Award	Bronze	そば	2021	全国	蕎麦 ふじおか	長野県	https://award.tabelog.com/2021/restaurants/bronze	46232	店舗照合済	The Tabelog Award 2021 Bronze（公式掲載順 227）
TBA2021-B-228	26000493	食べログ	The Tabelog Award	Bronze	魚介料理・海鮮料理	2021	全国	大市	京都府	https://award.tabelog.com/2021/restaurants/bronze	46232	店舗照合済	The Tabelog Award 2021 Bronze（公式掲載順 228）
TBA2021-B-229	40036894	食べログ	The Tabelog Award	Bronze	日本料理	2021	全国	大どころ	福岡県	https://award.tabelog.com/2021/restaurants/bronze	46232	店舗照合済	The Tabelog Award 2021 Bronze（公式掲載順 229）
TBA2021-B-230	13231297	食べログ	The Tabelog Award	Bronze	寿司	2021	全国	高柿の鮨	東京都	https://award.tabelog.com/2021/restaurants/bronze	46232	店舗照合済	The Tabelog Award 2021 Bronze（公式掲載順 230）
TBA2021-B-231	21000267	食べログ	The Tabelog Award	Bronze	日本料理	2021	全国	たか田八祥	岐阜県	https://award.tabelog.com/2021/restaurants/bronze	46232	店舗照合済	The Tabelog Award 2021 Bronze（公式掲載順 231）
TBA2021-B-232	26024689	食べログ	The Tabelog Award	Bronze	日本料理	2021	全国	高松	京都府	https://award.tabelog.com/2021/restaurants/bronze	46232	店舗照合済	The Tabelog Award 2021 Bronze（公式掲載順 232）
TBA2021-B-233	13155925	食べログ	The Tabelog Award	Bronze	寿司	2021	全国	匠 進吾	東京都	https://award.tabelog.com/2021/restaurants/bronze	46232	店舗照合済	The Tabelog Award 2021 Bronze（公式掲載順 233）
TBA2021-B-234	34002931	食べログ	The Tabelog Award	Bronze	日本料理	2021	全国	たこつぼ	広島県	https://award.tabelog.com/2021/restaurants/bronze	46232	店舗照合済	The Tabelog Award 2021 Bronze（公式掲載順 234）
TBA2021-B-235	27041365	食べログ	The Tabelog Award	Bronze	魚介料理・海鮮料理	2021	全国	夕凪橋 多古安	大阪府	https://award.tabelog.com/2021/restaurants/bronze	46232	店舗照合済	The Tabelog Award 2021 Bronze（公式掲載順 235）
TBA2021-B-236	1000077	食べログ	The Tabelog Award	Bronze	天ぷら	2021	全国	田ざわ	北海道	https://award.tabelog.com/2021/restaurants/bronze	46232	店舗照合済	The Tabelog Award 2021 Bronze（公式掲載順 236）
TBA2021-B-237	23003045	食べログ	The Tabelog Award	Bronze	うなぎ	2021	全国	田代	愛知県	https://award.tabelog.com/2021/restaurants/bronze	46232	店舗照合済	The Tabelog Award 2021 Bronze（公式掲載順 237）
TBA2021-B-238	35000017	食べログ	The Tabelog Award	Bronze	魚介料理・海鮮料理	2021	全国	田中旅館	山口県	https://award.tabelog.com/2021/restaurants/bronze	46232	店舗照合済	The Tabelog Award 2021 Bronze（公式掲載順 238）
TBA2021-B-239	13207060	食べログ	The Tabelog Award	Bronze	日本料理	2021	全国	多仁本	東京都	https://award.tabelog.com/2021/restaurants/bronze	46232	店舗照合済	The Tabelog Award 2021 Bronze（公式掲載順 239）
TBA2021-B-240	17000118	食べログ	The Tabelog Award	Bronze	寿司	2021	全国	太平寿し	石川県	https://award.tabelog.com/2021/restaurants/bronze	46232	店舗照合済	The Tabelog Award 2021 Bronze（公式掲載順 240）
TBA2021-B-241	13129390	食べログ	The Tabelog Award	Bronze	そば	2021	全国	玉笑	東京都	https://award.tabelog.com/2021/restaurants/bronze	46232	店舗照合済	The Tabelog Award 2021 Bronze（公式掲載順 241）
TBA2021-B-242	45003573	食べログ	The Tabelog Award	Bronze	イタリアン	2021	全国	チェルカ トローヴァ	宮崎県	https://award.tabelog.com/2021/restaurants/bronze	46232	店舗照合済	The Tabelog Award 2021 Bronze（公式掲載順 242）
TBA2021-B-243	26024914	食べログ	The Tabelog Award	Bronze	イタリアン	2021	全国	cenci	京都府	https://award.tabelog.com/2021/restaurants/bronze	46232	店舗照合済	The Tabelog Award 2021 Bronze（公式掲載順 243）
TBA2021-B-244	34023887	食べログ	The Tabelog Award	Bronze	日本料理	2021	全国	馳走 啐啄一十	広島県	https://award.tabelog.com/2021/restaurants/bronze	46232	店舗照合済	The Tabelog Award 2021 Bronze（公式掲載順 244）
TBA2021-B-245	4001636	食べログ	The Tabelog Award	Bronze	日本料理	2021	全国	千松しま	宮城県	https://award.tabelog.com/2021/restaurants/bronze	46232	店舗照合済	The Tabelog Award 2021 Bronze（公式掲載順 245）
TBA2021-B-246	13162681	食べログ	The Tabelog Award	Bronze	ラーメン	2021	全国	中華そば しば田	東京都	https://award.tabelog.com/2021/restaurants/bronze	46232	店舗照合済	The Tabelog Award 2021 Bronze（公式掲載順 246）
TBA2021-B-247	12000422	食べログ	The Tabelog Award	Bronze	ラーメン	2021	全国	中華蕎麦 とみ田	千葉県	https://award.tabelog.com/2021/restaurants/bronze	46232	店舗照合済	The Tabelog Award 2021 Bronze（公式掲載順 247）
TBA2021-B-248	13199649	食べログ	The Tabelog Award	Bronze	中華料理	2021	全国	中華たかせ	東京都	https://award.tabelog.com/2021/restaurants/bronze	46232	店舗照合済	The Tabelog Award 2021 Bronze（公式掲載順 248）
TBA2021-B-249	27082740	食べログ	The Tabelog Award	Bronze	中華料理	2021	全国	中國菜 月泉	大阪府	https://award.tabelog.com/2021/restaurants/bronze	46232	店舗照合済	The Tabelog Award 2021 Bronze（公式掲載順 249）
TBA2021-B-250	28044015	食べログ	The Tabelog Award	Bronze	中華料理	2021	全国	中国菜 二位	兵庫県	https://award.tabelog.com/2021/restaurants/bronze	46232	店舗照合済	The Tabelog Award 2021 Bronze（公式掲載順 250）
TBA2021-B-251	13172920	食べログ	The Tabelog Award	Bronze	中華料理	2021	全国	趙楊	東京都	https://award.tabelog.com/2021/restaurants/bronze	46232	店舗照合済	The Tabelog Award 2021 Bronze（公式掲載順 251）
TBA2021-B-252	13121317	食べログ	The Tabelog Award	Bronze	フレンチ	2021	全国	TSU・SHI・MI	東京都	https://award.tabelog.com/2021/restaurants/bronze	46232	店舗照合済	The Tabelog Award 2021 Bronze（公式掲載順 252）
TBA2021-B-253	13061606	食べログ	The Tabelog Award	Bronze	そば	2021	全国	土家	東京都	https://award.tabelog.com/2021/restaurants/bronze	46232	店舗照合済	The Tabelog Award 2021 Bronze（公式掲載順 253）
TBA2021-B-254	13215713	食べログ	The Tabelog Award	Bronze	ラーメン	2021	全国	手打式超多加水麺 ののくら	東京都	https://award.tabelog.com/2021/restaurants/bronze	46232	店舗照合済	The Tabelog Award 2021 Bronze（公式掲載順 254）
TBA2021-B-255	13232958	食べログ	The Tabelog Award	Bronze	スペイン料理	2021	全国	TexturA	東京都	https://award.tabelog.com/2021/restaurants/bronze	46232	店舗照合済	The Tabelog Award 2021 Bronze（公式掲載順 255）
TBA2021-B-256	27011240	食べログ	The Tabelog Award	Bronze	うどん	2021	全国	手造りうどん 楽々	大阪府	https://award.tabelog.com/2021/restaurants/bronze	46232	店舗照合済	The Tabelog Award 2021 Bronze（公式掲載順 256）
TBA2021-B-257	40001637	食べログ	The Tabelog Award	Bronze	寿司	2021	全国	照寿司	福岡県	https://award.tabelog.com/2021/restaurants/bronze	46232	店舗照合済	The Tabelog Award 2021 Bronze（公式掲載順 257）
TBA2021-B-258	27076702	食べログ	The Tabelog Award	Bronze	日本料理	2021	全国	天神橋 青木	大阪府	https://award.tabelog.com/2021/restaurants/bronze	46232	店舗照合済	The Tabelog Award 2021 Bronze（公式掲載順 258）
TBA2021-B-259	1048079	食べログ	The Tabelog Award	Bronze	天ぷら	2021	全国	天ぷら あら木	北海道	https://award.tabelog.com/2021/restaurants/bronze	46232	店舗照合済	The Tabelog Award 2021 Bronze（公式掲載順 259）
TBA2021-B-260	40013636	食べログ	The Tabelog Award	Bronze	天ぷら	2021	全国	天ぷら たけうち	福岡県	https://award.tabelog.com/2021/restaurants/bronze	46232	店舗照合済	The Tabelog Award 2021 Bronze（公式掲載順 260）
TBA2021-B-261	13004105	食べログ	The Tabelog Award	Bronze	天ぷら	2021	全国	てんぷら 深町	東京都	https://award.tabelog.com/2021/restaurants/bronze	46232	店舗照合済	The Tabelog Award 2021 Bronze（公式掲載順 261）
TBA2021-B-262	26006057	食べログ	The Tabelog Award	Bronze	天ぷら	2021	全国	天ぷら 京星	京都府	https://award.tabelog.com/2021/restaurants/bronze	46232	店舗照合済	The Tabelog Award 2021 Bronze（公式掲載順 262）
TBA2021-B-263	13171952	食べログ	The Tabelog Award	Bronze	天ぷら	2021	全国	天ぷら 蕎楽亭	東京都	https://award.tabelog.com/2021/restaurants/bronze	46232	店舗照合済	The Tabelog Award 2021 Bronze（公式掲載順 263）
TBA2021-B-264	26001461	食べログ	The Tabelog Award	Bronze	天ぷら	2021	全国	天ぷら 松	京都府	https://award.tabelog.com/2021/restaurants/bronze	46232	店舗照合済	The Tabelog Award 2021 Bronze（公式掲載順 264）
TBA2021-B-265	13035758	食べログ	The Tabelog Award	Bronze	天ぷら	2021	全国	天ぷら 元吉	東京都	https://award.tabelog.com/2021/restaurants/bronze	46232	店舗照合済	The Tabelog Award 2021 Bronze（公式掲載順 265）
TBA2021-B-266	40042997	食べログ	The Tabelog Award	Bronze	フレンチ	2021	全国	TTOAHISU	福岡県	https://award.tabelog.com/2021/restaurants/bronze	46232	店舗照合済	The Tabelog Award 2021 Bronze（公式掲載順 266）
TBA2021-B-267	13000288	食べログ	The Tabelog Award	Bronze	フレンチ	2021	全国	トゥールダルジャン 東京	東京都	https://award.tabelog.com/2021/restaurants/bronze	46232	店舗照合済	The Tabelog Award 2021 Bronze（公式掲載順 267）
TBA2021-B-268	13153417	食べログ	The Tabelog Award	Bronze	中華料理	2021	全国	東京チャイニーズ 一凛	東京都	https://award.tabelog.com/2021/restaurants/bronze	46232	店舗照合済	The Tabelog Award 2021 Bronze（公式掲載順 268）
TBA2021-B-269	13196268	食べログ	The Tabelog Award	Bronze	焼肉・すき焼き・しゃぶしゃぶ	2021	全国	東京肉しゃぶ家	東京都	https://award.tabelog.com/2021/restaurants/bronze	46232	店舗照合済	The Tabelog Award 2021 Bronze（公式掲載順 269）
TBA2021-B-270	23002852	食べログ	The Tabelog Award	Bronze	日本料理	2021	全国	得仙	愛知県	https://award.tabelog.com/2021/restaurants/bronze	46232	店舗照合済	The Tabelog Award 2021 Bronze（公式掲載順 270）
TBA2021-B-271	13002088	食べログ	The Tabelog Award	Bronze	日本料理	2021	全国	とく山	東京都	https://award.tabelog.com/2021/restaurants/bronze	46232	店舗照合済	The Tabelog Award 2021 Bronze（公式掲載順 271）
TBA2021-B-272	27075332	食べログ	The Tabelog Award	Bronze	イタリアン	2021	全国	トムクリオーザ	大阪府	https://award.tabelog.com/2021/restaurants/bronze	46232	店舗照合済	The Tabelog Award 2021 Bronze（公式掲載順 272）
TBA2021-B-273	13005027	食べログ	The Tabelog Award	Bronze	日本料理	2021	全国	と村	東京都	https://award.tabelog.com/2021/restaurants/bronze	46232	店舗照合済	The Tabelog Award 2021 Bronze（公式掲載順 273）
TBA2021-B-274	28008517	食べログ	The Tabelog Award	Bronze	焼き鳥・鳥料理	2021	全国	鶏一途	兵庫県	https://award.tabelog.com/2021/restaurants/bronze	46232	店舗照合済	The Tabelog Award 2021 Bronze（公式掲載順 274）
TBA2021-B-275	13026017	食べログ	The Tabelog Award	Bronze	焼き鳥・鳥料理	2021	全国	とり喜	東京都	https://award.tabelog.com/2021/restaurants/bronze	46232	店舗照合済	The Tabelog Award 2021 Bronze（公式掲載順 275）
TBA2021-B-276	13135959	食べログ	The Tabelog Award	Bronze	焼き鳥・鳥料理	2021	全国	鳥さわ	東京都	https://award.tabelog.com/2021/restaurants/bronze	46232	店舗照合済	The Tabelog Award 2021 Bronze（公式掲載順 276）
TBA2021-B-277	13222625	食べログ	The Tabelog Award	Bronze	焼き鳥・鳥料理	2021	全国	鳥さわ22	東京都	https://award.tabelog.com/2021/restaurants/bronze	46232	店舗照合済	The Tabelog Award 2021 Bronze（公式掲載順 277）
TBA2021-B-278	13001067	食べログ	The Tabelog Award	Bronze	居酒屋	2021	全国	鳥茂	東京都	https://award.tabelog.com/2021/restaurants/bronze	46232	店舗照合済	The Tabelog Award 2021 Bronze（公式掲載順 278）
TBA2021-B-279	27117938	食べログ	The Tabelog Award	Bronze	焼き鳥・鳥料理	2021	全国	鳥匠 いし井	大阪府	https://award.tabelog.com/2021/restaurants/bronze	46232	店舗照合済	The Tabelog Award 2021 Bronze（公式掲載順 279） / Best New Entry
TBA2021-B-280	13208669	食べログ	The Tabelog Award	Bronze	焼き鳥・鳥料理	2021	全国	鳥田中	東京都	https://award.tabelog.com/2021/restaurants/bronze	46232	店舗照合済	The Tabelog Award 2021 Bronze（公式掲載順 280）
TBA2021-B-281	13058892	食べログ	The Tabelog Award	Bronze	焼き鳥・鳥料理	2021	全国	鳥長	東京都	https://award.tabelog.com/2021/restaurants/bronze	46232	店舗照合済	The Tabelog Award 2021 Bronze（公式掲載順 281）
TBA2021-B-282	13130978	食べログ	The Tabelog Award	Bronze	ステーキ・鉄板焼き	2021	全国	トロワフレーシュ	東京都	https://award.tabelog.com/2021/restaurants/bronze	46232	店舗照合済	The Tabelog Award 2021 Bronze（公式掲載順 282）
TBA2021-B-283	13236380	食べログ	The Tabelog Award	Bronze	とんかつ・揚げ物	2021	全国	とんかつ 成蔵	東京都	https://award.tabelog.com/2021/restaurants/bronze	46232	店舗照合済	The Tabelog Award 2021 Bronze（公式掲載順 283）
TBA2021-B-284	13144681	食べログ	The Tabelog Award	Bronze	イタリアン	2021	全国	ドンブラボー	東京都	https://award.tabelog.com/2021/restaurants/bronze	46232	店舗照合済	The Tabelog Award 2021 Bronze（公式掲載順 284）
TBA2021-B-285	21000060	食べログ	The Tabelog Award	Bronze	そば	2021	全国	仲佐	岐阜県	https://award.tabelog.com/2021/restaurants/bronze	46232	店舗照合済	The Tabelog Award 2021 Bronze（公式掲載順 285）
TBA2021-B-286	14065294	食べログ	The Tabelog Award	Bronze	寿司	2021	全国	なか條	神奈川県	https://award.tabelog.com/2021/restaurants/bronze	46232	店舗照合済	The Tabelog Award 2021 Bronze（公式掲載順 286）
TBA2021-B-287	26003637	食べログ	The Tabelog Award	Bronze	日本料理	2021	全国	なかむら	京都府	https://award.tabelog.com/2021/restaurants/bronze	46232	店舗照合済	The Tabelog Award 2021 Bronze（公式掲載順 287）
TBA2021-B-288	13194700	食べログ	The Tabelog Award	Bronze	フレンチ	2021	全国	ナベノ-イズム	東京都	https://award.tabelog.com/2021/restaurants/bronze	46232	店舗照合済	The Tabelog Award 2021 Bronze（公式掲載順 288）
TBA2021-B-289	27052134	食べログ	The Tabelog Award	Bronze	焼肉・すき焼き・しゃぶしゃぶ	2021	全国	生ホルモン処 おさむちゃん。	大阪府	https://award.tabelog.com/2021/restaurants/bronze	46232	店舗照合済	The Tabelog Award 2021 Bronze（公式掲載順 289）
TBA2021-B-290	29010206	食べログ	The Tabelog Award	Bronze	日本料理	2021	全国	奈良 而今	奈良県	https://award.tabelog.com/2021/restaurants/bronze	46232	店舗照合済	The Tabelog Award 2021 Bronze（公式掲載順 290）
TBA2021-B-291	26024247	食べログ	The Tabelog Award	Bronze	日本料理	2021	全国	なる屋	京都府	https://award.tabelog.com/2021/restaurants/bronze	46232	店舗照合済	The Tabelog Award 2021 Bronze（公式掲載順 291）
TBA2021-B-292	13209614	食べログ	The Tabelog Award	Bronze	日本料理	2021	全国	肉割烹 上	東京都	https://award.tabelog.com/2021/restaurants/bronze	46232	店舗照合済	The Tabelog Award 2021 Bronze（公式掲載順 292）
TBA2021-B-293	26027316	食べログ	The Tabelog Award	Bronze	日本料理	2021	全国	二条城ふる田	京都府	https://award.tabelog.com/2021/restaurants/bronze	46232	店舗照合済	The Tabelog Award 2021 Bronze（公式掲載順 293）
TBA2021-B-294	13201969	食べログ	The Tabelog Award	Bronze	天ぷら	2021	全国	日本橋 蕎ノ字	東京都	https://award.tabelog.com/2021/restaurants/bronze	46232	店舗照合済	The Tabelog Award 2021 Bronze（公式掲載順 294）
TBA2021-B-295	26004751	食べログ	The Tabelog Award	Bronze	日本料理	2021	全国	日本料理 とくを	京都府	https://award.tabelog.com/2021/restaurants/bronze	46232	店舗照合済	The Tabelog Award 2021 Bronze（公式掲載順 295）
TBA2021-B-296	13160021	食べログ	The Tabelog Award	Bronze	日本料理	2021	全国	日本料理 太月	東京都	https://award.tabelog.com/2021/restaurants/bronze	46232	店舗照合済	The Tabelog Award 2021 Bronze（公式掲載順 296）
TBA2021-B-297	40019957	食べログ	The Tabelog Award	Bronze	日本料理	2021	全国	日本料理 TOBIUME	福岡県	https://award.tabelog.com/2021/restaurants/bronze	46232	店舗照合済	The Tabelog Award 2021 Bronze（公式掲載順 297）
TBA2021-B-298	7008647	食べログ	The Tabelog Award	Bronze	フレンチ	2021	全国	Hagiフランス料理店	福島県	https://award.tabelog.com/2021/restaurants/bronze	46232	店舗照合済	The Tabelog Award 2021 Bronze（公式掲載順 298）
TBA2021-B-299	13217157	食べログ	The Tabelog Award	Bronze	寿司	2021	全国	はっこく	東京都	https://award.tabelog.com/2021/restaurants/bronze	46232	店舗照合済	The Tabelog Award 2021 Bronze（公式掲載順 299）
TBA2021-B-300	26002259	食べログ	The Tabelog Award	Bronze	日本料理	2021	全国	八寸	京都府	https://award.tabelog.com/2021/restaurants/bronze	46232	店舗照合済	The Tabelog Award 2021 Bronze（公式掲載順 300）
TBA2021-B-301	13137010	食べログ	The Tabelog Award	Bronze	スイーツ	2021	全国	パティスリー リョーコ	東京都	https://award.tabelog.com/2021/restaurants/bronze	46232	店舗照合済	The Tabelog Award 2021 Bronze（公式掲載順 301）
TBA2021-B-302	13005198	食べログ	The Tabelog Award	Bronze	スイーツ	2021	全国	pâtisserie Paris S'éveille	東京都	https://award.tabelog.com/2021/restaurants/bronze	46232	店舗照合済	The Tabelog Award 2021 Bronze（公式掲載順 302）
TBA2021-B-303	13151542	食べログ	The Tabelog Award	Bronze	日本料理	2021	全国	はらまさ	東京都	https://award.tabelog.com/2021/restaurants/bronze	46232	店舗照合済	The Tabelog Award 2021 Bronze（公式掲載順 303）
TBA2021-B-304	26031203	食べログ	The Tabelog Award	Bronze	日本料理	2021	全国	東山 吉寿	京都府	https://award.tabelog.com/2021/restaurants/bronze	46232	店舗照合済	The Tabelog Award 2021 Bronze（公式掲載順 304）
TBA2021-B-305	13001215	食べログ	The Tabelog Award	Bronze	日本料理	2021	全国	樋口	東京都	https://award.tabelog.com/2021/restaurants/bronze	46232	店舗照合済	The Tabelog Award 2021 Bronze（公式掲載順 305）
TBA2021-B-306	23042388	食べログ	The Tabelog Award	Bronze	フレンチ	2021	全国	ビストロ ダイア	愛知県	https://award.tabelog.com/2021/restaurants/bronze	46232	店舗照合済	The Tabelog Award 2021 Bronze（公式掲載順 306）
TBA2021-B-307	13202705	食べログ	The Tabelog Award	Bronze	焼肉・すき焼き・しゃぶしゃぶ	2021	全国	羊SUNRISE	東京都	https://award.tabelog.com/2021/restaurants/bronze	46232	店舗照合済	The Tabelog Award 2021 Bronze（公式掲載順 307）
TBA2021-B-308	24000026	食べログ	The Tabelog Award	Bronze	魚介料理・海鮮料理	2021	全国	日の出	三重県	https://award.tabelog.com/2021/restaurants/bronze	46232	店舗照合済	The Tabelog Award 2021 Bronze（公式掲載順 308）
TBA2021-B-309	26001012	食べログ	The Tabelog Award	Bronze	日本料理	2021	全国	瓢亭 本店	京都府	https://award.tabelog.com/2021/restaurants/bronze	46232	店舗照合済	The Tabelog Award 2021 Bronze（公式掲載順 309）
TBA2021-B-310	23059055	食べログ	The Tabelog Award	Bronze	焼肉・すき焼き・しゃぶしゃぶ	2021	全国	ヒロ ナゴヤ	愛知県	https://award.tabelog.com/2021/restaurants/bronze	46232	店舗照合済	The Tabelog Award 2021 Bronze（公式掲載順 310）
TBA2021-B-311	13015266	食べログ	The Tabelog Award	Bronze	日本料理	2021	全国	ひろ作	東京都	https://award.tabelog.com/2021/restaurants/bronze	46232	店舗照合済	The Tabelog Award 2021 Bronze（公式掲載順 311）
TBA2021-B-312	13004009	食べログ	The Tabelog Award	Bronze	魚介料理・海鮮料理	2021	全国	ふぐ 福治	東京都	https://award.tabelog.com/2021/restaurants/bronze	46232	店舗照合済	The Tabelog Award 2021 Bronze（公式掲載順 312）
TBA2021-B-313	13003708	食べログ	The Tabelog Award	Bronze	魚介料理・海鮮料理	2021	全国	ふぐ 牧野	東京都	https://award.tabelog.com/2021/restaurants/bronze	46232	店舗照合済	The Tabelog Award 2021 Bronze（公式掲載順 313）
TBA2021-B-314	23000380	食べログ	The Tabelog Award	Bronze	フレンチ	2021	全国	フランス料理 壺中天	愛知県	https://award.tabelog.com/2021/restaurants/bronze	46232	店舗照合済	The Tabelog Award 2021 Bronze（公式掲載順 314）
TBA2021-B-315	14057938	食べログ	The Tabelog Award	Bronze	フレンチ	2021	全国	佛蘭西料理 名古屋	神奈川県	https://award.tabelog.com/2021/restaurants/bronze	46232	店舗照合済	The Tabelog Award 2021 Bronze（公式掲載順 315）
TBA2021-B-316	13123890	食べログ	The Tabelog Award	Bronze	イタリアン	2021	全国	プリズマ	東京都	https://award.tabelog.com/2021/restaurants/bronze	46232	店舗照合済	The Tabelog Award 2021 Bronze（公式掲載順 316）
TBA2021-B-317	20014528	食べログ	The Tabelog Award	Bronze	フレンチ	2021	全国	ブレストンコート ユカワタン	長野県	https://award.tabelog.com/2021/restaurants/bronze	46232	店舗照合済	The Tabelog Award 2021 Bronze（公式掲載順 317）
TBA2021-B-318	13236720	食べログ	The Tabelog Award	Bronze	フレンチ	2021	全国	broc 長谷川稔Lab	東京都	https://award.tabelog.com/2021/restaurants/bronze	46232	店舗照合済	The Tabelog Award 2021 Bronze（公式掲載順 318）
TBA2021-B-319	13093814	食べログ	The Tabelog Award	Bronze	イノベーティブ・フュージョン	2021	全国	フロリレージュ	東京都	https://award.tabelog.com/2021/restaurants/bronze	46232	店舗照合済	The Tabelog Award 2021 Bronze（公式掲載順 319）
TBA2021-B-320	13204358	食べログ	The Tabelog Award	Bronze	イタリアン	2021	全国	ボッテガ	東京都	https://award.tabelog.com/2021/restaurants/bronze	46232	店舗照合済	The Tabelog Award 2021 Bronze（公式掲載順 320）
TBA2021-B-321	26020923	食べログ	The Tabelog Award	Bronze	日本料理	2021	全国	前田	京都府	https://award.tabelog.com/2021/restaurants/bronze	46232	店舗照合済	The Tabelog Award 2021 Bronze（公式掲載順 321）
TBA2021-B-322	13054526	食べログ	The Tabelog Award	Bronze	中華料理	2021	全国	MASA’S KITCHEN 恵比寿	東京都	https://award.tabelog.com/2021/restaurants/bronze	46232	店舗照合済	The Tabelog Award 2021 Bronze（公式掲載順 322）
TBA2021-B-323	13001707	食べログ	The Tabelog Award	Bronze	フレンチ	2021	全国	マダム・トキ	東京都	https://award.tabelog.com/2021/restaurants/bronze	46232	店舗照合済	The Tabelog Award 2021 Bronze（公式掲載順 323）
TBA2021-B-324	27055493	食べログ	The Tabelog Award	Bronze	日本料理	2021	全国	松弥	大阪府	https://award.tabelog.com/2021/restaurants/bronze	46232	店舗照合済	The Tabelog Award 2021 Bronze（公式掲載順 324）
TBA2021-B-325	13158579	食べログ	The Tabelog Award	Bronze	日本料理	2021	全国	まる富	東京都	https://award.tabelog.com/2021/restaurants/bronze	46232	店舗照合済	The Tabelog Award 2021 Bronze（公式掲載順 325）
TBA2021-B-326	13090866	食べログ	The Tabelog Award	Bronze	天ぷら	2021	全国	みかわ 是山居	東京都	https://award.tabelog.com/2021/restaurants/bronze	46232	店舗照合済	The Tabelog Award 2021 Bronze（公式掲載順 326）
TBA2021-B-327	13200559	食べログ	The Tabelog Award	Bronze	焼き鳥・鳥料理	2021	全国	南青山 七鳥目	東京都	https://award.tabelog.com/2021/restaurants/bronze	46232	店舗照合済	The Tabelog Award 2021 Bronze（公式掲載順 327）
TBA2021-B-328	13197047	食べログ	The Tabelog Award	Bronze	中華料理	2021	全国	ミモザ	東京都	https://award.tabelog.com/2021/restaurants/bronze	46232	店舗照合済	The Tabelog Award 2021 Bronze（公式掲載順 328）
TBA2021-B-329	26001066	食べログ	The Tabelog Award	Bronze	日本料理	2021	全国	美山荘	京都府	https://award.tabelog.com/2021/restaurants/bronze	46232	店舗照合済	The Tabelog Award 2021 Bronze（公式掲載順 329）
TBA2021-B-330	26000621	食べログ	The Tabelog Award	Bronze	日本料理	2021	全国	室町 和久傳	京都府	https://award.tabelog.com/2021/restaurants/bronze	46232	店舗照合済	The Tabelog Award 2021 Bronze（公式掲載順 330）
TBA2021-B-331	23062130	食べログ	The Tabelog Award	Bronze	中華料理	2021	全国	明道町中国菜 一星	愛知県	https://award.tabelog.com/2021/restaurants/bronze	46232	店舗照合済	The Tabelog Award 2021 Bronze（公式掲載順 331）
TBA2021-B-332	40023784	食べログ	The Tabelog Award	Bronze	フレンチ	2021	全国	メゾン　ラフィット	福岡県	https://award.tabelog.com/2021/restaurants/bronze	46232	店舗照合済	The Tabelog Award 2021 Bronze（公式掲載順 332）
TBA2021-B-333	13002871	食べログ	The Tabelog Award	Bronze	中華料理	2021	全国	メゾン・ド・ユーロン	東京都	https://award.tabelog.com/2021/restaurants/bronze	46232	店舗照合済	The Tabelog Award 2021 Bronze（公式掲載順 333）
TBA2021-B-334	13182327	食べログ	The Tabelog Award	Bronze	ラーメン	2021	全国	麺庵ちとせ	東京都	https://award.tabelog.com/2021/restaurants/bronze	46232	店舗照合済	The Tabelog Award 2021 Bronze（公式掲載順 334）
TBA2021-B-335	13178309	食べログ	The Tabelog Award	Bronze	ラーメン	2021	全国	麺尊 RAGE	東京都	https://award.tabelog.com/2021/restaurants/bronze	46232	店舗照合済	The Tabelog Award 2021 Bronze（公式掲載順 335）
TBA2021-B-336	13221001	食べログ	The Tabelog Award	Bronze	ラーメン	2021	全国	メンドコロ Kinari	東京都	https://award.tabelog.com/2021/restaurants/bronze	46232	店舗照合済	The Tabelog Award 2021 Bronze（公式掲載順 336）
TBA2021-B-337	26019431	食べログ	The Tabelog Award	Bronze	フレンチ	2021	全国	モトイ	京都府	https://award.tabelog.com/2021/restaurants/bronze	46232	店舗照合済	The Tabelog Award 2021 Bronze（公式掲載順 337）
TBA2021-B-338	27017665	食べログ	The Tabelog Award	Bronze	日本料理	2021	全国	もめん	大阪府	https://award.tabelog.com/2021/restaurants/bronze	46232	店舗照合済	The Tabelog Award 2021 Bronze（公式掲載順 338）
TBA2021-B-339	13002772	食べログ	The Tabelog Award	Bronze	日本料理	2021	全国	もりかわ	東京都	https://award.tabelog.com/2021/restaurants/bronze	46232	店舗照合済	The Tabelog Award 2021 Bronze（公式掲載順 339）
TBA2021-B-340	40001934	食べログ	The Tabelog Award	Bronze	焼き鳥・鳥料理	2021	全国	焼き鳥 とりら	福岡県	https://award.tabelog.com/2021/restaurants/bronze	46232	店舗照合済	The Tabelog Award 2021 Bronze（公式掲載順 340）
TBA2021-B-341	27013209	食べログ	The Tabelog Award	Bronze	焼き鳥・鳥料理	2021	全国	焼鳥 市松	大阪府	https://award.tabelog.com/2021/restaurants/bronze	46232	店舗照合済	The Tabelog Award 2021 Bronze（公式掲載順 341）
TBA2021-B-342	13206654	食べログ	The Tabelog Award	Bronze	焼き鳥・鳥料理	2021	全国	焼鳥　おみ乃	東京都	https://award.tabelog.com/2021/restaurants/bronze	46232	店舗照合済	The Tabelog Award 2021 Bronze（公式掲載順 342）
TBA2021-B-343	13221220	食べログ	The Tabelog Award	Bronze	焼肉・すき焼き・しゃぶしゃぶ	2021	全国	焼肉 いぶさな	東京都	https://award.tabelog.com/2021/restaurants/bronze	46232	店舗照合済	The Tabelog Award 2021 Bronze（公式掲載順 343）
TBA2021-B-344	13167325	食べログ	The Tabelog Award	Bronze	焼肉・すき焼き・しゃぶしゃぶ	2021	全国	焼肉 うしごろ 銀座店	東京都	https://award.tabelog.com/2021/restaurants/bronze	46232	店舗照合済	The Tabelog Award 2021 Bronze（公式掲載順 344）
TBA2021-B-345	13110601	食べログ	The Tabelog Award	Bronze	焼肉・すき焼き・しゃぶしゃぶ	2021	全国	焼肉 ジャンボ 本郷店	東京都	https://award.tabelog.com/2021/restaurants/bronze	46232	店舗照合済	The Tabelog Award 2021 Bronze（公式掲載順 345）
TBA2021-B-346	27001079	食べログ	The Tabelog Award	Bronze	寿司	2021	全国	弥助	大阪府	https://award.tabelog.com/2021/restaurants/bronze	46232	店舗照合済	The Tabelog Award 2021 Bronze（公式掲載順 346）
TBA2021-B-347	23060455	食べログ	The Tabelog Award	Bronze	日本料理	2021	全国	柳家錦	愛知県	https://award.tabelog.com/2021/restaurants/bronze	46232	店舗照合済	The Tabelog Award 2021 Bronze（公式掲載順 347）
TBA2021-B-348	22000036	食べログ	The Tabelog Award	Bronze	そば	2021	全国	薮蕎麦 宮本	静岡県	https://award.tabelog.com/2021/restaurants/bronze	46232	店舗照合済	The Tabelog Award 2021 Bronze（公式掲載順 348）
TBA2021-B-349	44000241	食べログ	The Tabelog Award	Bronze	魚介料理・海鮮料理	2021	全国	山田屋	大分県	https://award.tabelog.com/2021/restaurants/bronze	46232	店舗照合済	The Tabelog Award 2021 Bronze（公式掲載順 349）
TBA2021-B-350	23001482	食べログ	The Tabelog Award	Bronze	創作料理	2021	全国	山猫軒	愛知県	https://award.tabelog.com/2021/restaurants/bronze	46232	店舗照合済	The Tabelog Award 2021 Bronze（公式掲載順 350）
TBA2021-B-351	1057186	食べログ	The Tabelog Award	Bronze	イタリアン	2021	全国	余市SAGRA	北海道	https://award.tabelog.com/2021/restaurants/bronze	46232	店舗照合済	The Tabelog Award 2021 Bronze（公式掲載順 351）
TBA2021-B-352	13229559	食べログ	The Tabelog Award	Bronze	中華料理	2021	全国	4000 Chinese Restaurant	東京都	https://award.tabelog.com/2021/restaurants/bronze	46232	店舗照合済	The Tabelog Award 2021 Bronze（公式掲載順 352）
TBA2021-B-353	23040370	食べログ	The Tabelog Award	Bronze	フレンチ	2021	全国	ラ・ヴァガボンド	愛知県	https://award.tabelog.com/2021/restaurants/bronze	46232	店舗照合済	The Tabelog Award 2021 Bronze（公式掲載順 353）
TBA2021-B-354	13002111	食べログ	The Tabelog Award	Bronze	フレンチ	2021	全国	ラ・ブランシュ	東京都	https://award.tabelog.com/2021/restaurants/bronze	46232	店舗照合済	The Tabelog Award 2021 Bronze（公式掲載順 354）
TBA2021-B-355	27000702	食べログ	The Tabelog Award	Bronze	フレンチ	2021	全国	ラ・ベ	大阪府	https://award.tabelog.com/2021/restaurants/bronze	46232	店舗照合済	The Tabelog Award 2021 Bronze（公式掲載順 355）
TBA2021-B-356	13166325	食べログ	The Tabelog Award	Bronze	フレンチ	2021	全国	ラ・ボンヌターブル	東京都	https://award.tabelog.com/2021/restaurants/bronze	46232	店舗照合済	The Tabelog Award 2021 Bronze（公式掲載順 356）
TBA2021-B-357	24000053	食べログ	The Tabelog Award	Bronze	フレンチ	2021	全国	ラ・メール ザ クラシック	三重県	https://award.tabelog.com/2021/restaurants/bronze	46232	店舗照合済	The Tabelog Award 2021 Bronze（公式掲載順 357）
TBA2021-B-358	14038776	食べログ	The Tabelog Award	Bronze	ラーメン	2021	全国	らぁ麺 飯田商店	神奈川県	https://award.tabelog.com/2021/restaurants/bronze	46232	店舗照合済	The Tabelog Award 2021 Bronze（公式掲載順 358）
TBA2021-B-359	13194179	食べログ	The Tabelog Award	Bronze	フレンチ	2021	全国	ラ クレリエール	東京都	https://award.tabelog.com/2021/restaurants/bronze	46232	店舗照合済	The Tabelog Award 2021 Bronze（公式掲載順 359）
TBA2021-B-360	13050412	食べログ	The Tabelog Award	Bronze	スイーツ	2021	全国	ラトリエ ドゥ プレジール	東京都	https://award.tabelog.com/2021/restaurants/bronze	46232	店舗照合済	The Tabelog Award 2021 Bronze（公式掲載順 360）
TBA2021-B-361	13120467	食べログ	The Tabelog Award	Bronze	イタリアン	2021	全国	ラパルタメント ディ ナオキ	東京都	https://award.tabelog.com/2021/restaurants/bronze	46232	店舗照合済	The Tabelog Award 2021 Bronze（公式掲載順 361）
TBA2021-B-362	13194346	食べログ	The Tabelog Award	Bronze	イタリアン	2021	全国	la Brianza	東京都	https://award.tabelog.com/2021/restaurants/bronze	46232	店舗照合済	The Tabelog Award 2021 Bronze（公式掲載順 362）
TBA2021-B-363	13173559	食べログ	The Tabelog Award	Bronze	フレンチ	2021	全国	ラ ペ	東京都	https://award.tabelog.com/2021/restaurants/bronze	46232	店舗照合済	The Tabelog Award 2021 Bronze（公式掲載順 363）
TBA2021-B-364	7000278	食べログ	The Tabelog Award	Bronze	日本料理	2021	全国	らん亭～ 美日庵	福島県	https://award.tabelog.com/2021/restaurants/bronze	46232	店舗照合済	The Tabelog Award 2021 Bronze（公式掲載順 364）
TBA2021-B-365	45000889	食べログ	The Tabelog Award	Bronze	フレンチ	2021	全国	らんぷ亭	宮崎県	https://award.tabelog.com/2021/restaurants/bronze	46232	店舗照合済	The Tabelog Award 2021 Bronze（公式掲載順 365）
TBA2021-B-366	13217903	食べログ	The Tabelog Award	Bronze	寿司	2021	全国	らんまる	東京都	https://award.tabelog.com/2021/restaurants/bronze	46232	店舗照合済	The Tabelog Award 2021 Bronze（公式掲載順 366）
TBA2021-B-367	13152248	食べログ	The Tabelog Award	Bronze	イタリアン	2021	全国	リストランテ ペガソ	東京都	https://award.tabelog.com/2021/restaurants/bronze	46232	店舗照合済	The Tabelog Award 2021 Bronze（公式掲載順 367）
TBA2021-B-368	14072960	食べログ	The Tabelog Award	Bronze	イタリアン	2021	全国	RISTORANTE IL NODO	神奈川県	https://award.tabelog.com/2021/restaurants/bronze	46232	店舗照合済	The Tabelog Award 2021 Bronze（公式掲載順 368）
TBA2021-B-369	13005340	食べログ	The Tabelog Award	Bronze	イタリアン	2021	全国	リストランテ 濱崎	東京都	https://award.tabelog.com/2021/restaurants/bronze	46232	店舗照合済	The Tabelog Award 2021 Bronze（公式掲載順 369）
TBA2021-B-370	14001650	食べログ	The Tabelog Award	Bronze	焼き鳥・鳥料理	2021	全国	里葉亭	神奈川県	https://award.tabelog.com/2021/restaurants/bronze	46232	店舗照合済	The Tabelog Award 2021 Bronze（公式掲載順 370）
TBA2021-B-371	13001457	食べログ	The Tabelog Award	Bronze	日本料理	2021	全国	龍吟	東京都	https://award.tabelog.com/2021/restaurants/bronze	46232	店舗照合済	The Tabelog Award 2021 Bronze（公式掲載順 371）
TBA2021-B-372	44001011	食べログ	The Tabelog Award	Bronze	魚介料理・海鮮料理	2021	全国	料亭 やまさ旅館	大分県	https://award.tabelog.com/2021/restaurants/bronze	46232	店舗照合済	The Tabelog Award 2021 Bronze（公式掲載順 372）
TBA2021-B-373	26006453	食べログ	The Tabelog Award	Bronze	日本料理	2021	全国	料理 川口	京都府	https://award.tabelog.com/2021/restaurants/bronze	46232	店舗照合済	The Tabelog Award 2021 Bronze（公式掲載順 373）
TBA2021-B-374	26023370	食べログ	The Tabelog Award	Bronze	フレンチ	2021	全国	リョウリヤ ステファン パンテル	京都府	https://award.tabelog.com/2021/restaurants/bronze	46232	店舗照合済	The Tabelog Award 2021 Bronze（公式掲載順 374）
TBA2021-B-375	13002341	食べログ	The Tabelog Award	Bronze	フレンチ	2021	全国	ル・ジャルダン・デ・サヴール	東京都	https://award.tabelog.com/2021/restaurants/bronze	46232	店舗照合済	The Tabelog Award 2021 Bronze（公式掲載順 375）
TBA2021-B-376	13000469	食べログ	The Tabelog Award	Bronze	フレンチ	2021	全国	ル・マンジュ・トゥー	東京都	https://award.tabelog.com/2021/restaurants/bronze	46232	店舗照合済	The Tabelog Award 2021 Bronze（公式掲載順 376）
TBA2021-B-377	13184105	食べログ	The Tabelog Award	Bronze	フレンチ	2021	全国	ル スプートニク	東京都	https://award.tabelog.com/2021/restaurants/bronze	46232	店舗照合済	The Tabelog Award 2021 Bronze（公式掲載順 377）
TBA2021-B-378	26001319	食べログ	The Tabelog Award	Bronze	フレンチ	2021	全国	レ・シャンドール	京都府	https://award.tabelog.com/2021/restaurants/bronze	46232	店舗照合済	The Tabelog Award 2021 Bronze（公式掲載順 378）
TBA2021-B-379	15015200	食べログ	The Tabelog Award	Bronze	フレンチ	2021	全国	レストラン ウオゼン	新潟県	https://award.tabelog.com/2021/restaurants/bronze	46232	店舗照合済	The Tabelog Award 2021 Bronze（公式掲載順 379）
TBA2021-B-380	8000180	食べログ	The Tabelog Award	Bronze	フレンチ	2021	全国	レストラン オオツ	茨城県	https://award.tabelog.com/2021/restaurants/bronze	46232	店舗照合済	The Tabelog Award 2021 Bronze（公式掲載順 380）
TBA2021-B-381	1000022	食べログ	The Tabelog Award	Bronze	フレンチ	2021	全国	レストラン・モリエール	北海道	https://award.tabelog.com/2021/restaurants/bronze	46232	店舗照合済	The Tabelog Award 2021 Bronze（公式掲載順 381）
TBA2021-B-382	13004454	食べログ	The Tabelog Award	Bronze	フレンチ	2021	全国	レストラン アラジン	東京都	https://award.tabelog.com/2021/restaurants/bronze	46232	店舗照合済	The Tabelog Award 2021 Bronze（公式掲載順 382）
TBA2021-B-383	13128454	食べログ	The Tabelog Award	Bronze	フレンチ	2021	全国	アルシミスト	東京都	https://award.tabelog.com/2021/restaurants/bronze	46232	店舗照合済	The Tabelog Award 2021 Bronze（公式掲載順 383）
TBA2021-B-384	23048448	食べログ	The Tabelog Award	Bronze	フレンチ	2021	全国	レストラン ラ・フロレゾン・ドゥ・タケウチ	愛知県	https://award.tabelog.com/2021/restaurants/bronze	46232	店舗照合済	The Tabelog Award 2021 Bronze（公式掲載順 384）
TBA2021-B-385	13139171	食べログ	The Tabelog Award	Bronze	フレンチ	2021	全国	レストラン ラ フィネス	東京都	https://award.tabelog.com/2021/restaurants/bronze	46232	店舗照合済	The Tabelog Award 2021 Bronze（公式掲載順 385）
TBA2021-B-386	13122126	食べログ	The Tabelog Award	Bronze	フレンチ	2021	全国	レストラン リューズ	東京都	https://award.tabelog.com/2021/restaurants/bronze	46232	店舗照合済	The Tabelog Award 2021 Bronze（公式掲載順 386）
TBA2021-B-387	13183555	食べログ	The Tabelog Award	Bronze	中華料理	2021	全国	レンゲ	東京都	https://award.tabelog.com/2021/restaurants/bronze	46232	店舗照合済	The Tabelog Award 2021 Bronze（公式掲載順 387）
TBA2021-B-388	13190771	食べログ	The Tabelog Award	Bronze	中華料理	2021	全国	蓮香	東京都	https://award.tabelog.com/2021/restaurants/bronze	46232	店舗照合済	The Tabelog Award 2021 Bronze（公式掲載順 388）
TBA2021-B-389	13228902	食べログ	The Tabelog Award	Bronze	フレンチ	2021	全国	L'EAU	東京都	https://award.tabelog.com/2021/restaurants/bronze	46232	店舗照合済	The Tabelog Award 2021 Bronze（公式掲載順 389）
TBA2021-B-390	13186978	食べログ	The Tabelog Award	Bronze	フレンチ	2021	全国	L'Octave Hayato KOBAYASHI	東京都	https://award.tabelog.com/2021/restaurants/bronze	46232	店舗照合済	The Tabelog Award 2021 Bronze（公式掲載順 390）
TBA2021-B-391	13178685	食べログ	The Tabelog Award	Bronze	日本料理	2021	全国	六寛	東京都	https://award.tabelog.com/2021/restaurants/bronze	46232	店舗照合済	The Tabelog Award 2021 Bronze（公式掲載順 391）
TBA2021-B-392	13213575	食べログ	The Tabelog Award	Bronze	イタリアン	2021	全国	RODEO	東京都	https://award.tabelog.com/2021/restaurants/bronze	46232	店舗照合済	The Tabelog Award 2021 Bronze（公式掲載順 392）
TBA2021-B-393	43001156	食べログ	The Tabelog Award	Bronze	焼き鳥・鳥料理	2021	全国	ろばたやき 山ろく	熊本県	https://award.tabelog.com/2021/restaurants/bronze	46232	店舗照合済	The Tabelog Award 2021 Bronze（公式掲載順 393）
TBA2021-B-394	26006071	食べログ	The Tabelog Award	Bronze	日本料理	2021	全国	和ごころ 泉	京都府	https://award.tabelog.com/2021/restaurants/bronze	46232	店舗照合済	The Tabelog Award 2021 Bronze（公式掲載順 394）
TBA2021-B-395	24000069	食べログ	The Tabelog Award	Bronze	焼肉・すき焼き・しゃぶしゃぶ	2021	全国	和田金	三重県	https://award.tabelog.com/2021/restaurants/bronze	46232	店舗照合済	The Tabelog Award 2021 Bronze（公式掲載順 395）
TBA2021-B-396	27013057	食べログ	The Tabelog Award	Bronze	居酒屋	2021	全国	和洋酒菜 ひで	大阪府	https://award.tabelog.com/2021/restaurants/bronze	46232	店舗照合済	The Tabelog Award 2021 Bronze（公式掲載順 396）
