26016833	26016833	飯田	京都府	飲食店	日本料理	京都市役所前駅	https://tabelog.com/kyoto/A2601/A260202/26016833/	https://award.tabelog.com/2021/restaurants/gold	The Tabelog Award / 百名店 2021 公式名簿候補
13121866	13121866	エクアトゥール	東京都	飲食店	フレンチ		https://tabelog.com/tokyo/A1307/A130702/13121866/	https://award.tabelog.com/2021/restaurants/gold	The Tabelog Award / 百名店 2021 公式名簿候補
26012136	26012136	緒方	京都府	飲食店	日本料理	四条（京都市営）駅	https://tabelog.com/kyoto/A2601/A260201/26012136/	https://award.tabelog.com/2021/restaurants/gold	The Tabelog Award / 百名店 2021 公式名簿候補
17011166	17011166	片折	石川県	飲食店	日本料理	金沢市	https://tabelog.com/ishikawa/A1701/A170101/17011166/	https://award.tabelog.com/2021/restaurants/gold	The Tabelog Award / 百名店 2021 公式名簿候補
13159567	13159567	カンテサンス	東京都	飲食店	フレンチ	北品川駅	https://tabelog.com/tokyo/A1314/A131405/13159567/	https://award.tabelog.com/2021/restaurants/gold	The Tabelog Award / 百名店 2021 公式名簿候補
26029017	26029017	木山	京都府	飲食店	日本料理	丸太町（京都市営）駅	https://tabelog.com/kyoto/A2601/A260202/26029017/	https://award.tabelog.com/2021/restaurants/gold	The Tabelog Award / 百名店 2021 公式名簿候補
13200949	13200949	銀座 しのはら	東京都	飲食店	日本料理	銀座一丁目駅	https://tabelog.com/tokyo/A1301/A130101/13200949/	https://award.tabelog.com/2021/restaurants/gold	The Tabelog Award / 百名店 2021 公式名簿候補
27088894	27088894	コントワール フー	大阪府	飲食店	フレンチ	大阪市北区	https://tabelog.com/osaka/A2701/A270102/27088894/	https://award.tabelog.com/2021/restaurants/gold	The Tabelog Award / 百名店 2021 公式名簿候補
13205298	13205298	茶禅華	東京都	飲食店	中華料理	広尾駅	https://tabelog.com/tokyo/A1307/A130703/13205298/	https://award.tabelog.com/2021/restaurants/gold	The Tabelog Award / 百名店 2021 公式名簿候補
13001043	13001043	さわ田	東京都	飲食店	寿司	銀座駅	https://tabelog.com/tokyo/A1301/A130101/13001043/	https://award.tabelog.com/2021/restaurants/gold	The Tabelog Award / 百名店 2021 公式名簿候補
22019273	22019273	瞬	静岡県	飲食店	うなぎ		https://tabelog.com/shizuoka/A2201/A220101/22019273/	https://award.tabelog.com/2021/restaurants/gold	The Tabelog Award / 百名店 2021 公式名簿候補
13136847	13136847	新ばし 星野	東京都	飲食店	日本料理	御成門駅	https://tabelog.com/tokyo/A1314/A131401/13136847/	https://award.tabelog.com/2021/restaurants/gold	The Tabelog Award / 百名店 2021 公式名簿候補
13188186	13188186	鮨 あらい	東京都	飲食店	寿司	新橋駅	https://tabelog.com/tokyo/A1301/A130101/13188186/	https://award.tabelog.com/2021/restaurants/gold	The Tabelog Award / 百名店 2021 公式名簿候補
1044489	1044489	鮨 一幸	北海道	飲食店	寿司	西４丁目駅	https://tabelog.com/hokkaido/A0101/A010102/1044489/	https://award.tabelog.com/2021/restaurants/gold	The Tabelog Award / 百名店 2021 公式名簿候補
13015251	13015251	鮨 さいとう	東京都	飲食店	寿司	六本木一丁目駅	https://tabelog.com/tokyo/A1308/A130802/13015251/	https://award.tabelog.com/2021/restaurants/gold	The Tabelog Award / 百名店 2021 公式名簿候補
17000700	17000700	すし処 めくみ	石川県	飲食店	寿司	野々市市	https://tabelog.com/ishikawa/A1702/A170203/17000700/	https://award.tabelog.com/2021/restaurants/gold	The Tabelog Award / 百名店 2021 公式名簿候補
13219857	13219857	鮨 なんば 日比谷	東京都	飲食店	寿司	日比谷駅	https://tabelog.com/tokyo/A1301/A130102/13219857/	https://award.tabelog.com/2021/restaurants/gold	The Tabelog Award / 百名店 2021 公式名簿候補
13203796	13203796	CHIUnE	東京都	飲食店	イノベーティブ・フュージョン		https://tabelog.com/tokyo/A1301/A130101/13203796/	https://award.tabelog.com/2021/restaurants/gold	The Tabelog Award / 百名店 2021 公式名簿候補
40000415	40000415	近松	福岡県	飲食店	寿司	薬院大通駅	https://tabelog.com/fukuoka/A4001/A400104/40000415/	https://award.tabelog.com/2021/restaurants/gold	The Tabelog Award / 百名店 2021 公式名簿候補
40000721	40000721	天寿し 京町店	福岡県	飲食店	寿司	北九州市小倉北区	https://tabelog.com/fukuoka/A4004/A400401/40000721/	https://award.tabelog.com/2021/restaurants/gold	The Tabelog Award / 百名店 2021 公式名簿候補
26030764	26030764	道人	京都府	飲食店	日本料理	三条京阪駅	https://tabelog.com/kyoto/A2601/A260301/26030764/	https://award.tabelog.com/2021/restaurants/gold	The Tabelog Award / 百名店 2021 公式名簿候補
13041029	13041029	鳥しき	東京都	飲食店	焼き鳥・鳥料理	目黒駅	https://tabelog.com/tokyo/A1316/A131601/13041029/	https://award.tabelog.com/2021/restaurants/gold	The Tabelog Award / 百名店 2021 公式名簿候補
23050337	23050337	にい留	愛知県	飲食店	天ぷら		https://tabelog.com/aichi/A2301/A230104/23050337/	https://award.tabelog.com/2021/restaurants/gold	The Tabelog Award / 百名店 2021 公式名簿候補
13018162	13018162	日本橋蛎殻町 すぎた	東京都	飲食店	寿司	水天宮前駅	https://tabelog.com/tokyo/A1302/A130204/13018162/	https://award.tabelog.com/2021/restaurants/gold	The Tabelog Award / 百名店 2021 公式名簿候補
23063362	23063362	野嵯和	愛知県	飲食店	日本料理	市役所	https://tabelog.com/aichi/A2301/A230109/23063362/	https://award.tabelog.com/2021/restaurants/gold	The Tabelog Award / 百名店 2021 公式名簿候補
13196420	13196420	東麻布 天本	東京都	飲食店	寿司	赤羽橋駅	https://tabelog.com/tokyo/A1314/A131401/13196420/	https://award.tabelog.com/2021/restaurants/gold	The Tabelog Award / 百名店 2021 公式名簿候補
13072775	13072775	ペレグリーノ	東京都	飲食店	イタリアン	広尾駅	https://tabelog.com/tokyo/A1303/A130302/13072775/	https://award.tabelog.com/2021/restaurants/gold	The Tabelog Award / 百名店 2021 公式名簿候補
27001286	27001286	本湖月	大阪府	飲食店	日本料理	大阪難波駅	https://tabelog.com/osaka/A2701/A270202/27001286/	https://award.tabelog.com/2021/restaurants/gold	The Tabelog Award / 百名店 2021 公式名簿候補
13124391	13124391	松川	東京都	飲食店	日本料理	六本木一丁目駅	https://tabelog.com/tokyo/A1307/A130701/13124391/	https://award.tabelog.com/2021/restaurants/gold	The Tabelog Award / 百名店 2021 公式名簿候補
13042204	13042204	三谷	東京都	飲食店	寿司	四ツ谷駅	https://tabelog.com/tokyo/A1309/A130902/13042204/	https://award.tabelog.com/2021/restaurants/gold	The Tabelog Award / 百名店 2021 公式名簿候補
21000023	21000023	柳家	岐阜県	飲食店	日本料理	瑞浪市	https://tabelog.com/gifu/A2103/A210301/21000023/	https://award.tabelog.com/2021/restaurants/gold	The Tabelog Award / 百名店 2021 公式名簿候補
13002607	13002607	ロオジエ	東京都	飲食店	フレンチ	銀座駅	https://tabelog.com/tokyo/A1301/A130101/13002607/	https://award.tabelog.com/2021/restaurants/gold	The Tabelog Award / 百名店 2021 公式名簿候補
13243463	13243463	蒼 西麻布	東京都	飲食店	イノベーティブ・フュージョン		https://tabelog.com/tokyo/A1307/A130701/13243463/	https://award.tabelog.com/2021/restaurants/silver	The Tabelog Award / 百名店 2021 公式名簿候補
13249117	13249117	aca 1°	東京都	飲食店	スペイン料理		https://tabelog.com/tokyo/A1302/A130202/13249117/	https://award.tabelog.com/2021/restaurants/silver	The Tabelog Award / 百名店 2021 公式名簿候補
13224635	13224635	赤坂 らいもん	東京都	飲食店	焼肉・すき焼き・しゃぶしゃぶ	赤坂見附駅	https://tabelog.com/tokyo/A1308/A130801/13224635/	https://award.tabelog.com/2021/restaurants/silver	The Tabelog Award / 百名店 2021 公式名簿候補
29010346	29010346	アコルドゥ	奈良県	飲食店	スペイン料理		https://tabelog.com/nara/A2901/A290101/29010346/	https://award.tabelog.com/2021/restaurants/silver	The Tabelog Award / 百名店 2021 公式名簿候補
14066990	14066990	イチリン ハナレ	神奈川県	飲食店	中華料理	鎌倉駅	https://tabelog.com/kanagawa/A1404/A140402/14066990/	https://award.tabelog.com/2021/restaurants/silver	The Tabelog Award / 百名店 2021 公式名簿候補
13030881	13030881	井雪	東京都	飲食店	日本料理	中央区	https://tabelog.com/tokyo/A1301/A130101/13030881/	https://award.tabelog.com/2021/restaurants/silver	The Tabelog Award / 百名店 2021 公式名簿候補
13142530	13142530	エスキス	東京都	飲食店	フレンチ	銀座駅	https://tabelog.com/tokyo/A1301/A130101/13142530/	https://award.tabelog.com/2021/restaurants/silver	The Tabelog Award / 百名店 2021 公式名簿候補
13211927	13211927	蕃 YORONIKU	東京都	飲食店	焼肉・すき焼き・しゃぶしゃぶ	恵比寿駅	https://tabelog.com/tokyo/A1303/A130302/13211927/	https://award.tabelog.com/2021/restaurants/silver	The Tabelog Award / 百名店 2021 公式名簿候補
30000022	30000022	オテル・ド・ヨシノ	和歌山県	飲食店	フレンチ	和歌山市	https://tabelog.com/wakayama/A3001/A300101/30000022/	https://award.tabelog.com/2021/restaurants/silver	The Tabelog Award / 百名店 2021 公式名簿候補
13184986	13184986	御料理 宮坂	東京都	飲食店	日本料理	表参道駅	https://tabelog.com/tokyo/A1306/A130602/13184986/	https://award.tabelog.com/2021/restaurants/silver	The Tabelog Award / 百名店 2021 公式名簿候補
22006811	22006811	温石	静岡県	飲食店	日本料理	焼津市	https://tabelog.com/shizuoka/A2203/A220301/22006811/	https://award.tabelog.com/2021/restaurants/silver	The Tabelog Award / 百名店 2021 公式名簿候補
26033524	26033524	CAINOYA	京都府	飲食店	イノベーティブ・フュージョン		https://tabelog.com/kyoto/A2601/A260201/26033524/	https://award.tabelog.com/2021/restaurants/silver	The Tabelog Award / 百名店 2021 公式名簿候補
13004079	13004079	神楽坂 石かわ	東京都	飲食店	日本料理	牛込神楽坂駅	https://tabelog.com/tokyo/A1309/A130905/13004079/	https://award.tabelog.com/2021/restaurants/silver	The Tabelog Award / 百名店 2021 公式名簿候補
13009310	13009310	ガストロノミー ジョエル・ロブション	東京都	飲食店	フレンチ	恵比寿駅	https://tabelog.com/tokyo/A1303/A130302/13009310/	https://award.tabelog.com/2021/restaurants/silver	The Tabelog Award / 百名店 2021 公式名簿候補
28009509	28009509	カセント	兵庫県	飲食店	スペイン料理		https://tabelog.com/hyogo/A2801/A280102/28009509/	https://award.tabelog.com/2021/restaurants/silver	The Tabelog Award / 百名店 2021 公式名簿候補
32000061	32000061	割烹 美加登家	島根県	飲食店	日本料理	鹿足郡津和野町	https://tabelog.com/shimane/A3204/A320402/32000061/	https://award.tabelog.com/2021/restaurants/silver	The Tabelog Award / 百名店 2021 公式名簿候補
31000300	31000300	かに吉	鳥取県	飲食店	魚介料理・海鮮料理		https://tabelog.com/tottori/A3101/A310101/31000300/	https://award.tabelog.com/2021/restaurants/silver	The Tabelog Award / 百名店 2021 公式名簿候補
27000188	27000188	カハラ	大阪府	飲食店	創作料理		https://tabelog.com/osaka/A2701/A270101/27000188/	https://award.tabelog.com/2021/restaurants/silver	The Tabelog Award / 百名店 2021 公式名簿候補
13016660	13016660	かぶと	東京都	飲食店	うなぎ		https://tabelog.com/tokyo/A1305/A130501/13016660/	https://award.tabelog.com/2021/restaurants/silver	The Tabelog Award / 百名店 2021 公式名簿候補
26014312	26014312	祇園 大渡	京都府	飲食店	日本料理	祇園四条駅	https://tabelog.com/kyoto/A2601/A260301/26014312/	https://award.tabelog.com/2021/restaurants/silver	The Tabelog Award / 百名店 2021 公式名簿候補
40010675	40010675	菊鮨	福岡県	飲食店	寿司	春日市	https://tabelog.com/fukuoka/A4003/A400301/40010675/	https://award.tabelog.com/2021/restaurants/silver	The Tabelog Award / 百名店 2021 公式名簿候補
13226856	13226856	紀茂登	東京都	飲食店	日本料理	神楽坂駅	https://tabelog.com/tokyo/A1309/A130905/13226856/	https://award.tabelog.com/2021/restaurants/silver	The Tabelog Award / 百名店 2021 公式名簿候補
26018304	26018304	京天神 野口	京都府	飲食店	日本料理	北野白梅町駅	https://tabelog.com/kyoto/A2601/A260501/26018304/	https://award.tabelog.com/2021/restaurants/silver	The Tabelog Award / 百名店 2021 公式名簿候補
13238352	13238352	銀座 大石	東京都	飲食店	フレンチ	銀座一丁目駅	https://tabelog.com/tokyo/A1301/A130101/13238352/	https://award.tabelog.com/2021/restaurants/silver	The Tabelog Award / 百名店 2021 公式名簿候補
28000052	28000052	串かつ あーぼん	兵庫県	飲食店	とんかつ・揚げ物		https://tabelog.com/hyogo/A2803/A280302/28000052/	https://award.tabelog.com/2021/restaurants/silver	The Tabelog Award / 百名店 2021 公式名簿候補
13223239	13223239	くすのき	東京都	飲食店	天ぷら		https://tabelog.com/tokyo/A1309/A130902/13223239/	https://award.tabelog.com/2021/restaurants/silver	The Tabelog Award / 百名店 2021 公式名簿候補
13190448	13190448	グルマンディーズ	東京都	飲食店	フレンチ	広尾駅	https://tabelog.com/tokyo/A1307/A130701/13190448/	https://award.tabelog.com/2021/restaurants/silver	The Tabelog Award / 百名店 2021 公式名簿候補
13001681	13001681	コート ドール	東京都	飲食店	フレンチ	白金高輪駅	https://tabelog.com/tokyo/A1316/A131602/13001681/	https://award.tabelog.com/2021/restaurants/silver	The Tabelog Award / 百名店 2021 公式名簿候補
13049130	13049130	虎白	東京都	飲食店	日本料理	飯田橋駅	https://tabelog.com/tokyo/A1309/A130905/13049130/	https://award.tabelog.com/2021/restaurants/silver	The Tabelog Award / 百名店 2021 公式名簿候補
17010524	17010524	小松 弥助	石川県	飲食店	寿司	金沢市	https://tabelog.com/ishikawa/A1701/A170101/17010524/	https://award.tabelog.com/2021/restaurants/silver	The Tabelog Award / 百名店 2021 公式名簿候補
26023771	26023771	齋華	京都府	飲食店	中華料理	東福寺駅	https://tabelog.com/kyoto/A2601/A260304/26023771/	https://award.tabelog.com/2021/restaurants/silver	The Tabelog Award / 百名店 2021 公式名簿候補
13241948	13241948	ShinoiS	東京都	飲食店	中華料理	白金台駅	https://tabelog.com/tokyo/A1316/A131602/13241948/	https://award.tabelog.com/2021/restaurants/silver	The Tabelog Award / 百名店 2021 公式名簿候補
1061277	1061277	霜止出苗	北海道	飲食店	イノベーティブ・フュージョン		https://tabelog.com/hokkaido/A0101/A010104/1061277/	https://award.tabelog.com/2021/restaurants/silver	The Tabelog Award / 百名店 2021 公式名簿候補
26014309	26014309	旬席 鈴江	京都府	飲食店	日本料理	東山駅	https://tabelog.com/kyoto/A2601/A260301/26014309/	https://award.tabelog.com/2021/restaurants/silver	The Tabelog Award / 百名店 2021 公式名簿候補
26001672	26001672	嘯月	京都府	飲食店	スイーツ		https://tabelog.com/kyoto/A2601/A260503/26001672/	https://award.tabelog.com/2021/restaurants/silver	The Tabelog Award / 百名店 2021 公式名簿候補
26013892	26013892	食堂 おがわ	京都府	飲食店	日本料理		https://tabelog.com/kyoto/A2601/A260201/26013892/	https://award.tabelog.com/2021/restaurants/silver	The Tabelog Award / 百名店 2021 公式名簿候補
13182678	13182678	SUGALABO	東京都	飲食店	フレンチ		https://tabelog.com/tokyo/A1307/A130704/13182678/	https://award.tabelog.com/2021/restaurants/silver	The Tabelog Award / 百名店 2021 公式名簿候補
13246152	13246152	鮨 しゅんじ	東京都	飲食店	寿司	六本木一丁目駅	https://tabelog.com/tokyo/A1307/A130701/13246152/	https://award.tabelog.com/2021/restaurants/silver	The Tabelog Award / 百名店 2021 公式名簿候補
13238306	13238306	鮨 はしもと	東京都	飲食店	寿司	新富町駅	https://tabelog.com/tokyo/A1313/A131301/13238306/	https://award.tabelog.com/2021/restaurants/silver	The Tabelog Award / 百名店 2021 公式名簿候補
27104114	27104114	鮨 おおが	大阪府	飲食店	寿司	宿院駅	https://tabelog.com/osaka/A2705/A270501/27104114/	https://award.tabelog.com/2021/restaurants/silver	The Tabelog Award / 百名店 2021 公式名簿候補
13026584	13026584	すし 㐂邑	東京都	飲食店	寿司	二子玉川駅	https://tabelog.com/tokyo/A1317/A131708/13026584/	https://award.tabelog.com/2021/restaurants/silver	The Tabelog Award / 百名店 2021 公式名簿候補
40032025	40032025	鮨 行天	福岡県	飲食店	寿司	薬院駅	https://tabelog.com/fukuoka/A4001/A400104/40032025/	https://award.tabelog.com/2021/restaurants/silver	The Tabelog Award / 百名店 2021 公式名簿候補
1000645	1000645	鮨菜 和㐂智	北海道	飲食店	寿司	円山公園駅	https://tabelog.com/hokkaido/A0101/A010105/1000645/	https://award.tabelog.com/2021/restaurants/silver	The Tabelog Award / 百名店 2021 公式名簿候補
40034544	40034544	鮨 さかい	福岡県	飲食店	寿司	中洲川端駅	https://tabelog.com/fukuoka/A4001/A400103/40034544/	https://award.tabelog.com/2021/restaurants/silver	The Tabelog Award / 百名店 2021 公式名簿候補
18001608	18001608	鮨 十兵衛	福井県	飲食店	寿司	福井市	https://tabelog.com/fukui/A1801/A180101/18001608/	https://award.tabelog.com/2021/restaurants/silver	The Tabelog Award / 百名店 2021 公式名簿候補
13000852	13000852	すし匠	東京都	飲食店	寿司	四ツ谷駅	https://tabelog.com/tokyo/A1309/A130902/13000852/	https://award.tabelog.com/2021/restaurants/silver	The Tabelog Award / 百名店 2021 公式名簿候補
46000087	46000087	鮨匠 のむら	鹿児島県	飲食店	寿司	鹿児島市	https://tabelog.com/kagoshima/A4601/A460101/46000087/	https://award.tabelog.com/2021/restaurants/silver	The Tabelog Award / 百名店 2021 公式名簿候補
13128483	13128483	鮨 尚充	東京都	飲食店	寿司	中目黒駅	https://tabelog.com/tokyo/A1317/A131701/13128483/	https://award.tabelog.com/2021/restaurants/silver	The Tabelog Award / 百名店 2021 公式名簿候補
27003367	27003367	鮨処 多田	大阪府	飲食店	寿司	北新地駅	https://tabelog.com/osaka/A2701/A270101/27003367/	https://award.tabelog.com/2021/restaurants/silver	The Tabelog Award / 百名店 2021 公式名簿候補
13134517	13134517	鮨 はしぐち	東京都	飲食店	寿司	赤坂見附駅	https://tabelog.com/tokyo/A1308/A130801/13134517/	https://award.tabelog.com/2021/restaurants/silver	The Tabelog Award / 百名店 2021 公式名簿候補
1046463	1046463	すし宮川	北海道	飲食店	寿司	円山公園駅	https://tabelog.com/hokkaido/A0101/A010105/1046463/	https://award.tabelog.com/2021/restaurants/silver	The Tabelog Award / 百名店 2021 公式名簿候補
13003777	13003777	スタミナ苑	東京都	飲食店	焼肉・すき焼き・しゃぶしゃぶ	足立区	https://tabelog.com/tokyo/A1323/A132305/13003777/	https://award.tabelog.com/2021/restaurants/silver	The Tabelog Award / 百名店 2021 公式名簿候補
26001800	26001800	草喰 なかひがし	京都府	飲食店	日本料理	京都市左京区	https://tabelog.com/kyoto/A2601/A260302/26001800/	https://award.tabelog.com/2021/restaurants/silver	The Tabelog Award / 百名店 2021 公式名簿候補
26013373	26013373	啐啄 つか本	京都府	飲食店	日本料理	祇園四条駅	https://tabelog.com/kyoto/A2601/A260301/26013373/	https://award.tabelog.com/2021/restaurants/silver	The Tabelog Award / 百名店 2021 公式名簿候補
12032785	12032785	たかおか	千葉県	飲食店	寿司	市役所前駅	https://tabelog.com/chiba/A1201/A120101/12032785/	https://award.tabelog.com/2021/restaurants/silver	The Tabelog Award / 百名店 2021 公式名簿候補
13003661	13003661	鷹匠壽	東京都	飲食店	焼き鳥・鳥料理		https://tabelog.com/tokyo/A1311/A131102/13003661/	https://award.tabelog.com/2021/restaurants/silver	The Tabelog Award / 百名店 2021 公式名簿候補
13185763	13185763	たきや	東京都	飲食店	天ぷら		https://tabelog.com/tokyo/A1307/A130702/13185763/	https://award.tabelog.com/2021/restaurants/silver	The Tabelog Award / 百名店 2021 公式名簿候補
13109940	13109940	TACUBO	東京都	飲食店	イタリアン	代官山駅	https://tabelog.com/tokyo/A1303/A130303/13109940/	https://award.tabelog.com/2021/restaurants/silver	The Tabelog Award / 百名店 2021 公式名簿候補
26016620	26016620	竹屋町 三多	京都府	飲食店	日本料理	神宮丸太町駅	https://tabelog.com/kyoto/A2601/A260302/26016620/	https://award.tabelog.com/2021/restaurants/silver	The Tabelog Award / 百名店 2021 公式名簿候補
27085978	27085978	中国菜 火ノ鳥	大阪府	飲食店	中華料理	北浜駅	https://tabelog.com/osaka/A2701/A270102/27085978/	https://award.tabelog.com/2021/restaurants/silver	The Tabelog Award / 百名店 2021 公式名簿候補
13004967	13004967	中国飯店 富麗華	東京都	飲食店	中華料理	麻布十番駅	https://tabelog.com/tokyo/A1307/A130702/13004967/	https://award.tabelog.com/2021/restaurants/silver	The Tabelog Award / 百名店 2021 公式名簿候補
13200286	13200286	津の守坂 小柴	東京都	飲食店	日本料理	曙橋駅	https://tabelog.com/tokyo/A1309/A130903/13200286/	https://award.tabelog.com/2021/restaurants/silver	The Tabelog Award / 百名店 2021 公式名簿候補
13046855	13046855	傳	東京都	飲食店	創作料理		https://tabelog.com/tokyo/A1306/A130603/13046855/	https://award.tabelog.com/2021/restaurants/silver	The Tabelog Award / 百名店 2021 公式名簿候補
22015243	22015243	てんぷら　成生	静岡県	飲食店	天ぷら		https://tabelog.com/shizuoka/A2201/A220101/22015243/	https://award.tabelog.com/2021/restaurants/silver	The Tabelog Award / 百名店 2021 公式名簿候補
23033296	23033296	トゥ・ラ・ジョア	愛知県	飲食店	創作料理		https://tabelog.com/aichi/A2301/A230105/23033296/	https://award.tabelog.com/2021/restaurants/silver	The Tabelog Award / 百名店 2021 公式名簿候補
25002104	25002104	徳山鮓	滋賀県	飲食店	日本料理		https://tabelog.com/shiga/A2504/A250403/25002104/	https://award.tabelog.com/2021/restaurants/silver	The Tabelog Award / 百名店 2021 公式名簿候補
13001113	13001113	トマト	東京都	飲食店	アジア・エスニック		https://tabelog.com/tokyo/A1319/A131906/13001113/	https://award.tabelog.com/2021/restaurants/silver	The Tabelog Award / 百名店 2021 公式名簿候補
26026316	26026316	富小路 やま岸	京都府	飲食店	日本料理	京都河原町駅	https://tabelog.com/kyoto/A2601/A260201/26026316/	https://award.tabelog.com/2021/restaurants/silver	The Tabelog Award / 百名店 2021 公式名簿候補
36000369	36000369	虎屋 壺中庵	徳島県	飲食店	日本料理	名東郡佐那河内村	https://tabelog.com/tokushima/A3601/A360104/36000369/	https://award.tabelog.com/2021/restaurants/silver	The Tabelog Award / 百名店 2021 公式名簿候補
27013624	27013624	とんかつ マンジェ	大阪府	飲食店	とんかつ・揚げ物	八尾駅	https://tabelog.com/osaka/A2707/A270705/27013624/	https://award.tabelog.com/2021/restaurants/silver	The Tabelog Award / 百名店 2021 公式名簿候補
13005423	13005423	NARISAWA	東京都	飲食店	創作料理		https://tabelog.com/tokyo/A1306/A130603/13005423/	https://award.tabelog.com/2021/restaurants/silver	The Tabelog Award / 百名店 2021 公式名簿候補
26002222	26002222	にくの匠 三芳	京都府	飲食店	日本料理		https://tabelog.com/kyoto/A2601/A260301/26002222/	https://award.tabelog.com/2021/restaurants/silver	The Tabelog Award / 百名店 2021 公式名簿候補
13237628	13237628	肉屋 田中	東京都	飲食店	日本料理		https://tabelog.com/tokyo/A1301/A130101/13237628/	https://award.tabelog.com/2021/restaurants/silver	The Tabelog Award / 百名店 2021 公式名簿候補
23061072	23061072	肉屋 雪月花 NAGOYA	愛知県	飲食店	日本料理		https://tabelog.com/aichi/A2301/A230101/23061072/	https://award.tabelog.com/2021/restaurants/silver	The Tabelog Award / 百名店 2021 公式名簿候補
26022200	26022200	にしぶち飯店	京都府	飲食店	中華料理	祇園四条駅	https://tabelog.com/kyoto/A2601/A260301/26022200/	https://award.tabelog.com/2021/restaurants/silver	The Tabelog Award / 百名店 2021 公式名簿候補
13127807	13127807	日本料理 晴山	東京都	飲食店	日本料理	三田駅	https://tabelog.com/tokyo/A1314/A131402/13127807/	https://award.tabelog.com/2021/restaurants/silver	The Tabelog Award / 百名店 2021 公式名簿候補
5000664	5000664	日本料理 たかむら	秋田県	飲食店	日本料理	秋田市	https://tabelog.com/akita/A0501/A050101/5000664/	https://award.tabelog.com/2021/restaurants/silver	The Tabelog Award / 百名店 2021 公式名簿候補
27015488	27015488	ハジメ	大阪府	飲食店	創作料理		https://tabelog.com/osaka/A2701/A270102/27015488/	https://award.tabelog.com/2021/restaurants/silver	The Tabelog Award / 百名店 2021 公式名簿候補
13220575	13220575	長谷川 稔	東京都	飲食店	イノベーティブ・フュージョン		https://tabelog.com/tokyo/A1307/A130703/13220575/	https://award.tabelog.com/2021/restaurants/silver	The Tabelog Award / 百名店 2021 公式名簿候補
13017742	13017742	初音鮨	東京都	飲食店	寿司	蒲田駅	https://tabelog.com/tokyo/A1315/A131503/13017742/	https://award.tabelog.com/2021/restaurants/silver	The Tabelog Award / 百名店 2021 公式名簿候補
23013684	23013684	花いち	愛知県	飲食店	日本料理	浄心駅	https://tabelog.com/aichi/A2301/A230109/23013684/	https://award.tabelog.com/2021/restaurants/silver	The Tabelog Award / 百名店 2021 公式名簿候補
13032283	13032283	青空	東京都	飲食店	寿司	内幸町駅	https://tabelog.com/tokyo/A1301/A130103/13032283/	https://award.tabelog.com/2021/restaurants/silver	The Tabelog Award / 百名店 2021 公式名簿候補
25000772	25000772	比良山荘	滋賀県	飲食店	日本料理	大津市	https://tabelog.com/shiga/A2501/A250101/25000772/	https://award.tabelog.com/2021/restaurants/silver	The Tabelog Award / 百名店 2021 公式名簿候補
20011920	20011920	フォリオリーナ・デッラ・ポルタ・フォルトゥーナ	長野県	飲食店	イタリアン	北佐久郡軽井沢町	https://tabelog.com/nagano/A2003/A200301/20011920/	https://award.tabelog.com/2021/restaurants/silver	The Tabelog Award / 百名店 2021 公式名簿候補
27001070	27001070	Fujiya 1935	大阪府	飲食店	スペイン料理		https://tabelog.com/osaka/A2701/A270106/27001070/	https://award.tabelog.com/2021/restaurants/silver	The Tabelog Award / 百名店 2021 公式名簿候補
13176780	13176780	フルタ	東京都	飲食店	中華料理	新富町駅	https://tabelog.com/tokyo/A1313/A131301/13176780/	https://award.tabelog.com/2021/restaurants/silver	The Tabelog Award / 百名店 2021 公式名簿候補
12038574	12038574	プレゼンテ スギ	千葉県	飲食店	イタリアン	佐倉市	https://tabelog.com/chiba/A1204/A120402/12038574/	https://award.tabelog.com/2021/restaurants/silver	The Tabelog Award / 百名店 2021 公式名簿候補
42008914	42008914	pesceco	長崎県	飲食店	イタリアン		https://tabelog.com/nagasaki/A4203/A420302/42008914/	https://award.tabelog.com/2021/restaurants/silver	The Tabelog Award / 百名店 2021 公式名簿候補
28039815	28039815	bb9	兵庫県	飲食店	スペイン料理		https://tabelog.com/hyogo/A2801/A280102/28039815/	https://award.tabelog.com/2021/restaurants/silver	The Tabelog Award / 百名店 2021 公式名簿候補
13184186	13184186	ボニュ	東京都	飲食店	フレンチ	参宮橋駅	https://tabelog.com/tokyo/A1304/A130401/13184186/	https://award.tabelog.com/2021/restaurants/silver	The Tabelog Award / 百名店 2021 公式名簿候補
13003338	13003338	まき村	東京都	飲食店	日本料理	大森海岸駅	https://tabelog.com/tokyo/A1315/A131502/13003338/	https://award.tabelog.com/2021/restaurants/silver	The Tabelog Award / 百名店 2021 公式名簿候補
28001348	28001348	丸安	兵庫県	飲食店	魚介料理・海鮮料理		https://tabelog.com/hyogo/A2803/A280301/28001348/	https://award.tabelog.com/2021/restaurants/silver	The Tabelog Award / 百名店 2021 公式名簿候補
26002279	26002279	未在	京都府	飲食店	日本料理	東山駅	https://tabelog.com/kyoto/A2601/A260301/26002279/	https://award.tabelog.com/2021/restaurants/silver	The Tabelog Award / 百名店 2021 公式名簿候補
13228116	13228116	味享	東京都	飲食店	日本料理	内幸町駅	https://tabelog.com/tokyo/A1301/A130103/13228116/	https://award.tabelog.com/2021/restaurants/silver	The Tabelog Award / 百名店 2021 公式名簿候補
28045767	28045767	焼鳥 かさ原	兵庫県	飲食店	焼き鳥・鳥料理	三宮（神戸市営）駅	https://tabelog.com/hyogo/A2801/A280101/28045767/	https://award.tabelog.com/2021/restaurants/silver	The Tabelog Award / 百名店 2021 公式名簿候補
13160962	13160962	焼肉 ジャンボ はなれ	東京都	飲食店	焼肉・すき焼き・しゃぶしゃぶ	本郷三丁目駅	https://tabelog.com/tokyo/A1310/A131004/13160962/	https://award.tabelog.com/2021/restaurants/silver	The Tabelog Award / 百名店 2021 公式名簿候補
26018397	26018397	やまぐち	京都府	飲食店	イタリアン	祇園四条駅	https://tabelog.com/kyoto/A2601/A260301/26018397/	https://award.tabelog.com/2021/restaurants/silver	The Tabelog Award / 百名店 2021 公式名簿候補
13225691	13225691	山﨑	東京都	飲食店	日本料理	乃木坂駅	https://tabelog.com/tokyo/A1307/A130701/13225691/	https://award.tabelog.com/2021/restaurants/silver	The Tabelog Award / 百名店 2021 公式名簿候補
23044914	23044914	𠮷い	愛知県	飲食店	日本料理	新栄町駅	https://tabelog.com/aichi/A2301/A230104/23044914/	https://award.tabelog.com/2021/restaurants/silver	The Tabelog Award / 百名店 2021 公式名簿候補
27095726	27095726	米増	大阪府	飲食店	日本料理	福島駅	https://tabelog.com/osaka/A2701/A270108/27095726/	https://award.tabelog.com/2021/restaurants/silver	The Tabelog Award / 百名店 2021 公式名簿候補
13042979	13042979	よろにく	東京都	飲食店	焼肉・すき焼き・しゃぶしゃぶ	表参道駅	https://tabelog.com/tokyo/A1306/A130602/13042979/	https://award.tabelog.com/2021/restaurants/silver	The Tabelog Award / 百名店 2021 公式名簿候補
13198692	13198692	ラチュレ	東京都	飲食店	フレンチ	表参道駅	https://tabelog.com/tokyo/A1303/A130301/13198692/	https://award.tabelog.com/2021/restaurants/silver	The Tabelog Award / 百名店 2021 公式名簿候補
28006093	28006093	料理屋 植むら	兵庫県	飲食店	日本料理	三宮（神戸市営）駅	https://tabelog.com/hyogo/A2801/A280101/28006093/	https://award.tabelog.com/2021/restaurants/silver	The Tabelog Award / 百名店 2021 公式名簿候補
13002294	13002294	レ セゾン	東京都	飲食店	フレンチ	日比谷駅	https://tabelog.com/tokyo/A1301/A130102/13002294/	https://award.tabelog.com/2021/restaurants/silver	The Tabelog Award / 百名店 2021 公式名簿候補
13116356	13116356	レフェルヴェソンス	東京都	飲食店	フレンチ	表参道駅	https://tabelog.com/tokyo/A1306/A130602/13116356/	https://award.tabelog.com/2021/restaurants/silver	The Tabelog Award / 百名店 2021 公式名簿候補
23057000	23057000	レミニセンス	愛知県	飲食店	フレンチ	大須観音駅	https://tabelog.com/aichi/A2301/A230105/23057000/	https://award.tabelog.com/2021/restaurants/silver	The Tabelog Award / 百名店 2021 公式名簿候補
27111640	27111640	蓮心	大阪府	飲食店	中華料理	大江橋駅	https://tabelog.com/osaka/A2701/A270101/27111640/	https://award.tabelog.com/2021/restaurants/silver	The Tabelog Award / 百名店 2021 公式名簿候補
20004238	20004238	日本料理 柚木元	長野県	飲食店	日本料理	飯田市	https://tabelog.com/nagano/A2006/A200603/20004238/	https://award.tabelog.com/2021/restaurants/silver	The Tabelog Award / 百名店 2021 公式名簿候補
13116523	13116523	赤坂 詠月	東京都	飲食店	日本料理	赤坂見附駅	https://tabelog.com/tokyo/A1308/A130801/13116523/	https://award.tabelog.com/2021/restaurants/bronze	The Tabelog Award / 百名店 2021 公式名簿候補
13002514	13002514	赤坂 菊乃井	東京都	飲食店	日本料理	赤坂駅	https://tabelog.com/tokyo/A1308/A130801/13002514/	https://award.tabelog.com/2021/restaurants/bronze	The Tabelog Award / 百名店 2021 公式名簿候補
13149065	13149065	赤坂 きた福	東京都	飲食店	魚介料理・海鮮料理		https://tabelog.com/tokyo/A1308/A130801/13149065/	https://award.tabelog.com/2021/restaurants/bronze	The Tabelog Award / 百名店 2021 公式名簿候補
5007142	5007142	秋田 てんぷら みかわ	秋田県	飲食店	天ぷら		https://tabelog.com/akita/A0501/A050101/5007142/	https://award.tabelog.com/2021/restaurants/bronze	The Tabelog Award / 百名店 2021 公式名簿候補
1028665	1028665	aki nagao	北海道	飲食店	フレンチ	すすきの（市営）駅	https://tabelog.com/hokkaido/A0101/A010103/1028665/	https://award.tabelog.com/2021/restaurants/bronze	The Tabelog Award / 百名店 2021 公式名簿候補
13227385	13227385	ASAHINA Gastronome	東京都	飲食店	フレンチ	茅場町駅	https://tabelog.com/tokyo/A1302/A130203/13227385/	https://award.tabelog.com/2021/restaurants/bronze	The Tabelog Award / 百名店 2021 公式名簿候補
13001664	13001664	麻布 かどわき	東京都	飲食店	日本料理	麻布十番駅	https://tabelog.com/tokyo/A1307/A130702/13001664/	https://award.tabelog.com/2021/restaurants/bronze	The Tabelog Award / 百名店 2021 公式名簿候補
13174951	13174951	麻布十番 ふくだ	東京都	飲食店	日本料理	麻布十番駅	https://tabelog.com/tokyo/A1307/A130702/13174951/	https://award.tabelog.com/2021/restaurants/bronze	The Tabelog Award / 百名店 2021 公式名簿候補
13005316	13005316	麻布 幸村	東京都	飲食店	日本料理	麻布十番駅	https://tabelog.com/tokyo/A1307/A130702/13005316/	https://award.tabelog.com/2021/restaurants/bronze	The Tabelog Award / 百名店 2021 公式名簿候補
44006115	44006115	味あら井	大分県	飲食店	日本料理	中津市	https://tabelog.com/oita/A4404/A440401/44006115/	https://award.tabelog.com/2021/restaurants/bronze	The Tabelog Award / 百名店 2021 公式名簿候補
13200027	13200027	味ひろ	東京都	飲食店	日本料理	新富町駅	https://tabelog.com/tokyo/A1313/A131301/13200027/	https://award.tabelog.com/2021/restaurants/bronze	The Tabelog Award / 百名店 2021 公式名簿候補
13001332	13001332	味満ん	東京都	飲食店	魚介料理・海鮮料理		https://tabelog.com/tokyo/A1307/A130701/13001332/	https://award.tabelog.com/2021/restaurants/bronze	The Tabelog Award / 百名店 2021 公式名簿候補
13206559	13206559	AZUR et MASA UEKI	東京都	飲食店	フレンチ	乃木坂駅	https://tabelog.com/tokyo/A1307/A130701/13206559/	https://award.tabelog.com/2021/restaurants/bronze	The Tabelog Award / 百名店 2021 公式名簿候補
13150975	13150975	Äta	東京都	飲食店	フレンチ	代官山駅	https://tabelog.com/tokyo/A1303/A130303/13150975/	https://award.tabelog.com/2021/restaurants/bronze	The Tabelog Award / 百名店 2021 公式名簿候補
33012069	33012069	acca	岡山県	飲食店	イタリアン	瀬戸内市	https://tabelog.com/okayama/A3305/A330502/33012069/	https://award.tabelog.com/2021/restaurants/bronze	The Tabelog Award / 百名店 2021 公式名簿候補
13005853	13005853	アテスウェイ	東京都	飲食店	スイーツ		https://tabelog.com/tokyo/A1320/A132001/13005853/	https://award.tabelog.com/2021/restaurants/bronze	The Tabelog Award / 百名店 2021 公式名簿候補
21014394	21014394	アドゥエパッシ	岐阜県	飲食店	イタリアン	大垣市	https://tabelog.com/gifu/A2101/A210104/21014394/	https://award.tabelog.com/2021/restaurants/bronze	The Tabelog Award / 百名店 2021 公式名簿候補
27074473	27074473	アニエルドール	大阪府	飲食店	フレンチ	阿波座駅	https://tabelog.com/osaka/A2701/A270105/27074473/	https://award.tabelog.com/2021/restaurants/bronze	The Tabelog Award / 百名店 2021 公式名簿候補
13000145	13000145	アピシウス	東京都	飲食店	フレンチ	日比谷駅	https://tabelog.com/tokyo/A1301/A130102/13000145/	https://award.tabelog.com/2021/restaurants/bronze	The Tabelog Award / 百名店 2021 公式名簿候補
23057712	23057712	あま木	愛知県	飲食店	寿司	久屋大通駅	https://tabelog.com/aichi/A2301/A230103/23057712/	https://award.tabelog.com/2021/restaurants/bronze	The Tabelog Award / 百名店 2021 公式名簿候補
13142028	13142028	AMOUR	東京都	飲食店	フレンチ	恵比寿駅	https://tabelog.com/tokyo/A1303/A130302/13142028/	https://award.tabelog.com/2021/restaurants/bronze	The Tabelog Award / 百名店 2021 公式名簿候補
41000056	41000056	飴源	佐賀県	飲食店	魚介料理・海鮮料理		https://tabelog.com/saga/A4102/A410201/41000056/	https://award.tabelog.com/2021/restaurants/bronze	The Tabelog Award / 百名店 2021 公式名簿候補
26029825	26029825	綾小路 唐津	京都府	飲食店	日本料理	四条（京都市営）駅	https://tabelog.com/kyoto/A2601/A260201/26029825/	https://award.tabelog.com/2021/restaurants/bronze	The Tabelog Award / 百名店 2021 公式名簿候補
28000962	28000962	麤皮	兵庫県	飲食店	ステーキ・鉄板焼き		https://tabelog.com/hyogo/A2801/A280101/28000962/	https://award.tabelog.com/2021/restaurants/bronze	The Tabelog Award / 百名店 2021 公式名簿候補
27090095	27090095	アラルデ	大阪府	飲食店	スペイン料理		https://tabelog.com/osaka/A2701/A270106/27090095/	https://award.tabelog.com/2021/restaurants/bronze	The Tabelog Award / 百名店 2021 公式名簿候補
1000457	1000457	鮨処 有馬	北海道	飲食店	寿司	狸小路駅	https://tabelog.com/hokkaido/A0101/A010102/1000457/	https://award.tabelog.com/2021/restaurants/bronze	The Tabelog Award / 百名店 2021 公式名簿候補
13156479	13156479	ARMONICO	東京都	飲食店	イタリアン	代官山駅	https://tabelog.com/tokyo/A1303/A130303/13156479/	https://award.tabelog.com/2021/restaurants/bronze	The Tabelog Award / 百名店 2021 公式名簿候補
13129298	13129298	アロマフレスカ	東京都	飲食店	イタリアン	銀座一丁目駅	https://tabelog.com/tokyo/A1301/A130101/13129298/	https://award.tabelog.com/2021/restaurants/bronze	The Tabelog Award / 百名店 2021 公式名簿候補
23061308	23061308	淡 如雲	愛知県	飲食店	日本料理	国際センター駅	https://tabelog.com/aichi/A2301/A230101/23061308/	https://award.tabelog.com/2021/restaurants/bronze	The Tabelog Award / 百名店 2021 公式名簿候補
26018405	26018405	安久	京都府	飲食店	日本料理	祇園四条駅	https://tabelog.com/kyoto/A2601/A260301/26018405/	https://award.tabelog.com/2021/restaurants/bronze	The Tabelog Award / 百名店 2021 公式名簿候補
13050216	13050216	ICARO miyamoto	東京都	飲食店	イタリアン	中目黒駅	https://tabelog.com/tokyo/A1317/A131701/13050216/	https://award.tabelog.com/2021/restaurants/bronze	The Tabelog Award / 百名店 2021 公式名簿候補
23008421	23008421	出雲	愛知県	飲食店	日本料理		https://tabelog.com/aichi/A2301/A230103/23008421/	https://award.tabelog.com/2021/restaurants/bronze	The Tabelog Award / 百名店 2021 公式名簿候補
13210722	13210722	いちかわ	東京都	飲食店	寿司	白金高輪駅	https://tabelog.com/tokyo/A1316/A131602/13210722/	https://award.tabelog.com/2021/restaurants/bronze	The Tabelog Award / 百名店 2021 公式名簿候補
13176396	13176396	いち太	東京都	飲食店	日本料理	外苑前駅	https://tabelog.com/tokyo/A1306/A130603/13176396/	https://award.tabelog.com/2021/restaurants/bronze	The Tabelog Award / 百名店 2021 公式名簿候補
45000157	45000157	一心鮨 光洋	宮崎県	飲食店	寿司	宮崎市	https://tabelog.com/miyazaki/A4501/A450101/45000157/	https://award.tabelog.com/2021/restaurants/bronze	The Tabelog Award / 百名店 2021 公式名簿候補
13002285	13002285	イデミスギノ	東京都	飲食店	スイーツ		https://tabelog.com/tokyo/A1302/A130202/13002285/	https://award.tabelog.com/2021/restaurants/bronze	The Tabelog Award / 百名店 2021 公式名簿候補
40040809	40040809	井本	福岡県	飲食店	日本料理	薬院大通駅	https://tabelog.com/fukuoka/A4001/A400104/40040809/	https://award.tabelog.com/2021/restaurants/bronze	The Tabelog Award / 百名店 2021 公式名簿候補
23054325	23054325	イル アオヤマ	愛知県	飲食店	イタリアン	高岳駅	https://tabelog.com/aichi/A2301/A230104/23054325/	https://award.tabelog.com/2021/restaurants/bronze	The Tabelog Award / 百名店 2021 公式名簿候補
13110652	13110652	イル テアトリーノ ダ サローネ	東京都	飲食店	イタリアン	広尾駅	https://tabelog.com/tokyo/A1307/A130703/13110652/	https://award.tabelog.com/2021/restaurants/bronze	The Tabelog Award / 百名店 2021 公式名簿候補
13147391	13147391	イル プレージョ	東京都	飲食店	イタリアン	代々木上原駅	https://tabelog.com/tokyo/A1318/A131811/13147391/	https://award.tabelog.com/2021/restaurants/bronze	The Tabelog Award / 百名店 2021 公式名簿候補
26005825	26005825	岩さき	京都府	飲食店	日本料理	烏丸御池駅	https://tabelog.com/kyoto/A2601/A260202/26005825/	https://award.tabelog.com/2021/restaurants/bronze	The Tabelog Award / 百名店 2021 公式名簿候補
13043684	13043684	インカント	東京都	飲食店	イタリアン	広尾駅	https://tabelog.com/tokyo/A1307/A130703/13043684/	https://award.tabelog.com/2021/restaurants/bronze	The Tabelog Award / 百名店 2021 公式名簿候補
12000109	12000109	印度料理シタール	千葉県	飲食店	アジア・エスニック		https://tabelog.com/chiba/A1201/A120104/12000109/	https://award.tabelog.com/2021/restaurants/bronze	The Tabelog Award / 百名店 2021 公式名簿候補
13004549	13004549	VIA BRIANZA	東京都	飲食店	イタリアン	麻布十番駅	https://tabelog.com/tokyo/A1307/A130702/13004549/	https://award.tabelog.com/2021/restaurants/bronze	The Tabelog Award / 百名店 2021 公式名簿候補
30000104	30000104	ヴィラ・アイーダ	和歌山県	飲食店	イタリアン	岩出市	https://tabelog.com/wakayama/A3001/A300102/30000104/	https://award.tabelog.com/2021/restaurants/bronze	The Tabelog Award / 百名店 2021 公式名簿候補
13004299	13004299	ヴィンチェロ	東京都	飲食店	イタリアン	新宿御苑前駅	https://tabelog.com/tokyo/A1304/A130402/13004299/	https://award.tabelog.com/2021/restaurants/bronze	The Tabelog Award / 百名店 2021 公式名簿候補
13185496	13185496	ウェスタ	東京都	飲食店	ステーキ・鉄板焼き		https://tabelog.com/tokyo/A1302/A130202/13185496/	https://award.tabelog.com/2021/restaurants/bronze	The Tabelog Award / 百名店 2021 公式名簿候補
27001233	27001233	う越貞	大阪府	飲食店	魚介料理・海鮮料理	新福島駅	https://tabelog.com/osaka/A2701/A270108/27001233/	https://award.tabelog.com/2021/restaurants/bronze	The Tabelog Award / 百名店 2021 公式名簿候補
13222093	13222093	USHIGORO S. GINZA	東京都	飲食店	焼肉・すき焼き・しゃぶしゃぶ	銀座駅	https://tabelog.com/tokyo/A1301/A130101/13222093/	https://award.tabelog.com/2021/restaurants/bronze	The Tabelog Award / 百名店 2021 公式名簿候補
13209611	13209611	USHIGORO S. NISHIAZABU	東京都	飲食店	焼肉・すき焼き・しゃぶしゃぶ	乃木坂駅	https://tabelog.com/tokyo/A1307/A130701/13209611/	https://award.tabelog.com/2021/restaurants/bronze	The Tabelog Award / 百名店 2021 公式名簿候補
12000598	12000598	ウシマル	千葉県	飲食店	イタリアン	山武市	https://tabelog.com/chiba/A1205/A120502/12000598/	https://award.tabelog.com/2021/restaurants/bronze	The Tabelog Award / 百名店 2021 公式名簿候補
13034857	13034857	臼杵ふぐ 山田屋 西麻布	東京都	飲食店	魚介料理・海鮮料理		https://tabelog.com/tokyo/A1307/A130703/13034857/	https://award.tabelog.com/2021/restaurants/bronze	The Tabelog Award / 百名店 2021 公式名簿候補
13035339	13035339	うなぎ 魚政	東京都	飲食店	うなぎ		https://tabelog.com/tokyo/A1324/A132403/13035339/	https://award.tabelog.com/2021/restaurants/bronze	The Tabelog Award / 百名店 2021 公式名簿候補
14001626	14001626	うなぎ亭 友栄	神奈川県	飲食店	うなぎ		https://tabelog.com/kanagawa/A1410/A141001/14001626/	https://award.tabelog.com/2021/restaurants/bronze	The Tabelog Award / 百名店 2021 公式名簿候補
23000105	23000105	うな富士	愛知県	飲食店	うなぎ		https://tabelog.com/aichi/A2301/A230105/23000105/	https://award.tabelog.com/2021/restaurants/bronze	The Tabelog Award / 百名店 2021 公式名簿候補
13001179	13001179	海味	東京都	飲食店	寿司	外苑前駅	https://tabelog.com/tokyo/A1306/A130603/13001179/	https://award.tabelog.com/2021/restaurants/bronze	The Tabelog Award / 百名店 2021 公式名簿候補
13017947	13017947	うを徳	東京都	飲食店	寿司	東向島駅	https://tabelog.com/tokyo/A1312/A131203/13017947/	https://award.tabelog.com/2021/restaurants/bronze	The Tabelog Award / 百名店 2021 公式名簿候補
13230923	13230923	鍈輝	東京都	飲食店	焼き鳥・鳥料理	恵比寿駅	https://tabelog.com/tokyo/A1303/A130302/13230923/	https://award.tabelog.com/2021/restaurants/bronze	The Tabelog Award / 百名店 2021 公式名簿候補
13061640	13061640	江戸前鮓 すし通	東京都	飲食店	寿司	六本木駅	https://tabelog.com/tokyo/A1307/A130701/13061640/	https://award.tabelog.com/2021/restaurants/bronze	The Tabelog Award / 百名店 2021 公式名簿候補
13186582	13186582	恵比寿 くろいわ	東京都	飲食店	日本料理	恵比寿駅	https://tabelog.com/tokyo/A1303/A130302/13186582/	https://award.tabelog.com/2021/restaurants/bronze	The Tabelog Award / 百名店 2021 公式名簿候補
13213368	13213368	Ode	東京都	飲食店	フレンチ	広尾駅	https://tabelog.com/tokyo/A1307/A130703/13213368/	https://award.tabelog.com/2021/restaurants/bronze	The Tabelog Award / 百名店 2021 公式名簿候補
13240980	13240980	オオクサ	東京都	飲食店	焼き鳥・鳥料理	四谷三丁目駅	https://tabelog.com/tokyo/A1309/A130903/13240980/	https://award.tabelog.com/2021/restaurants/bronze	The Tabelog Award / 百名店 2021 公式名簿候補
17000107	17000107	乙女寿司	石川県	飲食店	寿司	金沢市	https://tabelog.com/ishikawa/A1701/A170101/17000107/	https://award.tabelog.com/2021/restaurants/bronze	The Tabelog Award / 百名店 2021 公式名簿候補
13028856	13028856	おにく 花柳	東京都	飲食店	焼肉・すき焼き・しゃぶしゃぶ		https://tabelog.com/tokyo/A1302/A130204/13028856/	https://award.tabelog.com/2021/restaurants/bronze	The Tabelog Award / 百名店 2021 公式名簿候補
27112164	27112164	緒乃	大阪府	飲食店	日本料理	北新地駅	https://tabelog.com/osaka/A2701/A270101/27112164/	https://award.tabelog.com/2021/restaurants/bronze	The Tabelog Award / 百名店 2021 公式名簿候補
13008700	13008700	オマージュ	東京都	飲食店	フレンチ	浅草（つくばＥＸＰ）駅	https://tabelog.com/tokyo/A1311/A131102/13008700/	https://award.tabelog.com/2021/restaurants/bronze	The Tabelog Award / 百名店 2021 公式名簿候補
3005625	3005625	御料理 寺沢	岩手県	飲食店	日本料理	北上市	https://tabelog.com/iwate/A0302/A030202/3005625/	https://award.tabelog.com/2021/restaurants/bronze	The Tabelog Award / 百名店 2021 公式名簿候補
26000305	26000305	御料理 はやし	京都府	飲食店	日本料理	出町柳駅	https://tabelog.com/kyoto/A2601/A260302/26000305/	https://award.tabelog.com/2021/restaurants/bronze	The Tabelog Award / 百名店 2021 公式名簿候補
26023402	26023402	御料理 樋渡	京都府	飲食店	日本料理	丸太町（京都市営）駅	https://tabelog.com/kyoto/A2601/A260202/26023402/	https://award.tabelog.com/2021/restaurants/bronze	The Tabelog Award / 百名店 2021 公式名簿候補
40028665	40028665	御料理 まつ山	福岡県	飲食店	日本料理	北九州市八幡西区	https://tabelog.com/fukuoka/A4004/A400404/40028665/	https://award.tabelog.com/2021/restaurants/bronze	The Tabelog Award / 百名店 2021 公式名簿候補
26022648	26022648	御料理 光安	京都府	飲食店	日本料理	二条駅	https://tabelog.com/kyoto/A2601/A260501/26022648/	https://award.tabelog.com/2021/restaurants/bronze	The Tabelog Award / 百名店 2021 公式名簿候補
27068283	27068283	お料理 宮本	大阪府	飲食店	日本料理	大阪天満宮駅	https://tabelog.com/osaka/A2701/A270103/27068283/	https://award.tabelog.com/2021/restaurants/bronze	The Tabelog Award / 百名店 2021 公式名簿候補
26006883	26006883	オルト	京都府	飲食店	イノベーティブ・フュージョン		https://tabelog.com/kyoto/A2601/A260202/26006883/	https://award.tabelog.com/2021/restaurants/bronze	The Tabelog Award / 百名店 2021 公式名簿候補
21000011	21000011	開化亭	岐阜県	飲食店	中華料理	岐阜市	https://tabelog.com/gifu/A2101/A210101/21000011/	https://award.tabelog.com/2021/restaurants/bronze	The Tabelog Award / 百名店 2021 公式名簿候補
13132399	13132399	海鮮名菜　香宮	東京都	飲食店	中華料理	六本木駅	https://tabelog.com/tokyo/A1307/A130701/13132399/	https://award.tabelog.com/2021/restaurants/bronze	The Tabelog Award / 百名店 2021 公式名簿候補
13238442	13238442	薫 HIROO	東京都	飲食店	イノベーティブ・フュージョン		https://tabelog.com/tokyo/A1307/A130703/13238442/	https://award.tabelog.com/2021/restaurants/bronze	The Tabelog Award / 百名店 2021 公式名簿候補
13134663	13134663	神楽坂　鉄板焼 中むら	東京都	飲食店	ステーキ・鉄板焼き		https://tabelog.com/tokyo/A1309/A130905/13134663/	https://award.tabelog.com/2021/restaurants/bronze	The Tabelog Award / 百名店 2021 公式名簿候補
13213748	13213748	K+	東京都	飲食店	イタリアン	広尾駅	https://tabelog.com/tokyo/A1307/A130703/13213748/	https://award.tabelog.com/2021/restaurants/bronze	The Tabelog Award / 百名店 2021 公式名簿候補
26022988	26022988	佳肴岡もと	京都府	飲食店	日本料理	清水五条駅	https://tabelog.com/kyoto/A2601/A260301/26022988/	https://award.tabelog.com/2021/restaurants/bronze	The Tabelog Award / 百名店 2021 公式名簿候補
27001141	27001141	柏屋 大阪千里山	大阪府	飲食店	日本料理	関大前駅	https://tabelog.com/osaka/A2706/A270602/27001141/	https://award.tabelog.com/2021/restaurants/bronze	The Tabelog Award / 百名店 2021 公式名簿候補
27002614	27002614	かしわや 闘鶏	大阪府	飲食店	焼き鳥・鳥料理	福島駅	https://tabelog.com/osaka/A2701/A270108/27002614/	https://award.tabelog.com/2021/restaurants/bronze	The Tabelog Award / 百名店 2021 公式名簿候補
13220317	13220317	霞町 やまがみ	東京都	飲食店	日本料理		https://tabelog.com/tokyo/A1307/A130703/13220317/	https://award.tabelog.com/2021/restaurants/bronze	The Tabelog Award / 百名店 2021 公式名簿候補
14012400	14012400	潟潟ヤ	神奈川県	飲食店	創作料理		https://tabelog.com/kanagawa/A1405/A140505/14012400/	https://award.tabelog.com/2021/restaurants/bronze	The Tabelog Award / 百名店 2021 公式名簿候補
21012387	21012387	かたつむり	岐阜県	飲食店	日本料理		https://tabelog.com/gifu/A2101/A210105/21012387/	https://award.tabelog.com/2021/restaurants/bronze	The Tabelog Award / 百名店 2021 公式名簿候補
13120294	13120294	カッチャル バッチャル	東京都	飲食店	アジア・エスニック		https://tabelog.com/tokyo/A1323/A132302/13120294/	https://award.tabelog.com/2021/restaurants/bronze	The Tabelog Award / 百名店 2021 公式名簿候補
11010989	11010989	割烹 樋山	埼玉県	飲食店	日本料理	東川口駅	https://tabelog.com/saitama/A1102/A110201/11010989/	https://award.tabelog.com/2021/restaurants/bronze	The Tabelog Award / 百名店 2021 公式名簿候補
37000015	37000015	釜あげうどん 長田 in 香の香	香川県	飲食店	うどん		https://tabelog.com/kagawa/A3703/A370302/37000015/	https://award.tabelog.com/2021/restaurants/bronze	The Tabelog Award / 百名店 2021 公式名簿候補
27010572	27010572	カモシヤ クスモト	大阪府	飲食店	創作料理		https://tabelog.com/osaka/A2701/A270108/27010572/	https://award.tabelog.com/2021/restaurants/bronze	The Tabelog Award / 百名店 2021 公式名簿候補
13202529	13202529	カルパシ	東京都	飲食店	アジア・エスニック		https://tabelog.com/tokyo/A1318/A131813/13202529/	https://award.tabelog.com/2021/restaurants/bronze	The Tabelog Award / 百名店 2021 公式名簿候補
18000003	18000003	川㐂	福井県	飲食店	魚介料理・海鮮料理		https://tabelog.com/fukui/A1801/A180102/18000003/	https://award.tabelog.com/2021/restaurants/bronze	The Tabelog Award / 百名店 2021 公式名簿候補
13232330	13232330	川田	東京都	飲食店	日本料理	人形町駅	https://tabelog.com/tokyo/A1302/A130204/13232330/	https://award.tabelog.com/2021/restaurants/bronze	The Tabelog Award / 百名店 2021 公式名簿候補
13016506	13016506	かわむら	東京都	飲食店	ステーキ・鉄板焼き		https://tabelog.com/tokyo/A1301/A130101/13016506/	https://award.tabelog.com/2021/restaurants/bronze	The Tabelog Award / 百名店 2021 公式名簿候補
40000441	40000441	韓国料理　田無羅	福岡県	飲食店	焼肉・すき焼き・しゃぶしゃぶ	天神南駅	https://tabelog.com/fukuoka/A4001/A400103/40000441/	https://award.tabelog.com/2021/restaurants/bronze	The Tabelog Award / 百名店 2021 公式名簿候補
13020361	13020361	広東料理 センス	東京都	飲食店	中華料理	三越前駅	https://tabelog.com/tokyo/A1302/A130202/13020361/	https://award.tabelog.com/2021/restaurants/bronze	The Tabelog Award / 百名店 2021 公式名簿候補
13198197	13198197	紀尾井町 三谷	東京都	飲食店	寿司	永田町駅	https://tabelog.com/tokyo/A1308/A130801/13198197/	https://award.tabelog.com/2021/restaurants/bronze	The Tabelog Award / 百名店 2021 公式名簿候補
26018265	26018265	祇園 一道	京都府	飲食店	ステーキ・鉄板焼き		https://tabelog.com/kyoto/A2601/A260301/26018265/	https://award.tabelog.com/2021/restaurants/bronze	The Tabelog Award / 百名店 2021 公式名簿候補
26001968	26001968	祇園 丸山	京都府	飲食店	日本料理	祇園四条駅	https://tabelog.com/kyoto/A2601/A260301/26001968/	https://award.tabelog.com/2021/restaurants/bronze	The Tabelog Award / 百名店 2021 公式名簿候補
26029969	26029969	祇園 呂色	京都府	飲食店	フレンチ	祇園四条駅	https://tabelog.com/kyoto/A2601/A260301/26029969/	https://award.tabelog.com/2021/restaurants/bronze	The Tabelog Award / 百名店 2021 公式名簿候補
26001726	26001726	ぎおん 阪川	京都府	飲食店	日本料理	祇園四条駅	https://tabelog.com/kyoto/A2601/A260301/26001726/	https://award.tabelog.com/2021/restaurants/bronze	The Tabelog Award / 百名店 2021 公式名簿候補
26001863	26001863	祇園 さゝ木	京都府	飲食店	日本料理	祇園四条駅	https://tabelog.com/kyoto/A2601/A260301/26001863/	https://award.tabelog.com/2021/restaurants/bronze	The Tabelog Award / 百名店 2021 公式名簿候補
26009394	26009394	祇園 末友	京都府	飲食店	日本料理	清水五条駅	https://tabelog.com/kyoto/A2601/A260301/26009394/	https://award.tabelog.com/2021/restaurants/bronze	The Tabelog Award / 百名店 2021 公式名簿候補
26027852	26027852	祇園 にし	京都府	飲食店	日本料理	祇園四条駅	https://tabelog.com/kyoto/A2601/A260301/26027852/	https://award.tabelog.com/2021/restaurants/bronze	The Tabelog Award / 百名店 2021 公式名簿候補
26007611	26007611	祇園 にしかわ	京都府	飲食店	日本料理	祇園四条駅	https://tabelog.com/kyoto/A2601/A260301/26007611/	https://award.tabelog.com/2021/restaurants/bronze	The Tabelog Award / 百名店 2021 公式名簿候補
26006471	26006471	祇園 又吉	京都府	飲食店	日本料理	祇園四条駅	https://tabelog.com/kyoto/A2601/A260301/26006471/	https://award.tabelog.com/2021/restaurants/bronze	The Tabelog Award / 百名店 2021 公式名簿候補
26001346	26001346	菊乃井 本店	京都府	飲食店	日本料理	東山駅	https://tabelog.com/kyoto/A2601/A260301/26001346/	https://award.tabelog.com/2021/restaurants/bronze	The Tabelog Award / 百名店 2021 公式名簿候補
34016189	34016189	季節料理　なかしま	広島県	飲食店	日本料理	白島（広電）駅	https://tabelog.com/hiroshima/A3401/A340118/34016189/	https://award.tabelog.com/2021/restaurants/bronze	The Tabelog Award / 百名店 2021 公式名簿候補
13000945	13000945	北島亭	東京都	飲食店	フレンチ	四ツ谷駅	https://tabelog.com/tokyo/A1309/A130902/13000945/	https://award.tabelog.com/2021/restaurants/bronze	The Tabelog Award / 百名店 2021 公式名簿候補
29001982	29001982	きみや	奈良県	飲食店	焼肉・すき焼き・しゃぶしゃぶ	生駒市	https://tabelog.com/nara/A2901/A290102/29001982/	https://award.tabelog.com/2021/restaurants/bronze	The Tabelog Award / 百名店 2021 公式名簿候補
26005284	26005284	キメラ	京都府	飲食店	イタリアン	祇園四条駅	https://tabelog.com/kyoto/A2601/A260301/26005284/	https://award.tabelog.com/2021/restaurants/bronze	The Tabelog Award / 百名店 2021 公式名簿候補
27019178	27019178	牛寶	大阪府	飲食店	日本料理		https://tabelog.com/osaka/A2701/A270101/27019178/	https://award.tabelog.com/2021/restaurants/bronze	The Tabelog Award / 百名店 2021 公式名簿候補
26006497	26006497	京 静華	京都府	飲食店	中華料理	東山駅	https://tabelog.com/kyoto/A2601/A260301/26006497/	https://award.tabelog.com/2021/restaurants/bronze	The Tabelog Award / 百名店 2021 公式名簿候補
26001047	26001047	京懐石 吉泉	京都府	飲食店	日本料理	出町柳駅	https://tabelog.com/kyoto/A2601/A260302/26001047/	https://award.tabelog.com/2021/restaurants/bronze	The Tabelog Award / 百名店 2021 公式名簿候補
23001725	23001725	京懐石 八泉	愛知県	飲食店	日本料理	本山駅	https://tabelog.com/aichi/A2301/A230107/23001725/	https://award.tabelog.com/2021/restaurants/bronze	The Tabelog Award / 百名店 2021 公式名簿候補
26002511	26002511	京 上賀茂 御料理秋山	京都府	飲食店	日本料理	北山駅	https://tabelog.com/kyoto/A2601/A260503/26002511/	https://award.tabelog.com/2021/restaurants/bronze	The Tabelog Award / 百名店 2021 公式名簿候補
26001312	26001312	京都 吉兆 嵐山本店	京都府	飲食店	日本料理	嵐山（京福）駅	https://tabelog.com/kyoto/A2601/A260403/26001312/	https://award.tabelog.com/2021/restaurants/bronze	The Tabelog Award / 百名店 2021 公式名簿候補
26015836	26015836	魚菜料理 縄屋	京都府	飲食店	日本料理	京丹後市	https://tabelog.com/kyoto/A2609/A260903/26015836/	https://award.tabelog.com/2021/restaurants/bronze	The Tabelog Award / 百名店 2021 公式名簿候補
13070238	13070238	きよ田	東京都	飲食店	寿司	銀座駅	https://tabelog.com/tokyo/A1301/A130101/13070238/	https://award.tabelog.com/2021/restaurants/bronze	The Tabelog Award / 百名店 2021 公式名簿候補
13183900	13183900	銀座 きた福	東京都	飲食店	日本料理		https://tabelog.com/tokyo/A1301/A130101/13183900/	https://award.tabelog.com/2021/restaurants/bronze	The Tabelog Award / 百名店 2021 公式名簿候補
13005683	13005683	銀座 小十	東京都	飲食店	日本料理	銀座駅	https://tabelog.com/tokyo/A1301/A130101/13005683/	https://award.tabelog.com/2021/restaurants/bronze	The Tabelog Award / 百名店 2021 公式名簿候補
13217960	13217960	GINZA JOTAKI	東京都	飲食店	中華料理	銀座駅	https://tabelog.com/tokyo/A1301/A130101/13217960/	https://award.tabelog.com/2021/restaurants/bronze	The Tabelog Award / 百名店 2021 公式名簿候補
13005003	13005003	銀座 鮨 かねさか 本店	東京都	飲食店	寿司	新橋駅	https://tabelog.com/tokyo/A1301/A130103/13005003/	https://award.tabelog.com/2021/restaurants/bronze	The Tabelog Award / 百名店 2021 公式名簿候補
13232735	13232735	銀座ふじやま	東京都	飲食店	日本料理	銀座駅	https://tabelog.com/tokyo/A1301/A130101/13232735/	https://award.tabelog.com/2021/restaurants/bronze	The Tabelog Award / 百名店 2021 公式名簿候補
13002444	13002444	銀座 レカン	東京都	飲食店	フレンチ	銀座駅	https://tabelog.com/tokyo/A1301/A130101/13002444/	https://award.tabelog.com/2021/restaurants/bronze	The Tabelog Award / 百名店 2021 公式名簿候補
26002126	26002126	くいしんぼー山中	京都府	飲食店	ステーキ・鉄板焼き		https://tabelog.com/kyoto/A2601/A260401/26002126/	https://award.tabelog.com/2021/restaurants/bronze	The Tabelog Award / 百名店 2021 公式名簿候補
27073813	27073813	クイントカント	大阪府	飲食店	イタリアン	渡辺橋駅	https://tabelog.com/osaka/A2701/A270108/27073813/	https://award.tabelog.com/2021/restaurants/bronze	The Tabelog Award / 百名店 2021 公式名簿候補
13129802	13129802	串揚げはやし	東京都	飲食店	とんかつ・揚げ物		https://tabelog.com/tokyo/A1309/A130905/13129802/	https://award.tabelog.com/2021/restaurants/bronze	The Tabelog Award / 百名店 2021 公式名簿候補
23000441	23000441	クッチーナ イタリアーナ ガッルーラ	愛知県	飲食店	イタリアン	八事日赤駅	https://tabelog.com/aichi/A2301/A230108/23000441/	https://award.tabelog.com/2021/restaurants/bronze	The Tabelog Award / 百名店 2021 公式名簿候補
26000658	26000658	グリルフレンチ	京都府	飲食店	その他		https://tabelog.com/kyoto/A2601/A260203/26000658/	https://award.tabelog.com/2021/restaurants/bronze	The Tabelog Award / 百名店 2021 公式名簿候補
13202768	13202768	Crony	東京都	飲食店	フレンチ	乃木坂駅	https://tabelog.com/tokyo/A1307/A130701/13202768/	https://award.tabelog.com/2021/restaurants/bronze	The Tabelog Award / 百名店 2021 公式名簿候補
13094789	13094789	くろぎ	東京都	飲食店	日本料理	大門駅	https://tabelog.com/tokyo/A1314/A131401/13094789/	https://award.tabelog.com/2021/restaurants/bronze	The Tabelog Award / 百名店 2021 公式名簿候補
13178821	13178821	くろ﨑	東京都	飲食店	寿司	渋谷駅	https://tabelog.com/tokyo/A1303/A130301/13178821/	https://award.tabelog.com/2021/restaurants/bronze	The Tabelog Award / 百名店 2021 公式名簿候補
26000535	26000535	高台寺 和久傳	京都府	飲食店	日本料理	祇園四条駅	https://tabelog.com/kyoto/A2601/A260301/26000535/	https://award.tabelog.com/2021/restaurants/bronze	The Tabelog Award / 百名店 2021 公式名簿候補
13224979	13224979	神戸牛炉釜ステーキ GINZA KOKO炉	東京都	飲食店	ステーキ・鉄板焼き		https://tabelog.com/tokyo/A1301/A130101/13224979/	https://award.tabelog.com/2021/restaurants/bronze	The Tabelog Award / 百名店 2021 公式名簿候補
13161192	13161192	神戸牛炉釜炭焼ステーキ IDEA 銀座	東京都	飲食店	ステーキ・鉄板焼き		https://tabelog.com/tokyo/A1301/A130101/13161192/	https://award.tabelog.com/2021/restaurants/bronze	The Tabelog Award / 百名店 2021 公式名簿候補
25001485	25001485	行楽庵	滋賀県	飲食店	日本料理	大津市	https://tabelog.com/shiga/A2501/A250101/25001485/	https://award.tabelog.com/2021/restaurants/bronze	The Tabelog Award / 百名店 2021 公式名簿候補
13156859	13156859	豪龍久保	東京都	飲食店	日本料理	乃木坂駅	https://tabelog.com/tokyo/A1306/A130602/13156859/	https://award.tabelog.com/2021/restaurants/bronze	The Tabelog Award / 百名店 2021 公式名簿候補
26028604	26028604	御幸町 田がわ	京都府	飲食店	日本料理	京都市役所前駅	https://tabelog.com/kyoto/A2601/A260202/26028604/	https://award.tabelog.com/2021/restaurants/bronze	The Tabelog Award / 百名店 2021 公式名簿候補
28015514	28015514	こにし家	兵庫県	飲食店	日本料理	三田駅	https://tabelog.com/hyogo/A2807/A280703/28015514/	https://award.tabelog.com/2021/restaurants/bronze	The Tabelog Award / 百名店 2021 公式名簿候補
7000810	7000810	小判寿司	福島県	飲食店	寿司	東白川郡棚倉町	https://tabelog.com/fukushima/A0703/A070304/7000810/	https://award.tabelog.com/2021/restaurants/bronze	The Tabelog Award / 百名店 2021 公式名簿候補
13194122	13194122	虎峰	東京都	飲食店	中華料理	六本木駅	https://tabelog.com/tokyo/A1307/A130701/13194122/	https://award.tabelog.com/2021/restaurants/bronze	The Tabelog Award / 百名店 2021 公式名簿候補
24012212	24012212	こま田	三重県	飲食店	寿司	伊勢市	https://tabelog.com/mie/A2403/A240301/24012212/	https://award.tabelog.com/2021/restaurants/bronze	The Tabelog Award / 百名店 2021 公式名簿候補
13095398	13095398	在市 月島本店	東京都	飲食店	焼肉・すき焼き・しゃぶしゃぶ	月島駅	https://tabelog.com/tokyo/A1313/A131302/13095398/	https://award.tabelog.com/2021/restaurants/bronze	The Tabelog Award / 百名店 2021 公式名簿候補
26031313	26031313	さえき	京都府	飲食店	寿司	蹴上駅	https://tabelog.com/kyoto/A2601/A260301/26031313/	https://award.tabelog.com/2021/restaurants/bronze	The Tabelog Award / 百名店 2021 公式名簿候補
13233311	13233311	サエキ飯店	東京都	飲食店	中華料理	目黒駅	https://tabelog.com/tokyo/A1316/A131601/13233311/	https://award.tabelog.com/2021/restaurants/bronze	The Tabelog Award / 百名店 2021 公式名簿候補
14068897	14068897	櫻井中華そば店	神奈川県	ラーメン店	ラーメン	保土ケ谷駅	https://tabelog.com/kanagawa/A1401/A140301/14068897/	https://award.tabelog.com/2021/restaurants/bronze	The Tabelog Award / 百名店 2021 公式名簿候補
13223460	13223460	SATOブリアン さんごう	東京都	飲食店	焼肉・すき焼き・しゃぶしゃぶ	阿佐ケ谷駅	https://tabelog.com/tokyo/A1319/A131905/13223460/	https://award.tabelog.com/2021/restaurants/bronze	The Tabelog Award / 百名店 2021 公式名簿候補
13159782	13159782	SATOブリアン にごう	東京都	飲食店	焼肉・すき焼き・しゃぶしゃぶ	阿佐ケ谷駅	https://tabelog.com/tokyo/A1319/A131905/13159782/	https://award.tabelog.com/2021/restaurants/bronze	The Tabelog Award / 百名店 2021 公式名簿候補
13127046	13127046	SATOブリアン 本店	東京都	飲食店	焼肉・すき焼き・しゃぶしゃぶ	阿佐ケ谷駅	https://tabelog.com/tokyo/A1319/A131905/13127046/	https://award.tabelog.com/2021/restaurants/bronze	The Tabelog Award / 百名店 2021 公式名簿候補
40000240	40000240	佐藤	福岡県	飲食店	日本料理	北九州市小倉北区	https://tabelog.com/fukuoka/A4004/A400401/40000240/	https://award.tabelog.com/2021/restaurants/bronze	The Tabelog Award / 百名店 2021 公式名簿候補
13216529	13216529	サトブリDA	東京都	飲食店	焼肉・すき焼き・しゃぶしゃぶ	阿佐ケ谷駅	https://tabelog.com/tokyo/A1319/A131905/13216529/	https://award.tabelog.com/2021/restaurants/bronze	The Tabelog Award / 百名店 2021 公式名簿候補
37000019	37000019	讃岐うどん がもう	香川県	飲食店	うどん		https://tabelog.com/kagawa/A3702/A370201/37000019/	https://award.tabelog.com/2021/restaurants/bronze	The Tabelog Award / 百名店 2021 公式名簿候補
13216329	13216329	茶寮 宮坂	東京都	飲食店	日本料理	六本木駅	https://tabelog.com/tokyo/A1307/A130701/13216329/	https://award.tabelog.com/2021/restaurants/bronze	The Tabelog Award / 百名店 2021 公式名簿候補
14010542	14010542	SALONE 2007	神奈川県	飲食店	イタリアン	元町・中華街駅	https://tabelog.com/kanagawa/A1401/A140105/14010542/	https://award.tabelog.com/2021/restaurants/bronze	The Tabelog Award / 百名店 2021 公式名簿候補
26005351	26005351	山玄茶	京都府	飲食店	日本料理	祇園四条駅	https://tabelog.com/kyoto/A2601/A260301/26005351/	https://award.tabelog.com/2021/restaurants/bronze	The Tabelog Award / 百名店 2021 公式名簿候補
13216899	13216899	サンプリシテ	東京都	飲食店	フレンチ	代官山駅	https://tabelog.com/tokyo/A1303/A130303/13216899/	https://award.tabelog.com/2021/restaurants/bronze	The Tabelog Award / 百名店 2021 公式名簿候補
13000510	13000510	シェ・イノ	東京都	飲食店	フレンチ	京橋駅	https://tabelog.com/tokyo/A1302/A130202/13000510/	https://award.tabelog.com/2021/restaurants/bronze	The Tabelog Award / 百名店 2021 公式名簿候補
13141364	13141364	ジェラテリア アクオリーナ	東京都	飲食店	スイーツ		https://tabelog.com/tokyo/A1317/A131701/13141364/	https://award.tabelog.com/2021/restaurants/bronze	The Tabelog Award / 百名店 2021 公式名簿候補
8000227	8000227	慈久庵	茨城県	飲食店	そば	常陸太田市	https://tabelog.com/ibaraki/A0805/A080502/8000227/	https://award.tabelog.com/2021/restaurants/bronze	The Tabelog Award / 百名店 2021 公式名簿候補
30008100	30008100	召膳 無苦庵	和歌山県	飲食店	日本料理	田辺市	https://tabelog.com/wakayama/A3004/A300402/30008100/	https://award.tabelog.com/2021/restaurants/bronze	The Tabelog Award / 百名店 2021 公式名簿候補
13168401	13168401	私厨房 勇	東京都	飲食店	中華料理	白金台駅	https://tabelog.com/tokyo/A1316/A131602/13168401/	https://award.tabelog.com/2021/restaurants/bronze	The Tabelog Award / 百名店 2021 公式名簿候補
27000387	27000387	島之内 一陽	大阪府	飲食店	日本料理	日本橋駅	https://tabelog.com/osaka/A2701/A270202/27000387/	https://award.tabelog.com/2021/restaurants/bronze	The Tabelog Award / 百名店 2021 公式名簿候補
5006765	5006765	ジュエーメ	秋田県	飲食店	イタリアン	大仙市	https://tabelog.com/akita/A0504/A050402/5006765/	https://award.tabelog.com/2021/restaurants/bronze	The Tabelog Award / 百名店 2021 公式名簿候補
5000004	5000004	酒盃	秋田県	飲食店	居酒屋	秋田市	https://tabelog.com/akita/A0501/A050101/5000004/	https://award.tabelog.com/2021/restaurants/bronze	The Tabelog Award / 百名店 2021 公式名簿候補
25000052	25000052	招福樓 本店	滋賀県	飲食店	日本料理	東近江市	https://tabelog.com/shiga/A2503/A250302/25000052/	https://award.tabelog.com/2021/restaurants/bronze	The Tabelog Award / 百名店 2021 公式名簿候補
13162190	13162190	喰善 あべ	東京都	飲食店	日本料理	銀座駅	https://tabelog.com/tokyo/A1301/A130101/13162190/	https://award.tabelog.com/2021/restaurants/bronze	The Tabelog Award / 百名店 2021 公式名簿候補
17009741	17009741	SHÓKUDŌ YArn	石川県	飲食店	イノベーティブ・フュージョン		https://tabelog.com/ishikawa/A1702/A170202/17009741/	https://award.tabelog.com/2021/restaurants/bronze	The Tabelog Award / 百名店 2021 公式名簿候補
13162454	13162454	白金台こばやし	東京都	飲食店	日本料理	白金台駅	https://tabelog.com/tokyo/A1303/A130302/13162454/	https://award.tabelog.com/2021/restaurants/bronze	The Tabelog Award / 百名店 2021 公式名簿候補
13194253	13194253	Sincère	東京都	飲食店	フレンチ	北参道駅	https://tabelog.com/tokyo/A1309/A130901/13194253/	https://award.tabelog.com/2021/restaurants/bronze	The Tabelog Award / 百名店 2021 公式名簿候補
27000411	27000411	尽誠	大阪府	飲食店	寿司	心斎橋駅	https://tabelog.com/osaka/A2701/A270201/27000411/	https://award.tabelog.com/2021/restaurants/bronze	The Tabelog Award / 百名店 2021 公式名簿候補
13020781	13020781	新ばし 笹田	東京都	飲食店	日本料理	虎ノ門駅	https://tabelog.com/tokyo/A1301/A130103/13020781/	https://award.tabelog.com/2021/restaurants/bronze	The Tabelog Award / 百名店 2021 公式名簿候補
13002892	13002892	新ばし しみづ	東京都	飲食店	寿司	新橋駅	https://tabelog.com/tokyo/A1301/A130103/13002892/	https://award.tabelog.com/2021/restaurants/bronze	The Tabelog Award / 百名店 2021 公式名簿候補
14035784	14035784	スイーツガーデン ユウジアジキ	神奈川県	飲食店	スイーツ		https://tabelog.com/kanagawa/A1401/A140203/14035784/	https://award.tabelog.com/2021/restaurants/bronze	The Tabelog Award / 百名店 2021 公式名簿候補
27116163	27116163	スガラボヴィー	大阪府	飲食店	フレンチ	心斎橋駅	https://tabelog.com/osaka/A2701/A270202/27116163/	https://award.tabelog.com/2021/restaurants/bronze	The Tabelog Award / 百名店 2021 公式名簿候補
13002260	13002260	すきやばし 次郎	東京都	飲食店	寿司	銀座駅	https://tabelog.com/tokyo/A1301/A130101/13002260/	https://award.tabelog.com/2021/restaurants/bronze	The Tabelog Award / 百名店 2021 公式名簿候補
13004426	13004426	すきやばし 次郎 六本木ヒルズ店	東京都	飲食店	寿司	六本木駅	https://tabelog.com/tokyo/A1307/A130701/13004426/	https://award.tabelog.com/2021/restaurants/bronze	The Tabelog Award / 百名店 2021 公式名簿候補
37000143	37000143	須崎食料品店	香川県	飲食店	うどん		https://tabelog.com/kagawa/A3703/A370303/37000143/	https://award.tabelog.com/2021/restaurants/bronze	The Tabelog Award / 百名店 2021 公式名簿候補
13239506	13239506	鮨 さえ㐂	東京都	飲食店	寿司	銀座駅	https://tabelog.com/tokyo/A1301/A130101/13239506/	https://award.tabelog.com/2021/restaurants/bronze	The Tabelog Award / 百名店 2021 公式名簿候補
27095402	27095402	鮨 三心	大阪府	飲食店	寿司	谷町六丁目駅	https://tabelog.com/osaka/A2701/A270204/27095402/	https://award.tabelog.com/2021/restaurants/bronze	The Tabelog Award / 百名店 2021 公式名簿候補
13127515	13127515	鮨 しゅん輔 阿佐ヶ谷	東京都	飲食店	寿司	阿佐ケ谷駅	https://tabelog.com/tokyo/A1319/A131905/13127515/	https://award.tabelog.com/2021/restaurants/bronze	The Tabelog Award / 百名店 2021 公式名簿候補
28006575	28006575	寿志 城助	兵庫県	飲食店	寿司	三ノ宮（ＪＲ）駅	https://tabelog.com/hyogo/A2801/A280103/28006575/	https://award.tabelog.com/2021/restaurants/bronze	The Tabelog Award / 百名店 2021 公式名簿候補
13228776	13228776	鮨 すが弥	東京都	飲食店	寿司	赤羽橋駅	https://tabelog.com/tokyo/A1314/A131401/13228776/	https://award.tabelog.com/2021/restaurants/bronze	The Tabelog Award / 百名店 2021 公式名簿候補
43002645	43002645	鮨　仙八	熊本県	飲食店	寿司	熊本市中央区	https://tabelog.com/kumamoto/A4301/A430101/43002645/	https://award.tabelog.com/2021/restaurants/bronze	The Tabelog Award / 百名店 2021 公式名簿候補
23050373	23050373	鮨 土方	愛知県	飲食店	寿司	栄（名古屋）駅	https://tabelog.com/aichi/A2301/A230103/23050373/	https://award.tabelog.com/2021/restaurants/bronze	The Tabelog Award / 百名店 2021 公式名簿候補
28006932	28006932	鮨 まつ本	兵庫県	飲食店	寿司	苦楽園口駅	https://tabelog.com/hyogo/A2803/A280301/28006932/	https://award.tabelog.com/2021/restaurants/bronze	The Tabelog Award / 百名店 2021 公式名簿候補
4000199	4000199	すし 蓑	宮城県	飲食店	寿司	勾当台公園駅	https://tabelog.com/miyagi/A0401/A040101/4000199/	https://award.tabelog.com/2021/restaurants/bronze	The Tabelog Award / 百名店 2021 公式名簿候補
11003959	11003959	鰻 むさし乃	埼玉県	飲食店	うなぎ		https://tabelog.com/saitama/A1101/A110102/11003959/	https://award.tabelog.com/2021/restaurants/bronze	The Tabelog Award / 百名店 2021 公式名簿候補
13240787	13240787	鮨 龍次郎	東京都	飲食店	寿司	外苑前駅	https://tabelog.com/tokyo/A1306/A130603/13240787/	https://award.tabelog.com/2021/restaurants/bronze	The Tabelog Award / 百名店 2021 公式名簿候補
11036797	11036797	鮨 猪股	埼玉県	飲食店	寿司	川口元郷駅	https://tabelog.com/saitama/A1102/A110201/11036797/	https://award.tabelog.com/2021/restaurants/bronze	The Tabelog Award / 百名店 2021 公式名簿候補
12019424	12019424	寿司栄	千葉県	飲食店	寿司	東千葉駅	https://tabelog.com/chiba/A1201/A120101/12019424/	https://award.tabelog.com/2021/restaurants/bronze	The Tabelog Award / 百名店 2021 公式名簿候補
33001952	33001952	鮨 縁	岡山県	飲食店	寿司	岡山市北区	https://tabelog.com/okayama/A3301/A330101/33001952/	https://award.tabelog.com/2021/restaurants/bronze	The Tabelog Award / 百名店 2021 公式名簿候補
27057420	27057420	寿し おおはた	大阪府	飲食店	寿司	北新地駅	https://tabelog.com/osaka/A2701/A270101/27057420/	https://award.tabelog.com/2021/restaurants/bronze	The Tabelog Award / 百名店 2021 公式名簿候補
40000001	40000001	鮨 おさむ	福岡県	飲食店	寿司	福岡市南区	https://tabelog.com/fukuoka/A4001/A400202/40000001/	https://award.tabelog.com/2021/restaurants/bronze	The Tabelog Award / 百名店 2021 公式名簿候補
14042983	14042983	鮨 おとわ	神奈川県	飲食店	寿司	こどもの国駅	https://tabelog.com/kanagawa/A1401/A140202/14042983/	https://award.tabelog.com/2021/restaurants/bronze	The Tabelog Award / 百名店 2021 公式名簿候補
10002097	10002097	鮨おばな	群馬県	飲食店	寿司	館林市	https://tabelog.com/gunma/A1002/A100204/10002097/	https://award.tabelog.com/2021/restaurants/bronze	The Tabelog Award / 百名店 2021 公式名簿候補
27041868	27041868	鮓 きずな	大阪府	飲食店	寿司	京橋駅	https://tabelog.com/osaka/A2701/A270107/27041868/	https://award.tabelog.com/2021/restaurants/bronze	The Tabelog Award / 百名店 2021 公式名簿候補
13023988	13023988	すし匠 齋藤	東京都	飲食店	寿司	赤坂見附駅	https://tabelog.com/tokyo/A1308/A130801/13023988/	https://award.tabelog.com/2021/restaurants/bronze	The Tabelog Award / 百名店 2021 公式名簿候補
16001163	16001163	鮨人	富山県	飲食店	寿司	富山市	https://tabelog.com/toyama/A1601/A160101/16001163/	https://award.tabelog.com/2021/restaurants/bronze	The Tabelog Award / 百名店 2021 公式名簿候補
13184367	13184367	鮨 鈴木	東京都	飲食店	寿司	銀座駅	https://tabelog.com/tokyo/A1301/A130101/13184367/	https://award.tabelog.com/2021/restaurants/bronze	The Tabelog Award / 百名店 2021 公式名簿候補
13165933	13165933	鮨 たかはし	東京都	飲食店	寿司	銀座一丁目駅	https://tabelog.com/tokyo/A1301/A130101/13165933/	https://award.tabelog.com/2021/restaurants/bronze	The Tabelog Award / 百名店 2021 公式名簿候補
13155234	13155234	鮨 とかみ	東京都	飲食店	寿司	内幸町駅	https://tabelog.com/tokyo/A1301/A130103/13155234/	https://award.tabelog.com/2021/restaurants/bronze	The Tabelog Award / 百名店 2021 公式名簿候補
41000031	41000031	鮨処 つく田	佐賀県	飲食店	寿司	唐津市	https://tabelog.com/saga/A4102/A410201/41000031/	https://award.tabelog.com/2021/restaurants/bronze	The Tabelog Award / 百名店 2021 公式名簿候補
33000059	33000059	すし処 ひさ田	岡山県	飲食店	寿司	赤磐市	https://tabelog.com/okayama/A3301/A330104/33000059/	https://award.tabelog.com/2021/restaurants/bronze	The Tabelog Award / 百名店 2021 公式名簿候補
1038603	1038603	寿し ひでたか	北海道	飲食店	寿司	すすきの（市営）駅	https://tabelog.com/hokkaido/A0101/A010103/1038603/	https://award.tabelog.com/2021/restaurants/bronze	The Tabelog Award / 百名店 2021 公式名簿候補
13209440	13209440	鮓 ふじなが	東京都	飲食店	寿司	麻布十番駅	https://tabelog.com/tokyo/A1307/A130702/13209440/	https://award.tabelog.com/2021/restaurants/bronze	The Tabelog Award / 百名店 2021 公式名簿候補
23070288	23070288	寿し道 桜田	愛知県	飲食店	寿司	久屋大通駅	https://tabelog.com/aichi/A2301/A230103/23070288/	https://award.tabelog.com/2021/restaurants/bronze	The Tabelog Award / 百名店 2021 公式名簿候補
1001719	1001719	鮨みなと	北海道	飲食店	寿司	旭川市	https://tabelog.com/hokkaido/A0104/A010401/1001719/	https://award.tabelog.com/2021/restaurants/bronze	The Tabelog Award / 百名店 2021 公式名簿候補
13156961	13156961	すし家 一柳	東京都	飲食店	寿司	銀座一丁目駅	https://tabelog.com/tokyo/A1301/A130101/13156961/	https://award.tabelog.com/2021/restaurants/bronze	The Tabelog Award / 百名店 2021 公式名簿候補
40001706	40001706	鮨 安吉	福岡県	飲食店	寿司	博多駅	https://tabelog.com/fukuoka/A4001/A400101/40001706/	https://award.tabelog.com/2021/restaurants/bronze	The Tabelog Award / 百名店 2021 公式名簿候補
28023929	28023929	すし屋 亙	兵庫県	飲食店	寿司	淡路市	https://tabelog.com/hyogo/A2806/A280601/28023929/	https://award.tabelog.com/2021/restaurants/bronze	The Tabelog Award / 百名店 2021 公式名簿候補
13201640	13201640	鮨 由う	東京都	飲食店	寿司	六本木駅	https://tabelog.com/tokyo/A1307/A130701/13201640/	https://award.tabelog.com/2021/restaurants/bronze	The Tabelog Award / 百名店 2021 公式名簿候補
13185503	13185503	鮨 竜介	東京都	飲食店	寿司	銀座駅	https://tabelog.com/tokyo/A1301/A130101/13185503/	https://award.tabelog.com/2021/restaurants/bronze	The Tabelog Award / 百名店 2021 公式名簿候補
23000494	23000494	ステーキハウス キッチンリボン	愛知県	飲食店	ステーキ・鉄板焼き		https://tabelog.com/aichi/A2301/A230108/23000494/	https://award.tabelog.com/2021/restaurants/bronze	The Tabelog Award / 百名店 2021 公式名簿候補
13120204	13120204	砂の岬	東京都	飲食店	アジア・エスニック		https://tabelog.com/tokyo/A1317/A131707/13120204/	https://award.tabelog.com/2021/restaurants/bronze	The Tabelog Award / 百名店 2021 公式名簿候補
13203027	13203027	SPICY CURRY 魯珈	東京都	飲食店	アジア・エスニック		https://tabelog.com/tokyo/A1304/A130404/13203027/	https://award.tabelog.com/2021/restaurants/bronze	The Tabelog Award / 百名店 2021 公式名簿候補
40035804	40035804	Spice&Dining KALA	福岡県	飲食店	アジア・エスニック		https://tabelog.com/fukuoka/A4006/A400603/40035804/	https://award.tabelog.com/2021/restaurants/bronze	The Tabelog Award / 百名店 2021 公式名簿候補
26017706	26017706	炭火割烹 いふき	京都府	飲食店	日本料理	祇園四条駅	https://tabelog.com/kyoto/A2601/A260301/26017706/	https://award.tabelog.com/2021/restaurants/bronze	The Tabelog Award / 百名店 2021 公式名簿候補
13001794	13001794	炭火焼 ゆうじ	東京都	飲食店	焼肉・すき焼き・しゃぶしゃぶ	渋谷駅	https://tabelog.com/tokyo/A1303/A130301/13001794/	https://award.tabelog.com/2021/restaurants/bronze	The Tabelog Award / 百名店 2021 公式名簿候補
13175110	13175110	炭火焼肉 なかはら	東京都	飲食店	焼肉・すき焼き・しゃぶしゃぶ	市ケ谷駅	https://tabelog.com/tokyo/A1309/A130904/13175110/	https://award.tabelog.com/2021/restaurants/bronze	The Tabelog Award / 百名店 2021 公式名簿候補
13001625	13001625	炭焼 金竜山	東京都	飲食店	焼肉・すき焼き・しゃぶしゃぶ	白金高輪駅	https://tabelog.com/tokyo/A1316/A131602/13001625/	https://award.tabelog.com/2021/restaurants/bronze	The Tabelog Award / 百名店 2021 公式名簿候補
1060884	1060884	壽山	北海道	飲食店	日本料理	西１８丁目駅	https://tabelog.com/hokkaido/A0101/A010104/1060884/	https://award.tabelog.com/2021/restaurants/bronze	The Tabelog Award / 百名店 2021 公式名簿候補
13125046	13125046	スリオラ	東京都	飲食店	スペイン料理		https://tabelog.com/tokyo/A1301/A130101/13125046/	https://award.tabelog.com/2021/restaurants/bronze	The Tabelog Award / 百名店 2021 公式名簿候補
13193077	13193077	青華こばやし	東京都	飲食店	日本料理	曙橋駅	https://tabelog.com/tokyo/A1309/A130903/13193077/	https://award.tabelog.com/2021/restaurants/bronze	The Tabelog Award / 百名店 2021 公式名簿候補
13237978	13237978	静龍苑	東京都	飲食店	焼肉・すき焼き・しゃぶしゃぶ	清澄白河駅	https://tabelog.com/tokyo/A1313/A131303/13237978/	https://award.tabelog.com/2021/restaurants/bronze	The Tabelog Award / 百名店 2021 公式名簿候補
27077650	27077650	是しん	大阪府	飲食店	日本料理	大江橋駅	https://tabelog.com/osaka/A2701/A270101/27077650/	https://award.tabelog.com/2021/restaurants/bronze	The Tabelog Award / 百名店 2021 公式名簿候補
26030495	26030495	杦	京都府	飲食店	日本料理	五条（京都市営）駅	https://tabelog.com/kyoto/A2601/A260201/26030495/	https://award.tabelog.com/2021/restaurants/bronze	The Tabelog Award / 百名店 2021 公式名簿候補
40030782	40030782	千翠	福岡県	飲食店	日本料理	薬院大通駅	https://tabelog.com/fukuoka/A4001/A400104/40030782/	https://award.tabelog.com/2021/restaurants/bronze	The Tabelog Award / 百名店 2021 公式名簿候補
20000415	20000415	蕎麦 ふじおか	長野県	飲食店	そば	長野市	https://tabelog.com/nagano/A2001/A200101/20000415/	https://award.tabelog.com/2021/restaurants/bronze	The Tabelog Award / 百名店 2021 公式名簿候補
26000493	26000493	大市	京都府	飲食店	魚介料理・海鮮料理		https://tabelog.com/kyoto/A2601/A260203/26000493/	https://award.tabelog.com/2021/restaurants/bronze	The Tabelog Award / 百名店 2021 公式名簿候補
40036894	40036894	大どころ	福岡県	飲食店	日本料理	薬院大通駅	https://tabelog.com/fukuoka/A4001/A400104/40036894/	https://award.tabelog.com/2021/restaurants/bronze	The Tabelog Award / 百名店 2021 公式名簿候補
13231297	13231297	高柿の鮨	東京都	飲食店	寿司	水天宮前駅	https://tabelog.com/tokyo/A1302/A130204/13231297/	https://award.tabelog.com/2021/restaurants/bronze	The Tabelog Award / 百名店 2021 公式名簿候補
21000267	21000267	たか田八祥	岐阜県	飲食店	日本料理	岐阜市	https://tabelog.com/gifu/A2101/A210101/21000267/	https://award.tabelog.com/2021/restaurants/bronze	The Tabelog Award / 百名店 2021 公式名簿候補
26024689	26024689	高松	京都府	飲食店	日本料理	四条（京都市営）駅	https://tabelog.com/kyoto/A2601/A260201/26024689/	https://award.tabelog.com/2021/restaurants/bronze	The Tabelog Award / 百名店 2021 公式名簿候補
13155925	13155925	匠 進吾	東京都	飲食店	寿司	青山一丁目駅	https://tabelog.com/tokyo/A1306/A130603/13155925/	https://award.tabelog.com/2021/restaurants/bronze	The Tabelog Award / 百名店 2021 公式名簿候補
34002931	34002931	たこつぼ	広島県	飲食店	日本料理		https://tabelog.com/hiroshima/A3401/A340108/34002931/	https://award.tabelog.com/2021/restaurants/bronze	The Tabelog Award / 百名店 2021 公式名簿候補
27041365	27041365	夕凪橋 多古安	大阪府	飲食店	魚介料理・海鮮料理		https://tabelog.com/osaka/A2701/A270402/27041365/	https://award.tabelog.com/2021/restaurants/bronze	The Tabelog Award / 百名店 2021 公式名簿候補
1000077	1000077	田ざわ	北海道	飲食店	天ぷら		https://tabelog.com/hokkaido/A0105/A010501/1000077/	https://award.tabelog.com/2021/restaurants/bronze	The Tabelog Award / 百名店 2021 公式名簿候補
23003045	23003045	田代	愛知県	飲食店	うなぎ		https://tabelog.com/aichi/A2303/A230302/23003045/	https://award.tabelog.com/2021/restaurants/bronze	The Tabelog Award / 百名店 2021 公式名簿候補
35000017	35000017	田中旅館	山口県	飲食店	魚介料理・海鮮料理		https://tabelog.com/yamaguchi/A3506/A350602/35000017/	https://award.tabelog.com/2021/restaurants/bronze	The Tabelog Award / 百名店 2021 公式名簿候補
13207060	13207060	多仁本	東京都	飲食店	日本料理	四谷三丁目駅	https://tabelog.com/tokyo/A1309/A130903/13207060/	https://award.tabelog.com/2021/restaurants/bronze	The Tabelog Award / 百名店 2021 公式名簿候補
17000118	17000118	太平寿し	石川県	飲食店	寿司	野々市市	https://tabelog.com/ishikawa/A1702/A170203/17000118/	https://award.tabelog.com/2021/restaurants/bronze	The Tabelog Award / 百名店 2021 公式名簿候補
13129390	13129390	玉笑	東京都	飲食店	そば	明治神宮前駅	https://tabelog.com/tokyo/A1306/A130601/13129390/	https://award.tabelog.com/2021/restaurants/bronze	The Tabelog Award / 百名店 2021 公式名簿候補
45003573	45003573	チェルカ トローヴァ	宮崎県	飲食店	イタリアン	延岡市	https://tabelog.com/miyazaki/A4505/A450501/45003573/	https://award.tabelog.com/2021/restaurants/bronze	The Tabelog Award / 百名店 2021 公式名簿候補
26024914	26024914	cenci	京都府	飲食店	イタリアン	神宮丸太町駅	https://tabelog.com/kyoto/A2601/A260302/26024914/	https://award.tabelog.com/2021/restaurants/bronze	The Tabelog Award / 百名店 2021 公式名簿候補
34023887	34023887	馳走 啐啄一十	広島県	飲食店	日本料理	中電前駅	https://tabelog.com/hiroshima/A3401/A340117/34023887/	https://award.tabelog.com/2021/restaurants/bronze	The Tabelog Award / 百名店 2021 公式名簿候補
4001636	4001636	千松しま	宮城県	飲食店	日本料理	塩竈市	https://tabelog.com/miyagi/A0404/A040404/4001636/	https://award.tabelog.com/2021/restaurants/bronze	The Tabelog Award / 百名店 2021 公式名簿候補
13162681	13162681	中華そば しば田	東京都	ラーメン店	ラーメン	仙川駅	https://tabelog.com/tokyo/A1326/A132601/13162681/	https://award.tabelog.com/2021/restaurants/bronze	The Tabelog Award / 百名店 2021 公式名簿候補
12000422	12000422	中華蕎麦 とみ田	千葉県	ラーメン店	ラーメン	松戸駅	https://tabelog.com/chiba/A1203/A120302/12000422/	https://award.tabelog.com/2021/restaurants/bronze	The Tabelog Award / 百名店 2021 公式名簿候補
13199649	13199649	中華たかせ	東京都	飲食店	中華料理	新橋駅	https://tabelog.com/tokyo/A1301/A130101/13199649/	https://award.tabelog.com/2021/restaurants/bronze	The Tabelog Award / 百名店 2021 公式名簿候補
27082740	27082740	中國菜 月泉	大阪府	飲食店	中華料理	なにわ橋駅	https://tabelog.com/osaka/A2701/A270103/27082740/	https://award.tabelog.com/2021/restaurants/bronze	The Tabelog Award / 百名店 2021 公式名簿候補
28044015	28044015	中国菜 二位	兵庫県	飲食店	中華料理	元町（阪神）駅	https://tabelog.com/hyogo/A2801/A280102/28044015/	https://award.tabelog.com/2021/restaurants/bronze	The Tabelog Award / 百名店 2021 公式名簿候補
13172920	13172920	趙楊	東京都	飲食店	中華料理	新橋駅	https://tabelog.com/tokyo/A1301/A130103/13172920/	https://award.tabelog.com/2021/restaurants/bronze	The Tabelog Award / 百名店 2021 公式名簿候補
13121317	13121317	TSU・SHI・MI	東京都	飲食店	フレンチ		https://tabelog.com/tokyo/A1318/A131801/13121317/	https://award.tabelog.com/2021/restaurants/bronze	The Tabelog Award / 百名店 2021 公式名簿候補
13061606	13061606	土家	東京都	飲食店	そば	東村山駅	https://tabelog.com/tokyo/A1328/A132806/13061606/	https://award.tabelog.com/2021/restaurants/bronze	The Tabelog Award / 百名店 2021 公式名簿候補
13215713	13215713	手打式超多加水麺 ののくら	東京都	ラーメン店	ラーメン	亀有駅	https://tabelog.com/tokyo/A1324/A132403/13215713/	https://award.tabelog.com/2021/restaurants/bronze	The Tabelog Award / 百名店 2021 公式名簿候補
13232958	13232958	TexturA	東京都	飲食店	スペイン料理		https://tabelog.com/tokyo/A1301/A130102/13232958/	https://award.tabelog.com/2021/restaurants/bronze	The Tabelog Award / 百名店 2021 公式名簿候補
27011240	27011240	手造りうどん 楽々	大阪府	飲食店	うどん		https://tabelog.com/osaka/A2707/A270704/27011240/	https://award.tabelog.com/2021/restaurants/bronze	The Tabelog Award / 百名店 2021 公式名簿候補
40001637	40001637	照寿司	福岡県	飲食店	寿司	北九州市戸畑区	https://tabelog.com/fukuoka/A4004/A400402/40001637/	https://award.tabelog.com/2021/restaurants/bronze	The Tabelog Award / 百名店 2021 公式名簿候補
27076702	27076702	天神橋 青木	大阪府	飲食店	日本料理	天神橋筋六丁目駅	https://tabelog.com/osaka/A2701/A270103/27076702/	https://award.tabelog.com/2021/restaurants/bronze	The Tabelog Award / 百名店 2021 公式名簿候補
1048079	1048079	天ぷら あら木	北海道	飲食店	天ぷら		https://tabelog.com/hokkaido/A0101/A010103/1048079/	https://award.tabelog.com/2021/restaurants/bronze	The Tabelog Award / 百名店 2021 公式名簿候補
40013636	40013636	天ぷら たけうち	福岡県	飲食店	天ぷら		https://tabelog.com/fukuoka/A4003/A400301/40013636/	https://award.tabelog.com/2021/restaurants/bronze	The Tabelog Award / 百名店 2021 公式名簿候補
13004105	13004105	てんぷら 深町	東京都	飲食店	天ぷら		https://tabelog.com/tokyo/A1302/A130202/13004105/	https://award.tabelog.com/2021/restaurants/bronze	The Tabelog Award / 百名店 2021 公式名簿候補
26006057	26006057	天ぷら 京星	京都府	飲食店	天ぷら		https://tabelog.com/kyoto/A2601/A260301/26006057/	https://award.tabelog.com/2021/restaurants/bronze	The Tabelog Award / 百名店 2021 公式名簿候補
13171952	13171952	天ぷら 蕎楽亭	東京都	飲食店	天ぷら		https://tabelog.com/tokyo/A1309/A130903/13171952/	https://award.tabelog.com/2021/restaurants/bronze	The Tabelog Award / 百名店 2021 公式名簿候補
26001461	26001461	天ぷら 松	京都府	飲食店	天ぷら		https://tabelog.com/kyoto/A2601/A260403/26001461/	https://award.tabelog.com/2021/restaurants/bronze	The Tabelog Award / 百名店 2021 公式名簿候補
13035758	13035758	天ぷら 元吉	東京都	飲食店	天ぷら		https://tabelog.com/tokyo/A1306/A130603/13035758/	https://award.tabelog.com/2021/restaurants/bronze	The Tabelog Award / 百名店 2021 公式名簿候補
40042997	40042997	TTOAHISU	福岡県	飲食店	フレンチ	大濠公園駅	https://tabelog.com/fukuoka/A4001/A400105/40042997/	https://award.tabelog.com/2021/restaurants/bronze	The Tabelog Award / 百名店 2021 公式名簿候補
13000288	13000288	トゥールダルジャン 東京	東京都	飲食店	フレンチ	永田町駅	https://tabelog.com/tokyo/A1308/A130803/13000288/	https://award.tabelog.com/2021/restaurants/bronze	The Tabelog Award / 百名店 2021 公式名簿候補
13153417	13153417	東京チャイニーズ 一凛	東京都	飲食店	中華料理	新富町駅	https://tabelog.com/tokyo/A1313/A131301/13153417/	https://award.tabelog.com/2021/restaurants/bronze	The Tabelog Award / 百名店 2021 公式名簿候補
13196268	13196268	東京肉しゃぶ家	東京都	飲食店	焼肉・すき焼き・しゃぶしゃぶ		https://tabelog.com/tokyo/A1304/A130401/13196268/	https://award.tabelog.com/2021/restaurants/bronze	The Tabelog Award / 百名店 2021 公式名簿候補
23002852	23002852	得仙	愛知県	飲食店	日本料理	国際センター駅	https://tabelog.com/aichi/A2301/A230101/23002852/	https://award.tabelog.com/2021/restaurants/bronze	The Tabelog Award / 百名店 2021 公式名簿候補
13002088	13002088	とく山	東京都	飲食店	日本料理	広尾駅	https://tabelog.com/tokyo/A1307/A130703/13002088/	https://award.tabelog.com/2021/restaurants/bronze	The Tabelog Award / 百名店 2021 公式名簿候補
27075332	27075332	トムクリオーザ	大阪府	飲食店	イタリアン	大江橋駅	https://tabelog.com/osaka/A2701/A270101/27075332/	https://award.tabelog.com/2021/restaurants/bronze	The Tabelog Award / 百名店 2021 公式名簿候補
13005027	13005027	と村	東京都	飲食店	日本料理	虎ノ門駅	https://tabelog.com/tokyo/A1308/A130802/13005027/	https://award.tabelog.com/2021/restaurants/bronze	The Tabelog Award / 百名店 2021 公式名簿候補
28008517	28008517	鶏一途	兵庫県	飲食店	焼き鳥・鳥料理	住吉（ＪＲ・六甲ライナー）駅	https://tabelog.com/hyogo/A2801/A280106/28008517/	https://award.tabelog.com/2021/restaurants/bronze	The Tabelog Award / 百名店 2021 公式名簿候補
13026017	13026017	とり喜	東京都	飲食店	焼き鳥・鳥料理	錦糸町駅	https://tabelog.com/tokyo/A1312/A131201/13026017/	https://award.tabelog.com/2021/restaurants/bronze	The Tabelog Award / 百名店 2021 公式名簿候補
13135959	13135959	鳥さわ	東京都	飲食店	焼き鳥・鳥料理	亀戸駅	https://tabelog.com/tokyo/A1312/A131202/13135959/	https://award.tabelog.com/2021/restaurants/bronze	The Tabelog Award / 百名店 2021 公式名簿候補
13222625	13222625	鳥さわ22	東京都	飲食店	焼き鳥・鳥料理	広尾駅	https://tabelog.com/tokyo/A1307/A130703/13222625/	https://award.tabelog.com/2021/restaurants/bronze	The Tabelog Award / 百名店 2021 公式名簿候補
13001067	13001067	鳥茂	東京都	飲食店	居酒屋		https://tabelog.com/tokyo/A1304/A130401/13001067/	https://award.tabelog.com/2021/restaurants/bronze	The Tabelog Award / 百名店 2021 公式名簿候補
27117938	27117938	鳥匠 いし井	大阪府	飲食店	焼き鳥・鳥料理	なにわ橋駅	https://tabelog.com/osaka/A2701/A270103/27117938/	https://award.tabelog.com/2021/restaurants/bronze	The Tabelog Award / 百名店 2021 公式名簿候補
13208669	13208669	鳥田中	東京都	飲食店	焼き鳥・鳥料理	鐘ケ淵駅	https://tabelog.com/tokyo/A1312/A131203/13208669/	https://award.tabelog.com/2021/restaurants/bronze	The Tabelog Award / 百名店 2021 公式名簿候補
13058892	13058892	鳥長	東京都	飲食店	焼き鳥・鳥料理	練馬駅	https://tabelog.com/tokyo/A1321/A132102/13058892/	https://award.tabelog.com/2021/restaurants/bronze	The Tabelog Award / 百名店 2021 公式名簿候補
13130978	13130978	トロワフレーシュ	東京都	飲食店	ステーキ・鉄板焼き		https://tabelog.com/tokyo/A1301/A130103/13130978/	https://award.tabelog.com/2021/restaurants/bronze	The Tabelog Award / 百名店 2021 公式名簿候補
13236380	13236380	とんかつ 成蔵	東京都	飲食店	とんかつ・揚げ物	南阿佐ケ谷駅	https://tabelog.com/tokyo/A1319/A131905/13236380/	https://award.tabelog.com/2021/restaurants/bronze	The Tabelog Award / 百名店 2021 公式名簿候補
13144681	13144681	ドンブラボー	東京都	飲食店	イタリアン	国領駅	https://tabelog.com/tokyo/A1326/A132601/13144681/	https://award.tabelog.com/2021/restaurants/bronze	The Tabelog Award / 百名店 2021 公式名簿候補
21000060	21000060	仲佐	岐阜県	飲食店	そば	下呂市	https://tabelog.com/gifu/A2104/A210403/21000060/	https://award.tabelog.com/2021/restaurants/bronze	The Tabelog Award / 百名店 2021 公式名簿候補
14065294	14065294	なか條	神奈川県	飲食店	寿司	関内駅	https://tabelog.com/kanagawa/A1401/A140104/14065294/	https://award.tabelog.com/2021/restaurants/bronze	The Tabelog Award / 百名店 2021 公式名簿候補
26003637	26003637	なかむら	京都府	飲食店	日本料理	京都市役所前駅	https://tabelog.com/kyoto/A2601/A260202/26003637/	https://award.tabelog.com/2021/restaurants/bronze	The Tabelog Award / 百名店 2021 公式名簿候補
13194700	13194700	ナベノ-イズム	東京都	飲食店	フレンチ	浅草（東武・都営・メトロ）駅	https://tabelog.com/tokyo/A1311/A131102/13194700/	https://award.tabelog.com/2021/restaurants/bronze	The Tabelog Award / 百名店 2021 公式名簿候補
27052134	27052134	生ホルモン処 おさむちゃん。	大阪府	飲食店	焼肉・すき焼き・しゃぶしゃぶ	津久野駅	https://tabelog.com/osaka/A2705/A270501/27052134/	https://award.tabelog.com/2021/restaurants/bronze	The Tabelog Award / 百名店 2021 公式名簿候補
29010206	29010206	奈良 而今	奈良県	飲食店	日本料理	奈良市	https://tabelog.com/nara/A2901/A290101/29010206/	https://award.tabelog.com/2021/restaurants/bronze	The Tabelog Award / 百名店 2021 公式名簿候補
26024247	26024247	なる屋	京都府	飲食店	日本料理	烏丸駅	https://tabelog.com/kyoto/A2601/A260201/26024247/	https://award.tabelog.com/2021/restaurants/bronze	The Tabelog Award / 百名店 2021 公式名簿候補
13209614	13209614	肉割烹 上	東京都	飲食店	日本料理		https://tabelog.com/tokyo/A1307/A130701/13209614/	https://award.tabelog.com/2021/restaurants/bronze	The Tabelog Award / 百名店 2021 公式名簿候補
26027316	26027316	二条城ふる田	京都府	飲食店	日本料理	二条城前駅	https://tabelog.com/kyoto/A2601/A260203/26027316/	https://award.tabelog.com/2021/restaurants/bronze	The Tabelog Award / 百名店 2021 公式名簿候補
13201969	13201969	日本橋 蕎ノ字	東京都	飲食店	天ぷら		https://tabelog.com/tokyo/A1302/A130204/13201969/	https://award.tabelog.com/2021/restaurants/bronze	The Tabelog Award / 百名店 2021 公式名簿候補
26004751	26004751	日本料理 とくを	京都府	飲食店	日本料理	京都河原町駅	https://tabelog.com/kyoto/A2601/A260201/26004751/	https://award.tabelog.com/2021/restaurants/bronze	The Tabelog Award / 百名店 2021 公式名簿候補
13160021	13160021	日本料理 太月	東京都	飲食店	日本料理	表参道駅	https://tabelog.com/tokyo/A1306/A130602/13160021/	https://award.tabelog.com/2021/restaurants/bronze	The Tabelog Award / 百名店 2021 公式名簿候補
40019957	40019957	日本料理 TOBIUME	福岡県	飲食店	日本料理	北九州市八幡西区	https://tabelog.com/fukuoka/A4004/A400404/40019957/	https://award.tabelog.com/2021/restaurants/bronze	The Tabelog Award / 百名店 2021 公式名簿候補
7008647	7008647	Hagiフランス料理店	福島県	飲食店	フレンチ	いわき市	https://tabelog.com/fukushima/A0704/A070401/7008647/	https://award.tabelog.com/2021/restaurants/bronze	The Tabelog Award / 百名店 2021 公式名簿候補
13217157	13217157	はっこく	東京都	飲食店	寿司	銀座駅	https://tabelog.com/tokyo/A1301/A130101/13217157/	https://award.tabelog.com/2021/restaurants/bronze	The Tabelog Award / 百名店 2021 公式名簿候補
26002259	26002259	八寸	京都府	飲食店	日本料理	祇園四条駅	https://tabelog.com/kyoto/A2601/A260301/26002259/	https://award.tabelog.com/2021/restaurants/bronze	The Tabelog Award / 百名店 2021 公式名簿候補
13137010	13137010	パティスリー リョーコ	東京都	飲食店	スイーツ		https://tabelog.com/tokyo/A1316/A131603/13137010/	https://award.tabelog.com/2021/restaurants/bronze	The Tabelog Award / 百名店 2021 公式名簿候補
13005198	13005198	pâtisserie Paris S'éveille	東京都	飲食店	スイーツ		https://tabelog.com/tokyo/A1317/A131703/13005198/	https://award.tabelog.com/2021/restaurants/bronze	The Tabelog Award / 百名店 2021 公式名簿候補
13151542	13151542	はらまさ	東京都	飲食店	日本料理	四谷三丁目駅	https://tabelog.com/tokyo/A1309/A130903/13151542/	https://award.tabelog.com/2021/restaurants/bronze	The Tabelog Award / 百名店 2021 公式名簿候補
26031203	26031203	東山 吉寿	京都府	飲食店	日本料理	七条駅	https://tabelog.com/kyoto/A2601/A260301/26031203/	https://award.tabelog.com/2021/restaurants/bronze	The Tabelog Award / 百名店 2021 公式名簿候補
13001215	13001215	樋口	東京都	飲食店	日本料理	明治神宮前駅	https://tabelog.com/tokyo/A1306/A130601/13001215/	https://award.tabelog.com/2021/restaurants/bronze	The Tabelog Award / 百名店 2021 公式名簿候補
23042388	23042388	ビストロ ダイア	愛知県	飲食店	フレンチ	新栄町駅	https://tabelog.com/aichi/A2301/A230104/23042388/	https://award.tabelog.com/2021/restaurants/bronze	The Tabelog Award / 百名店 2021 公式名簿候補
13202705	13202705	羊SUNRISE	東京都	飲食店	焼肉・すき焼き・しゃぶしゃぶ		https://tabelog.com/tokyo/A1307/A130702/13202705/	https://award.tabelog.com/2021/restaurants/bronze	The Tabelog Award / 百名店 2021 公式名簿候補
24000026	24000026	日の出	三重県	飲食店	魚介料理・海鮮料理	桑名市	https://tabelog.com/mie/A2402/A240203/24000026/	https://award.tabelog.com/2021/restaurants/bronze	The Tabelog Award / 百名店 2021 公式名簿候補
26001012	26001012	瓢亭 本店	京都府	飲食店	日本料理	蹴上駅	https://tabelog.com/kyoto/A2601/A260301/26001012/	https://award.tabelog.com/2021/restaurants/bronze	The Tabelog Award / 百名店 2021 公式名簿候補
23059055	23059055	ヒロ ナゴヤ	愛知県	飲食店	焼肉・すき焼き・しゃぶしゃぶ	浅間町駅	https://tabelog.com/aichi/A2301/A230109/23059055/	https://award.tabelog.com/2021/restaurants/bronze	The Tabelog Award / 百名店 2021 公式名簿候補
13015266	13015266	ひろ作	東京都	飲食店	日本料理	新橋駅	https://tabelog.com/tokyo/A1301/A130103/13015266/	https://award.tabelog.com/2021/restaurants/bronze	The Tabelog Award / 百名店 2021 公式名簿候補
13004009	13004009	ふぐ 福治	東京都	飲食店	魚介料理・海鮮料理		https://tabelog.com/tokyo/A1301/A130101/13004009/	https://award.tabelog.com/2021/restaurants/bronze	The Tabelog Award / 百名店 2021 公式名簿候補
13003708	13003708	ふぐ 牧野	東京都	飲食店	魚介料理・海鮮料理		https://tabelog.com/tokyo/A1311/A131101/13003708/	https://award.tabelog.com/2021/restaurants/bronze	The Tabelog Award / 百名店 2021 公式名簿候補
23000380	23000380	フランス料理 壺中天	愛知県	飲食店	フレンチ	新栄町駅	https://tabelog.com/aichi/A2301/A230104/23000380/	https://award.tabelog.com/2021/restaurants/bronze	The Tabelog Award / 百名店 2021 公式名簿候補
14057938	14057938	佛蘭西料理 名古屋	神奈川県	飲食店	フレンチ	鵠沼海岸駅	https://tabelog.com/kanagawa/A1404/A140404/14057938/	https://award.tabelog.com/2021/restaurants/bronze	The Tabelog Award / 百名店 2021 公式名簿候補
13123890	13123890	プリズマ	東京都	飲食店	イタリアン	表参道駅	https://tabelog.com/tokyo/A1306/A130602/13123890/	https://award.tabelog.com/2021/restaurants/bronze	The Tabelog Award / 百名店 2021 公式名簿候補
20014528	20014528	ブレストンコート ユカワタン	長野県	飲食店	フレンチ	北佐久郡軽井沢町	https://tabelog.com/nagano/A2003/A200301/20014528/	https://award.tabelog.com/2021/restaurants/bronze	The Tabelog Award / 百名店 2021 公式名簿候補
13236720	13236720	broc 長谷川稔Lab	東京都	飲食店	フレンチ	白金台駅	https://tabelog.com/tokyo/A1316/A131602/13236720/	https://award.tabelog.com/2021/restaurants/bronze	The Tabelog Award / 百名店 2021 公式名簿候補
13093814	13093814	フロリレージュ	東京都	飲食店	イノベーティブ・フュージョン	外苑前駅	https://tabelog.com/tokyo/A1306/A130601/13093814/	https://award.tabelog.com/2021/restaurants/bronze	The Tabelog Award / 百名店 2021 公式名簿候補
13204358	13204358	ボッテガ	東京都	飲食店	イタリアン	広尾駅	https://tabelog.com/tokyo/A1307/A130703/13204358/	https://award.tabelog.com/2021/restaurants/bronze	The Tabelog Award / 百名店 2021 公式名簿候補
26020923	26020923	前田	京都府	飲食店	日本料理	祇園四条駅	https://tabelog.com/kyoto/A2601/A260301/26020923/	https://award.tabelog.com/2021/restaurants/bronze	The Tabelog Award / 百名店 2021 公式名簿候補
13054526	13054526	MASA’S KITCHEN 恵比寿	東京都	飲食店	中華料理	恵比寿駅	https://tabelog.com/tokyo/A1303/A130302/13054526/	https://award.tabelog.com/2021/restaurants/bronze	The Tabelog Award / 百名店 2021 公式名簿候補
13001707	13001707	マダム・トキ	東京都	飲食店	フレンチ	代官山駅	https://tabelog.com/tokyo/A1303/A130303/13001707/	https://award.tabelog.com/2021/restaurants/bronze	The Tabelog Award / 百名店 2021 公式名簿候補
27055493	27055493	松弥	大阪府	飲食店	日本料理	なにわ橋駅	https://tabelog.com/osaka/A2701/A270103/27055493/	https://award.tabelog.com/2021/restaurants/bronze	The Tabelog Award / 百名店 2021 公式名簿候補
13158579	13158579	まる富	東京都	飲食店	日本料理	曙橋駅	https://tabelog.com/tokyo/A1309/A130903/13158579/	https://award.tabelog.com/2021/restaurants/bronze	The Tabelog Award / 百名店 2021 公式名簿候補
13090866	13090866	みかわ 是山居	東京都	飲食店	天ぷら		https://tabelog.com/tokyo/A1313/A131303/13090866/	https://award.tabelog.com/2021/restaurants/bronze	The Tabelog Award / 百名店 2021 公式名簿候補
13200559	13200559	南青山 七鳥目	東京都	飲食店	焼き鳥・鳥料理	広尾駅	https://tabelog.com/tokyo/A1307/A130703/13200559/	https://award.tabelog.com/2021/restaurants/bronze	The Tabelog Award / 百名店 2021 公式名簿候補
13197047	13197047	ミモザ	東京都	飲食店	中華料理	表参道駅	https://tabelog.com/tokyo/A1306/A130602/13197047/	https://award.tabelog.com/2021/restaurants/bronze	The Tabelog Award / 百名店 2021 公式名簿候補
26001066	26001066	美山荘	京都府	飲食店	日本料理	京都市左京区	https://tabelog.com/kyoto/A2601/A260504/26001066/	https://award.tabelog.com/2021/restaurants/bronze	The Tabelog Award / 百名店 2021 公式名簿候補
26000621	26000621	室町 和久傳	京都府	飲食店	日本料理	烏丸御池駅	https://tabelog.com/kyoto/A2601/A260202/26000621/	https://award.tabelog.com/2021/restaurants/bronze	The Tabelog Award / 百名店 2021 公式名簿候補
23062130	23062130	明道町中国菜 一星	愛知県	飲食店	中華料理	丸の内駅	https://tabelog.com/aichi/A2301/A230102/23062130/	https://award.tabelog.com/2021/restaurants/bronze	The Tabelog Award / 百名店 2021 公式名簿候補
40023784	40023784	メゾン　ラフィット	福岡県	飲食店	フレンチ	那珂川市	https://tabelog.com/fukuoka/A4003/A400301/40023784/	https://award.tabelog.com/2021/restaurants/bronze	The Tabelog Award / 百名店 2021 公式名簿候補
13002871	13002871	メゾン・ド・ユーロン	東京都	飲食店	中華料理	赤坂駅	https://tabelog.com/tokyo/A1308/A130801/13002871/	https://award.tabelog.com/2021/restaurants/bronze	The Tabelog Award / 百名店 2021 公式名簿候補
13182327	13182327	麺庵ちとせ	東京都	ラーメン店	ラーメン		https://tabelog.com/tokyo/A1305/A130504/13182327/	https://award.tabelog.com/2021/restaurants/bronze	The Tabelog Award / 百名店 2021 公式名簿候補
13178309	13178309	麺尊 RAGE	東京都	ラーメン店	ラーメン	西荻窪駅	https://tabelog.com/tokyo/A1319/A131907/13178309/	https://award.tabelog.com/2021/restaurants/bronze	The Tabelog Award / 百名店 2021 公式名簿候補
13221001	13221001	メンドコロ Kinari	東京都	ラーメン店	ラーメン	東中野駅	https://tabelog.com/tokyo/A1319/A131901/13221001/	https://award.tabelog.com/2021/restaurants/bronze	The Tabelog Award / 百名店 2021 公式名簿候補
26019431	26019431	モトイ	京都府	飲食店	フレンチ	京都市役所前駅	https://tabelog.com/kyoto/A2601/A260202/26019431/	https://award.tabelog.com/2021/restaurants/bronze	The Tabelog Award / 百名店 2021 公式名簿候補
27017665	27017665	もめん	大阪府	飲食店	日本料理	心斎橋駅	https://tabelog.com/osaka/A2701/A270201/27017665/	https://award.tabelog.com/2021/restaurants/bronze	The Tabelog Award / 百名店 2021 公式名簿候補
13002772	13002772	もりかわ	東京都	飲食店	日本料理	港区	https://tabelog.com/tokyo/A1308/A130801/13002772/	https://award.tabelog.com/2021/restaurants/bronze	The Tabelog Award / 百名店 2021 公式名簿候補
40001934	40001934	焼き鳥 とりら	福岡県	飲食店	焼き鳥・鳥料理	西鉄平尾駅	https://tabelog.com/fukuoka/A4001/A400104/40001934/	https://award.tabelog.com/2021/restaurants/bronze	The Tabelog Award / 百名店 2021 公式名簿候補
27013209	27013209	焼鳥 市松	大阪府	飲食店	焼き鳥・鳥料理	北新地駅	https://tabelog.com/osaka/A2701/A270101/27013209/	https://award.tabelog.com/2021/restaurants/bronze	The Tabelog Award / 百名店 2021 公式名簿候補
13206654	13206654	焼鳥　おみ乃	東京都	飲食店	焼き鳥・鳥料理	押上駅	https://tabelog.com/tokyo/A1312/A131203/13206654/	https://award.tabelog.com/2021/restaurants/bronze	The Tabelog Award / 百名店 2021 公式名簿候補
13221220	13221220	焼肉 いぶさな	東京都	飲食店	焼肉・すき焼き・しゃぶしゃぶ	参宮橋駅	https://tabelog.com/tokyo/A1318/A131810/13221220/	https://award.tabelog.com/2021/restaurants/bronze	The Tabelog Award / 百名店 2021 公式名簿候補
13167325	13167325	焼肉 うしごろ 銀座店	東京都	飲食店	焼肉・すき焼き・しゃぶしゃぶ		https://tabelog.com/tokyo/A1301/A130101/13167325/	https://award.tabelog.com/2021/restaurants/bronze	The Tabelog Award / 百名店 2021 公式名簿候補
13110601	13110601	焼肉 ジャンボ 本郷店	東京都	飲食店	焼肉・すき焼き・しゃぶしゃぶ	本郷三丁目駅	https://tabelog.com/tokyo/A1310/A131004/13110601/	https://award.tabelog.com/2021/restaurants/bronze	The Tabelog Award / 百名店 2021 公式名簿候補
27001079	27001079	弥助	大阪府	飲食店	寿司	宿院駅	https://tabelog.com/osaka/A2705/A270501/27001079/	https://award.tabelog.com/2021/restaurants/bronze	The Tabelog Award / 百名店 2021 公式名簿候補
23060455	23060455	柳家錦	愛知県	飲食店	日本料理	栄（名古屋）駅	https://tabelog.com/aichi/A2301/A230103/23060455/	https://award.tabelog.com/2021/restaurants/bronze	The Tabelog Award / 百名店 2021 公式名簿候補
22000036	22000036	薮蕎麦 宮本	静岡県	飲食店	そば	島田市	https://tabelog.com/shizuoka/A2203/A220302/22000036/	https://award.tabelog.com/2021/restaurants/bronze	The Tabelog Award / 百名店 2021 公式名簿候補
44000241	44000241	山田屋	大分県	飲食店	魚介料理・海鮮料理		https://tabelog.com/oita/A4401/A440104/44000241/	https://award.tabelog.com/2021/restaurants/bronze	The Tabelog Award / 百名店 2021 公式名簿候補
23001482	23001482	山猫軒	愛知県	飲食店	創作料理		https://tabelog.com/aichi/A2301/A230102/23001482/	https://award.tabelog.com/2021/restaurants/bronze	The Tabelog Award / 百名店 2021 公式名簿候補
1057186	1057186	余市SAGRA	北海道	飲食店	イタリアン	余市郡余市町	https://tabelog.com/hokkaido/A0106/A010602/1057186/	https://award.tabelog.com/2021/restaurants/bronze	The Tabelog Award / 百名店 2021 公式名簿候補
13229559	13229559	4000 Chinese Restaurant	東京都	飲食店	中華料理	広尾駅	https://tabelog.com/tokyo/A1307/A130703/13229559/	https://award.tabelog.com/2021/restaurants/bronze	The Tabelog Award / 百名店 2021 公式名簿候補
23040370	23040370	ラ・ヴァガボンド	愛知県	飲食店	フレンチ	鶴舞駅	https://tabelog.com/aichi/A2301/A230105/23040370/	https://award.tabelog.com/2021/restaurants/bronze	The Tabelog Award / 百名店 2021 公式名簿候補
13002111	13002111	ラ・ブランシュ	東京都	飲食店	フレンチ	表参道駅	https://tabelog.com/tokyo/A1303/A130301/13002111/	https://award.tabelog.com/2021/restaurants/bronze	The Tabelog Award / 百名店 2021 公式名簿候補
27000702	27000702	ラ・ベ	大阪府	飲食店	フレンチ	西梅田駅	https://tabelog.com/osaka/A2701/A270101/27000702/	https://award.tabelog.com/2021/restaurants/bronze	The Tabelog Award / 百名店 2021 公式名簿候補
13166325	13166325	ラ・ボンヌターブル	東京都	飲食店	フレンチ	三越前駅	https://tabelog.com/tokyo/A1302/A130202/13166325/	https://award.tabelog.com/2021/restaurants/bronze	The Tabelog Award / 百名店 2021 公式名簿候補
24000053	24000053	ラ・メール ザ クラシック	三重県	飲食店	フレンチ	志摩市	https://tabelog.com/mie/A2403/A240303/24000053/	https://award.tabelog.com/2021/restaurants/bronze	The Tabelog Award / 百名店 2021 公式名簿候補
14038776	14038776	らぁ麺 飯田商店	神奈川県	ラーメン店	ラーメン	湯河原駅	https://tabelog.com/kanagawa/A1410/A141002/14038776/	https://award.tabelog.com/2021/restaurants/bronze	The Tabelog Award / 百名店 2021 公式名簿候補
13194179	13194179	ラ クレリエール	東京都	飲食店	フレンチ	白金高輪駅	https://tabelog.com/tokyo/A1316/A131602/13194179/	https://award.tabelog.com/2021/restaurants/bronze	The Tabelog Award / 百名店 2021 公式名簿候補
13050412	13050412	ラトリエ ドゥ プレジール	東京都	飲食店	スイーツ		https://tabelog.com/tokyo/A1318/A131814/13050412/	https://award.tabelog.com/2021/restaurants/bronze	The Tabelog Award / 百名店 2021 公式名簿候補
13120467	13120467	ラパルタメント ディ ナオキ	東京都	飲食店	イタリアン	麻布十番駅	https://tabelog.com/tokyo/A1307/A130702/13120467/	https://award.tabelog.com/2021/restaurants/bronze	The Tabelog Award / 百名店 2021 公式名簿候補
13194346	13194346	la Brianza	東京都	飲食店	イタリアン	六本木駅	https://tabelog.com/tokyo/A1307/A130701/13194346/	https://award.tabelog.com/2021/restaurants/bronze	The Tabelog Award / 百名店 2021 公式名簿候補
13173559	13173559	ラ ペ	東京都	飲食店	フレンチ	三越前駅	https://tabelog.com/tokyo/A1302/A130202/13173559/	https://award.tabelog.com/2021/restaurants/bronze	The Tabelog Award / 百名店 2021 公式名簿候補
7000278	7000278	らん亭～ 美日庵	福島県	飲食店	日本料理	郡山市	https://tabelog.com/fukushima/A0702/A070201/7000278/	https://award.tabelog.com/2021/restaurants/bronze	The Tabelog Award / 百名店 2021 公式名簿候補
45000889	45000889	らんぷ亭	宮崎県	飲食店	フレンチ		https://tabelog.com/miyazaki/A4501/A450101/45000889/	https://award.tabelog.com/2021/restaurants/bronze	The Tabelog Award / 百名店 2021 公式名簿候補
13217903	13217903	らんまる	東京都	飲食店	寿司	不動前駅	https://tabelog.com/tokyo/A1317/A131710/13217903/	https://award.tabelog.com/2021/restaurants/bronze	The Tabelog Award / 百名店 2021 公式名簿候補
13152248	13152248	リストランテ ペガソ	東京都	飲食店	イタリアン	広尾駅	https://tabelog.com/tokyo/A1307/A130703/13152248/	https://award.tabelog.com/2021/restaurants/bronze	The Tabelog Award / 百名店 2021 公式名簿候補
14072960	14072960	RISTORANTE IL NODO	神奈川県	飲食店	イタリアン	鎌倉駅	https://tabelog.com/kanagawa/A1404/A140402/14072960/	https://award.tabelog.com/2021/restaurants/bronze	The Tabelog Award / 百名店 2021 公式名簿候補
13005340	13005340	リストランテ 濱崎	東京都	飲食店	イタリアン	表参道駅	https://tabelog.com/tokyo/A1306/A130602/13005340/	https://award.tabelog.com/2021/restaurants/bronze	The Tabelog Award / 百名店 2021 公式名簿候補
14001650	14001650	里葉亭	神奈川県	飲食店	焼き鳥・鳥料理	日ノ出町駅	https://tabelog.com/kanagawa/A1401/A140104/14001650/	https://award.tabelog.com/2021/restaurants/bronze	The Tabelog Award / 百名店 2021 公式名簿候補
13001457	13001457	龍吟	東京都	飲食店	日本料理	日比谷駅	https://tabelog.com/tokyo/A1301/A130102/13001457/	https://award.tabelog.com/2021/restaurants/bronze	The Tabelog Award / 百名店 2021 公式名簿候補
44001011	44001011	料亭 やまさ旅館	大分県	飲食店	魚介料理・海鮮料理	宇佐市	https://tabelog.com/oita/A4404/A440402/44001011/	https://award.tabelog.com/2021/restaurants/bronze	The Tabelog Award / 百名店 2021 公式名簿候補
26006453	26006453	料理 川口	京都府	飲食店	日本料理	祇園四条	https://tabelog.com/kyoto/A2601/A260301/26006453/	https://award.tabelog.com/2021/restaurants/bronze	The Tabelog Award / 百名店 2021 公式名簿候補
26023370	26023370	リョウリヤ ステファン パンテル	京都府	飲食店	フレンチ	丸太町（京都市営）駅	https://tabelog.com/kyoto/A2601/A260202/26023370/	https://award.tabelog.com/2021/restaurants/bronze	The Tabelog Award / 百名店 2021 公式名簿候補
13002341	13002341	ル・ジャルダン・デ・サヴール	東京都	飲食店	フレンチ	東銀座駅	https://tabelog.com/tokyo/A1301/A130101/13002341/	https://award.tabelog.com/2021/restaurants/bronze	The Tabelog Award / 百名店 2021 公式名簿候補
13000469	13000469	ル・マンジュ・トゥー	東京都	飲食店	フレンチ	牛込神楽坂駅	https://tabelog.com/tokyo/A1309/A130905/13000469/	https://award.tabelog.com/2021/restaurants/bronze	The Tabelog Award / 百名店 2021 公式名簿候補
13184105	13184105	ル スプートニク	東京都	飲食店	フレンチ	六本木駅	https://tabelog.com/tokyo/A1307/A130701/13184105/	https://award.tabelog.com/2021/restaurants/bronze	The Tabelog Award / 百名店 2021 公式名簿候補
26001319	26001319	レ・シャンドール	京都府	飲食店	フレンチ	烏丸駅	https://tabelog.com/kyoto/A2601/A260202/26001319/	https://award.tabelog.com/2021/restaurants/bronze	The Tabelog Award / 百名店 2021 公式名簿候補
15015200	15015200	レストラン ウオゼン	新潟県	飲食店	フレンチ	三条市	https://tabelog.com/niigata/A1501/A150102/15015200/	https://award.tabelog.com/2021/restaurants/bronze	The Tabelog Award / 百名店 2021 公式名簿候補
8000180	8000180	レストラン オオツ	茨城県	飲食店	フレンチ	水戸市	https://tabelog.com/ibaraki/A0801/A080101/8000180/	https://award.tabelog.com/2021/restaurants/bronze	The Tabelog Award / 百名店 2021 公式名簿候補
1000022	1000022	レストラン・モリエール	北海道	飲食店	フレンチ	西２８丁目駅	https://tabelog.com/hokkaido/A0101/A010105/1000022/	https://award.tabelog.com/2021/restaurants/bronze	The Tabelog Award / 百名店 2021 公式名簿候補
13004454	13004454	レストラン アラジン	東京都	飲食店	フレンチ	広尾駅	https://tabelog.com/tokyo/A1307/A130703/13004454/	https://award.tabelog.com/2021/restaurants/bronze	The Tabelog Award / 百名店 2021 公式名簿候補
13128454	13128454	アルシミスト	東京都	飲食店	フレンチ	白金高輪駅	https://tabelog.com/tokyo/A1316/A131602/13128454/	https://award.tabelog.com/2021/restaurants/bronze	The Tabelog Award / 百名店 2021 公式名簿候補
23048448	23048448	レストラン ラ・フロレゾン・ドゥ・タケウチ	愛知県	飲食店	フレンチ	伏見駅	https://tabelog.com/aichi/A2301/A230102/23048448/	https://award.tabelog.com/2021/restaurants/bronze	The Tabelog Award / 百名店 2021 公式名簿候補
13139171	13139171	レストラン ラ フィネス	東京都	飲食店	フレンチ	新橋駅	https://tabelog.com/tokyo/A1301/A130103/13139171/	https://award.tabelog.com/2021/restaurants/bronze	The Tabelog Award / 百名店 2021 公式名簿候補
13122126	13122126	レストラン リューズ	東京都	飲食店	フレンチ	六本木駅	https://tabelog.com/tokyo/A1307/A130701/13122126/	https://award.tabelog.com/2021/restaurants/bronze	The Tabelog Award / 百名店 2021 公式名簿候補
13183555	13183555	レンゲ	東京都	飲食店	中華料理	銀座駅	https://tabelog.com/tokyo/A1301/A130101/13183555/	https://award.tabelog.com/2021/restaurants/bronze	The Tabelog Award / 百名店 2021 公式名簿候補
13190771	13190771	蓮香	東京都	飲食店	中華料理	白金高輪駅	https://tabelog.com/tokyo/A1316/A131602/13190771/	https://award.tabelog.com/2021/restaurants/bronze	The Tabelog Award / 百名店 2021 公式名簿候補
13228902	13228902	L'EAU	東京都	飲食店	フレンチ	外苑前駅	https://tabelog.com/tokyo/A1306/A130603/13228902/	https://award.tabelog.com/2021/restaurants/bronze	The Tabelog Award / 百名店 2021 公式名簿候補
13186978	13186978	L'Octave Hayato KOBAYASHI	東京都	飲食店	フレンチ	北参道駅	https://tabelog.com/tokyo/A1309/A130901/13186978/	https://award.tabelog.com/2021/restaurants/bronze	The Tabelog Award / 百名店 2021 公式名簿候補
13178685	13178685	六寛	東京都	飲食店	日本料理	中央区	https://tabelog.com/tokyo/A1313/A131301/13178685/	https://award.tabelog.com/2021/restaurants/bronze	The Tabelog Award / 百名店 2021 公式名簿候補
13213575	13213575	RODEO	東京都	飲食店	イタリアン	中目黒駅	https://tabelog.com/tokyo/A1317/A131701/13213575/	https://award.tabelog.com/2021/restaurants/bronze	The Tabelog Award / 百名店 2021 公式名簿候補
43001156	43001156	ろばたやき 山ろく	熊本県	飲食店	焼き鳥・鳥料理		https://tabelog.com/kumamoto/A4303/A430301/43001156/	https://award.tabelog.com/2021/restaurants/bronze	The Tabelog Award / 百名店 2021 公式名簿候補
26006071	26006071	和ごころ 泉	京都府	飲食店	日本料理	四条（京都市営）駅	https://tabelog.com/kyoto/A2601/A260201/26006071/	https://award.tabelog.com/2021/restaurants/bronze	The Tabelog Award / 百名店 2021 公式名簿候補
24000069	24000069	和田金	三重県	飲食店	焼肉・すき焼き・しゃぶしゃぶ		https://tabelog.com/mie/A2401/A240102/24000069/	https://award.tabelog.com/2021/restaurants/bronze	The Tabelog Award / 百名店 2021 公式名簿候補
27013057	27013057	和洋酒菜 ひで	大阪府	飲食店	居酒屋	心斎橋駅	https://tabelog.com/osaka/A2701/A270201/27013057/	https://award.tabelog.com/2021/restaurants/bronze	The Tabelog Award / 百名店 2021 公式名簿候補
13132600	13132600	ツイテル	東京都	飲食店	ビストロ	中野駅	https://tabelog.com/tokyo/A1319/A131902/13132600/	https://award.tabelog.com/hyakumeiten/bistro/2021	The Tabelog Award / 百名店 2021 公式名簿候補
13141558	13141558	キュイジーヌ エ ヴァン アルル	東京都	飲食店	ビストロ	神泉駅	https://tabelog.com/tokyo/A1303/A130301/13141558/	https://award.tabelog.com/hyakumeiten/bistro/2021	The Tabelog Award / 百名店 2021 公式名簿候補
27070944	27070944	ビストロ デ シュナパン	大阪府	飲食店	ビストロ	阿波座駅	https://tabelog.com/osaka/A2701/A270105/27070944/	https://award.tabelog.com/hyakumeiten/bistro/2021	The Tabelog Award / 百名店 2021 公式名簿候補
27018410	27018410	ランデヴー・デ・ザミ	大阪府	飲食店	ビストロ	南森町駅	https://tabelog.com/osaka/A2701/A270103/27018410/	https://award.tabelog.com/hyakumeiten/bistro/2021	The Tabelog Award / 百名店 2021 公式名簿候補
13044389	13044389	ブラッスリー・ポール・ボキューズ 大丸東京	東京都	飲食店	ビストロ	東京駅	https://tabelog.com/tokyo/A1302/A130201/13044389/	https://award.tabelog.com/hyakumeiten/bistro/2021	The Tabelog Award / 百名店 2021 公式名簿候補
13040139	13040139	ビストロ ガール・ド・リヨン	東京都	飲食店	ビストロ	宝町駅	https://tabelog.com/tokyo/A1302/A130202/13040139/	https://award.tabelog.com/hyakumeiten/bistro/2021	The Tabelog Award / 百名店 2021 公式名簿候補
13026093	13026093	ポンデュガール	東京都	飲食店	ビストロ	新富町駅	https://tabelog.com/tokyo/A1313/A131301/13026093/	https://award.tabelog.com/hyakumeiten/bistro/2021	The Tabelog Award / 百名店 2021 公式名簿候補
13020161	13020161	ブラッスリー・ヴィロン 丸の内店	東京都	飲食店	ビストロ	東京駅	https://tabelog.com/tokyo/A1302/A130201/13020161/	https://award.tabelog.com/hyakumeiten/bistro/2021	The Tabelog Award / 百名店 2021 公式名簿候補
13144586	13144586	Nico	東京都	飲食店	ビストロ	新日本橋駅	https://tabelog.com/tokyo/A1302/A130202/13144586/	https://award.tabelog.com/hyakumeiten/bistro/2021	The Tabelog Award / 百名店 2021 公式名簿候補
23007319	23007319	カルナヴァル	愛知県	飲食店	ビストロ	矢場町駅	https://tabelog.com/aichi/A2301/A230103/23007319/	https://award.tabelog.com/hyakumeiten/bistro/2021	The Tabelog Award / 百名店 2021 公式名簿候補
13049131	13049131	ビストロ ヴィヴィエンヌ	東京都	飲食店	ビストロ	東銀座駅	https://tabelog.com/tokyo/A1301/A130101/13049131/	https://award.tabelog.com/hyakumeiten/bistro/2021	The Tabelog Award / 百名店 2021 公式名簿候補
13186920	13186920	ビストロアム	東京都	飲食店	ビストロ	恵比寿駅	https://tabelog.com/tokyo/A1303/A130302/13186920/	https://award.tabelog.com/hyakumeiten/bistro/2021	The Tabelog Award / 百名店 2021 公式名簿候補
13225246	13225246	NOURA	東京都	飲食店	ビストロ	浅草（つくばＥＸＰ）駅	https://tabelog.com/tokyo/A1311/A131102/13225246/	https://award.tabelog.com/hyakumeiten/bistro/2021	The Tabelog Award / 百名店 2021 公式名簿候補
13143821	13143821	アベス	東京都	飲食店	ビストロ	恵比寿駅	https://tabelog.com/tokyo/A1303/A130302/13143821/	https://award.tabelog.com/hyakumeiten/bistro/2021	The Tabelog Award / 百名店 2021 公式名簿候補
13131878	13131878	ヴィノシティ マジス	東京都	飲食店	ビストロ	神田駅	https://tabelog.com/tokyo/A1310/A131002/13131878/	https://award.tabelog.com/hyakumeiten/bistro/2021	The Tabelog Award / 百名店 2021 公式名簿候補
13187979	13187979	ル モンド グルマン	東京都	飲食店	ビストロ	自由が丘駅	https://tabelog.com/tokyo/A1317/A131703/13187979/	https://award.tabelog.com/hyakumeiten/bistro/2021	The Tabelog Award / 百名店 2021 公式名簿候補
13021311	13021311	ウグイス	東京都	飲食店	ビストロ	三軒茶屋駅	https://tabelog.com/tokyo/A1317/A131706/13021311/	https://award.tabelog.com/hyakumeiten/bistro/2021	The Tabelog Award / 百名店 2021 公式名簿候補
14011843	14011843	オシノ	神奈川県	飲食店	ビストロ	鎌倉駅	https://tabelog.com/kanagawa/A1404/A140402/14011843/	https://award.tabelog.com/hyakumeiten/bistro/2021	The Tabelog Award / 百名店 2021 公式名簿候補
13051357	13051357	アヒルストア	東京都	飲食店	ビストロ	代々木公園駅	https://tabelog.com/tokyo/A1318/A131810/13051357/	https://award.tabelog.com/hyakumeiten/bistro/2021	The Tabelog Award / 百名店 2021 公式名簿候補
13110276	13110276	デュ バリー	東京都	飲食店	ビストロ	池尻大橋駅	https://tabelog.com/tokyo/A1317/A131705/13110276/	https://award.tabelog.com/hyakumeiten/bistro/2021	The Tabelog Award / 百名店 2021 公式名簿候補
13160351	13160351	イレール人形町	東京都	飲食店	ビストロ	人形町駅	https://tabelog.com/tokyo/A1302/A130204/13160351/	https://award.tabelog.com/hyakumeiten/bistro/2021	The Tabelog Award / 百名店 2021 公式名簿候補
27083821	27083821	前芝料理店	大阪府	飲食店	ビストロ	谷町六丁目駅	https://tabelog.com/osaka/A2701/A270204/27083821/	https://award.tabelog.com/hyakumeiten/bistro/2021	The Tabelog Award / 百名店 2021 公式名簿候補
13124636	13124636	ラ・トルチュ	東京都	飲食店	ビストロ	広尾駅	https://tabelog.com/tokyo/A1307/A130703/13124636/	https://award.tabelog.com/hyakumeiten/bistro/2021	The Tabelog Award / 百名店 2021 公式名簿候補
13049720	13049720	AU GAMIN DE TOKIO	東京都	飲食店	ビストロ	恵比寿駅	https://tabelog.com/tokyo/A1303/A130302/13049720/	https://award.tabelog.com/hyakumeiten/bistro/2021	The Tabelog Award / 百名店 2021 公式名簿候補
13154814	13154814	デザミ	東京都	飲食店	ビストロ	上石神井駅	https://tabelog.com/tokyo/A1321/A132105/13154814/	https://award.tabelog.com/hyakumeiten/bistro/2021	The Tabelog Award / 百名店 2021 公式名簿候補
13113672	13113672	ビストロ エビス	東京都	飲食店	ビストロ	恵比寿駅	https://tabelog.com/tokyo/A1303/A130302/13113672/	https://award.tabelog.com/hyakumeiten/bistro/2021	The Tabelog Award / 百名店 2021 公式名簿候補
13002063	13002063	IZAKAYA VIN	東京都	飲食店	ビストロ	渋谷駅	https://tabelog.com/tokyo/A1303/A130301/13002063/	https://award.tabelog.com/hyakumeiten/bistro/2021	The Tabelog Award / 百名店 2021 公式名簿候補
13048464	13048464	ヌガ	東京都	飲食店	ビストロ	東銀座駅	https://tabelog.com/tokyo/A1301/A130101/13048464/	https://award.tabelog.com/hyakumeiten/bistro/2021	The Tabelog Award / 百名店 2021 公式名簿候補
13120844	13120844	bistro oeuf oeuf	東京都	飲食店	ビストロ	二子玉川駅	https://tabelog.com/tokyo/A1317/A131708/13120844/	https://award.tabelog.com/hyakumeiten/bistro/2021	The Tabelog Award / 百名店 2021 公式名簿候補
13002186	13002186	コム・ア・ラ・メゾン	東京都	飲食店	ビストロ	赤坂駅	https://tabelog.com/tokyo/A1308/A130801/13002186/	https://award.tabelog.com/hyakumeiten/bistro/2021	The Tabelog Award / 百名店 2021 公式名簿候補
13167076	13167076	Wineshop & Diner FUJIMARU 浅草橋店	東京都	飲食店	ビストロ	浅草橋駅	https://tabelog.com/tokyo/A1311/A131103/13167076/	https://award.tabelog.com/hyakumeiten/bistro/2021	The Tabelog Award / 百名店 2021 公式名簿候補
13127009	13127009	organ	東京都	飲食店	ビストロ	西荻窪駅	https://tabelog.com/tokyo/A1319/A131907/13127009/	https://award.tabelog.com/hyakumeiten/bistro/2021	The Tabelog Award / 百名店 2021 公式名簿候補
13154815	13154815	レ ロジェ ビストロ ド ロア	東京都	飲食店	ビストロ	京橋駅	https://tabelog.com/tokyo/A1302/A130202/13154815/	https://award.tabelog.com/hyakumeiten/bistro/2021	The Tabelog Award / 百名店 2021 公式名簿候補
13126959	13126959	ルフージュ	東京都	飲食店	ビストロ	内幸町駅	https://tabelog.com/tokyo/A1301/A130103/13126959/	https://award.tabelog.com/hyakumeiten/bistro/2021	The Tabelog Award / 百名店 2021 公式名簿候補
23038427	23038427	ビストロケンヂ	愛知県	飲食店	ビストロ	名古屋市中川区	https://tabelog.com/aichi/A2301/A230113/23038427/	https://award.tabelog.com/hyakumeiten/bistro/2021	The Tabelog Award / 百名店 2021 公式名簿候補
13006752	13006752	セラヴィーナガノ	東京都	飲食店	ビストロ	新宿御苑前駅	https://tabelog.com/tokyo/A1304/A130402/13006752/	https://award.tabelog.com/hyakumeiten/bistro/2021	The Tabelog Award / 百名店 2021 公式名簿候補
13112175	13112175	レトノ	東京都	飲食店	ビストロ	八丁堀駅	https://tabelog.com/tokyo/A1302/A130203/13112175/	https://award.tabelog.com/hyakumeiten/bistro/2021	The Tabelog Award / 百名店 2021 公式名簿候補
23039569	23039569	ラ ペッシュ	愛知県	飲食店	ビストロ	上前津駅	https://tabelog.com/aichi/A2301/A230105/23039569/	https://award.tabelog.com/hyakumeiten/bistro/2021	The Tabelog Award / 百名店 2021 公式名簿候補
13004991	13004991	マルディ・グラ	東京都	飲食店	ビストロ	新橋駅	https://tabelog.com/tokyo/A1301/A130103/13004991/	https://award.tabelog.com/hyakumeiten/bistro/2021	The Tabelog Award / 百名店 2021 公式名簿候補
13115397	13115397	Bistro Q	東京都	飲食店	ビストロ	赤坂駅	https://tabelog.com/tokyo/A1308/A130802/13115397/	https://award.tabelog.com/hyakumeiten/bistro/2021	The Tabelog Award / 百名店 2021 公式名簿候補
13019489	13019489	ブノワ	東京都	飲食店	ビストロ	表参道駅	https://tabelog.com/tokyo/A1306/A130602/13019489/	https://award.tabelog.com/hyakumeiten/bistro/2021	The Tabelog Award / 百名店 2021 公式名簿候補
13030797	13030797	ビストロ・ダルテミス	東京都	飲食店	ビストロ	北参道駅	https://tabelog.com/tokyo/A1304/A130403/13030797/	https://award.tabelog.com/hyakumeiten/bistro/2021	The Tabelog Award / 百名店 2021 公式名簿候補
13004627	13004627	ブラッスリー・ヴィロン 渋谷店	東京都	飲食店	ビストロ	神泉駅	https://tabelog.com/tokyo/A1303/A130301/13004627/	https://award.tabelog.com/hyakumeiten/bistro/2021	The Tabelog Award / 百名店 2021 公式名簿候補
13210695	13210695	BOLT	東京都	飲食店	ビストロ	牛込神楽坂駅	https://tabelog.com/tokyo/A1309/A130905/13210695/	https://award.tabelog.com/hyakumeiten/bistro/2021	The Tabelog Award / 百名店 2021 公式名簿候補
27000511	27000511	ディーバ	大阪府	飲食店	ビストロ	天満駅	https://tabelog.com/osaka/A2701/A270103/27000511/	https://award.tabelog.com/hyakumeiten/bistro/2021	The Tabelog Award / 百名店 2021 公式名簿候補
13156948	13156948	a table	東京都	飲食店	ビストロ	末広町駅	https://tabelog.com/tokyo/A1310/A131004/13156948/	https://award.tabelog.com/hyakumeiten/bistro/2021	The Tabelog Award / 百名店 2021 公式名簿候補
13124449	13124449	タツミ	東京都	飲食店	ビストロ	中目黒駅	https://tabelog.com/tokyo/A1317/A131701/13124449/	https://award.tabelog.com/hyakumeiten/bistro/2021	The Tabelog Award / 百名店 2021 公式名簿候補
13004086	13004086	ル・クロ・モンマルトル	東京都	飲食店	ビストロ	飯田橋駅	https://tabelog.com/tokyo/A1309/A130905/13004086/	https://award.tabelog.com/hyakumeiten/bistro/2021	The Tabelog Award / 百名店 2021 公式名簿候補
13151443	13151443	シャルキュ	東京都	飲食店	ビストロ	虎ノ門駅	https://tabelog.com/tokyo/A1308/A130802/13151443/	https://award.tabelog.com/hyakumeiten/bistro/2021	The Tabelog Award / 百名店 2021 公式名簿候補
13004708	13004708	コンコンブル	東京都	飲食店	ビストロ	渋谷駅	https://tabelog.com/tokyo/A1303/A130301/13004708/	https://award.tabelog.com/hyakumeiten/bistro/2021	The Tabelog Award / 百名店 2021 公式名簿候補
13056175	13056175	シェ・アンドレ・ドゥ・サクレクール	東京都	飲食店	ビストロ	人形町駅	https://tabelog.com/tokyo/A1302/A130204/13056175/	https://award.tabelog.com/hyakumeiten/bistro/2021	The Tabelog Award / 百名店 2021 公式名簿候補
13151743	13151743	Aux delices de dodine	東京都	飲食店	ビストロ	大門駅	https://tabelog.com/tokyo/A1314/A131401/13151743/	https://award.tabelog.com/hyakumeiten/bistro/2021	The Tabelog Award / 百名店 2021 公式名簿候補
13100039	13100039	ビストロ タカ	東京都	飲食店	ビストロ	湯島駅	https://tabelog.com/tokyo/A1311/A131101/13100039/	https://award.tabelog.com/hyakumeiten/bistro/2021	The Tabelog Award / 百名店 2021 公式名簿候補
14011457	14011457	ボータン	神奈川県	飲食店	ビストロ	長谷駅	https://tabelog.com/kanagawa/A1404/A140402/14011457/	https://award.tabelog.com/hyakumeiten/bistro/2021	The Tabelog Award / 百名店 2021 公式名簿候補
27012167	27012167	ビストロ バキュース	大阪府	飲食店	ビストロ	西大橋駅	https://tabelog.com/osaka/A2701/A270201/27012167/	https://award.tabelog.com/hyakumeiten/bistro/2021	The Tabelog Award / 百名店 2021 公式名簿候補
13034087	13034087	ポワソンルージュ	東京都	飲食店	ビストロ	大井町駅	https://tabelog.com/tokyo/A1315/A131501/13034087/	https://award.tabelog.com/hyakumeiten/bistro/2021	The Tabelog Award / 百名店 2021 公式名簿候補
26018401	26018401	ジュメルニジュウク	京都府	飲食店	ビストロ	京都河原町駅	https://tabelog.com/kyoto/A2601/A260201/26018401/	https://award.tabelog.com/hyakumeiten/bistro/2021	The Tabelog Award / 百名店 2021 公式名簿候補
20001312	20001312	ピレネー	長野県	飲食店	ビストロ	北佐久郡軽井沢町	https://tabelog.com/nagano/A2003/A200301/20001312/	https://award.tabelog.com/hyakumeiten/bistro/2021	The Tabelog Award / 百名店 2021 公式名簿候補
13139147	13139147	アデニア	東京都	飲食店	ビストロ	渋谷駅	https://tabelog.com/tokyo/A1303/A130301/13139147/	https://award.tabelog.com/hyakumeiten/bistro/2021	The Tabelog Award / 百名店 2021 公式名簿候補
28033177	28033177	ベック	兵庫県	飲食店	ビストロ	県庁前駅	https://tabelog.com/hyogo/A2801/A280102/28033177/	https://award.tabelog.com/hyakumeiten/bistro/2021	The Tabelog Award / 百名店 2021 公式名簿候補
27003337	27003337	ラ・トォルトゥーガ	大阪府	飲食店	ビストロ	北浜駅	https://tabelog.com/osaka/A2701/A270102/27003337/	https://award.tabelog.com/hyakumeiten/bistro/2021	The Tabelog Award / 百名店 2021 公式名簿候補
13004131	13004131	ラミティエ	東京都	飲食店	ビストロ	高田馬場駅	https://tabelog.com/tokyo/A1305/A130503/13004131/	https://award.tabelog.com/hyakumeiten/bistro/2021	The Tabelog Award / 百名店 2021 公式名簿候補
13042760	13042760	ブラッスリー ポール・ボキューズ 銀座	東京都	飲食店	ビストロ	銀座一丁目駅	https://tabelog.com/tokyo/A1301/A130101/13042760/	https://award.tabelog.com/hyakumeiten/bistro/2021	The Tabelog Award / 百名店 2021 公式名簿候補
13056009	13056009	アンテリブル	東京都	飲食店	ビストロ	築地市場駅	https://tabelog.com/tokyo/A1313/A131301/13056009/	https://award.tabelog.com/hyakumeiten/bistro/2021	The Tabelog Award / 百名店 2021 公式名簿候補
23029870	23029870	ドラード	愛知県	飲食店	ビストロ	栄（名古屋）駅	https://tabelog.com/aichi/A2301/A230102/23029870/	https://award.tabelog.com/hyakumeiten/bistro/2021	The Tabelog Award / 百名店 2021 公式名簿候補
13040986	13040986	ラターシュ	東京都	飲食店	ビストロ	神楽坂駅	https://tabelog.com/tokyo/A1309/A130905/13040986/	https://award.tabelog.com/hyakumeiten/bistro/2021	The Tabelog Award / 百名店 2021 公式名簿候補
27000852	27000852	ビストロ ダ アンジュ	大阪府	飲食店	ビストロ	大阪難波駅	https://tabelog.com/osaka/A2701/A270201/27000852/	https://award.tabelog.com/hyakumeiten/bistro/2021	The Tabelog Award / 百名店 2021 公式名簿候補
13144978	13144978	ビストロ ハッチ	東京都	飲食店	ビストロ	吉祥寺駅	https://tabelog.com/tokyo/A1320/A132001/13144978/	https://award.tabelog.com/hyakumeiten/bistro/2021	The Tabelog Award / 百名店 2021 公式名簿候補
13053893	13053893	ダム・ジャンヌ	東京都	飲食店	ビストロ	神泉駅	https://tabelog.com/tokyo/A1303/A130301/13053893/	https://award.tabelog.com/hyakumeiten/bistro/2021	The Tabelog Award / 百名店 2021 公式名簿候補
13027457	13027457	ル・リオン	東京都	飲食店	ビストロ	恵比寿駅	https://tabelog.com/tokyo/A1303/A130302/13027457/	https://award.tabelog.com/hyakumeiten/bistro/2021	The Tabelog Award / 百名店 2021 公式名簿候補
13001286	13001286	ビストロ ド ラ シテ	東京都	飲食店	ビストロ	広尾駅	https://tabelog.com/tokyo/A1307/A130703/13001286/	https://award.tabelog.com/hyakumeiten/bistro/2021	The Tabelog Award / 百名店 2021 公式名簿候補
13108348	13108348	ラ メゾン ダミ	東京都	飲食店	ビストロ	目黒駅	https://tabelog.com/tokyo/A1316/A131601/13108348/	https://award.tabelog.com/hyakumeiten/bistro/2021	The Tabelog Award / 百名店 2021 公式名簿候補
13204402	13204402	hugo	東京都	飲食店	ビストロ	都立大学駅	https://tabelog.com/tokyo/A1317/A131702/13204402/	https://award.tabelog.com/hyakumeiten/bistro/2021	The Tabelog Award / 百名店 2021 公式名簿候補
13159072	13159072	IBAIA	東京都	飲食店	ビストロ	東銀座駅	https://tabelog.com/tokyo/A1301/A130101/13159072/	https://award.tabelog.com/hyakumeiten/bistro/2021	The Tabelog Award / 百名店 2021 公式名簿候補
13138155	13138155	ボン・グゥ 神楽坂	東京都	飲食店	ビストロ	神楽坂駅	https://tabelog.com/tokyo/A1309/A130905/13138155/	https://award.tabelog.com/hyakumeiten/bistro/2021	The Tabelog Award / 百名店 2021 公式名簿候補
27046512	27046512	ビストロ シャンパーニュ	大阪府	飲食店	ビストロ	北新地駅	https://tabelog.com/osaka/A2701/A270101/27046512/	https://award.tabelog.com/hyakumeiten/bistro/2021	The Tabelog Award / 百名店 2021 公式名簿候補
13022540	13022540	ビストロ・ダルブル 恵比寿店	東京都	飲食店	ビストロ	恵比寿駅	https://tabelog.com/tokyo/A1303/A130302/13022540/	https://award.tabelog.com/hyakumeiten/bistro/2021	The Tabelog Award / 百名店 2021 公式名簿候補
13000401	13000401	メゾン・ド・ラ・ブルゴーニュ	東京都	飲食店	ビストロ	飯田橋駅	https://tabelog.com/tokyo/A1309/A130905/13000401/	https://award.tabelog.com/hyakumeiten/bistro/2021	The Tabelog Award / 百名店 2021 公式名簿候補
13115893	13115893	ビストロ K 中目黒	東京都	飲食店	ビストロ	中目黒駅	https://tabelog.com/tokyo/A1317/A131701/13115893/	https://award.tabelog.com/hyakumeiten/bistro/2021	The Tabelog Award / 百名店 2021 公式名簿候補
13186713	13186713	ビストロ・シンバ	東京都	飲食店	ビストロ	新富町駅	https://tabelog.com/tokyo/A1313/A131301/13186713/	https://award.tabelog.com/hyakumeiten/bistro/2021	The Tabelog Award / 百名店 2021 公式名簿候補
13000470	13000470	ブラッスリー・グー	東京都	飲食店	ビストロ	牛込神楽坂駅	https://tabelog.com/tokyo/A1309/A130905/13000470/	https://award.tabelog.com/hyakumeiten/bistro/2021	The Tabelog Award / 百名店 2021 公式名簿候補
13100821	13100821	ラシーヌ	東京都	飲食店	ビストロ	池袋駅	https://tabelog.com/tokyo/A1305/A130501/13100821/	https://award.tabelog.com/hyakumeiten/bistro/2021	The Tabelog Award / 百名店 2021 公式名簿候補
13133525	13133525	スモールワンダーランド	東京都	飲食店	ビストロ	東銀座駅	https://tabelog.com/tokyo/A1301/A130101/13133525/	https://award.tabelog.com/hyakumeiten/bistro/2021	The Tabelog Award / 百名店 2021 公式名簿候補
27004963	27004963	カメキチ・ビストロ	大阪府	飲食店	ビストロ	谷町四丁目駅	https://tabelog.com/osaka/A2701/A270104/27004963/	https://award.tabelog.com/hyakumeiten/bistro/2021	The Tabelog Award / 百名店 2021 公式名簿候補
27058412	27058412	シャンパン食堂	大阪府	飲食店	ビストロ	北新地駅	https://tabelog.com/osaka/A2701/A270101/27058412/	https://award.tabelog.com/hyakumeiten/bistro/2021	The Tabelog Award / 百名店 2021 公式名簿候補
13152878	13152878	ブラッスリー ギョラン	東京都	飲食店	ビストロ	宝町駅	https://tabelog.com/tokyo/A1302/A130203/13152878/	https://award.tabelog.com/hyakumeiten/bistro/2021	The Tabelog Award / 百名店 2021 公式名簿候補
13033082	13033082	ブラッスリー ポール・ボキューズ ミュゼ	東京都	飲食店	ビストロ	乃木坂駅	https://tabelog.com/tokyo/A1307/A130701/13033082/	https://award.tabelog.com/hyakumeiten/bistro/2021	The Tabelog Award / 百名店 2021 公式名簿候補
13091587	13091587	ジョンティ	東京都	飲食店	ビストロ	浅草橋駅	https://tabelog.com/tokyo/A1311/A131103/13091587/	https://award.tabelog.com/hyakumeiten/bistro/2021	The Tabelog Award / 百名店 2021 公式名簿候補
13000326	13000326	サン・ル・スー	東京都	飲食店	ビストロ	西荻窪駅	https://tabelog.com/tokyo/A1319/A131907/13000326/	https://award.tabelog.com/hyakumeiten/bistro/2021	The Tabelog Award / 百名店 2021 公式名簿候補
13133484	13133484	夏目亭	東京都	飲食店	ビストロ	飯田橋駅	https://tabelog.com/tokyo/A1309/A130905/13133484/	https://award.tabelog.com/hyakumeiten/bistro/2021	The Tabelog Award / 百名店 2021 公式名簿候補
13005655	13005655	ブラッスリーオザミ丸の内	東京都	飲食店	ビストロ	有楽町駅	https://tabelog.com/tokyo/A1301/A130102/13005655/	https://award.tabelog.com/hyakumeiten/bistro/2021	The Tabelog Award / 百名店 2021 公式名簿候補
13144110	13144110	Le Bonze	東京都	飲食店	ビストロ	東銀座駅	https://tabelog.com/tokyo/A1301/A130101/13144110/	https://award.tabelog.com/hyakumeiten/bistro/2021	The Tabelog Award / 百名店 2021 公式名簿候補
13095796	13095796	ブション・ドール	東京都	飲食店	ビストロ	東銀座駅	https://tabelog.com/tokyo/A1301/A130101/13095796/	https://award.tabelog.com/hyakumeiten/bistro/2021	The Tabelog Award / 百名店 2021 公式名簿候補
14048268	14048268	ポアジェ	神奈川県	飲食店	ビストロ	鎌倉駅	https://tabelog.com/kanagawa/A1404/A140402/14048268/	https://award.tabelog.com/hyakumeiten/bistro/2021	The Tabelog Award / 百名店 2021 公式名簿候補
13103897	13103897	キュル・ド・サック	東京都	飲食店	ビストロ	新日本橋駅	https://tabelog.com/tokyo/A1302/A130202/13103897/	https://award.tabelog.com/hyakumeiten/bistro/2021	The Tabelog Award / 百名店 2021 公式名簿候補
23040138	23040138	ビストロ横丁	愛知県	飲食店	ビストロ	国際センター駅	https://tabelog.com/aichi/A2301/A230101/23040138/	https://award.tabelog.com/hyakumeiten/bistro/2021	The Tabelog Award / 百名店 2021 公式名簿候補
13020679	13020679	クレッソニエール	東京都	飲食店	ビストロ	新宿三丁目駅	https://tabelog.com/tokyo/A1304/A130401/13020679/	https://award.tabelog.com/hyakumeiten/bistro/2021	The Tabelog Award / 百名店 2021 公式名簿候補
26000068	26000068	松之助 京都本店	京都府	飲食店	カフェ	烏丸御池駅	https://tabelog.com/kyoto/A2601/A260202/26000068/	https://award.tabelog.com/hyakumeiten/cafe/2021	The Tabelog Award / 百名店 2021 公式名簿候補
13152670	13152670	文明堂カフェ	東京都	飲食店	カフェ	三越前駅	https://tabelog.com/tokyo/A1302/A130202/13152670/	https://award.tabelog.com/hyakumeiten/cafe/2021	The Tabelog Award / 百名店 2021 公式名簿候補
13140156	13140156	Paul Bassett 渋谷ヒカリエ ＳｈiｎＱｓ 東横のれん街店	東京都	飲食店	カフェ	渋谷駅	https://tabelog.com/tokyo/A1303/A130301/13140156/	https://award.tabelog.com/hyakumeiten/cafe/2021	The Tabelog Award / 百名店 2021 公式名簿候補
13126204	13126204	自家焙煎珈琲みじんこ	東京都	飲食店	カフェ	湯島駅	https://tabelog.com/tokyo/A1310/A131002/13126204/	https://award.tabelog.com/hyakumeiten/cafe/2021	The Tabelog Award / 百名店 2021 公式名簿候補
17000060	17000060	一笑	石川県	飲食店	カフェ	金沢市	https://tabelog.com/ishikawa/A1701/A170101/17000060/	https://award.tabelog.com/hyakumeiten/cafe/2021	The Tabelog Award / 百名店 2021 公式名簿候補
20000151	20000151	万平ホテル カフェテラス	長野県	飲食店	カフェ	北佐久郡軽井沢町	https://tabelog.com/nagano/A2003/A200301/20000151/	https://award.tabelog.com/hyakumeiten/cafe/2021	The Tabelog Award / 百名店 2021 公式名簿候補
13017226	13017226	オー バカナル 紀尾井町	東京都	飲食店	カフェ	永田町駅	https://tabelog.com/tokyo/A1308/A130803/13017226/	https://award.tabelog.com/hyakumeiten/cafe/2021	The Tabelog Award / 百名店 2021 公式名簿候補
13002522	13002522	オー バカナル 銀座	東京都	飲食店	カフェ	銀座駅	https://tabelog.com/tokyo/A1301/A130101/13002522/	https://award.tabelog.com/hyakumeiten/cafe/2021	The Tabelog Award / 百名店 2021 公式名簿候補
26000296	26000296	ゴスペル	京都府	飲食店	カフェ	京都市左京区	https://tabelog.com/kyoto/A2601/A260302/26000296/	https://award.tabelog.com/hyakumeiten/cafe/2021	The Tabelog Award / 百名店 2021 公式名簿候補
14002271	14002271	サロン・ド・テ ロザージュ	神奈川県	飲食店	カフェ	足柄下郡箱根町	https://tabelog.com/kanagawa/A1410/A141001/14002271/	https://award.tabelog.com/hyakumeiten/cafe/2021	The Tabelog Award / 百名店 2021 公式名簿候補
13000643	13000643	ティーハウスタカノ	東京都	飲食店	カフェ	神保町駅	https://tabelog.com/tokyo/A1310/A131003/13000643/	https://award.tabelog.com/hyakumeiten/cafe/2021	The Tabelog Award / 百名店 2021 公式名簿候補
26000120	26000120	カフェ ビブリオティック ハロー!	京都府	飲食店	カフェ	丸太町（京都市営）駅	https://tabelog.com/kyoto/A2601/A260202/26000120/	https://award.tabelog.com/hyakumeiten/cafe/2021	The Tabelog Award / 百名店 2021 公式名簿候補
13013128	13013128	カフェ・ロッタ	東京都	飲食店	カフェ	松陰神社前駅	https://tabelog.com/tokyo/A1317/A131709/13013128/	https://award.tabelog.com/hyakumeiten/cafe/2021	The Tabelog Award / 百名店 2021 公式名簿候補
13098849	13098849	チャイブレイク	東京都	飲食店	カフェ	吉祥寺駅	https://tabelog.com/tokyo/A1320/A132001/13098849/	https://award.tabelog.com/hyakumeiten/cafe/2021	The Tabelog Award / 百名店 2021 公式名簿候補
13009058	13009058	ガーデンラウンジ	東京都	飲食店	カフェ	麹町駅	https://tabelog.com/tokyo/A1308/A130803/13009058/	https://award.tabelog.com/hyakumeiten/cafe/2021	The Tabelog Award / 百名店 2021 公式名簿候補
13161140	13161140	THE ROASTERY	東京都	飲食店	カフェ	明治神宮前駅	https://tabelog.com/tokyo/A1303/A130301/13161140/	https://award.tabelog.com/hyakumeiten/cafe/2021	The Tabelog Award / 百名店 2021 公式名簿候補
13122282	13122282	ローズベーカリー 丸の内	東京都	飲食店	カフェ	二重橋前駅	https://tabelog.com/tokyo/A1302/A130201/13122282/	https://award.tabelog.com/hyakumeiten/cafe/2021	The Tabelog Award / 百名店 2021 公式名簿候補
13096426	13096426	Cafe 1894	東京都	飲食店	カフェ	二重橋前駅	https://tabelog.com/tokyo/A1302/A130201/13096426/	https://award.tabelog.com/hyakumeiten/cafe/2021	The Tabelog Award / 百名店 2021 公式名簿候補
13002560	13002560	うおがし銘茶 銀座店 茶・銀座	東京都	飲食店	カフェ	銀座駅	https://tabelog.com/tokyo/A1301/A130101/13002560/	https://award.tabelog.com/hyakumeiten/cafe/2021	The Tabelog Award / 百名店 2021 公式名簿候補
26024343	26024343	かしや	京都府	飲食店	カフェ	三条京阪駅	https://tabelog.com/kyoto/A2601/A260301/26024343/	https://award.tabelog.com/hyakumeiten/cafe/2021	The Tabelog Award / 百名店 2021 公式名簿候補
13190786	13190786	PATH	東京都	飲食店	カフェ	代々木公園駅	https://tabelog.com/tokyo/A1318/A131810/13190786/	https://award.tabelog.com/hyakumeiten/cafe/2021	The Tabelog Award / 百名店 2021 公式名簿候補
13222793	13222793	ブリコラージュ ブレッド アンド カンパニー ダイニング・カフェ	東京都	飲食店	カフェ	六本木駅	https://tabelog.com/tokyo/A1307/A130701/13222793/	https://award.tabelog.com/hyakumeiten/cafe/2021	The Tabelog Award / 百名店 2021 公式名簿候補
13056736	13056736	カフェ ファソン 中目黒本店	東京都	飲食店	カフェ	中目黒駅	https://tabelog.com/tokyo/A1317/A131701/13056736/	https://award.tabelog.com/hyakumeiten/cafe/2021	The Tabelog Award / 百名店 2021 公式名簿候補
13009081	13009081	和光ティーサロン	東京都	飲食店	カフェ	銀座駅	https://tabelog.com/tokyo/A1301/A130101/13009081/	https://award.tabelog.com/hyakumeiten/cafe/2021	The Tabelog Award / 百名店 2021 公式名簿候補
13058141	13058141	カフェ リゼッタ 二子玉川店	東京都	飲食店	カフェ	二子玉川駅	https://tabelog.com/tokyo/A1317/A131708/13058141/	https://award.tabelog.com/hyakumeiten/cafe/2021	The Tabelog Award / 百名店 2021 公式名簿候補
26021305	26021305	ゼンカフェ	京都府	飲食店	カフェ	祇園四条駅	https://tabelog.com/kyoto/A2601/A260301/26021305/	https://award.tabelog.com/hyakumeiten/cafe/2021	The Tabelog Award / 百名店 2021 公式名簿候補
13155794	13155794	カフェ マメヒコ 公園通り店	東京都	飲食店	カフェ	渋谷駅	https://tabelog.com/tokyo/A1303/A130301/13155794/	https://award.tabelog.com/hyakumeiten/cafe/2021	The Tabelog Award / 百名店 2021 公式名簿候補
13043018	13043018	ザ・ロビー	東京都	飲食店	カフェ	日比谷駅	https://tabelog.com/tokyo/A1301/A130102/13043018/	https://award.tabelog.com/hyakumeiten/cafe/2021	The Tabelog Award / 百名店 2021 公式名簿候補
13127590	13127590	アクイーユ	東京都	飲食店	カフェ	代官山駅	https://tabelog.com/tokyo/A1303/A130302/13127590/	https://award.tabelog.com/hyakumeiten/cafe/2021	The Tabelog Award / 百名店 2021 公式名簿候補
27002171	27002171	ロンドンティールーム 堂島店	大阪府	飲食店	カフェ	北新地駅	https://tabelog.com/osaka/A2701/A270101/27002171/	https://award.tabelog.com/hyakumeiten/cafe/2021	The Tabelog Award / 百名店 2021 公式名簿候補
13023752	13023752	adito	東京都	飲食店	カフェ	世田谷区	https://tabelog.com/tokyo/A1317/A131707/13023752/	https://award.tabelog.com/hyakumeiten/cafe/2021	The Tabelog Award / 百名店 2021 公式名簿候補
13129877	13129877	リュモンコーヒースタンド	東京都	飲食店	カフェ	吉祥寺駅	https://tabelog.com/tokyo/A1320/A132001/13129877/	https://award.tabelog.com/hyakumeiten/cafe/2021	The Tabelog Award / 百名店 2021 公式名簿候補
13141002	13141002	フグレントウキョウ	東京都	飲食店	カフェ	代々木公園駅	https://tabelog.com/tokyo/A1318/A131810/13141002/	https://award.tabelog.com/hyakumeiten/cafe/2021	The Tabelog Award / 百名店 2021 公式名簿候補
13009090	13009090	ル カフェドゥ ジョエル・ロブション 日本橋高島屋店	東京都	飲食店	カフェ	日本橋駅	https://tabelog.com/tokyo/A1302/A130202/13009090/	https://award.tabelog.com/hyakumeiten/cafe/2021	The Tabelog Award / 百名店 2021 公式名簿候補
26017496	26017496	ミスリム	京都府	飲食店	カフェ	神宮丸太町駅	https://tabelog.com/kyoto/A2601/A260202/26017496/	https://award.tabelog.com/hyakumeiten/cafe/2021	The Tabelog Award / 百名店 2021 公式名簿候補
9000098	9000098	ナス・ショウゾウ カフェ	栃木県	飲食店	カフェ	那須郡那須町	https://tabelog.com/tochigi/A0905/A090501/9000098/	https://award.tabelog.com/hyakumeiten/cafe/2021	The Tabelog Award / 百名店 2021 公式名簿候補
27011908	27011908	リーガロイヤルホテル メインラウンジ	大阪府	飲食店	カフェ	中之島駅	https://tabelog.com/osaka/A2701/A270108/27011908/	https://award.tabelog.com/hyakumeiten/cafe/2021	The Tabelog Award / 百名店 2021 公式名簿候補
27059454	27059454	MLESNATEA OSAKA	大阪府	飲食店	カフェ	西梅田駅	https://tabelog.com/osaka/A2701/A270101/27059454/	https://award.tabelog.com/hyakumeiten/cafe/2021	The Tabelog Award / 百名店 2021 公式名簿候補
26022889	26022889	CLAMP COFFEE SARASA	京都府	飲食店	カフェ	二条駅	https://tabelog.com/kyoto/A2601/A260203/26022889/	https://award.tabelog.com/hyakumeiten/cafe/2021	The Tabelog Award / 百名店 2021 公式名簿候補
27000121	27000121	北浜レトロ	大阪府	飲食店	カフェ	北浜駅	https://tabelog.com/osaka/A2701/A270102/27000121/	https://award.tabelog.com/hyakumeiten/cafe/2021	The Tabelog Award / 百名店 2021 公式名簿候補
13138416	13138416	ローズベーカリー 銀座	東京都	飲食店	カフェ	銀座駅	https://tabelog.com/tokyo/A1301/A130101/13138416/	https://award.tabelog.com/hyakumeiten/cafe/2021	The Tabelog Award / 百名店 2021 公式名簿候補
13114545	13114545	アマメリア エスプレッソ	東京都	飲食店	カフェ	武蔵小山駅	https://tabelog.com/tokyo/A1317/A131710/13114545/	https://award.tabelog.com/hyakumeiten/cafe/2021	The Tabelog Award / 百名店 2021 公式名簿候補
13088823	13088823	カフェ オブスキュラ	東京都	飲食店	カフェ	三軒茶屋駅	https://tabelog.com/tokyo/A1317/A131706/13088823/	https://award.tabelog.com/hyakumeiten/cafe/2021	The Tabelog Award / 百名店 2021 公式名簿候補
13133520	13133520	カンダコーヒー	東京都	飲食店	カフェ	九段下駅	https://tabelog.com/tokyo/A1310/A131003/13133520/	https://award.tabelog.com/hyakumeiten/cafe/2021	The Tabelog Award / 百名店 2021 公式名簿候補
13134309	13134309	IVY PLACE	東京都	飲食店	カフェ	代官山駅	https://tabelog.com/tokyo/A1303/A130303/13134309/	https://award.tabelog.com/hyakumeiten/cafe/2021	The Tabelog Award / 百名店 2021 公式名簿候補
26024782	26024782	茶菓円山	京都府	飲食店	カフェ	東山駅	https://tabelog.com/kyoto/A2601/A260301/26024782/	https://award.tabelog.com/hyakumeiten/cafe/2021	The Tabelog Award / 百名店 2021 公式名簿候補
13012588	13012588	ガーデンラウンジ 坐忘	東京都	飲食店	カフェ	渋谷駅	https://tabelog.com/tokyo/A1303/A130301/13012588/	https://award.tabelog.com/hyakumeiten/cafe/2021	The Tabelog Award / 百名店 2021 公式名簿候補
13175074	13175074	COFFEE VALLEY	東京都	飲食店	カフェ	池袋駅	https://tabelog.com/tokyo/A1305/A130501/13175074/	https://award.tabelog.com/hyakumeiten/cafe/2021	The Tabelog Award / 百名店 2021 公式名簿候補
13178579	13178579	うぐいすと穀雨	東京都	飲食店	カフェ	雑司が谷（東京メトロ）駅	https://tabelog.com/tokyo/A1305/A130502/13178579/	https://award.tabelog.com/hyakumeiten/cafe/2021	The Tabelog Award / 百名店 2021 公式名簿候補
13047551	13047551	オー バカナル 高輪	東京都	飲食店	カフェ	品川駅	https://tabelog.com/tokyo/A1314/A131403/13047551/	https://award.tabelog.com/hyakumeiten/cafe/2021	The Tabelog Award / 百名店 2021 公式名簿候補
13208126	13208126	オーレ	東京都	飲食店	カフェ	渋谷駅	https://tabelog.com/tokyo/A1303/A130301/13208126/	https://award.tabelog.com/hyakumeiten/cafe/2021	The Tabelog Award / 百名店 2021 公式名簿候補
13004798	13004798	ブルー・ブリック・ラウンジ	東京都	飲食店	カフェ	表参道駅	https://tabelog.com/tokyo/A1306/A130602/13004798/	https://award.tabelog.com/hyakumeiten/cafe/2021	The Tabelog Award / 百名店 2021 公式名簿候補
13160517	13160517	コーヒーハウス ニシヤ	東京都	飲食店	カフェ	渋谷駅	https://tabelog.com/tokyo/A1303/A130301/13160517/	https://award.tabelog.com/hyakumeiten/cafe/2021	The Tabelog Award / 百名店 2021 公式名簿候補
13037995	13037995	ザ・リッツ・カールトン カフェ＆デリ	東京都	飲食店	カフェ	六本木駅	https://tabelog.com/tokyo/A1307/A130701/13037995/	https://award.tabelog.com/hyakumeiten/cafe/2021	The Tabelog Award / 百名店 2021 公式名簿候補
14000153	14000153	悟空茶荘	神奈川県	飲食店	カフェ	石川町駅	https://tabelog.com/kanagawa/A1401/A140105/14000153/	https://award.tabelog.com/hyakumeiten/cafe/2021	The Tabelog Award / 百名店 2021 公式名簿候補
20009296	20009296	ベーカリー&レストラン 沢村 軽井沢ハルニレテラス	長野県	飲食店	カフェ	北佐久郡軽井沢町	https://tabelog.com/nagano/A2003/A200301/20009296/	https://award.tabelog.com/hyakumeiten/cafe/2021	The Tabelog Award / 百名店 2021 公式名簿候補
13126324	13126324	一芯二葉	東京都	飲食店	カフェ	西荻窪駅	https://tabelog.com/tokyo/A1319/A131907/13126324/	https://award.tabelog.com/hyakumeiten/cafe/2021	The Tabelog Award / 百名店 2021 公式名簿候補
13109635	13109635	ストリーマー コーヒーカンパニー	東京都	飲食店	カフェ	渋谷駅	https://tabelog.com/tokyo/A1303/A130301/13109635/	https://award.tabelog.com/hyakumeiten/cafe/2021	The Tabelog Award / 百名店 2021 公式名簿候補
28000366	28000366	カフェ フロインドリーブ 本店	兵庫県	飲食店	カフェ	新神戸駅	https://tabelog.com/hyogo/A2801/A280101/28000366/	https://award.tabelog.com/hyakumeiten/cafe/2021	The Tabelog Award / 百名店 2021 公式名簿候補
13005179	13005179	松之助 N.Y. 東京・代官山店	東京都	飲食店	カフェ	代官山駅	https://tabelog.com/tokyo/A1303/A130303/13005179/	https://award.tabelog.com/hyakumeiten/cafe/2021	The Tabelog Award / 百名店 2021 公式名簿候補
26005522	26005522	ELEPHANT FACTORY COFFEE	京都府	飲食店	カフェ	京都河原町駅	https://tabelog.com/kyoto/A2601/A260201/26005522/	https://award.tabelog.com/hyakumeiten/cafe/2021	The Tabelog Award / 百名店 2021 公式名簿候補
26023312	26023312	ザ・ロビーラウンジ ザ・リッツ・カールトン京都	京都府	飲食店	カフェ	京都市役所前駅	https://tabelog.com/kyoto/A2601/A260202/26023312/	https://award.tabelog.com/hyakumeiten/cafe/2021	The Tabelog Award / 百名店 2021 公式名簿候補
13120999	13120999	ル・パン・コティディアン 芝公園店	東京都	飲食店	カフェ	御成門駅	https://tabelog.com/tokyo/A1314/A131401/13120999/	https://award.tabelog.com/hyakumeiten/cafe/2021	The Tabelog Award / 百名店 2021 公式名簿候補
13184732	13184732	うさぎや CAFE	東京都	飲食店	カフェ	上野広小路駅	https://tabelog.com/tokyo/A1311/A131101/13184732/	https://award.tabelog.com/hyakumeiten/cafe/2021	The Tabelog Award / 百名店 2021 公式名簿候補
13225574	13225574	ロクシタン カフェ 渋谷店	東京都	飲食店	カフェ	渋谷駅	https://tabelog.com/tokyo/A1303/A130301/13225574/	https://award.tabelog.com/hyakumeiten/cafe/2021	The Tabelog Award / 百名店 2021 公式名簿候補
12004146	12004146	ルーエプラッツ ツオップ	千葉県	飲食店	カフェ	松戸市	https://tabelog.com/chiba/A1203/A120302/12004146/	https://award.tabelog.com/hyakumeiten/cafe/2021	The Tabelog Award / 百名店 2021 公式名簿候補
13056474	13056474	クルミドコーヒー	東京都	飲食店	カフェ	西国分寺駅	https://tabelog.com/tokyo/A1325/A132502/13056474/	https://award.tabelog.com/hyakumeiten/cafe/2021	The Tabelog Award / 百名店 2021 公式名簿候補
13002297	13002297	インペリアルラウンジ アクア	東京都	飲食店	カフェ	日比谷駅	https://tabelog.com/tokyo/A1301/A130102/13002297/	https://award.tabelog.com/hyakumeiten/cafe/2021	The Tabelog Award / 百名店 2021 公式名簿候補
13162482	13162482	Turret Coffee	東京都	飲食店	カフェ	築地駅	https://tabelog.com/tokyo/A1313/A131301/13162482/	https://award.tabelog.com/hyakumeiten/cafe/2021	The Tabelog Award / 百名店 2021 公式名簿候補
26004189	26004189	カフェ 火裏蓮花	京都府	飲食店	カフェ	京都市役所前駅	https://tabelog.com/kyoto/A2601/A260202/26004189/	https://award.tabelog.com/hyakumeiten/cafe/2021	The Tabelog Award / 百名店 2021 公式名簿候補
14035310	14035310	bills 横浜赤レンガ倉庫	神奈川県	飲食店	カフェ	馬車道駅	https://tabelog.com/kanagawa/A1401/A140104/14035310/	https://award.tabelog.com/hyakumeiten/cafe/2021	The Tabelog Award / 百名店 2021 公式名簿候補
13043546	13043546	茶茶の間	東京都	飲食店	カフェ	明治神宮前駅	https://tabelog.com/tokyo/A1306/A130601/13043546/	https://award.tabelog.com/hyakumeiten/cafe/2021	The Tabelog Award / 百名店 2021 公式名簿候補
1000080	1000080	森彦	北海道	飲食店	カフェ	円山公園駅	https://tabelog.com/hokkaido/A0101/A010105/1000080/	https://award.tabelog.com/hyakumeiten/cafe/2021	The Tabelog Award / 百名店 2021 公式名簿候補
13135826	13135826	ザ リビング	東京都	飲食店	カフェ	千鳥町駅	https://tabelog.com/tokyo/A1317/A131714/13135826/	https://award.tabelog.com/hyakumeiten/cafe/2021	The Tabelog Award / 百名店 2021 公式名簿候補
13127964	13127964	TORAYA AN STAND 青山一丁目店	東京都	飲食店	カフェ	青山一丁目駅	https://tabelog.com/tokyo/A1306/A130603/13127964/	https://award.tabelog.com/hyakumeiten/cafe/2021	The Tabelog Award / 百名店 2021 公式名簿候補
13021745	13021745	カフェ マメヒコ 三軒茶屋本店	東京都	飲食店	カフェ	三軒茶屋駅	https://tabelog.com/tokyo/A1317/A131706/13021745/	https://award.tabelog.com/hyakumeiten/cafe/2021	The Tabelog Award / 百名店 2021 公式名簿候補
26023725	26023725	鳥の木珈琲	京都府	飲食店	カフェ	丸太町（京都市営）駅	https://tabelog.com/kyoto/A2601/A260202/26023725/	https://award.tabelog.com/hyakumeiten/cafe/2021	The Tabelog Award / 百名店 2021 公式名簿候補
13004505	13004505	BiOcafe	東京都	飲食店	カフェ	渋谷駅	https://tabelog.com/tokyo/A1303/A130301/13004505/	https://award.tabelog.com/hyakumeiten/cafe/2021	The Tabelog Award / 百名店 2021 公式名簿候補
13121811	13121811	Nicolai Bergmann NOMU	東京都	飲食店	カフェ	表参道駅	https://tabelog.com/tokyo/A1306/A130602/13121811/	https://award.tabelog.com/hyakumeiten/cafe/2021	The Tabelog Award / 百名店 2021 公式名簿候補
13026041	13026041	Paul Bassett 新宿	東京都	飲食店	カフェ	西新宿駅	https://tabelog.com/tokyo/A1304/A130401/13026041/	https://award.tabelog.com/hyakumeiten/cafe/2021	The Tabelog Award / 百名店 2021 公式名簿候補
13003369	13003369	カフェ・ミケランジェロ	東京都	飲食店	カフェ	代官山駅	https://tabelog.com/tokyo/A1303/A130303/13003369/	https://award.tabelog.com/hyakumeiten/cafe/2021	The Tabelog Award / 百名店 2021 公式名簿候補
13004488	13004488	ザ・テラス	東京都	飲食店	カフェ	恵比寿駅	https://tabelog.com/tokyo/A1303/A130302/13004488/	https://award.tabelog.com/hyakumeiten/cafe/2021	The Tabelog Award / 百名店 2021 公式名簿候補
13148003	13148003	crisscross	東京都	飲食店	カフェ	表参道駅	https://tabelog.com/tokyo/A1306/A130602/13148003/	https://award.tabelog.com/hyakumeiten/cafe/2021	The Tabelog Award / 百名店 2021 公式名簿候補
13099859	13099859	HIGASHIYA GINZA	東京都	飲食店	カフェ	銀座一丁目駅	https://tabelog.com/tokyo/A1301/A130101/13099859/	https://award.tabelog.com/hyakumeiten/cafe/2021	The Tabelog Award / 百名店 2021 公式名簿候補
26000627	26000627	ムレスナティーハウス 京都	京都府	飲食店	カフェ	烏丸駅	https://tabelog.com/kyoto/A2601/A260201/26000627/	https://award.tabelog.com/hyakumeiten/cafe/2021	The Tabelog Award / 百名店 2021 公式名簿候補
13212182	13212182	ペリカンカフェ	東京都	飲食店	カフェ	田原町駅	https://tabelog.com/tokyo/A1311/A131103/13212182/	https://award.tabelog.com/hyakumeiten/cafe/2021	The Tabelog Award / 百名店 2021 公式名簿候補
13182399	13182399	ディゾン 水道橋	東京都	飲食店	カフェ	水道橋駅	https://tabelog.com/tokyo/A1310/A131003/13182399/	https://award.tabelog.com/hyakumeiten/cafe/2021	The Tabelog Award / 百名店 2021 公式名簿候補
13120781	13120781	すみだ珈琲	東京都	飲食店	カフェ	錦糸町駅	https://tabelog.com/tokyo/A1312/A131201/13120781/	https://award.tabelog.com/hyakumeiten/cafe/2021	The Tabelog Award / 百名店 2021 公式名簿候補
13003817	13003817	ル・ジャルダン	東京都	飲食店	カフェ	早稲田（都電）駅	https://tabelog.com/tokyo/A1309/A130905/13003817/	https://award.tabelog.com/hyakumeiten/cafe/2021	The Tabelog Award / 百名店 2021 公式名簿候補
13012089	13012089	CAFE AALIYA	東京都	飲食店	カフェ	新宿三丁目駅	https://tabelog.com/tokyo/A1304/A130401/13012089/	https://award.tabelog.com/hyakumeiten/cafe/2021	The Tabelog Award / 百名店 2021 公式名簿候補
13159456	13159456	クリントン・ストリート・ベイキング・カンパニー 南青山店	東京都	飲食店	カフェ	表参道駅	https://tabelog.com/tokyo/A1306/A130602/13159456/	https://award.tabelog.com/hyakumeiten/cafe/2021	The Tabelog Award / 百名店 2021 公式名簿候補
27055738	27055738	ダマン リュミエール 難波	大阪府	飲食店	カフェ	難波（南海）駅	https://tabelog.com/osaka/A2701/A270202/27055738/	https://award.tabelog.com/hyakumeiten/cafe/2021	The Tabelog Award / 百名店 2021 公式名簿候補
14002141	14002141	カフェ・ヴィヴモン・ディモンシュ	神奈川県	飲食店	カフェ	鎌倉駅	https://tabelog.com/kanagawa/A1404/A140402/14002141/	https://award.tabelog.com/hyakumeiten/cafe/2021	The Tabelog Award / 百名店 2021 公式名簿候補
27003907	27003907	Cafe 婆沙羅 かえる堂	大阪府	飲食店	カフェ	西大橋駅	https://tabelog.com/osaka/A2701/A270201/27003907/	https://award.tabelog.com/hyakumeiten/cafe/2021	The Tabelog Award / 百名店 2021 公式名簿候補
13120235	13120235	エスプレッソ ファクトリー	東京都	飲食店	カフェ	千駄木駅	https://tabelog.com/tokyo/A1311/A131106/13120235/	https://award.tabelog.com/hyakumeiten/cafe/2021	The Tabelog Award / 百名店 2021 公式名簿候補
26001633	26001633	カフェ・ドン バイ スフェラ	京都府	飲食店	カフェ	祇園四条駅	https://tabelog.com/kyoto/A2601/A260301/26001633/	https://award.tabelog.com/hyakumeiten/cafe/2021	The Tabelog Award / 百名店 2021 公式名簿候補
28029699	28029699	カフェ ケシパール	兵庫県	飲食店	カフェ	神戸三宮（阪神）駅	https://tabelog.com/hyogo/A2801/A280101/28029699/	https://award.tabelog.com/hyakumeiten/cafe/2021	The Tabelog Award / 百名店 2021 公式名簿候補
13117790	13117790	カフェ エメ・ヴィベール コレド室町	東京都	飲食店	カフェ	三越前駅	https://tabelog.com/tokyo/A1302/A130202/13117790/	https://award.tabelog.com/hyakumeiten/cafe/2021	The Tabelog Award / 百名店 2021 公式名簿候補
27073953	27073953	Cafe AMADEUS STORY	大阪府	飲食店	カフェ	渡辺橋駅	https://tabelog.com/osaka/A2701/A270108/27073953/	https://award.tabelog.com/hyakumeiten/cafe/2021	The Tabelog Award / 百名店 2021 公式名簿候補
13180843	13180843	ザ・ラウンジ byアマン	東京都	飲食店	カフェ	大手町駅	https://tabelog.com/tokyo/A1302/A130201/13180843/	https://award.tabelog.com/hyakumeiten/cafe/2021	The Tabelog Award / 百名店 2021 公式名簿候補
23032100	23032100	四川 China 八兵衛	愛知県	飲食店	中国料理	日進市	https://tabelog.com/aichi/A2303/A230302/23032100/	https://award.tabelog.com/hyakumeiten/chinese_east/2021	The Tabelog Award / 百名店 2021 公式名簿候補
23000378	23000378	四川	愛知県	飲食店	中国料理	港区役所駅	https://tabelog.com/aichi/A2301/A230112/23000378/	https://award.tabelog.com/hyakumeiten/chinese_east/2021	The Tabelog Award / 百名店 2021 公式名簿候補
14000104	14000104	安記	神奈川県	飲食店	中国料理	日本大通り駅	https://tabelog.com/kanagawa/A1401/A140105/14000104/	https://award.tabelog.com/hyakumeiten/chinese_east/2021	The Tabelog Award / 百名店 2021 公式名簿候補
14006821	14006821	徳記	神奈川県	飲食店	中国料理	石川町駅	https://tabelog.com/kanagawa/A1401/A140105/14006821/	https://award.tabelog.com/hyakumeiten/chinese_east/2021	The Tabelog Award / 百名店 2021 公式名簿候補
12020350	12020350	蔓山	千葉県	飲食店	中国料理	幕張本郷駅	https://tabelog.com/chiba/A1201/A120102/12020350/	https://award.tabelog.com/hyakumeiten/chinese_east/2021	The Tabelog Award / 百名店 2021 公式名簿候補
23000323	23000323	梨杏	愛知県	飲食店	中国料理	名古屋駅	https://tabelog.com/aichi/A2301/A230101/23000323/	https://award.tabelog.com/hyakumeiten/chinese_east/2021	The Tabelog Award / 百名店 2021 公式名簿候補
12002798	12002798	シルクロードガーデン	千葉県	飲食店	中国料理	東京ディズニーシー・ステーション駅	https://tabelog.com/chiba/A1202/A120203/12002798/	https://award.tabelog.com/hyakumeiten/chinese_east/2021	The Tabelog Award / 百名店 2021 公式名簿候補
23007234	23007234	北京本店	愛知県	飲食店	中国料理	安城市	https://tabelog.com/aichi/A2305/A230503/23007234/	https://award.tabelog.com/hyakumeiten/chinese_east/2021	The Tabelog Award / 百名店 2021 公式名簿候補
14002761	14002761	華正樓 鎌倉店	神奈川県	飲食店	中国料理	長谷駅	https://tabelog.com/kanagawa/A1404/A140402/14002761/	https://award.tabelog.com/hyakumeiten/chinese_east/2021	The Tabelog Award / 百名店 2021 公式名簿候補
1047753	1047753	チムウォック	北海道	飲食店	中国料理	西８丁目駅	https://tabelog.com/hokkaido/A0101/A010103/1047753/	https://award.tabelog.com/hyakumeiten/chinese_east/2021	The Tabelog Award / 百名店 2021 公式名簿候補
14000042	14000042	中国料理 カリュウ	神奈川県	飲食店	中国料理	みなとみらい駅	https://tabelog.com/kanagawa/A1401/A140103/14000042/	https://award.tabelog.com/hyakumeiten/chinese_east/2021	The Tabelog Award / 百名店 2021 公式名簿候補
14000147	14000147	保昌	神奈川県	飲食店	中国料理	元町・中華街駅	https://tabelog.com/kanagawa/A1401/A140105/14000147/	https://award.tabelog.com/hyakumeiten/chinese_east/2021	The Tabelog Award / 百名店 2021 公式名簿候補
1004037	1004037	中国料理 美麗華	北海道	飲食店	中国料理	豊水すすきの駅	https://tabelog.com/hokkaido/A0101/A010303/1004037/	https://award.tabelog.com/hyakumeiten/chinese_east/2021	The Tabelog Award / 百名店 2021 公式名簿候補
14010899	14010899	陳建一 麻婆豆腐店 みなとみらい店	神奈川県	飲食店	中国料理	みなとみらい駅	https://tabelog.com/kanagawa/A1401/A140103/14010899/	https://award.tabelog.com/hyakumeiten/chinese_east/2021	The Tabelog Award / 百名店 2021 公式名簿候補
1000665	1000665	孔子餐店	北海道	飲食店	中国料理	北１２条駅	https://tabelog.com/hokkaido/A0101/A010201/1000665/	https://award.tabelog.com/hyakumeiten/chinese_east/2021	The Tabelog Award / 百名店 2021 公式名簿候補
14000113	14000113	馬さんの店 龍仙 本館	神奈川県	飲食店	中国料理	石川町駅	https://tabelog.com/kanagawa/A1401/A140105/14000113/	https://award.tabelog.com/hyakumeiten/chinese_east/2021	The Tabelog Award / 百名店 2021 公式名簿候補
14013831	14013831	中華料理 龍鳳酒家	神奈川県	飲食店	中国料理	日本大通り駅	https://tabelog.com/kanagawa/A1401/A140105/14013831/	https://award.tabelog.com/hyakumeiten/chinese_east/2021	The Tabelog Award / 百名店 2021 公式名簿候補
23072536	23072536	小菜一碟	愛知県	飲食店	中国料理	高岳駅	https://tabelog.com/aichi/A2301/A230104/23072536/	https://award.tabelog.com/hyakumeiten/chinese_east/2021	The Tabelog Award / 百名店 2021 公式名簿候補
8000134	8000134	炎神	茨城県	飲食店	中国料理	水戸市	https://tabelog.com/ibaraki/A0801/A080101/8000134/	https://award.tabelog.com/hyakumeiten/chinese_east/2021	The Tabelog Award / 百名店 2021 公式名簿候補
14039889	14039889	翆陽 エクシブ箱根離宮	神奈川県	飲食店	中国料理	宮ノ下駅	https://tabelog.com/kanagawa/A1410/A141001/14039889/	https://award.tabelog.com/hyakumeiten/chinese_east/2021	The Tabelog Award / 百名店 2021 公式名簿候補
14000500	14000500	三和楼	神奈川県	飲食店	中国料理	元町・中華街駅	https://tabelog.com/kanagawa/A1401/A140105/14000500/	https://award.tabelog.com/hyakumeiten/chinese_east/2021	The Tabelog Award / 百名店 2021 公式名簿候補
23000312	23000312	スーツァンレストラン 陳 名古屋店	愛知県	飲食店	中国料理	名古屋駅	https://tabelog.com/aichi/A2301/A230101/23000312/	https://award.tabelog.com/hyakumeiten/chinese_east/2021	The Tabelog Award / 百名店 2021 公式名簿候補
14000487	14000487	楽園	神奈川県	飲食店	中国料理	日本大通り駅	https://tabelog.com/kanagawa/A1401/A140105/14000487/	https://award.tabelog.com/hyakumeiten/chinese_east/2021	The Tabelog Award / 百名店 2021 公式名簿候補
23002546	23002546	菜の花	愛知県	飲食店	中国料理	池下駅	https://tabelog.com/aichi/A2301/A230106/23002546/	https://award.tabelog.com/hyakumeiten/chinese_east/2021	The Tabelog Award / 百名店 2021 公式名簿候補
14003055	14003055	菜香新館	神奈川県	飲食店	中国料理	元町・中華街駅	https://tabelog.com/kanagawa/A1401/A140105/14003055/	https://award.tabelog.com/hyakumeiten/chinese_east/2021	The Tabelog Award / 百名店 2021 公式名簿候補
23063252	23063252	MASA'S KITCHEN 名古屋JRゲートタワー	愛知県	飲食店	中国料理	名古屋駅	https://tabelog.com/aichi/A2301/A230101/23063252/	https://award.tabelog.com/hyakumeiten/chinese_east/2021	The Tabelog Award / 百名店 2021 公式名簿候補
1000195	1000195	中華料理 香州	北海道	飲食店	中国料理	狸小路駅	https://tabelog.com/hokkaido/A0101/A010103/1000195/	https://award.tabelog.com/hyakumeiten/chinese_east/2021	The Tabelog Award / 百名店 2021 公式名簿候補
22000041	22000041	名鉄菜館	静岡県	飲食店	中国料理	御殿場市	https://tabelog.com/shizuoka/A2204/A220402/22000041/	https://award.tabelog.com/hyakumeiten/chinese_east/2021	The Tabelog Award / 百名店 2021 公式名簿候補
11033146	11033146	永吉	埼玉県	飲食店	中国料理	西川口駅	https://tabelog.com/saitama/A1102/A110201/11033146/	https://award.tabelog.com/hyakumeiten/chinese_east/2021	The Tabelog Award / 百名店 2021 公式名簿候補
14000669	14000669	萬来亭	神奈川県	飲食店	中国料理	元町・中華街駅	https://tabelog.com/kanagawa/A1401/A140105/14000669/	https://award.tabelog.com/hyakumeiten/chinese_east/2021	The Tabelog Award / 百名店 2021 公式名簿候補
14000374	14000374	中国料理 皇苑	神奈川県	飲食店	中国料理	みなとみらい駅	https://tabelog.com/kanagawa/A1401/A140103/14000374/	https://award.tabelog.com/hyakumeiten/chinese_east/2021	The Tabelog Award / 百名店 2021 公式名簿候補
23000289	23000289	ホテルオークラレストラン名古屋 中国料理 桃花林	愛知県	飲食店	中国料理	高岳駅	https://tabelog.com/aichi/A2301/A230104/23000289/	https://award.tabelog.com/hyakumeiten/chinese_east/2021	The Tabelog Award / 百名店 2021 公式名簿候補
14041213	14041213	DRAGON酒家 本店	神奈川県	飲食店	中国料理	横浜駅	https://tabelog.com/kanagawa/A1401/A140101/14041213/	https://award.tabelog.com/hyakumeiten/chinese_east/2021	The Tabelog Award / 百名店 2021 公式名簿候補
14005832	14005832	広東料理 吉兆	神奈川県	飲食店	中国料理	元町・中華街駅	https://tabelog.com/kanagawa/A1401/A140105/14005832/	https://award.tabelog.com/hyakumeiten/chinese_east/2021	The Tabelog Award / 百名店 2021 公式名簿候補
23000585	23000585	涵梅舫	愛知県	飲食店	中国料理	近鉄名古屋駅	https://tabelog.com/aichi/A2301/A230101/23000585/	https://award.tabelog.com/hyakumeiten/chinese_east/2021	The Tabelog Award / 百名店 2021 公式名簿候補
23000319	23000319	中国料理 「王朝」 ヒルトン名古屋	愛知県	飲食店	中国料理	伏見駅	https://tabelog.com/aichi/A2301/A230102/23000319/	https://award.tabelog.com/hyakumeiten/chinese_east/2021	The Tabelog Award / 百名店 2021 公式名簿候補
14000499	14000499	景徳鎮	神奈川県	飲食店	中国料理	元町・中華街駅	https://tabelog.com/kanagawa/A1401/A140105/14000499/	https://award.tabelog.com/hyakumeiten/chinese_east/2021	The Tabelog Award / 百名店 2021 公式名簿候補
1034189	1034189	順香	北海道	飲食店	中国料理	大通駅	https://tabelog.com/hokkaido/A0101/A010102/1034189/	https://award.tabelog.com/hyakumeiten/chinese_east/2021	The Tabelog Award / 百名店 2021 公式名簿候補
23033553	23033553	茗圃	愛知県	飲食店	中国料理	伏見駅	https://tabelog.com/aichi/A2301/A230102/23033553/	https://award.tabelog.com/hyakumeiten/chinese_east/2021	The Tabelog Award / 百名店 2021 公式名簿候補
12004381	12004381	文菜華	千葉県	飲食店	中国料理	柏駅	https://tabelog.com/chiba/A1203/A120301/12004381/	https://award.tabelog.com/hyakumeiten/chinese_east/2021	The Tabelog Award / 百名店 2021 公式名簿候補
14000484	14000484	慶華飯店	神奈川県	飲食店	中国料理	日本大通り駅	https://tabelog.com/kanagawa/A1401/A140104/14000484/	https://award.tabelog.com/hyakumeiten/chinese_east/2021	The Tabelog Award / 百名店 2021 公式名簿候補
1000246	1000246	黄鶴	北海道	飲食店	中国料理	大通駅	https://tabelog.com/hokkaido/A0101/A010102/1000246/	https://award.tabelog.com/hyakumeiten/chinese_east/2021	The Tabelog Award / 百名店 2021 公式名簿候補
23006292	23006292	中国料理 吉珍樓 ルーセントタワー店	愛知県	飲食店	中国料理	亀島駅	https://tabelog.com/aichi/A2301/A230101/23006292/	https://award.tabelog.com/hyakumeiten/chinese_east/2021	The Tabelog Award / 百名店 2021 公式名簿候補
23000564	23000564	Joe'skitchen	愛知県	飲食店	中国料理	久屋大通駅	https://tabelog.com/aichi/A2301/A230103/23000564/	https://award.tabelog.com/hyakumeiten/chinese_east/2021	The Tabelog Award / 百名店 2021 公式名簿候補
14001910	14001910	中華成喜	神奈川県	飲食店	中国料理	川崎駅	https://tabelog.com/kanagawa/A1405/A140501/14001910/	https://award.tabelog.com/hyakumeiten/chinese_east/2021	The Tabelog Award / 百名店 2021 公式名簿候補
14000514	14000514	招福門 横浜本店	神奈川県	飲食店	中国料理	元町・中華街駅	https://tabelog.com/kanagawa/A1401/A140105/14000514/	https://award.tabelog.com/hyakumeiten/chinese_east/2021	The Tabelog Award / 百名店 2021 公式名簿候補
1000972	1000972	中華料理 唐韻	北海道	飲食店	中国料理	美園駅	https://tabelog.com/hokkaido/A0101/A010303/1000972/	https://award.tabelog.com/hyakumeiten/chinese_east/2021	The Tabelog Award / 百名店 2021 公式名簿候補
23000273	23000273	江南 本店	愛知県	飲食店	中国料理	国際センター駅	https://tabelog.com/aichi/A2301/A230101/23000273/	https://award.tabelog.com/hyakumeiten/chinese_east/2021	The Tabelog Award / 百名店 2021 公式名簿候補
14000539	14000539	李園	神奈川県	飲食店	中国料理	山手駅	https://tabelog.com/kanagawa/A1401/A140106/14000539/	https://award.tabelog.com/hyakumeiten/chinese_east/2021	The Tabelog Award / 百名店 2021 公式名簿候補
23007289	23007289	城北飯店	愛知県	飲食店	中国料理	岡崎市	https://tabelog.com/aichi/A2305/A230502/23007289/	https://award.tabelog.com/hyakumeiten/chinese_east/2021	The Tabelog Award / 百名店 2021 公式名簿候補
4000056	4000056	中国料理 龍亭	宮城県	飲食店	中国料理	勾当台公園駅	https://tabelog.com/miyagi/A0401/A040101/4000056/	https://award.tabelog.com/hyakumeiten/chinese_east/2021	The Tabelog Award / 百名店 2021 公式名簿候補
1005627	1005627	宮の森れんげ堂	北海道	飲食店	中国料理	札幌市中央区	https://tabelog.com/hokkaido/A0101/A010105/1005627/	https://award.tabelog.com/hyakumeiten/chinese_east/2021	The Tabelog Award / 百名店 2021 公式名簿候補
14000107	14000107	奇珍	神奈川県	飲食店	中国料理	山手駅	https://tabelog.com/kanagawa/A1401/A140105/14000107/	https://award.tabelog.com/hyakumeiten/chinese_east/2021	The Tabelog Award / 百名店 2021 公式名簿候補
14004028	14004028	北京 川崎宮崎台店	神奈川県	飲食店	中国料理	宮崎台駅	https://tabelog.com/kanagawa/A1405/A140507/14004028/	https://award.tabelog.com/hyakumeiten/chinese_east/2021	The Tabelog Award / 百名店 2021 公式名簿候補
14003056	14003056	横浜中華街 中國上海料理 四五六菜館 本館	神奈川県	飲食店	中国料理	元町・中華街駅	https://tabelog.com/kanagawa/A1401/A140105/14003056/	https://award.tabelog.com/hyakumeiten/chinese_east/2021	The Tabelog Award / 百名店 2021 公式名簿候補
12000282	12000282	川菜味	千葉県	飲食店	中国料理	京成船橋駅	https://tabelog.com/chiba/A1202/A120201/12000282/	https://award.tabelog.com/hyakumeiten/chinese_east/2021	The Tabelog Award / 百名店 2021 公式名簿候補
14012625	14012625	華正樓 高島屋新横浜店	神奈川県	飲食店	中国料理	新横浜駅	https://tabelog.com/kanagawa/A1401/A140206/14012625/	https://award.tabelog.com/hyakumeiten/chinese_east/2021	The Tabelog Award / 百名店 2021 公式名簿候補
14000128	14000128	萬珍樓點心舗	神奈川県	飲食店	中国料理	日本大通り駅	https://tabelog.com/kanagawa/A1401/A140105/14000128/	https://award.tabelog.com/hyakumeiten/chinese_east/2021	The Tabelog Award / 百名店 2021 公式名簿候補
14001178	14001178	京華樓	神奈川県	飲食店	中国料理	元町・中華街駅	https://tabelog.com/kanagawa/A1401/A140105/14001178/	https://award.tabelog.com/hyakumeiten/chinese_east/2021	The Tabelog Award / 百名店 2021 公式名簿候補
1005513	1005513	赤坂 四川飯店 札幌ガーデンパレス店	北海道	飲食店	中国料理	西８丁目駅	https://tabelog.com/hokkaido/A0101/A010102/1005513/	https://award.tabelog.com/hyakumeiten/chinese_east/2021	The Tabelog Award / 百名店 2021 公式名簿候補
14000069	14000069	崎陽軒本店 嘉宮	神奈川県	飲食店	中国料理	横浜駅	https://tabelog.com/kanagawa/A1401/A140101/14000069/	https://award.tabelog.com/hyakumeiten/chinese_east/2021	The Tabelog Award / 百名店 2021 公式名簿候補
23000528	23000528	錦城 本店	愛知県	飲食店	中国料理	高畑駅	https://tabelog.com/aichi/A2301/A230113/23000528/	https://award.tabelog.com/hyakumeiten/chinese_east/2021	The Tabelog Award / 百名店 2021 公式名簿候補
1001655	1001655	玉林酒家	北海道	飲食店	中国料理	栄町（札幌）駅	https://tabelog.com/hokkaido/A0101/A010202/1001655/	https://award.tabelog.com/hyakumeiten/chinese_east/2021	The Tabelog Award / 百名店 2021 公式名簿候補
11004552	11004552	啓徳	埼玉県	飲食店	中国料理	与野駅	https://tabelog.com/saitama/A1101/A110101/11004552/	https://award.tabelog.com/hyakumeiten/chinese_east/2021	The Tabelog Award / 百名店 2021 公式名簿候補
14000485	14000485	一楽	神奈川県	飲食店	中国料理	日本大通り駅	https://tabelog.com/kanagawa/A1401/A140105/14000485/	https://award.tabelog.com/hyakumeiten/chinese_east/2021	The Tabelog Award / 百名店 2021 公式名簿候補
14011856	14011856	CHINA TABLE 花木蘭	神奈川県	飲食店	中国料理	戸塚駅	https://tabelog.com/kanagawa/A1401/A140305/14011856/	https://award.tabelog.com/hyakumeiten/chinese_east/2021	The Tabelog Award / 百名店 2021 公式名簿候補
1001971	1001971	中国料理 布袋 本店	北海道	飲食店	中国料理	中央区役所前駅	https://tabelog.com/hokkaido/A0101/A010102/1001971/	https://award.tabelog.com/hyakumeiten/chinese_east/2021	The Tabelog Award / 百名店 2021 公式名簿候補
14064517	14064517	南粤美食	神奈川県	飲食店	中国料理	元町・中華街駅	https://tabelog.com/kanagawa/A1401/A140105/14064517/	https://award.tabelog.com/hyakumeiten/chinese_east/2021	The Tabelog Award / 百名店 2021 公式名簿候補
14040668	14040668	鵬天閣 新館	神奈川県	飲食店	中国料理	元町・中華街駅	https://tabelog.com/kanagawa/A1401/A140105/14040668/	https://award.tabelog.com/hyakumeiten/chinese_east/2021	The Tabelog Award / 百名店 2021 公式名簿候補
14016280	14016280	三鶴	神奈川県	飲食店	中国料理	川崎駅	https://tabelog.com/kanagawa/A1405/A140501/14016280/	https://award.tabelog.com/hyakumeiten/chinese_east/2021	The Tabelog Award / 百名店 2021 公式名簿候補
14004715	14004715	中国家庭料理 神洲之華	神奈川県	飲食店	中国料理	登戸駅	https://tabelog.com/kanagawa/A1405/A140506/14004715/	https://award.tabelog.com/hyakumeiten/chinese_east/2021	The Tabelog Award / 百名店 2021 公式名簿候補
9000148	9000148	中華園	栃木県	飲食店	中国料理	宇都宮市	https://tabelog.com/tochigi/A0901/A090101/9000148/	https://award.tabelog.com/hyakumeiten/chinese_east/2021	The Tabelog Award / 百名店 2021 公式名簿候補
14000152	14000152	中華菜館 同發 本館	神奈川県	飲食店	中国料理	元町・中華街駅	https://tabelog.com/kanagawa/A1401/A140105/14000152/	https://award.tabelog.com/hyakumeiten/chinese_east/2021	The Tabelog Award / 百名店 2021 公式名簿候補
14031172	14031172	中国旬菜 茶馬燕	神奈川県	飲食店	中国料理	藤沢駅	https://tabelog.com/kanagawa/A1404/A140404/14031172/	https://award.tabelog.com/hyakumeiten/chinese_east/2021	The Tabelog Award / 百名店 2021 公式名簿候補
1000033	1000033	四川料理 桃源郷	北海道	飲食店	中国料理	中島公園駅	https://tabelog.com/hokkaido/A0101/A010104/1000033/	https://award.tabelog.com/hyakumeiten/chinese_east/2021	The Tabelog Award / 百名店 2021 公式名簿候補
14001739	14001739	松の樹	神奈川県	飲食店	中国料理	京急川崎駅	https://tabelog.com/kanagawa/A1405/A140501/14001739/	https://award.tabelog.com/hyakumeiten/chinese_east/2021	The Tabelog Award / 百名店 2021 公式名簿候補
23010210	23010210	海鮮中国料理黄河	愛知県	飲食店	中国料理	国際センター駅	https://tabelog.com/aichi/A2301/A230101/23010210/	https://award.tabelog.com/hyakumeiten/chinese_east/2021	The Tabelog Award / 百名店 2021 公式名簿候補
14005003	14005003	華隆餐館	神奈川県	飲食店	中国料理	伊勢佐木長者町駅	https://tabelog.com/kanagawa/A1401/A140104/14005003/	https://award.tabelog.com/hyakumeiten/chinese_east/2021	The Tabelog Award / 百名店 2021 公式名簿候補
14001312	14001312	中国料理 彩龍	神奈川県	飲食店	中国料理	横浜駅	https://tabelog.com/kanagawa/A1401/A140101/14001312/	https://award.tabelog.com/hyakumeiten/chinese_east/2021	The Tabelog Award / 百名店 2021 公式名簿候補
4022461	4022461	クロモリ	宮城県	飲食店	中国料理	仙台市太白区	https://tabelog.com/miyagi/A0401/A040105/4022461/	https://award.tabelog.com/hyakumeiten/chinese_east/2021	The Tabelog Award / 百名店 2021 公式名簿候補
14001480	14001480	天啓	神奈川県	飲食店	中国料理	センター北駅	https://tabelog.com/kanagawa/A1401/A140203/14001480/	https://award.tabelog.com/hyakumeiten/chinese_east/2021	The Tabelog Award / 百名店 2021 公式名簿候補
14000140	14000140	聘珍樓 横濱本店	神奈川県	飲食店	中国料理	日本大通り駅	https://tabelog.com/kanagawa/A1401/A140105/14000140/	https://award.tabelog.com/hyakumeiten/chinese_east/2021	The Tabelog Award / 百名店 2021 公式名簿候補
14000144	14000144	萬珍樓 本店	神奈川県	飲食店	中国料理	日本大通り駅	https://tabelog.com/kanagawa/A1401/A140105/14000144/	https://award.tabelog.com/hyakumeiten/chinese_east/2021	The Tabelog Award / 百名店 2021 公式名簿候補
14009596	14009596	粥菜坊	神奈川県	飲食店	中国料理	武蔵小杉駅	https://tabelog.com/kanagawa/A1405/A140504/14009596/	https://award.tabelog.com/hyakumeiten/chinese_east/2021	The Tabelog Award / 百名店 2021 公式名簿候補
14000501	14000501	清風楼	神奈川県	飲食店	中国料理	元町・中華街駅	https://tabelog.com/kanagawa/A1401/A140105/14000501/	https://award.tabelog.com/hyakumeiten/chinese_east/2021	The Tabelog Award / 百名店 2021 公式名簿候補
14000137	14000137	海員閣	神奈川県	飲食店	中国料理	元町・中華街駅	https://tabelog.com/kanagawa/A1401/A140105/14000137/	https://award.tabelog.com/hyakumeiten/chinese_east/2021	The Tabelog Award / 百名店 2021 公式名簿候補
14007196	14007196	獅門酒楼	神奈川県	飲食店	中国料理	石川町駅	https://tabelog.com/kanagawa/A1401/A140105/14007196/	https://award.tabelog.com/hyakumeiten/chinese_east/2021	The Tabelog Award / 百名店 2021 公式名簿候補
14009251	14009251	龍味	神奈川県	飲食店	中国料理	横浜駅	https://tabelog.com/kanagawa/A1401/A140101/14009251/	https://award.tabelog.com/hyakumeiten/chinese_east/2021	The Tabelog Award / 百名店 2021 公式名簿候補
14011823	14011823	酔来軒	神奈川県	飲食店	中国料理	阪東橋駅	https://tabelog.com/kanagawa/A1401/A140306/14011823/	https://award.tabelog.com/hyakumeiten/chinese_east/2021	The Tabelog Award / 百名店 2021 公式名簿候補
14000679	14000679	横浜中華街 北京飯店	神奈川県	飲食店	中国料理	元町・中華街駅	https://tabelog.com/kanagawa/A1401/A140105/14000679/	https://award.tabelog.com/hyakumeiten/chinese_east/2021	The Tabelog Award / 百名店 2021 公式名簿候補
14000101	14000101	謝甜記	神奈川県	飲食店	中国料理	元町・中華街駅	https://tabelog.com/kanagawa/A1401/A140105/14000101/	https://award.tabelog.com/hyakumeiten/chinese_east/2021	The Tabelog Award / 百名店 2021 公式名簿候補
14003796	14003796	中華菜館 同發 別館	神奈川県	飲食店	中国料理	元町・中華街駅	https://tabelog.com/kanagawa/A1401/A140105/14003796/	https://award.tabelog.com/hyakumeiten/chinese_east/2021	The Tabelog Award / 百名店 2021 公式名簿候補
23064306	23064306	中国飯店 麗穂	愛知県	飲食店	中国料理	名鉄名古屋駅	https://tabelog.com/aichi/A2301/A230101/23064306/	https://award.tabelog.com/hyakumeiten/chinese_east/2021	The Tabelog Award / 百名店 2021 公式名簿候補
14000099	14000099	横浜大飯店	神奈川県	飲食店	中国料理	日本大通り駅	https://tabelog.com/kanagawa/A1401/A140105/14000099/	https://award.tabelog.com/hyakumeiten/chinese_east/2021	The Tabelog Award / 百名店 2021 公式名簿候補
14000502	14000502	状元樓 本店	神奈川県	飲食店	中国料理	元町・中華街駅	https://tabelog.com/kanagawa/A1401/A140105/14000502/	https://award.tabelog.com/hyakumeiten/chinese_east/2021	The Tabelog Award / 百名店 2021 公式名簿候補
23064708	23064708	ル シノワ サノ イズミ	愛知県	飲食店	中国料理	高岳駅	https://tabelog.com/aichi/A2301/A230104/23064708/	https://award.tabelog.com/hyakumeiten/chinese_east/2021	The Tabelog Award / 百名店 2021 公式名簿候補
14000676	14000676	謝甜記 貮号店	神奈川県	飲食店	中国料理	元町・中華街駅	https://tabelog.com/kanagawa/A1401/A140105/14000676/	https://award.tabelog.com/hyakumeiten/chinese_east/2021	The Tabelog Award / 百名店 2021 公式名簿候補
13115780	13115780	中国菜老四川 飄香 銀座三越店	東京都	飲食店	中国料理	銀座駅	https://tabelog.com/tokyo/A1301/A130101/13115780/	https://award.tabelog.com/hyakumeiten/chinese_tokyo/2021	The Tabelog Award / 百名店 2021 公式名簿候補
13004490	13004490	龍天門	東京都	飲食店	中国料理	恵比寿駅	https://tabelog.com/tokyo/A1303/A130302/13004490/	https://award.tabelog.com/hyakumeiten/chinese_tokyo/2021	The Tabelog Award / 百名店 2021 公式名簿候補
13000548	13000548	家全七福酒家 SEVENTH SON RESTAURANT 丸ビル店	東京都	飲食店	中国料理	二重橋前駅	https://tabelog.com/tokyo/A1302/A130201/13000548/	https://award.tabelog.com/hyakumeiten/chinese_tokyo/2021	The Tabelog Award / 百名店 2021 公式名簿候補
13022755	13022755	周中菜房 白金亭	東京都	飲食店	中国料理	白金台駅	https://tabelog.com/tokyo/A1316/A131602/13022755/	https://award.tabelog.com/hyakumeiten/chinese_tokyo/2021	The Tabelog Award / 百名店 2021 公式名簿候補
13104815	13104815	紫玉蘭	東京都	飲食店	中国料理	麻布十番駅	https://tabelog.com/tokyo/A1307/A130702/13104815/	https://award.tabelog.com/hyakumeiten/chinese_tokyo/2021	The Tabelog Award / 百名店 2021 公式名簿候補
13039870	13039870	南青山エッセンス	東京都	飲食店	中国料理	表参道駅	https://tabelog.com/tokyo/A1306/A130602/13039870/	https://award.tabelog.com/hyakumeiten/chinese_tokyo/2021	The Tabelog Award / 百名店 2021 公式名簿候補
13000434	13000434	赤坂 四川飯店	東京都	飲食店	中国料理	永田町駅	https://tabelog.com/tokyo/A1308/A130803/13000434/	https://award.tabelog.com/hyakumeiten/chinese_tokyo/2021	The Tabelog Award / 百名店 2021 公式名簿候補
13000411	13000411	新世界菜館	東京都	飲食店	中国料理	神保町駅	https://tabelog.com/tokyo/A1310/A131003/13000411/	https://award.tabelog.com/hyakumeiten/chinese_tokyo/2021	The Tabelog Award / 百名店 2021 公式名簿候補
13003700	13003700	龍圓	東京都	飲食店	中国料理	浅草（つくばＥＸＰ）駅	https://tabelog.com/tokyo/A1311/A131102/13003700/	https://award.tabelog.com/hyakumeiten/chinese_tokyo/2021	The Tabelog Award / 百名店 2021 公式名簿候補
13000884	13000884	シェフス	東京都	飲食店	中国料理	新宿御苑前駅	https://tabelog.com/tokyo/A1304/A130402/13000884/	https://award.tabelog.com/hyakumeiten/chinese_tokyo/2021	The Tabelog Award / 百名店 2021 公式名簿候補
13001509	13001509	味芳斎 支店	東京都	飲食店	中国料理	御成門駅	https://tabelog.com/tokyo/A1314/A131401/13001509/	https://award.tabelog.com/hyakumeiten/chinese_tokyo/2021	The Tabelog Award / 百名店 2021 公式名簿候補
13001909	13001909	スーツァン・レストラン陳 渋谷店	東京都	飲食店	中国料理	渋谷駅	https://tabelog.com/tokyo/A1303/A130301/13001909/	https://award.tabelog.com/hyakumeiten/chinese_tokyo/2021	The Tabelog Award / 百名店 2021 公式名簿候補
13194172	13194172	豊栄	東京都	飲食店	中国料理	茗荷谷駅	https://tabelog.com/tokyo/A1323/A132302/13194172/	https://award.tabelog.com/hyakumeiten/chinese_tokyo/2021	The Tabelog Award / 百名店 2021 公式名簿候補
13003323	13003323	筑紫樓 恵比寿店	東京都	飲食店	中国料理	恵比寿駅	https://tabelog.com/tokyo/A1303/A130302/13003323/	https://award.tabelog.com/hyakumeiten/chinese_tokyo/2021	The Tabelog Award / 百名店 2021 公式名簿候補
13006081	13006081	シャンウェイ 本店	東京都	飲食店	中国料理	外苑前駅	https://tabelog.com/tokyo/A1306/A130603/13006081/	https://award.tabelog.com/hyakumeiten/chinese_tokyo/2021	The Tabelog Award / 百名店 2021 公式名簿候補
13001342	13001342	珉珉	東京都	飲食店	中国料理	乃木坂駅	https://tabelog.com/tokyo/A1306/A130603/13001342/	https://award.tabelog.com/hyakumeiten/chinese_tokyo/2021	The Tabelog Award / 百名店 2021 公式名簿候補
13001116	13001116	潮州	東京都	飲食店	中国料理	荻窪駅	https://tabelog.com/tokyo/A1319/A131906/13001116/	https://award.tabelog.com/hyakumeiten/chinese_tokyo/2021	The Tabelog Award / 百名店 2021 公式名簿候補
13174080	13174080	涵梅舫 銀座店	東京都	飲食店	中国料理	銀座一丁目駅	https://tabelog.com/tokyo/A1301/A130101/13174080/	https://award.tabelog.com/hyakumeiten/chinese_tokyo/2021	The Tabelog Award / 百名店 2021 公式名簿候補
13001102	13001102	北京遊膳	東京都	飲食店	中国料理	荻窪駅	https://tabelog.com/tokyo/A1319/A131906/13001102/	https://award.tabelog.com/hyakumeiten/chinese_tokyo/2021	The Tabelog Award / 百名店 2021 公式名簿候補
13004350	13004350	龍口酒家 本店	東京都	飲食店	中国料理	幡ケ谷駅	https://tabelog.com/tokyo/A1318/A131807/13004350/	https://award.tabelog.com/hyakumeiten/chinese_tokyo/2021	The Tabelog Award / 百名店 2021 公式名簿候補
13009143	13009143	味坊	東京都	飲食店	中国料理	神田駅	https://tabelog.com/tokyo/A1310/A131002/13009143/	https://award.tabelog.com/hyakumeiten/chinese_tokyo/2021	The Tabelog Award / 百名店 2021 公式名簿候補
13002527	13002527	桃花源	東京都	飲食店	中国料理	新橋駅	https://tabelog.com/tokyo/A1301/A130103/13002527/	https://award.tabelog.com/hyakumeiten/chinese_tokyo/2021	The Tabelog Award / 百名店 2021 公式名簿候補
13022712	13022712	過橋米線 秋葉原店	東京都	飲食店	中国料理	末広町駅	https://tabelog.com/tokyo/A1311/A131101/13022712/	https://award.tabelog.com/hyakumeiten/chinese_tokyo/2021	The Tabelog Award / 百名店 2021 公式名簿候補
13001271	13001271	香妃園	東京都	飲食店	中国料理	六本木駅	https://tabelog.com/tokyo/A1307/A130701/13001271/	https://award.tabelog.com/hyakumeiten/chinese_tokyo/2021	The Tabelog Award / 百名店 2021 公式名簿候補
13235226	13235226	サウスラボ 南方	東京都	飲食店	中国料理	錦糸町駅	https://tabelog.com/tokyo/A1312/A131201/13235226/	https://award.tabelog.com/hyakumeiten/chinese_tokyo/2021	The Tabelog Award / 百名店 2021 公式名簿候補
13112320	13112320	四川雅園	東京都	飲食店	中国料理	赤坂駅	https://tabelog.com/tokyo/A1308/A130801/13112320/	https://award.tabelog.com/hyakumeiten/chinese_tokyo/2021	The Tabelog Award / 百名店 2021 公式名簿候補
13147494	13147494	カントニーズ 燕 ケン タカセ	東京都	飲食店	中国料理	東京駅	https://tabelog.com/tokyo/A1302/A130201/13147494/	https://award.tabelog.com/hyakumeiten/chinese_tokyo/2021	The Tabelog Award / 百名店 2021 公式名簿候補
13147894	13147894	聚福楼	東京都	飲食店	中国料理	池袋駅	https://tabelog.com/tokyo/A1305/A130501/13147894/	https://award.tabelog.com/hyakumeiten/chinese_tokyo/2021	The Tabelog Award / 百名店 2021 公式名簿候補
13141454	13141454	広尾はしづめ	東京都	飲食店	中国料理	広尾駅	https://tabelog.com/tokyo/A1307/A130703/13141454/	https://award.tabelog.com/hyakumeiten/chinese_tokyo/2021	The Tabelog Award / 百名店 2021 公式名簿候補
13200117	13200117	CINA New Modern Chinese	東京都	飲食店	中国料理	恵比寿駅	https://tabelog.com/tokyo/A1303/A130302/13200117/	https://award.tabelog.com/hyakumeiten/chinese_tokyo/2021	The Tabelog Award / 百名店 2021 公式名簿候補
13025787	13025787	交通飯店	東京都	飲食店	中国料理	有楽町駅	https://tabelog.com/tokyo/A1301/A130102/13025787/	https://award.tabelog.com/hyakumeiten/chinese_tokyo/2021	The Tabelog Award / 百名店 2021 公式名簿候補
13005028	13005028	赤坂璃宮 赤坂本店	東京都	飲食店	中国料理	赤坂駅	https://tabelog.com/tokyo/A1308/A130801/13005028/	https://award.tabelog.com/hyakumeiten/chinese_tokyo/2021	The Tabelog Award / 百名店 2021 公式名簿候補
13115202	13115202	黒猫夜 六本木店	東京都	飲食店	中国料理	六本木駅	https://tabelog.com/tokyo/A1307/A130701/13115202/	https://award.tabelog.com/hyakumeiten/chinese_tokyo/2021	The Tabelog Award / 百名店 2021 公式名簿候補
13123634	13123634	中華香彩JASMINE 広尾本店	東京都	飲食店	中国料理	広尾駅	https://tabelog.com/tokyo/A1303/A130302/13123634/	https://award.tabelog.com/hyakumeiten/chinese_tokyo/2021	The Tabelog Award / 百名店 2021 公式名簿候補
13020918	13020918	四川家庭料理 珍々	東京都	飲食店	中国料理	京成小岩駅	https://tabelog.com/tokyo/A1312/A131204/13020918/	https://award.tabelog.com/hyakumeiten/chinese_tokyo/2021	The Tabelog Award / 百名店 2021 公式名簿候補
13013346	13013346	赤坂璃宮 銀座店	東京都	飲食店	中国料理	銀座駅	https://tabelog.com/tokyo/A1301/A130101/13013346/	https://award.tabelog.com/hyakumeiten/chinese_tokyo/2021	The Tabelog Award / 百名店 2021 公式名簿候補
13007985	13007985	中国酒家 大三元	東京都	飲食店	中国料理	錦糸町駅	https://tabelog.com/tokyo/A1312/A131201/13007985/	https://award.tabelog.com/hyakumeiten/chinese_tokyo/2021	The Tabelog Award / 百名店 2021 公式名簿候補
13026144	13026144	川菜館	東京都	飲食店	中国料理	新御茶ノ水駅	https://tabelog.com/tokyo/A1310/A131002/13026144/	https://award.tabelog.com/hyakumeiten/chinese_tokyo/2021	The Tabelog Award / 百名店 2021 公式名簿候補
13156026	13156026	中国菜 膳楽房	東京都	飲食店	中国料理	飯田橋駅	https://tabelog.com/tokyo/A1309/A130905/13156026/	https://award.tabelog.com/hyakumeiten/chinese_tokyo/2021	The Tabelog Award / 百名店 2021 公式名簿候補
13013153	13013153	味芳斎 本店	東京都	飲食店	中国料理	大門駅	https://tabelog.com/tokyo/A1314/A131401/13013153/	https://award.tabelog.com/hyakumeiten/chinese_tokyo/2021	The Tabelog Award / 百名店 2021 公式名簿候補
13006446	13006446	龍朋	東京都	飲食店	中国料理	神楽坂駅	https://tabelog.com/tokyo/A1309/A130905/13006446/	https://award.tabelog.com/hyakumeiten/chinese_tokyo/2021	The Tabelog Award / 百名店 2021 公式名簿候補
13142019	13142019	小熊飯店	東京都	飲食店	中国料理	北参道駅	https://tabelog.com/tokyo/A1309/A130901/13142019/	https://award.tabelog.com/hyakumeiten/chinese_tokyo/2021	The Tabelog Award / 百名店 2021 公式名簿候補
13001852	13001852	中国雲南料理 御膳房 六本木店	東京都	飲食店	中国料理	六本木駅	https://tabelog.com/tokyo/A1307/A130701/13001852/	https://award.tabelog.com/hyakumeiten/chinese_tokyo/2021	The Tabelog Award / 百名店 2021 公式名簿候補
13051394	13051394	兆徳	東京都	飲食店	中国料理	本駒込駅	https://tabelog.com/tokyo/A1323/A132301/13051394/	https://award.tabelog.com/hyakumeiten/chinese_tokyo/2021	The Tabelog Award / 百名店 2021 公式名簿候補
13019152	13019152	黒猫夜 赤坂店	東京都	飲食店	中国料理	赤坂見附駅	https://tabelog.com/tokyo/A1308/A130801/13019152/	https://award.tabelog.com/hyakumeiten/chinese_tokyo/2021	The Tabelog Award / 百名店 2021 公式名簿候補
13042931	13042931	ヘイフンテラス	東京都	飲食店	中国料理	日比谷駅	https://tabelog.com/tokyo/A1301/A130102/13042931/	https://award.tabelog.com/hyakumeiten/chinese_tokyo/2021	The Tabelog Award / 百名店 2021 公式名簿候補
13219958	13219958	O2	東京都	飲食店	中国料理	清澄白河駅	https://tabelog.com/tokyo/A1313/A131303/13219958/	https://award.tabelog.com/hyakumeiten/chinese_tokyo/2021	The Tabelog Award / 百名店 2021 公式名簿候補
13225413	13225413	隼	東京都	飲食店	中国料理	六本木駅	https://tabelog.com/tokyo/A1307/A130701/13225413/	https://award.tabelog.com/hyakumeiten/chinese_tokyo/2021	The Tabelog Award / 百名店 2021 公式名簿候補
13001657	13001657	萬来園	東京都	飲食店	中国料理	大井町駅	https://tabelog.com/tokyo/A1315/A131501/13001657/	https://award.tabelog.com/hyakumeiten/chinese_tokyo/2021	The Tabelog Award / 百名店 2021 公式名簿候補
13038505	13038505	四川豆花飯荘 東京店	東京都	飲食店	中国料理	大手町駅	https://tabelog.com/tokyo/A1302/A130201/13038505/	https://award.tabelog.com/hyakumeiten/chinese_tokyo/2021	The Tabelog Award / 百名店 2021 公式名簿候補
13019633	13019633	中国料理 「チャイナブルー」 コンラッド東京	東京都	飲食店	中国料理	汐留駅	https://tabelog.com/tokyo/A1301/A130103/13019633/	https://award.tabelog.com/hyakumeiten/chinese_tokyo/2021	The Tabelog Award / 百名店 2021 公式名簿候補
13221235	13221235	南方中華料理 南三	東京都	飲食店	中国料理	四谷三丁目駅	https://tabelog.com/tokyo/A1309/A130903/13221235/	https://award.tabelog.com/hyakumeiten/chinese_tokyo/2021	The Tabelog Award / 百名店 2021 公式名簿候補
13006835	13006835	全聚徳 新宿店	東京都	飲食店	中国料理	新宿三丁目駅	https://tabelog.com/tokyo/A1304/A130401/13006835/	https://award.tabelog.com/hyakumeiten/chinese_tokyo/2021	The Tabelog Award / 百名店 2021 公式名簿候補
13002096	13002096	中華風家庭料理 ふーみん	東京都	飲食店	中国料理	表参道駅	https://tabelog.com/tokyo/A1306/A130602/13002096/	https://award.tabelog.com/hyakumeiten/chinese_tokyo/2021	The Tabelog Award / 百名店 2021 公式名簿候補
13041758	13041758	同源楼	東京都	飲食店	中国料理	赤坂見附駅	https://tabelog.com/tokyo/A1308/A130801/13041758/	https://award.tabelog.com/hyakumeiten/chinese_tokyo/2021	The Tabelog Award / 百名店 2021 公式名簿候補
13005033	13005033	ワキヤ 一笑美茶樓	東京都	飲食店	中国料理	赤坂駅	https://tabelog.com/tokyo/A1308/A130801/13005033/	https://award.tabelog.com/hyakumeiten/chinese_tokyo/2021	The Tabelog Award / 百名店 2021 公式名簿候補
13017089	13017089	チャイナルーム	東京都	飲食店	中国料理	六本木駅	https://tabelog.com/tokyo/A1307/A130701/13017089/	https://award.tabelog.com/hyakumeiten/chinese_tokyo/2021	The Tabelog Award / 百名店 2021 公式名簿候補
13178164	13178164	エンジン	東京都	飲食店	中国料理	牛込神楽坂駅	https://tabelog.com/tokyo/A1309/A130905/13178164/	https://award.tabelog.com/hyakumeiten/chinese_tokyo/2021	The Tabelog Award / 百名店 2021 公式名簿候補
13135036	13135036	SEN YO	東京都	飲食店	中国料理	東高円寺駅	https://tabelog.com/tokyo/A1319/A131904/13135036/	https://award.tabelog.com/hyakumeiten/chinese_tokyo/2021	The Tabelog Award / 百名店 2021 公式名簿候補
13030918	13030918	古月 新宿	東京都	飲食店	中国料理	新宿御苑前駅	https://tabelog.com/tokyo/A1304/A130402/13030918/	https://award.tabelog.com/hyakumeiten/chinese_tokyo/2021	The Tabelog Award / 百名店 2021 公式名簿候補
13001659	13001659	登龍 麻布店	東京都	飲食店	中国料理	麻布十番駅	https://tabelog.com/tokyo/A1307/A130702/13001659/	https://award.tabelog.com/hyakumeiten/chinese_tokyo/2021	The Tabelog Award / 百名店 2021 公式名簿候補
13004433	13004433	南翔饅頭店 六本木ヒルズ店	東京都	飲食店	中国料理	六本木駅	https://tabelog.com/tokyo/A1307/A130701/13004433/	https://award.tabelog.com/hyakumeiten/chinese_tokyo/2021	The Tabelog Award / 百名店 2021 公式名簿候補
13150543	13150543	52	東京都	飲食店	中国料理	六本木駅	https://tabelog.com/tokyo/A1307/A130701/13150543/	https://award.tabelog.com/hyakumeiten/chinese_tokyo/2021	The Tabelog Award / 百名店 2021 公式名簿候補
13005640	13005640	源烹輪	東京都	飲食店	中国料理	富士見台駅	https://tabelog.com/tokyo/A1321/A132102/13005640/	https://award.tabelog.com/hyakumeiten/chinese_tokyo/2021	The Tabelog Award / 百名店 2021 公式名簿候補
13093509	13093509	蔭山樓	東京都	飲食店	中国料理	自由が丘駅	https://tabelog.com/tokyo/A1317/A131703/13093509/	https://award.tabelog.com/hyakumeiten/chinese_tokyo/2021	The Tabelog Award / 百名店 2021 公式名簿候補
13007076	13007076	香港麺 新記 三宿本店	東京都	飲食店	中国料理	池尻大橋駅	https://tabelog.com/tokyo/A1317/A131705/13007076/	https://award.tabelog.com/hyakumeiten/chinese_tokyo/2021	The Tabelog Award / 百名店 2021 公式名簿候補
13001954	13001954	中国飯店 六本木店	東京都	飲食店	中国料理	六本木駅	https://tabelog.com/tokyo/A1307/A130701/13001954/	https://award.tabelog.com/hyakumeiten/chinese_tokyo/2021	The Tabelog Award / 百名店 2021 公式名簿候補
13115724	13115724	蜀郷香	東京都	飲食店	中国料理	四谷三丁目駅	https://tabelog.com/tokyo/A1309/A130903/13115724/	https://award.tabelog.com/hyakumeiten/chinese_tokyo/2021	The Tabelog Award / 百名店 2021 公式名簿候補
13001219	13001219	龍の子	東京都	飲食店	中国料理	明治神宮前駅	https://tabelog.com/tokyo/A1306/A130601/13001219/	https://award.tabelog.com/hyakumeiten/chinese_tokyo/2021	The Tabelog Award / 百名店 2021 公式名簿候補
13043276	13043276	川香苑 本店	東京都	飲食店	中国料理	新宿西口駅	https://tabelog.com/tokyo/A1304/A130401/13043276/	https://award.tabelog.com/hyakumeiten/chinese_tokyo/2021	The Tabelog Award / 百名店 2021 公式名簿候補
13023052	13023052	神田 雲林	東京都	飲食店	中国料理	淡路町駅	https://tabelog.com/tokyo/A1310/A131002/13023052/	https://award.tabelog.com/hyakumeiten/chinese_tokyo/2021	The Tabelog Award / 百名店 2021 公式名簿候補
13098919	13098919	虎穴	東京都	飲食店	中国料理	馬喰横山駅	https://tabelog.com/tokyo/A1302/A130204/13098919/	https://award.tabelog.com/hyakumeiten/chinese_tokyo/2021	The Tabelog Award / 百名店 2021 公式名簿候補
13162692	13162692	黒猫夜 銀座店	東京都	飲食店	中国料理	銀座駅	https://tabelog.com/tokyo/A1301/A130101/13162692/	https://award.tabelog.com/hyakumeiten/chinese_tokyo/2021	The Tabelog Award / 百名店 2021 公式名簿候補
13017149	13017149	頂上麺 筑紫樓 ふかひれ麺専門店  八重洲店	東京都	飲食店	中国料理	東京駅	https://tabelog.com/tokyo/A1302/A130201/13017149/	https://award.tabelog.com/hyakumeiten/chinese_tokyo/2021	The Tabelog Award / 百名店 2021 公式名簿候補
13200566	13200566	羊香味坊	東京都	飲食店	中国料理	御徒町駅	https://tabelog.com/tokyo/A1311/A131101/13200566/	https://award.tabelog.com/hyakumeiten/chinese_tokyo/2021	The Tabelog Award / 百名店 2021 公式名簿候補
13001517	13001517	新亜飯店 芝大門店	東京都	飲食店	中国料理	大門駅	https://tabelog.com/tokyo/A1314/A131401/13001517/	https://award.tabelog.com/hyakumeiten/chinese_tokyo/2021	The Tabelog Award / 百名店 2021 公式名簿候補
13000935	13000935	敦煌	東京都	飲食店	中国料理	曙橋駅	https://tabelog.com/tokyo/A1309/A130903/13000935/	https://award.tabelog.com/hyakumeiten/chinese_tokyo/2021	The Tabelog Award / 百名店 2021 公式名簿候補
13030770	13030770	筑紫樓 銀座店	東京都	飲食店	中国料理	銀座駅	https://tabelog.com/tokyo/A1301/A130101/13030770/	https://award.tabelog.com/hyakumeiten/chinese_tokyo/2021	The Tabelog Award / 百名店 2021 公式名簿候補
13010780	13010780	馥香 浅草橋本店	東京都	飲食店	中国料理	浅草橋駅	https://tabelog.com/tokyo/A1311/A131103/13010780/	https://award.tabelog.com/hyakumeiten/chinese_tokyo/2021	The Tabelog Award / 百名店 2021 公式名簿候補
13000014	13000014	四川	東京都	飲食店	中国料理	白金台駅	https://tabelog.com/tokyo/A1316/A131602/13000014/	https://award.tabelog.com/hyakumeiten/chinese_tokyo/2021	The Tabelog Award / 百名店 2021 公式名簿候補
13018802	13018802	飄香 麻布十番本店	東京都	飲食店	中国料理	麻布十番駅	https://tabelog.com/tokyo/A1307/A130702/13018802/	https://award.tabelog.com/hyakumeiten/chinese_tokyo/2021	The Tabelog Award / 百名店 2021 公式名簿候補
27000372	27000372	四川食房 福龍	大阪府	飲食店	中国料理	日本橋駅	https://tabelog.com/osaka/A2701/A270202/27000372/	https://award.tabelog.com/hyakumeiten/chinese_west/2021	The Tabelog Award / 百名店 2021 公式名簿候補
34020426	34020426	中国料理マスキ	広島県	飲食店	中国料理	稲荷町駅	https://tabelog.com/hiroshima/A3401/A340121/34020426/	https://award.tabelog.com/hyakumeiten/chinese_west/2021	The Tabelog Award / 百名店 2021 公式名簿候補
42000429	42000429	康楽	長崎県	飲食店	中国料理	長崎市	https://tabelog.com/nagasaki/A4201/A420101/42000429/	https://award.tabelog.com/hyakumeiten/chinese_west/2021	The Tabelog Award / 百名店 2021 公式名簿候補
27065032	27065032	青藍	大阪府	飲食店	中国料理	松屋町駅	https://tabelog.com/osaka/A2701/A270204/27065032/	https://award.tabelog.com/hyakumeiten/chinese_west/2021	The Tabelog Award / 百名店 2021 公式名簿候補
27001213	27001213	一芳亭 本店	大阪府	飲食店	中国料理	難波（南海）駅	https://tabelog.com/osaka/A2701/A270202/27001213/	https://award.tabelog.com/hyakumeiten/chinese_west/2021	The Tabelog Award / 百名店 2021 公式名簿候補
27081015	27081015	中菜Labo.朝陽	大阪府	飲食店	中国料理	北新地駅	https://tabelog.com/osaka/A2701/A270101/27081015/	https://award.tabelog.com/hyakumeiten/chinese_west/2021	The Tabelog Award / 百名店 2021 公式名簿候補
28001662	28001662	中国酒家 トアロード店	兵庫県	飲食店	中国料理	旧居留地・大丸前駅	https://tabelog.com/hyogo/A2801/A280102/28001662/	https://award.tabelog.com/hyakumeiten/chinese_west/2021	The Tabelog Award / 百名店 2021 公式名簿候補
28000923	28000923	民生 廣東料理店	兵庫県	飲食店	中国料理	元町（阪神）駅	https://tabelog.com/hyogo/A2801/A280102/28000923/	https://award.tabelog.com/hyakumeiten/chinese_west/2021	The Tabelog Award / 百名店 2021 公式名簿候補
26003254	26003254	大鵬	京都府	飲食店	中国料理	二条駅	https://tabelog.com/kyoto/A2601/A260203/26003254/	https://award.tabelog.com/hyakumeiten/chinese_west/2021	The Tabelog Award / 百名店 2021 公式名簿候補
27053886	27053886	新中国料理 HARAKAWA 堺本店	大阪府	飲食店	中国料理	堺市南区	https://tabelog.com/osaka/A2705/A270502/27053886/	https://award.tabelog.com/hyakumeiten/chinese_west/2021	The Tabelog Award / 百名店 2021 公式名簿候補
26000396	26000396	みその橋サカイ	京都府	飲食店	中国料理	京都市北区	https://tabelog.com/kyoto/A2601/A260503/26000396/	https://award.tabelog.com/hyakumeiten/chinese_west/2021	The Tabelog Award / 百名店 2021 公式名簿候補
26000006	26000006	糸仙	京都府	飲食店	中国料理	北野白梅町駅	https://tabelog.com/kyoto/A2601/A260501/26000006/	https://award.tabelog.com/hyakumeiten/chinese_west/2021	The Tabelog Award / 百名店 2021 公式名簿候補
27018257	27018257	中国菜 香味	大阪府	飲食店	中国料理	南森町駅	https://tabelog.com/osaka/A2701/A270103/27018257/	https://award.tabelog.com/hyakumeiten/chinese_west/2021	The Tabelog Award / 百名店 2021 公式名簿候補
27085437	27085437	魚China YO	大阪府	飲食店	中国料理	福島駅	https://tabelog.com/osaka/A2701/A270108/27085437/	https://award.tabelog.com/hyakumeiten/chinese_west/2021	The Tabelog Award / 百名店 2021 公式名簿候補
26005466	26005466	美齢	京都府	飲食店	中国料理	今出川駅	https://tabelog.com/kyoto/A2601/A260202/26005466/	https://award.tabelog.com/hyakumeiten/chinese_west/2021	The Tabelog Award / 百名店 2021 公式名簿候補
26014396	26014396	広東料理 鳳泉	京都府	飲食店	中国料理	京都市役所前駅	https://tabelog.com/kyoto/A2601/A260202/26014396/	https://award.tabelog.com/hyakumeiten/chinese_west/2021	The Tabelog Award / 百名店 2021 公式名簿候補
27074751	27074751	清粥小菜 明	大阪府	飲食店	中国料理	江坂駅	https://tabelog.com/osaka/A2706/A270602/27074751/	https://award.tabelog.com/hyakumeiten/chinese_west/2021	The Tabelog Award / 百名店 2021 公式名簿候補
27000369	27000369	オーパス ワン	大阪府	飲食店	中国料理	近鉄日本橋駅	https://tabelog.com/osaka/A2701/A270202/27000369/	https://award.tabelog.com/hyakumeiten/chinese_west/2021	The Tabelog Award / 百名店 2021 公式名簿候補
27001443	27001443	三国亭	大阪府	飲食店	中国料理	日本橋駅	https://tabelog.com/osaka/A2701/A270202/27001443/	https://award.tabelog.com/hyakumeiten/chinese_west/2021	The Tabelog Award / 百名店 2021 公式名簿候補
28000870	28000870	中国料理 Kirin	兵庫県	飲食店	中国料理	深江駅	https://tabelog.com/hyogo/A2801/A280105/28000870/	https://award.tabelog.com/hyakumeiten/chinese_west/2021	The Tabelog Award / 百名店 2021 公式名簿候補
27002221	27002221	福龍園	大阪府	飲食店	中国料理	大阪天満宮駅	https://tabelog.com/osaka/A2701/A270103/27002221/	https://award.tabelog.com/hyakumeiten/chinese_west/2021	The Tabelog Award / 百名店 2021 公式名簿候補
28000625	28000625	杏杏	兵庫県	飲食店	中国料理	県庁前駅	https://tabelog.com/hyogo/A2801/A280102/28000625/	https://award.tabelog.com/hyakumeiten/chinese_west/2021	The Tabelog Award / 百名店 2021 公式名簿候補
27043596	27043596	フーロン	大阪府	飲食店	中国料理	北新地駅	https://tabelog.com/osaka/A2701/A270101/27043596/	https://award.tabelog.com/hyakumeiten/chinese_west/2021	The Tabelog Award / 百名店 2021 公式名簿候補
26001497	26001497	中国料理 桃李	京都府	飲食店	中国料理	京都市役所前駅	https://tabelog.com/kyoto/A2601/A260202/26001497/	https://award.tabelog.com/hyakumeiten/chinese_west/2021	The Tabelog Award / 百名店 2021 公式名簿候補
27002943	27002943	ジャスミンガーデン	大阪府	飲食店	中国料理	桜ノ宮駅	https://tabelog.com/osaka/A2701/A270304/27002943/	https://award.tabelog.com/hyakumeiten/chinese_west/2021	The Tabelog Award / 百名店 2021 公式名簿候補
26000846	26000846	東華菜館 本店	京都府	飲食店	中国料理	祇園四条駅	https://tabelog.com/kyoto/A2601/A260201/26000846/	https://award.tabelog.com/hyakumeiten/chinese_west/2021	The Tabelog Award / 百名店 2021 公式名簿候補
40000834	40000834	中国料理 耕治 魚町本店	福岡県	飲食店	中国料理	北九州市小倉北区	https://tabelog.com/fukuoka/A4004/A400401/40000834/	https://award.tabelog.com/hyakumeiten/chinese_west/2021	The Tabelog Award / 百名店 2021 公式名簿候補
27002558	27002558	故宮	大阪府	飲食店	中国料理	中津（阪急）駅	https://tabelog.com/osaka/A2701/A270101/27002558/	https://award.tabelog.com/hyakumeiten/chinese_west/2021	The Tabelog Award / 百名店 2021 公式名簿候補
27004404	27004404	チャイニーズ 芹菜	大阪府	飲食店	中国料理	福島駅	https://tabelog.com/osaka/A2701/A270108/27004404/	https://award.tabelog.com/hyakumeiten/chinese_west/2021	The Tabelog Award / 百名店 2021 公式名簿候補
40043723	40043723	四川料理 巴蜀	福岡県	飲食店	中国料理	福岡市博多区	https://tabelog.com/fukuoka/A4001/A400101/40043723/	https://award.tabelog.com/hyakumeiten/chinese_west/2021	The Tabelog Award / 百名店 2021 公式名簿候補
27009516	27009516	花梨	大阪府	飲食店	中国料理	大江橋駅	https://tabelog.com/osaka/A2701/A270101/27009516/	https://award.tabelog.com/hyakumeiten/chinese_west/2021	The Tabelog Award / 百名店 2021 公式名簿候補
27072585	27072585	ジョーズ シャンハイ ニューヨーク  グランフロント大阪店	大阪府	飲食店	中国料理	大阪駅	https://tabelog.com/osaka/A2701/A270101/27072585/	https://award.tabelog.com/hyakumeiten/chinese_west/2021	The Tabelog Award / 百名店 2021 公式名簿候補
27014746	27014746	中国料理 かなめ	大阪府	飲食店	中国料理	御幣島駅	https://tabelog.com/osaka/A2701/A270407/27014746/	https://award.tabelog.com/hyakumeiten/chinese_west/2021	The Tabelog Award / 百名店 2021 公式名簿候補
27000086	27000086	華都飯店 本町ガーデンシティ店	大阪府	飲食店	中国料理	本町駅	https://tabelog.com/osaka/A2701/A270106/27000086/	https://award.tabelog.com/hyakumeiten/chinese_west/2021	The Tabelog Award / 百名店 2021 公式名簿候補
27086074	27086074	中華旬彩 森本	大阪府	飲食店	中国料理	心斎橋駅	https://tabelog.com/osaka/A2701/A270201/27086074/	https://award.tabelog.com/hyakumeiten/chinese_west/2021	The Tabelog Award / 百名店 2021 公式名簿候補
26002211	26002211	鳳飛	京都府	飲食店	中国料理	北大路駅	https://tabelog.com/kyoto/A2601/A260503/26002211/	https://award.tabelog.com/hyakumeiten/chinese_west/2021	The Tabelog Award / 百名店 2021 公式名簿候補
27095063	27095063	中国菜エスサワダ	大阪府	飲食店	中国料理	なにわ橋駅	https://tabelog.com/osaka/A2701/A270102/27095063/	https://award.tabelog.com/hyakumeiten/chinese_west/2021	The Tabelog Award / 百名店 2021 公式名簿候補
28007373	28007373	味香苑 生田ロード店	兵庫県	飲食店	中国料理	神戸三宮（阪急）駅	https://tabelog.com/hyogo/A2801/A280101/28007373/	https://award.tabelog.com/hyakumeiten/chinese_west/2021	The Tabelog Award / 百名店 2021 公式名簿候補
27003248	27003248	香港海鮮飲茶樓 心斎橋店	大阪府	飲食店	中国料理	長堀橋駅	https://tabelog.com/osaka/A2701/A270201/27003248/	https://award.tabelog.com/hyakumeiten/chinese_west/2021	The Tabelog Award / 百名店 2021 公式名簿候補
27055903	27055903	大衆中遊華食堂 八戒	大阪府	飲食店	中国料理	長瀬駅	https://tabelog.com/osaka/A2707/A270703/27055903/	https://award.tabelog.com/hyakumeiten/chinese_west/2021	The Tabelog Award / 百名店 2021 公式名簿候補
27001838	27001838	創作中華　縁	大阪府	飲食店	中国料理	心斎橋駅	https://tabelog.com/osaka/A2701/A270201/27001838/	https://award.tabelog.com/hyakumeiten/chinese_west/2021	The Tabelog Award / 百名店 2021 公式名簿候補
27009169	27009169	ライオン飯店	大阪府	飲食店	中国料理	天満駅	https://tabelog.com/osaka/A2701/A270103/27009169/	https://award.tabelog.com/hyakumeiten/chinese_west/2021	The Tabelog Award / 百名店 2021 公式名簿候補
28038124	28038124	施家菜	兵庫県	飲食店	中国料理	三宮（神戸市営）駅	https://tabelog.com/hyogo/A2801/A280101/28038124/	https://award.tabelog.com/hyakumeiten/chinese_west/2021	The Tabelog Award / 百名店 2021 公式名簿候補
26003713	26003713	華祥	京都府	飲食店	中国料理	元田中駅	https://tabelog.com/kyoto/A2601/A260302/26003713/	https://award.tabelog.com/hyakumeiten/chinese_west/2021	The Tabelog Award / 百名店 2021 公式名簿候補
27051071	27051071	中国料理 丹甫	大阪府	飲食店	中国料理	宿院駅	https://tabelog.com/osaka/A2705/A270501/27051071/	https://award.tabelog.com/hyakumeiten/chinese_west/2021	The Tabelog Award / 百名店 2021 公式名簿候補
27060667	27060667	Chi-Fu	大阪府	飲食店	中国料理	なにわ橋駅	https://tabelog.com/osaka/A2701/A270103/27060667/	https://award.tabelog.com/hyakumeiten/chinese_west/2021	The Tabelog Award / 百名店 2021 公式名簿候補
27004617	27004617	中国料理 龍門	大阪府	飲食店	中国料理	北浜駅	https://tabelog.com/osaka/A2701/A270102/27004617/	https://award.tabelog.com/hyakumeiten/chinese_west/2021	The Tabelog Award / 百名店 2021 公式名簿候補
27081261	27081261	紅紅火火	大阪府	飲食店	中国料理	茨木市駅	https://tabelog.com/osaka/A2706/A270604/27081261/	https://award.tabelog.com/hyakumeiten/chinese_west/2021	The Tabelog Award / 百名店 2021 公式名簿候補
26000584	26000584	ぎをん森幸	京都府	飲食店	中国料理	東山駅	https://tabelog.com/kyoto/A2601/A260301/26000584/	https://award.tabelog.com/hyakumeiten/chinese_west/2021	The Tabelog Award / 百名店 2021 公式名簿候補
26000745	26000745	老香港酒家京都	京都府	飲食店	中国料理	四条（京都市営）駅	https://tabelog.com/kyoto/A2601/A260201/26000745/	https://award.tabelog.com/hyakumeiten/chinese_west/2021	The Tabelog Award / 百名店 2021 公式名簿候補
33010958	33010958	九眼橋	岡山県	飲食店	中国料理	岡山市北区	https://tabelog.com/okayama/A3301/A330101/33010958/	https://award.tabelog.com/hyakumeiten/chinese_west/2021	The Tabelog Award / 百名店 2021 公式名簿候補
47001716	47001716	中国家常菜 燕郷房	沖縄県	飲食店	中国料理	那覇市	https://tabelog.com/okinawa/A4701/A470101/47001716/	https://award.tabelog.com/hyakumeiten/chinese_west/2021	The Tabelog Award / 百名店 2021 公式名簿候補
26002804	26002804	マルシン飯店	京都府	飲食店	中国料理	東山駅	https://tabelog.com/kyoto/A2601/A260201/26002804/	https://award.tabelog.com/hyakumeiten/chinese_west/2021	The Tabelog Award / 百名店 2021 公式名簿候補
40001773	40001773	SESSION	福岡県	飲食店	中国料理	天神南駅	https://tabelog.com/fukuoka/A4001/A400103/40001773/	https://award.tabelog.com/hyakumeiten/chinese_west/2021	The Tabelog Award / 百名店 2021 公式名簿候補
45000016	45000016	中国料理 藍海	宮崎県	飲食店	中国料理	宮崎市	https://tabelog.com/miyazaki/A4501/A450101/45000016/	https://award.tabelog.com/hyakumeiten/chinese_west/2021	The Tabelog Award / 百名店 2021 公式名簿候補
27006463	27006463	広東料理 民生 ヒルトンプラザウエスト店	大阪府	飲食店	中国料理	西梅田駅	https://tabelog.com/osaka/A2701/A270101/27006463/	https://award.tabelog.com/hyakumeiten/chinese_west/2021	The Tabelog Award / 百名店 2021 公式名簿候補
26002657	26002657	一之船入	京都府	飲食店	中国料理	京都市役所前駅	https://tabelog.com/kyoto/A2601/A260202/26002657/	https://award.tabelog.com/hyakumeiten/chinese_west/2021	The Tabelog Award / 百名店 2021 公式名簿候補
26001011	26001011	膳處漢ぽっちり	京都府	飲食店	中国料理	烏丸駅	https://tabelog.com/kyoto/A2601/A260202/26001011/	https://award.tabelog.com/hyakumeiten/chinese_west/2021	The Tabelog Award / 百名店 2021 公式名簿候補
28000884	28000884	東天閣 神戸本店	兵庫県	飲食店	中国料理	三宮（神戸市営）駅	https://tabelog.com/hyogo/A2801/A280102/28000884/	https://award.tabelog.com/hyakumeiten/chinese_west/2021	The Tabelog Award / 百名店 2021 公式名簿候補
26033124	26033124	仁修樓	京都府	飲食店	中国料理	京都市北区	https://tabelog.com/kyoto/A2601/A260503/26033124/	https://award.tabelog.com/hyakumeiten/chinese_west/2021	The Tabelog Award / 百名店 2021 公式名簿候補
27009580	27009580	中国郷菜館 大陸風	大阪府	飲食店	中国料理	南森町駅	https://tabelog.com/osaka/A2701/A270103/27009580/	https://award.tabelog.com/hyakumeiten/chinese_west/2021	The Tabelog Award / 百名店 2021 公式名簿候補
28000845	28000845	神戸元町別館牡丹園 本店	兵庫県	飲食店	中国料理	旧居留地・大丸前駅	https://tabelog.com/hyogo/A2801/A280102/28000845/	https://award.tabelog.com/hyakumeiten/chinese_west/2021	The Tabelog Award / 百名店 2021 公式名簿候補
36000726	36000726	中国料理 翆陽	徳島県	飲食店	中国料理	鳴門市	https://tabelog.com/tokushima/A3601/A360102/36000726/	https://award.tabelog.com/hyakumeiten/chinese_west/2021	The Tabelog Award / 百名店 2021 公式名簿候補
43000253	43000253	中国四川料理 桃花源	熊本県	飲食店	中国料理	熊本市中央区	https://tabelog.com/kumamoto/A4301/A430101/43000253/	https://award.tabelog.com/hyakumeiten/chinese_west/2021	The Tabelog Award / 百名店 2021 公式名簿候補
27042677	27042677	純華楼	大阪府	飲食店	中国料理	玉造（大阪メトロ）駅	https://tabelog.com/osaka/A2701/A270107/27042677/	https://award.tabelog.com/hyakumeiten/chinese_west/2021	The Tabelog Award / 百名店 2021 公式名簿候補
28000844	28000844	新愛園	兵庫県	飲食店	中国料理	元町（阪神）駅	https://tabelog.com/hyogo/A2801/A280102/28000844/	https://award.tabelog.com/hyakumeiten/chinese_west/2021	The Tabelog Award / 百名店 2021 公式名簿候補
28007259	28007259	健民ダイニング 本店	兵庫県	飲食店	中国料理	みなと元町駅	https://tabelog.com/hyogo/A2801/A280102/28007259/	https://award.tabelog.com/hyakumeiten/chinese_west/2021	The Tabelog Award / 百名店 2021 公式名簿候補
28041421	28041421	老虎菜 オーキッドコート店	兵庫県	飲食店	中国料理	住吉（ＪＲ・六甲ライナー）駅	https://tabelog.com/hyogo/A2801/A280106/28041421/	https://award.tabelog.com/hyakumeiten/chinese_west/2021	The Tabelog Award / 百名店 2021 公式名簿候補
27007724	27007724	RAKUSUI	大阪府	飲食店	中国料理	北新地駅	https://tabelog.com/osaka/A2701/A270101/27007724/	https://award.tabelog.com/hyakumeiten/chinese_west/2021	The Tabelog Award / 百名店 2021 公式名簿候補
27094495	27094495	溢彩流香	大阪府	飲食店	中国料理	富田駅	https://tabelog.com/osaka/A2706/A270604/27094495/	https://award.tabelog.com/hyakumeiten/chinese_west/2021	The Tabelog Award / 百名店 2021 公式名簿候補
26023422	26023422	一僖	京都府	飲食店	中国料理	祇園四条駅	https://tabelog.com/kyoto/A2601/A260301/26023422/	https://award.tabelog.com/hyakumeiten/chinese_west/2021	The Tabelog Award / 百名店 2021 公式名簿候補
26033284	26033284	VELROSIER	京都府	飲食店	中国料理	京都河原町駅	https://tabelog.com/kyoto/A2601/A260201/26033284/	https://award.tabelog.com/hyakumeiten/chinese_west/2021	The Tabelog Award / 百名店 2021 公式名簿候補
27052335	27052335	中国菜 オイル	大阪府	飲食店	中国料理	福島駅	https://tabelog.com/osaka/A2701/A270108/27052335/	https://award.tabelog.com/hyakumeiten/chinese_west/2021	The Tabelog Award / 百名店 2021 公式名簿候補
27004267	27004267	焼賣太樓 桜橋店	大阪府	飲食店	中国料理	西梅田駅	https://tabelog.com/osaka/A2701/A270101/27004267/	https://award.tabelog.com/hyakumeiten/chinese_west/2021	The Tabelog Award / 百名店 2021 公式名簿候補
26000642	26000642	マダム紅蘭	京都府	飲食店	中国料理	神宮丸太町駅	https://tabelog.com/kyoto/A2601/A260302/26000642/	https://award.tabelog.com/hyakumeiten/chinese_west/2021	The Tabelog Award / 百名店 2021 公式名簿候補
27006366	27006366	蘭亭	大阪府	飲食店	中国料理	谷町九丁目駅	https://tabelog.com/osaka/A2701/A270205/27006366/	https://award.tabelog.com/hyakumeiten/chinese_west/2021	The Tabelog Award / 百名店 2021 公式名簿候補
43000046	43000046	紅蘭亭 下通本店	熊本県	飲食店	中国料理	熊本市中央区	https://tabelog.com/kumamoto/A4301/A430101/43000046/	https://award.tabelog.com/hyakumeiten/chinese_west/2021	The Tabelog Award / 百名店 2021 公式名簿候補
28000826	28000826	順徳	兵庫県	飲食店	中国料理	元町（阪神）駅	https://tabelog.com/hyogo/A2801/A280102/28000826/	https://award.tabelog.com/hyakumeiten/chinese_west/2021	The Tabelog Award / 百名店 2021 公式名簿候補
27000699	27000699	香桃	大阪府	飲食店	中国料理	西梅田駅	https://tabelog.com/osaka/A2701/A270101/27000699/	https://award.tabelog.com/hyakumeiten/chinese_west/2021	The Tabelog Award / 百名店 2021 公式名簿候補
27063993	27063993	中国食府 双龍居 天満駅前店	大阪府	飲食店	中国料理	天満駅	https://tabelog.com/osaka/A2701/A270103/27063993/	https://award.tabelog.com/hyakumeiten/chinese_west/2021	The Tabelog Award / 百名店 2021 公式名簿候補
28046406	28046406	中國菜 浜正	兵庫県	飲食店	中国料理	芦屋川駅	https://tabelog.com/hyogo/A2803/A280302/28046406/	https://award.tabelog.com/hyakumeiten/chinese_west/2021	The Tabelog Award / 百名店 2021 公式名簿候補
26001225	26001225	新大宮 中華のサカイ 本店	京都府	飲食店	中国料理	北大路駅	https://tabelog.com/kyoto/A2601/A260503/26001225/	https://award.tabelog.com/hyakumeiten/chinese_west/2021	The Tabelog Award / 百名店 2021 公式名簿候補
42000055	42000055	江山楼 長崎中華街本店	長崎県	飲食店	中国料理	長崎市	https://tabelog.com/nagasaki/A4201/A420101/42000055/	https://award.tabelog.com/hyakumeiten/chinese_west/2021	The Tabelog Award / 百名店 2021 公式名簿候補
27005150	27005150	酒中花 空心	大阪府	飲食店	中国料理	西大橋駅	https://tabelog.com/osaka/A2701/A270201/27005150/	https://award.tabelog.com/hyakumeiten/chinese_west/2021	The Tabelog Award / 百名店 2021 公式名簿候補
28031189	28031189	味包	兵庫県	飲食店	中国料理	甲子園口駅	https://tabelog.com/hyogo/A2803/A280301/28031189/	https://award.tabelog.com/hyakumeiten/chinese_west/2021	The Tabelog Award / 百名店 2021 公式名簿候補
27004401	27004401	双龍居 池田町本店	大阪府	飲食店	中国料理	天満駅	https://tabelog.com/osaka/A2701/A270103/27004401/	https://award.tabelog.com/hyakumeiten/chinese_west/2021	The Tabelog Award / 百名店 2021 公式名簿候補
42000053	42000053	四海樓	長崎県	飲食店	中国料理	長崎市	https://tabelog.com/nagasaki/A4201/A420101/42000053/	https://award.tabelog.com/hyakumeiten/chinese_west/2021	The Tabelog Award / 百名店 2021 公式名簿候補
27007914	27007914	大観苑	大阪府	飲食店	中国料理	大阪ビジネスパーク駅	https://tabelog.com/osaka/A2701/A270107/27007914/	https://award.tabelog.com/hyakumeiten/chinese_west/2021	The Tabelog Award / 百名店 2021 公式名簿候補
27085334	27085334	中國菜 心香	大阪府	飲食店	中国料理	南森町駅	https://tabelog.com/osaka/A2701/A270103/27085334/	https://award.tabelog.com/hyakumeiten/chinese_west/2021	The Tabelog Award / 百名店 2021 公式名簿候補
28001593	28001593	三宮一貫楼 本店	兵庫県	飲食店	中国料理	旧居留地・大丸前駅	https://tabelog.com/hyogo/A2801/A280102/28001593/	https://award.tabelog.com/hyakumeiten/chinese_west/2021	The Tabelog Award / 百名店 2021 公式名簿候補
27065615	27065615	善道	大阪府	飲食店	中国料理	北新地駅	https://tabelog.com/osaka/A2701/A270101/27065615/	https://award.tabelog.com/hyakumeiten/chinese_west/2021	The Tabelog Award / 百名店 2021 公式名簿候補
28022858	28022858	老虎菜	兵庫県	飲食店	中国料理	青木駅	https://tabelog.com/hyogo/A2801/A280105/28022858/	https://award.tabelog.com/hyakumeiten/chinese_west/2021	The Tabelog Award / 百名店 2021 公式名簿候補
28000719	28000719	鴻華園	兵庫県	飲食店	中国料理	三宮（神戸市営）駅	https://tabelog.com/hyogo/A2801/A280101/28000719/	https://award.tabelog.com/hyakumeiten/chinese_west/2021	The Tabelog Award / 百名店 2021 公式名簿候補
23063049	23063049	THE GATEHOUSE	愛知県	飲食店	フレンチ	名古屋駅	https://tabelog.com/aichi/A2301/A230101/23063049/	https://award.tabelog.com/hyakumeiten/french_east/2021	The Tabelog Award / 百名店 2021 公式名簿候補
2000326	2000326	レストラン山崎	青森県	飲食店	フレンチ	弘前市	https://tabelog.com/aomori/A0202/A020201/2000326/	https://award.tabelog.com/hyakumeiten/french_east/2021	The Tabelog Award / 百名店 2021 公式名簿候補
19000052	19000052	キュイエット	山梨県	飲食店	フレンチ	韮崎市	https://tabelog.com/yamanashi/A1902/A190202/19000052/	https://award.tabelog.com/hyakumeiten/french_east/2021	The Tabelog Award / 百名店 2021 公式名簿候補
23005899	23005899	イノーヴェ	愛知県	飲食店	フレンチ	新栄町駅	https://tabelog.com/aichi/A2301/A230104/23005899/	https://award.tabelog.com/hyakumeiten/french_east/2021	The Tabelog Award / 百名店 2021 公式名簿候補
14007836	14007836	ル シエール	神奈川県	飲食店	フレンチ	みなとみらい駅	https://tabelog.com/kanagawa/A1401/A140103/14007836/	https://award.tabelog.com/hyakumeiten/french_east/2021	The Tabelog Award / 百名店 2021 公式名簿候補
14000312	14000312	レストラン潮幸	神奈川県	飲食店	フレンチ	横須賀市	https://tabelog.com/kanagawa/A1406/A140602/14000312/	https://award.tabelog.com/hyakumeiten/french_east/2021	The Tabelog Award / 百名店 2021 公式名簿候補
14000668	14000668	パノラミックレストラン ル・ノルマンディ	神奈川県	飲食店	フレンチ	元町・中華街駅	https://tabelog.com/kanagawa/A1401/A140105/14000668/	https://award.tabelog.com/hyakumeiten/french_east/2021	The Tabelog Award / 百名店 2021 公式名簿候補
14012634	14012634	ミクニ ヨコハマ	神奈川県	飲食店	フレンチ	横浜駅	https://tabelog.com/kanagawa/A1401/A140101/14012634/	https://award.tabelog.com/hyakumeiten/french_east/2021	The Tabelog Award / 百名店 2021 公式名簿候補
1000139	1000139	ギリガンズ アイランド	北海道	飲食店	フレンチ	虻田郡洞爺湖町	https://tabelog.com/hokkaido/A0108/A010801/1000139/	https://award.tabelog.com/hyakumeiten/french_east/2021	The Tabelog Award / 百名店 2021 公式名簿候補
23004865	23004865	サラマンジェ ドゥ カジノ	愛知県	飲食店	フレンチ	国際センター駅	https://tabelog.com/aichi/A2301/A230101/23004865/	https://award.tabelog.com/hyakumeiten/french_east/2021	The Tabelog Award / 百名店 2021 公式名簿候補
14011357	14011357	ヴェルヴェンヌ	神奈川県	飲食店	フレンチ	横浜市青葉区	https://tabelog.com/kanagawa/A1401/A140201/14011357/	https://award.tabelog.com/hyakumeiten/french_east/2021	The Tabelog Award / 百名店 2021 公式名簿候補
10000482	10000482	シュマンドール	群馬県	飲食店	フレンチ	桐生市	https://tabelog.com/gunma/A1002/A100201/10000482/	https://award.tabelog.com/hyakumeiten/french_east/2021	The Tabelog Award / 百名店 2021 公式名簿候補
2000419	2000419	フランス食堂 シェ・モア	青森県	飲食店	フレンチ	弘前市	https://tabelog.com/aomori/A0202/A020201/2000419/	https://award.tabelog.com/hyakumeiten/french_east/2021	The Tabelog Award / 百名店 2021 公式名簿候補
23008216	23008216	DINING 六区	愛知県	飲食店	フレンチ	高岳駅	https://tabelog.com/aichi/A2301/A230104/23008216/	https://award.tabelog.com/hyakumeiten/french_east/2021	The Tabelog Award / 百名店 2021 公式名簿候補
14002020	14002020	ザ・フジヤ	神奈川県	飲食店	フレンチ	宮ノ下駅	https://tabelog.com/kanagawa/A1410/A141001/14002020/	https://award.tabelog.com/hyakumeiten/french_east/2021	The Tabelog Award / 百名店 2021 公式名簿候補
23004079	23004079	オーベルジュ・ド・リル ナゴヤ	愛知県	飲食店	フレンチ	名鉄名古屋駅	https://tabelog.com/aichi/A2301/A230101/23004079/	https://award.tabelog.com/hyakumeiten/french_east/2021	The Tabelog Award / 百名店 2021 公式名簿候補
12027859	12027859	ラシェット M	千葉県	飲食店	フレンチ	津田沼駅	https://tabelog.com/chiba/A1202/A120204/12027859/	https://award.tabelog.com/hyakumeiten/french_east/2021	The Tabelog Award / 百名店 2021 公式名簿候補
23044503	23044503	ラ メゾン ヒトトキ	愛知県	飲食店	フレンチ	いりなか駅	https://tabelog.com/aichi/A2301/A230108/23044503/	https://award.tabelog.com/hyakumeiten/french_east/2021	The Tabelog Award / 百名店 2021 公式名簿候補
4010704	4010704	レストラン シンフォニー	宮城県	飲食店	フレンチ	あおば通駅	https://tabelog.com/miyagi/A0401/A040101/4010704/	https://award.tabelog.com/hyakumeiten/french_east/2021	The Tabelog Award / 百名店 2021 公式名簿候補
5006735	5006735	エッサンス	秋田県	飲食店	フレンチ	秋田市	https://tabelog.com/akita/A0501/A050101/5006735/	https://award.tabelog.com/hyakumeiten/french_east/2021	The Tabelog Award / 百名店 2021 公式名簿候補
1005336	1005336	レストラン・アスペルジュ	北海道	飲食店	フレンチ	上川郡美瑛町	https://tabelog.com/hokkaido/A0104/A010403/1005336/	https://award.tabelog.com/hyakumeiten/french_east/2021	The Tabelog Award / 百名店 2021 公式名簿候補
1037772	1037772	saveur	北海道	飲食店	フレンチ	すすきの（市営）駅	https://tabelog.com/hokkaido/A0101/A010103/1037772/	https://award.tabelog.com/hyakumeiten/french_east/2021	The Tabelog Award / 百名店 2021 公式名簿候補
1046001	1046001	レストランMINAMI	北海道	飲食店	フレンチ	さっぽろ（札幌市営）駅	https://tabelog.com/hokkaido/A0101/A010102/1046001/	https://award.tabelog.com/hyakumeiten/french_east/2021	The Tabelog Award / 百名店 2021 公式名簿候補
12030737	12030737	フランス料理 ル・クール	千葉県	飲食店	フレンチ	市役所前駅	https://tabelog.com/chiba/A1201/A120101/12030737/	https://award.tabelog.com/hyakumeiten/french_east/2021	The Tabelog Award / 百名店 2021 公式名簿候補
23000032	23000032	ロワール	愛知県	飲食店	フレンチ	栄町駅	https://tabelog.com/aichi/A2301/A230103/23000032/	https://award.tabelog.com/hyakumeiten/french_east/2021	The Tabelog Award / 百名店 2021 公式名簿候補
1038104	1038104	lien	北海道	飲食店	フレンチ	西１８丁目駅	https://tabelog.com/hokkaido/A0101/A010102/1038104/	https://award.tabelog.com/hyakumeiten/french_east/2021	The Tabelog Award / 百名店 2021 公式名簿候補
20000186	20000186	エルミタージュ ドゥ タムラ	長野県	飲食店	フレンチ	北佐久郡軽井沢町	https://tabelog.com/nagano/A2003/A200301/20000186/	https://award.tabelog.com/hyakumeiten/french_east/2021	The Tabelog Award / 百名店 2021 公式名簿候補
23043805	23043805	ル・タン・ペルデュ	愛知県	飲食店	フレンチ	伏見駅	https://tabelog.com/aichi/A2301/A230102/23043805/	https://award.tabelog.com/hyakumeiten/french_east/2021	The Tabelog Award / 百名店 2021 公式名簿候補
23070630	23070630	ロテュス	愛知県	飲食店	フレンチ	高岳駅	https://tabelog.com/aichi/A2301/A230104/23070630/	https://award.tabelog.com/hyakumeiten/french_east/2021	The Tabelog Award / 百名店 2021 公式名簿候補
14028447	14028447	ビストロ ボン・グー・コクブ	神奈川県	飲食店	フレンチ	長後駅	https://tabelog.com/kanagawa/A1404/A140405/14028447/	https://award.tabelog.com/hyakumeiten/french_east/2021	The Tabelog Award / 百名店 2021 公式名簿候補
23049950	23049950	レストラン　シュバル ブラン	愛知県	飲食店	フレンチ	春日井市	https://tabelog.com/aichi/A2303/A230301/23049950/	https://award.tabelog.com/hyakumeiten/french_east/2021	The Tabelog Award / 百名店 2021 公式名簿候補
23000185	23000185	ラ・グランターブル ドゥ キタムラ	愛知県	飲食店	フレンチ	高岳駅	https://tabelog.com/aichi/A2301/A230109/23000185/	https://award.tabelog.com/hyakumeiten/french_east/2021	The Tabelog Award / 百名店 2021 公式名簿候補
1000009	1000009	ル・ジャンティオム	北海道	飲食店	フレンチ	資生館小学校前駅	https://tabelog.com/hokkaido/A0101/A010103/1000009/	https://award.tabelog.com/hyakumeiten/french_east/2021	The Tabelog Award / 百名店 2021 公式名簿候補
14045182	14045182	Le Salon de Legumes	神奈川県	飲食店	フレンチ	馬車道駅	https://tabelog.com/kanagawa/A1401/A140104/14045182/	https://award.tabelog.com/hyakumeiten/french_east/2021	The Tabelog Award / 百名店 2021 公式名簿候補
20000173	20000173	万平ホテル メインダイニングルーム	長野県	飲食店	フレンチ	北佐久郡軽井沢町	https://tabelog.com/nagano/A2003/A200301/20000173/	https://award.tabelog.com/hyakumeiten/french_east/2021	The Tabelog Award / 百名店 2021 公式名簿候補
14058520	14058520	古我邸	神奈川県	飲食店	フレンチ	鎌倉駅	https://tabelog.com/kanagawa/A1404/A140402/14058520/	https://award.tabelog.com/hyakumeiten/french_east/2021	The Tabelog Award / 百名店 2021 公式名簿候補
1000044	1000044	フレンチレストラン ミクニ サッポロ	北海道	飲食店	フレンチ	札幌（ＪＲ）駅	https://tabelog.com/hokkaido/A0101/A010101/1000044/	https://award.tabelog.com/hyakumeiten/french_east/2021	The Tabelog Award / 百名店 2021 公式名簿候補
14001207	14001207	レストラン プランデルブ北鎌倉	神奈川県	飲食店	フレンチ	北鎌倉駅	https://tabelog.com/kanagawa/A1404/A140402/14001207/	https://award.tabelog.com/hyakumeiten/french_east/2021	The Tabelog Award / 百名店 2021 公式名簿候補
20001073	20001073	ヴィラデスト ガーデンファーム アンド ワイナリー	長野県	飲食店	フレンチ	東御市	https://tabelog.com/nagano/A2004/A200402/20001073/	https://award.tabelog.com/hyakumeiten/french_east/2021	The Tabelog Award / 百名店 2021 公式名簿候補
14003805	14003805	シェ・ヒャクタケ	神奈川県	飲食店	フレンチ	茅ケ崎駅	https://tabelog.com/kanagawa/A1404/A140406/14003805/	https://award.tabelog.com/hyakumeiten/french_east/2021	The Tabelog Award / 百名店 2021 公式名簿候補
14004312	14004312	りょうりにん みわ	神奈川県	飲食店	フレンチ	関内駅	https://tabelog.com/kanagawa/A1401/A140104/14004312/	https://award.tabelog.com/hyakumeiten/french_east/2021	The Tabelog Award / 百名店 2021 公式名簿候補
14039956	14039956	ete	神奈川県	飲食店	フレンチ	和田塚駅	https://tabelog.com/kanagawa/A1404/A140402/14039956/	https://award.tabelog.com/hyakumeiten/french_east/2021	The Tabelog Award / 百名店 2021 公式名簿候補
14076020	14076020	フィエルテ	神奈川県	飲食店	フレンチ	鎌倉駅	https://tabelog.com/kanagawa/A1404/A140402/14076020/	https://award.tabelog.com/hyakumeiten/french_east/2021	The Tabelog Award / 百名店 2021 公式名簿候補
14010518	14010518	シェ フルール 横濱	神奈川県	飲食店	フレンチ	平沼橋駅	https://tabelog.com/kanagawa/A1401/A140101/14010518/	https://award.tabelog.com/hyakumeiten/french_east/2021	The Tabelog Award / 百名店 2021 公式名簿候補
14058250	14058250	サラマンジェ ド ヨシノ	神奈川県	飲食店	フレンチ	鎌倉駅	https://tabelog.com/kanagawa/A1404/A140402/14058250/	https://award.tabelog.com/hyakumeiten/french_east/2021	The Tabelog Award / 百名店 2021 公式名簿候補
1000275	1000275	フレンチレストラン カザマ	北海道	飲食店	フレンチ	中央区役所前駅	https://tabelog.com/hokkaido/A0101/A010102/1000275/	https://award.tabelog.com/hyakumeiten/french_east/2021	The Tabelog Award / 百名店 2021 公式名簿候補
14051554	14051554	デュ・ヴァン・ハッシシ	神奈川県	飲食店	フレンチ	石川町駅	https://tabelog.com/kanagawa/A1401/A140105/14051554/	https://award.tabelog.com/hyakumeiten/french_east/2021	The Tabelog Award / 百名店 2021 公式名簿候補
23055994	23055994	マスドラヴァンド	愛知県	飲食店	フレンチ	新栄町駅	https://tabelog.com/aichi/A2301/A230104/23055994/	https://award.tabelog.com/hyakumeiten/french_east/2021	The Tabelog Award / 百名店 2021 公式名簿候補
23052570	23052570	レスト ケイ ヤマウチ	愛知県	飲食店	フレンチ	伏見駅	https://tabelog.com/aichi/A2301/A230102/23052570/	https://award.tabelog.com/hyakumeiten/french_east/2021	The Tabelog Award / 百名店 2021 公式名簿候補
1007405	1007405	クネル	北海道	飲食店	フレンチ	西８丁目駅	https://tabelog.com/hokkaido/A0101/A010102/1007405/	https://award.tabelog.com/hyakumeiten/french_east/2021	The Tabelog Award / 百名店 2021 公式名簿候補
14003081	14003081	フレンチレストラン にき亭 そごう横浜店	神奈川県	飲食店	フレンチ	横浜駅	https://tabelog.com/kanagawa/A1401/A140101/14003081/	https://award.tabelog.com/hyakumeiten/french_east/2021	The Tabelog Award / 百名店 2021 公式名簿候補
23002856	23002856	ラ・トリロジー	愛知県	飲食店	フレンチ	鶴舞駅	https://tabelog.com/aichi/A2301/A230105/23002856/	https://award.tabelog.com/hyakumeiten/french_east/2021	The Tabelog Award / 百名店 2021 公式名簿候補
1043997	1043997	ロワゾー・パー・マツナガ	北海道	飲食店	フレンチ	函館市	https://tabelog.com/hokkaido/A0105/A010501/1043997/	https://award.tabelog.com/hyakumeiten/french_east/2021	The Tabelog Award / 百名店 2021 公式名簿候補
23063484	23063484	フランス料理 サンク	愛知県	飲食店	フレンチ	高岳駅	https://tabelog.com/aichi/A2301/A230104/23063484/	https://award.tabelog.com/hyakumeiten/french_east/2021	The Tabelog Award / 百名店 2021 公式名簿候補
14009626	14009626	エルルカン・ビス	神奈川県	飲食店	フレンチ	足柄下郡湯河原町	https://tabelog.com/kanagawa/A1410/A141002/14009626/	https://award.tabelog.com/hyakumeiten/french_east/2021	The Tabelog Award / 百名店 2021 公式名簿候補
14004587	14004587	ミッシェル ナカジマ	神奈川県	飲食店	フレンチ	鎌倉市	https://tabelog.com/kanagawa/A1404/A140402/14004587/	https://award.tabelog.com/hyakumeiten/french_east/2021	The Tabelog Award / 百名店 2021 公式名簿候補
1033322	1033322	ラ・ブリック	北海道	飲食店	フレンチ	バスセンター前駅	https://tabelog.com/hokkaido/A0101/A010102/1033322/	https://award.tabelog.com/hyakumeiten/french_east/2021	The Tabelog Award / 百名店 2021 公式名簿候補
1000005	1000005	レストラン コートドール	北海道	飲食店	フレンチ	西２８丁目駅	https://tabelog.com/hokkaido/A0101/A010105/1000005/	https://award.tabelog.com/hyakumeiten/french_east/2021	The Tabelog Award / 百名店 2021 公式名簿候補
1000675	1000675	ランファン・キ・レーヴ	北海道	飲食店	フレンチ	札幌市東区	https://tabelog.com/hokkaido/A0101/A010202/1000675/	https://award.tabelog.com/hyakumeiten/french_east/2021	The Tabelog Award / 百名店 2021 公式名簿候補
1000183	1000183	ラ・サンテ	北海道	飲食店	フレンチ	西２８丁目駅	https://tabelog.com/hokkaido/A0101/A010105/1000183/	https://award.tabelog.com/hyakumeiten/french_east/2021	The Tabelog Award / 百名店 2021 公式名簿候補
14000627	14000627	アジュール	神奈川県	飲食店	フレンチ	みなとみらい駅	https://tabelog.com/kanagawa/A1401/A140103/14000627/	https://award.tabelog.com/hyakumeiten/french_east/2021	The Tabelog Award / 百名店 2021 公式名簿候補
14005204	14005204	Ripaille	神奈川県	飲食店	フレンチ	馬車道駅	https://tabelog.com/kanagawa/A1401/A140104/14005204/	https://award.tabelog.com/hyakumeiten/french_east/2021	The Tabelog Award / 百名店 2021 公式名簿候補
23008902	23008902	ル ピニョン	愛知県	飲食店	フレンチ	森下駅	https://tabelog.com/aichi/A2301/A230110/23008902/	https://award.tabelog.com/hyakumeiten/french_east/2021	The Tabelog Award / 百名店 2021 公式名簿候補
23000871	23000871	シェ・トト	愛知県	飲食店	フレンチ	新栄町駅	https://tabelog.com/aichi/A2301/A230104/23000871/	https://award.tabelog.com/hyakumeiten/french_east/2021	The Tabelog Award / 百名店 2021 公式名簿候補
14004807	14004807	箱根ハイランドホテル ラ・フォーレ	神奈川県	飲食店	フレンチ	足柄下郡箱根町	https://tabelog.com/kanagawa/A1410/A141001/14004807/	https://award.tabelog.com/hyakumeiten/french_east/2021	The Tabelog Award / 百名店 2021 公式名簿候補
14001146	14001146	横濱元町 霧笛楼	神奈川県	飲食店	フレンチ	元町・中華街駅	https://tabelog.com/kanagawa/A1401/A140105/14001146/	https://award.tabelog.com/hyakumeiten/french_east/2021	The Tabelog Award / 百名店 2021 公式名簿候補
12001097	12001097	エピセ	千葉県	飲食店	フレンチ	京成千葉駅	https://tabelog.com/chiba/A1201/A120101/12001097/	https://award.tabelog.com/hyakumeiten/french_east/2021	The Tabelog Award / 百名店 2021 公式名簿候補
20002166	20002166	ヒカリヤ ニシ	長野県	飲食店	フレンチ	松本市	https://tabelog.com/nagano/A2002/A200201/20002166/	https://award.tabelog.com/hyakumeiten/french_east/2021	The Tabelog Award / 百名店 2021 公式名簿候補
23049147	23049147	Reconnaissance	愛知県	飲食店	フレンチ	東別院駅	https://tabelog.com/aichi/A2301/A230105/23049147/	https://award.tabelog.com/hyakumeiten/french_east/2021	The Tabelog Award / 百名店 2021 公式名簿候補
23053940	23053940	エリタージュ	愛知県	飲食店	フレンチ	八事駅	https://tabelog.com/aichi/A2301/A230108/23053940/	https://award.tabelog.com/hyakumeiten/french_east/2021	The Tabelog Award / 百名店 2021 公式名簿候補
14000520	14000520	エリゼ光	神奈川県	飲食店	フレンチ	元町・中華街駅	https://tabelog.com/kanagawa/A1401/A140105/14000520/	https://award.tabelog.com/hyakumeiten/french_east/2021	The Tabelog Award / 百名店 2021 公式名簿候補
23000241	23000241	シェ・コーベ	愛知県	飲食店	フレンチ	八事駅	https://tabelog.com/aichi/A2301/A230108/23000241/	https://award.tabelog.com/hyakumeiten/french_east/2021	The Tabelog Award / 百名店 2021 公式名簿候補
14001427	14001427	ヴェル・ボワ	神奈川県	飲食店	フレンチ	足柄下郡箱根町	https://tabelog.com/kanagawa/A1410/A141001/14001427/	https://award.tabelog.com/hyakumeiten/french_east/2021	The Tabelog Award / 百名店 2021 公式名簿候補
1008428	1008428	Maison de h-l'E´ridan	北海道	飲食店	フレンチ	札幌市中央区	https://tabelog.com/hokkaido/A0101/A010105/1008428/	https://award.tabelog.com/hyakumeiten/french_east/2021	The Tabelog Award / 百名店 2021 公式名簿候補
23065259	23065259	グランド ダイア	愛知県	飲食店	フレンチ	ささしまライブ駅	https://tabelog.com/aichi/A2301/A230101/23065259/	https://award.tabelog.com/hyakumeiten/french_east/2021	The Tabelog Award / 百名店 2021 公式名簿候補
20000157	20000157	オーベルジュ ド プリマヴェーラ	長野県	飲食店	フレンチ	北佐久郡軽井沢町	https://tabelog.com/nagano/A2003/A200301/20000157/	https://award.tabelog.com/hyakumeiten/french_east/2021	The Tabelog Award / 百名店 2021 公式名簿候補
23044796	23044796	リマージュ	愛知県	飲食店	フレンチ	久屋大通駅	https://tabelog.com/aichi/A2301/A230103/23044796/	https://award.tabelog.com/hyakumeiten/french_east/2021	The Tabelog Award / 百名店 2021 公式名簿候補
1003500	1003500	バンケット	北海道	飲食店	フレンチ	西１８丁目駅	https://tabelog.com/hokkaido/A0101/A010102/1003500/	https://award.tabelog.com/hyakumeiten/french_east/2021	The Tabelog Award / 百名店 2021 公式名簿候補
14001995	14001995	ストラスヴァリウス	神奈川県	飲食店	フレンチ	関内駅	https://tabelog.com/kanagawa/A1401/A140104/14001995/	https://award.tabelog.com/hyakumeiten/french_east/2021	The Tabelog Award / 百名店 2021 公式名簿候補
14001428	14001428	オーベルジュ・オー・ミラドー	神奈川県	飲食店	フレンチ	足柄下郡箱根町	https://tabelog.com/kanagawa/A1410/A141001/14001428/	https://award.tabelog.com/hyakumeiten/french_east/2021	The Tabelog Award / 百名店 2021 公式名簿候補
14000156	14000156	クイーン・アリス 横浜店	神奈川県	飲食店	フレンチ	みなとみらい駅	https://tabelog.com/kanagawa/A1401/A140103/14000156/	https://award.tabelog.com/hyakumeiten/french_east/2021	The Tabelog Award / 百名店 2021 公式名簿候補
23061237	23061237	ラ モデスティ	愛知県	飲食店	フレンチ	高岳駅	https://tabelog.com/aichi/A2301/A230104/23061237/	https://award.tabelog.com/hyakumeiten/french_east/2021	The Tabelog Award / 百名店 2021 公式名簿候補
1000235	1000235	レストラン・マッカリーナ	北海道	飲食店	フレンチ	虻田郡真狩村	https://tabelog.com/hokkaido/A0106/A010603/1000235/	https://award.tabelog.com/hyakumeiten/french_east/2021	The Tabelog Award / 百名店 2021 公式名簿候補
23000325	23000325	ミクニナゴヤ	愛知県	飲食店	フレンチ	名古屋駅	https://tabelog.com/aichi/A2301/A230101/23000325/	https://award.tabelog.com/hyakumeiten/french_east/2021	The Tabelog Award / 百名店 2021 公式名簿候補
20000027	20000027	エスポワール	長野県	飲食店	フレンチ	茅野市	https://tabelog.com/nagano/A2004/A200403/20000027/	https://award.tabelog.com/hyakumeiten/french_east/2021	The Tabelog Award / 百名店 2021 公式名簿候補
1000049	1000049	オーベルジュ・ド・リル サッポロ	北海道	飲食店	フレンチ	円山公園駅	https://tabelog.com/hokkaido/A0101/A010105/1000049/	https://award.tabelog.com/hyakumeiten/french_east/2021	The Tabelog Award / 百名店 2021 公式名簿候補
12000296	12000296	ル・クープル	千葉県	飲食店	フレンチ	柏駅	https://tabelog.com/chiba/A1203/A120301/12000296/	https://award.tabelog.com/hyakumeiten/french_east/2021	The Tabelog Award / 百名店 2021 公式名簿候補
3007052	3007052	シェムラブルリス	岩手県	飲食店	フレンチ	盛岡市	https://tabelog.com/iwate/A0301/A030101/3007052/	https://award.tabelog.com/hyakumeiten/french_east/2021	The Tabelog Award / 百名店 2021 公式名簿候補
4002558	4002558	フレンチレストラン・プレジール	宮城県	飲食店	フレンチ	大町西公園駅	https://tabelog.com/miyagi/A0401/A040101/4002558/	https://award.tabelog.com/hyakumeiten/french_east/2021	The Tabelog Award / 百名店 2021 公式名簿候補
13108686	13108686	モノリス	東京都	飲食店	フレンチ	渋谷駅	https://tabelog.com/tokyo/A1303/A130301/13108686/	https://award.tabelog.com/hyakumeiten/french_tokyo/2021	The Tabelog Award / 百名店 2021 公式名簿候補
13016560	13016560	アルジェント	東京都	飲食店	フレンチ	銀座一丁目駅	https://tabelog.com/tokyo/A1301/A130101/13016560/	https://award.tabelog.com/hyakumeiten/french_tokyo/2021	The Tabelog Award / 百名店 2021 公式名簿候補
13001336	13001336	シュマン	東京都	飲食店	フレンチ	赤坂駅	https://tabelog.com/tokyo/A1308/A130801/13001336/	https://award.tabelog.com/hyakumeiten/french_tokyo/2021	The Tabelog Award / 百名店 2021 公式名簿候補
13054492	13054492	ロドラント ミノルナキジン	東京都	飲食店	フレンチ	銀座駅	https://tabelog.com/tokyo/A1301/A130101/13054492/	https://award.tabelog.com/hyakumeiten/french_tokyo/2021	The Tabelog Award / 百名店 2021 公式名簿候補
13004471	13004471	ラシェット・ブランシュ	東京都	飲食店	フレンチ	白金高輪駅	https://tabelog.com/tokyo/A1316/A131602/13004471/	https://award.tabelog.com/hyakumeiten/french_tokyo/2021	The Tabelog Award / 百名店 2021 公式名簿候補
13043985	13043985	ルグドゥノム ブション リヨネ	東京都	飲食店	フレンチ	飯田橋駅	https://tabelog.com/tokyo/A1309/A130905/13043985/	https://award.tabelog.com/hyakumeiten/french_tokyo/2021	The Tabelog Award / 百名店 2021 公式名簿候補
13188159	13188159	FURUYA　augastronome	東京都	飲食店	フレンチ	赤坂駅	https://tabelog.com/tokyo/A1308/A130801/13188159/	https://award.tabelog.com/hyakumeiten/french_tokyo/2021	The Tabelog Award / 百名店 2021 公式名簿候補
13005338	13005338	トレフミヤモト	東京都	飲食店	フレンチ	六本木駅	https://tabelog.com/tokyo/A1307/A130701/13005338/	https://award.tabelog.com/hyakumeiten/french_tokyo/2021	The Tabelog Award / 百名店 2021 公式名簿候補
13155778	13155778	ラ・ファソン 古賀	東京都	飲食店	フレンチ	代々木上原駅	https://tabelog.com/tokyo/A1318/A131811/13155778/	https://award.tabelog.com/hyakumeiten/french_tokyo/2021	The Tabelog Award / 百名店 2021 公式名簿候補
13042074	13042074	エディション・コウジ シモムラ	東京都	飲食店	フレンチ	六本木一丁目駅	https://tabelog.com/tokyo/A1307/A130701/13042074/	https://award.tabelog.com/hyakumeiten/french_tokyo/2021	The Tabelog Award / 百名店 2021 公式名簿候補
13010470	13010470	ベージュ アラン・デュカス 東京	東京都	飲食店	フレンチ	銀座一丁目駅	https://tabelog.com/tokyo/A1301/A130101/13010470/	https://award.tabelog.com/hyakumeiten/french_tokyo/2021	The Tabelog Award / 百名店 2021 公式名簿候補
13192025	13192025	ALLIE	東京都	飲食店	フレンチ	麻布十番駅	https://tabelog.com/tokyo/A1307/A130702/13192025/	https://award.tabelog.com/hyakumeiten/french_tokyo/2021	The Tabelog Award / 百名店 2021 公式名簿候補
NAME:ルマノアルダスティン|東京都		ル・マノアール・ダスティン	東京都	飲食店	フレンチ	銀座駅		https://award.tabelog.com/hyakumeiten/french_tokyo/2021	The Tabelog Award / 百名店 2021 公式名簿候補
13205772	13205772	フィリップ・ミル 東京	東京都	飲食店	フレンチ	乃木坂駅	https://tabelog.com/tokyo/A1307/A130701/13205772/	https://award.tabelog.com/hyakumeiten/french_tokyo/2021	The Tabelog Award / 百名店 2021 公式名簿候補
13198413	13198413	レストラン ローブ	東京都	飲食店	フレンチ	赤羽橋駅	https://tabelog.com/tokyo/A1307/A130702/13198413/	https://award.tabelog.com/hyakumeiten/french_tokyo/2021	The Tabelog Award / 百名店 2021 公式名簿候補
13233584	13233584	COTEAU.	東京都	飲食店	フレンチ	代官山駅	https://tabelog.com/tokyo/A1303/A130303/13233584/	https://award.tabelog.com/hyakumeiten/french_tokyo/2021	The Tabelog Award / 百名店 2021 公式名簿候補
13097935	13097935	銀座 シェ・トモ	東京都	飲食店	フレンチ	銀座一丁目駅	https://tabelog.com/tokyo/A1301/A130101/13097935/	https://award.tabelog.com/hyakumeiten/french_tokyo/2021	The Tabelog Award / 百名店 2021 公式名簿候補
13162493	13162493	プレヴナンス	東京都	飲食店	フレンチ	外苑前駅	https://tabelog.com/tokyo/A1306/A130603/13162493/	https://award.tabelog.com/hyakumeiten/french_tokyo/2021	The Tabelog Award / 百名店 2021 公式名簿候補
13059639	13059639	ラトラス	東京都	飲食店	フレンチ	神楽坂駅	https://tabelog.com/tokyo/A1309/A130905/13059639/	https://award.tabelog.com/hyakumeiten/french_tokyo/2021	The Tabelog Award / 百名店 2021 公式名簿候補
13232146	13232146	au deco	東京都	飲食店	フレンチ	広尾駅	https://tabelog.com/tokyo/A1307/A130703/13232146/	https://award.tabelog.com/hyakumeiten/french_tokyo/2021	The Tabelog Award / 百名店 2021 公式名簿候補
13156381	13156381	ライラ	東京都	飲食店	フレンチ	赤坂駅	https://tabelog.com/tokyo/A1308/A130801/13156381/	https://award.tabelog.com/hyakumeiten/french_tokyo/2021	The Tabelog Award / 百名店 2021 公式名簿候補
13117620	13117620	アジュール フォーティーファイブ	東京都	飲食店	フレンチ	六本木駅	https://tabelog.com/tokyo/A1307/A130701/13117620/	https://award.tabelog.com/hyakumeiten/french_tokyo/2021	The Tabelog Award / 百名店 2021 公式名簿候補
13128296	13128296	シャントレル	東京都	飲食店	フレンチ	代々木八幡駅	https://tabelog.com/tokyo/A1318/A131810/13128296/	https://award.tabelog.com/hyakumeiten/french_tokyo/2021	The Tabelog Award / 百名店 2021 公式名簿候補
13005328	13005328	ル・ブルギニオン	東京都	飲食店	フレンチ	六本木駅	https://tabelog.com/tokyo/A1307/A130701/13005328/	https://award.tabelog.com/hyakumeiten/french_tokyo/2021	The Tabelog Award / 百名店 2021 公式名簿候補
13001590	13001590	レストランひらまつ 広尾	東京都	飲食店	フレンチ	広尾駅	https://tabelog.com/tokyo/A1307/A130703/13001590/	https://award.tabelog.com/hyakumeiten/french_tokyo/2021	The Tabelog Award / 百名店 2021 公式名簿候補
13145384	13145384	ルメルシマン オカモト	東京都	飲食店	フレンチ	表参道駅	https://tabelog.com/tokyo/A1306/A130602/13145384/	https://award.tabelog.com/hyakumeiten/french_tokyo/2021	The Tabelog Award / 百名店 2021 公式名簿候補
13133477	13133477	レストラン マノワ	東京都	飲食店	フレンチ	広尾駅	https://tabelog.com/tokyo/A1303/A130302/13133477/	https://award.tabelog.com/hyakumeiten/french_tokyo/2021	The Tabelog Award / 百名店 2021 公式名簿候補
13114321	13114321	コントワール ミサゴ	東京都	飲食店	フレンチ	広尾駅	https://tabelog.com/tokyo/A1307/A130703/13114321/	https://award.tabelog.com/hyakumeiten/french_tokyo/2021	The Tabelog Award / 百名店 2021 公式名簿候補
13004628	13004628	モナリザ 恵比寿店	東京都	飲食店	フレンチ	恵比寿駅	https://tabelog.com/tokyo/A1303/A130302/13004628/	https://award.tabelog.com/hyakumeiten/french_tokyo/2021	The Tabelog Award / 百名店 2021 公式名簿候補
13163184	13163184	レストランユニック	東京都	飲食店	フレンチ	目黒駅	https://tabelog.com/tokyo/A1316/A131601/13163184/	https://award.tabelog.com/hyakumeiten/french_tokyo/2021	The Tabelog Award / 百名店 2021 公式名簿候補
13040327	13040327	メゾン ポール・ボキューズ	東京都	飲食店	フレンチ	代官山駅	https://tabelog.com/tokyo/A1303/A130303/13040327/	https://award.tabelog.com/hyakumeiten/french_tokyo/2021	The Tabelog Award / 百名店 2021 公式名簿候補
13204624	13204624	Takumi	東京都	飲食店	フレンチ	六本木駅	https://tabelog.com/tokyo/A1307/A130701/13204624/	https://award.tabelog.com/hyakumeiten/french_tokyo/2021	The Tabelog Award / 百名店 2021 公式名簿候補
13048701	13048701	オーベルジュ・ド・リル トーキョー	東京都	飲食店	フレンチ	六本木駅	https://tabelog.com/tokyo/A1307/A130701/13048701/	https://award.tabelog.com/hyakumeiten/french_tokyo/2021	The Tabelog Award / 百名店 2021 公式名簿候補
13010725	13010725	ラ ターブル ドゥ ジョエル・ロブション	東京都	飲食店	フレンチ	恵比寿駅	https://tabelog.com/tokyo/A1303/A130302/13010725/	https://award.tabelog.com/hyakumeiten/french_tokyo/2021	The Tabelog Award / 百名店 2021 公式名簿候補
13036041	13036041	レクテ	東京都	飲食店	フレンチ	代官山駅	https://tabelog.com/tokyo/A1303/A130303/13036041/	https://award.tabelog.com/hyakumeiten/french_tokyo/2021	The Tabelog Award / 百名店 2021 公式名簿候補
13000457	13000457	ラ・トゥーエル	東京都	飲食店	フレンチ	神楽坂駅	https://tabelog.com/tokyo/A1309/A130905/13000457/	https://award.tabelog.com/hyakumeiten/french_tokyo/2021	The Tabelog Award / 百名店 2021 公式名簿候補
13001058	13001058	キノシタ	東京都	飲食店	フレンチ	参宮橋駅	https://tabelog.com/tokyo/A1318/A131810/13001058/	https://award.tabelog.com/hyakumeiten/french_tokyo/2021	The Tabelog Award / 百名店 2021 公式名簿候補
13200186	13200186	オルタナティブ	東京都	飲食店	フレンチ	六本木駅	https://tabelog.com/tokyo/A1307/A130701/13200186/	https://award.tabelog.com/hyakumeiten/french_tokyo/2021	The Tabelog Award / 百名店 2021 公式名簿候補
13056132	13056132	ジョンティ アッシュ	東京都	飲食店	フレンチ	白金台駅	https://tabelog.com/tokyo/A1316/A131602/13056132/	https://award.tabelog.com/hyakumeiten/french_tokyo/2021	The Tabelog Award / 百名店 2021 公式名簿候補
13020360	13020360	シグネチャー	東京都	飲食店	フレンチ	三越前駅	https://tabelog.com/tokyo/A1302/A130202/13020360/	https://award.tabelog.com/hyakumeiten/french_tokyo/2021	The Tabelog Award / 百名店 2021 公式名簿候補
13192399	13192399	オルグイユ	東京都	飲食店	フレンチ	外苑前駅	https://tabelog.com/tokyo/A1306/A130603/13192399/	https://award.tabelog.com/hyakumeiten/french_tokyo/2021	The Tabelog Award / 百名店 2021 公式名簿候補
13001911	13001911	レストラン・パッション	東京都	飲食店	フレンチ	代官山駅	https://tabelog.com/tokyo/A1303/A130303/13001911/	https://award.tabelog.com/hyakumeiten/french_tokyo/2021	The Tabelog Award / 百名店 2021 公式名簿候補
13137097	13137097	ラス	東京都	飲食店	フレンチ	表参道駅	https://tabelog.com/tokyo/A1306/A130602/13137097/	https://award.tabelog.com/hyakumeiten/french_tokyo/2021	The Tabelog Award / 百名店 2021 公式名簿候補
13150395	13150395	sio	東京都	飲食店	フレンチ	代々木上原駅	https://tabelog.com/tokyo/A1318/A131811/13150395/	https://award.tabelog.com/hyakumeiten/french_tokyo/2021	The Tabelog Award / 百名店 2021 公式名簿候補
13213150	13213150	アルゴリズム	東京都	飲食店	フレンチ	白金台駅	https://tabelog.com/tokyo/A1316/A131602/13213150/	https://award.tabelog.com/hyakumeiten/french_tokyo/2021	The Tabelog Award / 百名店 2021 公式名簿候補
13210554	13210554	FRANZ	東京都	飲食店	フレンチ	白金台駅	https://tabelog.com/tokyo/A1307/A130703/13210554/	https://award.tabelog.com/hyakumeiten/french_tokyo/2021	The Tabelog Award / 百名店 2021 公式名簿候補
13002082	13002082	ブーケ・ド・フランス	東京都	飲食店	フレンチ	六本木駅	https://tabelog.com/tokyo/A1307/A130701/13002082/	https://award.tabelog.com/hyakumeiten/french_tokyo/2021	The Tabelog Award / 百名店 2021 公式名簿候補
13222761	13222761	Libre	東京都	飲食店	フレンチ	白金高輪駅	https://tabelog.com/tokyo/A1316/A131602/13222761/	https://award.tabelog.com/hyakumeiten/french_tokyo/2021	The Tabelog Award / 百名店 2021 公式名簿候補
13186624	13186624	エール	東京都	飲食店	フレンチ	銀座駅	https://tabelog.com/tokyo/A1301/A130101/13186624/	https://award.tabelog.com/hyakumeiten/french_tokyo/2021	The Tabelog Award / 百名店 2021 公式名簿候補
13039567	13039567	レザンファン ギャテ	東京都	飲食店	フレンチ	代官山駅	https://tabelog.com/tokyo/A1303/A130303/13039567/	https://award.tabelog.com/hyakumeiten/french_tokyo/2021	The Tabelog Award / 百名店 2021 公式名簿候補
13103993	13103993	ピエール・ガニェール	東京都	飲食店	フレンチ	六本木一丁目駅	https://tabelog.com/tokyo/A1308/A130802/13103993/	https://award.tabelog.com/hyakumeiten/french_tokyo/2021	The Tabelog Award / 百名店 2021 公式名簿候補
13000302	13000302	モナリザ 丸の内店	東京都	飲食店	フレンチ	二重橋前駅	https://tabelog.com/tokyo/A1302/A130201/13000302/	https://award.tabelog.com/hyakumeiten/french_tokyo/2021	The Tabelog Award / 百名店 2021 公式名簿候補
13186719	13186719	クラフタル	東京都	飲食店	フレンチ	中目黒駅	https://tabelog.com/tokyo/A1317/A131701/13186719/	https://award.tabelog.com/hyakumeiten/french_tokyo/2021	The Tabelog Award / 百名店 2021 公式名簿候補
13001278	13001278	マノワール・ディノ	東京都	飲食店	フレンチ	表参道駅	https://tabelog.com/tokyo/A1306/A130602/13001278/	https://award.tabelog.com/hyakumeiten/french_tokyo/2021	The Tabelog Award / 百名店 2021 公式名簿候補
13217869	13217869	B	東京都	飲食店	フレンチ	自由が丘駅	https://tabelog.com/tokyo/A1317/A131703/13217869/	https://award.tabelog.com/hyakumeiten/french_tokyo/2021	The Tabelog Award / 百名店 2021 公式名簿候補
13151302	13151302	サラマンジェ ド イザシ ワキサカ	東京都	飲食店	フレンチ	銀座駅	https://tabelog.com/tokyo/A1301/A130101/13151302/	https://award.tabelog.com/hyakumeiten/french_tokyo/2021	The Tabelog Award / 百名店 2021 公式名簿候補
13099717	13099717	ルカンケ	東京都	飲食店	フレンチ	白金台駅	https://tabelog.com/tokyo/A1316/A131602/13099717/	https://award.tabelog.com/hyakumeiten/french_tokyo/2021	The Tabelog Award / 百名店 2021 公式名簿候補
13095732	13095732	ラール・エ・ラ・マニエール	東京都	飲食店	フレンチ	銀座駅	https://tabelog.com/tokyo/A1301/A130101/13095732/	https://award.tabelog.com/hyakumeiten/french_tokyo/2021	The Tabelog Award / 百名店 2021 公式名簿候補
13002939	13002939	レストラン コバヤシ	東京都	飲食店	フレンチ	平井駅	https://tabelog.com/tokyo/A1312/A131202/13002939/	https://award.tabelog.com/hyakumeiten/french_tokyo/2021	The Tabelog Award / 百名店 2021 公式名簿候補
13005334	13005334	ラトリエ ドゥ ジョエル・ロブション	東京都	飲食店	フレンチ	六本木駅	https://tabelog.com/tokyo/A1307/A130701/13005334/	https://award.tabelog.com/hyakumeiten/french_tokyo/2021	The Tabelog Award / 百名店 2021 公式名簿候補
27074347	27074347	リベルタス	大阪府	飲食店	フレンチ	中崎町駅	https://tabelog.com/osaka/A2701/A270101/27074347/	https://award.tabelog.com/hyakumeiten/french_west/2021	The Tabelog Award / 百名店 2021 公式名簿候補
27004550	27004550	コンヴィヴィアリテ	大阪府	飲食店	フレンチ	西大橋駅	https://tabelog.com/osaka/A2701/A270201/27004550/	https://award.tabelog.com/hyakumeiten/french_west/2021	The Tabelog Award / 百名店 2021 公式名簿候補
27013494	27013494	Y’S	大阪府	飲食店	フレンチ	福島駅	https://tabelog.com/osaka/A2701/A270108/27013494/	https://award.tabelog.com/hyakumeiten/french_west/2021	The Tabelog Award / 百名店 2021 公式名簿候補
27000095	27000095	カランドリエ	大阪府	飲食店	フレンチ	本町駅	https://tabelog.com/osaka/A2701/A270106/27000095/	https://award.tabelog.com/hyakumeiten/french_west/2021	The Tabelog Award / 百名店 2021 公式名簿候補
28025777	28025777	ラ・レゾナンス	兵庫県	飲食店	フレンチ	三宮（神戸市営）駅	https://tabelog.com/hyogo/A2801/A280101/28025777/	https://award.tabelog.com/hyakumeiten/french_west/2021	The Tabelog Award / 百名店 2021 公式名簿候補
34001083	34001083	オザワ	広島県	飲食店	フレンチ	胡町駅	https://tabelog.com/hiroshima/A3401/A340109/34001083/	https://award.tabelog.com/hyakumeiten/french_west/2021	The Tabelog Award / 百名店 2021 公式名簿候補
29000026	29000026	メインダイニングルーム 三笠	奈良県	飲食店	フレンチ	奈良市	https://tabelog.com/nara/A2901/A290101/29000026/	https://award.tabelog.com/hyakumeiten/french_west/2021	The Tabelog Award / 百名店 2021 公式名簿候補
27003293	27003293	オー・ガラージュ	大阪府	飲食店	フレンチ	江坂駅	https://tabelog.com/osaka/A2706/A270602/27003293/	https://award.tabelog.com/hyakumeiten/french_west/2021	The Tabelog Award / 百名店 2021 公式名簿候補
27088075	27088075	プレスキル	大阪府	飲食店	フレンチ	淀屋橋駅	https://tabelog.com/osaka/A2701/A270102/27088075/	https://award.tabelog.com/hyakumeiten/french_west/2021	The Tabelog Award / 百名店 2021 公式名簿候補
28005651	28005651	ラ メゾン ドゥ グラシアニ 神戸北野	兵庫県	飲食店	フレンチ	三宮（神戸市営）駅	https://tabelog.com/hyogo/A2801/A280101/28005651/	https://award.tabelog.com/hyakumeiten/french_west/2021	The Tabelog Award / 百名店 2021 公式名簿候補
27000871	27000871	ル クロ	大阪府	飲食店	フレンチ	大阪難波駅	https://tabelog.com/osaka/A2701/A270201/27000871/	https://award.tabelog.com/hyakumeiten/french_west/2021	The Tabelog Award / 百名店 2021 公式名簿候補
27002069	27002069	キャトルラパン	大阪府	飲食店	フレンチ	大江橋駅	https://tabelog.com/osaka/A2701/A270101/27002069/	https://award.tabelog.com/hyakumeiten/french_west/2021	The Tabelog Award / 百名店 2021 公式名簿候補
28004021	28004021	御影 ジュエンヌ	兵庫県	飲食店	フレンチ	御影（阪急）駅	https://tabelog.com/hyogo/A2801/A280106/28004021/	https://award.tabelog.com/hyakumeiten/french_west/2021	The Tabelog Award / 百名店 2021 公式名簿候補
27000824	27000824	ヴレ ド ヴレ シェ ヒロ	大阪府	飲食店	フレンチ	西大橋駅	https://tabelog.com/osaka/A2701/A270201/27000824/	https://award.tabelog.com/hyakumeiten/french_west/2021	The Tabelog Award / 百名店 2021 公式名簿候補
26005078	26005078	epice	京都府	飲食店	フレンチ	出町柳駅	https://tabelog.com/kyoto/A2601/A260302/26005078/	https://award.tabelog.com/hyakumeiten/french_west/2021	The Tabelog Award / 百名店 2021 公式名簿候補
27001358	27001358	ラ・ベカス	大阪府	飲食店	フレンチ	淀屋橋駅	https://tabelog.com/osaka/A2701/A270106/27001358/	https://award.tabelog.com/hyakumeiten/french_west/2021	The Tabelog Award / 百名店 2021 公式名簿候補
47000060	47000060	ファヌアン	沖縄県	飲食店	フレンチ	名護市	https://tabelog.com/okinawa/A4702/A470201/47000060/	https://award.tabelog.com/hyakumeiten/french_west/2021	The Tabelog Award / 百名店 2021 公式名簿候補
27012400	27012400	ル・コントワール・デュ・グー	大阪府	飲食店	フレンチ	本町駅	https://tabelog.com/osaka/A2701/A270106/27012400/	https://award.tabelog.com/hyakumeiten/french_west/2021	The Tabelog Award / 百名店 2021 公式名簿候補
27006150	27006150	レスプリ ドゥ クゥー ドゥ フランス	大阪府	飲食店	フレンチ	北浜駅	https://tabelog.com/osaka/A2701/A270102/27006150/	https://award.tabelog.com/hyakumeiten/french_west/2021	The Tabelog Award / 百名店 2021 公式名簿候補
27073438	27073438	エ・オ ベルナール・ロワゾー・スィニャテュール	大阪府	飲食店	フレンチ	大阪阿部野橋駅	https://tabelog.com/osaka/A2701/A270203/27073438/	https://award.tabelog.com/hyakumeiten/french_west/2021	The Tabelog Award / 百名店 2021 公式名簿候補
17009914	17009914	Installation Table ENSO L'asymetrie du calme	石川県	飲食店	フレンチ	金沢市	https://tabelog.com/ishikawa/A1701/A170101/17009914/	https://award.tabelog.com/hyakumeiten/french_west/2021	The Tabelog Award / 百名店 2021 公式名簿候補
26021417	26021417	レーヌ デ プレ	京都府	飲食店	フレンチ	神宮丸太町駅	https://tabelog.com/kyoto/A2601/A260302/26021417/	https://award.tabelog.com/hyakumeiten/french_west/2021	The Tabelog Award / 百名店 2021 公式名簿候補
27039880	27039880	ア・ラ・ルーシュ	大阪府	飲食店	フレンチ	あびこ駅	https://tabelog.com/osaka/A2701/A270404/27039880/	https://award.tabelog.com/hyakumeiten/french_west/2021	The Tabelog Award / 百名店 2021 公式名簿候補
28047247	28047247	エスピス	兵庫県	飲食店	フレンチ	三宮（神戸市営）駅	https://tabelog.com/hyogo/A2801/A280101/28047247/	https://award.tabelog.com/hyakumeiten/french_west/2021	The Tabelog Award / 百名店 2021 公式名簿候補
27000681	27000681	SAKURA	大阪府	飲食店	フレンチ	大阪ビジネスパーク駅	https://tabelog.com/osaka/A2701/A270107/27000681/	https://award.tabelog.com/hyakumeiten/french_west/2021	The Tabelog Award / 百名店 2021 公式名簿候補
27012726	27012726	ミチノ・ル・トゥールビヨン	大阪府	飲食店	フレンチ	福島駅	https://tabelog.com/osaka/A2701/A270108/27012726/	https://award.tabelog.com/hyakumeiten/french_west/2021	The Tabelog Award / 百名店 2021 公式名簿候補
40000160	40000160	ラ メゾン ドゥ ラ ナチュール ゴウ	福岡県	飲食店	フレンチ	天神南駅	https://tabelog.com/fukuoka/A4001/A400102/40000160/	https://award.tabelog.com/hyakumeiten/french_west/2021	The Tabelog Award / 百名店 2021 公式名簿候補
27100646	27100646	しまなみふれんち Murakami	大阪府	飲食店	フレンチ	大阪天満宮駅	https://tabelog.com/osaka/A2701/A270103/27100646/	https://award.tabelog.com/hyakumeiten/french_west/2021	The Tabelog Award / 百名店 2021 公式名簿候補
27057581	27057581	北新地Koutaro	大阪府	飲食店	フレンチ	北新地駅	https://tabelog.com/osaka/A2701/A270101/27057581/	https://award.tabelog.com/hyakumeiten/french_west/2021	The Tabelog Award / 百名店 2021 公式名簿候補
26025794	26025794	山地陽介	京都府	飲食店	フレンチ	祇園四条駅	https://tabelog.com/kyoto/A2601/A260301/26025794/	https://award.tabelog.com/hyakumeiten/french_west/2021	The Tabelog Award / 百名店 2021 公式名簿候補
28000563	28000563	Cuisine Franco-japonaise Matsushima	兵庫県	飲食店	フレンチ	三宮（神戸市営）駅	https://tabelog.com/hyogo/A2801/A280101/28000563/	https://award.tabelog.com/hyakumeiten/french_west/2021	The Tabelog Award / 百名店 2021 公式名簿候補
17009200	17009200	ラトリエ・ドゥ・ノト	石川県	飲食店	フレンチ	輪島市	https://tabelog.com/ishikawa/A1704/A170401/17009200/	https://award.tabelog.com/hyakumeiten/french_west/2021	The Tabelog Award / 百名店 2021 公式名簿候補
26003662	26003662	メゾン・ド・ヴァン鶉亭	京都府	飲食店	フレンチ	祇園四条駅	https://tabelog.com/kyoto/A2601/A260201/26003662/	https://award.tabelog.com/hyakumeiten/french_west/2021	The Tabelog Award / 百名店 2021 公式名簿候補
27093931	27093931	メゾン タテル ヨシノ	大阪府	飲食店	フレンチ	大江橋駅	https://tabelog.com/osaka/A2701/A270101/27093931/	https://award.tabelog.com/hyakumeiten/french_west/2021	The Tabelog Award / 百名店 2021 公式名簿候補
40000006	40000006	レストラン ひらまつ 博多	福岡県	飲食店	フレンチ	中洲川端駅	https://tabelog.com/fukuoka/A4001/A400102/40000006/	https://award.tabelog.com/hyakumeiten/french_west/2021	The Tabelog Award / 百名店 2021 公式名簿候補
27057190	27057190	ラグナヴェール プレミア	大阪府	飲食店	フレンチ	大阪駅	https://tabelog.com/osaka/A2701/A270101/27057190/	https://award.tabelog.com/hyakumeiten/french_west/2021	The Tabelog Award / 百名店 2021 公式名簿候補
28029526	28029526	アノニム	兵庫県	飲食店	フレンチ	県庁前駅	https://tabelog.com/hyogo/A2801/A280102/28029526/	https://award.tabelog.com/hyakumeiten/french_west/2021	The Tabelog Award / 百名店 2021 公式名簿候補
26023539	26023539	青いけ	京都府	飲食店	フレンチ	丸太町（京都市営）駅	https://tabelog.com/kyoto/A2601/A260202/26023539/	https://award.tabelog.com/hyakumeiten/french_west/2021	The Tabelog Award / 百名店 2021 公式名簿候補
27066177	27066177	グラン シャン	大阪府	飲食店	フレンチ	北新地駅	https://tabelog.com/osaka/A2701/A270101/27066177/	https://award.tabelog.com/hyakumeiten/french_west/2021	The Tabelog Award / 百名店 2021 公式名簿候補
27063852	27063852	エッサンシエル	大阪府	飲食店	フレンチ	北浜駅	https://tabelog.com/osaka/A2701/A270102/27063852/	https://award.tabelog.com/hyakumeiten/french_west/2021	The Tabelog Award / 百名店 2021 公式名簿候補
24002060	24002060	レストラン リュウ	三重県	飲食店	フレンチ	多気郡明和町	https://tabelog.com/mie/A2401/A240103/24002060/	https://award.tabelog.com/hyakumeiten/french_west/2021	The Tabelog Award / 百名店 2021 公式名簿候補
40000376	40000376	ジョルジュ マルソー	福岡県	飲食店	フレンチ	赤坂駅	https://tabelog.com/fukuoka/A4001/A400104/40000376/	https://award.tabelog.com/hyakumeiten/french_west/2021	The Tabelog Award / 百名店 2021 公式名簿候補
28027363	28027363	芦屋フレンチ北じま	兵庫県	飲食店	フレンチ	芦屋川駅	https://tabelog.com/hyogo/A2803/A280302/28027363/	https://award.tabelog.com/hyakumeiten/french_west/2021	The Tabelog Award / 百名店 2021 公式名簿候補
27018849	27018849	ユニック	大阪府	飲食店	フレンチ	北浜駅	https://tabelog.com/osaka/A2701/A270102/27018849/	https://award.tabelog.com/hyakumeiten/french_west/2021	The Tabelog Award / 百名店 2021 公式名簿候補
27010575	27010575	キュニエット	大阪府	飲食店	フレンチ	北新地駅	https://tabelog.com/osaka/A2701/A270101/27010575/	https://award.tabelog.com/hyakumeiten/french_west/2021	The Tabelog Award / 百名店 2021 公式名簿候補
27009418	27009418	リュミエール	大阪府	飲食店	フレンチ	心斎橋駅	https://tabelog.com/osaka/A2701/A270201/27009418/	https://award.tabelog.com/hyakumeiten/french_west/2021	The Tabelog Award / 百名店 2021 公式名簿候補
40007033	40007033	アニオン	福岡県	飲食店	フレンチ	天神駅	https://tabelog.com/fukuoka/A4001/A400103/40007033/	https://award.tabelog.com/hyakumeiten/french_west/2021	The Tabelog Award / 百名店 2021 公式名簿候補
24000268	24000268	メインダイニング シーホース	三重県	飲食店	フレンチ	鳥羽市	https://tabelog.com/mie/A2403/A240302/24000268/	https://award.tabelog.com/hyakumeiten/french_west/2021	The Tabelog Award / 百名店 2021 公式名簿候補
27056976	27056976	ル ヴェール フレ	大阪府	飲食店	フレンチ	江坂駅	https://tabelog.com/osaka/A2706/A270602/27056976/	https://award.tabelog.com/hyakumeiten/french_west/2021	The Tabelog Award / 百名店 2021 公式名簿候補
28025572	28025572	メゾン・ド・タカ芦屋	兵庫県	飲食店	フレンチ	芦屋（阪神）駅	https://tabelog.com/hyogo/A2803/A280302/28025572/	https://award.tabelog.com/hyakumeiten/french_west/2021	The Tabelog Award / 百名店 2021 公式名簿候補
28026098	28026098	新月	兵庫県	飲食店	フレンチ	三宮（神戸市営）駅	https://tabelog.com/hyogo/A2801/A280101/28026098/	https://award.tabelog.com/hyakumeiten/french_west/2021	The Tabelog Award / 百名店 2021 公式名簿候補
27002903	27002903	レストラン コーイン	大阪府	飲食店	フレンチ	大阪上本町駅	https://tabelog.com/osaka/A2701/A270205/27002903/	https://award.tabelog.com/hyakumeiten/french_west/2021	The Tabelog Award / 百名店 2021 公式名簿候補
27000992	27000992	ワッシーズダイニングスープル	大阪府	飲食店	フレンチ	四天王寺前夕陽ケ丘駅	https://tabelog.com/osaka/A2701/A270203/27000992/	https://award.tabelog.com/hyakumeiten/french_west/2021	The Tabelog Award / 百名店 2021 公式名簿候補
28000561	28000561	レシピ	兵庫県	飲食店	フレンチ	三宮（神戸市営）駅	https://tabelog.com/hyogo/A2801/A280101/28000561/	https://award.tabelog.com/hyakumeiten/french_west/2021	The Tabelog Award / 百名店 2021 公式名簿候補
27073327	27073327	ピエール	大阪府	飲食店	フレンチ	大阪梅田（阪急）駅	https://tabelog.com/osaka/A2701/A270101/27073327/	https://award.tabelog.com/hyakumeiten/french_west/2021	The Tabelog Award / 百名店 2021 公式名簿候補
27115254	27115254	Point	大阪府	飲食店	フレンチ	豊中市	https://tabelog.com/osaka/A2706/A270601/27115254/	https://award.tabelog.com/hyakumeiten/french_west/2021	The Tabelog Award / 百名店 2021 公式名簿候補
26003627	26003627	龍のひげ	京都府	飲食店	フレンチ	京都市役所前駅	https://tabelog.com/kyoto/A2601/A260202/26003627/	https://award.tabelog.com/hyakumeiten/french_west/2021	The Tabelog Award / 百名店 2021 公式名簿候補
27003492	27003492	ダン ル シエル	大阪府	飲食店	フレンチ	大阪城北詰駅	https://tabelog.com/osaka/A2701/A270107/27003492/	https://award.tabelog.com/hyakumeiten/french_west/2021	The Tabelog Award / 百名店 2021 公式名簿候補
40050652	40050652	Sola	福岡県	飲食店	フレンチ	福岡市博多区	https://tabelog.com/fukuoka/A4001/A400102/40050652/	https://award.tabelog.com/hyakumeiten/french_west/2021	The Tabelog Award / 百名店 2021 公式名簿候補
27074095	27074095	レストランディファランス	大阪府	飲食店	フレンチ	本町駅	https://tabelog.com/osaka/A2701/A270102/27074095/	https://award.tabelog.com/hyakumeiten/french_west/2021	The Tabelog Award / 百名店 2021 公式名簿候補
29010031	29010031	ラ・トラース	奈良県	飲食店	フレンチ	奈良市	https://tabelog.com/nara/A2901/A290101/29010031/	https://award.tabelog.com/hyakumeiten/french_west/2021	The Tabelog Award / 百名店 2021 公式名簿候補
26001279	26001279	祇園おくむら	京都府	飲食店	フレンチ	祇園四条駅	https://tabelog.com/kyoto/A2601/A260301/26001279/	https://award.tabelog.com/hyakumeiten/french_west/2021	The Tabelog Award / 百名店 2021 公式名簿候補
28000558	28000558	ルセット	兵庫県	飲食店	フレンチ	三宮（神戸市営）駅	https://tabelog.com/hyogo/A2801/A280101/28000558/	https://award.tabelog.com/hyakumeiten/french_west/2021	The Tabelog Award / 百名店 2021 公式名簿候補
27097439	27097439	Grand rocher	大阪府	飲食店	フレンチ	淀屋橋駅	https://tabelog.com/osaka/A2701/A270102/27097439/	https://award.tabelog.com/hyakumeiten/french_west/2021	The Tabelog Award / 百名店 2021 公式名簿候補
27013139	27013139	コションローズ	大阪府	飲食店	フレンチ	谷町四丁目駅	https://tabelog.com/osaka/A2701/A270104/27013139/	https://award.tabelog.com/hyakumeiten/french_west/2021	The Tabelog Award / 百名店 2021 公式名簿候補
27000506	27000506	ルポンドシエル	大阪府	飲食店	フレンチ	北浜駅	https://tabelog.com/osaka/A2701/A270102/27000506/	https://award.tabelog.com/hyakumeiten/french_west/2021	The Tabelog Award / 百名店 2021 公式名簿候補
27001093	27001093	エッソンス・エ・グー	大阪府	飲食店	フレンチ	高槻駅	https://tabelog.com/osaka/A2706/A270604/27001093/	https://award.tabelog.com/hyakumeiten/french_west/2021	The Tabelog Award / 百名店 2021 公式名簿候補
27000803	27000803	レストラン シャンボール	大阪府	飲食店	フレンチ	中之島駅	https://tabelog.com/osaka/A2701/A270108/27000803/	https://award.tabelog.com/hyakumeiten/french_west/2021	The Tabelog Award / 百名店 2021 公式名簿候補
37000787	37000787	ベネッセハウス テラスレストラン 海の星	香川県	飲食店	フレンチ	直島町その他	https://tabelog.com/kagawa/A3701/A370103/37000787/	https://award.tabelog.com/hyakumeiten/french_west/2021	The Tabelog Award / 百名店 2021 公式名簿候補
27089343	27089343	エヴォリュエ	大阪府	飲食店	フレンチ	新福島駅	https://tabelog.com/osaka/A2701/A270108/27089343/	https://award.tabelog.com/hyakumeiten/french_west/2021	The Tabelog Award / 百名店 2021 公式名簿候補
26006250	26006250	祇園 Abbesses	京都府	飲食店	フレンチ	祇園四条駅	https://tabelog.com/kyoto/A2601/A260301/26006250/	https://award.tabelog.com/hyakumeiten/french_west/2021	The Tabelog Award / 百名店 2021 公式名簿候補
28009616	28009616	ル ベナトン	兵庫県	飲食店	フレンチ	夙川駅	https://tabelog.com/hyogo/A2803/A280301/28009616/	https://award.tabelog.com/hyakumeiten/french_west/2021	The Tabelog Award / 百名店 2021 公式名簿候補
27001152	27001152	ジャマン	大阪府	飲食店	フレンチ	茨木市駅	https://tabelog.com/osaka/A2706/A270604/27001152/	https://award.tabelog.com/hyakumeiten/french_west/2021	The Tabelog Award / 百名店 2021 公式名簿候補
27069204	27069204	ラ・フェット ひらまつ	大阪府	飲食店	フレンチ	渡辺橋駅	https://tabelog.com/osaka/A2701/A270102/27069204/	https://award.tabelog.com/hyakumeiten/french_west/2021	The Tabelog Award / 百名店 2021 公式名簿候補
27013084	27013084	Le Caneton	大阪府	飲食店	フレンチ	谷町六丁目駅	https://tabelog.com/osaka/A2701/A270204/27013084/	https://award.tabelog.com/hyakumeiten/french_west/2021	The Tabelog Award / 百名店 2021 公式名簿候補
40026340	40026340	オーグードゥジュール メルヴェイユ 博多	福岡県	飲食店	フレンチ	博多駅	https://tabelog.com/fukuoka/A4001/A400101/40026340/	https://award.tabelog.com/hyakumeiten/french_west/2021	The Tabelog Award / 百名店 2021 公式名簿候補
27078053	27078053	フレンチ割烹 宿	大阪府	飲食店	フレンチ	心斎橋駅	https://tabelog.com/osaka/A2701/A270201/27078053/	https://award.tabelog.com/hyakumeiten/french_west/2021	The Tabelog Award / 百名店 2021 公式名簿候補
26016182	26016182	ブラン・ピエール	京都府	飲食店	フレンチ	京都市役所前駅	https://tabelog.com/kyoto/A2601/A260202/26016182/	https://award.tabelog.com/hyakumeiten/french_west/2021	The Tabelog Award / 百名店 2021 公式名簿候補
27092538	27092538	ラトリエ・ド・ギニョール・エ・マデロン	大阪府	飲食店	フレンチ	南森町駅	https://tabelog.com/osaka/A2701/A270103/27092538/	https://award.tabelog.com/hyakumeiten/french_west/2021	The Tabelog Award / 百名店 2021 公式名簿候補
26005856	26005856	いとう	京都府	飲食店	フレンチ	東山駅	https://tabelog.com/kyoto/A2601/A260301/26005856/	https://award.tabelog.com/hyakumeiten/french_west/2021	The Tabelog Award / 百名店 2021 公式名簿候補
27074083	27074083	ラボンヌターシュ	大阪府	飲食店	フレンチ	なにわ橋駅	https://tabelog.com/osaka/A2701/A270101/27074083/	https://award.tabelog.com/hyakumeiten/french_west/2021	The Tabelog Award / 百名店 2021 公式名簿候補
27002673	27002673	ル・ジャルダン	大阪府	飲食店	フレンチ	四ツ橋駅	https://tabelog.com/osaka/A2701/A270201/27002673/	https://award.tabelog.com/hyakumeiten/french_west/2021	The Tabelog Award / 百名店 2021 公式名簿候補
40004819	40004819	レザン ドール	福岡県	飲食店	フレンチ	天神南駅	https://tabelog.com/fukuoka/A4001/A400103/40004819/	https://award.tabelog.com/hyakumeiten/french_west/2021	The Tabelog Award / 百名店 2021 公式名簿候補
24005111	24005111	ラ・メール	三重県	飲食店	フレンチ	志摩市	https://tabelog.com/mie/A2403/A240303/24005111/	https://award.tabelog.com/hyakumeiten/french_west/2021	The Tabelog Award / 百名店 2021 公式名簿候補
27001184	27001184	レストラン ヴァリエ	大阪府	飲食店	フレンチ	渡辺橋駅	https://tabelog.com/osaka/A2701/A270102/27001184/	https://award.tabelog.com/hyakumeiten/french_west/2021	The Tabelog Award / 百名店 2021 公式名簿候補
27080791	27080791	ad hoc	大阪府	飲食店	フレンチ	新福島駅	https://tabelog.com/osaka/A2701/A270108/27080791/	https://award.tabelog.com/hyakumeiten/french_west/2021	The Tabelog Award / 百名店 2021 公式名簿候補
28000727	28000727	アッシュ	兵庫県	飲食店	フレンチ	三宮（神戸市営）駅	https://tabelog.com/hyogo/A2801/A280101/28000727/	https://award.tabelog.com/hyakumeiten/french_west/2021	The Tabelog Award / 百名店 2021 公式名簿候補
27049485	27049485	La Cime	大阪府	飲食店	フレンチ	本町駅	https://tabelog.com/osaka/A2701/A270106/27049485/	https://award.tabelog.com/hyakumeiten/french_west/2021	The Tabelog Award / 百名店 2021 公式名簿候補
13057671	13057671	春香園 蒲田店	東京都	飲食店	餃子	蒲田駅	https://tabelog.com/tokyo/A1315/A131503/13057671/	https://award.tabelog.com/hyakumeiten/gyoza/2021	The Tabelog Award / 百名店 2021 公式名簿候補
39000019	39000019	屋台安兵衛	高知県	飲食店	餃子	高知市	https://tabelog.com/kochi/A3901/A390101/39000019/	https://award.tabelog.com/hyakumeiten/gyoza/2021	The Tabelog Award / 百名店 2021 公式名簿候補
13003379	13003379	大連	東京都	飲食店	餃子	大森駅	https://tabelog.com/tokyo/A1315/A131502/13003379/	https://award.tabelog.com/hyakumeiten/gyoza/2021	The Tabelog Award / 百名店 2021 公式名簿候補
28000494	28000494	ぎょうざの店 ひょうたん 元町店	兵庫県	飲食店	餃子	元町（阪神）駅	https://tabelog.com/hyogo/A2801/A280102/28000494/	https://award.tabelog.com/hyakumeiten/gyoza/2021	The Tabelog Award / 百名店 2021 公式名簿候補
28004179	28004179	ぎょうざ専門店 赤萬 三宮店	兵庫県	飲食店	餃子	神戸三宮（阪急）駅	https://tabelog.com/hyogo/A2801/A280101/28004179/	https://award.tabelog.com/hyakumeiten/gyoza/2021	The Tabelog Award / 百名店 2021 公式名簿候補
28006275	28006275	餃子専門店 祥雲	兵庫県	飲食店	餃子	三宮（神戸市営）駅	https://tabelog.com/hyogo/A2801/A280101/28006275/	https://award.tabelog.com/hyakumeiten/gyoza/2021	The Tabelog Award / 百名店 2021 公式名簿候補
40000204	40000204	旭軒 駅前本店	福岡県	飲食店	餃子	博多駅	https://tabelog.com/fukuoka/A4001/A400101/40000204/	https://award.tabelog.com/hyakumeiten/gyoza/2021	The Tabelog Award / 百名店 2021 公式名簿候補
13005118	13005118	泰興楼 自由ヶ丘店	東京都	飲食店	餃子	自由が丘駅	https://tabelog.com/tokyo/A1317/A131703/13005118/	https://award.tabelog.com/hyakumeiten/gyoza/2021	The Tabelog Award / 百名店 2021 公式名簿候補
13016725	13016725	中華珍満	東京都	飲食店	餃子	上野御徒町駅	https://tabelog.com/tokyo/A1311/A131101/13016725/	https://award.tabelog.com/hyakumeiten/gyoza/2021	The Tabelog Award / 百名店 2021 公式名簿候補
13154973	13154973	歓迎 銀座中央通り店	東京都	飲食店	餃子	京橋駅	https://tabelog.com/tokyo/A1301/A130101/13154973/	https://award.tabelog.com/hyakumeiten/gyoza/2021	The Tabelog Award / 百名店 2021 公式名簿候補
13000676	13000676	鉄なべ餃子なかよし	東京都	飲食店	餃子	南阿佐ケ谷駅	https://tabelog.com/tokyo/A1319/A131905/13000676/	https://award.tabelog.com/hyakumeiten/gyoza/2021	The Tabelog Award / 百名店 2021 公式名簿候補
13140146	13140146	按田餃子 代々木上原店	東京都	飲食店	餃子	代々木上原駅	https://tabelog.com/tokyo/A1318/A131811/13140146/	https://award.tabelog.com/hyakumeiten/gyoza/2021	The Tabelog Award / 百名店 2021 公式名簿候補
9001047	9001047	正嗣 駒生店	栃木県	飲食店	餃子	宇都宮市	https://tabelog.com/tochigi/A0901/A090101/9001047/	https://award.tabelog.com/hyakumeiten/gyoza/2021	The Tabelog Award / 百名店 2021 公式名簿候補
39000464	39000464	ひろめで安兵衛	高知県	飲食店	餃子	高知市	https://tabelog.com/kochi/A3901/A390101/39000464/	https://award.tabelog.com/hyakumeiten/gyoza/2021	The Tabelog Award / 百名店 2021 公式名簿候補
13016814	13016814	餃子の王さま	東京都	飲食店	餃子	浅草（東武・都営・メトロ）駅	https://tabelog.com/tokyo/A1311/A131102/13016814/	https://award.tabelog.com/hyakumeiten/gyoza/2021	The Tabelog Award / 百名店 2021 公式名簿候補
27000184	27000184	天平 北新地本店	大阪府	飲食店	餃子	北新地駅	https://tabelog.com/osaka/A2701/A270101/27000184/	https://award.tabelog.com/hyakumeiten/gyoza/2021	The Tabelog Award / 百名店 2021 公式名簿候補
13050544	13050544	餃子の福包 新宿店	東京都	飲食店	餃子	新宿御苑前駅	https://tabelog.com/tokyo/A1304/A130402/13050544/	https://award.tabelog.com/hyakumeiten/gyoza/2021	The Tabelog Award / 百名店 2021 公式名簿候補
13019237	13019237	餃子荘 ムロ	東京都	飲食店	餃子	高田馬場駅	https://tabelog.com/tokyo/A1305/A130503/13019237/	https://award.tabelog.com/hyakumeiten/gyoza/2021	The Tabelog Award / 百名店 2021 公式名簿候補
9001001	9001001	餃天堂	栃木県	飲食店	餃子	宇都宮市	https://tabelog.com/tochigi/A0901/A090101/9001001/	https://award.tabelog.com/hyakumeiten/gyoza/2021	The Tabelog Award / 百名店 2021 公式名簿候補
13098822	13098822	来々軒	東京都	飲食店	餃子	木場駅	https://tabelog.com/tokyo/A1313/A131303/13098822/	https://award.tabelog.com/hyakumeiten/gyoza/2021	The Tabelog Award / 百名店 2021 公式名簿候補
22029778	22029778	石松餃子 JR浜松駅店	静岡県	飲食店	餃子	浜松市中区	https://tabelog.com/shizuoka/A2202/A220201/22029778/	https://award.tabelog.com/hyakumeiten/gyoza/2021	The Tabelog Award / 百名店 2021 公式名簿候補
13001284	13001284	原宿餃子樓	東京都	飲食店	餃子	明治神宮前駅	https://tabelog.com/tokyo/A1306/A130601/13001284/	https://award.tabelog.com/hyakumeiten/gyoza/2021	The Tabelog Award / 百名店 2021 公式名簿候補
13021680	13021680	でっかい餃子 曽さんの店 代々木店	東京都	飲食店	餃子	代々木駅	https://tabelog.com/tokyo/A1304/A130403/13021680/	https://award.tabelog.com/hyakumeiten/gyoza/2021	The Tabelog Award / 百名店 2021 公式名簿候補
13000410	13000410	おけ以	東京都	飲食店	餃子	飯田橋駅	https://tabelog.com/tokyo/A1309/A130905/13000410/	https://award.tabelog.com/hyakumeiten/gyoza/2021	The Tabelog Award / 百名店 2021 公式名簿候補
42000060	42000060	雲龍亭 本店	長崎県	飲食店	餃子	長崎市	https://tabelog.com/nagasaki/A4201/A420101/42000060/	https://award.tabelog.com/hyakumeiten/gyoza/2021	The Tabelog Award / 百名店 2021 公式名簿候補
4000029	4000029	八仙	宮城県	飲食店	餃子	青葉通一番町駅	https://tabelog.com/miyagi/A0401/A040101/4000029/	https://award.tabelog.com/hyakumeiten/gyoza/2021	The Tabelog Award / 百名店 2021 公式名簿候補
9010290	9010290	青源 パセオ店	栃木県	飲食店	餃子	宇都宮市	https://tabelog.com/tochigi/A0901/A090101/9010290/	https://award.tabelog.com/hyakumeiten/gyoza/2021	The Tabelog Award / 百名店 2021 公式名簿候補
13003304	13003304	歓迎 本店	東京都	飲食店	餃子	蒲田駅	https://tabelog.com/tokyo/A1315/A131503/13003304/	https://award.tabelog.com/hyakumeiten/gyoza/2021	The Tabelog Award / 百名店 2021 公式名簿候補
13020138	13020138	鎮海楼	東京都	飲食店	餃子	目黒駅	https://tabelog.com/tokyo/A1316/A131601/13020138/	https://award.tabelog.com/hyakumeiten/gyoza/2021	The Tabelog Award / 百名店 2021 公式名簿候補
13008712	13008712	独一処餃子 葛西本店	東京都	飲食店	餃子	葛西駅	https://tabelog.com/tokyo/A1313/A131305/13008712/	https://award.tabelog.com/hyakumeiten/gyoza/2021	The Tabelog Award / 百名店 2021 公式名簿候補
40000910	40000910	鉄なべ 中洲本店	福岡県	飲食店	餃子	中洲川端駅	https://tabelog.com/fukuoka/A4001/A400103/40000910/	https://award.tabelog.com/hyakumeiten/gyoza/2021	The Tabelog Award / 百名店 2021 公式名簿候補
22021065	22021065	むつぎく	静岡県	飲食店	餃子	浜松市中区	https://tabelog.com/shizuoka/A2202/A220201/22021065/	https://award.tabelog.com/hyakumeiten/gyoza/2021	The Tabelog Award / 百名店 2021 公式名簿候補
22003100	22003100	むつ菊	静岡県	飲食店	餃子	浜松市中区	https://tabelog.com/shizuoka/A2202/A220201/22003100/	https://award.tabelog.com/hyakumeiten/gyoza/2021	The Tabelog Award / 百名店 2021 公式名簿候補
28002361	28002361	ぎょうざ専門店 赤萬 元町店	兵庫県	飲食店	餃子	元町（阪神）駅	https://tabelog.com/hyogo/A2801/A280102/28002361/	https://award.tabelog.com/hyakumeiten/gyoza/2021	The Tabelog Award / 百名店 2021 公式名簿候補
28000846	28000846	淡水軒	兵庫県	飲食店	餃子	元町（ＪＲ）駅	https://tabelog.com/hyogo/A2801/A280102/28000846/	https://award.tabelog.com/hyakumeiten/gyoza/2021	The Tabelog Award / 百名店 2021 公式名簿候補
13003085	13003085	哈爾濱餃子	東京都	飲食店	餃子	堀切菖蒲園駅	https://tabelog.com/tokyo/A1324/A132403/13003085/	https://award.tabelog.com/hyakumeiten/gyoza/2021	The Tabelog Award / 百名店 2021 公式名簿候補
9000118	9000118	和の中	栃木県	飲食店	餃子	宇都宮市	https://tabelog.com/tochigi/A0901/A090101/9000118/	https://award.tabelog.com/hyakumeiten/gyoza/2021	The Tabelog Award / 百名店 2021 公式名簿候補
13005875	13005875	餃子のハルピン	東京都	飲食店	餃子	三鷹駅	https://tabelog.com/tokyo/A1320/A132002/13005875/	https://award.tabelog.com/hyakumeiten/gyoza/2021	The Tabelog Award / 百名店 2021 公式名簿候補
14000483	14000483	山東 2号店	神奈川県	飲食店	餃子	日本大通り駅	https://tabelog.com/kanagawa/A1401/A140105/14000483/	https://award.tabelog.com/hyakumeiten/gyoza/2021	The Tabelog Award / 百名店 2021 公式名簿候補
13127427	13127427	PAIRON 飯田橋本店	東京都	飲食店	餃子	飯田橋駅	https://tabelog.com/tokyo/A1309/A130905/13127427/	https://award.tabelog.com/hyakumeiten/gyoza/2021	The Tabelog Award / 百名店 2021 公式名簿候補
40000194	40000194	餃子李	福岡県	飲食店	餃子	薬院駅	https://tabelog.com/fukuoka/A4001/A400104/40000194/	https://award.tabelog.com/hyakumeiten/gyoza/2021	The Tabelog Award / 百名店 2021 公式名簿候補
23053109	23053109	たつみ	愛知県	飲食店	餃子	新栄町駅	https://tabelog.com/aichi/A2301/A230104/23053109/	https://award.tabelog.com/hyakumeiten/gyoza/2021	The Tabelog Award / 百名店 2021 公式名簿候補
40000836	40000836	博多祇園鉄なべ	福岡県	飲食店	餃子	祇園駅	https://tabelog.com/fukuoka/A4001/A400101/40000836/	https://award.tabelog.com/hyakumeiten/gyoza/2021	The Tabelog Award / 百名店 2021 公式名簿候補
13000118	13000118	大陸	東京都	飲食店	餃子	新宿西口駅	https://tabelog.com/tokyo/A1304/A130401/13000118/	https://award.tabelog.com/hyakumeiten/gyoza/2021	The Tabelog Award / 百名店 2021 公式名簿候補
26017170	26017170	ぎょうざ処 高辻 亮昌 本店	京都府	飲食店	餃子	四条（京都市営）駅	https://tabelog.com/kyoto/A2601/A260201/26017170/	https://award.tabelog.com/hyakumeiten/gyoza/2021	The Tabelog Award / 百名店 2021 公式名簿候補
40007271	40007271	五十番	福岡県	飲食店	餃子	久留米市	https://tabelog.com/fukuoka/A4008/A400801/40007271/	https://award.tabelog.com/hyakumeiten/gyoza/2021	The Tabelog Award / 百名店 2021 公式名簿候補
26000028	26000028	ミスター・ギョーザ	京都府	飲食店	餃子	西大路駅	https://tabelog.com/kyoto/A2601/A260604/26000028/	https://award.tabelog.com/hyakumeiten/gyoza/2021	The Tabelog Award / 百名店 2021 公式名簿候補
22002540	22002540	喜慕里	静岡県	飲食店	餃子	浜松市南区	https://tabelog.com/shizuoka/A2202/A220201/22002540/	https://award.tabelog.com/hyakumeiten/gyoza/2021	The Tabelog Award / 百名店 2021 公式名簿候補
22001373	22001373	福みつ	静岡県	飲食店	餃子	浜松市中区	https://tabelog.com/shizuoka/A2202/A220201/22001373/	https://award.tabelog.com/hyakumeiten/gyoza/2021	The Tabelog Award / 百名店 2021 公式名簿候補
13017017	13017017	開楽 本店	東京都	飲食店	餃子	池袋駅	https://tabelog.com/tokyo/A1305/A130501/13017017/	https://award.tabelog.com/hyakumeiten/gyoza/2021	The Tabelog Award / 百名店 2021 公式名簿候補
22003420	22003420	中央亭	静岡県	飲食店	餃子	沼津市	https://tabelog.com/shizuoka/A2205/A220501/22003420/	https://award.tabelog.com/hyakumeiten/gyoza/2021	The Tabelog Award / 百名店 2021 公式名簿候補
13054311	13054311	元祖ハルピン	東京都	飲食店	餃子	三鷹駅	https://tabelog.com/tokyo/A1320/A132002/13054311/	https://award.tabelog.com/hyakumeiten/gyoza/2021	The Tabelog Award / 百名店 2021 公式名簿候補
24000014	24000014	ぎょうざの美鈴	三重県	飲食店	餃子	伊勢市	https://tabelog.com/mie/A2403/A240301/24000014/	https://award.tabelog.com/hyakumeiten/gyoza/2021	The Tabelog Award / 百名店 2021 公式名簿候補
27008027	27008027	餃子の店 もも	大阪府	飲食店	餃子	昭和町駅	https://tabelog.com/osaka/A2701/A270203/27008027/	https://award.tabelog.com/hyakumeiten/gyoza/2021	The Tabelog Award / 百名店 2021 公式名簿候補
13041091	13041091	亀戸ぎょうざ 錦糸町店	東京都	飲食店	餃子	錦糸町駅	https://tabelog.com/tokyo/A1312/A131201/13041091/	https://award.tabelog.com/hyakumeiten/gyoza/2021	The Tabelog Award / 百名店 2021 公式名簿候補
7000722	7000722	餃子 照井 飯坂本店	福島県	飲食店	餃子	福島市	https://tabelog.com/fukushima/A0701/A070101/7000722/	https://award.tabelog.com/hyakumeiten/gyoza/2021	The Tabelog Award / 百名店 2021 公式名簿候補
13182912	13182912	亜細亜割烹 蓮月	東京都	飲食店	餃子	乃木坂駅	https://tabelog.com/tokyo/A1307/A130701/13182912/	https://award.tabelog.com/hyakumeiten/gyoza/2021	The Tabelog Award / 百名店 2021 公式名簿候補
13003078	13003078	亀戸餃子 本店	東京都	飲食店	餃子	亀戸駅	https://tabelog.com/tokyo/A1312/A131202/13003078/	https://award.tabelog.com/hyakumeiten/gyoza/2021	The Tabelog Award / 百名店 2021 公式名簿候補
26018951	26018951	ぎょうざ 歩兵 祇園本店	京都府	飲食店	餃子	祇園四条駅	https://tabelog.com/kyoto/A2601/A260301/26018951/	https://award.tabelog.com/hyakumeiten/gyoza/2021	The Tabelog Award / 百名店 2021 公式名簿候補
9010705	9010705	香蘭	栃木県	飲食店	餃子	宇都宮市	https://tabelog.com/tochigi/A0901/A090101/9010705/	https://award.tabelog.com/hyakumeiten/gyoza/2021	The Tabelog Award / 百名店 2021 公式名簿候補
13013490	13013490	十番	東京都	飲食店	餃子	東中野駅	https://tabelog.com/tokyo/A1319/A131901/13013490/	https://award.tabelog.com/hyakumeiten/gyoza/2021	The Tabelog Award / 百名店 2021 公式名簿候補
28007605	28007605	餃子 福福	兵庫県	飲食店	餃子	芦屋（阪神）駅	https://tabelog.com/hyogo/A2803/A280302/28007605/	https://award.tabelog.com/hyakumeiten/gyoza/2021	The Tabelog Award / 百名店 2021 公式名簿候補
40000125	40000125	宝雲亭	福岡県	飲食店	餃子	中洲川端駅	https://tabelog.com/fukuoka/A4001/A400102/40000125/	https://award.tabelog.com/hyakumeiten/gyoza/2021	The Tabelog Award / 百名店 2021 公式名簿候補
28001632	28001632	ぎょうざ大学	兵庫県	飲食店	餃子	元町（阪神）駅	https://tabelog.com/hyogo/A2801/A280102/28001632/	https://award.tabelog.com/hyakumeiten/gyoza/2021	The Tabelog Award / 百名店 2021 公式名簿候補
13006530	13006530	餃子の店 三幸園 白山通り店	東京都	飲食店	餃子	神保町駅	https://tabelog.com/tokyo/A1310/A131003/13006530/	https://award.tabelog.com/hyakumeiten/gyoza/2021	The Tabelog Award / 百名店 2021 公式名簿候補
23029601	23029601	百老亭 今池店	愛知県	飲食店	餃子	今池駅	https://tabelog.com/aichi/A2301/A230106/23029601/	https://award.tabelog.com/hyakumeiten/gyoza/2021	The Tabelog Award / 百名店 2021 公式名簿候補
28027880	28027880	新ちゃん	兵庫県	飲食店	餃子	尼崎（阪神）駅	https://tabelog.com/hyogo/A2803/A280304/28027880/	https://award.tabelog.com/hyakumeiten/gyoza/2021	The Tabelog Award / 百名店 2021 公式名簿候補
13154377	13154377	野方餃子	東京都	飲食店	餃子	野方駅	https://tabelog.com/tokyo/A1321/A132104/13154377/	https://award.tabelog.com/hyakumeiten/gyoza/2021	The Tabelog Award / 百名店 2021 公式名簿候補
14003956	14003956	横浜とんとん	神奈川県	飲食店	餃子	星川駅	https://tabelog.com/kanagawa/A1401/A140301/14003956/	https://award.tabelog.com/hyakumeiten/gyoza/2021	The Tabelog Award / 百名店 2021 公式名簿候補
22022797	22022797	石松餃子 新東名店	静岡県	飲食店	餃子	浜松市浜北区	https://tabelog.com/shizuoka/A2202/A220201/22022797/	https://award.tabelog.com/hyakumeiten/gyoza/2021	The Tabelog Award / 百名店 2021 公式名簿候補
34004387	34004387	清ちゃん	広島県	飲食店	餃子	銀山町駅	https://tabelog.com/hiroshima/A3401/A340110/34004387/	https://award.tabelog.com/hyakumeiten/gyoza/2021	The Tabelog Award / 百名店 2021 公式名簿候補
13008262	13008262	金春 本館	東京都	飲食店	餃子	京急蒲田駅	https://tabelog.com/tokyo/A1315/A131503/13008262/	https://award.tabelog.com/hyakumeiten/gyoza/2021	The Tabelog Award / 百名店 2021 公式名簿候補
13012005	13012005	老辺餃子舘 新宿本店	東京都	飲食店	餃子	新宿駅	https://tabelog.com/tokyo/A1304/A130401/13012005/	https://award.tabelog.com/hyakumeiten/gyoza/2021	The Tabelog Award / 百名店 2021 公式名簿候補
9000046	9000046	正嗣 宮島本店	栃木県	飲食店	餃子	宇都宮市	https://tabelog.com/tochigi/A0901/A090101/9000046/	https://award.tabelog.com/hyakumeiten/gyoza/2021	The Tabelog Award / 百名店 2021 公式名簿候補
13020141	13020141	一味玲玲 本店	東京都	飲食店	餃子	新橋駅	https://tabelog.com/tokyo/A1301/A130103/13020141/	https://award.tabelog.com/hyakumeiten/gyoza/2021	The Tabelog Award / 百名店 2021 公式名簿候補
13133812	13133812	リトル泰興楼 Fei店	東京都	飲食店	餃子	日本橋駅	https://tabelog.com/tokyo/A1302/A130202/13133812/	https://award.tabelog.com/hyakumeiten/gyoza/2021	The Tabelog Award / 百名店 2021 公式名簿候補
23068000	23068000	餃子とスパークリング バブルス	愛知県	飲食店	餃子	伏見駅	https://tabelog.com/aichi/A2301/A230102/23068000/	https://award.tabelog.com/hyakumeiten/gyoza/2021	The Tabelog Award / 百名店 2021 公式名簿候補
28000495	28000495	ぎょうざの店 ひょうたん 三宮店	兵庫県	飲食店	餃子	神戸三宮（阪急）駅	https://tabelog.com/hyogo/A2801/A280101/28000495/	https://award.tabelog.com/hyakumeiten/gyoza/2021	The Tabelog Award / 百名店 2021 公式名簿候補
13117106	13117106	えびすの安兵衛	東京都	飲食店	餃子	恵比寿駅	https://tabelog.com/tokyo/A1303/A130302/13117106/	https://award.tabelog.com/hyakumeiten/gyoza/2021	The Tabelog Award / 百名店 2021 公式名簿候補
13015935	13015935	みんみん	東京都	飲食店	餃子	吉祥寺駅	https://tabelog.com/tokyo/A1320/A132001/13015935/	https://award.tabelog.com/hyakumeiten/gyoza/2021	The Tabelog Award / 百名店 2021 公式名簿候補
13008958	13008958	東亭	東京都	飲食店	餃子	向原駅	https://tabelog.com/tokyo/A1305/A130501/13008958/	https://award.tabelog.com/hyakumeiten/gyoza/2021	The Tabelog Award / 百名店 2021 公式名簿候補
28037232	28037232	英洋軒 姫路駅前店	兵庫県	飲食店	餃子	姫路駅	https://tabelog.com/hyogo/A2805/A280501/28037232/	https://award.tabelog.com/hyakumeiten/gyoza/2021	The Tabelog Award / 百名店 2021 公式名簿候補
13090377	13090377	餃子坊　豚八戒	東京都	飲食店	餃子	阿佐ケ谷駅	https://tabelog.com/tokyo/A1319/A131905/13090377/	https://award.tabelog.com/hyakumeiten/gyoza/2021	The Tabelog Award / 百名店 2021 公式名簿候補
13158080	13158080	菜香餃子房	東京都	飲食店	餃子	北千住駅	https://tabelog.com/tokyo/A1324/A132402/13158080/	https://award.tabelog.com/hyakumeiten/gyoza/2021	The Tabelog Award / 百名店 2021 公式名簿候補
44000056	44000056	湖月	大分県	飲食店	餃子	別府市	https://tabelog.com/oita/A4402/A440202/44000056/	https://award.tabelog.com/hyakumeiten/gyoza/2021	The Tabelog Award / 百名店 2021 公式名簿候補
13003608	13003608	昇龍	東京都	飲食店	餃子	京成上野駅	https://tabelog.com/tokyo/A1311/A131101/13003608/	https://award.tabelog.com/hyakumeiten/gyoza/2021	The Tabelog Award / 百名店 2021 公式名簿候補
14006776	14006776	萬里	神奈川県	飲食店	餃子	桜木町駅	https://tabelog.com/kanagawa/A1401/A140102/14006776/	https://award.tabelog.com/hyakumeiten/gyoza/2021	The Tabelog Award / 百名店 2021 公式名簿候補
13004530	13004530	東京餃子楼 三軒茶屋店	東京都	飲食店	餃子	西太子堂駅	https://tabelog.com/tokyo/A1317/A131706/13004530/	https://award.tabelog.com/hyakumeiten/gyoza/2021	The Tabelog Award / 百名店 2021 公式名簿候補
27003163	27003163	丸正餃子店 本店	大阪府	飲食店	餃子	住道駅	https://tabelog.com/osaka/A2707/A270704/27003163/	https://award.tabelog.com/hyakumeiten/gyoza/2021	The Tabelog Award / 百名店 2021 公式名簿候補
21001121	21001121	岐州	岐阜県	飲食店	餃子	岐阜市	https://tabelog.com/gifu/A2101/A210101/21001121/	https://award.tabelog.com/hyakumeiten/gyoza/2021	The Tabelog Award / 百名店 2021 公式名簿候補
13001812	13001812	您好	東京都	飲食店	餃子	幡ケ谷駅	https://tabelog.com/tokyo/A1318/A131807/13001812/	https://award.tabelog.com/hyakumeiten/gyoza/2021	The Tabelog Award / 百名店 2021 公式名簿候補
13120494	13120494	你好 恵馨閣	東京都	飲食店	餃子	蒲田駅	https://tabelog.com/tokyo/A1315/A131503/13120494/	https://award.tabelog.com/hyakumeiten/gyoza/2021	The Tabelog Award / 百名店 2021 公式名簿候補
13000732	13000732	太陽	東京都	飲食店	餃子	高円寺駅	https://tabelog.com/tokyo/A1319/A131904/13000732/	https://award.tabelog.com/hyakumeiten/gyoza/2021	The Tabelog Award / 百名店 2021 公式名簿候補
13193356	13193356	銀座 天龍 本店	東京都	飲食店	餃子	銀座一丁目駅	https://tabelog.com/tokyo/A1301/A130101/13193356/	https://award.tabelog.com/hyakumeiten/gyoza/2021	The Tabelog Award / 百名店 2021 公式名簿候補
13039735	13039735	亀戸ぎょうざ 両国支店	東京都	飲食店	餃子	両国駅	https://tabelog.com/tokyo/A1312/A131201/13039735/	https://award.tabelog.com/hyakumeiten/gyoza/2021	The Tabelog Award / 百名店 2021 公式名簿候補
13020500	13020500	壇太	東京都	飲食店	餃子	高輪台駅	https://tabelog.com/tokyo/A1316/A131603/13020500/	https://award.tabelog.com/hyakumeiten/gyoza/2021	The Tabelog Award / 百名店 2021 公式名簿候補
13017770	13017770	龍門	東京都	飲食店	餃子	大鳥居駅	https://tabelog.com/tokyo/A1315/A131504/13017770/	https://award.tabelog.com/hyakumeiten/gyoza/2021	The Tabelog Award / 百名店 2021 公式名簿候補
28023397	28023397	餃子屋 満園	兵庫県	飲食店	餃子	旧居留地・大丸前駅	https://tabelog.com/hyogo/A2801/A280102/28023397/	https://award.tabelog.com/hyakumeiten/gyoza/2021	The Tabelog Award / 百名店 2021 公式名簿候補
13025054	13025054	歓迎 西口店	東京都	飲食店	餃子	蒲田駅	https://tabelog.com/tokyo/A1315/A131503/13025054/	https://award.tabelog.com/hyakumeiten/gyoza/2021	The Tabelog Award / 百名店 2021 公式名簿候補
17000692	17000692	餃子菜館 勝ちゃん	石川県	飲食店	餃子	小松市	https://tabelog.com/ishikawa/A1702/A170202/17000692/	https://award.tabelog.com/hyakumeiten/gyoza/2021	The Tabelog Award / 百名店 2021 公式名簿候補
13144295	13144295	ブラザーズ 新富町店	東京都	飲食店	ハンバーガー	新富町駅	https://tabelog.com/tokyo/A1313/A131301/13144295/	https://award.tabelog.com/hyakumeiten/hamburger/2021	The Tabelog Award / 百名店 2021 公式名簿候補
13144629	13144629	San Francisco Peaks	東京都	飲食店	ハンバーガー	明治神宮前駅	https://tabelog.com/tokyo/A1306/A130601/13144629/	https://award.tabelog.com/hyakumeiten/hamburger/2021	The Tabelog Award / 百名店 2021 公式名簿候補
13094114	13094114	サニーダイナー ルミネ北千住店	東京都	飲食店	ハンバーガー	北千住駅	https://tabelog.com/tokyo/A1324/A132402/13094114/	https://award.tabelog.com/hyakumeiten/hamburger/2021	The Tabelog Award / 百名店 2021 公式名簿候補
13022465	13022465	ヴィレッジ ヴァンガード　ダイナー 下北沢	東京都	飲食店	ハンバーガー	下北沢駅	https://tabelog.com/tokyo/A1318/A131802/13022465/	https://award.tabelog.com/hyakumeiten/hamburger/2021	The Tabelog Award / 百名店 2021 公式名簿候補
27088635	27088635	Craft Burger co. 北堀江店	大阪府	飲食店	ハンバーガー	四ツ橋駅	https://tabelog.com/osaka/A2701/A270201/27088635/	https://award.tabelog.com/hyakumeiten/hamburger/2021	The Tabelog Award / 百名店 2021 公式名簿候補
14030872	14030872	good mellows	神奈川県	飲食店	ハンバーガー	極楽寺駅	https://tabelog.com/kanagawa/A1404/A140402/14030872/	https://award.tabelog.com/hyakumeiten/hamburger/2021	The Tabelog Award / 百名店 2021 公式名簿候補
42000523	42000523	ミサロッソ	長崎県	飲食店	ハンバーガー	佐世保市	https://tabelog.com/nagasaki/A4202/A420201/42000523/	https://award.tabelog.com/hyakumeiten/hamburger/2021	The Tabelog Award / 百名店 2021 公式名簿候補
13119994	13119994	ハングリー ヘブン 目黒店	東京都	飲食店	ハンバーガー	目黒駅	https://tabelog.com/tokyo/A1316/A131601/13119994/	https://award.tabelog.com/hyakumeiten/hamburger/2021	The Tabelog Award / 百名店 2021 公式名簿候補
12020222	12020222	パントリー コヨーテ	千葉県	飲食店	ハンバーガー	葭川公園駅	https://tabelog.com/chiba/A1201/A120101/12020222/	https://award.tabelog.com/hyakumeiten/hamburger/2021	The Tabelog Award / 百名店 2021 公式名簿候補
13004780	13004780	ベーカーバウンス	東京都	飲食店	ハンバーガー	西太子堂駅	https://tabelog.com/tokyo/A1317/A131706/13004780/	https://award.tabelog.com/hyakumeiten/hamburger/2021	The Tabelog Award / 百名店 2021 公式名簿候補
38001052	38001052	道後の町屋	愛媛県	飲食店	ハンバーガー	松山市	https://tabelog.com/ehime/A3801/A380101/38001052/	https://award.tabelog.com/hyakumeiten/hamburger/2021	The Tabelog Award / 百名店 2021 公式名簿候補
13008406	13008406	ファンゴー 三宿本店	東京都	飲食店	ハンバーガー	三軒茶屋駅	https://tabelog.com/tokyo/A1317/A131706/13008406/	https://award.tabelog.com/hyakumeiten/hamburger/2021	The Tabelog Award / 百名店 2021 公式名簿候補
13121856	13121856	マンチズ バーガー シャック	東京都	飲食店	ハンバーガー	芝公園駅	https://tabelog.com/tokyo/A1314/A131401/13121856/	https://award.tabelog.com/hyakumeiten/hamburger/2021	The Tabelog Award / 百名店 2021 公式名簿候補
13164217	13164217	the 3rd Burger アークヒルズサウスタワー店	東京都	飲食店	ハンバーガー	六本木一丁目駅	https://tabelog.com/tokyo/A1307/A130701/13164217/	https://award.tabelog.com/hyakumeiten/hamburger/2021	The Tabelog Award / 百名店 2021 公式名簿候補
23042400	23042400	BIG BEN DINER	愛知県	飲食店	ハンバーガー	比良駅	https://tabelog.com/aichi/A2301/A230113/23042400/	https://award.tabelog.com/hyakumeiten/hamburger/2021	The Tabelog Award / 百名店 2021 公式名簿候補
13206969	13206969	THE COUNTER 六本木	東京都	飲食店	ハンバーガー	乃木坂駅	https://tabelog.com/tokyo/A1307/A130701/13206969/	https://award.tabelog.com/hyakumeiten/hamburger/2021	The Tabelog Award / 百名店 2021 公式名簿候補
47009921	47009921	ダグズ・バーガー 宮古島本店	沖縄県	飲食店	ハンバーガー	宮古島市	https://tabelog.com/okinawa/A4705/A470503/47009921/	https://award.tabelog.com/hyakumeiten/hamburger/2021	The Tabelog Award / 百名店 2021 公式名簿候補
42000079	42000079	ヒカリ 本店	長崎県	飲食店	ハンバーガー	佐世保市	https://tabelog.com/nagasaki/A4202/A420201/42000079/	https://award.tabelog.com/hyakumeiten/hamburger/2021	The Tabelog Award / 百名店 2021 公式名簿候補
13041855	13041855	バーガーズベース	東京都	飲食店	ハンバーガー	代々木駅	https://tabelog.com/tokyo/A1304/A130403/13041855/	https://award.tabelog.com/hyakumeiten/hamburger/2021	The Tabelog Award / 百名店 2021 公式名簿候補
13122469	13122469	ビア パブ カムデン 池袋東口店	東京都	飲食店	ハンバーガー	池袋駅	https://tabelog.com/tokyo/A1305/A130501/13122469/	https://award.tabelog.com/hyakumeiten/hamburger/2021	The Tabelog Award / 百名店 2021 公式名簿候補
13227776	13227776	ショーグンバーガー 新宿店	東京都	飲食店	ハンバーガー	新宿西口駅	https://tabelog.com/tokyo/A1304/A130401/13227776/	https://award.tabelog.com/hyakumeiten/hamburger/2021	The Tabelog Award / 百名店 2021 公式名簿候補
28005655	28005655	淡路島バーガー	兵庫県	飲食店	ハンバーガー	西宮（ＪＲ）駅	https://tabelog.com/hyogo/A2803/A280301/28005655/	https://award.tabelog.com/hyakumeiten/hamburger/2021	The Tabelog Award / 百名店 2021 公式名簿候補
13030795	13030795	オーセンティック	東京都	飲食店	ハンバーガー	赤坂駅	https://tabelog.com/tokyo/A1308/A130802/13030795/	https://award.tabelog.com/hyakumeiten/hamburger/2021	The Tabelog Award / 百名店 2021 公式名簿候補
42000078	42000078	佐世保バーガー BigMan 京町本店	長崎県	飲食店	ハンバーガー	佐世保市	https://tabelog.com/nagasaki/A4202/A420201/42000078/	https://award.tabelog.com/hyakumeiten/hamburger/2021	The Tabelog Award / 百名店 2021 公式名簿候補
14000902	14000902	ハニービー	神奈川県	飲食店	ハンバーガー	汐入駅	https://tabelog.com/kanagawa/A1406/A140601/14000902/	https://award.tabelog.com/hyakumeiten/hamburger/2021	The Tabelog Award / 百名店 2021 公式名簿候補
13195774	13195774	マクレーン オールドバーガースタンド	東京都	飲食店	ハンバーガー	蔵前駅	https://tabelog.com/tokyo/A1311/A131103/13195774/	https://award.tabelog.com/hyakumeiten/hamburger/2021	The Tabelog Award / 百名店 2021 公式名簿候補
13054778	13054778	自由が丘バーガー 本店	東京都	飲食店	ハンバーガー	自由が丘駅	https://tabelog.com/tokyo/A1317/A131703/13054778/	https://award.tabelog.com/hyakumeiten/hamburger/2021	The Tabelog Award / 百名店 2021 公式名簿候補
42000138	42000138	ログキット 佐世保本店	長崎県	飲食店	ハンバーガー	佐世保市	https://tabelog.com/nagasaki/A4202/A420201/42000138/	https://award.tabelog.com/hyakumeiten/hamburger/2021	The Tabelog Award / 百名店 2021 公式名簿候補
13150800	13150800	the 3rd Burger 青山骨董通り店	東京都	飲食店	ハンバーガー	表参道駅	https://tabelog.com/tokyo/A1306/A130602/13150800/	https://award.tabelog.com/hyakumeiten/hamburger/2021	The Tabelog Award / 百名店 2021 公式名簿候補
13171395	13171395	CHATTY CHATTY	東京都	飲食店	ハンバーガー	新宿御苑前駅	https://tabelog.com/tokyo/A1304/A130402/13171395/	https://award.tabelog.com/hyakumeiten/hamburger/2021	The Tabelog Award / 百名店 2021 公式名簿候補
13086561	13086561	GRILL BURGER CLUB SASA	東京都	飲食店	ハンバーガー	代官山駅	https://tabelog.com/tokyo/A1303/A130303/13086561/	https://award.tabelog.com/hyakumeiten/hamburger/2021	The Tabelog Award / 百名店 2021 公式名簿候補
28025659	28025659	エスビーダイナー コウベ	兵庫県	飲食店	ハンバーガー	神戸三宮（阪急）駅	https://tabelog.com/hyogo/A2801/A280101/28025659/	https://award.tabelog.com/hyakumeiten/hamburger/2021	The Tabelog Award / 百名店 2021 公式名簿候補
13190156	13190156	ヘンリーズ バーガー 代官山	東京都	飲食店	ハンバーガー	代官山駅	https://tabelog.com/tokyo/A1303/A130303/13190156/	https://award.tabelog.com/hyakumeiten/hamburger/2021	The Tabelog Award / 百名店 2021 公式名簿候補
13003002	13003002	ブラザーズ 人形町本店	東京都	飲食店	ハンバーガー	人形町駅	https://tabelog.com/tokyo/A1302/A130204/13003002/	https://award.tabelog.com/hyakumeiten/hamburger/2021	The Tabelog Award / 百名店 2021 公式名簿候補
13054359	13054359	レッグオンダイナー	東京都	飲食店	ハンバーガー	渋谷駅	https://tabelog.com/tokyo/A1303/A130301/13054359/	https://award.tabelog.com/hyakumeiten/hamburger/2021	The Tabelog Award / 百名店 2021 公式名簿候補
13047335	13047335	バーガーマニア 白金店	東京都	飲食店	ハンバーガー	白金台駅	https://tabelog.com/tokyo/A1316/A131602/13047335/	https://award.tabelog.com/hyakumeiten/hamburger/2021	The Tabelog Award / 百名店 2021 公式名簿候補
13045308	13045308	J.S. BURGERS CAFE 新宿店	東京都	飲食店	ハンバーガー	新宿駅	https://tabelog.com/tokyo/A1304/A130401/13045308/	https://award.tabelog.com/hyakumeiten/hamburger/2021	The Tabelog Award / 百名店 2021 公式名簿候補
13151157	13151157	ホーミーズ	東京都	飲食店	ハンバーガー	高田馬場駅	https://tabelog.com/tokyo/A1305/A130503/13151157/	https://award.tabelog.com/hyakumeiten/hamburger/2021	The Tabelog Award / 百名店 2021 公式名簿候補
13163734	13163734	Island Burgers 四谷三丁目店	東京都	飲食店	ハンバーガー	四谷三丁目駅	https://tabelog.com/tokyo/A1309/A130903/13163734/	https://award.tabelog.com/hyakumeiten/hamburger/2021	The Tabelog Award / 百名店 2021 公式名簿候補
23059609	23059609	ザ リスコ	愛知県	飲食店	ハンバーガー	東別院駅	https://tabelog.com/aichi/A2301/A230105/23059609/	https://award.tabelog.com/hyakumeiten/hamburger/2021	The Tabelog Award / 百名店 2021 公式名簿候補
13202745	13202745	BURGER&MILKSHAKE CRANE	東京都	飲食店	ハンバーガー	末広町駅	https://tabelog.com/tokyo/A1311/A131101/13202745/	https://award.tabelog.com/hyakumeiten/hamburger/2021	The Tabelog Award / 百名店 2021 公式名簿候補
12006175	12006175	R-S	千葉県	飲食店	ハンバーガー	松戸市	https://tabelog.com/chiba/A1203/A120302/12006175/	https://award.tabelog.com/hyakumeiten/hamburger/2021	The Tabelog Award / 百名店 2021 公式名簿候補
23058190	23058190	ハンサム バーガー	愛知県	飲食店	ハンバーガー	伏見駅	https://tabelog.com/aichi/A2301/A230102/23058190/	https://award.tabelog.com/hyakumeiten/hamburger/2021	The Tabelog Award / 百名店 2021 公式名簿候補
21009922	21009922	センターフォーハンバーガーズ	岐阜県	飲食店	ハンバーガー	高山市	https://tabelog.com/gifu/A2104/A210401/21009922/	https://award.tabelog.com/hyakumeiten/hamburger/2021	The Tabelog Award / 百名店 2021 公式名簿候補
13189090	13189090	CRUZ BURGERS & CRAFT BEERS	東京都	飲食店	ハンバーガー	四ツ谷駅	https://tabelog.com/tokyo/A1309/A130902/13189090/	https://award.tabelog.com/hyakumeiten/hamburger/2021	The Tabelog Award / 百名店 2021 公式名簿候補
13091055	13091055	ハラカラ。 三軒茶屋店	東京都	飲食店	ハンバーガー	西太子堂駅	https://tabelog.com/tokyo/A1317/A131706/13091055/	https://award.tabelog.com/hyakumeiten/hamburger/2021	The Tabelog Award / 百名店 2021 公式名簿候補
3005292	3005292	THE BURGER HEARTS	岩手県	飲食店	ハンバーガー	大船渡市	https://tabelog.com/iwate/A0304/A030403/3005292/	https://award.tabelog.com/hyakumeiten/hamburger/2021	The Tabelog Award / 百名店 2021 公式名簿候補
13222449	13222449	hide mode	東京都	飲食店	ハンバーガー	本郷三丁目駅	https://tabelog.com/tokyo/A1310/A131004/13222449/	https://award.tabelog.com/hyakumeiten/hamburger/2021	The Tabelog Award / 百名店 2021 公式名簿候補
28034730	28034730	あわじ島バーガー 淡路島オニオンキッチン 本店	兵庫県	飲食店	ハンバーガー	南あわじ市	https://tabelog.com/hyogo/A2806/A280603/28034730/	https://award.tabelog.com/hyakumeiten/hamburger/2021	The Tabelog Award / 百名店 2021 公式名簿候補
27043816	27043816	ニック&レネイ	大阪府	飲食店	ハンバーガー	豊中市	https://tabelog.com/osaka/A2706/A270602/27043816/	https://award.tabelog.com/hyakumeiten/hamburger/2021	The Tabelog Award / 百名店 2021 公式名簿候補
13172081	13172081	No.18	東京都	飲食店	ハンバーガー	池袋駅	https://tabelog.com/tokyo/A1305/A130501/13172081/	https://award.tabelog.com/hyakumeiten/hamburger/2021	The Tabelog Award / 百名店 2021 公式名簿候補
41000364	41000364	からつバーガー 松原本店	佐賀県	飲食店	ハンバーガー	唐津市	https://tabelog.com/saga/A4102/A410201/41000364/	https://award.tabelog.com/hyakumeiten/hamburger/2021	The Tabelog Award / 百名店 2021 公式名簿候補
13006525	13006525	アイコウシャ	東京都	飲食店	ハンバーガー	水道橋駅	https://tabelog.com/tokyo/A1310/A131003/13006525/	https://award.tabelog.com/hyakumeiten/hamburger/2021	The Tabelog Award / 百名店 2021 公式名簿候補
19003886	19003886	ムースヒルズバーガー	山梨県	飲食店	ハンバーガー	南都留郡富士河口湖町	https://tabelog.com/yamanashi/A1903/A190303/19003886/	https://award.tabelog.com/hyakumeiten/hamburger/2021	The Tabelog Award / 百名店 2021 公式名簿候補
13166437	13166437	バーガーマニア 恵比寿店	東京都	飲食店	ハンバーガー	恵比寿駅	https://tabelog.com/tokyo/A1303/A130302/13166437/	https://award.tabelog.com/hyakumeiten/hamburger/2021	The Tabelog Award / 百名店 2021 公式名簿候補
13255370	13255370	Burger POLICE	東京都	飲食店	ハンバーガー	都立大学駅	https://tabelog.com/tokyo/A1317/A131702/13255370/	https://award.tabelog.com/hyakumeiten/hamburger/2021	The Tabelog Award / 百名店 2021 公式名簿候補
13033094	13033094	サニーダイナー 本店	東京都	飲食店	ハンバーガー	北千住駅	https://tabelog.com/tokyo/A1324/A132402/13033094/	https://award.tabelog.com/hyakumeiten/hamburger/2021	The Tabelog Award / 百名店 2021 公式名簿候補
12004138	12004138	66	千葉県	飲食店	ハンバーガー	柏駅	https://tabelog.com/chiba/A1203/A120301/12004138/	https://award.tabelog.com/hyakumeiten/hamburger/2021	The Tabelog Award / 百名店 2021 公式名簿候補
13003538	13003538	ファイヤーハウス	東京都	飲食店	ハンバーガー	本郷三丁目駅	https://tabelog.com/tokyo/A1310/A131004/13003538/	https://award.tabelog.com/hyakumeiten/hamburger/2021	The Tabelog Award / 百名店 2021 公式名簿候補
13183140	13183140	エルエーガレージ	東京都	飲食店	ハンバーガー	池尻大橋駅	https://tabelog.com/tokyo/A1317/A131705/13183140/	https://award.tabelog.com/hyakumeiten/hamburger/2021	The Tabelog Award / 百名店 2021 公式名簿候補
13226533	13226533	ブラザーズ 日本橋高島屋店	東京都	飲食店	ハンバーガー	日本橋駅	https://tabelog.com/tokyo/A1302/A130202/13226533/	https://award.tabelog.com/hyakumeiten/hamburger/2021	The Tabelog Award / 百名店 2021 公式名簿候補
13121586	13121586	ウーピーゴールドバーガー	東京都	飲食店	ハンバーガー	渋谷駅	https://tabelog.com/tokyo/A1303/A130301/13121586/	https://award.tabelog.com/hyakumeiten/hamburger/2021	The Tabelog Award / 百名店 2021 公式名簿候補
13169029	13169029	BeBu	東京都	飲食店	ハンバーガー	虎ノ門ヒルズ駅	https://tabelog.com/tokyo/A1308/A130802/13169029/	https://award.tabelog.com/hyakumeiten/hamburger/2021	The Tabelog Award / 百名店 2021 公式名簿候補
13010603	13010603	ホームワークス 麻布十番店	東京都	飲食店	ハンバーガー	麻布十番駅	https://tabelog.com/tokyo/A1307/A130702/13010603/	https://award.tabelog.com/hyakumeiten/hamburger/2021	The Tabelog Award / 百名店 2021 公式名簿候補
13091061	13091061	ブッチャーズテーブル	東京都	飲食店	ハンバーガー	大泉学園駅	https://tabelog.com/tokyo/A1321/A132103/13091061/	https://award.tabelog.com/hyakumeiten/hamburger/2021	The Tabelog Award / 百名店 2021 公式名簿候補
23006213	23006213	レイヤーズ 丸の内 本店	愛知県	飲食店	ハンバーガー	久屋大通駅	https://tabelog.com/aichi/A2301/A230103/23006213/	https://award.tabelog.com/hyakumeiten/hamburger/2021	The Tabelog Award / 百名店 2021 公式名簿候補
13100291	13100291	ゴールデンブラウン 表参道	東京都	飲食店	ハンバーガー	表参道駅	https://tabelog.com/tokyo/A1306/A130602/13100291/	https://award.tabelog.com/hyakumeiten/hamburger/2021	The Tabelog Award / 百名店 2021 公式名簿候補
23052177	23052177	JACK's KITCHEN	愛知県	飲食店	ハンバーガー	高岳駅	https://tabelog.com/aichi/A2301/A230104/23052177/	https://award.tabelog.com/hyakumeiten/hamburger/2021	The Tabelog Award / 百名店 2021 公式名簿候補
13186781	13186781	Jack37Burger	東京都	飲食店	ハンバーガー	小伝馬町駅	https://tabelog.com/tokyo/A1302/A130204/13186781/	https://award.tabelog.com/hyakumeiten/hamburger/2021	The Tabelog Award / 百名店 2021 公式名簿候補
23046143	23046143	ソウルダイナー	愛知県	飲食店	ハンバーガー	植田（名古屋市営）駅	https://tabelog.com/aichi/A2301/A230111/23046143/	https://award.tabelog.com/hyakumeiten/hamburger/2021	The Tabelog Award / 百名店 2021 公式名簿候補
13183704	13183704	自由が丘バーガー 羽田店	東京都	飲食店	ハンバーガー	羽田空港第２ターミナル（東京モノレール）駅	https://tabelog.com/tokyo/A1315/A131504/13183704/	https://award.tabelog.com/hyakumeiten/hamburger/2021	The Tabelog Award / 百名店 2021 公式名簿候補
42004515	42004515	ログキット 佐世保駅店	長崎県	飲食店	ハンバーガー	佐世保市	https://tabelog.com/nagasaki/A4202/A420201/42004515/	https://award.tabelog.com/hyakumeiten/hamburger/2021	The Tabelog Award / 百名店 2021 公式名簿候補
13222186	13222186	ALDEBARAN	東京都	飲食店	ハンバーガー	六本木駅	https://tabelog.com/tokyo/A1307/A130701/13222186/	https://award.tabelog.com/hyakumeiten/hamburger/2021	The Tabelog Award / 百名店 2021 公式名簿候補
13096437	13096437	ブラッカウズ	東京都	飲食店	ハンバーガー	代官山駅	https://tabelog.com/tokyo/A1303/A130302/13096437/	https://award.tabelog.com/hyakumeiten/hamburger/2021	The Tabelog Award / 百名店 2021 公式名簿候補
13001591	13001591	ホームワークス 広尾店	東京都	飲食店	ハンバーガー	広尾駅	https://tabelog.com/tokyo/A1307/A130703/13001591/	https://award.tabelog.com/hyakumeiten/hamburger/2021	The Tabelog Award / 百名店 2021 公式名簿候補
13127011	13127011	シェリーズバーガーカフェ	東京都	飲食店	ハンバーガー	武蔵小山駅	https://tabelog.com/tokyo/A1317/A131710/13127011/	https://award.tabelog.com/hyakumeiten/hamburger/2021	The Tabelog Award / 百名店 2021 公式名簿候補
13005797	13005797	ヴィレッジヴァンガード ダイナー 吉祥寺	東京都	飲食店	ハンバーガー	吉祥寺駅	https://tabelog.com/tokyo/A1320/A132001/13005797/	https://award.tabelog.com/hyakumeiten/hamburger/2021	The Tabelog Award / 百名店 2021 公式名簿候補
13117569	13117569	マティーニバーガー	東京都	飲食店	ハンバーガー	神楽坂駅	https://tabelog.com/tokyo/A1309/A130905/13117569/	https://award.tabelog.com/hyakumeiten/hamburger/2021	The Tabelog Award / 百名店 2021 公式名簿候補
13019608	13019608	アームズ	東京都	飲食店	ハンバーガー	代々木八幡駅	https://tabelog.com/tokyo/A1318/A131810/13019608/	https://award.tabelog.com/hyakumeiten/hamburger/2021	The Tabelog Award / 百名店 2021 公式名簿候補
40029521	40029521	ハングリーヘブン 福岡今泉店	福岡県	飲食店	ハンバーガー	西鉄福岡（天神）駅	https://tabelog.com/fukuoka/A4001/A400103/40029521/	https://award.tabelog.com/hyakumeiten/hamburger/2021	The Tabelog Award / 百名店 2021 公式名簿候補
1025264	1025264	フラノバーガー	北海道	飲食店	ハンバーガー	富良野市	https://tabelog.com/hokkaido/A0104/A010403/1025264/	https://award.tabelog.com/hyakumeiten/hamburger/2021	The Tabelog Award / 百名店 2021 公式名簿候補
13184951	13184951	BAREBURGER 自由が丘店	東京都	飲食店	ハンバーガー	自由が丘駅	https://tabelog.com/tokyo/A1317/A131703/13184951/	https://award.tabelog.com/hyakumeiten/hamburger/2021	The Tabelog Award / 百名店 2021 公式名簿候補
13020792	13020792	THE BURGER STAND FELLOWS	東京都	飲食店	ハンバーガー	表参道駅	https://tabelog.com/tokyo/A1306/A130602/13020792/	https://award.tabelog.com/hyakumeiten/hamburger/2021	The Tabelog Award / 百名店 2021 公式名簿候補
13217432	13217432	THE BURGER SHOP KIOI	東京都	飲食店	ハンバーガー	麹町駅	https://tabelog.com/tokyo/A1308/A130803/13217432/	https://award.tabelog.com/hyakumeiten/hamburger/2021	The Tabelog Award / 百名店 2021 公式名簿候補
14006674	14006674	TSUNAMI	神奈川県	飲食店	ハンバーガー	汐入駅	https://tabelog.com/kanagawa/A1406/A140601/14006674/	https://award.tabelog.com/hyakumeiten/hamburger/2021	The Tabelog Award / 百名店 2021 公式名簿候補
14058323	14058323	ルーフトップス	神奈川県	飲食店	ハンバーガー	鎌倉駅	https://tabelog.com/kanagawa/A1404/A140402/14058323/	https://award.tabelog.com/hyakumeiten/hamburger/2021	The Tabelog Award / 百名店 2021 公式名簿候補
27041627	27041627	クリッターズバーガー	大阪府	飲食店	ハンバーガー	心斎橋駅	https://tabelog.com/osaka/A2701/A270201/27041627/	https://award.tabelog.com/hyakumeiten/hamburger/2021	The Tabelog Award / 百名店 2021 公式名簿候補
28005725	28005725	エスケール	兵庫県	飲食店	ハンバーガー	西宮市	https://tabelog.com/hyogo/A2803/A280301/28005725/	https://award.tabelog.com/hyakumeiten/hamburger/2021	The Tabelog Award / 百名店 2021 公式名簿候補
33000310	33000310	コージーズ	岡山県	飲食店	ハンバーガー	岡山市北区	https://tabelog.com/okayama/A3301/A330101/33000310/	https://award.tabelog.com/hyakumeiten/hamburger/2021	The Tabelog Award / 百名店 2021 公式名簿候補
13054782	13054782	イーストヴィレッジ	東京都	飲食店	ハンバーガー	池袋駅	https://tabelog.com/tokyo/A1305/A130501/13054782/	https://award.tabelog.com/hyakumeiten/hamburger/2021	The Tabelog Award / 百名店 2021 公式名簿候補
13022762	13022762	エーエス クラシックス ダイナー KOMAZAWA	東京都	飲食店	ハンバーガー	目黒区	https://tabelog.com/tokyo/A1317/A131707/13022762/	https://award.tabelog.com/hyakumeiten/hamburger/2021	The Tabelog Award / 百名店 2021 公式名簿候補
13123717	13123717	バーガーマニア 広尾店	東京都	飲食店	ハンバーガー	広尾駅	https://tabelog.com/tokyo/A1307/A130703/13123717/	https://award.tabelog.com/hyakumeiten/hamburger/2021	The Tabelog Award / 百名店 2021 公式名簿候補
13120770	13120770	ロコフィ	東京都	飲食店	ハンバーガー	大森町駅	https://tabelog.com/tokyo/A1315/A131502/13120770/	https://award.tabelog.com/hyakumeiten/hamburger/2021	The Tabelog Award / 百名店 2021 公式名簿候補
23036425	23036425	ザ・コーナー ハンバーガー＆サルーン	愛知県	飲食店	ハンバーガー	国際センター駅	https://tabelog.com/aichi/A2301/A230101/23036425/	https://award.tabelog.com/hyakumeiten/hamburger/2021	The Tabelog Award / 百名店 2021 公式名簿候補
47002074	47002074	ゴーディーズ	沖縄県	飲食店	ハンバーガー	中頭郡北谷町	https://tabelog.com/okinawa/A4703/A470304/47002074/	https://award.tabelog.com/hyakumeiten/hamburger/2021	The Tabelog Award / 百名店 2021 公式名簿候補
47002146	47002146	ズートンズ 久茂地店	沖縄県	飲食店	ハンバーガー	那覇市	https://tabelog.com/okinawa/A4701/A470101/47002146/	https://award.tabelog.com/hyakumeiten/hamburger/2021	The Tabelog Award / 百名店 2021 公式名簿候補
13001556	13001556	フランクリン・アベニュー	東京都	飲食店	ハンバーガー	五反田駅	https://tabelog.com/tokyo/A1316/A131603/13001556/	https://award.tabelog.com/hyakumeiten/hamburger/2021	The Tabelog Award / 百名店 2021 公式名簿候補
13134063	13134063	シェイクツリー バーガー＆バー	東京都	飲食店	ハンバーガー	錦糸町駅	https://tabelog.com/tokyo/A1312/A131201/13134063/	https://award.tabelog.com/hyakumeiten/hamburger/2021	The Tabelog Award / 百名店 2021 公式名簿候補
13042654	13042654	ザ グレートバーガー	東京都	飲食店	ハンバーガー	明治神宮前駅	https://tabelog.com/tokyo/A1306/A130601/13042654/	https://award.tabelog.com/hyakumeiten/hamburger/2021	The Tabelog Award / 百名店 2021 公式名簿候補
29006078	29006078	さくらバーガー	奈良県	飲食店	ハンバーガー	奈良市	https://tabelog.com/nara/A2901/A290101/29006078/	https://award.tabelog.com/hyakumeiten/hamburger/2021	The Tabelog Award / 百名店 2021 公式名簿候補
14013395	14013395	イル・パチョッコーネ・ディ・キャンティ	神奈川県	飲食店	イタリアン	川崎駅	https://tabelog.com/kanagawa/A1405/A140501/14013395/	https://award.tabelog.com/hyakumeiten/italian_east/2021	The Tabelog Award / 百名店 2021 公式名簿候補
14000055	14000055	オ・プレチェネッラ	神奈川県	飲食店	イタリアン	横浜駅	https://tabelog.com/kanagawa/A1401/A140101/14000055/	https://award.tabelog.com/hyakumeiten/italian_east/2021	The Tabelog Award / 百名店 2021 公式名簿候補
23004080	23004080	エノテーカ ピンキオーリ 名古屋	愛知県	飲食店	イタリアン	名鉄名古屋駅	https://tabelog.com/aichi/A2301/A230101/23004080/	https://award.tabelog.com/hyakumeiten/italian_east/2021	The Tabelog Award / 百名店 2021 公式名簿候補
14042586	14042586	トラットリア ダ・テレーサ	神奈川県	飲食店	イタリアン	中山駅	https://tabelog.com/kanagawa/A1401/A140207/14042586/	https://award.tabelog.com/hyakumeiten/italian_east/2021	The Tabelog Award / 百名店 2021 公式名簿候補
23066535	23066535	ガストロノミーソール ヤナギヤ	愛知県	飲食店	イタリアン	栄（名古屋）駅	https://tabelog.com/aichi/A2301/A230103/23066535/	https://award.tabelog.com/hyakumeiten/italian_east/2021	The Tabelog Award / 百名店 2021 公式名簿候補
23009279	23009279	osteria LIU	愛知県	飲食店	イタリアン	池下駅	https://tabelog.com/aichi/A2301/A230106/23009279/	https://award.tabelog.com/hyakumeiten/italian_east/2021	The Tabelog Award / 百名店 2021 公式名簿候補
4008730	4008730	リストランテ パドリーノ・デル・ショーザン	宮城県	飲食店	イタリアン	北四番丁駅	https://tabelog.com/miyagi/A0401/A040101/4008730/	https://award.tabelog.com/hyakumeiten/italian_east/2021	The Tabelog Award / 百名店 2021 公式名簿候補
14011609	14011609	レロエ オヴェスト 三規庭	神奈川県	飲食店	イタリアン	あざみ野駅	https://tabelog.com/kanagawa/A1401/A140201/14011609/	https://award.tabelog.com/hyakumeiten/italian_east/2021	The Tabelog Award / 百名店 2021 公式名簿候補
14031732	14031732	MANNA	神奈川県	飲食店	イタリアン	由比ケ浜駅	https://tabelog.com/kanagawa/A1404/A140402/14031732/	https://award.tabelog.com/hyakumeiten/italian_east/2021	The Tabelog Award / 百名店 2021 公式名簿候補
23057680	23057680	セッタンタ	愛知県	飲食店	イタリアン	久屋大通駅	https://tabelog.com/aichi/A2301/A230103/23057680/	https://award.tabelog.com/hyakumeiten/italian_east/2021	The Tabelog Award / 百名店 2021 公式名簿候補
14006096	14006096	横浜馬車道 旬の肉料理イタリアン オステリア・アウストロ	神奈川県	飲食店	イタリアン	馬車道駅	https://tabelog.com/kanagawa/A1401/A140104/14006096/	https://award.tabelog.com/hyakumeiten/italian_east/2021	The Tabelog Award / 百名店 2021 公式名簿候補
1000030	1000030	リストランテ カノフィーロ	北海道	飲食店	イタリアン	狸小路駅	https://tabelog.com/hokkaido/A0101/A010102/1000030/	https://award.tabelog.com/hyakumeiten/italian_east/2021	The Tabelog Award / 百名店 2021 公式名簿候補
2006500	2006500	カーサ・デル・チーボ	青森県	飲食店	イタリアン	八戸市	https://tabelog.com/aomori/A0203/A020301/2006500/	https://award.tabelog.com/hyakumeiten/italian_east/2021	The Tabelog Award / 百名店 2021 公式名簿候補
1041992	1041992	フラテッロ・ディ・ミクニ	北海道	飲食店	イタリアン	上川郡上川町	https://tabelog.com/hokkaido/A0104/A010405/1041992/	https://award.tabelog.com/hyakumeiten/italian_east/2021	The Tabelog Award / 百名店 2021 公式名簿候補
1005335	1005335	バローレ	北海道	飲食店	イタリアン	上川郡美瑛町	https://tabelog.com/hokkaido/A0104/A010403/1005335/	https://award.tabelog.com/hyakumeiten/italian_east/2021	The Tabelog Award / 百名店 2021 公式名簿候補
23039432	23039432	ヴィチーノ	愛知県	飲食店	イタリアン	吹上駅	https://tabelog.com/aichi/A2301/A230106/23039432/	https://award.tabelog.com/hyakumeiten/italian_east/2021	The Tabelog Award / 百名店 2021 公式名簿候補
14043143	14043143	タケル クインディチ	神奈川県	飲食店	イタリアン	北鎌倉駅	https://tabelog.com/kanagawa/A1404/A140401/14043143/	https://award.tabelog.com/hyakumeiten/italian_east/2021	The Tabelog Award / 百名店 2021 公式名簿候補
23047233	23047233	ヴィーニ デル ボッテゴン	愛知県	飲食店	イタリアン	高岳駅	https://tabelog.com/aichi/A2301/A230104/23047233/	https://award.tabelog.com/hyakumeiten/italian_east/2021	The Tabelog Award / 百名店 2021 公式名簿候補
12001180	12001180	ラ タベルネッタ アッラ チヴィテッリーナ	千葉県	飲食店	イタリアン	葭川公園駅	https://tabelog.com/chiba/A1201/A120101/12001180/	https://award.tabelog.com/hyakumeiten/italian_east/2021	The Tabelog Award / 百名店 2021 公式名簿候補
23037773	23037773	タボラ カルダ ミヤケ	愛知県	飲食店	イタリアン	車道駅	https://tabelog.com/aichi/A2301/A230104/23037773/	https://award.tabelog.com/hyakumeiten/italian_east/2021	The Tabelog Award / 百名店 2021 公式名簿候補
14068940	14068940	PRIMO	神奈川県	飲食店	イタリアン	馬車道駅	https://tabelog.com/kanagawa/A1401/A140104/14068940/	https://award.tabelog.com/hyakumeiten/italian_east/2021	The Tabelog Award / 百名店 2021 公式名簿候補
14055323	14055323	リオス ボングスタイオ	神奈川県	飲食店	イタリアン	元町・中華街駅	https://tabelog.com/kanagawa/A1401/A140105/14055323/	https://award.tabelog.com/hyakumeiten/italian_east/2021	The Tabelog Award / 百名店 2021 公式名簿候補
14029106	14029106	エッセルンガ	神奈川県	飲食店	イタリアン	長谷駅	https://tabelog.com/kanagawa/A1404/A140402/14029106/	https://award.tabelog.com/hyakumeiten/italian_east/2021	The Tabelog Award / 百名店 2021 公式名簿候補
14039203	14039203	セラフィーノ	神奈川県	飲食店	イタリアン	藤沢駅	https://tabelog.com/kanagawa/A1404/A140404/14039203/	https://award.tabelog.com/hyakumeiten/italian_east/2021	The Tabelog Award / 百名店 2021 公式名簿候補
14030876	14030876	オステリア パーチェ	神奈川県	飲食店	イタリアン	江田駅	https://tabelog.com/kanagawa/A1401/A140201/14030876/	https://award.tabelog.com/hyakumeiten/italian_east/2021	The Tabelog Award / 百名店 2021 公式名簿候補
14036164	14036164	イル・リフージョ・ハヤマ	神奈川県	飲食店	イタリアン	三浦郡葉山町	https://tabelog.com/kanagawa/A1406/A140602/14036164/	https://award.tabelog.com/hyakumeiten/italian_east/2021	The Tabelog Award / 百名店 2021 公式名簿候補
1033822	1033822	クロッキオ	北海道	飲食店	イタリアン	西８丁目駅	https://tabelog.com/hokkaido/A0101/A010103/1033822/	https://award.tabelog.com/hyakumeiten/italian_east/2021	The Tabelog Award / 百名店 2021 公式名簿候補
23060503	23060503	ラ ヴィオレッタ	愛知県	飲食店	イタリアン	尼ケ坂駅	https://tabelog.com/aichi/A2301/A230110/23060503/	https://award.tabelog.com/hyakumeiten/italian_east/2021	The Tabelog Award / 百名店 2021 公式名簿候補
1003075	1003075	ファイ	北海道	飲食店	イタリアン	西４丁目駅	https://tabelog.com/hokkaido/A0101/A010103/1003075/	https://award.tabelog.com/hyakumeiten/italian_east/2021	The Tabelog Award / 百名店 2021 公式名簿候補
23005803	23005803	トラットリア トペ	愛知県	飲食店	イタリアン	新栄町駅	https://tabelog.com/aichi/A2301/A230104/23005803/	https://award.tabelog.com/hyakumeiten/italian_east/2021	The Tabelog Award / 百名店 2021 公式名簿候補
14002095	14002095	ヴィノテカサクラ	神奈川県	飲食店	イタリアン	馬車道駅	https://tabelog.com/kanagawa/A1401/A140104/14002095/	https://award.tabelog.com/hyakumeiten/italian_east/2021	The Tabelog Award / 百名店 2021 公式名簿候補
23053827	23053827	魚介のイタリア料理 murata	愛知県	飲食店	イタリアン	国際センター駅	https://tabelog.com/aichi/A2301/A230101/23053827/	https://award.tabelog.com/hyakumeiten/italian_east/2021	The Tabelog Award / 百名店 2021 公式名簿候補
14000879	14000879	リストランテ アルベロベッロ	神奈川県	飲食店	イタリアン	伊勢原市	https://tabelog.com/kanagawa/A1408/A140803/14000879/	https://award.tabelog.com/hyakumeiten/italian_east/2021	The Tabelog Award / 百名店 2021 公式名簿候補
12000120	12000120	エスト! プロッシモ	千葉県	飲食店	イタリアン	京成千葉駅	https://tabelog.com/chiba/A1201/A120101/12000120/	https://award.tabelog.com/hyakumeiten/italian_east/2021	The Tabelog Award / 百名店 2021 公式名簿候補
12024353	12024353	La Bonta	千葉県	飲食店	イタリアン	船橋駅	https://tabelog.com/chiba/A1202/A120201/12024353/	https://award.tabelog.com/hyakumeiten/italian_east/2021	The Tabelog Award / 百名店 2021 公式名簿候補
23051301	23051301	オステリア　オルカドーロ	愛知県	飲食店	イタリアン	浄心駅	https://tabelog.com/aichi/A2301/A230109/23051301/	https://award.tabelog.com/hyakumeiten/italian_east/2021	The Tabelog Award / 百名店 2021 公式名簿候補
14059426	14059426	ソリス アグリトゥーリズモ	神奈川県	飲食店	イタリアン	横須賀市	https://tabelog.com/kanagawa/A1406/A140602/14059426/	https://award.tabelog.com/hyakumeiten/italian_east/2021	The Tabelog Award / 百名店 2021 公式名簿候補
14000188	14000188	イルマーレ	神奈川県	飲食店	イタリアン	早川駅	https://tabelog.com/kanagawa/A1409/A140901/14000188/	https://award.tabelog.com/hyakumeiten/italian_east/2021	The Tabelog Award / 百名店 2021 公式名簿候補
14051993	14051993	OSTERIA il FUOCO	神奈川県	飲食店	イタリアン	平沼橋駅	https://tabelog.com/kanagawa/A1401/A140102/14051993/	https://award.tabelog.com/hyakumeiten/italian_east/2021	The Tabelog Award / 百名店 2021 公式名簿候補
14045408	14045408	レオーネ・マルチアーノ	神奈川県	飲食店	イタリアン	みなとみらい駅	https://tabelog.com/kanagawa/A1401/A140103/14045408/	https://award.tabelog.com/hyakumeiten/italian_east/2021	The Tabelog Award / 百名店 2021 公式名簿候補
14035202	14035202	オルトレヴィーノ	神奈川県	飲食店	イタリアン	長谷駅	https://tabelog.com/kanagawa/A1404/A140402/14035202/	https://award.tabelog.com/hyakumeiten/italian_east/2021	The Tabelog Award / 百名店 2021 公式名簿候補
1006709	1006709	デッラ・アモーレ	北海道	飲食店	イタリアン	西２８丁目駅	https://tabelog.com/hokkaido/A0101/A010105/1006709/	https://award.tabelog.com/hyakumeiten/italian_east/2021	The Tabelog Award / 百名店 2021 公式名簿候補
5003951	5003951	エノテカ・オルモ・デル・カウカソ	秋田県	飲食店	イタリアン	秋田市	https://tabelog.com/akita/A0501/A050101/5003951/	https://award.tabelog.com/hyakumeiten/italian_east/2021	The Tabelog Award / 百名店 2021 公式名簿候補
23000399	23000399	ドディチ・マッジョ	愛知県	飲食店	イタリアン	久屋大通駅	https://tabelog.com/aichi/A2301/A230103/23000399/	https://award.tabelog.com/hyakumeiten/italian_east/2021	The Tabelog Award / 百名店 2021 公式名簿候補
14062451	14062451	リストランテ シーヴァ	神奈川県	飲食店	イタリアン	七里ケ浜駅	https://tabelog.com/kanagawa/A1404/A140402/14062451/	https://award.tabelog.com/hyakumeiten/italian_east/2021	The Tabelog Award / 百名店 2021 公式名簿候補
23038494	23038494	cucina Wada	愛知県	飲食店	イタリアン	伏見駅	https://tabelog.com/aichi/A2301/A230102/23038494/	https://award.tabelog.com/hyakumeiten/italian_east/2021	The Tabelog Award / 百名店 2021 公式名簿候補
23038406	23038406	オステリア ラ・マンテ 本店	愛知県	飲食店	イタリアン	国際センター駅	https://tabelog.com/aichi/A2301/A230101/23038406/	https://award.tabelog.com/hyakumeiten/italian_east/2021	The Tabelog Award / 百名店 2021 公式名簿候補
12001819	12001819	トラットリア・アルベロ	千葉県	飲食店	イタリアン	みつわ台駅	https://tabelog.com/chiba/A1201/A120105/12001819/	https://award.tabelog.com/hyakumeiten/italian_east/2021	The Tabelog Award / 百名店 2021 公式名簿候補
23007484	23007484	THE KAWABUN NAGOYA	愛知県	飲食店	イタリアン	丸の内駅	https://tabelog.com/aichi/A2301/A230102/23007484/	https://award.tabelog.com/hyakumeiten/italian_east/2021	The Tabelog Award / 百名店 2021 公式名簿候補
14015527	14015527	クラリタ ダ マリッティマ	神奈川県	飲食店	イタリアン	江ノ島駅	https://tabelog.com/kanagawa/A1404/A140403/14015527/	https://award.tabelog.com/hyakumeiten/italian_east/2021	The Tabelog Award / 百名店 2021 公式名簿候補
1009929	1009929	CANTINETTA SALUS	北海道	飲食店	イタリアン	狸小路駅	https://tabelog.com/hokkaido/A0101/A010103/1009929/	https://award.tabelog.com/hyakumeiten/italian_east/2021	The Tabelog Award / 百名店 2021 公式名簿候補
14008725	14008725	ラ・ルーチェ	神奈川県	飲食店	イタリアン	鎌倉駅	https://tabelog.com/kanagawa/A1404/A140402/14008725/	https://award.tabelog.com/hyakumeiten/italian_east/2021	The Tabelog Award / 百名店 2021 公式名簿候補
23030549	23030549	アンティカ オステリア バーチョ	愛知県	飲食店	イタリアン	車道駅	https://tabelog.com/aichi/A2301/A230106/23030549/	https://award.tabelog.com/hyakumeiten/italian_east/2021	The Tabelog Award / 百名店 2021 公式名簿候補
23000080	23000080	ラ・リリアーナ	愛知県	飲食店	イタリアン	八事日赤駅	https://tabelog.com/aichi/A2301/A230108/23000080/	https://award.tabelog.com/hyakumeiten/italian_east/2021	The Tabelog Award / 百名店 2021 公式名簿候補
14010249	14010249	イノウエ グリリア	神奈川県	飲食店	イタリアン	戸部駅	https://tabelog.com/kanagawa/A1401/A140102/14010249/	https://award.tabelog.com/hyakumeiten/italian_east/2021	The Tabelog Award / 百名店 2021 公式名簿候補
14051360	14051360	トラットリアビコローレヨコハマ	神奈川県	飲食店	イタリアン	平沼橋駅	https://tabelog.com/kanagawa/A1401/A140101/14051360/	https://award.tabelog.com/hyakumeiten/italian_east/2021	The Tabelog Award / 百名店 2021 公式名簿候補
23029616	23029616	トラットリア・リョウゴク	愛知県	飲食店	イタリアン	新栄町駅	https://tabelog.com/aichi/A2301/A230104/23029616/	https://award.tabelog.com/hyakumeiten/italian_east/2021	The Tabelog Award / 百名店 2021 公式名簿候補
1021441	1021441	コルツ	北海道	飲食店	イタリアン	函館市	https://tabelog.com/hokkaido/A0105/A010501/1021441/	https://award.tabelog.com/hyakumeiten/italian_east/2021	The Tabelog Award / 百名店 2021 公式名簿候補
6000022	6000022	アル・ケッチァーノ	山形県	飲食店	イタリアン	鶴岡市	https://tabelog.com/yamagata/A0603/A060302/6000022/	https://award.tabelog.com/hyakumeiten/italian_east/2021	The Tabelog Award / 百名店 2021 公式名簿候補
23058455	23058455	パスタプール ディ ヴォラント	愛知県	飲食店	イタリアン	池下駅	https://tabelog.com/aichi/A2301/A230106/23058455/	https://award.tabelog.com/hyakumeiten/italian_east/2021	The Tabelog Award / 百名店 2021 公式名簿候補
12000870	12000870	zoe's	千葉県	飲食店	イタリアン	柏駅	https://tabelog.com/chiba/A1203/A120301/12000870/	https://award.tabelog.com/hyakumeiten/italian_east/2021	The Tabelog Award / 百名店 2021 公式名簿候補
14001043	14001043	ドルチェ ファール ニエンテ	神奈川県	飲食店	イタリアン	鎌倉駅	https://tabelog.com/kanagawa/A1404/A140402/14001043/	https://award.tabelog.com/hyakumeiten/italian_east/2021	The Tabelog Award / 百名店 2021 公式名簿候補
12000104	12000104	カステッロ	千葉県	飲食店	イタリアン	京成臼井駅	https://tabelog.com/chiba/A1204/A120402/12000104/	https://award.tabelog.com/hyakumeiten/italian_east/2021	The Tabelog Award / 百名店 2021 公式名簿候補
23043215	23043215	キートス	愛知県	飲食店	イタリアン	新栄町駅	https://tabelog.com/aichi/A2301/A230104/23043215/	https://award.tabelog.com/hyakumeiten/italian_east/2021	The Tabelog Award / 百名店 2021 公式名簿候補
14000283	14000283	フォセッタ	神奈川県	飲食店	イタリアン	西鎌倉駅	https://tabelog.com/kanagawa/A1404/A140402/14000283/	https://award.tabelog.com/hyakumeiten/italian_east/2021	The Tabelog Award / 百名店 2021 公式名簿候補
20003459	20003459	モデスト	長野県	飲食店	イタリアン	北佐久郡軽井沢町	https://tabelog.com/nagano/A2003/A200301/20003459/	https://award.tabelog.com/hyakumeiten/italian_east/2021	The Tabelog Award / 百名店 2021 公式名簿候補
14035347	14035347	カンブーザ	神奈川県	飲食店	イタリアン	横浜駅	https://tabelog.com/kanagawa/A1401/A140101/14035347/	https://award.tabelog.com/hyakumeiten/italian_east/2021	The Tabelog Award / 百名店 2021 公式名簿候補
2000293	2000293	オステリア・エノテカ・ダ・サスィーノ	青森県	飲食店	イタリアン	弘前市	https://tabelog.com/aomori/A0202/A020201/2000293/	https://award.tabelog.com/hyakumeiten/italian_east/2021	The Tabelog Award / 百名店 2021 公式名簿候補
23005178	23005178	アロマフレスカ 名古屋	愛知県	飲食店	イタリアン	矢場町駅	https://tabelog.com/aichi/A2301/A230103/23005178/	https://award.tabelog.com/hyakumeiten/italian_east/2021	The Tabelog Award / 百名店 2021 公式名簿候補
14045913	14045913	リストランテ　ウミリア	神奈川県	飲食店	イタリアン	みなとみらい駅	https://tabelog.com/kanagawa/A1401/A140103/14045913/	https://award.tabelog.com/hyakumeiten/italian_east/2021	The Tabelog Award / 百名店 2021 公式名簿候補
3000029	3000029	シャトン	岩手県	飲食店	イタリアン	盛岡市	https://tabelog.com/iwate/A0301/A030101/3000029/	https://award.tabelog.com/hyakumeiten/italian_east/2021	The Tabelog Award / 百名店 2021 公式名簿候補
23000052	23000052	ボラント	愛知県	飲食店	イタリアン	いりなか駅	https://tabelog.com/aichi/A2301/A230108/23000052/	https://award.tabelog.com/hyakumeiten/italian_east/2021	The Tabelog Award / 百名店 2021 公式名簿候補
11026106	11026106	イタリアン オット	埼玉県	飲食店	イタリアン	所沢駅	https://tabelog.com/saitama/A1106/A110601/11026106/	https://award.tabelog.com/hyakumeiten/italian_east/2021	The Tabelog Award / 百名店 2021 公式名簿候補
23006693	23006693	ラ・ベットラ・ダ・オチアイ ナゴヤ	愛知県	飲食店	イタリアン	池下駅	https://tabelog.com/aichi/A2301/A230106/23006693/	https://award.tabelog.com/hyakumeiten/italian_east/2021	The Tabelog Award / 百名店 2021 公式名簿候補
19000325	19000325	OTTO SETTE 星野リゾート リゾナーレ八ヶ岳	山梨県	飲食店	イタリアン	北杜市	https://tabelog.com/yamanashi/A1902/A190201/19000325/	https://award.tabelog.com/hyakumeiten/italian_east/2021	The Tabelog Award / 百名店 2021 公式名簿候補
23013536	23013536	ゴッチャポント	愛知県	飲食店	イタリアン	一宮市	https://tabelog.com/aichi/A2302/A230201/23013536/	https://award.tabelog.com/hyakumeiten/italian_east/2021	The Tabelog Award / 百名店 2021 公式名簿候補
14035233	14035233	トラットリア フランコ	神奈川県	飲食店	イタリアン	横浜駅	https://tabelog.com/kanagawa/A1401/A140101/14035233/	https://award.tabelog.com/hyakumeiten/italian_east/2021	The Tabelog Award / 百名店 2021 公式名簿候補
23044667	23044667	シクラメンテ	愛知県	飲食店	イタリアン	上前津駅	https://tabelog.com/aichi/A2301/A230105/23044667/	https://award.tabelog.com/hyakumeiten/italian_east/2021	The Tabelog Award / 百名店 2021 公式名簿候補
14035176	14035176	クルベル・キャン	神奈川県	飲食店	イタリアン	鎌倉駅	https://tabelog.com/kanagawa/A1404/A140402/14035176/	https://award.tabelog.com/hyakumeiten/italian_east/2021	The Tabelog Award / 百名店 2021 公式名簿候補
23032635	23032635	サンタキアラ	愛知県	飲食店	イタリアン	森下駅	https://tabelog.com/aichi/A2301/A230110/23032635/	https://award.tabelog.com/hyakumeiten/italian_east/2021	The Tabelog Award / 百名店 2021 公式名簿候補
14035951	14035951	イタリアン酒場ナチュラ 武蔵小杉店	神奈川県	飲食店	イタリアン	武蔵小杉駅	https://tabelog.com/kanagawa/A1405/A140504/14035951/	https://award.tabelog.com/hyakumeiten/italian_east/2021	The Tabelog Award / 百名店 2021 公式名簿候補
23051011	23051011	ヴィネリア カッシーニ	愛知県	飲食店	イタリアン	東別院駅	https://tabelog.com/aichi/A2301/A230105/23051011/	https://award.tabelog.com/hyakumeiten/italian_east/2021	The Tabelog Award / 百名店 2021 公式名簿候補
12026385	12026385	Vv.lab	千葉県	飲食店	イタリアン	京成幕張駅	https://tabelog.com/chiba/A1201/A120102/12026385/	https://award.tabelog.com/hyakumeiten/italian_east/2021	The Tabelog Award / 百名店 2021 公式名簿候補
1002157	1002157	テルツィーナ	北海道	飲食店	イタリアン	バスセンター前駅	https://tabelog.com/hokkaido/A0101/A010102/1002157/	https://award.tabelog.com/hyakumeiten/italian_east/2021	The Tabelog Award / 百名店 2021 公式名簿候補
14002613	14002613	ラ・テンダ・ロッサ	神奈川県	飲食店	イタリアン	馬車道駅	https://tabelog.com/kanagawa/A1401/A140104/14002613/	https://award.tabelog.com/hyakumeiten/italian_east/2021	The Tabelog Award / 百名店 2021 公式名簿候補
1055732	1055732	セミーナ	北海道	飲食店	イタリアン	西８丁目駅	https://tabelog.com/hokkaido/A0101/A010102/1055732/	https://award.tabelog.com/hyakumeiten/italian_east/2021	The Tabelog Award / 百名店 2021 公式名簿候補
23059313	23059313	トラットリア フラテッリ ガッルーラ 大名古屋ビルヂング店	愛知県	飲食店	イタリアン	名鉄名古屋駅	https://tabelog.com/aichi/A2301/A230101/23059313/	https://award.tabelog.com/hyakumeiten/italian_east/2021	The Tabelog Award / 百名店 2021 公式名簿候補
14012330	14012330	RISTORANTE REGA	神奈川県	飲食店	イタリアン	石川町駅	https://tabelog.com/kanagawa/A1401/A140105/14012330/	https://award.tabelog.com/hyakumeiten/italian_east/2021	The Tabelog Award / 百名店 2021 公式名簿候補
23032828	23032828	ソラメントゥーノ	愛知県	飲食店	イタリアン	車道駅	https://tabelog.com/aichi/A2301/A230106/23032828/	https://award.tabelog.com/hyakumeiten/italian_east/2021	The Tabelog Award / 百名店 2021 公式名簿候補
14010823	14010823	クオーレ・フォルテ	神奈川県	飲食店	イタリアン	横浜駅	https://tabelog.com/kanagawa/A1401/A140101/14010823/	https://award.tabelog.com/hyakumeiten/italian_east/2021	The Tabelog Award / 百名店 2021 公式名簿候補
13020364	13020364	ケシキ	東京都	飲食店	イタリアン	三越前駅	https://tabelog.com/tokyo/A1302/A130202/13020364/	https://award.tabelog.com/hyakumeiten/italian_tokyo/2021	The Tabelog Award / 百名店 2021 公式名簿候補
13002504	13002504	ラ・ベットラ・ダ・オチアイ	東京都	飲食店	イタリアン	宝町駅	https://tabelog.com/tokyo/A1313/A131301/13002504/	https://award.tabelog.com/hyakumeiten/italian_tokyo/2021	The Tabelog Award / 百名店 2021 公式名簿候補
13026215	13026215	トラットリア シチリアーナ・ドンチッチョ	東京都	飲食店	イタリアン	渋谷駅	https://tabelog.com/tokyo/A1303/A130301/13026215/	https://award.tabelog.com/hyakumeiten/italian_tokyo/2021	The Tabelog Award / 百名店 2021 公式名簿候補
13015855	13015855	トラットリア デッラ ランテルナ マジカ	東京都	飲食店	イタリアン	目黒駅	https://tabelog.com/tokyo/A1316/A131601/13015855/	https://award.tabelog.com/hyakumeiten/italian_tokyo/2021	The Tabelog Award / 百名店 2021 公式名簿候補
13159153	13159153	アンティキサポーリ	東京都	飲食店	イタリアン	広尾駅	https://tabelog.com/tokyo/A1307/A130703/13159153/	https://award.tabelog.com/hyakumeiten/italian_tokyo/2021	The Tabelog Award / 百名店 2021 公式名簿候補
13048986	13048986	Giglio	東京都	飲食店	イタリアン	汐留駅	https://tabelog.com/tokyo/A1301/A130103/13048986/	https://award.tabelog.com/hyakumeiten/italian_tokyo/2021	The Tabelog Award / 百名店 2021 公式名簿候補
13132568	13132568	RISTORANTE YAGI	東京都	飲食店	イタリアン	神泉駅	https://tabelog.com/tokyo/A1303/A130303/13132568/	https://award.tabelog.com/hyakumeiten/italian_tokyo/2021	The Tabelog Award / 百名店 2021 公式名簿候補
13019698	13019698	カッフェ・クラシカ	東京都	飲食店	イタリアン	品川駅	https://tabelog.com/tokyo/A1314/A131403/13019698/	https://award.tabelog.com/hyakumeiten/italian_tokyo/2021	The Tabelog Award / 百名店 2021 公式名簿候補
13054090	13054090	アッピア アルタ 西麻布	東京都	飲食店	イタリアン	広尾駅	https://tabelog.com/tokyo/A1307/A130703/13054090/	https://award.tabelog.com/hyakumeiten/italian_tokyo/2021	The Tabelog Award / 百名店 2021 公式名簿候補
13002849	13002849	ラ･スコリエーラ	東京都	飲食店	イタリアン	赤坂駅	https://tabelog.com/tokyo/A1306/A130603/13002849/	https://award.tabelog.com/hyakumeiten/italian_tokyo/2021	The Tabelog Award / 百名店 2021 公式名簿候補
13045711	13045711	リストランティーノ ルベロ	東京都	飲食店	イタリアン	目黒駅	https://tabelog.com/tokyo/A1316/A131601/13045711/	https://award.tabelog.com/hyakumeiten/italian_tokyo/2021	The Tabelog Award / 百名店 2021 公式名簿候補
13130019	13130019	Felicelina	東京都	飲食店	イタリアン	中目黒駅	https://tabelog.com/tokyo/A1317/A131701/13130019/	https://award.tabelog.com/hyakumeiten/italian_tokyo/2021	The Tabelog Award / 百名店 2021 公式名簿候補
13130769	13130769	ピアッティ カステリーナ	東京都	飲食店	イタリアン	神楽坂駅	https://tabelog.com/tokyo/A1309/A130905/13130769/	https://award.tabelog.com/hyakumeiten/italian_tokyo/2021	The Tabelog Award / 百名店 2021 公式名簿候補
13132422	13132422	トラットリア・築地パラディーゾ	東京都	飲食店	イタリアン	築地市場駅	https://tabelog.com/tokyo/A1313/A131301/13132422/	https://award.tabelog.com/hyakumeiten/italian_tokyo/2021	The Tabelog Award / 百名店 2021 公式名簿候補
13124157	13124157	ダペピ	東京都	飲食店	イタリアン	巣鴨駅	https://tabelog.com/tokyo/A1323/A132301/13124157/	https://award.tabelog.com/hyakumeiten/italian_tokyo/2021	The Tabelog Award / 百名店 2021 公式名簿候補
13044972	13044972	Ostu	東京都	飲食店	イタリアン	代々木八幡駅	https://tabelog.com/tokyo/A1318/A131810/13044972/	https://award.tabelog.com/hyakumeiten/italian_tokyo/2021	The Tabelog Award / 百名店 2021 公式名簿候補
13023972	13023972	リストランテ ダ ニーノ	東京都	飲食店	イタリアン	乃木坂駅	https://tabelog.com/tokyo/A1307/A130701/13023972/	https://award.tabelog.com/hyakumeiten/italian_tokyo/2021	The Tabelog Award / 百名店 2021 公式名簿候補
13003356	13003356	リストランテ ASO	東京都	飲食店	イタリアン	代官山駅	https://tabelog.com/tokyo/A1303/A130303/13003356/	https://award.tabelog.com/hyakumeiten/italian_tokyo/2021	The Tabelog Award / 百名店 2021 公式名簿候補
13045135	13045135	ブルガリ イル・リストランテ ルカ・ファンティン	東京都	飲食店	イタリアン	銀座一丁目駅	https://tabelog.com/tokyo/A1301/A130101/13045135/	https://award.tabelog.com/hyakumeiten/italian_tokyo/2021	The Tabelog Award / 百名店 2021 公式名簿候補
13020531	13020531	リストランテ カシーナ カナミッラ	東京都	飲食店	イタリアン	中目黒駅	https://tabelog.com/tokyo/A1317/A131701/13020531/	https://award.tabelog.com/hyakumeiten/italian_tokyo/2021	The Tabelog Award / 百名店 2021 公式名簿候補
13038476	13038476	AWkitchen TOKYO 新丸ビル店	東京都	飲食店	イタリアン	大手町駅	https://tabelog.com/tokyo/A1302/A130201/13038476/	https://award.tabelog.com/hyakumeiten/italian_tokyo/2021	The Tabelog Award / 百名店 2021 公式名簿候補
13022053	13022053	トルナヴェント	東京都	飲食店	イタリアン	六本木駅	https://tabelog.com/tokyo/A1307/A130701/13022053/	https://award.tabelog.com/hyakumeiten/italian_tokyo/2021	The Tabelog Award / 百名店 2021 公式名簿候補
13016523	13016523	ビンゴ	東京都	飲食店	イタリアン	広尾駅	https://tabelog.com/tokyo/A1307/A130703/13016523/	https://award.tabelog.com/hyakumeiten/italian_tokyo/2021	The Tabelog Award / 百名店 2021 公式名簿候補
13157731	13157731	ラ スフォリーナ	東京都	飲食店	イタリアン	乃木坂駅	https://tabelog.com/tokyo/A1306/A130603/13157731/	https://award.tabelog.com/hyakumeiten/italian_tokyo/2021	The Tabelog Award / 百名店 2021 公式名簿候補
13156942	13156942	ヴァッカロッサ	東京都	飲食店	イタリアン	赤坂駅	https://tabelog.com/tokyo/A1308/A130801/13156942/	https://award.tabelog.com/hyakumeiten/italian_tokyo/2021	The Tabelog Award / 百名店 2021 公式名簿候補
13151005	13151005	トラットリア ダル・ビルバンテ・ジョコンド	東京都	飲食店	イタリアン	目黒駅	https://tabelog.com/tokyo/A1316/A131601/13151005/	https://award.tabelog.com/hyakumeiten/italian_tokyo/2021	The Tabelog Award / 百名店 2021 公式名簿候補
13044737	13044737	リストランテ ラ チャウ	東京都	飲食店	イタリアン	田町駅	https://tabelog.com/tokyo/A1314/A131402/13044737/	https://award.tabelog.com/hyakumeiten/italian_tokyo/2021	The Tabelog Award / 百名店 2021 公式名簿候補
13001690	13001690	クチーナ ヒラタ	東京都	飲食店	イタリアン	麻布十番駅	https://tabelog.com/tokyo/A1307/A130702/13001690/	https://award.tabelog.com/hyakumeiten/italian_tokyo/2021	The Tabelog Award / 百名店 2021 公式名簿候補
13004061	13004061	アンティカ・オステリア・デル・ポンテ	東京都	飲食店	イタリアン	二重橋前駅	https://tabelog.com/tokyo/A1302/A130201/13004061/	https://award.tabelog.com/hyakumeiten/italian_tokyo/2021	The Tabelog Award / 百名店 2021 公式名簿候補
13005730	13005730	アロマクラシコ	東京都	飲食店	イタリアン	品川駅	https://tabelog.com/tokyo/A1314/A131403/13005730/	https://award.tabelog.com/hyakumeiten/italian_tokyo/2021	The Tabelog Award / 百名店 2021 公式名簿候補
13016590	13016590	リストランテ・ホンダ	東京都	飲食店	イタリアン	外苑前駅	https://tabelog.com/tokyo/A1306/A130603/13016590/	https://award.tabelog.com/hyakumeiten/italian_tokyo/2021	The Tabelog Award / 百名店 2021 公式名簿候補
13099830	13099830	オステリア・オリエーラ	東京都	飲食店	イタリアン	新宿三丁目駅	https://tabelog.com/tokyo/A1304/A130401/13099830/	https://award.tabelog.com/hyakumeiten/italian_tokyo/2021	The Tabelog Award / 百名店 2021 公式名簿候補
13003427	13003427	フィオッキ	東京都	飲食店	イタリアン	祖師ケ谷大蔵駅	https://tabelog.com/tokyo/A1318/A131814/13003427/	https://award.tabelog.com/hyakumeiten/italian_tokyo/2021	The Tabelog Award / 百名店 2021 公式名簿候補
13046432	13046432	タロス	東京都	飲食店	イタリアン	渋谷駅	https://tabelog.com/tokyo/A1303/A130301/13046432/	https://award.tabelog.com/hyakumeiten/italian_tokyo/2021	The Tabelog Award / 百名店 2021 公式名簿候補
13004092	13004092	パッソ・ア・パッソ	東京都	飲食店	イタリアン	門前仲町駅	https://tabelog.com/tokyo/A1313/A131303/13004092/	https://award.tabelog.com/hyakumeiten/italian_tokyo/2021	The Tabelog Award / 百名店 2021 公式名簿候補
13010456	13010456	カーザ ヴィニタリア	東京都	飲食店	イタリアン	麻布十番駅	https://tabelog.com/tokyo/A1307/A130702/13010456/	https://award.tabelog.com/hyakumeiten/italian_tokyo/2021	The Tabelog Award / 百名店 2021 公式名簿候補
13021093	13021093	イル ルポーネ	東京都	飲食店	イタリアン	中目黒駅	https://tabelog.com/tokyo/A1317/A131701/13021093/	https://award.tabelog.com/hyakumeiten/italian_tokyo/2021	The Tabelog Award / 百名店 2021 公式名簿候補
13134899	13134899	リストランテソットラルコ	東京都	飲食店	イタリアン	新橋駅	https://tabelog.com/tokyo/A1301/A130101/13134899/	https://award.tabelog.com/hyakumeiten/italian_tokyo/2021	The Tabelog Award / 百名店 2021 公式名簿候補
13218266	13218266	SALONE TOKYO	東京都	飲食店	イタリアン	日比谷駅	https://tabelog.com/tokyo/A1301/A130102/13218266/	https://award.tabelog.com/hyakumeiten/italian_tokyo/2021	The Tabelog Award / 百名店 2021 公式名簿候補
13189915	13189915	チニャーレエノテカ	東京都	飲食店	イタリアン	神泉駅	https://tabelog.com/tokyo/A1318/A131801/13189915/	https://award.tabelog.com/hyakumeiten/italian_tokyo/2021	The Tabelog Award / 百名店 2021 公式名簿候補
13020096	13020096	イル ギオットーネ 丸の内店	東京都	飲食店	イタリアン	東京駅	https://tabelog.com/tokyo/A1302/A130201/13020096/	https://award.tabelog.com/hyakumeiten/italian_tokyo/2021	The Tabelog Award / 百名店 2021 公式名簿候補
13231135	13231135	ALTER EGO	東京都	飲食店	イタリアン	神保町駅	https://tabelog.com/tokyo/A1310/A131003/13231135/	https://award.tabelog.com/hyakumeiten/italian_tokyo/2021	The Tabelog Award / 百名店 2021 公式名簿候補
13069992	13069992	ピャチェーレ	東京都	飲食店	イタリアン	東京駅	https://tabelog.com/tokyo/A1302/A130201/13069992/	https://award.tabelog.com/hyakumeiten/italian_tokyo/2021	The Tabelog Award / 百名店 2021 公式名簿候補
13022542	13022542	RESTAURANT DAZZLE	東京都	飲食店	イタリアン	銀座一丁目駅	https://tabelog.com/tokyo/A1301/A130101/13022542/	https://award.tabelog.com/hyakumeiten/italian_tokyo/2021	The Tabelog Award / 百名店 2021 公式名簿候補
13125439	13125439	レストラン ラッセ	東京都	飲食店	イタリアン	目黒駅	https://tabelog.com/tokyo/A1316/A131601/13125439/	https://award.tabelog.com/hyakumeiten/italian_tokyo/2021	The Tabelog Award / 百名店 2021 公式名簿候補
13201061	13201061	リナシメント	東京都	飲食店	イタリアン	目黒駅	https://tabelog.com/tokyo/A1317/A131701/13201061/	https://award.tabelog.com/hyakumeiten/italian_tokyo/2021	The Tabelog Award / 百名店 2021 公式名簿候補
13002401	13002401	トルッキオ	東京都	飲食店	イタリアン	九段下駅	https://tabelog.com/tokyo/A1309/A130906/13002401/	https://award.tabelog.com/hyakumeiten/italian_tokyo/2021	The Tabelog Award / 百名店 2021 公式名簿候補
13166739	13166739	セルサルサーレ	東京都	飲食店	イタリアン	代官山駅	https://tabelog.com/tokyo/A1303/A130302/13166739/	https://award.tabelog.com/hyakumeiten/italian_tokyo/2021	The Tabelog Award / 百名店 2021 公式名簿候補
13005519	13005519	代官山ASO チェレステ 二子玉川店	東京都	飲食店	イタリアン	二子玉川駅	https://tabelog.com/tokyo/A1317/A131708/13005519/	https://award.tabelog.com/hyakumeiten/italian_tokyo/2021	The Tabelog Award / 百名店 2021 公式名簿候補
13166111	13166111	ポンテ デル ピアット	東京都	飲食店	イタリアン	広尾駅	https://tabelog.com/tokyo/A1307/A130703/13166111/	https://award.tabelog.com/hyakumeiten/italian_tokyo/2021	The Tabelog Award / 百名店 2021 公式名簿候補
13001647	13001647	ラ・ビスボッチャ	東京都	飲食店	イタリアン	広尾駅	https://tabelog.com/tokyo/A1307/A130703/13001647/	https://award.tabelog.com/hyakumeiten/italian_tokyo/2021	The Tabelog Award / 百名店 2021 公式名簿候補
13001646	13001646	イル・ボッカローネ	東京都	飲食店	イタリアン	恵比寿駅	https://tabelog.com/tokyo/A1303/A130302/13001646/	https://award.tabelog.com/hyakumeiten/italian_tokyo/2021	The Tabelog Award / 百名店 2021 公式名簿候補
13001593	13001593	アッピア 本店	東京都	飲食店	イタリアン	広尾駅	https://tabelog.com/tokyo/A1307/A130703/13001593/	https://award.tabelog.com/hyakumeiten/italian_tokyo/2021	The Tabelog Award / 百名店 2021 公式名簿候補
13016614	13016614	ダルマット 西麻布本店	東京都	飲食店	イタリアン	六本木駅	https://tabelog.com/tokyo/A1307/A130701/13016614/	https://award.tabelog.com/hyakumeiten/italian_tokyo/2021	The Tabelog Award / 百名店 2021 公式名簿候補
13172747	13172747	シチリア屋	東京都	飲食店	イタリアン	東大前駅	https://tabelog.com/tokyo/A1323/A132301/13172747/	https://award.tabelog.com/hyakumeiten/italian_tokyo/2021	The Tabelog Award / 百名店 2021 公式名簿候補
13022514	13022514	ダルマット 恵比寿店	東京都	飲食店	イタリアン	代官山駅	https://tabelog.com/tokyo/A1303/A130302/13022514/	https://award.tabelog.com/hyakumeiten/italian_tokyo/2021	The Tabelog Award / 百名店 2021 公式名簿候補
13104779	13104779	IL FIGO INGORDO	東京都	飲食店	イタリアン	六本木駅	https://tabelog.com/tokyo/A1307/A130701/13104779/	https://award.tabelog.com/hyakumeiten/italian_tokyo/2021	The Tabelog Award / 百名店 2021 公式名簿候補
13002786	13002786	キャンティ 飯倉本店	東京都	飲食店	イタリアン	六本木一丁目駅	https://tabelog.com/tokyo/A1307/A130701/13002786/	https://award.tabelog.com/hyakumeiten/italian_tokyo/2021	The Tabelog Award / 百名店 2021 公式名簿候補
13058484	13058484	トラットリア タンタボッカ	東京都	飲食店	イタリアン	北参道駅	https://tabelog.com/tokyo/A1304/A130403/13058484/	https://award.tabelog.com/hyakumeiten/italian_tokyo/2021	The Tabelog Award / 百名店 2021 公式名簿候補
13003490	13003490	アントニオ 南青山本店	東京都	飲食店	イタリアン	表参道駅	https://tabelog.com/tokyo/A1306/A130602/13003490/	https://award.tabelog.com/hyakumeiten/italian_tokyo/2021	The Tabelog Award / 百名店 2021 公式名簿候補
13021521	13021521	ロマンティコ	東京都	飲食店	イタリアン	白金台駅	https://tabelog.com/tokyo/A1316/A131602/13021521/	https://award.tabelog.com/hyakumeiten/italian_tokyo/2021	The Tabelog Award / 百名店 2021 公式名簿候補
13054007	13054007	mondo	東京都	飲食店	イタリアン	自由が丘駅	https://tabelog.com/tokyo/A1317/A131703/13054007/	https://award.tabelog.com/hyakumeiten/italian_tokyo/2021	The Tabelog Award / 百名店 2021 公式名簿候補
13044652	13044652	リストランテ ラ・バリック トウキョウ	東京都	飲食店	イタリアン	江戸川橋駅	https://tabelog.com/tokyo/A1309/A130905/13044652/	https://award.tabelog.com/hyakumeiten/italian_tokyo/2021	The Tabelog Award / 百名店 2021 公式名簿候補
13099554	13099554	エミリア	東京都	飲食店	イタリアン	国立競技場駅	https://tabelog.com/tokyo/A1306/A130601/13099554/	https://award.tabelog.com/hyakumeiten/italian_tokyo/2021	The Tabelog Award / 百名店 2021 公式名簿候補
13004069	13004069	リストランテ･ヒロ チェントロ 丸ビル店	東京都	飲食店	イタリアン	二重橋前駅	https://tabelog.com/tokyo/A1302/A130201/13004069/	https://award.tabelog.com/hyakumeiten/italian_tokyo/2021	The Tabelog Award / 百名店 2021 公式名簿候補
13002025	13002025	リストランテ･ヒロ  青山	東京都	飲食店	イタリアン	表参道駅	https://tabelog.com/tokyo/A1306/A130602/13002025/	https://award.tabelog.com/hyakumeiten/italian_tokyo/2021	The Tabelog Award / 百名店 2021 公式名簿候補
13045549	13045549	アンティカ オステリア カルネヤ	東京都	飲食店	イタリアン	牛込柳町駅	https://tabelog.com/tokyo/A1309/A130905/13045549/	https://award.tabelog.com/hyakumeiten/italian_tokyo/2021	The Tabelog Award / 百名店 2021 公式名簿候補
13021095	13021095	代官山ASO チェレステ 日本橋店	東京都	飲食店	イタリアン	三越前駅	https://tabelog.com/tokyo/A1302/A130202/13021095/	https://award.tabelog.com/hyakumeiten/italian_tokyo/2021	The Tabelog Award / 百名店 2021 公式名簿候補
13003823	13003823	イル・テアトロ	東京都	飲食店	イタリアン	早稲田（都電）駅	https://tabelog.com/tokyo/A1309/A130905/13003823/	https://award.tabelog.com/hyakumeiten/italian_tokyo/2021	The Tabelog Award / 百名店 2021 公式名簿候補
13191105	13191105	エルバ ダ ナカヒガシ	東京都	飲食店	イタリアン	広尾駅	https://tabelog.com/tokyo/A1307/A130703/13191105/	https://award.tabelog.com/hyakumeiten/italian_tokyo/2021	The Tabelog Award / 百名店 2021 公式名簿候補
13057753	13057753	オッジ ダルマット 西麻布店	東京都	飲食店	イタリアン	六本木駅	https://tabelog.com/tokyo/A1307/A130701/13057753/	https://award.tabelog.com/hyakumeiten/italian_tokyo/2021	The Tabelog Award / 百名店 2021 公式名簿候補
13024116	13024116	ヴォーロ・コズィ	東京都	飲食店	イタリアン	千石駅	https://tabelog.com/tokyo/A1323/A132301/13024116/	https://award.tabelog.com/hyakumeiten/italian_tokyo/2021	The Tabelog Award / 百名店 2021 公式名簿候補
13149817	13149817	Convivio	東京都	飲食店	イタリアン	北参道駅	https://tabelog.com/tokyo/A1309/A130901/13149817/	https://award.tabelog.com/hyakumeiten/italian_tokyo/2021	The Tabelog Award / 百名店 2021 公式名簿候補
13000293	13000293	エリオ・ロカンダ・イタリアーナ	東京都	飲食店	イタリアン	半蔵門駅	https://tabelog.com/tokyo/A1308/A130803/13000293/	https://award.tabelog.com/hyakumeiten/italian_tokyo/2021	The Tabelog Award / 百名店 2021 公式名簿候補
13195700	13195700	S'ACCAPAU	東京都	飲食店	イタリアン	六本木駅	https://tabelog.com/tokyo/A1307/A130701/13195700/	https://award.tabelog.com/hyakumeiten/italian_tokyo/2021	The Tabelog Award / 百名店 2021 公式名簿候補
13121950	13121950	マジカメンテ	東京都	飲食店	イタリアン	恵比寿駅	https://tabelog.com/tokyo/A1303/A130302/13121950/	https://award.tabelog.com/hyakumeiten/italian_tokyo/2021	The Tabelog Award / 百名店 2021 公式名簿候補
13144481	13144481	プリンチピオ	東京都	飲食店	イタリアン	麻布十番駅	https://tabelog.com/tokyo/A1307/A130702/13144481/	https://award.tabelog.com/hyakumeiten/italian_tokyo/2021	The Tabelog Award / 百名店 2021 公式名簿候補
13113809	13113809	サーラ アマービレ	東京都	飲食店	イタリアン	銀座一丁目駅	https://tabelog.com/tokyo/A1301/A130101/13113809/	https://award.tabelog.com/hyakumeiten/italian_tokyo/2021	The Tabelog Award / 百名店 2021 公式名簿候補
13043356	13043356	イタリア料理 フィオレンツァ	東京都	飲食店	イタリアン	銀座一丁目駅	https://tabelog.com/tokyo/A1301/A130101/13043356/	https://award.tabelog.com/hyakumeiten/italian_tokyo/2021	The Tabelog Award / 百名店 2021 公式名簿候補
13198683	13198683	ロットチェント	東京都	飲食店	イタリアン	茅場町駅	https://tabelog.com/tokyo/A1302/A130203/13198683/	https://award.tabelog.com/hyakumeiten/italian_tokyo/2021	The Tabelog Award / 百名店 2021 公式名簿候補
13173167	13173167	トラットリア グランボッカ	東京都	飲食店	イタリアン	飯田橋駅	https://tabelog.com/tokyo/A1309/A130905/13173167/	https://award.tabelog.com/hyakumeiten/italian_tokyo/2021	The Tabelog Award / 百名店 2021 公式名簿候補
27052582	27052582	トラットリア イル ピスタッキオ	大阪府	飲食店	イタリアン	茨木駅	https://tabelog.com/osaka/A2706/A270604/27052582/	https://award.tabelog.com/hyakumeiten/italian_west/2021	The Tabelog Award / 百名店 2021 公式名簿候補
26001006	26001006	イル ギオットーネ 京都本店	京都府	飲食店	イタリアン	祇園四条駅	https://tabelog.com/kyoto/A2601/A260301/26001006/	https://award.tabelog.com/hyakumeiten/italian_west/2021	The Tabelog Award / 百名店 2021 公式名簿候補
27000700	27000700	スプレンディード	大阪府	飲食店	イタリアン	西梅田駅	https://tabelog.com/osaka/A2701/A270101/27000700/	https://award.tabelog.com/hyakumeiten/italian_west/2021	The Tabelog Award / 百名店 2021 公式名簿候補
27061561	27061561	リストランテ リナッシェレ ドウジマ	大阪府	飲食店	イタリアン	大江橋駅	https://tabelog.com/osaka/A2701/A270101/27061561/	https://award.tabelog.com/hyakumeiten/italian_west/2021	The Tabelog Award / 百名店 2021 公式名簿候補
27000260	27000260	ピアノピアーノ 肥後橋本店	大阪府	飲食店	イタリアン	肥後橋駅	https://tabelog.com/osaka/A2701/A270102/27000260/	https://award.tabelog.com/hyakumeiten/italian_west/2021	The Tabelog Award / 百名店 2021 公式名簿候補
27071950	27071950	島之内フジマル醸造所	大阪府	飲食店	イタリアン	松屋町駅	https://tabelog.com/osaka/A2701/A270204/27071950/	https://award.tabelog.com/hyakumeiten/italian_west/2021	The Tabelog Award / 百名店 2021 公式名簿候補
27010938	27010938	asse+ plus	大阪府	飲食店	イタリアン	肥後橋駅	https://tabelog.com/osaka/A2701/A270102/27010938/	https://award.tabelog.com/hyakumeiten/italian_west/2021	The Tabelog Award / 百名店 2021 公式名簿候補
26024464	26024464	RIGOLETTO SMOKE GRILL & BAR	京都府	飲食店	イタリアン	祇園四条駅	https://tabelog.com/kyoto/A2601/A260301/26024464/	https://award.tabelog.com/hyakumeiten/italian_west/2021	The Tabelog Award / 百名店 2021 公式名簿候補
27071115	27071115	マチェレリーアディタケウチ	大阪府	飲食店	イタリアン	福島駅	https://tabelog.com/osaka/A2701/A270108/27071115/	https://award.tabelog.com/hyakumeiten/italian_west/2021	The Tabelog Award / 百名店 2021 公式名簿候補
38009262	38009262	名前のないイタリア料理店	愛媛県	飲食店	イタリアン	松山市	https://tabelog.com/ehime/A3801/A380101/38009262/	https://award.tabelog.com/hyakumeiten/italian_west/2021	The Tabelog Award / 百名店 2021 公式名簿候補
27004772	27004772	アンティカ・オステリア・ダル・ポンピエーレ	大阪府	飲食店	イタリアン	肥後橋駅	https://tabelog.com/osaka/A2701/A270102/27004772/	https://award.tabelog.com/hyakumeiten/italian_west/2021	The Tabelog Award / 百名店 2021 公式名簿候補
27004543	27004543	レストラン ミツヤマ	大阪府	飲食店	イタリアン	堺筋本町駅	https://tabelog.com/osaka/A2701/A270106/27004543/	https://award.tabelog.com/hyakumeiten/italian_west/2021	The Tabelog Award / 百名店 2021 公式名簿候補
27006683	27006683	ペスカ 心斎橋店	大阪府	飲食店	イタリアン	四ツ橋駅	https://tabelog.com/osaka/A2701/A270201/27006683/	https://award.tabelog.com/hyakumeiten/italian_west/2021	The Tabelog Award / 百名店 2021 公式名簿候補
28026242	28026242	ヴァカンツァ	兵庫県	飲食店	イタリアン	三宮（神戸市営）駅	https://tabelog.com/hyogo/A2801/A280101/28026242/	https://award.tabelog.com/hyakumeiten/italian_west/2021	The Tabelog Award / 百名店 2021 公式名簿候補
26018705	26018705	祗園245	京都府	飲食店	イタリアン	三条京阪駅	https://tabelog.com/kyoto/A2601/A260301/26018705/	https://award.tabelog.com/hyakumeiten/italian_west/2021	The Tabelog Award / 百名店 2021 公式名簿候補
26003300	26003300	THE SODOH HIGASHIYAMA KYOTO	京都府	飲食店	イタリアン	祇園四条駅	https://tabelog.com/kyoto/A2601/A260301/26003300/	https://award.tabelog.com/hyakumeiten/italian_west/2021	The Tabelog Award / 百名店 2021 公式名簿候補
40000030	40000030	ペルケノー	福岡県	飲食店	イタリアン	赤坂駅	https://tabelog.com/fukuoka/A4001/A400104/40000030/	https://award.tabelog.com/hyakumeiten/italian_west/2021	The Tabelog Award / 百名店 2021 公式名簿候補
28002032	28002032	アルテシンポジオ	兵庫県	飲食店	イタリアン	夙川駅	https://tabelog.com/hyogo/A2803/A280301/28002032/	https://award.tabelog.com/hyakumeiten/italian_west/2021	The Tabelog Award / 百名店 2021 公式名簿候補
25009111	25009111	SAISIR	滋賀県	飲食店	イタリアン	草津市	https://tabelog.com/shiga/A2502/A250201/25009111/	https://award.tabelog.com/hyakumeiten/italian_west/2021	The Tabelog Award / 百名店 2021 公式名簿候補
27012467	27012467	ピエーノ	大阪府	飲食店	イタリアン	大阪難波駅	https://tabelog.com/osaka/A2701/A270202/27012467/	https://award.tabelog.com/hyakumeiten/italian_west/2021	The Tabelog Award / 百名店 2021 公式名簿候補
26026031	26026031	ケンゾーエステイトワイナリー 祇園店	京都府	飲食店	イタリアン	祇園四条駅	https://tabelog.com/kyoto/A2601/A260301/26026031/	https://award.tabelog.com/hyakumeiten/italian_west/2021	The Tabelog Award / 百名店 2021 公式名簿候補
28002280	28002280	ラッフィナート	兵庫県	飲食店	イタリアン	芦屋（ＪＲ）駅	https://tabelog.com/hyogo/A2803/A280302/28002280/	https://award.tabelog.com/hyakumeiten/italian_west/2021	The Tabelog Award / 百名店 2021 公式名簿候補
33010293	33010293	ヴィア パーチェ	岡山県	飲食店	イタリアン	岡山市北区	https://tabelog.com/okayama/A3301/A330101/33010293/	https://award.tabelog.com/hyakumeiten/italian_west/2021	The Tabelog Award / 百名店 2021 公式名簿候補
27004515	27004515	サリーレ	大阪府	飲食店	イタリアン	肥後橋駅	https://tabelog.com/osaka/A2701/A270102/27004515/	https://award.tabelog.com/hyakumeiten/italian_west/2021	The Tabelog Award / 百名店 2021 公式名簿候補
26029064	26029064	リストランテ野呂	京都府	飲食店	イタリアン	二条駅	https://tabelog.com/kyoto/A2601/A260203/26029064/	https://award.tabelog.com/hyakumeiten/italian_west/2021	The Tabelog Award / 百名店 2021 公式名簿候補
27072626	27072626	イル ギオットーネ ディ ピュー	大阪府	飲食店	イタリアン	大阪梅田（阪急）駅	https://tabelog.com/osaka/A2701/A270101/27072626/	https://award.tabelog.com/hyakumeiten/italian_west/2021	The Tabelog Award / 百名店 2021 公式名簿候補
28005454	28005454	L’ISOLETTA	兵庫県	飲食店	イタリアン	洲本市	https://tabelog.com/hyogo/A2806/A280602/28005454/	https://award.tabelog.com/hyakumeiten/italian_west/2021	The Tabelog Award / 百名店 2021 公式名簿候補
26023199	26023199	リストリア ラディーチェ	京都府	飲食店	イタリアン	丸太町（京都市営）駅	https://tabelog.com/kyoto/A2601/A260202/26023199/	https://award.tabelog.com/hyakumeiten/italian_west/2021	The Tabelog Award / 百名店 2021 公式名簿候補
27063533	27063533	TRATTORIA AL SODO	大阪府	飲食店	イタリアン	中之島駅	https://tabelog.com/osaka/A2701/A270102/27063533/	https://award.tabelog.com/hyakumeiten/italian_west/2021	The Tabelog Award / 百名店 2021 公式名簿候補
26007432	26007432	Cucina Italiana 東洞	京都府	飲食店	イタリアン	丸太町（京都市営）駅	https://tabelog.com/kyoto/A2601/A260202/26007432/	https://award.tabelog.com/hyakumeiten/italian_west/2021	The Tabelog Award / 百名店 2021 公式名簿候補
27004885	27004885	ラ・クチネッラ・ディ・ヤマモト	大阪府	飲食店	イタリアン	新福島駅	https://tabelog.com/osaka/A2701/A270108/27004885/	https://award.tabelog.com/hyakumeiten/italian_west/2021	The Tabelog Award / 百名店 2021 公式名簿候補
27082261	27082261	イタリア料理店 タマネギ	大阪府	飲食店	イタリアン	西大橋駅	https://tabelog.com/osaka/A2701/A270201/27082261/	https://award.tabelog.com/hyakumeiten/italian_west/2021	The Tabelog Award / 百名店 2021 公式名簿候補
26004765	26004765	リストランテ ティ ヴォリオ ベーネ	京都府	飲食店	イタリアン	祇園四条駅	https://tabelog.com/kyoto/A2601/A260301/26004765/	https://award.tabelog.com/hyakumeiten/italian_west/2021	The Tabelog Award / 百名店 2021 公式名簿候補
27001173	27001173	トラットリア ダ ジャコモ	大阪府	飲食店	イタリアン	福島駅	https://tabelog.com/osaka/A2701/A270108/27001173/	https://award.tabelog.com/hyakumeiten/italian_west/2021	The Tabelog Award / 百名店 2021 公式名簿候補
27093817	27093817	グシテ	大阪府	飲食店	イタリアン	天満橋駅	https://tabelog.com/osaka/A2701/A270104/27093817/	https://award.tabelog.com/hyakumeiten/italian_west/2021	The Tabelog Award / 百名店 2021 公式名簿候補
27062948	27062948	ラ・ストラーダ	大阪府	飲食店	イタリアン	中之島駅	https://tabelog.com/osaka/A2701/A270108/27062948/	https://award.tabelog.com/hyakumeiten/italian_west/2021	The Tabelog Award / 百名店 2021 公式名簿候補
27000763	27000763	モード ディ ポンテベッキオ	大阪府	飲食店	イタリアン	西梅田駅	https://tabelog.com/osaka/A2701/A270101/27000763/	https://award.tabelog.com/hyakumeiten/italian_west/2021	The Tabelog Award / 百名店 2021 公式名簿候補
24011543	24011543	サーラ ビアンキ アル・ケッチァーノ	三重県	飲食店	イタリアン	三重郡菰野町	https://tabelog.com/mie/A2402/A240203/24011543/	https://award.tabelog.com/hyakumeiten/italian_west/2021	The Tabelog Award / 百名店 2021 公式名簿候補
45005449	45005449	GIGLI	宮崎県	飲食店	イタリアン	宮崎市	https://tabelog.com/miyazaki/A4501/A450101/45005449/	https://award.tabelog.com/hyakumeiten/italian_west/2021	The Tabelog Award / 百名店 2021 公式名簿候補
34001676	34001676	ラ セッテ 広瀬北町本店	広島県	飲食店	イタリアン	別院前駅	https://tabelog.com/hiroshima/A3401/A340101/34001676/	https://award.tabelog.com/hyakumeiten/italian_west/2021	The Tabelog Award / 百名店 2021 公式名簿候補
26018907	26018907	リストランテ ナカモト	京都府	飲食店	イタリアン	木津駅	https://tabelog.com/kyoto/A2607/A260705/26018907/	https://award.tabelog.com/hyakumeiten/italian_west/2021	The Tabelog Award / 百名店 2021 公式名簿候補
40028249	40028249	リストランテKubotsu	福岡県	飲食店	イタリアン	西鉄福岡（天神）駅	https://tabelog.com/fukuoka/A4001/A400103/40028249/	https://award.tabelog.com/hyakumeiten/italian_west/2021	The Tabelog Award / 百名店 2021 公式名簿候補
26005142	26005142	京都 ネーゼ	京都府	飲食店	イタリアン	三条駅	https://tabelog.com/kyoto/A2601/A260202/26005142/	https://award.tabelog.com/hyakumeiten/italian_west/2021	The Tabelog Award / 百名店 2021 公式名簿候補
26002637	26002637	hikari-yurari	京都府	飲食店	イタリアン	京都市役所前駅	https://tabelog.com/kyoto/A2601/A260202/26002637/	https://award.tabelog.com/hyakumeiten/italian_west/2021	The Tabelog Award / 百名店 2021 公式名簿候補
27051831	27051831	il PePe	大阪府	飲食店	イタリアン	北新地駅	https://tabelog.com/osaka/A2701/A270101/27051831/	https://award.tabelog.com/hyakumeiten/italian_west/2021	The Tabelog Award / 百名店 2021 公式名簿候補
27070237	27070237	タヴェルネッタ・ダ・キタヤマ	大阪府	飲食店	イタリアン	本町駅	https://tabelog.com/osaka/A2701/A270106/27070237/	https://award.tabelog.com/hyakumeiten/italian_west/2021	The Tabelog Award / 百名店 2021 公式名簿候補
27018171	27018171	リストランテ・ヒロ OSAKA ブリーゼブリーゼ	大阪府	飲食店	イタリアン	西梅田駅	https://tabelog.com/osaka/A2701/A270101/27018171/	https://award.tabelog.com/hyakumeiten/italian_west/2021	The Tabelog Award / 百名店 2021 公式名簿候補
27009401	27009401	アルバロンガ	大阪府	飲食店	イタリアン	心斎橋駅	https://tabelog.com/osaka/A2701/A270201/27009401/	https://award.tabelog.com/hyakumeiten/italian_west/2021	The Tabelog Award / 百名店 2021 公式名簿候補
27050941	27050941	ラ カレッタ	大阪府	飲食店	イタリアン	新福島駅	https://tabelog.com/osaka/A2701/A270108/27050941/	https://award.tabelog.com/hyakumeiten/italian_west/2021	The Tabelog Award / 百名店 2021 公式名簿候補
27043113	27043113	チュカテ	大阪府	飲食店	イタリアン	肥後橋駅	https://tabelog.com/osaka/A2701/A270102/27043113/	https://award.tabelog.com/hyakumeiten/italian_west/2021	The Tabelog Award / 百名店 2021 公式名簿候補
28001314	28001314	リストランテ ベリーニ	兵庫県	飲食店	イタリアン	芦屋川駅	https://tabelog.com/hyogo/A2803/A280302/28001314/	https://award.tabelog.com/hyakumeiten/italian_west/2021	The Tabelog Award / 百名店 2021 公式名簿候補
27010362	27010362	トラットリア チェーロ	大阪府	飲食店	イタリアン	西中島南方駅	https://tabelog.com/osaka/A2701/A270301/27010362/	https://award.tabelog.com/hyakumeiten/italian_west/2021	The Tabelog Award / 百名店 2021 公式名簿候補
27004701	27004701	イル・クアドリフォーリオ	大阪府	飲食店	イタリアン	肥後橋駅	https://tabelog.com/osaka/A2701/A270102/27004701/	https://award.tabelog.com/hyakumeiten/italian_west/2021	The Tabelog Award / 百名店 2021 公式名簿候補
28002576	28002576	ダ・ルーポ322	兵庫県	飲食店	イタリアン	さくら夙川駅	https://tabelog.com/hyogo/A2803/A280301/28002576/	https://award.tabelog.com/hyakumeiten/italian_west/2021	The Tabelog Award / 百名店 2021 公式名簿候補
27005160	27005160	カロローゾ	大阪府	飲食店	イタリアン	本町駅	https://tabelog.com/osaka/A2701/A270106/27005160/	https://award.tabelog.com/hyakumeiten/italian_west/2021	The Tabelog Award / 百名店 2021 公式名簿候補
28015970	28015970	エノテカ・ベルベルバール	兵庫県	飲食店	イタリアン	三宮（神戸市営）駅	https://tabelog.com/hyogo/A2801/A280101/28015970/	https://award.tabelog.com/hyakumeiten/italian_west/2021	The Tabelog Award / 百名店 2021 公式名簿候補
27000781	27000781	トラットリア パッパ	大阪府	飲食店	イタリアン	西大橋駅	https://tabelog.com/osaka/A2701/A270201/27000781/	https://award.tabelog.com/hyakumeiten/italian_west/2021	The Tabelog Award / 百名店 2021 公式名簿候補
47011421	47011421	ちゅらぬうじ	沖縄県	飲食店	イタリアン	名護市	https://tabelog.com/okinawa/A4702/A470201/47011421/	https://award.tabelog.com/hyakumeiten/italian_west/2021	The Tabelog Award / 百名店 2021 公式名簿候補
27052383	27052383	ニジイロ アルコバレーノ	大阪府	飲食店	イタリアン	九条（大阪メトロ）駅	https://tabelog.com/osaka/A2701/A270401/27052383/	https://award.tabelog.com/hyakumeiten/italian_west/2021	The Tabelog Award / 百名店 2021 公式名簿候補
37008167	37008167	両忘	香川県	飲食店	イタリアン	高松市	https://tabelog.com/kagawa/A3701/A370101/37008167/	https://award.tabelog.com/hyakumeiten/italian_west/2021	The Tabelog Award / 百名店 2021 公式名簿候補
28032418	28032418	リストランテ ハナタニ	兵庫県	飲食店	イタリアン	三宮（神戸市営）駅	https://tabelog.com/hyogo/A2801/A280101/28032418/	https://award.tabelog.com/hyakumeiten/italian_west/2021	The Tabelog Award / 百名店 2021 公式名簿候補
27003204	27003204	ラ・ギャロワーズ	大阪府	飲食店	イタリアン	西大橋駅	https://tabelog.com/osaka/A2701/A270201/27003204/	https://award.tabelog.com/hyakumeiten/italian_west/2021	The Tabelog Award / 百名店 2021 公式名簿候補
26017856	26017856	オステリア・イル・カント・デル・マッジョ	京都府	飲食店	イタリアン	烏丸駅	https://tabelog.com/kyoto/A2601/A260201/26017856/	https://award.tabelog.com/hyakumeiten/italian_west/2021	The Tabelog Award / 百名店 2021 公式名簿候補
27065002	27065002	イルベッカフィーコ	大阪府	飲食店	イタリアン	肥後橋駅	https://tabelog.com/osaka/A2701/A270102/27065002/	https://award.tabelog.com/hyakumeiten/italian_west/2021	The Tabelog Award / 百名店 2021 公式名簿候補
27002094	27002094	オステリア ガウダンテ 大阪駅前第4ビル店	大阪府	飲食店	イタリアン	東梅田駅	https://tabelog.com/osaka/A2701/A270101/27002094/	https://award.tabelog.com/hyakumeiten/italian_west/2021	The Tabelog Award / 百名店 2021 公式名簿候補
28006891	28006891	ALBA	兵庫県	飲食店	イタリアン	摂津本山駅	https://tabelog.com/hyogo/A2801/A280105/28006891/	https://award.tabelog.com/hyakumeiten/italian_west/2021	The Tabelog Award / 百名店 2021 公式名簿候補
27068624	27068624	オステリア ラ チチェルキア	大阪府	飲食店	イタリアン	肥後橋駅	https://tabelog.com/osaka/A2701/A270102/27068624/	https://award.tabelog.com/hyakumeiten/italian_west/2021	The Tabelog Award / 百名店 2021 公式名簿候補
27064248	27064248	オーレ ベアーテ	大阪府	飲食店	イタリアン	中津（大阪メトロ）駅	https://tabelog.com/osaka/A2701/A270101/27064248/	https://award.tabelog.com/hyakumeiten/italian_west/2021	The Tabelog Award / 百名店 2021 公式名簿候補
26002013	26002013	サンタ・マリア・ノヴェッラ・ティサネリーア 京都店	京都府	飲食店	イタリアン	烏丸駅	https://tabelog.com/kyoto/A2601/A260201/26002013/	https://award.tabelog.com/hyakumeiten/italian_west/2021	The Tabelog Award / 百名店 2021 公式名簿候補
27041620	27041620	裏ヒロヤ	大阪府	飲食店	イタリアン	天満駅	https://tabelog.com/osaka/A2701/A270103/27041620/	https://award.tabelog.com/hyakumeiten/italian_west/2021	The Tabelog Award / 百名店 2021 公式名簿候補
27076550	27076550	Il Povero Diavolo	大阪府	飲食店	イタリアン	今宮戎駅	https://tabelog.com/osaka/A2701/A270206/27076550/	https://award.tabelog.com/hyakumeiten/italian_west/2021	The Tabelog Award / 百名店 2021 公式名簿候補
27052552	27052552	ラ ベデュータ	大阪府	飲食店	イタリアン	本町駅	https://tabelog.com/osaka/A2701/A270106/27052552/	https://award.tabelog.com/hyakumeiten/italian_west/2021	The Tabelog Award / 百名店 2021 公式名簿候補
28034851	28034851	チッチャ	兵庫県	飲食店	イタリアン	三ノ宮（ＪＲ）駅	https://tabelog.com/hyogo/A2801/A280101/28034851/	https://award.tabelog.com/hyakumeiten/italian_west/2021	The Tabelog Award / 百名店 2021 公式名簿候補
27049992	27049992	ペッシェ・ロッソ	大阪府	飲食店	イタリアン	長堀橋駅	https://tabelog.com/osaka/A2701/A270201/27049992/	https://award.tabelog.com/hyakumeiten/italian_west/2021	The Tabelog Award / 百名店 2021 公式名簿候補
28042894	28042894	TN	兵庫県	飲食店	イタリアン	県庁前駅	https://tabelog.com/hyogo/A2801/A280102/28042894/	https://award.tabelog.com/hyakumeiten/italian_west/2021	The Tabelog Award / 百名店 2021 公式名簿候補
42009254	42009254	villa del nido	長崎県	飲食店	イタリアン	雲仙市	https://tabelog.com/nagasaki/A4203/A420301/42009254/	https://award.tabelog.com/hyakumeiten/italian_west/2021	The Tabelog Award / 百名店 2021 公式名簿候補
27071832	27071832	ピ・グレコ	大阪府	飲食店	イタリアン	なにわ橋駅	https://tabelog.com/osaka/A2701/A270102/27071832/	https://award.tabelog.com/hyakumeiten/italian_west/2021	The Tabelog Award / 百名店 2021 公式名簿候補
27064096	27064096	ラ ランテルナ ディ ジェノバ	大阪府	飲食店	イタリアン	中崎町駅	https://tabelog.com/osaka/A2701/A270101/27064096/	https://award.tabelog.com/hyakumeiten/italian_west/2021	The Tabelog Award / 百名店 2021 公式名簿候補
26023294	26023294	ラ・ロカンダ ザ・リッツ・カールトン京都	京都府	飲食店	イタリアン	京都市役所前駅	https://tabelog.com/kyoto/A2601/A260202/26023294/	https://award.tabelog.com/hyakumeiten/italian_west/2021	The Tabelog Award / 百名店 2021 公式名簿候補
26005705	26005705	トラットリア レオーネ	京都府	飲食店	イタリアン	四条（京都市営）駅	https://tabelog.com/kyoto/A2601/A260201/26005705/	https://award.tabelog.com/hyakumeiten/italian_west/2021	The Tabelog Award / 百名店 2021 公式名簿候補
27014679	27014679	sfida	大阪府	飲食店	イタリアン	天満駅	https://tabelog.com/osaka/A2701/A270103/27014679/	https://award.tabelog.com/hyakumeiten/italian_west/2021	The Tabelog Award / 百名店 2021 公式名簿候補
27072091	27072091	ラ ピニャータ	大阪府	飲食店	イタリアン	堺筋本町駅	https://tabelog.com/osaka/A2701/A270106/27072091/	https://award.tabelog.com/hyakumeiten/italian_west/2021	The Tabelog Award / 百名店 2021 公式名簿候補
27050186	27050186	il luogo di TAKEUCHI	大阪府	飲食店	イタリアン	福島駅	https://tabelog.com/osaka/A2701/A270108/27050186/	https://award.tabelog.com/hyakumeiten/italian_west/2021	The Tabelog Award / 百名店 2021 公式名簿候補
26002939	26002939	トラットリア セッテ ハイアット リージェンシー 京都	京都府	飲食店	イタリアン	七条駅	https://tabelog.com/kyoto/A2601/A260304/26002939/	https://award.tabelog.com/hyakumeiten/italian_west/2021	The Tabelog Award / 百名店 2021 公式名簿候補
43011842	43011842	IL CASINO	熊本県	飲食店	イタリアン	熊本市中央区	https://tabelog.com/kumamoto/A4301/A430101/43011842/	https://award.tabelog.com/hyakumeiten/italian_west/2021	The Tabelog Award / 百名店 2021 公式名簿候補
27072434	27072434	麺匠 パスタバカ一代	大阪府	飲食店	イタリアン	四ツ橋駅	https://tabelog.com/osaka/A2701/A270201/27072434/	https://award.tabelog.com/hyakumeiten/italian_west/2021	The Tabelog Award / 百名店 2021 公式名簿候補
26028480	26028480	ヴェーナ	京都府	飲食店	イタリアン	丸太町（京都市営）駅	https://tabelog.com/kyoto/A2601/A260202/26028480/	https://award.tabelog.com/hyakumeiten/italian_west/2021	The Tabelog Award / 百名店 2021 公式名簿候補
26002665	26002665	Ristorante 美郷	京都府	飲食店	イタリアン	五条（京都市営）駅	https://tabelog.com/kyoto/A2601/A260201/26002665/	https://award.tabelog.com/hyakumeiten/italian_west/2021	The Tabelog Award / 百名店 2021 公式名簿候補
27000522	27000522	ポンテ ベッキオ	大阪府	飲食店	イタリアン	北浜駅	https://tabelog.com/osaka/A2701/A270102/27000522/	https://award.tabelog.com/hyakumeiten/italian_west/2021	The Tabelog Award / 百名店 2021 公式名簿候補
27079201	27079201	リストランテ ル・ミディ ひらまつ	大阪府	飲食店	イタリアン	西梅田駅	https://tabelog.com/osaka/A2701/A270101/27079201/	https://award.tabelog.com/hyakumeiten/italian_west/2021	The Tabelog Award / 百名店 2021 公式名簿候補
27000261	27000261	サンタ ルチア	大阪府	飲食店	イタリアン	肥後橋駅	https://tabelog.com/osaka/A2701/A270102/27000261/	https://award.tabelog.com/hyakumeiten/italian_west/2021	The Tabelog Award / 百名店 2021 公式名簿候補
26001972	26001972	ザ キッチン サルヴァトーレ クオモ 京都	京都府	飲食店	イタリアン	京都駅	https://tabelog.com/kyoto/A2601/A260101/26001972/	https://award.tabelog.com/hyakumeiten/italian_west/2021	The Tabelog Award / 百名店 2021 公式名簿候補
13041208	13041208	銀座 いっぱし	東京都	飲食店	居酒屋	新橋駅	https://tabelog.com/tokyo/A1301/A130103/13041208/	https://award.tabelog.com/hyakumeiten/izakaya/2021	The Tabelog Award / 百名店 2021 公式名簿候補
13003778	13003778	鯉とうなぎのまるます家 総本店	東京都	飲食店	居酒屋	赤羽駅	https://tabelog.com/tokyo/A1323/A132305/13003778/	https://award.tabelog.com/hyakumeiten/izakaya/2021	The Tabelog Award / 百名店 2021 公式名簿候補
26002592	26002592	神馬	京都府	飲食店	居酒屋	京都市上京区	https://tabelog.com/kyoto/A2601/A260203/26002592/	https://award.tabelog.com/hyakumeiten/izakaya/2021	The Tabelog Award / 百名店 2021 公式名簿候補
13050828	13050828	丸千葉	東京都	飲食店	居酒屋	南千住駅	https://tabelog.com/tokyo/A1324/A132401/13050828/	https://award.tabelog.com/hyakumeiten/izakaya/2021	The Tabelog Award / 百名店 2021 公式名簿候補
27013958	27013958	味酒 かむなび	大阪府	飲食店	居酒屋	谷町六丁目駅	https://tabelog.com/osaka/A2701/A270204/27013958/	https://award.tabelog.com/hyakumeiten/izakaya/2021	The Tabelog Award / 百名店 2021 公式名簿候補
13007106	13007106	大露路	東京都	飲食店	居酒屋	新橋駅	https://tabelog.com/tokyo/A1301/A130103/13007106/	https://award.tabelog.com/hyakumeiten/izakaya/2021	The Tabelog Award / 百名店 2021 公式名簿候補
23000102	23000102	大甚 本店	愛知県	飲食店	居酒屋	伏見駅	https://tabelog.com/aichi/A2301/A230102/23000102/	https://award.tabelog.com/hyakumeiten/izakaya/2021	The Tabelog Award / 百名店 2021 公式名簿候補
1000037	1000037	味百仙	北海道	飲食店	居酒屋	札幌（ＪＲ）駅	https://tabelog.com/hokkaido/A0101/A010101/1000037/	https://award.tabelog.com/hyakumeiten/izakaya/2021	The Tabelog Award / 百名店 2021 公式名簿候補
40021924	40021924	魚虎	福岡県	飲食店	居酒屋	北九州市八幡西区	https://tabelog.com/fukuoka/A4004/A400404/40021924/	https://award.tabelog.com/hyakumeiten/izakaya/2021	The Tabelog Award / 百名店 2021 公式名簿候補
47001373	47001373	ひとし 本店	沖縄県	飲食店	居酒屋	石垣市	https://tabelog.com/okinawa/A4705/A470501/47001373/	https://award.tabelog.com/hyakumeiten/izakaya/2021	The Tabelog Award / 百名店 2021 公式名簿候補
13027466	13027466	牧野	東京都	飲食店	居酒屋	新馬場駅	https://tabelog.com/tokyo/A1314/A131405/13027466/	https://award.tabelog.com/hyakumeiten/izakaya/2021	The Tabelog Award / 百名店 2021 公式名簿候補
39000703	39000703	どんこ	高知県	飲食店	居酒屋	高知市	https://tabelog.com/kochi/A3901/A390101/39000703/	https://award.tabelog.com/hyakumeiten/izakaya/2021	The Tabelog Award / 百名店 2021 公式名簿候補
13176407	13176407	よねさん	東京都	飲食店	居酒屋	亀戸駅	https://tabelog.com/tokyo/A1312/A131202/13176407/	https://award.tabelog.com/hyakumeiten/izakaya/2021	The Tabelog Award / 百名店 2021 公式名簿候補
47000017	47000017	ゆうなんぎい	沖縄県	飲食店	居酒屋	那覇市	https://tabelog.com/okinawa/A4701/A470101/47000017/	https://award.tabelog.com/hyakumeiten/izakaya/2021	The Tabelog Award / 百名店 2021 公式名簿候補
17000009	17000009	いたる 本店	石川県	飲食店	居酒屋	金沢市	https://tabelog.com/ishikawa/A1701/A170101/17000009/	https://award.tabelog.com/hyakumeiten/izakaya/2021	The Tabelog Award / 百名店 2021 公式名簿候補
13122240	13122240	麦酒庵 大塚店	東京都	飲食店	居酒屋	大塚駅前駅	https://tabelog.com/tokyo/A1323/A132302/13122240/	https://award.tabelog.com/hyakumeiten/izakaya/2021	The Tabelog Award / 百名店 2021 公式名簿候補
15008980	15008980	越後一会 十郎	新潟県	飲食店	居酒屋	新潟市中央区	https://tabelog.com/niigata/A1501/A150101/15008980/	https://award.tabelog.com/hyakumeiten/izakaya/2021	The Tabelog Award / 百名店 2021 公式名簿候補
40000029	40000029	せいもん払い	福岡県	飲食店	居酒屋	中洲川端駅	https://tabelog.com/fukuoka/A4001/A400102/40000029/	https://award.tabelog.com/hyakumeiten/izakaya/2021	The Tabelog Award / 百名店 2021 公式名簿候補
13006104	13006104	でんでんでん	東京都	飲食店	居酒屋	赤坂駅	https://tabelog.com/tokyo/A1308/A130801/13006104/	https://award.tabelog.com/hyakumeiten/izakaya/2021	The Tabelog Award / 百名店 2021 公式名簿候補
13024450	13024450	長生庵	東京都	飲食店	居酒屋	築地駅	https://tabelog.com/tokyo/A1313/A131301/13024450/	https://award.tabelog.com/hyakumeiten/izakaya/2021	The Tabelog Award / 百名店 2021 公式名簿候補
40000919	40000919	田中田 博多本店	福岡県	飲食店	居酒屋	西鉄平尾駅	https://tabelog.com/fukuoka/A4001/A400104/40000919/	https://award.tabelog.com/hyakumeiten/izakaya/2021	The Tabelog Award / 百名店 2021 公式名簿候補
13011272	13011272	かんだ光壽	東京都	飲食店	居酒屋	神田駅	https://tabelog.com/tokyo/A1310/A131002/13011272/	https://award.tabelog.com/hyakumeiten/izakaya/2021	The Tabelog Award / 百名店 2021 公式名簿候補
13001382	13001382	赤鬼	東京都	飲食店	居酒屋	西太子堂駅	https://tabelog.com/tokyo/A1317/A131706/13001382/	https://award.tabelog.com/hyakumeiten/izakaya/2021	The Tabelog Award / 百名店 2021 公式名簿候補
1003784	1003784	海味 はちきょう 本店	北海道	飲食店	居酒屋	すすきの（市営）駅	https://tabelog.com/hokkaido/A0101/A010103/1003784/	https://award.tabelog.com/hyakumeiten/izakaya/2021	The Tabelog Award / 百名店 2021 公式名簿候補
13047450	13047450	ずぼら	東京都	飲食店	居酒屋	東池袋駅	https://tabelog.com/tokyo/A1305/A130501/13047450/	https://award.tabelog.com/hyakumeiten/izakaya/2021	The Tabelog Award / 百名店 2021 公式名簿候補
27044765	27044765	多満喜	大阪府	飲食店	居酒屋	心斎橋駅	https://tabelog.com/osaka/A2701/A270201/27044765/	https://award.tabelog.com/hyakumeiten/izakaya/2021	The Tabelog Award / 百名店 2021 公式名簿候補
1002392	1002392	郷土料理 おが	北海道	飲食店	居酒屋	すすきの（市営）駅	https://tabelog.com/hokkaido/A0101/A010103/1002392/	https://award.tabelog.com/hyakumeiten/izakaya/2021	The Tabelog Award / 百名店 2021 公式名簿候補
13123997	13123997	高太郎	東京都	飲食店	居酒屋	渋谷駅	https://tabelog.com/tokyo/A1303/A130301/13123997/	https://award.tabelog.com/hyakumeiten/izakaya/2021	The Tabelog Award / 百名店 2021 公式名簿候補
13059986	13059986	並木橋なかむら	東京都	飲食店	居酒屋	渋谷駅	https://tabelog.com/tokyo/A1303/A130301/13059986/	https://award.tabelog.com/hyakumeiten/izakaya/2021	The Tabelog Award / 百名店 2021 公式名簿候補
13187669	13187669	食堂とだか	東京都	飲食店	居酒屋	五反田駅	https://tabelog.com/tokyo/A1316/A131603/13187669/	https://award.tabelog.com/hyakumeiten/izakaya/2021	The Tabelog Award / 百名店 2021 公式名簿候補
40003911	40003911	食事と酒処 真	福岡県	飲食店	居酒屋	天神駅	https://tabelog.com/fukuoka/A4001/A400103/40003911/	https://award.tabelog.com/hyakumeiten/izakaya/2021	The Tabelog Award / 百名店 2021 公式名簿候補
13193868	13193868	酒肴 新屋敷	東京都	飲食店	居酒屋	西早稲田駅	https://tabelog.com/tokyo/A1305/A130503/13193868/	https://award.tabelog.com/hyakumeiten/izakaya/2021	The Tabelog Award / 百名店 2021 公式名簿候補
1000100	1000100	開陽亭 すすきの店	北海道	飲食店	居酒屋	すすきの（市営）駅	https://tabelog.com/hokkaido/A0101/A010103/1000100/	https://award.tabelog.com/hyakumeiten/izakaya/2021	The Tabelog Award / 百名店 2021 公式名簿候補
13000630	13000630	みますや	東京都	飲食店	居酒屋	小川町駅	https://tabelog.com/tokyo/A1310/A131002/13000630/	https://award.tabelog.com/hyakumeiten/izakaya/2021	The Tabelog Award / 百名店 2021 公式名簿候補
13008327	13008327	産直屋 たか	東京都	飲食店	居酒屋	神泉駅	https://tabelog.com/tokyo/A1303/A130301/13008327/	https://award.tabelog.com/hyakumeiten/izakaya/2021	The Tabelog Award / 百名店 2021 公式名簿候補
15000484	15000484	いかの墨 新潟駅前店	新潟県	飲食店	居酒屋	新潟市中央区	https://tabelog.com/niigata/A1501/A150101/15000484/	https://award.tabelog.com/hyakumeiten/izakaya/2021	The Tabelog Award / 百名店 2021 公式名簿候補
1000426	1000426	魚菜	北海道	飲食店	居酒屋	狸小路駅	https://tabelog.com/hokkaido/A0101/A010103/1000426/	https://award.tabelog.com/hyakumeiten/izakaya/2021	The Tabelog Award / 百名店 2021 公式名簿候補
13003743	13003743	鍵屋	東京都	飲食店	居酒屋	鶯谷駅	https://tabelog.com/tokyo/A1311/A131104/13003743/	https://award.tabelog.com/hyakumeiten/izakaya/2021	The Tabelog Award / 百名店 2021 公式名簿候補
1014057	1014057	独酌 三四郎	北海道	飲食店	居酒屋	旭川市	https://tabelog.com/hokkaido/A0104/A010401/1014057/	https://award.tabelog.com/hyakumeiten/izakaya/2021	The Tabelog Award / 百名店 2021 公式名簿候補
13128122	13128122	鯛樹	東京都	飲食店	居酒屋	大門駅	https://tabelog.com/tokyo/A1314/A131401/13128122/	https://award.tabelog.com/hyakumeiten/izakaya/2021	The Tabelog Award / 百名店 2021 公式名簿候補
13003007	13003007	魚三酒場 富岡店	東京都	飲食店	居酒屋	門前仲町駅	https://tabelog.com/tokyo/A1313/A131303/13003007/	https://award.tabelog.com/hyakumeiten/izakaya/2021	The Tabelog Award / 百名店 2021 公式名簿候補
1003412	1003412	海鮮処 函館山	北海道	飲食店	居酒屋	函館市	https://tabelog.com/hokkaido/A0105/A010501/1003412/	https://award.tabelog.com/hyakumeiten/izakaya/2021	The Tabelog Award / 百名店 2021 公式名簿候補
5008588	5008588	さけ富	秋田県	飲食店	居酒屋	秋田市	https://tabelog.com/akita/A0501/A050101/5008588/	https://award.tabelog.com/hyakumeiten/izakaya/2021	The Tabelog Award / 百名店 2021 公式名簿候補
27091926	27091926	大衆食堂スタンド そのだ	大阪府	飲食店	居酒屋	谷町六丁目駅	https://tabelog.com/osaka/A2701/A270204/27091926/	https://award.tabelog.com/hyakumeiten/izakaya/2021	The Tabelog Award / 百名店 2021 公式名簿候補
27006935	27006935	てぃーあんだ 扇町本店	大阪府	飲食店	居酒屋	扇町駅	https://tabelog.com/osaka/A2701/A270103/27006935/	https://award.tabelog.com/hyakumeiten/izakaya/2021	The Tabelog Award / 百名店 2021 公式名簿候補
13002243	13002243	かねます	東京都	飲食店	居酒屋	勝どき駅	https://tabelog.com/tokyo/A1313/A131302/13002243/	https://award.tabelog.com/hyakumeiten/izakaya/2021	The Tabelog Award / 百名店 2021 公式名簿候補
38000392	38000392	郷土料理 大衆割烹 ほづみ亭	愛媛県	飲食店	居酒屋	宇和島市	https://tabelog.com/ehime/A3804/A380401/38000392/	https://award.tabelog.com/hyakumeiten/izakaya/2021	The Tabelog Award / 百名店 2021 公式名簿候補
27012171	27012171	酒肆 門	大阪府	飲食店	居酒屋	東梅田駅	https://tabelog.com/osaka/A2701/A270101/27012171/	https://award.tabelog.com/hyakumeiten/izakaya/2021	The Tabelog Award / 百名店 2021 公式名簿候補
13019231	13019231	つくしのこ	東京都	飲食店	居酒屋	目黒区	https://tabelog.com/tokyo/A1317/A131705/13019231/	https://award.tabelog.com/hyakumeiten/izakaya/2021	The Tabelog Award / 百名店 2021 公式名簿候補
13224766	13224766	新橋 いっぱし	東京都	飲食店	居酒屋	内幸町駅	https://tabelog.com/tokyo/A1301/A130103/13224766/	https://award.tabelog.com/hyakumeiten/izakaya/2021	The Tabelog Award / 百名店 2021 公式名簿候補
13007578	13007578	魚仁	東京都	飲食店	居酒屋	月島駅	https://tabelog.com/tokyo/A1313/A131302/13007578/	https://award.tabelog.com/hyakumeiten/izakaya/2021	The Tabelog Award / 百名店 2021 公式名簿候補
14004243	14004243	企久太	神奈川県	飲食店	居酒屋	鎌倉駅	https://tabelog.com/kanagawa/A1404/A140402/14004243/	https://award.tabelog.com/hyakumeiten/izakaya/2021	The Tabelog Award / 百名店 2021 公式名簿候補
26001072	26001072	赤垣屋	京都府	飲食店	居酒屋	京都市役所前駅	https://tabelog.com/kyoto/A2601/A260302/26001072/	https://award.tabelog.com/hyakumeiten/izakaya/2021	The Tabelog Award / 百名店 2021 公式名簿候補
13000879	13000879	鼎	東京都	飲食店	居酒屋	新宿三丁目駅	https://tabelog.com/tokyo/A1304/A130401/13000879/	https://award.tabelog.com/hyakumeiten/izakaya/2021	The Tabelog Award / 百名店 2021 公式名簿候補
40029379	40029379	やまちゃん 中洲店	福岡県	飲食店	居酒屋	中洲川端駅	https://tabelog.com/fukuoka/A4001/A400102/40029379/	https://award.tabelog.com/hyakumeiten/izakaya/2021	The Tabelog Award / 百名店 2021 公式名簿候補
33006896	33006896	酒囲屋本店	岡山県	飲食店	居酒屋	岡山市北区	https://tabelog.com/okayama/A3301/A330101/33006896/	https://award.tabelog.com/hyakumeiten/izakaya/2021	The Tabelog Award / 百名店 2021 公式名簿候補
26000502	26000502	ビストロ割烹 YAOYA	京都府	飲食店	居酒屋	出町柳駅	https://tabelog.com/kyoto/A2601/A260302/26000502/	https://award.tabelog.com/hyakumeiten/izakaya/2021	The Tabelog Award / 百名店 2021 公式名簿候補
13010507	13010507	正ちゃん	東京都	飲食店	居酒屋	浅草（つくばＥＸＰ）駅	https://tabelog.com/tokyo/A1311/A131102/13010507/	https://award.tabelog.com/hyakumeiten/izakaya/2021	The Tabelog Award / 百名店 2021 公式名簿候補
47001357	47001357	ひとし 石敢當店	沖縄県	飲食店	居酒屋	石垣市	https://tabelog.com/okinawa/A4705/A470501/47001357/	https://award.tabelog.com/hyakumeiten/izakaya/2021	The Tabelog Award / 百名店 2021 公式名簿候補
13186922	13186922	のどぐろ専門 銀座 中俣	東京都	飲食店	居酒屋	東銀座駅	https://tabelog.com/tokyo/A1301/A130101/13186922/	https://award.tabelog.com/hyakumeiten/izakaya/2021	The Tabelog Award / 百名店 2021 公式名簿候補
13003212	13003212	金田	東京都	飲食店	居酒屋	自由が丘駅	https://tabelog.com/tokyo/A1317/A131703/13003212/	https://award.tabelog.com/hyakumeiten/izakaya/2021	The Tabelog Award / 百名店 2021 公式名簿候補
1000906	1000906	若鶏時代 なると 本店	北海道	飲食店	居酒屋	小樽市	https://tabelog.com/hokkaido/A0106/A010601/1000906/	https://award.tabelog.com/hyakumeiten/izakaya/2021	The Tabelog Award / 百名店 2021 公式名簿候補
26006925	26006925	なな治	京都府	飲食店	居酒屋	三条駅	https://tabelog.com/kyoto/A2601/A260301/26006925/	https://award.tabelog.com/hyakumeiten/izakaya/2021	The Tabelog Award / 百名店 2021 公式名簿候補
13008682	13008682	徳多和良	東京都	飲食店	居酒屋	北千住駅	https://tabelog.com/tokyo/A1324/A132402/13008682/	https://award.tabelog.com/hyakumeiten/izakaya/2021	The Tabelog Award / 百名店 2021 公式名簿候補
37000768	37000768	れんげ料理店	香川県	飲食店	居酒屋	高松市	https://tabelog.com/kagawa/A3701/A370101/37000768/	https://award.tabelog.com/hyakumeiten/izakaya/2021	The Tabelog Award / 百名店 2021 公式名簿候補
40004429	40004429	きはるの胡麻鯖や	福岡県	飲食店	居酒屋	天神南駅	https://tabelog.com/fukuoka/A4001/A400103/40004429/	https://award.tabelog.com/hyakumeiten/izakaya/2021	The Tabelog Award / 百名店 2021 公式名簿候補
13026389	13026389	西尾さん	東京都	飲食店	居酒屋	新宿三丁目駅	https://tabelog.com/tokyo/A1304/A130401/13026389/	https://award.tabelog.com/hyakumeiten/izakaya/2021	The Tabelog Award / 百名店 2021 公式名簿候補
4000031	4000031	源氏	宮城県	飲食店	居酒屋	青葉通一番町駅	https://tabelog.com/miyagi/A0401/A040101/4000031/	https://award.tabelog.com/hyakumeiten/izakaya/2021	The Tabelog Award / 百名店 2021 公式名簿候補
13017031	13017031	酒・肴 おまた	東京都	飲食店	居酒屋	池袋駅	https://tabelog.com/tokyo/A1305/A130501/13017031/	https://award.tabelog.com/hyakumeiten/izakaya/2021	The Tabelog Award / 百名店 2021 公式名簿候補
13011473	13011473	ふくべ	東京都	飲食店	居酒屋	日本橋駅	https://tabelog.com/tokyo/A1302/A130202/13011473/	https://award.tabelog.com/hyakumeiten/izakaya/2021	The Tabelog Award / 百名店 2021 公式名簿候補
13103559	13103559	大塚 みや穂	東京都	飲食店	居酒屋	大塚駅	https://tabelog.com/tokyo/A1323/A132302/13103559/	https://award.tabelog.com/hyakumeiten/izakaya/2021	The Tabelog Award / 百名店 2021 公式名簿候補
17001005	17001005	こいで	石川県	飲食店	居酒屋	金沢市	https://tabelog.com/ishikawa/A1701/A170101/17001005/	https://award.tabelog.com/hyakumeiten/izakaya/2021	The Tabelog Award / 百名店 2021 公式名簿候補
13152236	13152236	俺の割烹 銀座本店	東京都	飲食店	居酒屋	新橋駅	https://tabelog.com/tokyo/A1301/A130103/13152236/	https://award.tabelog.com/hyakumeiten/izakaya/2021	The Tabelog Award / 百名店 2021 公式名簿候補
23001853	23001853	島正	愛知県	飲食店	居酒屋	伏見駅	https://tabelog.com/aichi/A2301/A230102/23001853/	https://award.tabelog.com/hyakumeiten/izakaya/2021	The Tabelog Award / 百名店 2021 公式名簿候補
13002992	13002992	山利喜 本館	東京都	飲食店	居酒屋	森下駅	https://tabelog.com/tokyo/A1312/A131201/13002992/	https://award.tabelog.com/hyakumeiten/izakaya/2021	The Tabelog Award / 百名店 2021 公式名簿候補
13002239	13002239	岸田屋	東京都	飲食店	居酒屋	勝どき駅	https://tabelog.com/tokyo/A1313/A131302/13002239/	https://award.tabelog.com/hyakumeiten/izakaya/2021	The Tabelog Award / 百名店 2021 公式名簿候補
17005534	17005534	味楽 ゆめり	石川県	飲食店	居酒屋	金沢市	https://tabelog.com/ishikawa/A1701/A170101/17005534/	https://award.tabelog.com/hyakumeiten/izakaya/2021	The Tabelog Award / 百名店 2021 公式名簿候補
13008075	13008075	山葵	東京都	飲食店	居酒屋	人形町駅	https://tabelog.com/tokyo/A1302/A130204/13008075/	https://award.tabelog.com/hyakumeiten/izakaya/2021	The Tabelog Award / 百名店 2021 公式名簿候補
17000022	17000022	黒百合	石川県	飲食店	居酒屋	金沢市	https://tabelog.com/ishikawa/A1701/A170101/17000022/	https://award.tabelog.com/hyakumeiten/izakaya/2021	The Tabelog Award / 百名店 2021 公式名簿候補
13001650	13001650	日南	東京都	飲食店	居酒屋	五反田駅	https://tabelog.com/tokyo/A1316/A131603/13001650/	https://award.tabelog.com/hyakumeiten/izakaya/2021	The Tabelog Award / 百名店 2021 公式名簿候補
13001082	13001082	第二力酒蔵	東京都	飲食店	居酒屋	中野駅	https://tabelog.com/tokyo/A1319/A131902/13001082/	https://award.tabelog.com/hyakumeiten/izakaya/2021	The Tabelog Award / 百名店 2021 公式名簿候補
47000019	47000019	うりずん	沖縄県	飲食店	居酒屋	那覇市	https://tabelog.com/okinawa/A4701/A470101/47000019/	https://award.tabelog.com/hyakumeiten/izakaya/2021	The Tabelog Award / 百名店 2021 公式名簿候補
13025617	13025617	萬屋 おかげさん	東京都	飲食店	居酒屋	四谷三丁目駅	https://tabelog.com/tokyo/A1309/A130903/13025617/	https://award.tabelog.com/hyakumeiten/izakaya/2021	The Tabelog Award / 百名店 2021 公式名簿候補
13013868	13013868	舞浜	東京都	飲食店	居酒屋	新橋駅	https://tabelog.com/tokyo/A1301/A130103/13013868/	https://award.tabelog.com/hyakumeiten/izakaya/2021	The Tabelog Award / 百名店 2021 公式名簿候補
13055189	13055189	越後屋八十吉	東京都	飲食店	居酒屋	東銀座駅	https://tabelog.com/tokyo/A1301/A130101/13055189/	https://award.tabelog.com/hyakumeiten/izakaya/2021	The Tabelog Award / 百名店 2021 公式名簿候補
4014402	4014402	居酒屋 ちょーちょ	宮城県	飲食店	居酒屋	勾当台公園駅	https://tabelog.com/miyagi/A0401/A040101/4014402/	https://award.tabelog.com/hyakumeiten/izakaya/2021	The Tabelog Award / 百名店 2021 公式名簿候補
27000581	27000581	ながほり	大阪府	飲食店	居酒屋	玉造（大阪メトロ）駅	https://tabelog.com/osaka/A2701/A270204/27000581/	https://award.tabelog.com/hyakumeiten/izakaya/2021	The Tabelog Award / 百名店 2021 公式名簿候補
33009794	33009794	季節料理かたやま	岡山県	飲食店	居酒屋	岡山市北区	https://tabelog.com/okayama/A3301/A330101/33009794/	https://award.tabelog.com/hyakumeiten/izakaya/2021	The Tabelog Award / 百名店 2021 公式名簿候補
13015271	13015271	立ち飲み 竜馬	東京都	飲食店	居酒屋	新橋駅	https://tabelog.com/tokyo/A1301/A130103/13015271/	https://award.tabelog.com/hyakumeiten/izakaya/2021	The Tabelog Award / 百名店 2021 公式名簿候補
13000216	13000216	陸蒸気	東京都	飲食店	居酒屋	中野駅	https://tabelog.com/tokyo/A1319/A131902/13000216/	https://award.tabelog.com/hyakumeiten/izakaya/2021	The Tabelog Award / 百名店 2021 公式名簿候補
13006329	13006329	赤津加	東京都	飲食店	居酒屋	秋葉原駅	https://tabelog.com/tokyo/A1310/A131001/13006329/	https://award.tabelog.com/hyakumeiten/izakaya/2021	The Tabelog Award / 百名店 2021 公式名簿候補
13018283	13018283	吉柳	東京都	飲食店	居酒屋	恵比寿駅	https://tabelog.com/tokyo/A1303/A130302/13018283/	https://award.tabelog.com/hyakumeiten/izakaya/2021	The Tabelog Award / 百名店 2021 公式名簿候補
27054292	27054292	酒場 やまと	大阪府	飲食店	居酒屋	東梅田駅	https://tabelog.com/osaka/A2701/A270101/27054292/	https://award.tabelog.com/hyakumeiten/izakaya/2021	The Tabelog Award / 百名店 2021 公式名簿候補
39000063	39000063	黒尊	高知県	飲食店	居酒屋	高知市	https://tabelog.com/kochi/A3901/A390101/39000063/	https://award.tabelog.com/hyakumeiten/izakaya/2021	The Tabelog Award / 百名店 2021 公式名簿候補
47002122	47002122	旬菜処 びいどろ	沖縄県	飲食店	居酒屋	那覇市	https://tabelog.com/okinawa/A4701/A470101/47002122/	https://award.tabelog.com/hyakumeiten/izakaya/2021	The Tabelog Award / 百名店 2021 公式名簿候補
28026827	28026827	やす田	兵庫県	飲食店	居酒屋	三宮（神戸市営）駅	https://tabelog.com/hyogo/A2801/A280102/28026827/	https://award.tabelog.com/hyakumeiten/izakaya/2021	The Tabelog Award / 百名店 2021 公式名簿候補
27013283	27013283	びんびや	大阪府	飲食店	居酒屋	大江橋駅	https://tabelog.com/osaka/A2701/A270101/27013283/	https://award.tabelog.com/hyakumeiten/izakaya/2021	The Tabelog Award / 百名店 2021 公式名簿候補
13017894	13017894	和楽	東京都	飲食店	居酒屋	新橋駅	https://tabelog.com/tokyo/A1301/A130103/13017894/	https://award.tabelog.com/hyakumeiten/izakaya/2021	The Tabelog Award / 百名店 2021 公式名簿候補
14003075	14003075	大和屋 横浜店	神奈川県	飲食店	日本料理	横浜駅	https://tabelog.com/kanagawa/A1401/A140101/14003075/	https://award.tabelog.com/hyakumeiten/japanese_east/2021	The Tabelog Award / 百名店 2021 公式名簿候補
14000231	14000231	北鎌倉 円	神奈川県	飲食店	日本料理	北鎌倉駅	https://tabelog.com/kanagawa/A1404/A140401/14000231/	https://award.tabelog.com/hyakumeiten/japanese_east/2021	The Tabelog Award / 百名店 2021 公式名簿候補
14031767	14031767	茶つぼ	神奈川県	飲食店	日本料理	元町・中華街駅	https://tabelog.com/kanagawa/A1401/A140105/14031767/	https://award.tabelog.com/hyakumeiten/japanese_east/2021	The Tabelog Award / 百名店 2021 公式名簿候補
1004035	1004035	日本料理とらや	北海道	飲食店	日本料理	円山公園駅	https://tabelog.com/hokkaido/A0101/A010105/1004035/	https://award.tabelog.com/hyakumeiten/japanese_east/2021	The Tabelog Award / 百名店 2021 公式名簿候補
14002179	14002179	きむら	神奈川県	飲食店	日本料理	あざみ野駅	https://tabelog.com/kanagawa/A1401/A140201/14002179/	https://award.tabelog.com/hyakumeiten/japanese_east/2021	The Tabelog Award / 百名店 2021 公式名簿候補
23057797	23057797	味感 ことほぎ	愛知県	飲食店	日本料理	高岳駅	https://tabelog.com/aichi/A2301/A230104/23057797/	https://award.tabelog.com/hyakumeiten/japanese_east/2021	The Tabelog Award / 百名店 2021 公式名簿候補
23003542	23003542	名古屋 浅田	愛知県	飲食店	日本料理	名古屋駅	https://tabelog.com/aichi/A2301/A230101/23003542/	https://award.tabelog.com/hyakumeiten/japanese_east/2021	The Tabelog Award / 百名店 2021 公式名簿候補
23043598	23043598	河文	愛知県	飲食店	日本料理	丸の内駅	https://tabelog.com/aichi/A2301/A230102/23043598/	https://award.tabelog.com/hyakumeiten/japanese_east/2021	The Tabelog Award / 百名店 2021 公式名簿候補
23006901	23006901	こなす	愛知県	飲食店	日本料理	刈谷市	https://tabelog.com/aichi/A2305/A230503/23006901/	https://award.tabelog.com/hyakumeiten/japanese_east/2021	The Tabelog Award / 百名店 2021 公式名簿候補
2005810	2005810	千陽 本店	青森県	飲食店	日本料理	八戸市	https://tabelog.com/aomori/A0203/A020301/2005810/	https://award.tabelog.com/hyakumeiten/japanese_east/2021	The Tabelog Award / 百名店 2021 公式名簿候補
2000414	2000414	はた善	青森県	飲食店	日本料理	青森市	https://tabelog.com/aomori/A0201/A020101/2000414/	https://award.tabelog.com/hyakumeiten/japanese_east/2021	The Tabelog Award / 百名店 2021 公式名簿候補
7001521	7001521	粋・丸新	福島県	飲食店	日本料理	郡山市	https://tabelog.com/fukushima/A0702/A070201/7001521/	https://award.tabelog.com/hyakumeiten/japanese_east/2021	The Tabelog Award / 百名店 2021 公式名簿候補
23000092	23000092	かみその	愛知県	飲食店	日本料理	丸の内駅	https://tabelog.com/aichi/A2301/A230102/23000092/	https://award.tabelog.com/hyakumeiten/japanese_east/2021	The Tabelog Award / 百名店 2021 公式名簿候補
12019721	12019721	やさい料理 つむぎや	千葉県	飲食店	日本料理	柏駅	https://tabelog.com/chiba/A1203/A120301/12019721/	https://award.tabelog.com/hyakumeiten/japanese_east/2021	The Tabelog Award / 百名店 2021 公式名簿候補
2000619	2000619	ほむら	青森県	飲食店	日本料理	八戸市	https://tabelog.com/aomori/A0203/A020301/2000619/	https://award.tabelog.com/hyakumeiten/japanese_east/2021	The Tabelog Award / 百名店 2021 公式名簿候補
23049308	23049308	百花繚蘭	愛知県	飲食店	日本料理	本山駅	https://tabelog.com/aichi/A2301/A230107/23049308/	https://award.tabelog.com/hyakumeiten/japanese_east/2021	The Tabelog Award / 百名店 2021 公式名簿候補
20000774	20000774	きく蔵	長野県	飲食店	日本料理	松本市	https://tabelog.com/nagano/A2002/A200201/20000774/	https://award.tabelog.com/hyakumeiten/japanese_east/2021	The Tabelog Award / 百名店 2021 公式名簿候補
14008696	14008696	米倉	神奈川県	飲食店	日本料理	鎌倉市	https://tabelog.com/kanagawa/A1404/A140402/14008696/	https://award.tabelog.com/hyakumeiten/japanese_east/2021	The Tabelog Award / 百名店 2021 公式名簿候補
23056304	23056304	もと井	愛知県	飲食店	日本料理	池下駅	https://tabelog.com/aichi/A2301/A230106/23056304/	https://award.tabelog.com/hyakumeiten/japanese_east/2021	The Tabelog Award / 百名店 2021 公式名簿候補
23059429	23059429	輪久	愛知県	飲食店	日本料理	上前津駅	https://tabelog.com/aichi/A2301/A230105/23059429/	https://award.tabelog.com/hyakumeiten/japanese_east/2021	The Tabelog Award / 百名店 2021 公式名簿候補
14045338	14045338	いとや	神奈川県	飲食店	日本料理	藤沢駅	https://tabelog.com/kanagawa/A1404/A140404/14045338/	https://award.tabelog.com/hyakumeiten/japanese_east/2021	The Tabelog Award / 百名店 2021 公式名簿候補
11000020	11000020	国登録文化財 二木屋	埼玉県	飲食店	日本料理	北浦和駅	https://tabelog.com/saitama/A1101/A110102/11000020/	https://award.tabelog.com/hyakumeiten/japanese_east/2021	The Tabelog Award / 百名店 2021 公式名簿候補
5000689	5000689	和食すがわら	秋田県	飲食店	日本料理	秋田市	https://tabelog.com/akita/A0501/A050101/5000689/	https://award.tabelog.com/hyakumeiten/japanese_east/2021	The Tabelog Award / 百名店 2021 公式名簿候補
23038369	23038369	別邸 きときと	愛知県	飲食店	日本料理	伏見駅	https://tabelog.com/aichi/A2301/A230102/23038369/	https://award.tabelog.com/hyakumeiten/japanese_east/2021	The Tabelog Award / 百名店 2021 公式名簿候補
14002768	14002768	懐石料理 花壇	神奈川県	飲食店	日本料理	彫刻の森駅	https://tabelog.com/kanagawa/A1410/A141001/14002768/	https://award.tabelog.com/hyakumeiten/japanese_east/2021	The Tabelog Award / 百名店 2021 公式名簿候補
23037571	23037571	華丸吉日	愛知県	飲食店	日本料理	伏見駅	https://tabelog.com/aichi/A2301/A230103/23037571/	https://award.tabelog.com/hyakumeiten/japanese_east/2021	The Tabelog Award / 百名店 2021 公式名簿候補
4010699	4010699	一舞庵	宮城県	飲食店	日本料理	あおば通駅	https://tabelog.com/miyagi/A0401/A040101/4010699/	https://award.tabelog.com/hyakumeiten/japanese_east/2021	The Tabelog Award / 百名店 2021 公式名簿候補
1000002	1000002	酒房しんせん	北海道	飲食店	日本料理	豊水すすきの駅	https://tabelog.com/hokkaido/A0101/A010103/1000002/	https://award.tabelog.com/hyakumeiten/japanese_east/2021	The Tabelog Award / 百名店 2021 公式名簿候補
2001751	2001751	津軽割烹未来	青森県	飲食店	日本料理	青森市	https://tabelog.com/aomori/A0201/A020101/2001751/	https://award.tabelog.com/hyakumeiten/japanese_east/2021	The Tabelog Award / 百名店 2021 公式名簿候補
20001798	20001798	わらび野	長野県	飲食店	日本料理	木曽郡木曽町	https://tabelog.com/nagano/A2007/A200701/20001798/	https://award.tabelog.com/hyakumeiten/japanese_east/2021	The Tabelog Award / 百名店 2021 公式名簿候補
23039138	23039138	割烹 藪下	愛知県	飲食店	日本料理	久屋大通駅	https://tabelog.com/aichi/A2301/A230102/23039138/	https://award.tabelog.com/hyakumeiten/japanese_east/2021	The Tabelog Award / 百名店 2021 公式名簿候補
14000032	14000032	とうふ屋うかい 鷺沼店	神奈川県	飲食店	日本料理	鷺沼駅	https://tabelog.com/kanagawa/A1405/A140507/14000032/	https://award.tabelog.com/hyakumeiten/japanese_east/2021	The Tabelog Award / 百名店 2021 公式名簿候補
23053832	23053832	みつ林	愛知県	飲食店	日本料理	国際センター駅	https://tabelog.com/aichi/A2301/A230101/23053832/	https://award.tabelog.com/hyakumeiten/japanese_east/2021	The Tabelog Award / 百名店 2021 公式名簿候補
23055371	23055371	和創ふんりんかん ぎり	愛知県	飲食店	日本料理	上前津駅	https://tabelog.com/aichi/A2301/A230103/23055371/	https://award.tabelog.com/hyakumeiten/japanese_east/2021	The Tabelog Award / 百名店 2021 公式名簿候補
22029327	22029327	馳走 山傳	静岡県	飲食店	日本料理	三島市	https://tabelog.com/shizuoka/A2205/A220501/22029327/	https://award.tabelog.com/hyakumeiten/japanese_east/2021	The Tabelog Award / 百名店 2021 公式名簿候補
20001225	20001225	昇月	長野県	飲食店	日本料理	安曇野市	https://tabelog.com/nagano/A2005/A200501/20001225/	https://award.tabelog.com/hyakumeiten/japanese_east/2021	The Tabelog Award / 百名店 2021 公式名簿候補
23051528	23051528	魯忍	愛知県	飲食店	日本料理	高岳駅	https://tabelog.com/aichi/A2301/A230104/23051528/	https://award.tabelog.com/hyakumeiten/japanese_east/2021	The Tabelog Award / 百名店 2021 公式名簿候補
1007034	1007034	みえ田	北海道	飲食店	日本料理	すすきの（市営）駅	https://tabelog.com/hokkaido/A0101/A010103/1007034/	https://award.tabelog.com/hyakumeiten/japanese_east/2021	The Tabelog Award / 百名店 2021 公式名簿候補
12010964	12010964	京料理かねき	千葉県	飲食店	日本料理	平和台駅	https://tabelog.com/chiba/A1203/A120305/12010964/	https://award.tabelog.com/hyakumeiten/japanese_east/2021	The Tabelog Award / 百名店 2021 公式名簿候補
14042303	14042303	ゆうがた	神奈川県	飲食店	日本料理	江ノ島駅	https://tabelog.com/kanagawa/A1404/A140403/14042303/	https://award.tabelog.com/hyakumeiten/japanese_east/2021	The Tabelog Award / 百名店 2021 公式名簿候補
21013604	21013604	てら田	岐阜県	飲食店	日本料理	岐阜市	https://tabelog.com/gifu/A2101/A210101/21013604/	https://award.tabelog.com/hyakumeiten/japanese_east/2021	The Tabelog Award / 百名店 2021 公式名簿候補
14068100	14068100	お料理 とみやま	神奈川県	飲食店	日本料理	鎌倉駅	https://tabelog.com/kanagawa/A1404/A140402/14068100/	https://award.tabelog.com/hyakumeiten/japanese_east/2021	The Tabelog Award / 百名店 2021 公式名簿候補
23072364	23072364	乙味 あさ井	愛知県	飲食店	日本料理	新栄町駅	https://tabelog.com/aichi/A2301/A230104/23072364/	https://award.tabelog.com/hyakumeiten/japanese_east/2021	The Tabelog Award / 百名店 2021 公式名簿候補
14003420	14003420	割烹 しらこ	神奈川県	飲食店	日本料理	湯河原駅	https://tabelog.com/kanagawa/A1410/A141002/14003420/	https://award.tabelog.com/hyakumeiten/japanese_east/2021	The Tabelog Award / 百名店 2021 公式名簿候補
14010528	14010528	幻董庵	神奈川県	飲食店	日本料理	北鎌倉駅	https://tabelog.com/kanagawa/A1404/A140401/14010528/	https://award.tabelog.com/hyakumeiten/japanese_east/2021	The Tabelog Award / 百名店 2021 公式名簿候補
14030204	14030204	SHIMOMURA	神奈川県	飲食店	日本料理	石川町駅	https://tabelog.com/kanagawa/A1401/A140105/14030204/	https://award.tabelog.com/hyakumeiten/japanese_east/2021	The Tabelog Award / 百名店 2021 公式名簿候補
23050795	23050795	賛否両論 名古屋	愛知県	飲食店	日本料理	池下駅	https://tabelog.com/aichi/A2301/A230106/23050795/	https://award.tabelog.com/hyakumeiten/japanese_east/2021	The Tabelog Award / 百名店 2021 公式名簿候補
14003970	14003970	菅井	神奈川県	飲食店	日本料理	馬車道駅	https://tabelog.com/kanagawa/A1401/A140104/14003970/	https://award.tabelog.com/hyakumeiten/japanese_east/2021	The Tabelog Award / 百名店 2021 公式名簿候補
14050450	14050450	一平	神奈川県	飲食店	日本料理	和田塚駅	https://tabelog.com/kanagawa/A1404/A140402/14050450/	https://award.tabelog.com/hyakumeiten/japanese_east/2021	The Tabelog Award / 百名店 2021 公式名簿候補
23013739	23013739	千代娘	愛知県	飲食店	日本料理	豊橋市	https://tabelog.com/aichi/A2306/A230601/23013739/	https://award.tabelog.com/hyakumeiten/japanese_east/2021	The Tabelog Award / 百名店 2021 公式名簿候補
23000706	23000706	花見小路	愛知県	飲食店	日本料理	矢場町駅	https://tabelog.com/aichi/A2301/A230103/23000706/	https://award.tabelog.com/hyakumeiten/japanese_east/2021	The Tabelog Award / 百名店 2021 公式名簿候補
23040321	23040321	南山 吉扇	愛知県	飲食店	日本料理	いりなか駅	https://tabelog.com/aichi/A2301/A230108/23040321/	https://award.tabelog.com/hyakumeiten/japanese_east/2021	The Tabelog Award / 百名店 2021 公式名簿候補
14000065	14000065	日本料理 木の花	神奈川県	飲食店	日本料理	横浜駅	https://tabelog.com/kanagawa/A1401/A140101/14000065/	https://award.tabelog.com/hyakumeiten/japanese_east/2021	The Tabelog Award / 百名店 2021 公式名簿候補
14003222	14003222	秋本	神奈川県	飲食店	日本料理	鎌倉駅	https://tabelog.com/kanagawa/A1404/A140402/14003222/	https://award.tabelog.com/hyakumeiten/japanese_east/2021	The Tabelog Award / 百名店 2021 公式名簿候補
23001697	23001697	馳走菴 ひじり	愛知県	飲食店	日本料理	高岳駅	https://tabelog.com/aichi/A2301/A230109/23001697/	https://award.tabelog.com/hyakumeiten/japanese_east/2021	The Tabelog Award / 百名店 2021 公式名簿候補
23033988	23033988	お料理 京柳	愛知県	飲食店	日本料理	瑞穂区役所駅	https://tabelog.com/aichi/A2301/A230112/23033988/	https://award.tabelog.com/hyakumeiten/japanese_east/2021	The Tabelog Award / 百名店 2021 公式名簿候補
15001790	15001790	割烹 新多久	新潟県	飲食店	日本料理	村上市	https://tabelog.com/niigata/A1505/A150504/15001790/	https://award.tabelog.com/hyakumeiten/japanese_east/2021	The Tabelog Award / 百名店 2021 公式名簿候補
14031994	14031994	坂ノ下 田茂戸	神奈川県	飲食店	日本料理	長谷駅	https://tabelog.com/kanagawa/A1404/A140402/14031994/	https://award.tabelog.com/hyakumeiten/japanese_east/2021	The Tabelog Award / 百名店 2021 公式名簿候補
23000897	23000897	梶川	愛知県	飲食店	日本料理	池下駅	https://tabelog.com/aichi/A2301/A230106/23000897/	https://award.tabelog.com/hyakumeiten/japanese_east/2021	The Tabelog Award / 百名店 2021 公式名簿候補
23050424	23050424	おおたに	愛知県	飲食店	日本料理	岩塚駅	https://tabelog.com/aichi/A2301/A230113/23050424/	https://award.tabelog.com/hyakumeiten/japanese_east/2021	The Tabelog Award / 百名店 2021 公式名簿候補
1016052	1016052	味道広路	北海道	飲食店	日本料理	夕張郡栗山町	https://tabelog.com/hokkaido/A0107/A010704/1016052/	https://award.tabelog.com/hyakumeiten/japanese_east/2021	The Tabelog Award / 百名店 2021 公式名簿候補
5000015	5000015	料亭 濱乃家 本店	秋田県	飲食店	日本料理	秋田市	https://tabelog.com/akita/A0501/A050101/5000015/	https://award.tabelog.com/hyakumeiten/japanese_east/2021	The Tabelog Award / 百名店 2021 公式名簿候補
15000056	15000056	欅苑	新潟県	飲食店	日本料理	南魚沼市	https://tabelog.com/niigata/A1504/A150402/15000056/	https://award.tabelog.com/hyakumeiten/japanese_east/2021	The Tabelog Award / 百名店 2021 公式名簿候補
12007348	12007348	割烹 中むら	千葉県	飲食店	日本料理	勝浦駅	https://tabelog.com/chiba/A1207/A120701/12007348/	https://award.tabelog.com/hyakumeiten/japanese_east/2021	The Tabelog Award / 百名店 2021 公式名簿候補
23000161	23000161	鯛めし楼	愛知県	飲食店	日本料理	伏見駅	https://tabelog.com/aichi/A2301/A230102/23000161/	https://award.tabelog.com/hyakumeiten/japanese_east/2021	The Tabelog Award / 百名店 2021 公式名簿候補
14033063	14033063	和食 瑞木	神奈川県	飲食店	日本料理	馬車道駅	https://tabelog.com/kanagawa/A1401/A140104/14033063/	https://award.tabelog.com/hyakumeiten/japanese_east/2021	The Tabelog Award / 百名店 2021 公式名簿候補
10010261	10010261	龢	群馬県	飲食店	日本料理	前橋市	https://tabelog.com/gunma/A1001/A100101/10010261/	https://award.tabelog.com/hyakumeiten/japanese_east/2021	The Tabelog Award / 百名店 2021 公式名簿候補
1053112	1053112	温味	北海道	飲食店	日本料理	中島公園通駅	https://tabelog.com/hokkaido/A0101/A010104/1053112/	https://award.tabelog.com/hyakumeiten/japanese_east/2021	The Tabelog Award / 百名店 2021 公式名簿候補
23049508	23049508	井がわ	愛知県	飲食店	日本料理	新栄町駅	https://tabelog.com/aichi/A2301/A230104/23049508/	https://award.tabelog.com/hyakumeiten/japanese_east/2021	The Tabelog Award / 百名店 2021 公式名簿候補
23046301	23046301	蓬左茶寮	愛知県	飲食店	日本料理	池下駅	https://tabelog.com/aichi/A2301/A230106/23046301/	https://award.tabelog.com/hyakumeiten/japanese_east/2021	The Tabelog Award / 百名店 2021 公式名簿候補
4016108	4016108	日本料理 e.	宮城県	飲食店	日本料理	大町西公園駅	https://tabelog.com/miyagi/A0401/A040101/4016108/	https://award.tabelog.com/hyakumeiten/japanese_east/2021	The Tabelog Award / 百名店 2021 公式名簿候補
1047890	1047890	こまつ	北海道	飲食店	日本料理	札幌市中央区	https://tabelog.com/hokkaido/A0101/A010105/1047890/	https://award.tabelog.com/hyakumeiten/japanese_east/2021	The Tabelog Award / 百名店 2021 公式名簿候補
4001163	4001163	萬み高橋	宮城県	飲食店	日本料理	勾当台公園駅	https://tabelog.com/miyagi/A0401/A040101/4001163/	https://award.tabelog.com/hyakumeiten/japanese_east/2021	The Tabelog Award / 百名店 2021 公式名簿候補
21010387	21010387	飛騨季節料理 肴	岐阜県	飲食店	日本料理	高山市	https://tabelog.com/gifu/A2104/A210401/21010387/	https://award.tabelog.com/hyakumeiten/japanese_east/2021	The Tabelog Award / 百名店 2021 公式名簿候補
4012841	4012841	りんたろう	宮城県	飲食店	日本料理	青葉通一番町駅	https://tabelog.com/miyagi/A0401/A040101/4012841/	https://award.tabelog.com/hyakumeiten/japanese_east/2021	The Tabelog Award / 百名店 2021 公式名簿候補
4006686	4006686	阿古	宮城県	飲食店	日本料理	勾当台公園駅	https://tabelog.com/miyagi/A0401/A040101/4006686/	https://award.tabelog.com/hyakumeiten/japanese_east/2021	The Tabelog Award / 百名店 2021 公式名簿候補
23000794	23000794	もちづき	愛知県	飲食店	日本料理	中村日赤駅	https://tabelog.com/aichi/A2301/A230113/23000794/	https://award.tabelog.com/hyakumeiten/japanese_east/2021	The Tabelog Award / 百名店 2021 公式名簿候補
12029495	12029495	お料理なかき	千葉県	飲食店	日本料理	柏駅	https://tabelog.com/chiba/A1203/A120301/12029495/	https://award.tabelog.com/hyakumeiten/japanese_east/2021	The Tabelog Award / 百名店 2021 公式名簿候補
14004298	14004298	日本料理 幸庵	神奈川県	飲食店	日本料理	藤沢駅	https://tabelog.com/kanagawa/A1404/A140404/14004298/	https://award.tabelog.com/hyakumeiten/japanese_east/2021	The Tabelog Award / 百名店 2021 公式名簿候補
1030202	1030202	花小路 さわ田	北海道	飲食店	日本料理	東本願寺前駅	https://tabelog.com/hokkaido/A0101/A010103/1030202/	https://award.tabelog.com/hyakumeiten/japanese_east/2021	The Tabelog Award / 百名店 2021 公式名簿候補
23004115	23004115	京都 吉兆 名古屋店	愛知県	飲食店	日本料理	名鉄名古屋駅	https://tabelog.com/aichi/A2301/A230101/23004115/	https://award.tabelog.com/hyakumeiten/japanese_east/2021	The Tabelog Award / 百名店 2021 公式名簿候補
23045460	23045460	割烹 ほその	愛知県	飲食店	日本料理	高岳駅	https://tabelog.com/aichi/A2301/A230104/23045460/	https://award.tabelog.com/hyakumeiten/japanese_east/2021	The Tabelog Award / 百名店 2021 公式名簿候補
23053453	23053453	懐韻	愛知県	飲食店	日本料理	丸の内駅	https://tabelog.com/aichi/A2301/A230102/23053453/	https://award.tabelog.com/hyakumeiten/japanese_east/2021	The Tabelog Award / 百名店 2021 公式名簿候補
13215804	13215804	西麻布 大竹	東京都	飲食店	日本料理	乃木坂駅	https://tabelog.com/tokyo/A1307/A130701/13215804/	https://award.tabelog.com/hyakumeiten/japanese_tokyo/2021	The Tabelog Award / 百名店 2021 公式名簿候補
13019665	13019665	東京 芝 とうふ屋うかい	東京都	飲食店	日本料理	赤羽橋駅	https://tabelog.com/tokyo/A1314/A131401/13019665/	https://award.tabelog.com/hyakumeiten/japanese_tokyo/2021	The Tabelog Award / 百名店 2021 公式名簿候補
13113088	13113088	三友居 高輪店	東京都	飲食店	日本料理	高輪台駅	https://tabelog.com/tokyo/A1316/A131603/13113088/	https://award.tabelog.com/hyakumeiten/japanese_tokyo/2021	The Tabelog Award / 百名店 2021 公式名簿候補
13169901	13169901	小熊	東京都	飲食店	日本料理	銀座駅	https://tabelog.com/tokyo/A1301/A130101/13169901/	https://award.tabelog.com/hyakumeiten/japanese_tokyo/2021	The Tabelog Award / 百名店 2021 公式名簿候補
13111900	13111900	銀座 水野	東京都	飲食店	日本料理	銀座一丁目駅	https://tabelog.com/tokyo/A1301/A130101/13111900/	https://award.tabelog.com/hyakumeiten/japanese_tokyo/2021	The Tabelog Award / 百名店 2021 公式名簿候補
13002183	13002183	會水庵	東京都	飲食店	日本料理	赤坂駅	https://tabelog.com/tokyo/A1308/A130801/13002183/	https://award.tabelog.com/hyakumeiten/japanese_tokyo/2021	The Tabelog Award / 百名店 2021 公式名簿候補
13001542	13001542	賛否両論	東京都	飲食店	日本料理	広尾駅	https://tabelog.com/tokyo/A1307/A130703/13001542/	https://award.tabelog.com/hyakumeiten/japanese_tokyo/2021	The Tabelog Award / 百名店 2021 公式名簿候補
13002749	13002749	やげんぼり 赤坂店	東京都	飲食店	日本料理	赤坂見附駅	https://tabelog.com/tokyo/A1308/A130801/13002749/	https://award.tabelog.com/hyakumeiten/japanese_tokyo/2021	The Tabelog Award / 百名店 2021 公式名簿候補
13212919	13212919	銀座くどう	東京都	飲食店	日本料理	東銀座駅	https://tabelog.com/tokyo/A1301/A130101/13212919/	https://award.tabelog.com/hyakumeiten/japanese_tokyo/2021	The Tabelog Award / 百名店 2021 公式名簿候補
13118905	13118905	霞庭 まつばら	東京都	飲食店	日本料理	六本木駅	https://tabelog.com/tokyo/A1307/A130701/13118905/	https://award.tabelog.com/hyakumeiten/japanese_tokyo/2021	The Tabelog Award / 百名店 2021 公式名簿候補
13023513	13023513	季旬 鈴なり	東京都	飲食店	日本料理	四谷三丁目駅	https://tabelog.com/tokyo/A1309/A130903/13023513/	https://award.tabelog.com/hyakumeiten/japanese_tokyo/2021	The Tabelog Award / 百名店 2021 公式名簿候補
13004981	13004981	銀座 あさみ	東京都	飲食店	日本料理	築地市場駅	https://tabelog.com/tokyo/A1301/A130103/13004981/	https://award.tabelog.com/hyakumeiten/japanese_tokyo/2021	The Tabelog Award / 百名店 2021 公式名簿候補
13154602	13154602	懐石料理 はし本	東京都	飲食店	日本料理	新日本橋駅	https://tabelog.com/tokyo/A1302/A130202/13154602/	https://award.tabelog.com/hyakumeiten/japanese_tokyo/2021	The Tabelog Award / 百名店 2021 公式名簿候補
13234010	13234010	鈴田式	東京都	飲食店	日本料理	麻布十番駅	https://tabelog.com/tokyo/A1307/A130702/13234010/	https://award.tabelog.com/hyakumeiten/japanese_tokyo/2021	The Tabelog Award / 百名店 2021 公式名簿候補
13030766	13030766	新ばし 久	東京都	飲食店	日本料理	新橋駅	https://tabelog.com/tokyo/A1301/A130103/13030766/	https://award.tabelog.com/hyakumeiten/japanese_tokyo/2021	The Tabelog Award / 百名店 2021 公式名簿候補
13002818	13002818	赤坂とゝや魚新	東京都	飲食店	日本料理	赤坂駅	https://tabelog.com/tokyo/A1308/A130801/13002818/	https://award.tabelog.com/hyakumeiten/japanese_tokyo/2021	The Tabelog Award / 百名店 2021 公式名簿候補
13006021	13006021	うかい鳥山	東京都	飲食店	日本料理	八王子市	https://tabelog.com/tokyo/A1329/A132905/13006021/	https://award.tabelog.com/hyakumeiten/japanese_tokyo/2021	The Tabelog Award / 百名店 2021 公式名簿候補
13221959	13221959	蓮 三四七	東京都	飲食店	日本料理	内幸町駅	https://tabelog.com/tokyo/A1301/A130101/13221959/	https://award.tabelog.com/hyakumeiten/japanese_tokyo/2021	The Tabelog Award / 百名店 2021 公式名簿候補
13005469	13005469	分とく山	東京都	飲食店	日本料理	広尾駅	https://tabelog.com/tokyo/A1307/A130703/13005469/	https://award.tabelog.com/hyakumeiten/japanese_tokyo/2021	The Tabelog Award / 百名店 2021 公式名簿候補
13034770	13034770	和創作 太	東京都	飲食店	日本料理	目黒駅	https://tabelog.com/tokyo/A1316/A131601/13034770/	https://award.tabelog.com/hyakumeiten/japanese_tokyo/2021	The Tabelog Award / 百名店 2021 公式名簿候補
13220791	13220791	常	東京都	飲食店	日本料理	広尾駅	https://tabelog.com/tokyo/A1307/A130703/13220791/	https://award.tabelog.com/hyakumeiten/japanese_tokyo/2021	The Tabelog Award / 百名店 2021 公式名簿候補
13004206	13004206	梢	東京都	飲食店	日本料理	初台駅	https://tabelog.com/tokyo/A1304/A130401/13004206/	https://award.tabelog.com/hyakumeiten/japanese_tokyo/2021	The Tabelog Award / 百名店 2021 公式名簿候補
13000458	13000458	山さき	東京都	飲食店	日本料理	飯田橋駅	https://tabelog.com/tokyo/A1309/A130905/13000458/	https://award.tabelog.com/hyakumeiten/japanese_tokyo/2021	The Tabelog Award / 百名店 2021 公式名簿候補
13003560	13003560	韻松亭	東京都	飲食店	日本料理	京成上野駅	https://tabelog.com/tokyo/A1311/A131101/13003560/	https://award.tabelog.com/hyakumeiten/japanese_tokyo/2021	The Tabelog Award / 百名店 2021 公式名簿候補
13150477	13150477	和食 こんどう	東京都	飲食店	日本料理	四谷三丁目駅	https://tabelog.com/tokyo/A1309/A130903/13150477/	https://award.tabelog.com/hyakumeiten/japanese_tokyo/2021	The Tabelog Award / 百名店 2021 公式名簿候補
13014415	13014415	懐食みちば	東京都	飲食店	日本料理	銀座駅	https://tabelog.com/tokyo/A1301/A130101/13014415/	https://award.tabelog.com/hyakumeiten/japanese_tokyo/2021	The Tabelog Award / 百名店 2021 公式名簿候補
13218481	13218481	あらいかわ	東京都	飲食店	日本料理	麻布十番駅	https://tabelog.com/tokyo/A1307/A130702/13218481/	https://award.tabelog.com/hyakumeiten/japanese_tokyo/2021	The Tabelog Award / 百名店 2021 公式名簿候補
13129763	13129763	銀座 奥田	東京都	飲食店	日本料理	銀座駅	https://tabelog.com/tokyo/A1301/A130101/13129763/	https://award.tabelog.com/hyakumeiten/japanese_tokyo/2021	The Tabelog Award / 百名店 2021 公式名簿候補
13119927	13119927	寿修	東京都	飲食店	日本料理	乃木坂駅	https://tabelog.com/tokyo/A1306/A130602/13119927/	https://award.tabelog.com/hyakumeiten/japanese_tokyo/2021	The Tabelog Award / 百名店 2021 公式名簿候補
13004355	13004355	板前心 菊うら	東京都	飲食店	日本料理	西武新宿駅	https://tabelog.com/tokyo/A1304/A130401/13004355/	https://award.tabelog.com/hyakumeiten/japanese_tokyo/2021	The Tabelog Award / 百名店 2021 公式名簿候補
13100055	13100055	帰燕	東京都	飲食店	日本料理	六本木一丁目駅	https://tabelog.com/tokyo/A1308/A130802/13100055/	https://award.tabelog.com/hyakumeiten/japanese_tokyo/2021	The Tabelog Award / 百名店 2021 公式名簿候補
13001228	13001228	懐石 辻留	東京都	飲食店	日本料理	赤坂見附駅	https://tabelog.com/tokyo/A1308/A130801/13001228/	https://award.tabelog.com/hyakumeiten/japanese_tokyo/2021	The Tabelog Award / 百名店 2021 公式名簿候補
13005439	13005439	かんだ	東京都	飲食店	日本料理	麻布十番駅	https://tabelog.com/tokyo/A1307/A130701/13005439/	https://award.tabelog.com/hyakumeiten/japanese_tokyo/2021	The Tabelog Award / 百名店 2021 公式名簿候補
13000591	13000591	金田中 庵	東京都	飲食店	日本料理	銀座駅	https://tabelog.com/tokyo/A1301/A130101/13000591/	https://award.tabelog.com/hyakumeiten/japanese_tokyo/2021	The Tabelog Award / 百名店 2021 公式名簿候補
13000959	13000959	新宿割烹 中嶋	東京都	飲食店	日本料理	新宿三丁目駅	https://tabelog.com/tokyo/A1304/A130401/13000959/	https://award.tabelog.com/hyakumeiten/japanese_tokyo/2021	The Tabelog Award / 百名店 2021 公式名簿候補
13115557	13115557	ぎんざ 一二岐	東京都	飲食店	日本料理	新富町駅	https://tabelog.com/tokyo/A1313/A131301/13115557/	https://award.tabelog.com/hyakumeiten/japanese_tokyo/2021	The Tabelog Award / 百名店 2021 公式名簿候補
13245491	13245491	銀座・器楽亭	東京都	飲食店	日本料理	銀座駅	https://tabelog.com/tokyo/A1301/A130101/13245491/	https://award.tabelog.com/hyakumeiten/japanese_tokyo/2021	The Tabelog Award / 百名店 2021 公式名簿候補
13005014	13005014	六雁	東京都	飲食店	日本料理	銀座駅	https://tabelog.com/tokyo/A1301/A130101/13005014/	https://award.tabelog.com/hyakumeiten/japanese_tokyo/2021	The Tabelog Award / 百名店 2021 公式名簿候補
13220750	13220750	久丹	東京都	飲食店	日本料理	新富町駅	https://tabelog.com/tokyo/A1313/A131301/13220750/	https://award.tabelog.com/hyakumeiten/japanese_tokyo/2021	The Tabelog Award / 百名店 2021 公式名簿候補
13111754	13111754	割烹 喜作	東京都	飲食店	日本料理	麻布十番駅	https://tabelog.com/tokyo/A1307/A130702/13111754/	https://award.tabelog.com/hyakumeiten/japanese_tokyo/2021	The Tabelog Award / 百名店 2021 公式名簿候補
13233057	13233057	御成門はる	東京都	飲食店	日本料理	御成門駅	https://tabelog.com/tokyo/A1314/A131401/13233057/	https://award.tabelog.com/hyakumeiten/japanese_tokyo/2021	The Tabelog Award / 百名店 2021 公式名簿候補
13167887	13167887	銀座 kappou ukai	東京都	飲食店	日本料理	新橋駅	https://tabelog.com/tokyo/A1301/A130103/13167887/	https://award.tabelog.com/hyakumeiten/japanese_tokyo/2021	The Tabelog Award / 百名店 2021 公式名簿候補
13003006	13003006	志づ香	東京都	飲食店	日本料理	門前仲町駅	https://tabelog.com/tokyo/A1313/A131303/13003006/	https://award.tabelog.com/hyakumeiten/japanese_tokyo/2021	The Tabelog Award / 百名店 2021 公式名簿候補
13187102	13187102	寛幸	東京都	飲食店	日本料理	東銀座駅	https://tabelog.com/tokyo/A1301/A130101/13187102/	https://award.tabelog.com/hyakumeiten/japanese_tokyo/2021	The Tabelog Award / 百名店 2021 公式名簿候補
13175030	13175030	銀座 よし澤	東京都	飲食店	日本料理	銀座一丁目駅	https://tabelog.com/tokyo/A1301/A130101/13175030/	https://award.tabelog.com/hyakumeiten/japanese_tokyo/2021	The Tabelog Award / 百名店 2021 公式名簿候補
13018859	13018859	いふう	東京都	飲食店	日本料理	中目黒駅	https://tabelog.com/tokyo/A1317/A131701/13018859/	https://award.tabelog.com/hyakumeiten/japanese_tokyo/2021	The Tabelog Award / 百名店 2021 公式名簿候補
13060453	13060453	銀座 座屋	東京都	飲食店	日本料理	銀座一丁目駅	https://tabelog.com/tokyo/A1301/A130101/13060453/	https://award.tabelog.com/hyakumeiten/japanese_tokyo/2021	The Tabelog Award / 百名店 2021 公式名簿候補
13245499	13245499	赤坂おぎ乃	東京都	飲食店	日本料理	赤坂駅	https://tabelog.com/tokyo/A1308/A130801/13245499/	https://award.tabelog.com/hyakumeiten/japanese_tokyo/2021	The Tabelog Award / 百名店 2021 公式名簿候補
13004075	13004075	伊豆の旬 やんも 丸の内店	東京都	飲食店	日本料理	有楽町駅	https://tabelog.com/tokyo/A1301/A130102/13004075/	https://award.tabelog.com/hyakumeiten/japanese_tokyo/2021	The Tabelog Award / 百名店 2021 公式名簿候補
13022419	13022419	ふく田	東京都	飲食店	日本料理	門前仲町駅	https://tabelog.com/tokyo/A1313/A131303/13022419/	https://award.tabelog.com/hyakumeiten/japanese_tokyo/2021	The Tabelog Award / 百名店 2021 公式名簿候補
13037993	13037993	ひのきざか	東京都	飲食店	日本料理	六本木駅	https://tabelog.com/tokyo/A1307/A130701/13037993/	https://award.tabelog.com/hyakumeiten/japanese_tokyo/2021	The Tabelog Award / 百名店 2021 公式名簿候補
13002322	13002322	うち山	東京都	飲食店	日本料理	銀座一丁目駅	https://tabelog.com/tokyo/A1301/A130101/13002322/	https://award.tabelog.com/hyakumeiten/japanese_tokyo/2021	The Tabelog Award / 百名店 2021 公式名簿候補
13119576	13119576	すず木	東京都	飲食店	日本料理	新富町駅	https://tabelog.com/tokyo/A1313/A131301/13119576/	https://award.tabelog.com/hyakumeiten/japanese_tokyo/2021	The Tabelog Award / 百名店 2021 公式名簿候補
13049538	13049538	米福	東京都	飲食店	日本料理	恵比寿駅	https://tabelog.com/tokyo/A1303/A130302/13049538/	https://award.tabelog.com/hyakumeiten/japanese_tokyo/2021	The Tabelog Award / 百名店 2021 公式名簿候補
13016622	13016622	食彩 かどた	東京都	飲食店	日本料理	恵比寿駅	https://tabelog.com/tokyo/A1303/A130302/13016622/	https://award.tabelog.com/hyakumeiten/japanese_tokyo/2021	The Tabelog Award / 百名店 2021 公式名簿候補
13129656	13129656	徳 うち山	東京都	飲食店	日本料理	東銀座駅	https://tabelog.com/tokyo/A1301/A130101/13129656/	https://award.tabelog.com/hyakumeiten/japanese_tokyo/2021	The Tabelog Award / 百名店 2021 公式名簿候補
13009543	13009543	銀座 とよだ	東京都	飲食店	日本料理	銀座駅	https://tabelog.com/tokyo/A1301/A130101/13009543/	https://award.tabelog.com/hyakumeiten/japanese_tokyo/2021	The Tabelog Award / 百名店 2021 公式名簿候補
13001153	13001153	重よし	東京都	飲食店	日本料理	明治神宮前駅	https://tabelog.com/tokyo/A1306/A130601/13001153/	https://award.tabelog.com/hyakumeiten/japanese_tokyo/2021	The Tabelog Award / 百名店 2021 公式名簿候補
16000725	16000725	日本料理山崎	富山県	飲食店	日本料理	富山市	https://tabelog.com/toyama/A1601/A160101/16000725/	https://award.tabelog.com/hyakumeiten/japanese_west/2021	The Tabelog Award / 百名店 2021 公式名簿候補
17001496	17001496	御料理 貴船	石川県	飲食店	日本料理	金沢市	https://tabelog.com/ishikawa/A1701/A170101/17001496/	https://award.tabelog.com/hyakumeiten/japanese_west/2021	The Tabelog Award / 百名店 2021 公式名簿候補
25003866	25003866	炭火割烹 蔓ききょう	滋賀県	飲食店	日本料理	大津市	https://tabelog.com/shiga/A2501/A250101/25003866/	https://award.tabelog.com/hyakumeiten/japanese_west/2021	The Tabelog Award / 百名店 2021 公式名簿候補
27073089	27073089	日本料理 楽心	大阪府	飲食店	日本料理	新福島駅	https://tabelog.com/osaka/A2701/A270108/27073089/	https://award.tabelog.com/hyakumeiten/japanese_west/2021	The Tabelog Award / 百名店 2021 公式名簿候補
17000024	17000024	竹千代	石川県	飲食店	日本料理	金沢市	https://tabelog.com/ishikawa/A1701/A170101/17000024/	https://award.tabelog.com/hyakumeiten/japanese_west/2021	The Tabelog Award / 百名店 2021 公式名簿候補
26026456	26026456	弧玖	京都府	飲食店	日本料理	出町柳駅	https://tabelog.com/kyoto/A2601/A260302/26026456/	https://award.tabelog.com/hyakumeiten/japanese_west/2021	The Tabelog Award / 百名店 2021 公式名簿候補
40054472	40054472	嗣味	福岡県	飲食店	日本料理	渡辺通駅	https://tabelog.com/fukuoka/A4001/A400103/40054472/	https://award.tabelog.com/hyakumeiten/japanese_west/2021	The Tabelog Award / 百名店 2021 公式名簿候補
26027469	26027469	実伶	京都府	飲食店	日本料理	丸太町（京都市営）駅	https://tabelog.com/kyoto/A2601/A260202/26027469/	https://award.tabelog.com/hyakumeiten/japanese_west/2021	The Tabelog Award / 百名店 2021 公式名簿候補
41000027	41000027	日本料理 川島	佐賀県	飲食店	日本料理	唐津市	https://tabelog.com/saga/A4102/A410201/41000027/	https://award.tabelog.com/hyakumeiten/japanese_west/2021	The Tabelog Award / 百名店 2021 公式名簿候補
27067696	27067696	老松 喜多川	大阪府	飲食店	日本料理	なにわ橋駅	https://tabelog.com/osaka/A2701/A270103/27067696/	https://award.tabelog.com/hyakumeiten/japanese_west/2021	The Tabelog Award / 百名店 2021 公式名簿候補
28007989	28007989	百味処 おんじき	兵庫県	飲食店	日本料理	三宮（神戸市営）駅	https://tabelog.com/hyogo/A2801/A280101/28007989/	https://award.tabelog.com/hyakumeiten/japanese_west/2021	The Tabelog Award / 百名店 2021 公式名簿候補
28056738	28056738	HAKKEI Restaurant	兵庫県	飲食店	日本料理	三ノ宮（ＪＲ）駅	https://tabelog.com/hyogo/A2801/A280101/28056738/	https://award.tabelog.com/hyakumeiten/japanese_west/2021	The Tabelog Award / 百名店 2021 公式名簿候補
39000116	39000116	座屋	高知県	飲食店	日本料理	高知市	https://tabelog.com/kochi/A3901/A390101/39000116/	https://award.tabelog.com/hyakumeiten/japanese_west/2021	The Tabelog Award / 百名店 2021 公式名簿候補
26022527	26022527	味 ふくしま	京都府	飲食店	日本料理	祇園四条駅	https://tabelog.com/kyoto/A2601/A260301/26022527/	https://award.tabelog.com/hyakumeiten/japanese_west/2021	The Tabelog Award / 百名店 2021 公式名簿候補
26027783	26027783	祇園 きだ	京都府	飲食店	日本料理	祇園四条駅	https://tabelog.com/kyoto/A2601/A260301/26027783/	https://award.tabelog.com/hyakumeiten/japanese_west/2021	The Tabelog Award / 百名店 2021 公式名簿候補
26024040	26024040	ごだん 宮ざわ	京都府	飲食店	日本料理	五条（京都市営）駅	https://tabelog.com/kyoto/A2601/A260201/26024040/	https://award.tabelog.com/hyakumeiten/japanese_west/2021	The Tabelog Award / 百名店 2021 公式名簿候補
46001299	46001299	妙見石原荘 食菜石蔵	鹿児島県	飲食店	日本料理	霧島市	https://tabelog.com/kagoshima/A4603/A460301/46001299/	https://award.tabelog.com/hyakumeiten/japanese_west/2021	The Tabelog Award / 百名店 2021 公式名簿候補
45000725	45000725	ふじ木	宮崎県	飲食店	日本料理	宮崎市	https://tabelog.com/miyazaki/A4501/A450101/45000725/	https://award.tabelog.com/hyakumeiten/japanese_west/2021	The Tabelog Award / 百名店 2021 公式名簿候補
27046071	27046071	野口太郎	大阪府	飲食店	日本料理	北新地駅	https://tabelog.com/osaka/A2701/A270101/27046071/	https://award.tabelog.com/hyakumeiten/japanese_west/2021	The Tabelog Award / 百名店 2021 公式名簿候補
13007761	13007761	トリコロール 本店	東京都	飲食店	喫茶店	銀座駅	https://tabelog.com/tokyo/A1301/A130101/13007761/	https://award.tabelog.com/hyakumeiten/kissaten/2021	The Tabelog Award / 百名店 2021 公式名簿候補
13007983	13007983	トミィ	東京都	飲食店	喫茶店	錦糸町駅	https://tabelog.com/tokyo/A1312/A131201/13007983/	https://award.tabelog.com/hyakumeiten/kissaten/2021	The Tabelog Award / 百名店 2021 公式名簿候補
13018359	13018359	タイズ	東京都	飲食店	喫茶店	本郷三丁目駅	https://tabelog.com/tokyo/A1310/A131004/13018359/	https://award.tabelog.com/hyakumeiten/kissaten/2021	The Tabelog Award / 百名店 2021 公式名簿候補
13007721	13007721	十一房珈琲店	東京都	飲食店	喫茶店	銀座一丁目駅	https://tabelog.com/tokyo/A1301/A130101/13007721/	https://award.tabelog.com/hyakumeiten/kissaten/2021	The Tabelog Award / 百名店 2021 公式名簿候補
13017724	13017724	カフェ・アンセーニュ・ダングル 自由が丘店	東京都	飲食店	喫茶店	自由が丘駅	https://tabelog.com/tokyo/A1317/A131703/13017724/	https://award.tabelog.com/hyakumeiten/kissaten/2021	The Tabelog Award / 百名店 2021 公式名簿候補
27038064	27038064	サンシャイン	大阪府	飲食店	喫茶店	東梅田駅	https://tabelog.com/osaka/A2701/A270101/27038064/	https://award.tabelog.com/hyakumeiten/kissaten/2021	The Tabelog Award / 百名店 2021 公式名簿候補
27020048	27020048	モール&ホソイコーヒーズ	大阪府	飲食店	喫茶店	淀屋橋駅	https://tabelog.com/osaka/A2701/A270102/27020048/	https://award.tabelog.com/hyakumeiten/kissaten/2021	The Tabelog Award / 百名店 2021 公式名簿候補
13005823	13005823	茶房 武蔵野文庫	東京都	飲食店	喫茶店	吉祥寺駅	https://tabelog.com/tokyo/A1320/A132001/13005823/	https://award.tabelog.com/hyakumeiten/kissaten/2021	The Tabelog Award / 百名店 2021 公式名簿候補
13020976	13020976	珈琲専門店 エース	東京都	飲食店	喫茶店	神田駅	https://tabelog.com/tokyo/A1310/A131002/13020976/	https://award.tabelog.com/hyakumeiten/kissaten/2021	The Tabelog Award / 百名店 2021 公式名簿候補
26000900	26000900	フランソア喫茶室	京都府	飲食店	喫茶店	祇園四条駅	https://tabelog.com/kyoto/A2601/A260201/26000900/	https://award.tabelog.com/hyakumeiten/kissaten/2021	The Tabelog Award / 百名店 2021 公式名簿候補
13000735	13000735	自家焙煎珈琲 凡	東京都	飲食店	喫茶店	新宿西口駅	https://tabelog.com/tokyo/A1304/A130401/13000735/	https://award.tabelog.com/hyakumeiten/kissaten/2021	The Tabelog Award / 百名店 2021 公式名簿候補
13001169	13001169	茶亭 羽當	東京都	飲食店	喫茶店	渋谷駅	https://tabelog.com/tokyo/A1303/A130301/13001169/	https://award.tabelog.com/hyakumeiten/kissaten/2021	The Tabelog Award / 百名店 2021 公式名簿候補
13011258	13011258	ショパン	東京都	飲食店	喫茶店	淡路町駅	https://tabelog.com/tokyo/A1310/A131002/13011258/	https://award.tabelog.com/hyakumeiten/kissaten/2021	The Tabelog Award / 百名店 2021 公式名簿候補
13007015	13007015	アンセーニュダングル 原宿店	東京都	飲食店	喫茶店	原宿駅	https://tabelog.com/tokyo/A1306/A130601/13007015/	https://award.tabelog.com/hyakumeiten/kissaten/2021	The Tabelog Award / 百名店 2021 公式名簿候補
33000383	33000383	倉敷珈琲館	岡山県	飲食店	喫茶店	倉敷市	https://tabelog.com/okayama/A3302/A330201/33000383/	https://award.tabelog.com/hyakumeiten/kissaten/2021	The Tabelog Award / 百名店 2021 公式名簿候補
13170379	13170379	Cafe Tram	東京都	飲食店	喫茶店	恵比寿駅	https://tabelog.com/tokyo/A1303/A130302/13170379/	https://award.tabelog.com/hyakumeiten/kissaten/2021	The Tabelog Award / 百名店 2021 公式名簿候補
14000115	14000115	馬車道十番館	神奈川県	飲食店	喫茶店	馬車道駅	https://tabelog.com/kanagawa/A1401/A140104/14000115/	https://award.tabelog.com/hyakumeiten/kissaten/2021	The Tabelog Award / 百名店 2021 公式名簿候補
13002937	13002937	ワンモア	東京都	飲食店	喫茶店	平井駅	https://tabelog.com/tokyo/A1312/A131202/13002937/	https://award.tabelog.com/hyakumeiten/kissaten/2021	The Tabelog Award / 百名店 2021 公式名簿候補
13011590	13011590	神田伯剌西爾	東京都	飲食店	喫茶店	神保町駅	https://tabelog.com/tokyo/A1310/A131003/13011590/	https://award.tabelog.com/hyakumeiten/kissaten/2021	The Tabelog Award / 百名店 2021 公式名簿候補
13041212	13041212	DEN	東京都	飲食店	喫茶店	鶯谷駅	https://tabelog.com/tokyo/A1311/A131104/13041212/	https://award.tabelog.com/hyakumeiten/kissaten/2021	The Tabelog Award / 百名店 2021 公式名簿候補
27046966	27046966	リザルブ珈琲店	大阪府	飲食店	喫茶店	高槻駅	https://tabelog.com/osaka/A2706/A270604/27046966/	https://award.tabelog.com/hyakumeiten/kissaten/2021	The Tabelog Award / 百名店 2021 公式名簿候補
26005195	26005195	高木珈琲店 高辻本店	京都府	飲食店	喫茶店	四条（京都市営）駅	https://tabelog.com/kyoto/A2601/A260201/26005195/	https://award.tabelog.com/hyakumeiten/kissaten/2021	The Tabelog Award / 百名店 2021 公式名簿候補
13088456	13088456	ピノキオ	東京都	飲食店	喫茶店	大山駅	https://tabelog.com/tokyo/A1322/A132203/13088456/	https://award.tabelog.com/hyakumeiten/kissaten/2021	The Tabelog Award / 百名店 2021 公式名簿候補
13008614	13008614	ローヤル珈琲店 本店	東京都	飲食店	喫茶店	浅草（つくばＥＸＰ）駅	https://tabelog.com/tokyo/A1311/A131102/13008614/	https://award.tabelog.com/hyakumeiten/kissaten/2021	The Tabelog Award / 百名店 2021 公式名簿候補
1004629	1004629	どりあん	北海道	飲食店	喫茶店	根室市	https://tabelog.com/hokkaido/A0112/A011203/1004629/	https://award.tabelog.com/hyakumeiten/kissaten/2021	The Tabelog Award / 百名店 2021 公式名簿候補
13043953	13043953	ツェーンコーヒー	東京都	飲食店	喫茶店	湯島駅	https://tabelog.com/tokyo/A1311/A131101/13043953/	https://award.tabelog.com/hyakumeiten/kissaten/2021	The Tabelog Award / 百名店 2021 公式名簿候補
13002318	13002318	YOU	東京都	飲食店	喫茶店	東銀座駅	https://tabelog.com/tokyo/A1301/A130101/13002318/	https://award.tabelog.com/hyakumeiten/kissaten/2021	The Tabelog Award / 百名店 2021 公式名簿候補
13058004	13058004	ロッジ赤石	東京都	飲食店	喫茶店	浅草（つくばＥＸＰ）駅	https://tabelog.com/tokyo/A1311/A131102/13058004/	https://award.tabelog.com/hyakumeiten/kissaten/2021	The Tabelog Award / 百名店 2021 公式名簿候補
42000064	42000064	ツル茶ん	長崎県	飲食店	喫茶店	長崎市	https://tabelog.com/nagasaki/A4201/A420101/42000064/	https://award.tabelog.com/hyakumeiten/kissaten/2021	The Tabelog Award / 百名店 2021 公式名簿候補
13017217	13017217	珈琲貴族エジンバラ	東京都	飲食店	喫茶店	新宿三丁目駅	https://tabelog.com/tokyo/A1304/A130401/13017217/	https://award.tabelog.com/hyakumeiten/kissaten/2021	The Tabelog Award / 百名店 2021 公式名簿候補
27017860	27017860	千成屋珈琲	大阪府	飲食店	喫茶店	新今宮駅前駅	https://tabelog.com/osaka/A2701/A270206/27017860/	https://award.tabelog.com/hyakumeiten/kissaten/2021	The Tabelog Award / 百名店 2021 公式名簿候補
27001820	27001820	ゼー六 本町店	大阪府	飲食店	喫茶店	堺筋本町駅	https://tabelog.com/osaka/A2701/A270106/27001820/	https://award.tabelog.com/hyakumeiten/kissaten/2021	The Tabelog Award / 百名店 2021 公式名簿候補
13008294	13008294	珈琲亭 ルアン	東京都	飲食店	喫茶店	大森駅	https://tabelog.com/tokyo/A1315/A131502/13008294/	https://award.tabelog.com/hyakumeiten/kissaten/2021	The Tabelog Award / 百名店 2021 公式名簿候補
13057178	13057178	ヘッケルン	東京都	飲食店	喫茶店	虎ノ門駅	https://tabelog.com/tokyo/A1308/A130802/13057178/	https://award.tabelog.com/hyakumeiten/kissaten/2021	The Tabelog Award / 百名店 2021 公式名簿候補
13006555	13006555	ラドリオ	東京都	飲食店	喫茶店	神保町駅	https://tabelog.com/tokyo/A1310/A131003/13006555/	https://award.tabelog.com/hyakumeiten/kissaten/2021	The Tabelog Award / 百名店 2021 公式名簿候補
13206891	13206891	胡桃堂喫茶店	東京都	飲食店	喫茶店	国分寺駅	https://tabelog.com/tokyo/A1325/A132502/13206891/	https://award.tabelog.com/hyakumeiten/kissaten/2021	The Tabelog Award / 百名店 2021 公式名簿候補
13011637	13011637	カフェ・トロワバグ	東京都	飲食店	喫茶店	神保町駅	https://tabelog.com/tokyo/A1310/A131003/13011637/	https://award.tabelog.com/hyakumeiten/kissaten/2021	The Tabelog Award / 百名店 2021 公式名簿候補
13056306	13056306	ダフニ	東京都	飲食店	喫茶店	三田駅	https://tabelog.com/tokyo/A1314/A131402/13056306/	https://award.tabelog.com/hyakumeiten/kissaten/2021	The Tabelog Award / 百名店 2021 公式名簿候補
27000071	27000071	平岡珈琲店	大阪府	飲食店	喫茶店	本町駅	https://tabelog.com/osaka/A2701/A270106/27000071/	https://award.tabelog.com/hyakumeiten/kissaten/2021	The Tabelog Award / 百名店 2021 公式名簿候補
13006305	13006305	ミカド珈琲店 日本橋本店	東京都	飲食店	喫茶店	三越前駅	https://tabelog.com/tokyo/A1302/A130202/13006305/	https://award.tabelog.com/hyakumeiten/kissaten/2021	The Tabelog Award / 百名店 2021 公式名簿候補
13013091	13013091	トロワ・シャンブル	東京都	飲食店	喫茶店	下北沢駅	https://tabelog.com/tokyo/A1318/A131802/13013091/	https://award.tabelog.com/hyakumeiten/kissaten/2021	The Tabelog Award / 百名店 2021 公式名簿候補
26001588	26001588	築地	京都府	飲食店	喫茶店	京都河原町駅	https://tabelog.com/kyoto/A2601/A260201/26001588/	https://award.tabelog.com/hyakumeiten/kissaten/2021	The Tabelog Award / 百名店 2021 公式名簿候補
26019438	26019438	喫茶 マドラグ	京都府	飲食店	喫茶店	烏丸御池駅	https://tabelog.com/kyoto/A2601/A260202/26019438/	https://award.tabelog.com/hyakumeiten/kissaten/2021	The Tabelog Award / 百名店 2021 公式名簿候補
26000647	26000647	スマート珈琲店	京都府	飲食店	喫茶店	京都市役所前駅	https://tabelog.com/kyoto/A2601/A260201/26000647/	https://award.tabelog.com/hyakumeiten/kissaten/2021	The Tabelog Award / 百名店 2021 公式名簿候補
13025425	13025425	珈琲 天国	東京都	飲食店	喫茶店	浅草（つくばＥＸＰ）駅	https://tabelog.com/tokyo/A1311/A131102/13025425/	https://award.tabelog.com/hyakumeiten/kissaten/2021	The Tabelog Award / 百名店 2021 公式名簿候補
13011257	13011257	高山珈琲	東京都	飲食店	喫茶店	淡路町駅	https://tabelog.com/tokyo/A1310/A131002/13011257/	https://award.tabelog.com/hyakumeiten/kissaten/2021	The Tabelog Award / 百名店 2021 公式名簿候補
27002923	27002923	ニューアストリア	大阪府	飲食店	喫茶店	千里中央駅	https://tabelog.com/osaka/A2706/A270601/27002923/	https://award.tabelog.com/hyakumeiten/kissaten/2021	The Tabelog Award / 百名店 2021 公式名簿候補
1000026	1000026	さえら	北海道	飲食店	喫茶店	大通駅	https://tabelog.com/hokkaido/A0101/A010102/1000026/	https://award.tabelog.com/hyakumeiten/kissaten/2021	The Tabelog Award / 百名店 2021 公式名簿候補
13050095	13050095	ヴェルデ	東京都	飲食店	喫茶店	恵比寿駅	https://tabelog.com/tokyo/A1303/A130302/13050095/	https://award.tabelog.com/hyakumeiten/kissaten/2021	The Tabelog Award / 百名店 2021 公式名簿候補
23005509	23005509	コーヒーショップ カコ 花車本店	愛知県	飲食店	喫茶店	国際センター駅	https://tabelog.com/aichi/A2301/A230101/23005509/	https://award.tabelog.com/hyakumeiten/kissaten/2021	The Tabelog Award / 百名店 2021 公式名簿候補
23007465	23007465	BUCYO Coffee KAKO	愛知県	飲食店	喫茶店	近鉄名古屋駅	https://tabelog.com/aichi/A2301/A230101/23007465/	https://award.tabelog.com/hyakumeiten/kissaten/2021	The Tabelog Award / 百名店 2021 公式名簿候補
13006272	13006272	古瀬戸珈琲店	東京都	飲食店	喫茶店	神保町駅	https://tabelog.com/tokyo/A1310/A131002/13006272/	https://award.tabelog.com/hyakumeiten/kissaten/2021	The Tabelog Award / 百名店 2021 公式名簿候補
13051375	13051375	アメリカン	東京都	飲食店	喫茶店	東銀座駅	https://tabelog.com/tokyo/A1301/A130101/13051375/	https://award.tabelog.com/hyakumeiten/kissaten/2021	The Tabelog Award / 百名店 2021 公式名簿候補
13000609	13000609	さぼうる	東京都	飲食店	喫茶店	神保町駅	https://tabelog.com/tokyo/A1310/A131003/13000609/	https://award.tabelog.com/hyakumeiten/kissaten/2021	The Tabelog Award / 百名店 2021 公式名簿候補
13018018	13018018	珈琲道場 侍	東京都	飲食店	喫茶店	亀戸駅	https://tabelog.com/tokyo/A1312/A131202/13018018/	https://award.tabelog.com/hyakumeiten/kissaten/2021	The Tabelog Award / 百名店 2021 公式名簿候補
13003759	13003759	Cafe Bach	東京都	飲食店	喫茶店	南千住駅	https://tabelog.com/tokyo/A1324/A132401/13003759/	https://award.tabelog.com/hyakumeiten/kissaten/2021	The Tabelog Award / 百名店 2021 公式名簿候補
13002146	13002146	珈琲館 紅鹿舎	東京都	飲食店	喫茶店	日比谷駅	https://tabelog.com/tokyo/A1301/A130102/13002146/	https://award.tabelog.com/hyakumeiten/kissaten/2021	The Tabelog Award / 百名店 2021 公式名簿候補
28000650	28000650	エビアンコーヒー	兵庫県	飲食店	喫茶店	元町（阪神）駅	https://tabelog.com/hyogo/A2801/A280102/28000650/	https://award.tabelog.com/hyakumeiten/kissaten/2021	The Tabelog Award / 百名店 2021 公式名簿候補
27011991	27011991	うてな喫茶店	大阪府	飲食店	喫茶店	中崎町駅	https://tabelog.com/osaka/A2701/A270101/27011991/	https://award.tabelog.com/hyakumeiten/kissaten/2021	The Tabelog Award / 百名店 2021 公式名簿候補
40000004	40000004	珈琲美美	福岡県	飲食店	喫茶店	桜坂駅	https://tabelog.com/fukuoka/A4001/A400105/40000004/	https://award.tabelog.com/hyakumeiten/kissaten/2021	The Tabelog Award / 百名店 2021 公式名簿候補
26013227	26013227	六曜社 珈琲店	京都府	飲食店	喫茶店	京都市役所前駅	https://tabelog.com/kyoto/A2601/A260202/26013227/	https://award.tabelog.com/hyakumeiten/kissaten/2021	The Tabelog Award / 百名店 2021 公式名簿候補
13011604	13011604	さぼうる 2	東京都	飲食店	喫茶店	神保町駅	https://tabelog.com/tokyo/A1310/A131003/13011604/	https://award.tabelog.com/hyakumeiten/kissaten/2021	The Tabelog Award / 百名店 2021 公式名簿候補
13002564	13002564	カフェ・ド・ランブル	東京都	飲食店	喫茶店	新橋駅	https://tabelog.com/tokyo/A1301/A130103/13002564/	https://award.tabelog.com/hyakumeiten/kissaten/2021	The Tabelog Award / 百名店 2021 公式名簿候補
13043012	13043012	草枕	東京都	飲食店	喫茶店	虎ノ門駅	https://tabelog.com/tokyo/A1301/A130103/13043012/	https://award.tabelog.com/hyakumeiten/kissaten/2021	The Tabelog Award / 百名店 2021 公式名簿候補
14003248	14003248	文明堂茶館 ル・カフェ	神奈川県	飲食店	喫茶店	関内駅	https://tabelog.com/kanagawa/A1401/A140104/14003248/	https://award.tabelog.com/hyakumeiten/kissaten/2021	The Tabelog Award / 百名店 2021 公式名簿候補
26026585	26026585	市川屋珈琲	京都府	飲食店	喫茶店	清水五条駅	https://tabelog.com/kyoto/A2601/A260301/26026585/	https://award.tabelog.com/hyakumeiten/kissaten/2021	The Tabelog Award / 百名店 2021 公式名簿候補
22002522	22002522	スイートハウスわかば	静岡県	飲食店	喫茶店	伊東市	https://tabelog.com/shizuoka/A2205/A220503/22002522/	https://award.tabelog.com/hyakumeiten/kissaten/2021	The Tabelog Award / 百名店 2021 公式名簿候補
26001559	26001559	前田珈琲 本店	京都府	飲食店	喫茶店	烏丸駅	https://tabelog.com/kyoto/A2601/A260201/26001559/	https://award.tabelog.com/hyakumeiten/kissaten/2021	The Tabelog Award / 百名店 2021 公式名簿候補
27005758	27005758	純喫茶 アメリカン	大阪府	飲食店	喫茶店	日本橋駅	https://tabelog.com/osaka/A2701/A270202/27005758/	https://award.tabelog.com/hyakumeiten/kissaten/2021	The Tabelog Award / 百名店 2021 公式名簿候補
20000622	20000622	珈琲 まるも	長野県	飲食店	喫茶店	松本市	https://tabelog.com/nagano/A2002/A200201/20000622/	https://award.tabelog.com/hyakumeiten/kissaten/2021	The Tabelog Award / 百名店 2021 公式名簿候補
4000051	4000051	ホシヤマ珈琲店 本店	宮城県	飲食店	喫茶店	勾当台公園駅	https://tabelog.com/miyagi/A0401/A040101/4000051/	https://award.tabelog.com/hyakumeiten/kissaten/2021	The Tabelog Award / 百名店 2021 公式名簿候補
13074345	13074345	小野珈琲	東京都	飲食店	喫茶店	森下駅	https://tabelog.com/tokyo/A1312/A131201/13074345/	https://award.tabelog.com/hyakumeiten/kissaten/2021	The Tabelog Award / 百名店 2021 公式名簿候補
23000428	23000428	ボンボン	愛知県	飲食店	喫茶店	高岳駅	https://tabelog.com/aichi/A2301/A230104/23000428/	https://award.tabelog.com/hyakumeiten/kissaten/2021	The Tabelog Award / 百名店 2021 公式名簿候補
27001511	27001511	アラビヤコーヒー	大阪府	飲食店	喫茶店	大阪難波駅	https://tabelog.com/osaka/A2701/A270202/27001511/	https://award.tabelog.com/hyakumeiten/kissaten/2021	The Tabelog Award / 百名店 2021 公式名簿候補
13003947	13003947	皇琲亭	東京都	飲食店	喫茶店	池袋駅	https://tabelog.com/tokyo/A1305/A130501/13003947/	https://award.tabelog.com/hyakumeiten/kissaten/2021	The Tabelog Award / 百名店 2021 公式名簿候補
26001901	26001901	前田珈琲 明倫店	京都府	飲食店	喫茶店	烏丸駅	https://tabelog.com/kyoto/A2601/A260201/26001901/	https://award.tabelog.com/hyakumeiten/kissaten/2021	The Tabelog Award / 百名店 2021 公式名簿候補
13024142	13024142	みやざわ	東京都	飲食店	喫茶店	新橋駅	https://tabelog.com/tokyo/A1301/A130103/13024142/	https://award.tabelog.com/hyakumeiten/kissaten/2021	The Tabelog Award / 百名店 2021 公式名簿候補
13041024	13041024	はまの屋パーラー 有楽町	東京都	飲食店	喫茶店	有楽町駅	https://tabelog.com/tokyo/A1301/A130102/13041024/	https://award.tabelog.com/hyakumeiten/kissaten/2021	The Tabelog Award / 百名店 2021 公式名簿候補
27012020	27012020	いち	大阪府	飲食店	喫茶店	千里中央駅	https://tabelog.com/osaka/A2706/A270601/27012020/	https://award.tabelog.com/hyakumeiten/kissaten/2021	The Tabelog Award / 百名店 2021 公式名簿候補
26017295	26017295	生きている珈琲	京都府	飲食店	喫茶店	京都河原町駅	https://tabelog.com/kyoto/A2601/A260201/26017295/	https://award.tabelog.com/hyakumeiten/kissaten/2021	The Tabelog Award / 百名店 2021 公式名簿候補
14007970	14007970	エレーナ	神奈川県	飲食店	喫茶店	石川町駅	https://tabelog.com/kanagawa/A1401/A140105/14007970/	https://award.tabelog.com/hyakumeiten/kissaten/2021	The Tabelog Award / 百名店 2021 公式名簿候補
28001625	28001625	茜屋珈琲店	兵庫県	飲食店	喫茶店	神戸三宮（阪急）駅	https://tabelog.com/hyogo/A2801/A280101/28001625/	https://award.tabelog.com/hyakumeiten/kissaten/2021	The Tabelog Award / 百名店 2021 公式名簿候補
13019585	13019585	カヤバ珈琲	東京都	飲食店	喫茶店	根津駅	https://tabelog.com/tokyo/A1311/A131104/13019585/	https://award.tabelog.com/hyakumeiten/kissaten/2021	The Tabelog Award / 百名店 2021 公式名簿候補
23032087	23032087	KAKO 柳橋店	愛知県	飲食店	喫茶店	国際センター駅	https://tabelog.com/aichi/A2301/A230101/23032087/	https://award.tabelog.com/hyakumeiten/kissaten/2021	The Tabelog Award / 百名店 2021 公式名簿候補
13059498	13059498	トゥジュール デビュテ	東京都	飲食店	喫茶店	五反田駅	https://tabelog.com/tokyo/A1316/A131603/13059498/	https://award.tabelog.com/hyakumeiten/kissaten/2021	The Tabelog Award / 百名店 2021 公式名簿候補
27000271	27000271	ビクトリー	大阪府	飲食店	喫茶店	肥後橋駅	https://tabelog.com/osaka/A2701/A270102/27000271/	https://award.tabelog.com/hyakumeiten/kissaten/2021	The Tabelog Award / 百名店 2021 公式名簿候補
14004103	14004103	カフェ・鈴木	神奈川県	飲食店	喫茶店	本厚木駅	https://tabelog.com/kanagawa/A1408/A140802/14004103/	https://award.tabelog.com/hyakumeiten/kissaten/2021	The Tabelog Award / 百名店 2021 公式名簿候補
13045798	13045798	シビタス	東京都	飲食店	喫茶店	蒲田駅	https://tabelog.com/tokyo/A1315/A131503/13045798/	https://award.tabelog.com/hyakumeiten/kissaten/2021	The Tabelog Award / 百名店 2021 公式名簿候補
14002091	14002091	イワタコーヒー店	神奈川県	飲食店	喫茶店	鎌倉駅	https://tabelog.com/kanagawa/A1404/A140402/14002091/	https://award.tabelog.com/hyakumeiten/kissaten/2021	The Tabelog Award / 百名店 2021 公式名簿候補
28001845	28001845	はまもと	兵庫県	飲食店	喫茶店	山陽姫路駅	https://tabelog.com/hyogo/A2805/A280501/28001845/	https://award.tabelog.com/hyakumeiten/kissaten/2021	The Tabelog Award / 百名店 2021 公式名簿候補
13089625	13089625	炭火焼珈琲 蔵	東京都	飲食店	喫茶店	池袋駅	https://tabelog.com/tokyo/A1305/A130501/13089625/	https://award.tabelog.com/hyakumeiten/kissaten/2021	The Tabelog Award / 百名店 2021 公式名簿候補
28001590	28001590	元町サントス	兵庫県	飲食店	喫茶店	元町（阪神）駅	https://tabelog.com/hyogo/A2801/A280102/28001590/	https://award.tabelog.com/hyakumeiten/kissaten/2021	The Tabelog Award / 百名店 2021 公式名簿候補
23006305	23006305	加藤珈琲店	愛知県	飲食店	喫茶店	久屋大通駅	https://tabelog.com/aichi/A2301/A230103/23006305/	https://award.tabelog.com/hyakumeiten/kissaten/2021	The Tabelog Award / 百名店 2021 公式名簿候補
13005791	13005791	COFFEE HALL くぐつ草	東京都	飲食店	喫茶店	吉祥寺駅	https://tabelog.com/tokyo/A1320/A132001/13005791/	https://award.tabelog.com/hyakumeiten/kissaten/2021	The Tabelog Award / 百名店 2021 公式名簿候補
13011597	13011597	珈琲舎 蔵	東京都	飲食店	喫茶店	神保町駅	https://tabelog.com/tokyo/A1310/A131003/13011597/	https://award.tabelog.com/hyakumeiten/kissaten/2021	The Tabelog Award / 百名店 2021 公式名簿候補
26002251	26002251	喫茶チロル	京都府	飲食店	喫茶店	二条城前駅	https://tabelog.com/kyoto/A2601/A260203/26002251/	https://award.tabelog.com/hyakumeiten/kissaten/2021	The Tabelog Award / 百名店 2021 公式名簿候補
26015997	26015997	喫茶葦島	京都府	飲食店	喫茶店	京都市役所前駅	https://tabelog.com/kyoto/A2601/A260201/26015997/	https://award.tabelog.com/hyakumeiten/kissaten/2021	The Tabelog Award / 百名店 2021 公式名簿候補
3000261	3000261	光原社 可否館	岩手県	飲食店	喫茶店	盛岡市	https://tabelog.com/iwate/A0301/A030101/3000261/	https://award.tabelog.com/hyakumeiten/kissaten/2021	The Tabelog Award / 百名店 2021 公式名簿候補
26009412	26009412	コーヒーハウス マキ	京都府	飲食店	喫茶店	出町柳駅	https://tabelog.com/kyoto/A2601/A260302/26009412/	https://award.tabelog.com/hyakumeiten/kissaten/2021	The Tabelog Award / 百名店 2021 公式名簿候補
28024154	28024154	モトマチ喫茶	兵庫県	飲食店	喫茶店	元町（ＪＲ）駅	https://tabelog.com/hyogo/A2801/A280102/28024154/	https://award.tabelog.com/hyakumeiten/kissaten/2021	The Tabelog Award / 百名店 2021 公式名簿候補
20018926	20018926	ア フェネステッラ	長野県	飲食店	ピザ	北佐久郡軽井沢町	https://tabelog.com/nagano/A2003/A200301/20018926/	https://award.tabelog.com/hyakumeiten/pizza/2021	The Tabelog Award / 百名店 2021 公式名簿候補
13002191	13002191	エッセ ドゥエ 赤坂店	東京都	飲食店	ピザ	赤坂駅	https://tabelog.com/tokyo/A1308/A130801/13002191/	https://award.tabelog.com/hyakumeiten/pizza/2021	The Tabelog Award / 百名店 2021 公式名簿候補
28031917	28031917	ピッツェリア エ トラットリア ダ・マサニエッロ	兵庫県	飲食店	ピザ	逆瀬川駅	https://tabelog.com/hyogo/A2803/A280303/28031917/	https://award.tabelog.com/hyakumeiten/pizza/2021	The Tabelog Award / 百名店 2021 公式名簿候補
13188330	13188330	ナポリスタカ 駒沢店	東京都	飲食店	ピザ	駒沢大学駅	https://tabelog.com/tokyo/A1317/A131707/13188330/	https://award.tabelog.com/hyakumeiten/pizza/2021	The Tabelog Award / 百名店 2021 公式名簿候補
13013741	13013741	イル ピッツァイオーロ	東京都	飲食店	ピザ	西太子堂駅	https://tabelog.com/tokyo/A1317/A131706/13013741/	https://award.tabelog.com/hyakumeiten/pizza/2021	The Tabelog Award / 百名店 2021 公式名簿候補
13183253	13183253	築地トゥットベーネ	東京都	飲食店	ピザ	築地駅	https://tabelog.com/tokyo/A1313/A131301/13183253/	https://award.tabelog.com/hyakumeiten/pizza/2021	The Tabelog Award / 百名店 2021 公式名簿候補
13193917	13193917	リンシエメ	東京都	飲食店	ピザ	亀戸駅	https://tabelog.com/tokyo/A1312/A131202/13193917/	https://award.tabelog.com/hyakumeiten/pizza/2021	The Tabelog Award / 百名店 2021 公式名簿候補
13037338	13037338	ナプレ 東京ミッドタウン店	東京都	飲食店	ピザ	乃木坂駅	https://tabelog.com/tokyo/A1307/A130701/13037338/	https://award.tabelog.com/hyakumeiten/pizza/2021	The Tabelog Award / 百名店 2021 公式名簿候補
13003385	13003385	イ・ロッタ	東京都	飲食店	ピザ	目黒駅	https://tabelog.com/tokyo/A1316/A131601/13003385/	https://award.tabelog.com/hyakumeiten/pizza/2021	The Tabelog Award / 百名店 2021 公式名簿候補
13132020	13132020	ナポリスタカ 神谷町店	東京都	飲食店	ピザ	神谷町駅	https://tabelog.com/tokyo/A1307/A130704/13132020/	https://award.tabelog.com/hyakumeiten/pizza/2021	The Tabelog Award / 百名店 2021 公式名簿候補
1031158	1031158	ピッツェリア ダ マッシモ	北海道	飲食店	ピザ	平和駅	https://tabelog.com/hokkaido/A0101/A010301/1031158/	https://award.tabelog.com/hyakumeiten/pizza/2021	The Tabelog Award / 百名店 2021 公式名簿候補
27069878	27069878	ジラソーレ リッコ	大阪府	飲食店	ピザ	江坂駅	https://tabelog.com/osaka/A2706/A270602/27069878/	https://award.tabelog.com/hyakumeiten/pizza/2021	The Tabelog Award / 百名店 2021 公式名簿候補
18000038	18000038	バードランド	福井県	飲食店	ピザ	坂井市	https://tabelog.com/fukui/A1801/A180102/18000038/	https://award.tabelog.com/hyakumeiten/pizza/2021	The Tabelog Award / 百名店 2021 公式名簿候補
26001638	26001638	IL PAPPALARDO	京都府	飲食店	ピザ	七条駅	https://tabelog.com/kyoto/A2601/A260304/26001638/	https://award.tabelog.com/hyakumeiten/pizza/2021	The Tabelog Award / 百名店 2021 公式名簿候補
13136144	13136144	アンティーカ・ピッツェリア・ダ・ミケーレ 恵比寿	東京都	飲食店	ピザ	恵比寿駅	https://tabelog.com/tokyo/A1303/A130302/13136144/	https://award.tabelog.com/hyakumeiten/pizza/2021	The Tabelog Award / 百名店 2021 公式名簿候補
13139857	13139857	ヴォメロ	東京都	飲食店	ピザ	東銀座駅	https://tabelog.com/tokyo/A1301/A130101/13139857/	https://award.tabelog.com/hyakumeiten/pizza/2021	The Tabelog Award / 百名店 2021 公式名簿候補
13003493	13003493	ナプレ 南青山本店	東京都	飲食店	ピザ	表参道駅	https://tabelog.com/tokyo/A1306/A130602/13003493/	https://award.tabelog.com/hyakumeiten/pizza/2021	The Tabelog Award / 百名店 2021 公式名簿候補
13114520	13114520	ベントエマーレ	東京都	飲食店	ピザ	不動前駅	https://tabelog.com/tokyo/A1317/A131710/13114520/	https://award.tabelog.com/hyakumeiten/pizza/2021	The Tabelog Award / 百名店 2021 公式名簿候補
34013074	34013074	トラットリア ピッツェリア polipo	広島県	飲食店	ピザ	家庭裁判所前駅	https://tabelog.com/hiroshima/A3401/A340118/34013074/	https://award.tabelog.com/hyakumeiten/pizza/2021	The Tabelog Award / 百名店 2021 公式名簿候補
28035660	28035660	terzo	兵庫県	飲食店	ピザ	旧居留地・大丸前駅	https://tabelog.com/hyogo/A2801/A280102/28035660/	https://award.tabelog.com/hyakumeiten/pizza/2021	The Tabelog Award / 百名店 2021 公式名簿候補
13131245	13131245	ピッツァ ストラーダ	東京都	飲食店	ピザ	麻布十番駅	https://tabelog.com/tokyo/A1307/A130702/13131245/	https://award.tabelog.com/hyakumeiten/pizza/2021	The Tabelog Award / 百名店 2021 公式名簿候補
13122753	13122753	ピッツェリア ロマーナ ジャニコロ	東京都	飲食店	ピザ	麻布十番駅	https://tabelog.com/tokyo/A1307/A130702/13122753/	https://award.tabelog.com/hyakumeiten/pizza/2021	The Tabelog Award / 百名店 2021 公式名簿候補
14029630	14029630	ナプレ 横浜高島屋店	神奈川県	飲食店	ピザ	横浜駅	https://tabelog.com/kanagawa/A1401/A140101/14029630/	https://award.tabelog.com/hyakumeiten/pizza/2021	The Tabelog Award / 百名店 2021 公式名簿候補
13057017	13057017	アランジャルシ	東京都	飲食店	ピザ	湯島駅	https://tabelog.com/tokyo/A1311/A131101/13057017/	https://award.tabelog.com/hyakumeiten/pizza/2021	The Tabelog Award / 百名店 2021 公式名簿候補
20015714	20015714	エンボカ 軽井沢	長野県	飲食店	ピザ	北佐久郡軽井沢町	https://tabelog.com/nagano/A2003/A200301/20015714/	https://award.tabelog.com/hyakumeiten/pizza/2021	The Tabelog Award / 百名店 2021 公式名簿候補
13180224	13180224	ピッツェリア カンテラ	東京都	飲食店	ピザ	明治神宮前駅	https://tabelog.com/tokyo/A1306/A130601/13180224/	https://award.tabelog.com/hyakumeiten/pizza/2021	The Tabelog Award / 百名店 2021 公式名簿候補
27011027	27011027	ガレリア 富田林	大阪府	飲食店	ピザ	富田林市	https://tabelog.com/osaka/A2708/A270802/27011027/	https://award.tabelog.com/hyakumeiten/pizza/2021	The Tabelog Award / 百名店 2021 公式名簿候補
13007135	13007135	ヴァカンツァ	東京都	飲食店	ピザ	恵比寿駅	https://tabelog.com/tokyo/A1303/A130302/13007135/	https://award.tabelog.com/hyakumeiten/pizza/2021	The Tabelog Award / 百名店 2021 公式名簿候補
13165472	13165472	ラ・トリプレッタ	東京都	飲食店	ピザ	武蔵小山駅	https://tabelog.com/tokyo/A1317/A131710/13165472/	https://award.tabelog.com/hyakumeiten/pizza/2021	The Tabelog Award / 百名店 2021 公式名簿候補
13115030	13115030	ピッツェリア チーロ 東中野店	東京都	飲食店	ピザ	東中野駅	https://tabelog.com/tokyo/A1319/A131901/13115030/	https://award.tabelog.com/hyakumeiten/pizza/2021	The Tabelog Award / 百名店 2021 公式名簿候補
14058636	14058636	ラッテリア ベベ  カマクラ	神奈川県	飲食店	ピザ	鎌倉駅	https://tabelog.com/kanagawa/A1404/A140402/14058636/	https://award.tabelog.com/hyakumeiten/pizza/2021	The Tabelog Award / 百名店 2021 公式名簿候補
8000842	8000842	トラットリア エ ピッツェリア アミーチ	茨城県	飲食店	ピザ	つくば市	https://tabelog.com/ibaraki/A0802/A080201/8000842/	https://award.tabelog.com/hyakumeiten/pizza/2021	The Tabelog Award / 百名店 2021 公式名簿候補
29000162	29000162	マガジーノ	奈良県	飲食店	ピザ	香芝市	https://tabelog.com/nara/A2903/A290302/29000162/	https://award.tabelog.com/hyakumeiten/pizza/2021	The Tabelog Award / 百名店 2021 公式名簿候補
13123990	13123990	PIZZERIA CAPOLI	東京都	飲食店	ピザ	新宿駅	https://tabelog.com/tokyo/A1304/A130401/13123990/	https://award.tabelog.com/hyakumeiten/pizza/2021	The Tabelog Award / 百名店 2021 公式名簿候補
13005912	13005912	トニーズピザ	東京都	飲食店	ピザ	吉祥寺駅	https://tabelog.com/tokyo/A1320/A132001/13005912/	https://award.tabelog.com/hyakumeiten/pizza/2021	The Tabelog Award / 百名店 2021 公式名簿候補
13171079	13171079	ピッツァ ケベロス 明治神宮前店	東京都	飲食店	ピザ	明治神宮前駅	https://tabelog.com/tokyo/A1306/A130601/13171079/	https://award.tabelog.com/hyakumeiten/pizza/2021	The Tabelog Award / 百名店 2021 公式名簿候補
13040937	13040937	エンボカ 東京	東京都	飲食店	ピザ	代々木上原駅	https://tabelog.com/tokyo/A1318/A131811/13040937/	https://award.tabelog.com/hyakumeiten/pizza/2021	The Tabelog Award / 百名店 2021 公式名簿候補
13169429	13169429	ZUZU	東京都	飲食店	ピザ	東武練馬駅	https://tabelog.com/tokyo/A1322/A132203/13169429/	https://award.tabelog.com/hyakumeiten/pizza/2021	The Tabelog Award / 百名店 2021 公式名簿候補
14039433	14039433	DADA	神奈川県	飲食店	ピザ	鎌倉駅	https://tabelog.com/kanagawa/A1404/A140402/14039433/	https://award.tabelog.com/hyakumeiten/pizza/2021	The Tabelog Award / 百名店 2021 公式名簿候補
27004565	27004565	ダルブリガンテ	大阪府	飲食店	ピザ	新福島駅	https://tabelog.com/osaka/A2701/A270108/27004565/	https://award.tabelog.com/hyakumeiten/pizza/2021	The Tabelog Award / 百名店 2021 公式名簿候補
13025362	13025362	ピッツァダバッボ	東京都	飲食店	ピザ	人形町駅	https://tabelog.com/tokyo/A1302/A130204/13025362/	https://award.tabelog.com/hyakumeiten/pizza/2021	The Tabelog Award / 百名店 2021 公式名簿候補
13132982	13132982	マッシモッタヴィオ	東京都	飲食店	ピザ	永福町駅	https://tabelog.com/tokyo/A1318/A131805/13132982/	https://award.tabelog.com/hyakumeiten/pizza/2021	The Tabelog Award / 百名店 2021 公式名簿候補
13005043	13005043	ベッラ・ナポリ	東京都	飲食店	ピザ	清澄白河駅	https://tabelog.com/tokyo/A1312/A131201/13005043/	https://award.tabelog.com/hyakumeiten/pizza/2021	The Tabelog Award / 百名店 2021 公式名簿候補
4016875	4016875	イル・ピッツァイオーロ	宮城県	飲食店	ピザ	北仙台駅	https://tabelog.com/miyagi/A0401/A040101/4016875/	https://award.tabelog.com/hyakumeiten/pizza/2021	The Tabelog Award / 百名店 2021 公式名簿候補
27053555	27053555	ピッツェリア・スクニッツォ・ダ・シゲオ	大阪府	飲食店	ピザ	天神橋筋六丁目駅	https://tabelog.com/osaka/A2701/A270103/27053555/	https://award.tabelog.com/hyakumeiten/pizza/2021	The Tabelog Award / 百名店 2021 公式名簿候補
13182694	13182694	Pizzeria Bakka M'unica	東京都	飲食店	ピザ	鮫洲駅	https://tabelog.com/tokyo/A1315/A131501/13182694/	https://award.tabelog.com/hyakumeiten/pizza/2021	The Tabelog Award / 百名店 2021 公式名簿候補
21012908	21012908	ダ アチュ	岐阜県	飲食店	ピザ	岐阜市	https://tabelog.com/gifu/A2101/A210101/21012908/	https://award.tabelog.com/hyakumeiten/pizza/2021	The Tabelog Award / 百名店 2021 公式名簿候補
14064550	14064550	ラ フィーリア デル プレジデンテ	神奈川県	飲食店	ピザ	馬車道駅	https://tabelog.com/kanagawa/A1401/A140104/14064550/	https://award.tabelog.com/hyakumeiten/pizza/2021	The Tabelog Award / 百名店 2021 公式名簿候補
13155593	13155593	SAVOY とまととちーず店	東京都	飲食店	ピザ	麻布十番駅	https://tabelog.com/tokyo/A1307/A130702/13155593/	https://award.tabelog.com/hyakumeiten/pizza/2021	The Tabelog Award / 百名店 2021 公式名簿候補
13124749	13124749	フレイズ フェイマス ピッツェリア	東京都	飲食店	ピザ	六本木駅	https://tabelog.com/tokyo/A1307/A130701/13124749/	https://award.tabelog.com/hyakumeiten/pizza/2021	The Tabelog Award / 百名店 2021 公式名簿候補
13005480	13005480	パルテノペ 恵比寿店	東京都	飲食店	ピザ	恵比寿駅	https://tabelog.com/tokyo/A1303/A130302/13005480/	https://award.tabelog.com/hyakumeiten/pizza/2021	The Tabelog Award / 百名店 2021 公式名簿候補
27054558	27054558	ラ・バルカッチャ	大阪府	飲食店	ピザ	中津（大阪メトロ）駅	https://tabelog.com/osaka/A2701/A270101/27054558/	https://award.tabelog.com/hyakumeiten/pizza/2021	The Tabelog Award / 百名店 2021 公式名簿候補
4001876	4001876	ウッデンシップ	宮城県	飲食店	ピザ	富谷市	https://tabelog.com/miyagi/A0403/A040304/4001876/	https://award.tabelog.com/hyakumeiten/pizza/2021	The Tabelog Award / 百名店 2021 公式名簿候補
27084799	27084799	ラ ピッツァ ナポレターナ レガロ	大阪府	飲食店	ピザ	新福島駅	https://tabelog.com/osaka/A2701/A270108/27084799/	https://award.tabelog.com/hyakumeiten/pizza/2021	The Tabelog Award / 百名店 2021 公式名簿候補
13167573	13167573	ザ ピッツァバー ON 38TH	東京都	飲食店	ピザ	三越前駅	https://tabelog.com/tokyo/A1310/A131002/13167573/	https://award.tabelog.com/hyakumeiten/pizza/2021	The Tabelog Award / 百名店 2021 公式名簿候補
23000240	23000240	ソロピッツァ ナポレターナ ダ ピッコロ 大須本店	愛知県	飲食店	ピザ	上前津駅	https://tabelog.com/aichi/A2301/A230105/23000240/	https://award.tabelog.com/hyakumeiten/pizza/2021	The Tabelog Award / 百名店 2021 公式名簿候補
23008274	23008274	ピッツェリアブラチェリア チェザリ	愛知県	飲食店	ピザ	上前津駅	https://tabelog.com/aichi/A2301/A230105/23008274/	https://award.tabelog.com/hyakumeiten/pizza/2021	The Tabelog Award / 百名店 2021 公式名簿候補
27057161	27057161	エキ ポンテベッキオ ア オオサカ	大阪府	飲食店	ピザ	大阪駅	https://tabelog.com/osaka/A2701/A270101/27057161/	https://award.tabelog.com/hyakumeiten/pizza/2021	The Tabelog Award / 百名店 2021 公式名簿候補
40028105	40028105	ピッツェリア・ダ・ガエターノ 薬院店	福岡県	飲食店	ピザ	薬院駅	https://tabelog.com/fukuoka/A4001/A400104/40028105/	https://award.tabelog.com/hyakumeiten/pizza/2021	The Tabelog Award / 百名店 2021 公式名簿候補
13149962	13149962	ピッツェリア ジターリア ダ フィリッポ	東京都	飲食店	ピザ	石神井公園駅	https://tabelog.com/tokyo/A1321/A132103/13149962/	https://award.tabelog.com/hyakumeiten/pizza/2021	The Tabelog Award / 百名店 2021 公式名簿候補
1009661	1009661	デルソーレ	北海道	飲食店	ピザ	虻田郡ニセコ町	https://tabelog.com/hokkaido/A0106/A010603/1009661/	https://award.tabelog.com/hyakumeiten/pizza/2021	The Tabelog Award / 百名店 2021 公式名簿候補
13141862	13141862	ゑんぞ	東京都	飲食店	ピザ	浅草橋駅	https://tabelog.com/tokyo/A1311/A131103/13141862/	https://award.tabelog.com/hyakumeiten/pizza/2021	The Tabelog Award / 百名店 2021 公式名簿候補
13128533	13128533	トラットリア ピッツェリア ラルテ	東京都	飲食店	ピザ	三軒茶屋駅	https://tabelog.com/tokyo/A1317/A131706/13128533/	https://award.tabelog.com/hyakumeiten/pizza/2021	The Tabelog Award / 百名店 2021 公式名簿候補
23059142	23059142	ソロ ピッツァ ナポレターナ ダ ルーチョ 名古屋駅店	愛知県	飲食店	ピザ	名鉄名古屋駅	https://tabelog.com/aichi/A2301/A230101/23059142/	https://award.tabelog.com/hyakumeiten/pizza/2021	The Tabelog Award / 百名店 2021 公式名簿候補
13006076	13006076	ピッツェリア パーレンテッシ	東京都	飲食店	ピザ	池尻大橋駅	https://tabelog.com/tokyo/A1317/A131705/13006076/	https://award.tabelog.com/hyakumeiten/pizza/2021	The Tabelog Award / 百名店 2021 公式名簿候補
26020891	26020891	ピッツェリア・マリータ	京都府	飲食店	ピザ	烏丸駅	https://tabelog.com/kyoto/A2601/A260201/26020891/	https://award.tabelog.com/hyakumeiten/pizza/2021	The Tabelog Award / 百名店 2021 公式名簿候補
14009281	14009281	ラ・テラッツァ 芦ノ湖	神奈川県	飲食店	ピザ	足柄下郡箱根町	https://tabelog.com/kanagawa/A1410/A141001/14009281/	https://award.tabelog.com/hyakumeiten/pizza/2021	The Tabelog Award / 百名店 2021 公式名簿候補
13003188	13003188	聖林館	東京都	飲食店	ピザ	中目黒駅	https://tabelog.com/tokyo/A1317/A131701/13003188/	https://award.tabelog.com/hyakumeiten/pizza/2021	The Tabelog Award / 百名店 2021 公式名簿候補
13103245	13103245	ピッツエリア エ トラットリア ダ イーサ	東京都	飲食店	ピザ	中目黒駅	https://tabelog.com/tokyo/A1317/A131701/13103245/	https://award.tabelog.com/hyakumeiten/pizza/2021	The Tabelog Award / 百名店 2021 公式名簿候補
13015826	13015826	ピッツェリア ダ・アオキ タッポスト	東京都	飲食店	ピザ	豊島園駅	https://tabelog.com/tokyo/A1321/A132102/13015826/	https://award.tabelog.com/hyakumeiten/pizza/2021	The Tabelog Award / 百名店 2021 公式名簿候補
28004410	28004410	アズーリ	兵庫県	飲食店	ピザ	三宮（神戸市営）駅	https://tabelog.com/hyogo/A2801/A280102/28004410/	https://award.tabelog.com/hyakumeiten/pizza/2021	The Tabelog Award / 百名店 2021 公式名簿候補
27079870	27079870	ピッツェリア ダ ティグレ	大阪府	飲食店	ピザ	西大橋駅	https://tabelog.com/osaka/A2701/A270201/27079870/	https://award.tabelog.com/hyakumeiten/pizza/2021	The Tabelog Award / 百名店 2021 公式名簿候補
14002481	14002481	ピッツェリア スペリアーモ！	神奈川県	飲食店	ピザ	西横浜駅	https://tabelog.com/kanagawa/A1401/A140301/14002481/	https://award.tabelog.com/hyakumeiten/pizza/2021	The Tabelog Award / 百名店 2021 公式名簿候補
28000493	28000493	ピノッキオ	兵庫県	飲食店	ピザ	三宮（神戸市営）駅	https://tabelog.com/hyogo/A2801/A280101/28000493/	https://award.tabelog.com/hyakumeiten/pizza/2021	The Tabelog Award / 百名店 2021 公式名簿候補
26017525	26017525	エンボカ 京都	京都府	飲食店	ピザ	烏丸御池駅	https://tabelog.com/kyoto/A2601/A260202/26017525/	https://award.tabelog.com/hyakumeiten/pizza/2021	The Tabelog Award / 百名店 2021 公式名簿候補
26005239	26005239	ダ ユウキ	京都府	飲食店	ピザ	東山駅	https://tabelog.com/kyoto/A2601/A260301/26005239/	https://award.tabelog.com/hyakumeiten/pizza/2021	The Tabelog Award / 百名店 2021 公式名簿候補
14044667	14044667	ピッツェリア キアッキェローネ	神奈川県	飲食店	ピザ	日ノ出町駅	https://tabelog.com/kanagawa/A1401/A140102/14044667/	https://award.tabelog.com/hyakumeiten/pizza/2021	The Tabelog Award / 百名店 2021 公式名簿候補
47000232	47000232	花人逢	沖縄県	飲食店	ピザ	国頭郡本部町	https://tabelog.com/okinawa/A4702/A470202/47000232/	https://award.tabelog.com/hyakumeiten/pizza/2021	The Tabelog Award / 百名店 2021 公式名簿候補
13170979	13170979	da GIORGIO	東京都	飲食店	ピザ	上野広小路駅	https://tabelog.com/tokyo/A1311/A131101/13170979/	https://award.tabelog.com/hyakumeiten/pizza/2021	The Tabelog Award / 百名店 2021 公式名簿候補
13113311	13113311	ピッツァマン オオイマチ	東京都	飲食店	ピザ	大井町駅	https://tabelog.com/tokyo/A1315/A131501/13113311/	https://award.tabelog.com/hyakumeiten/pizza/2021	The Tabelog Award / 百名店 2021 公式名簿候補
13025499	13025499	Pizzeria LUMEN	東京都	飲食店	ピザ	東新宿駅	https://tabelog.com/tokyo/A1304/A130401/13025499/	https://award.tabelog.com/hyakumeiten/pizza/2021	The Tabelog Award / 百名店 2021 公式名簿候補
44000453	44000453	檪の丘	大分県	飲食店	ピザ	由布市	https://tabelog.com/oita/A4402/A440201/44000453/	https://award.tabelog.com/hyakumeiten/pizza/2021	The Tabelog Award / 百名店 2021 公式名簿候補
47003553	47003553	BACAR	沖縄県	飲食店	ピザ	那覇市	https://tabelog.com/okinawa/A4701/A470101/47003553/	https://award.tabelog.com/hyakumeiten/pizza/2021	The Tabelog Award / 百名店 2021 公式名簿候補
14001040	14001040	シシリヤ	神奈川県	飲食店	ピザ	日本大通り駅	https://tabelog.com/kanagawa/A1401/A140104/14001040/	https://award.tabelog.com/hyakumeiten/pizza/2021	The Tabelog Award / 百名店 2021 公式名簿候補
23038884	23038884	ソロピッツァ ナポレターナ ダ ジェンナーロ 矢場店	愛知県	飲食店	ピザ	矢場町駅	https://tabelog.com/aichi/A2301/A230103/23038884/	https://award.tabelog.com/hyakumeiten/pizza/2021	The Tabelog Award / 百名店 2021 公式名簿候補
28041401	28041401	quarto	兵庫県	飲食店	ピザ	三宮（神戸市営）駅	https://tabelog.com/hyogo/A2801/A280101/28041401/	https://award.tabelog.com/hyakumeiten/pizza/2021	The Tabelog Award / 百名店 2021 公式名簿候補
13114239	13114239	ピッツェリア イル・タンブレッロ	東京都	飲食店	ピザ	小伝馬町駅	https://tabelog.com/tokyo/A1302/A130204/13114239/	https://award.tabelog.com/hyakumeiten/pizza/2021	The Tabelog Award / 百名店 2021 公式名簿候補
13130666	13130666	ナポリピッツァ Pizzeria la Rossa	東京都	飲食店	ピザ	武蔵小山駅	https://tabelog.com/tokyo/A1317/A131702/13130666/	https://award.tabelog.com/hyakumeiten/pizza/2021	The Tabelog Award / 百名店 2021 公式名簿候補
28001438	28001438	SAKURAGUMI	兵庫県	飲食店	ピザ	赤穂市	https://tabelog.com/hyogo/A2805/A280502/28001438/	https://award.tabelog.com/hyakumeiten/pizza/2021	The Tabelog Award / 百名店 2021 公式名簿候補
27000063	27000063	ポルタ・ヌォーヴァ	大阪府	飲食店	ピザ	本町駅	https://tabelog.com/osaka/A2701/A270106/27000063/	https://award.tabelog.com/hyakumeiten/pizza/2021	The Tabelog Award / 百名店 2021 公式名簿候補
13040601	13040601	カトリカ	東京都	飲食店	ピザ	東向島駅	https://tabelog.com/tokyo/A1312/A131203/13040601/	https://award.tabelog.com/hyakumeiten/pizza/2021	The Tabelog Award / 百名店 2021 公式名簿候補
4000125	4000125	ピッツェリア デ ナプレ	宮城県	飲食店	ピザ	勾当台公園駅	https://tabelog.com/miyagi/A0401/A040101/4000125/	https://award.tabelog.com/hyakumeiten/pizza/2021	The Tabelog Award / 百名店 2021 公式名簿候補
13005575	13005575	ラ・ピッコラ・ターヴォラ	東京都	飲食店	ピザ	永福町駅	https://tabelog.com/tokyo/A1318/A131805/13005575/	https://award.tabelog.com/hyakumeiten/pizza/2021	The Tabelog Award / 百名店 2021 公式名簿候補
13170403	13170403	PIZZA BORSA	東京都	飲食店	ピザ	池袋駅	https://tabelog.com/tokyo/A1305/A130501/13170403/	https://award.tabelog.com/hyakumeiten/pizza/2021	The Tabelog Award / 百名店 2021 公式名簿候補
14051790	14051790	ピッツェリアGG 鎌倉	神奈川県	飲食店	ピザ	和田塚駅	https://tabelog.com/kanagawa/A1404/A140402/14051790/	https://award.tabelog.com/hyakumeiten/pizza/2021	The Tabelog Award / 百名店 2021 公式名簿候補
13000684	13000684	ピッツェリア・ロマーナ・イル・ペンティート	東京都	飲食店	ピザ	南新宿駅	https://tabelog.com/tokyo/A1318/A131810/13000684/	https://award.tabelog.com/hyakumeiten/pizza/2021	The Tabelog Award / 百名店 2021 公式名簿候補
13047308	13047308	ピッツェリアGG 吉祥寺	東京都	飲食店	ピザ	吉祥寺駅	https://tabelog.com/tokyo/A1320/A132001/13047308/	https://award.tabelog.com/hyakumeiten/pizza/2021	The Tabelog Award / 百名店 2021 公式名簿候補
13122166	13122166	タランテッラ ダ ルイジ	東京都	飲食店	ピザ	白金高輪駅	https://tabelog.com/tokyo/A1316/A131602/13122166/	https://award.tabelog.com/hyakumeiten/pizza/2021	The Tabelog Award / 百名店 2021 公式名簿候補
13036875	13036875	SAVOY 麻布十番店	東京都	飲食店	ピザ	麻布十番駅	https://tabelog.com/tokyo/A1307/A130702/13036875/	https://award.tabelog.com/hyakumeiten/pizza/2021	The Tabelog Award / 百名店 2021 公式名簿候補
29000860	29000860	山岡ピザ	奈良県	飲食店	ピザ	生駒市	https://tabelog.com/nara/A2902/A290201/29000860/	https://award.tabelog.com/hyakumeiten/pizza/2021	The Tabelog Award / 百名店 2021 公式名簿候補
14071663	14071663	中華そば 高野	神奈川県	ラーメン店	ラーメン	大口駅	https://tabelog.com/kanagawa/A1401/A140211/14071663/	https://award.tabelog.com/hyakumeiten/ramen_east/2021	The Tabelog Award / 百名店 2021 公式名簿候補
14000184	14000184	ZUND-BAR	神奈川県	ラーメン店	ラーメン	厚木市	https://tabelog.com/kanagawa/A1408/A140802/14000184/	https://award.tabelog.com/hyakumeiten/ramen_east/2021	The Tabelog Award / 百名店 2021 公式名簿候補
23000971	23000971	ラーメン専門店 徳川町 如水	愛知県	ラーメン店	ラーメン	森下駅	https://tabelog.com/aichi/A2301/A230110/23000971/	https://award.tabelog.com/hyakumeiten/ramen_east/2021	The Tabelog Award / 百名店 2021 公式名簿候補
12025333	12025333	杉田家 千葉店	千葉県	ラーメン店	ラーメン	東千葉駅	https://tabelog.com/chiba/A1201/A120101/12025333/	https://award.tabelog.com/hyakumeiten/ramen_east/2021	The Tabelog Award / 百名店 2021 公式名簿候補
1000031	1000031	さっぽろ純連 札幌店	北海道	ラーメン店	ラーメン	澄川駅	https://tabelog.com/hokkaido/A0101/A010303/1000031/	https://award.tabelog.com/hyakumeiten/ramen_east/2021	The Tabelog Award / 百名店 2021 公式名簿候補
11004115	11004115	狼煙 本店	埼玉県	ラーメン店	ラーメン	鉄道博物館駅	https://tabelog.com/saitama/A1101/A110101/11004115/	https://award.tabelog.com/hyakumeiten/ramen_east/2021	The Tabelog Award / 百名店 2021 公式名簿候補
14053454	14053454	家系ラーメン とらきち家	神奈川県	ラーメン店	ラーメン	東白楽駅	https://tabelog.com/kanagawa/A1401/A140205/14053454/	https://award.tabelog.com/hyakumeiten/ramen_east/2021	The Tabelog Award / 百名店 2021 公式名簿候補
12040080	12040080	中華ソバ 篤々	千葉県	ラーメン店	ラーメン	勝田台駅	https://tabelog.com/chiba/A1202/A120204/12040080/	https://award.tabelog.com/hyakumeiten/ramen_east/2021	The Tabelog Award / 百名店 2021 公式名簿候補
11000150	11000150	頑者 本店	埼玉県	ラーメン店	ラーメン	本川越駅	https://tabelog.com/saitama/A1103/A110303/11000150/	https://award.tabelog.com/hyakumeiten/ramen_east/2021	The Tabelog Award / 百名店 2021 公式名簿候補
1034678	1034678	MEN-EIJI HIRAGISHI BASE	北海道	ラーメン店	ラーメン	南平岸駅	https://tabelog.com/hokkaido/A0101/A010303/1034678/	https://award.tabelog.com/hyakumeiten/ramen_east/2021	The Tabelog Award / 百名店 2021 公式名簿候補
12026940	12026940	とら食堂 松戸分店	千葉県	ラーメン店	ラーメン	松飛台駅	https://tabelog.com/chiba/A1203/A120302/12026940/	https://award.tabelog.com/hyakumeiten/ramen_east/2021	The Tabelog Award / 百名店 2021 公式名簿候補
14080372	14080372	らぁ麺 すぎ本	神奈川県	ラーメン店	ラーメン	青葉台駅	https://tabelog.com/kanagawa/A1401/A140202/14080372/	https://award.tabelog.com/hyakumeiten/ramen_east/2021	The Tabelog Award / 百名店 2021 公式名簿候補
11053248	11053248	中華そば 深緑	埼玉県	ラーメン店	ラーメン	東松山市	https://tabelog.com/saitama/A1105/A110502/11053248/	https://award.tabelog.com/hyakumeiten/ramen_east/2021	The Tabelog Award / 百名店 2021 公式名簿候補
23055953	23055953	らぁ麺 紫陽花	愛知県	ラーメン店	ラーメン	六番町駅	https://tabelog.com/aichi/A2301/A230112/23055953/	https://award.tabelog.com/hyakumeiten/ramen_east/2021	The Tabelog Award / 百名店 2021 公式名簿候補
10014488	10014488	らーめん芝浜	群馬県	ラーメン店	ラーメン	桐生市	https://tabelog.com/gunma/A1002/A100201/10014488/	https://award.tabelog.com/hyakumeiten/ramen_east/2021	The Tabelog Award / 百名店 2021 公式名簿候補
1026411	1026411	麺や 麗	北海道	ラーメン店	ラーメン	千歳市	https://tabelog.com/hokkaido/A0107/A010701/1026411/	https://award.tabelog.com/hyakumeiten/ramen_east/2021	The Tabelog Award / 百名店 2021 公式名簿候補
23056955	23056955	らーめん奏	愛知県	ラーメン店	ラーメン	吹上駅	https://tabelog.com/aichi/A2301/A230106/23056955/	https://award.tabelog.com/hyakumeiten/ramen_east/2021	The Tabelog Award / 百名店 2021 公式名簿候補
1000018	1000018	麺屋 彩未	北海道	ラーメン店	ラーメン	美園駅	https://tabelog.com/hokkaido/A0101/A010303/1000018/	https://award.tabelog.com/hyakumeiten/ramen_east/2021	The Tabelog Award / 百名店 2021 公式名簿候補
14057313	14057313	うまいヨゆうちゃんラーメン	神奈川県	ラーメン店	ラーメン	大和駅	https://tabelog.com/kanagawa/A1407/A140702/14057313/	https://award.tabelog.com/hyakumeiten/ramen_east/2021	The Tabelog Award / 百名店 2021 公式名簿候補
11052642	11052642	ヌードル＆スパイスカレー 今日の1番	埼玉県	ラーメン店	ラーメン	川口駅	https://tabelog.com/saitama/A1102/A110201/11052642/	https://award.tabelog.com/hyakumeiten/ramen_east/2021	The Tabelog Award / 百名店 2021 公式名簿候補
14000059	14000059	家系総本山 吉村家	神奈川県	ラーメン店	ラーメン	平沼橋駅	https://tabelog.com/kanagawa/A1401/A140101/14000059/	https://award.tabelog.com/hyakumeiten/ramen_east/2021	The Tabelog Award / 百名店 2021 公式名簿候補
14070233	14070233	中華そば 笑歩	神奈川県	ラーメン店	ラーメン	綱島駅	https://tabelog.com/kanagawa/A1401/A140204/14070233/	https://award.tabelog.com/hyakumeiten/ramen_east/2021	The Tabelog Award / 百名店 2021 公式名簿候補
14012001	14012001	くり山	神奈川県	ラーメン店	ラーメン	白楽駅	https://tabelog.com/kanagawa/A1401/A140205/14012001/	https://award.tabelog.com/hyakumeiten/ramen_east/2021	The Tabelog Award / 百名店 2021 公式名簿候補
8013639	8013639	喜元門 研究学園店	茨城県	ラーメン店	ラーメン	つくば市	https://tabelog.com/ibaraki/A0802/A080201/8013639/	https://award.tabelog.com/hyakumeiten/ramen_east/2021	The Tabelog Award / 百名店 2021 公式名簿候補
1009525	1009525	麺や けせらせら	北海道	ラーメン店	ラーメン	百合が原駅	https://tabelog.com/hokkaido/A0101/A010201/1009525/	https://award.tabelog.com/hyakumeiten/ramen_east/2021	The Tabelog Award / 百名店 2021 公式名簿候補
1009634	1009634	麺屋 菜々兵衛	北海道	ラーメン店	ラーメン	平和駅	https://tabelog.com/hokkaido/A0101/A010301/1009634/	https://award.tabelog.com/hyakumeiten/ramen_east/2021	The Tabelog Award / 百名店 2021 公式名簿候補
14070248	14070248	支那蕎麦屋 藤花	神奈川県	ラーメン店	ラーメン	横浜市都筑区	https://tabelog.com/kanagawa/A1401/A140207/14070248/	https://award.tabelog.com/hyakumeiten/ramen_east/2021	The Tabelog Award / 百名店 2021 公式名簿候補
14038422	14038422	ラーメン二郎 中山駅前店	神奈川県	ラーメン店	ラーメン	中山駅	https://tabelog.com/kanagawa/A1401/A140207/14038422/	https://award.tabelog.com/hyakumeiten/ramen_east/2021	The Tabelog Award / 百名店 2021 公式名簿候補
4009075	4009075	中華そば 嘉一	宮城県	ラーメン店	ラーメン	勾当台公園駅	https://tabelog.com/miyagi/A0401/A040101/4009075/	https://award.tabelog.com/hyakumeiten/ramen_east/2021	The Tabelog Award / 百名店 2021 公式名簿候補
12000080	12000080	味処 むさし野	千葉県	ラーメン店	ラーメン	上本郷駅	https://tabelog.com/chiba/A1203/A120302/12000080/	https://award.tabelog.com/hyakumeiten/ramen_east/2021	The Tabelog Award / 百名店 2021 公式名簿候補
7012906	7012906	自家製麺 うろた	福島県	ラーメン店	ラーメン	福島市	https://tabelog.com/fukushima/A0701/A070101/7012906/	https://award.tabelog.com/hyakumeiten/ramen_east/2021	The Tabelog Award / 百名店 2021 公式名簿候補
21000295	21000295	らーめんNageyari	岐阜県	ラーメン店	ラーメン	各務原市	https://tabelog.com/gifu/A2101/A210102/21000295/	https://award.tabelog.com/hyakumeiten/ramen_east/2021	The Tabelog Award / 百名店 2021 公式名簿候補
14053385	14053385	らぁめん夢	神奈川県	ラーメン店	ラーメン	東神奈川駅	https://tabelog.com/kanagawa/A1401/A140212/14053385/	https://award.tabelog.com/hyakumeiten/ramen_east/2021	The Tabelog Award / 百名店 2021 公式名簿候補
11038476	11038476	麺処 有彩	埼玉県	ラーメン店	ラーメン	西川口駅	https://tabelog.com/saitama/A1102/A110201/11038476/	https://award.tabelog.com/hyakumeiten/ramen_east/2021	The Tabelog Award / 百名店 2021 公式名簿候補
14051850	14051850	横浜中華そば 維新商店 本店	神奈川県	ラーメン店	ラーメン	平沼橋駅	https://tabelog.com/kanagawa/A1401/A140101/14051850/	https://award.tabelog.com/hyakumeiten/ramen_east/2021	The Tabelog Award / 百名店 2021 公式名簿候補
14081996	14081996	日陰	神奈川県	ラーメン店	ラーメン	川崎市幸区	https://tabelog.com/kanagawa/A1405/A140503/14081996/	https://award.tabelog.com/hyakumeiten/ramen_east/2021	The Tabelog Award / 百名店 2021 公式名簿候補
23060674	23060674	麺家獅子丸	愛知県	ラーメン店	ラーメン	亀島駅	https://tabelog.com/aichi/A2301/A230101/23060674/	https://award.tabelog.com/hyakumeiten/ramen_east/2021	The Tabelog Award / 百名店 2021 公式名簿候補
14000181	14000181	厚木本丸亭	神奈川県	ラーメン店	ラーメン	本厚木駅	https://tabelog.com/kanagawa/A1408/A140802/14000181/	https://award.tabelog.com/hyakumeiten/ramen_east/2021	The Tabelog Award / 百名店 2021 公式名簿候補
14059192	14059192	らぁめん鴇	神奈川県	ラーメン店	ラーメン	藤沢駅	https://tabelog.com/kanagawa/A1404/A140404/14059192/	https://award.tabelog.com/hyakumeiten/ramen_east/2021	The Tabelog Award / 百名店 2021 公式名簿候補
14054005	14054005	ラーメン星印	神奈川県	ラーメン店	ラーメン	反町駅	https://tabelog.com/kanagawa/A1401/A140205/14054005/	https://award.tabelog.com/hyakumeiten/ramen_east/2021	The Tabelog Award / 百名店 2021 公式名簿候補
23050032	23050032	からみそラーメン ふくろう 本店	愛知県	ラーメン店	ラーメン	上飯田駅	https://tabelog.com/aichi/A2301/A230110/23050032/	https://award.tabelog.com/hyakumeiten/ramen_east/2021	The Tabelog Award / 百名店 2021 公式名簿候補
22019502	22019502	めん奏心	静岡県	ラーメン店	ラーメン	島田市	https://tabelog.com/shizuoka/A2203/A220302/22019502/	https://award.tabelog.com/hyakumeiten/ramen_east/2021	The Tabelog Award / 百名店 2021 公式名簿候補
11034385	11034385	らーめん　かねかつ	埼玉県	ラーメン店	ラーメン	川口駅	https://tabelog.com/saitama/A1102/A110201/11034385/	https://award.tabelog.com/hyakumeiten/ramen_east/2021	The Tabelog Award / 百名店 2021 公式名簿候補
14075882	14075882	川の先の上	神奈川県	ラーメン店	ラーメン	上大岡駅	https://tabelog.com/kanagawa/A1401/A140307/14075882/	https://award.tabelog.com/hyakumeiten/ramen_east/2021	The Tabelog Award / 百名店 2021 公式名簿候補
7000007	7000007	坂内食堂	福島県	ラーメン店	ラーメン	喜多方市	https://tabelog.com/fukushima/A0706/A070601/7000007/	https://award.tabelog.com/hyakumeiten/ramen_east/2021	The Tabelog Award / 百名店 2021 公式名簿候補
11040851	11040851	寿製麺 よしかわ 川越店	埼玉県	ラーメン店	ラーメン	川越市	https://tabelog.com/saitama/A1103/A110303/11040851/	https://award.tabelog.com/hyakumeiten/ramen_east/2021	The Tabelog Award / 百名店 2021 公式名簿候補
14000917	14000917	杉田家	神奈川県	ラーメン店	ラーメン	新杉田駅	https://tabelog.com/kanagawa/A1401/A140308/14000917/	https://award.tabelog.com/hyakumeiten/ramen_east/2021	The Tabelog Award / 百名店 2021 公式名簿候補
14000569	14000569	流星軒	神奈川県	ラーメン店	ラーメン	吉野町駅	https://tabelog.com/kanagawa/A1401/A140306/14000569/	https://award.tabelog.com/hyakumeiten/ramen_east/2021	The Tabelog Award / 百名店 2021 公式名簿候補
11036997	11036997	中華そば よしかわ 上尾店	埼玉県	ラーメン店	ラーメン	上尾市	https://tabelog.com/saitama/A1104/A110401/11036997/	https://award.tabelog.com/hyakumeiten/ramen_east/2021	The Tabelog Award / 百名店 2021 公式名簿候補
14068944	14068944	Sagamihara 欅	神奈川県	ラーメン店	ラーメン	小田急相模原駅	https://tabelog.com/kanagawa/A1407/A140701/14068944/	https://award.tabelog.com/hyakumeiten/ramen_east/2021	The Tabelog Award / 百名店 2021 公式名簿候補
14067138	14067138	中華蕎麦 時雨 伊勢佐木長者町本店	神奈川県	ラーメン店	ラーメン	伊勢佐木長者町駅	https://tabelog.com/kanagawa/A1401/A140104/14067138/	https://award.tabelog.com/hyakumeiten/ramen_east/2021	The Tabelog Award / 百名店 2021 公式名簿候補
14000161	14000161	環2家	神奈川県	ラーメン店	ラーメン	下永谷駅	https://tabelog.com/kanagawa/A1401/A140307/14000161/	https://award.tabelog.com/hyakumeiten/ramen_east/2021	The Tabelog Award / 百名店 2021 公式名簿候補
1057715	1057715	Japanese Ramen Noodle Lab Q	北海道	ラーメン店	ラーメン	さっぽろ（札幌市営）駅	https://tabelog.com/hokkaido/A0101/A010102/1057715/	https://award.tabelog.com/hyakumeiten/ramen_east/2021	The Tabelog Award / 百名店 2021 公式名簿候補
14014445	14014445	支那そばや 本店	神奈川県	ラーメン店	ラーメン	戸塚駅	https://tabelog.com/kanagawa/A1401/A140305/14014445/	https://award.tabelog.com/hyakumeiten/ramen_east/2021	The Tabelog Award / 百名店 2021 公式名簿候補
8014295	8014295	煮干中華ソバ イチカワ	茨城県	ラーメン店	ラーメン	つくば市	https://tabelog.com/ibaraki/A0802/A080201/8014295/	https://award.tabelog.com/hyakumeiten/ramen_east/2021	The Tabelog Award / 百名店 2021 公式名簿候補
1007919	1007919	らーめん佳	北海道	ラーメン店	ラーメン	月寒中央駅	https://tabelog.com/hokkaido/A0101/A010303/1007919/	https://award.tabelog.com/hyakumeiten/ramen_east/2021	The Tabelog Award / 百名店 2021 公式名簿候補
14054147	14054147	らーめん いのうえ	神奈川県	ラーメン店	ラーメン	尻手駅	https://tabelog.com/kanagawa/A1401/A140210/14054147/	https://award.tabelog.com/hyakumeiten/ramen_east/2021	The Tabelog Award / 百名店 2021 公式名簿候補
23050560	23050560	らぁ麺や 汐そば雫	愛知県	ラーメン店	ラーメン	堀田（名鉄）駅	https://tabelog.com/aichi/A2301/A230112/23050560/	https://award.tabelog.com/hyakumeiten/ramen_east/2021	The Tabelog Award / 百名店 2021 公式名簿候補
14056997	14056997	貝ガラ屋	神奈川県	ラーメン店	ラーメン	相模原市中央区	https://tabelog.com/kanagawa/A1407/A140701/14056997/	https://award.tabelog.com/hyakumeiten/ramen_east/2021	The Tabelog Award / 百名店 2021 公式名簿候補
11048539	11048539	自家製手もみ麺 鈴ノ木	埼玉県	ラーメン店	ラーメン	狭山ケ丘駅	https://tabelog.com/saitama/A1106/A110601/11048539/	https://award.tabelog.com/hyakumeiten/ramen_east/2021	The Tabelog Award / 百名店 2021 公式名簿候補
14013886	14013886	ラーメン 厚木家	神奈川県	ラーメン店	ラーメン	厚木市	https://tabelog.com/kanagawa/A1408/A140802/14013886/	https://award.tabelog.com/hyakumeiten/ramen_east/2021	The Tabelog Award / 百名店 2021 公式名簿候補
14049709	14049709	麺処 懐や	神奈川県	ラーメン店	ラーメン	鷺沼駅	https://tabelog.com/kanagawa/A1405/A140507/14049709/	https://award.tabelog.com/hyakumeiten/ramen_east/2021	The Tabelog Award / 百名店 2021 公式名簿候補
14001610	14001610	中華そば 麺や食堂 本店	神奈川県	ラーメン店	ラーメン	本厚木駅	https://tabelog.com/kanagawa/A1408/A140802/14001610/	https://award.tabelog.com/hyakumeiten/ramen_east/2021	The Tabelog Award / 百名店 2021 公式名簿候補
14000186	14000186	中村屋	神奈川県	ラーメン店	ラーメン	海老名駅	https://tabelog.com/kanagawa/A1408/A140801/14000186/	https://award.tabelog.com/hyakumeiten/ramen_east/2021	The Tabelog Award / 百名店 2021 公式名簿候補
11043059	11043059	煮干乱舞	埼玉県	ラーメン店	ラーメン	武里駅	https://tabelog.com/saitama/A1102/A110204/11043059/	https://award.tabelog.com/hyakumeiten/ramen_east/2021	The Tabelog Award / 百名店 2021 公式名簿候補
11030891	11030891	和風楽麺 四代目 ひのでや	埼玉県	ラーメン店	ラーメン	蓮田駅	https://tabelog.com/saitama/A1104/A110402/11030891/	https://award.tabelog.com/hyakumeiten/ramen_east/2021	The Tabelog Award / 百名店 2021 公式名簿候補
1038229	1038229	ラーメン 木曜日	北海道	ラーメン店	ラーメン	西線９条旭山公園通駅	https://tabelog.com/hokkaido/A0101/A010104/1038229/	https://award.tabelog.com/hyakumeiten/ramen_east/2021	The Tabelog Award / 百名店 2021 公式名簿候補
14051496	14051496	ラーメン 末廣家	神奈川県	ラーメン店	ラーメン	白楽駅	https://tabelog.com/kanagawa/A1401/A140205/14051496/	https://award.tabelog.com/hyakumeiten/ramen_east/2021	The Tabelog Award / 百名店 2021 公式名簿候補
14013437	14013437	つけめん 玉	神奈川県	ラーメン店	ラーメン	川崎市川崎区	https://tabelog.com/kanagawa/A1405/A140502/14013437/	https://award.tabelog.com/hyakumeiten/ramen_east/2021	The Tabelog Award / 百名店 2021 公式名簿候補
14077566	14077566	麺や 六等星	神奈川県	ラーメン店	ラーメン	稲田堤駅	https://tabelog.com/kanagawa/A1405/A140506/14077566/	https://award.tabelog.com/hyakumeiten/ramen_east/2021	The Tabelog Award / 百名店 2021 公式名簿候補
14062435	14062435	丿貫 福富町本店	神奈川県	ラーメン店	ラーメン	桜木町駅	https://tabelog.com/kanagawa/A1401/A140104/14062435/	https://award.tabelog.com/hyakumeiten/ramen_east/2021	The Tabelog Award / 百名店 2021 公式名簿候補
14048864	14048864	らーめん 鶏喰	神奈川県	ラーメン店	ラーメン	吉野町駅	https://tabelog.com/kanagawa/A1401/A140306/14048864/	https://award.tabelog.com/hyakumeiten/ramen_east/2021	The Tabelog Award / 百名店 2021 公式名簿候補
1009886	1009886	麺屋 高橋	北海道	ラーメン店	ラーメン	札幌市豊平区	https://tabelog.com/hokkaido/A0101/A010303/1009886/	https://award.tabelog.com/hyakumeiten/ramen_east/2021	The Tabelog Award / 百名店 2021 公式名簿候補
15000043	15000043	いち井	新潟県	ラーメン店	ラーメン	長岡市	https://tabelog.com/niigata/A1502/A150201/15000043/	https://award.tabelog.com/hyakumeiten/ramen_east/2021	The Tabelog Award / 百名店 2021 公式名簿候補
14055421	14055421	らーめん森や。	神奈川県	ラーメン店	ラーメン	横浜市栄区	https://tabelog.com/kanagawa/A1401/A140309/14055421/	https://award.tabelog.com/hyakumeiten/ramen_east/2021	The Tabelog Award / 百名店 2021 公式名簿候補
12001198	12001198	兎に角 松戸本店	千葉県	ラーメン店	ラーメン	松戸駅	https://tabelog.com/chiba/A1203/A120302/12001198/	https://award.tabelog.com/hyakumeiten/ramen_east/2021	The Tabelog Award / 百名店 2021 公式名簿候補
11000014	11000014	ぜんや	埼玉県	ラーメン店	ラーメン	新座駅	https://tabelog.com/saitama/A1103/A110301/11000014/	https://award.tabelog.com/hyakumeiten/ramen_east/2021	The Tabelog Award / 百名店 2021 公式名簿候補
7000016	7000016	とら食堂	福島県	ラーメン店	ラーメン	白河市	https://tabelog.com/fukushima/A0703/A070301/7000016/	https://award.tabelog.com/hyakumeiten/ramen_east/2021	The Tabelog Award / 百名店 2021 公式名簿候補
12033982	12033982	濃麺 海月	千葉県	ラーメン店	ラーメン	東千葉駅	https://tabelog.com/chiba/A1201/A120101/12033982/	https://award.tabelog.com/hyakumeiten/ramen_east/2021	The Tabelog Award / 百名店 2021 公式名簿候補
1004868	1004868	麺屋 雪風 すすきの店	北海道	ラーメン店	ラーメン	東本願寺前駅	https://tabelog.com/hokkaido/A0101/A010103/1004868/	https://award.tabelog.com/hyakumeiten/ramen_east/2021	The Tabelog Award / 百名店 2021 公式名簿候補
9012617	9012617	麺屋 ようすけ	栃木県	ラーメン店	ラーメン	佐野市	https://tabelog.com/tochigi/A0902/A090202/9012617/	https://award.tabelog.com/hyakumeiten/ramen_east/2021	The Tabelog Award / 百名店 2021 公式名簿候補
23005819	23005819	なるとや	愛知県	ラーメン店	ラーメン	栄町駅	https://tabelog.com/aichi/A2301/A230104/23005819/	https://award.tabelog.com/hyakumeiten/ramen_east/2021	The Tabelog Award / 百名店 2021 公式名簿候補
14001518	14001518	ラーメン二郎 横浜関内店	神奈川県	ラーメン店	ラーメン	伊勢佐木長者町駅	https://tabelog.com/kanagawa/A1401/A140104/14001518/	https://award.tabelog.com/hyakumeiten/ramen_east/2021	The Tabelog Award / 百名店 2021 公式名簿候補
14000063	14000063	寿々喜家	神奈川県	ラーメン店	ラーメン	上星川駅	https://tabelog.com/kanagawa/A1401/A140302/14000063/	https://award.tabelog.com/hyakumeiten/ramen_east/2021	The Tabelog Award / 百名店 2021 公式名簿候補
9009352	9009352	青竹手打ラーメン 日向屋	栃木県	ラーメン店	ラーメン	佐野市	https://tabelog.com/tochigi/A0902/A090202/9009352/	https://award.tabelog.com/hyakumeiten/ramen_east/2021	The Tabelog Award / 百名店 2021 公式名簿候補
11043376	11043376	オランダ軒	埼玉県	ラーメン店	ラーメン	東岩槻駅	https://tabelog.com/saitama/A1101/A110103/11043376/	https://award.tabelog.com/hyakumeiten/ramen_east/2021	The Tabelog Award / 百名店 2021 公式名簿候補
23051026	23051026	らぁ麺 飛鶏	愛知県	ラーメン店	ラーメン	春日井市	https://tabelog.com/aichi/A2303/A230301/23051026/	https://award.tabelog.com/hyakumeiten/ramen_east/2021	The Tabelog Award / 百名店 2021 公式名簿候補
14056490	14056490	地球の中華そば	神奈川県	ラーメン店	ラーメン	伊勢佐木長者町駅	https://tabelog.com/kanagawa/A1401/A140104/14056490/	https://award.tabelog.com/hyakumeiten/ramen_east/2021	The Tabelog Award / 百名店 2021 公式名簿候補
14063423	14063423	中村麺三郎商店	神奈川県	ラーメン店	ラーメン	淵野辺駅	https://tabelog.com/kanagawa/A1407/A140701/14063423/	https://award.tabelog.com/hyakumeiten/ramen_east/2021	The Tabelog Award / 百名店 2021 公式名簿候補
14058820	14058820	麺処 秋もと	神奈川県	ラーメン店	ラーメン	市が尾駅	https://tabelog.com/kanagawa/A1401/A140201/14058820/	https://award.tabelog.com/hyakumeiten/ramen_east/2021	The Tabelog Award / 百名店 2021 公式名簿候補
8012178	8012178	はりけんラーメン 本店	茨城県	ラーメン店	ラーメン	つくば市	https://tabelog.com/ibaraki/A0802/A080201/8012178/	https://award.tabelog.com/hyakumeiten/ramen_east/2021	The Tabelog Award / 百名店 2021 公式名簿候補
15000002	15000002	杭州飯店	新潟県	ラーメン店	ラーメン	燕市	https://tabelog.com/niigata/A1501/A150102/15000002/	https://award.tabelog.com/hyakumeiten/ramen_east/2021	The Tabelog Award / 百名店 2021 公式名簿候補
14043755	14043755	啜磨専科	神奈川県	ラーメン店	ラーメン	港南中央駅	https://tabelog.com/kanagawa/A1401/A140307/14043755/	https://award.tabelog.com/hyakumeiten/ramen_east/2021	The Tabelog Award / 百名店 2021 公式名簿候補
11034264	11034264	中華そば 四つ葉	埼玉県	ラーメン店	ラーメン	比企郡川島町	https://tabelog.com/saitama/A1105/A110502/11034264/	https://award.tabelog.com/hyakumeiten/ramen_east/2021	The Tabelog Award / 百名店 2021 公式名簿候補
7000006	7000006	食堂なまえ	福島県	ラーメン店	ラーメン	喜多方市	https://tabelog.com/fukushima/A0706/A070601/7000006/	https://award.tabelog.com/hyakumeiten/ramen_east/2021	The Tabelog Award / 百名店 2021 公式名簿候補
11026125	11026125	鶏そば　一瑳	埼玉県	ラーメン店	ラーメン	浦和駅	https://tabelog.com/saitama/A1101/A110102/11026125/	https://award.tabelog.com/hyakumeiten/ramen_east/2021	The Tabelog Award / 百名店 2021 公式名簿候補
14058333	14058333	豚星。	神奈川県	ラーメン店	ラーメン	元住吉駅	https://tabelog.com/kanagawa/A1405/A140504/14058333/	https://award.tabelog.com/hyakumeiten/ramen_east/2021	The Tabelog Award / 百名店 2021 公式名簿候補
13218715	13218715	純手打ち だるま	東京都	ラーメン店	ラーメン	中野富士見町駅	https://tabelog.com/tokyo/A1319/A131903/13218715/	https://award.tabelog.com/hyakumeiten/ramen_tokyo/2021	The Tabelog Award / 百名店 2021 公式名簿候補
13021140	13021140	麺屋吉左右	東京都	ラーメン店	ラーメン	木場駅	https://tabelog.com/tokyo/A1313/A131303/13021140/	https://award.tabelog.com/hyakumeiten/ramen_tokyo/2021	The Tabelog Award / 百名店 2021 公式名簿候補
13192433	13192433	神田 勝本	東京都	ラーメン店	ラーメン	神保町駅	https://tabelog.com/tokyo/A1310/A131003/13192433/	https://award.tabelog.com/hyakumeiten/ramen_tokyo/2021	The Tabelog Award / 百名店 2021 公式名簿候補
13162973	13162973	ラーメン屋 トイ・ボックス	東京都	ラーメン店	ラーメン	三ノ輪橋駅	https://tabelog.com/tokyo/A1324/A132401/13162973/	https://award.tabelog.com/hyakumeiten/ramen_tokyo/2021	The Tabelog Award / 百名店 2021 公式名簿候補
13127743	13127743	饗 くろ喜	東京都	ラーメン店	ラーメン	浅草橋駅	https://tabelog.com/tokyo/A1310/A131001/13127743/	https://award.tabelog.com/hyakumeiten/ramen_tokyo/2021	The Tabelog Award / 百名店 2021 公式名簿候補
13226777	13226777	味噌っ子 ふっく	東京都	ラーメン店	ラーメン	荻窪駅	https://tabelog.com/tokyo/A1319/A131906/13226777/	https://award.tabelog.com/hyakumeiten/ramen_tokyo/2021	The Tabelog Award / 百名店 2021 公式名簿候補
13242295	13242295	鴨出汁中華蕎麦 麺屋yoshiki	東京都	ラーメン店	ラーメン	新小岩駅	https://tabelog.com/tokyo/A1312/A131204/13242295/	https://award.tabelog.com/hyakumeiten/ramen_tokyo/2021	The Tabelog Award / 百名店 2021 公式名簿候補
13042832	13042832	ラーメン大至	東京都	ラーメン店	ラーメン	御茶ノ水駅	https://tabelog.com/tokyo/A1310/A131002/13042832/	https://award.tabelog.com/hyakumeiten/ramen_tokyo/2021	The Tabelog Award / 百名店 2021 公式名簿候補
13113532	13113532	中華蕎麦 蘭鋳	東京都	ラーメン店	ラーメン	方南町駅	https://tabelog.com/tokyo/A1319/A131903/13113532/	https://award.tabelog.com/hyakumeiten/ramen_tokyo/2021	The Tabelog Award / 百名店 2021 公式名簿候補
13234223	13234223	イルカ トウキョウ	東京都	ラーメン店	ラーメン	東久留米駅	https://tabelog.com/tokyo/A1328/A132802/13234223/	https://award.tabelog.com/hyakumeiten/ramen_tokyo/2021	The Tabelog Award / 百名店 2021 公式名簿候補
13126058	13126058	一条流がんこラーメン総本家	東京都	ラーメン店	ラーメン	四谷三丁目駅	https://tabelog.com/tokyo/A1309/A130903/13126058/	https://award.tabelog.com/hyakumeiten/ramen_tokyo/2021	The Tabelog Award / 百名店 2021 公式名簿候補
13218311	13218311	中華蕎麦にし乃	東京都	ラーメン店	ラーメン	本郷三丁目駅	https://tabelog.com/tokyo/A1310/A131004/13218311/	https://award.tabelog.com/hyakumeiten/ramen_tokyo/2021	The Tabelog Award / 百名店 2021 公式名簿候補
13001705	13001705	喜楽	東京都	ラーメン店	ラーメン	神泉駅	https://tabelog.com/tokyo/A1303/A130301/13001705/	https://award.tabelog.com/hyakumeiten/ramen_tokyo/2021	The Tabelog Award / 百名店 2021 公式名簿候補
13118141	13118141	銀座 朧月	東京都	ラーメン店	ラーメン	銀座駅	https://tabelog.com/tokyo/A1301/A130101/13118141/	https://award.tabelog.com/hyakumeiten/ramen_tokyo/2021	The Tabelog Award / 百名店 2021 公式名簿候補
13042564	13042564	四川担担麺 阿吽 湯島本店	東京都	ラーメン店	ラーメン	湯島駅	https://tabelog.com/tokyo/A1311/A131101/13042564/	https://award.tabelog.com/hyakumeiten/ramen_tokyo/2021	The Tabelog Award / 百名店 2021 公式名簿候補
13184399	13184399	麺や 七彩	東京都	ラーメン店	ラーメン	八丁堀駅	https://tabelog.com/tokyo/A1302/A130203/13184399/	https://award.tabelog.com/hyakumeiten/ramen_tokyo/2021	The Tabelog Award / 百名店 2021 公式名簿候補
13229181	13229181	中華そば うお青	東京都	ラーメン店	ラーメン	万願寺駅	https://tabelog.com/tokyo/A1329/A132903/13229181/	https://award.tabelog.com/hyakumeiten/ramen_tokyo/2021	The Tabelog Award / 百名店 2021 公式名簿候補
13213036	13213036	中華そば 西川	東京都	ラーメン店	ラーメン	千歳船橋駅	https://tabelog.com/tokyo/A1318/A131813/13213036/	https://award.tabelog.com/hyakumeiten/ramen_tokyo/2021	The Tabelog Award / 百名店 2021 公式名簿候補
13201888	13201888	神保町 黒須	東京都	ラーメン店	ラーメン	神保町駅	https://tabelog.com/tokyo/A1310/A131003/13201888/	https://award.tabelog.com/hyakumeiten/ramen_tokyo/2021	The Tabelog Award / 百名店 2021 公式名簿候補
13046637	13046637	麺屋ひょっとこ 交通会館店	東京都	ラーメン店	ラーメン	有楽町駅	https://tabelog.com/tokyo/A1301/A130102/13046637/	https://award.tabelog.com/hyakumeiten/ramen_tokyo/2021	The Tabelog Award / 百名店 2021 公式名簿候補
13003421	13003421	中華そば 多賀野	東京都	ラーメン店	ラーメン	荏原中延駅	https://tabelog.com/tokyo/A1317/A131712/13003421/	https://award.tabelog.com/hyakumeiten/ramen_tokyo/2021	The Tabelog Award / 百名店 2021 公式名簿候補
13154006	13154006	中華そば 児ノ木	東京都	ラーメン店	ラーメン	落合駅	https://tabelog.com/tokyo/A1319/A131901/13154006/	https://award.tabelog.com/hyakumeiten/ramen_tokyo/2021	The Tabelog Award / 百名店 2021 公式名簿候補
13233678	13233678	中華そば 和渦 TOKYO	東京都	ラーメン店	ラーメン	北品川駅	https://tabelog.com/tokyo/A1314/A131405/13233678/	https://award.tabelog.com/hyakumeiten/ramen_tokyo/2021	The Tabelog Award / 百名店 2021 公式名簿候補
13093047	13093047	六厘舎	東京都	ラーメン店	ラーメン	東京駅	https://tabelog.com/tokyo/A1302/A130201/13093047/	https://award.tabelog.com/hyakumeiten/ramen_tokyo/2021	The Tabelog Award / 百名店 2021 公式名簿候補
13167920	13167920	竹末東京Premium	東京都	ラーメン店	ラーメン	押上駅	https://tabelog.com/tokyo/A1312/A131203/13167920/	https://award.tabelog.com/hyakumeiten/ramen_tokyo/2021	The Tabelog Award / 百名店 2021 公式名簿候補
13167439	13167439	ラーメン巌哲	東京都	ラーメン店	ラーメン	早稲田（都電）駅	https://tabelog.com/tokyo/A1305/A130504/13167439/	https://award.tabelog.com/hyakumeiten/ramen_tokyo/2021	The Tabelog Award / 百名店 2021 公式名簿候補
13040181	13040181	麺屋 翔 本店	東京都	ラーメン店	ラーメン	西武新宿駅	https://tabelog.com/tokyo/A1304/A130401/13040181/	https://award.tabelog.com/hyakumeiten/ramen_tokyo/2021	The Tabelog Award / 百名店 2021 公式名簿候補
13120708	13120708	つけ麺 五ノ神製作所 新宿店	東京都	ラーメン店	ラーメン	新宿三丁目駅	https://tabelog.com/tokyo/A1304/A130401/13120708/	https://award.tabelog.com/hyakumeiten/ramen_tokyo/2021	The Tabelog Award / 百名店 2021 公式名簿候補
13136428	13136428	麺屋 Hulu-lu	東京都	ラーメン店	ラーメン	池袋駅	https://tabelog.com/tokyo/A1305/A130501/13136428/	https://award.tabelog.com/hyakumeiten/ramen_tokyo/2021	The Tabelog Award / 百名店 2021 公式名簿候補
13259078	13259078	中華蕎麦 ひら井	東京都	ラーメン店	ラーメン	府中市	https://tabelog.com/tokyo/A1326/A132602/13259078/	https://award.tabelog.com/hyakumeiten/ramen_tokyo/2021	The Tabelog Award / 百名店 2021 公式名簿候補
13246362	13246362	麺創庵 砂田	東京都	ラーメン店	ラーメン	庚申塚駅	https://tabelog.com/tokyo/A1322/A132201/13246362/	https://award.tabelog.com/hyakumeiten/ramen_tokyo/2021	The Tabelog Award / 百名店 2021 公式名簿候補
13180862	13180862	煮干しつけ麺 宮元	東京都	ラーメン店	ラーメン	蒲田駅	https://tabelog.com/tokyo/A1315/A131503/13180862/	https://award.tabelog.com/hyakumeiten/ramen_tokyo/2021	The Tabelog Award / 百名店 2021 公式名簿候補
13172994	13172994	らぁめん小池	東京都	ラーメン店	ラーメン	上北沢駅	https://tabelog.com/tokyo/A1318/A131809/13172994/	https://award.tabelog.com/hyakumeiten/ramen_tokyo/2021	The Tabelog Award / 百名店 2021 公式名簿候補
13227469	13227469	スープメン	東京都	ラーメン店	ラーメン	ときわ台駅	https://tabelog.com/tokyo/A1322/A132203/13227469/	https://award.tabelog.com/hyakumeiten/ramen_tokyo/2021	The Tabelog Award / 百名店 2021 公式名簿候補
13147594	13147594	Ramen にじゅうぶんのいち	東京都	ラーメン店	ラーメン	東尾久三丁目駅	https://tabelog.com/tokyo/A1324/A132401/13147594/	https://award.tabelog.com/hyakumeiten/ramen_tokyo/2021	The Tabelog Award / 百名店 2021 公式名簿候補
13203355	13203355	カネキッチン ヌードル	東京都	ラーメン店	ラーメン	東長崎駅	https://tabelog.com/tokyo/A1321/A132101/13203355/	https://award.tabelog.com/hyakumeiten/ramen_tokyo/2021	The Tabelog Award / 百名店 2021 公式名簿候補
13202438	13202438	麺屋 さくら井	東京都	ラーメン店	ラーメン	三鷹駅	https://tabelog.com/tokyo/A1320/A132002/13202438/	https://award.tabelog.com/hyakumeiten/ramen_tokyo/2021	The Tabelog Award / 百名店 2021 公式名簿候補
13218139	13218139	濃厚ラーメン かなや	東京都	ラーメン店	ラーメン	方南町駅	https://tabelog.com/tokyo/A1319/A131903/13218139/	https://award.tabelog.com/hyakumeiten/ramen_tokyo/2021	The Tabelog Award / 百名店 2021 公式名簿候補
13218425	13218425	らーめんMAIKAGURA	東京都	ラーメン店	ラーメン	千歳船橋駅	https://tabelog.com/tokyo/A1318/A131813/13218425/	https://award.tabelog.com/hyakumeiten/ramen_tokyo/2021	The Tabelog Award / 百名店 2021 公式名簿候補
13164932	13164932	むぎとオリーブ 銀座店	東京都	ラーメン店	ラーメン	東銀座駅	https://tabelog.com/tokyo/A1301/A130101/13164932/	https://award.tabelog.com/hyakumeiten/ramen_tokyo/2021	The Tabelog Award / 百名店 2021 公式名簿候補
13141302	13141302	創作麺工房 鳴龍	東京都	ラーメン店	ラーメン	新大塚駅	https://tabelog.com/tokyo/A1323/A132302/13141302/	https://award.tabelog.com/hyakumeiten/ramen_tokyo/2021	The Tabelog Award / 百名店 2021 公式名簿候補
13188419	13188419	麺処 篠はら	東京都	ラーメン店	ラーメン	要町駅	https://tabelog.com/tokyo/A1322/A132202/13188419/	https://award.tabelog.com/hyakumeiten/ramen_tokyo/2021	The Tabelog Award / 百名店 2021 公式名簿候補
13246285	13246285	麺処 ほん田 秋葉原本店	東京都	ラーメン店	ラーメン	秋葉原駅	https://tabelog.com/tokyo/A1310/A131001/13246285/	https://award.tabelog.com/hyakumeiten/ramen_tokyo/2021	The Tabelog Award / 百名店 2021 公式名簿候補
13182315	13182315	自家製中華そば としおか	東京都	ラーメン店	ラーメン	早稲田（メトロ）駅	https://tabelog.com/tokyo/A1305/A130504/13182315/	https://award.tabelog.com/hyakumeiten/ramen_tokyo/2021	The Tabelog Award / 百名店 2021 公式名簿候補
13000717	13000717	はつね	東京都	ラーメン店	ラーメン	西荻窪駅	https://tabelog.com/tokyo/A1319/A131907/13000717/	https://award.tabelog.com/hyakumeiten/ramen_tokyo/2021	The Tabelog Award / 百名店 2021 公式名簿候補
13050023	13050023	町田汁場 しおらーめん進化 本店	東京都	ラーメン店	ラーメン	町田市	https://tabelog.com/tokyo/A1327/A132701/13050023/	https://award.tabelog.com/hyakumeiten/ramen_tokyo/2021	The Tabelog Award / 百名店 2021 公式名簿候補
13228611	13228611	寿製麺 よしかわ 西台駅前店	東京都	ラーメン店	ラーメン	西台駅	https://tabelog.com/tokyo/A1322/A132205/13228611/	https://award.tabelog.com/hyakumeiten/ramen_tokyo/2021	The Tabelog Award / 百名店 2021 公式名簿候補
13003726	13003726	田中商店 本店	東京都	ラーメン店	ラーメン	六町駅	https://tabelog.com/tokyo/A1324/A132404/13003726/	https://award.tabelog.com/hyakumeiten/ramen_tokyo/2021	The Tabelog Award / 百名店 2021 公式名簿候補
13119563	13119563	麺処 銀笹	東京都	ラーメン店	ラーメン	築地市場駅	https://tabelog.com/tokyo/A1301/A130103/13119563/	https://award.tabelog.com/hyakumeiten/ramen_tokyo/2021	The Tabelog Award / 百名店 2021 公式名簿候補
13234195	13234195	宍道湖しじみ中華蕎麦 琥珀	東京都	ラーメン店	ラーメン	雑色駅	https://tabelog.com/tokyo/A1315/A131503/13234195/	https://award.tabelog.com/hyakumeiten/ramen_tokyo/2021	The Tabelog Award / 百名店 2021 公式名簿候補
13204607	13204607	らぁめん山と樹	東京都	ラーメン店	ラーメン	高円寺駅	https://tabelog.com/tokyo/A1319/A131904/13204607/	https://award.tabelog.com/hyakumeiten/ramen_tokyo/2021	The Tabelog Award / 百名店 2021 公式名簿候補
13094776	13094776	青島食堂 秋葉原店	東京都	ラーメン店	ラーメン	岩本町駅	https://tabelog.com/tokyo/A1310/A131001/13094776/	https://award.tabelog.com/hyakumeiten/ramen_tokyo/2021	The Tabelog Award / 百名店 2021 公式名簿候補
13003367	13003367	はやし	東京都	ラーメン店	ラーメン	渋谷駅	https://tabelog.com/tokyo/A1303/A130301/13003367/	https://award.tabelog.com/hyakumeiten/ramen_tokyo/2021	The Tabelog Award / 百名店 2021 公式名簿候補
13008779	13008779	中華そば屋 伊藤	東京都	ラーメン店	ラーメン	王子神谷駅	https://tabelog.com/tokyo/A1323/A132304/13008779/	https://award.tabelog.com/hyakumeiten/ramen_tokyo/2021	The Tabelog Award / 百名店 2021 公式名簿候補
13000705	13000705	たんたん亭	東京都	ラーメン店	ラーメン	浜田山駅	https://tabelog.com/tokyo/A1318/A131805/13000705/	https://award.tabelog.com/hyakumeiten/ramen_tokyo/2021	The Tabelog Award / 百名店 2021 公式名簿候補
13008248	13008248	らぁめん 葉月	東京都	ラーメン店	ラーメン	雪が谷大塚駅	https://tabelog.com/tokyo/A1317/A131714/13008248/	https://award.tabelog.com/hyakumeiten/ramen_tokyo/2021	The Tabelog Award / 百名店 2021 公式名簿候補
13139195	13139195	麺や金時	東京都	ラーメン店	ラーメン	江古田駅	https://tabelog.com/tokyo/A1321/A132101/13139195/	https://award.tabelog.com/hyakumeiten/ramen_tokyo/2021	The Tabelog Award / 百名店 2021 公式名簿候補
13091258	13091258	煮干鰮らーめん 圓 八王子本店	東京都	ラーメン店	ラーメン	京王八王子駅	https://tabelog.com/tokyo/A1329/A132904/13091258/	https://award.tabelog.com/hyakumeiten/ramen_tokyo/2021	The Tabelog Award / 百名店 2021 公式名簿候補
13254631	13254631	Ramen FeeL	東京都	ラーメン店	ラーメン	日向和田駅	https://tabelog.com/tokyo/A1330/A133003/13254631/	https://award.tabelog.com/hyakumeiten/ramen_tokyo/2021	The Tabelog Award / 百名店 2021 公式名簿候補
13232817	13232817	キング製麺	東京都	ラーメン店	ラーメン	王子駅前駅	https://tabelog.com/tokyo/A1323/A132303/13232817/	https://award.tabelog.com/hyakumeiten/ramen_tokyo/2021	The Tabelog Award / 百名店 2021 公式名簿候補
13175140	13175140	煮干そば 流。	東京都	ラーメン店	ラーメン	十条駅	https://tabelog.com/tokyo/A1323/A132304/13175140/	https://award.tabelog.com/hyakumeiten/ramen_tokyo/2021	The Tabelog Award / 百名店 2021 公式名簿候補
13235761	13235761	中華ソバ ビリケン	東京都	ラーメン店	ラーメン	浅草（東武・都営・メトロ）駅	https://tabelog.com/tokyo/A1311/A131102/13235761/	https://award.tabelog.com/hyakumeiten/ramen_tokyo/2021	The Tabelog Award / 百名店 2021 公式名簿候補
13259807	13259807	つけめん金龍	東京都	ラーメン店	ラーメン	小川町駅	https://tabelog.com/tokyo/A1310/A131002/13259807/	https://award.tabelog.com/hyakumeiten/ramen_tokyo/2021	The Tabelog Award / 百名店 2021 公式名簿候補
13228602	13228602	銀座 八五	東京都	ラーメン店	ラーメン	東銀座駅	https://tabelog.com/tokyo/A1301/A130101/13228602/	https://award.tabelog.com/hyakumeiten/ramen_tokyo/2021	The Tabelog Award / 百名店 2021 公式名簿候補
13001469	13001469	一番いちばん	東京都	ラーメン店	ラーメン	町田駅	https://tabelog.com/tokyo/A1327/A132701/13001469/	https://award.tabelog.com/hyakumeiten/ramen_tokyo/2021	The Tabelog Award / 百名店 2021 公式名簿候補
13241560	13241560	Japanese Soba Noodles 蔦	東京都	ラーメン店	ラーメン	代々木上原駅	https://tabelog.com/tokyo/A1318/A131811/13241560/	https://award.tabelog.com/hyakumeiten/ramen_tokyo/2021	The Tabelog Award / 百名店 2021 公式名簿候補
13038064	13038064	燦燦斗	東京都	ラーメン店	ラーメン	東十条駅	https://tabelog.com/tokyo/A1323/A132304/13038064/	https://award.tabelog.com/hyakumeiten/ramen_tokyo/2021	The Tabelog Award / 百名店 2021 公式名簿候補
13194812	13194812	Homemade Ramen 麦苗	東京都	ラーメン店	ラーメン	大森海岸駅	https://tabelog.com/tokyo/A1315/A131502/13194812/	https://award.tabelog.com/hyakumeiten/ramen_tokyo/2021	The Tabelog Award / 百名店 2021 公式名簿候補
13151200	13151200	らぁ麺やまぐち	東京都	ラーメン店	ラーメン	面影橋駅	https://tabelog.com/tokyo/A1305/A130504/13151200/	https://award.tabelog.com/hyakumeiten/ramen_tokyo/2021	The Tabelog Award / 百名店 2021 公式名簿候補
13111737	13111737	麺屋一燈	東京都	ラーメン店	ラーメン	新小岩駅	https://tabelog.com/tokyo/A1312/A131204/13111737/	https://award.tabelog.com/hyakumeiten/ramen_tokyo/2021	The Tabelog Award / 百名店 2021 公式名簿候補
13006070	13006070	神名備	東京都	ラーメン店	ラーメン	西日暮里駅	https://tabelog.com/tokyo/A1311/A131105/13006070/	https://award.tabelog.com/hyakumeiten/ramen_tokyo/2021	The Tabelog Award / 百名店 2021 公式名簿候補
13243173	13243173	中華そば　堀川	東京都	ラーメン店	ラーメン	自由が丘駅	https://tabelog.com/tokyo/A1317/A131703/13243173/	https://award.tabelog.com/hyakumeiten/ramen_tokyo/2021	The Tabelog Award / 百名店 2021 公式名簿候補
13247487	13247487	らぁ麺や 嶋	東京都	ラーメン店	ラーメン	西新宿五丁目駅	https://tabelog.com/tokyo/A1304/A130401/13247487/	https://award.tabelog.com/hyakumeiten/ramen_tokyo/2021	The Tabelog Award / 百名店 2021 公式名簿候補
13255714	13255714	MENクライ	東京都	ラーメン店	ラーメン	浜松町駅	https://tabelog.com/tokyo/A1314/A131401/13255714/	https://award.tabelog.com/hyakumeiten/ramen_tokyo/2021	The Tabelog Award / 百名店 2021 公式名簿候補
13126816	13126816	ソラノイロ ARTISAN NOODLES	東京都	ラーメン店	ラーメン	麹町駅	https://tabelog.com/tokyo/A1308/A130803/13126816/	https://award.tabelog.com/hyakumeiten/ramen_tokyo/2021	The Tabelog Award / 百名店 2021 公式名簿候補
13240660	13240660	三ん寅	東京都	ラーメン店	ラーメン	江戸川橋駅	https://tabelog.com/tokyo/A1309/A130905/13240660/	https://award.tabelog.com/hyakumeiten/ramen_tokyo/2021	The Tabelog Award / 百名店 2021 公式名簿候補
13229011	13229011	中華そば  さわ	東京都	ラーメン店	ラーメン	中板橋駅	https://tabelog.com/tokyo/A1322/A132203/13229011/	https://award.tabelog.com/hyakumeiten/ramen_tokyo/2021	The Tabelog Award / 百名店 2021 公式名簿候補
13163874	13163874	中華ソバ 伊吹	東京都	ラーメン店	ラーメン	志村坂上駅	https://tabelog.com/tokyo/A1322/A132205/13163874/	https://award.tabelog.com/hyakumeiten/ramen_tokyo/2021	The Tabelog Award / 百名店 2021 公式名簿候補
13250293	13250293	麺屋鈴春	東京都	ラーメン店	ラーメン	本郷三丁目駅	https://tabelog.com/tokyo/A1310/A131004/13250293/	https://award.tabelog.com/hyakumeiten/ramen_tokyo/2021	The Tabelog Award / 百名店 2021 公式名簿候補
13183596	13183596	博多長浜ラーメン 健太	東京都	ラーメン店	ラーメン	高円寺駅	https://tabelog.com/tokyo/A1319/A131904/13183596/	https://award.tabelog.com/hyakumeiten/ramen_tokyo/2021	The Tabelog Award / 百名店 2021 公式名簿候補
13094595	13094595	つけ麺 道	東京都	ラーメン店	ラーメン	亀有駅	https://tabelog.com/tokyo/A1324/A132403/13094595/	https://award.tabelog.com/hyakumeiten/ramen_tokyo/2021	The Tabelog Award / 百名店 2021 公式名簿候補
13044091	13044091	風雲児	東京都	ラーメン店	ラーメン	南新宿駅	https://tabelog.com/tokyo/A1304/A130401/13044091/	https://award.tabelog.com/hyakumeiten/ramen_tokyo/2021	The Tabelog Award / 百名店 2021 公式名簿候補
13192847	13192847	ほっこり中華そば もつけ	東京都	ラーメン店	ラーメン	八王子駅	https://tabelog.com/tokyo/A1329/A132904/13192847/	https://award.tabelog.com/hyakumeiten/ramen_tokyo/2021	The Tabelog Award / 百名店 2021 公式名簿候補
13209326	13209326	かしわぎ	東京都	ラーメン店	ラーメン	東中野駅	https://tabelog.com/tokyo/A1319/A131901/13209326/	https://award.tabelog.com/hyakumeiten/ramen_tokyo/2021	The Tabelog Award / 百名店 2021 公式名簿候補
13231202	13231202	中華ソバ ちゃるめ	東京都	ラーメン店	ラーメン	糀谷駅	https://tabelog.com/tokyo/A1315/A131504/13231202/	https://award.tabelog.com/hyakumeiten/ramen_tokyo/2021	The Tabelog Award / 百名店 2021 公式名簿候補
13222172	13222172	SOBA HOUSE 金色不如帰 新宿御苑本店	東京都	ラーメン店	ラーメン	新宿御苑前駅	https://tabelog.com/tokyo/A1304/A130402/13222172/	https://award.tabelog.com/hyakumeiten/ramen_tokyo/2021	The Tabelog Award / 百名店 2021 公式名簿候補
13215409	13215409	鶏こく中華 すず喜	東京都	ラーメン店	ラーメン	三鷹駅	https://tabelog.com/tokyo/A1320/A132002/13215409/	https://award.tabelog.com/hyakumeiten/ramen_tokyo/2021	The Tabelog Award / 百名店 2021 公式名簿候補
13229952	13229952	迂直	東京都	ラーメン店	ラーメン	荻窪駅	https://tabelog.com/tokyo/A1319/A131906/13229952/	https://award.tabelog.com/hyakumeiten/ramen_tokyo/2021	The Tabelog Award / 百名店 2021 公式名簿候補
13200351	13200351	中華そば べんてん	東京都	ラーメン店	ラーメン	地下鉄成増駅	https://tabelog.com/tokyo/A1322/A132204/13200351/	https://award.tabelog.com/hyakumeiten/ramen_tokyo/2021	The Tabelog Award / 百名店 2021 公式名簿候補
13207054	13207054	ラーメン 健やか	東京都	ラーメン店	ラーメン	三鷹駅	https://tabelog.com/tokyo/A1320/A132002/13207054/	https://award.tabelog.com/hyakumeiten/ramen_tokyo/2021	The Tabelog Award / 百名店 2021 公式名簿候補
13006051	13006051	ラーメン二郎 三田本店	東京都	ラーメン店	ラーメン	三田駅	https://tabelog.com/tokyo/A1314/A131402/13006051/	https://award.tabelog.com/hyakumeiten/ramen_tokyo/2021	The Tabelog Award / 百名店 2021 公式名簿候補
13143115	13143115	麺処 晴	東京都	ラーメン店	ラーメン	入谷駅	https://tabelog.com/tokyo/A1311/A131104/13143115/	https://award.tabelog.com/hyakumeiten/ramen_tokyo/2021	The Tabelog Award / 百名店 2021 公式名簿候補
13242508	13242508	麺処 しろくろ	東京都	ラーメン店	ラーメン	八幡山駅	https://tabelog.com/tokyo/A1318/A131809/13242508/	https://award.tabelog.com/hyakumeiten/ramen_tokyo/2021	The Tabelog Award / 百名店 2021 公式名簿候補
13005052	13005052	こうかいぼう	東京都	ラーメン店	ラーメン	門前仲町駅	https://tabelog.com/tokyo/A1313/A131303/13005052/	https://award.tabelog.com/hyakumeiten/ramen_tokyo/2021	The Tabelog Award / 百名店 2021 公式名簿候補
13247939	13247939	成城青果	東京都	ラーメン店	ラーメン	芦花公園駅	https://tabelog.com/tokyo/A1318/A131809/13247939/	https://award.tabelog.com/hyakumeiten/ramen_tokyo/2021	The Tabelog Award / 百名店 2021 公式名簿候補
13217922	13217922	らーめん飛粋	東京都	ラーメン店	ラーメン	蒲田駅	https://tabelog.com/tokyo/A1315/A131503/13217922/	https://award.tabelog.com/hyakumeiten/ramen_tokyo/2021	The Tabelog Award / 百名店 2021 公式名簿候補
27018753	27018753	群青	大阪府	ラーメン店	ラーメン	天神橋筋六丁目駅	https://tabelog.com/osaka/A2701/A270103/27018753/	https://award.tabelog.com/hyakumeiten/ramen_west/2021	The Tabelog Award / 百名店 2021 公式名簿候補
27054613	27054613	麺や而今 大東本店	大阪府	ラーメン店	ラーメン	鴻池新田駅	https://tabelog.com/osaka/A2707/A270704/27054613/	https://award.tabelog.com/hyakumeiten/ramen_west/2021	The Tabelog Award / 百名店 2021 公式名簿候補
27087256	27087256	中華蕎麦 葛	大阪府	ラーメン店	ラーメン	本町駅	https://tabelog.com/osaka/A2701/A270106/27087256/	https://award.tabelog.com/hyakumeiten/ramen_west/2021	The Tabelog Award / 百名店 2021 公式名簿候補
27005006	27005006	無鉄砲  大阪店	大阪府	ラーメン店	ラーメン	今宮戎駅	https://tabelog.com/osaka/A2701/A270206/27005006/	https://award.tabelog.com/hyakumeiten/ramen_west/2021	The Tabelog Award / 百名店 2021 公式名簿候補
27073370	27073370	ラーメン坊也哲	大阪府	ラーメン店	ラーメン	若江岩田駅	https://tabelog.com/osaka/A2707/A270703/27073370/	https://award.tabelog.com/hyakumeiten/ramen_west/2021	The Tabelog Award / 百名店 2021 公式名簿候補
26001199	26001199	中華そば 高安	京都府	ラーメン店	ラーメン	一乗寺駅	https://tabelog.com/kyoto/A2601/A260303/26001199/	https://award.tabelog.com/hyakumeiten/ramen_west/2021	The Tabelog Award / 百名店 2021 公式名簿候補
27002613	27002613	博多とんこつ 天神旗	大阪府	ラーメン店	ラーメン	上新庄駅	https://tabelog.com/osaka/A2701/A270307/27002613/	https://award.tabelog.com/hyakumeiten/ramen_west/2021	The Tabelog Award / 百名店 2021 公式名簿候補
29007675	29007675	麺屋NOROMA	奈良県	ラーメン店	ラーメン	奈良市	https://tabelog.com/nara/A2901/A290101/29007675/	https://award.tabelog.com/hyakumeiten/ramen_west/2021	The Tabelog Award / 百名店 2021 公式名簿候補
26011617	26011617	俺のラーメン あっぱれ屋	京都府	ラーメン店	ラーメン	城陽市	https://tabelog.com/kyoto/A2607/A260704/26011617/	https://award.tabelog.com/hyakumeiten/ramen_west/2021	The Tabelog Award / 百名店 2021 公式名簿候補
27065090	27065090	らーめん香澄 阿波座本店	大阪府	ラーメン店	ラーメン	阿波座駅	https://tabelog.com/osaka/A2701/A270105/27065090/	https://award.tabelog.com/hyakumeiten/ramen_west/2021	The Tabelog Award / 百名店 2021 公式名簿候補
27052471	27052471	麺一盃	大阪府	ラーメン店	ラーメン	塚本駅	https://tabelog.com/osaka/A2701/A270302/27052471/	https://award.tabelog.com/hyakumeiten/ramen_west/2021	The Tabelog Award / 百名店 2021 公式名簿候補
27074457	27074457	ストライク軒	大阪府	ラーメン店	ラーメン	天神橋筋六丁目駅	https://tabelog.com/osaka/A2701/A270103/27074457/	https://award.tabelog.com/hyakumeiten/ramen_west/2021	The Tabelog Award / 百名店 2021 公式名簿候補
26023971	26023971	麺屋 たけ井 R1店	京都府	ラーメン店	ラーメン	八幡市	https://tabelog.com/kyoto/A2607/A260702/26023971/	https://award.tabelog.com/hyakumeiten/ramen_west/2021	The Tabelog Award / 百名店 2021 公式名簿候補
27082871	27082871	らーめん鱗 西中島店	大阪府	ラーメン店	ラーメン	西中島南方駅	https://tabelog.com/osaka/A2701/A270301/27082871/	https://award.tabelog.com/hyakumeiten/ramen_west/2021	The Tabelog Award / 百名店 2021 公式名簿候補
29001411	29001411	がむしゃら 奈良	奈良県	ラーメン店	ラーメン	大和郡山市	https://tabelog.com/nara/A2902/A290202/29001411/	https://award.tabelog.com/hyakumeiten/ramen_west/2021	The Tabelog Award / 百名店 2021 公式名簿候補
27074166	27074166	極麺 青二犀	大阪府	ラーメン店	ラーメン	相川駅	https://tabelog.com/osaka/A2706/A270602/27074166/	https://award.tabelog.com/hyakumeiten/ramen_west/2021	The Tabelog Award / 百名店 2021 公式名簿候補
27099659	27099659	麺や福はら	大阪府	ラーメン店	ラーメン	今里（近鉄）駅	https://tabelog.com/osaka/A2701/A270306/27099659/	https://award.tabelog.com/hyakumeiten/ramen_west/2021	The Tabelog Award / 百名店 2021 公式名簿候補
27056367	27056367	フスマにかけろ 中崎壱丁 中崎商店會1-6-18号ラーメン	大阪府	ラーメン店	ラーメン	中崎町駅	https://tabelog.com/osaka/A2701/A270103/27056367/	https://award.tabelog.com/hyakumeiten/ramen_west/2021	The Tabelog Award / 百名店 2021 公式名簿候補
27004096	27004096	麺哲 豊中	大阪府	ラーメン店	ラーメン	豊中駅	https://tabelog.com/osaka/A2706/A270601/27004096/	https://award.tabelog.com/hyakumeiten/ramen_west/2021	The Tabelog Award / 百名店 2021 公式名簿候補
27062565	27062565	中華そば いぶき	大阪府	ラーメン店	ラーメン	天神橋筋六丁目駅	https://tabelog.com/osaka/A2701/A270103/27062565/	https://award.tabelog.com/hyakumeiten/ramen_west/2021	The Tabelog Award / 百名店 2021 公式名簿候補
26017870	26017870	麺屋 極鶏	京都府	ラーメン店	ラーメン	一乗寺駅	https://tabelog.com/kyoto/A2601/A260303/26017870/	https://award.tabelog.com/hyakumeiten/ramen_west/2021	The Tabelog Award / 百名店 2021 公式名簿候補
27078739	27078739	麺匠 而今	大阪府	ラーメン店	ラーメン	滝井駅	https://tabelog.com/osaka/A2707/A270701/27078739/	https://award.tabelog.com/hyakumeiten/ramen_west/2021	The Tabelog Award / 百名店 2021 公式名簿候補
29004440	29004440	つけ麺無心	奈良県	ラーメン店	ラーメン	奈良市	https://tabelog.com/nara/A2901/A290102/29004440/	https://award.tabelog.com/hyakumeiten/ramen_west/2021	The Tabelog Award / 百名店 2021 公式名簿候補
27042439	27042439	麺元素	大阪府	ラーメン店	ラーメン	天満駅	https://tabelog.com/osaka/A2701/A270103/27042439/	https://award.tabelog.com/hyakumeiten/ramen_west/2021	The Tabelog Award / 百名店 2021 公式名簿候補
27091454	27091454	燃えよ麺助	大阪府	ラーメン店	ラーメン	福島駅	https://tabelog.com/osaka/A2701/A270108/27091454/	https://award.tabelog.com/hyakumeiten/ramen_west/2021	The Tabelog Award / 百名店 2021 公式名簿候補
27050596	27050596	らーめんstyle JUNK STORY 本店	大阪府	ラーメン店	ラーメン	谷町九丁目駅	https://tabelog.com/osaka/A2701/A270205/27050596/	https://award.tabelog.com/hyakumeiten/ramen_west/2021	The Tabelog Award / 百名店 2021 公式名簿候補
26004660	26004660	吟醸らーめん 久保田	京都府	ラーメン店	ラーメン	五条（京都市営）駅	https://tabelog.com/kyoto/A2601/A260101/26004660/	https://award.tabelog.com/hyakumeiten/ramen_west/2021	The Tabelog Award / 百名店 2021 公式名簿候補
24000851	24000851	らーめん 鉢ノ葦葉	三重県	ラーメン店	ラーメン	四日市市	https://tabelog.com/mie/A2402/A240201/24000851/	https://award.tabelog.com/hyakumeiten/ramen_west/2021	The Tabelog Award / 百名店 2021 公式名簿候補
28037743	28037743	中華そば麦右衛門	兵庫県	ラーメン店	ラーメン	揖保郡太子町	https://tabelog.com/hyogo/A2805/A280503/28037743/	https://award.tabelog.com/hyakumeiten/ramen_west/2021	The Tabelog Award / 百名店 2021 公式名簿候補
27064537	27064537	麺や 紡	大阪府	ラーメン店	ラーメン	宇野辺駅	https://tabelog.com/osaka/A2706/A270604/27064537/	https://award.tabelog.com/hyakumeiten/ramen_west/2021	The Tabelog Award / 百名店 2021 公式名簿候補
27077641	27077641	ふく流らーめん 轍 本町本店	大阪府	ラーメン店	ラーメン	本町駅	https://tabelog.com/osaka/A2701/A270106/27077641/	https://award.tabelog.com/hyakumeiten/ramen_west/2021	The Tabelog Award / 百名店 2021 公式名簿候補
27079245	27079245	福島壱麺	大阪府	ラーメン店	ラーメン	福島駅	https://tabelog.com/osaka/A2701/A270108/27079245/	https://award.tabelog.com/hyakumeiten/ramen_west/2021	The Tabelog Award / 百名店 2021 公式名簿候補
28031755	28031755	らーめん専門 和海	兵庫県	ラーメン店	ラーメン	武庫川駅	https://tabelog.com/hyogo/A2803/A280304/28031755/	https://award.tabelog.com/hyakumeiten/ramen_west/2021	The Tabelog Award / 百名店 2021 公式名簿候補
27082568	27082568	桐麺 本店	大阪府	ラーメン店	ラーメン	神崎川駅	https://tabelog.com/osaka/A2701/A270302/27082568/	https://award.tabelog.com/hyakumeiten/ramen_west/2021	The Tabelog Award / 百名店 2021 公式名簿候補
27053626	27053626	中華そば 無限	大阪府	ラーメン店	ラーメン	海老江駅	https://tabelog.com/osaka/A2701/A270108/27053626/	https://award.tabelog.com/hyakumeiten/ramen_west/2021	The Tabelog Award / 百名店 2021 公式名簿候補
26017616	26017616	拳ラーメン	京都府	ラーメン店	ラーメン	梅小路京都西駅	https://tabelog.com/kyoto/A2601/A260203/26017616/	https://award.tabelog.com/hyakumeiten/ramen_west/2021	The Tabelog Award / 百名店 2021 公式名簿候補
29006502	29006502	ラーメン家 みつ葉	奈良県	ラーメン店	ラーメン	奈良市	https://tabelog.com/nara/A2901/A290102/29006502/	https://award.tabelog.com/hyakumeiten/ramen_west/2021	The Tabelog Award / 百名店 2021 公式名簿候補
26008681	26008681	山崎麺二郎	京都府	ラーメン店	ラーメン	円町駅	https://tabelog.com/kyoto/A2601/A260501/26008681/	https://award.tabelog.com/hyakumeiten/ramen_west/2021	The Tabelog Award / 百名店 2021 公式名簿候補
27083921	27083921	らーめん颯人	大阪府	ラーメン店	ラーメン	南森町駅	https://tabelog.com/osaka/A2701/A270103/27083921/	https://award.tabelog.com/hyakumeiten/ramen_west/2021	The Tabelog Award / 百名店 2021 公式名簿候補
27064101	27064101	中村商店 高槻本店	大阪府	ラーメン店	ラーメン	高槻駅	https://tabelog.com/osaka/A2706/A270604/27064101/	https://award.tabelog.com/hyakumeiten/ramen_west/2021	The Tabelog Award / 百名店 2021 公式名簿候補
27015801	27015801	とんぴととりの光龍益	大阪府	ラーメン店	ラーメン	桜ノ宮駅	https://tabelog.com/osaka/A2701/A270304/27015801/	https://award.tabelog.com/hyakumeiten/ramen_west/2021	The Tabelog Award / 百名店 2021 公式名簿候補
27101904	27101904	いかれたヌードル フィッシュトンズ	大阪府	ラーメン店	ラーメン	西大橋駅	https://tabelog.com/osaka/A2701/A270201/27101904/	https://award.tabelog.com/hyakumeiten/ramen_west/2021	The Tabelog Award / 百名店 2021 公式名簿候補
27003232	27003232	らーめん弥七	大阪府	ラーメン店	ラーメン	中津（大阪メトロ）駅	https://tabelog.com/osaka/A2701/A270101/27003232/	https://award.tabelog.com/hyakumeiten/ramen_west/2021	The Tabelog Award / 百名店 2021 公式名簿候補
25000362	25000362	ラーメンにっこう	滋賀県	ラーメン店	ラーメン	彦根市	https://tabelog.com/shiga/A2503/A250303/25000362/	https://award.tabelog.com/hyakumeiten/ramen_west/2021	The Tabelog Award / 百名店 2021 公式名簿候補
27000534	27000534	洛二神	大阪府	ラーメン店	ラーメン	天神橋筋六丁目駅	https://tabelog.com/osaka/A2701/A270103/27000534/	https://award.tabelog.com/hyakumeiten/ramen_west/2021	The Tabelog Award / 百名店 2021 公式名簿候補
27007898	27007898	あす流	大阪府	ラーメン店	ラーメン	高槻駅	https://tabelog.com/osaka/A2706/A270604/27007898/	https://award.tabelog.com/hyakumeiten/ramen_west/2021	The Tabelog Award / 百名店 2021 公式名簿候補
27084754	27084754	麺屋 丈六 なんば店	大阪府	ラーメン店	ラーメン	難波（南海）駅	https://tabelog.com/osaka/A2701/A270202/27084754/	https://award.tabelog.com/hyakumeiten/ramen_west/2021	The Tabelog Award / 百名店 2021 公式名簿候補
26000791	26000791	新福菜館 本店	京都府	ラーメン店	ラーメン	京都駅	https://tabelog.com/kyoto/A2601/A260101/26000791/	https://award.tabelog.com/hyakumeiten/ramen_west/2021	The Tabelog Award / 百名店 2021 公式名簿候補
27083381	27083381	らぁめん真	大阪府	ラーメン店	ラーメン	茨木駅	https://tabelog.com/osaka/A2706/A270604/27083381/	https://award.tabelog.com/hyakumeiten/ramen_west/2021	The Tabelog Award / 百名店 2021 公式名簿候補
27072765	27072765	麺のようじ	大阪府	ラーメン店	ラーメン	日本橋駅	https://tabelog.com/osaka/A2701/A270202/27072765/	https://award.tabelog.com/hyakumeiten/ramen_west/2021	The Tabelog Award / 百名店 2021 公式名簿候補
27050827	27050827	ラーメン人生JET	大阪府	ラーメン店	ラーメン	福島駅	https://tabelog.com/osaka/A2701/A270108/27050827/	https://award.tabelog.com/hyakumeiten/ramen_west/2021	The Tabelog Award / 百名店 2021 公式名簿候補
26030760	26030760	晴耕雨読	京都府	ラーメン店	ラーメン	宇治（ＪＲ）駅	https://tabelog.com/kyoto/A2607/A260701/26030760/	https://award.tabelog.com/hyakumeiten/ramen_west/2021	The Tabelog Award / 百名店 2021 公式名簿候補
27093539	27093539	極汁美麺 umami	大阪府	ラーメン店	ラーメン	河内小阪駅	https://tabelog.com/osaka/A2707/A270703/27093539/	https://award.tabelog.com/hyakumeiten/ramen_west/2021	The Tabelog Award / 百名店 2021 公式名簿候補
26023737	26023737	あいつのラーメン かたぐるま 本店	京都府	ラーメン店	ラーメン	丹波口駅	https://tabelog.com/kyoto/A2601/A260203/26023737/	https://award.tabelog.com/hyakumeiten/ramen_west/2021	The Tabelog Award / 百名店 2021 公式名簿候補
27086371	27086371	鶏Soba 座銀 にぼし店	大阪府	ラーメン店	ラーメン	心斎橋駅	https://tabelog.com/osaka/A2701/A270201/27086371/	https://award.tabelog.com/hyakumeiten/ramen_west/2021	The Tabelog Award / 百名店 2021 公式名簿候補
26000873	26000873	本家 第一旭 本店	京都府	ラーメン店	ラーメン	京都駅	https://tabelog.com/kyoto/A2601/A260101/26000873/	https://award.tabelog.com/hyakumeiten/ramen_west/2021	The Tabelog Award / 百名店 2021 公式名簿候補
27059898	27059898	烈火 本店	大阪府	ラーメン店	ラーメン	庄内駅	https://tabelog.com/osaka/A2706/A270601/27059898/	https://award.tabelog.com/hyakumeiten/ramen_west/2021	The Tabelog Award / 百名店 2021 公式名簿候補
16001104	16001104	貪瞋癡	富山県	ラーメン店	ラーメン	氷見市	https://tabelog.com/toyama/A1604/A160402/16001104/	https://award.tabelog.com/hyakumeiten/ramen_west/2021	The Tabelog Award / 百名店 2021 公式名簿候補
27058724	27058724	三谷製麺所 鶴橋店	大阪府	ラーメン店	ラーメン	鶴橋駅	https://tabelog.com/osaka/A2701/A270306/27058724/	https://award.tabelog.com/hyakumeiten/ramen_west/2021	The Tabelog Award / 百名店 2021 公式名簿候補
27080479	27080479	大阪麺哲	大阪府	ラーメン店	ラーメン	東梅田駅	https://tabelog.com/osaka/A2701/A270101/27080479/	https://award.tabelog.com/hyakumeiten/ramen_west/2021	The Tabelog Award / 百名店 2021 公式名簿候補
27061126	27061126	中華そば 閃	大阪府	ラーメン店	ラーメン	あびこ駅	https://tabelog.com/osaka/A2701/A270404/27061126/	https://award.tabelog.com/hyakumeiten/ramen_west/2021	The Tabelog Award / 百名店 2021 公式名簿候補
28050830	28050830	ぶたのほし	兵庫県	ラーメン店	ラーメン	尼崎（ＪＲ）駅	https://tabelog.com/hyogo/A2803/A280304/28050830/	https://award.tabelog.com/hyakumeiten/ramen_west/2021	The Tabelog Award / 百名店 2021 公式名簿候補
27064584	27064584	人類みな麺類	大阪府	ラーメン店	ラーメン	南方駅	https://tabelog.com/osaka/A2701/A270301/27064584/	https://award.tabelog.com/hyakumeiten/ramen_west/2021	The Tabelog Award / 百名店 2021 公式名簿候補
27069769	27069769	中華そば うえまち	大阪府	ラーメン店	ラーメン	谷町六丁目駅	https://tabelog.com/osaka/A2701/A270204/27069769/	https://award.tabelog.com/hyakumeiten/ramen_west/2021	The Tabelog Award / 百名店 2021 公式名簿候補
27060153	27060153	手打ち麺 やす田	大阪府	ラーメン店	ラーメン	新大阪駅	https://tabelog.com/osaka/A2701/A270301/27060153/	https://award.tabelog.com/hyakumeiten/ramen_west/2021	The Tabelog Award / 百名店 2021 公式名簿候補
27059047	27059047	ラーメン人生JET600	大阪府	ラーメン店	ラーメン	玉造（ＪＲ）駅	https://tabelog.com/osaka/A2701/A270204/27059047/	https://award.tabelog.com/hyakumeiten/ramen_west/2021	The Tabelog Award / 百名店 2021 公式名簿候補
26017227	26017227	麺屋 たけ井 本店	京都府	ラーメン店	ラーメン	長池駅	https://tabelog.com/kyoto/A2607/A260704/26017227/	https://award.tabelog.com/hyakumeiten/ramen_west/2021	The Tabelog Award / 百名店 2021 公式名簿候補
27040392	27040392	彩色ラーメンきんせい 高槻駅前店	大阪府	ラーメン店	ラーメン	高槻市駅	https://tabelog.com/osaka/A2706/A270604/27040392/	https://award.tabelog.com/hyakumeiten/ramen_west/2021	The Tabelog Award / 百名店 2021 公式名簿候補
27071670	27071670	麺屋 はなぶさ	大阪府	ラーメン店	ラーメン	堺筋本町駅	https://tabelog.com/osaka/A2701/A270106/27071670/	https://award.tabelog.com/hyakumeiten/ramen_west/2021	The Tabelog Award / 百名店 2021 公式名簿候補
28045107	28045107	つけ麺 繁田	兵庫県	ラーメン店	ラーメン	新在家駅	https://tabelog.com/hyogo/A2801/A280108/28045107/	https://award.tabelog.com/hyakumeiten/ramen_west/2021	The Tabelog Award / 百名店 2021 公式名簿候補
29006955	29006955	麺処 と市	奈良県	ラーメン店	ラーメン	橿原市	https://tabelog.com/nara/A2903/A290302/29006955/	https://award.tabelog.com/hyakumeiten/ramen_west/2021	The Tabelog Award / 百名店 2021 公式名簿候補
26025306	26025306	らぁ麺 とうひち	京都府	ラーメン店	ラーメン	京都市北区	https://tabelog.com/kyoto/A2601/A260503/26025306/	https://award.tabelog.com/hyakumeiten/ramen_west/2021	The Tabelog Award / 百名店 2021 公式名簿候補
27077402	27077402	世界一暇なラーメン屋	大阪府	ラーメン店	ラーメン	渡辺橋駅	https://tabelog.com/osaka/A2701/A270102/27077402/	https://award.tabelog.com/hyakumeiten/ramen_west/2021	The Tabelog Award / 百名店 2021 公式名簿候補
26000827	26000827	新宿めんや風花	京都府	ラーメン店	ラーメン	四条（京都市営）駅	https://tabelog.com/kyoto/A2601/A260201/26000827/	https://award.tabelog.com/hyakumeiten/ramen_west/2021	The Tabelog Award / 百名店 2021 公式名簿候補
27003383	27003383	総大醤	大阪府	ラーメン店	ラーメン	天神橋筋六丁目駅	https://tabelog.com/osaka/A2701/A270103/27003383/	https://award.tabelog.com/hyakumeiten/ramen_west/2021	The Tabelog Award / 百名店 2021 公式名簿候補
27052519	27052519	かしや	大阪府	ラーメン店	ラーメン	玉出駅	https://tabelog.com/osaka/A2701/A270406/27052519/	https://award.tabelog.com/hyakumeiten/ramen_west/2021	The Tabelog Award / 百名店 2021 公式名簿候補
28040621	28040621	担担麺専門店 DAN DAN NOODLES. ENISHI	兵庫県	ラーメン店	ラーメン	岩屋駅	https://tabelog.com/hyogo/A2801/A280103/28040621/	https://award.tabelog.com/hyakumeiten/ramen_west/2021	The Tabelog Award / 百名店 2021 公式名簿候補
26029285	26029285	麺屋 さん田	京都府	ラーメン店	ラーメン	西院（阪急）駅	https://tabelog.com/kyoto/A2601/A260401/26029285/	https://award.tabelog.com/hyakumeiten/ramen_west/2021	The Tabelog Award / 百名店 2021 公式名簿候補
27058993	27058993	烈志笑魚油 麺香房 三く	大阪府	ラーメン店	ラーメン	新福島駅	https://tabelog.com/osaka/A2701/A270108/27058993/	https://award.tabelog.com/hyakumeiten/ramen_west/2021	The Tabelog Award / 百名店 2021 公式名簿候補
27001084	27001084	カドヤ食堂 総本店	大阪府	ラーメン店	ラーメン	西長堀駅	https://tabelog.com/osaka/A2701/A270105/27001084/	https://award.tabelog.com/hyakumeiten/ramen_west/2021	The Tabelog Award / 百名店 2021 公式名簿候補
28040893	28040893	ロックンビリーS1	兵庫県	ラーメン店	ラーメン	塚口（ＪＲ）駅	https://tabelog.com/hyogo/A2803/A280304/28040893/	https://award.tabelog.com/hyakumeiten/ramen_west/2021	The Tabelog Award / 百名店 2021 公式名簿候補
27040424	27040424	時屋	大阪府	ラーメン店	ラーメン	西中島南方駅	https://tabelog.com/osaka/A2701/A270301/27040424/	https://award.tabelog.com/hyakumeiten/ramen_west/2021	The Tabelog Award / 百名店 2021 公式名簿候補
26002160	26002160	無鉄砲 本店	京都府	ラーメン店	ラーメン	木津川市	https://tabelog.com/kyoto/A2607/A260705/26002160/	https://award.tabelog.com/hyakumeiten/ramen_west/2021	The Tabelog Award / 百名店 2021 公式名簿候補
26003182	26003182	麺や高倉二条	京都府	ラーメン店	ラーメン	丸太町（京都市営）駅	https://tabelog.com/kyoto/A2601/A260202/26003182/	https://award.tabelog.com/hyakumeiten/ramen_west/2021	The Tabelog Award / 百名店 2021 公式名簿候補
27077480	27077480	らーめん鱗 茨木店	大阪府	ラーメン店	ラーメン	茨木市駅	https://tabelog.com/osaka/A2706/A270604/27077480/	https://award.tabelog.com/hyakumeiten/ramen_west/2021	The Tabelog Award / 百名店 2021 公式名簿候補
17001321	17001321	自然派ラーメン 神楽	石川県	ラーメン店	ラーメン	金沢市	https://tabelog.com/ishikawa/A1701/A170101/17001321/	https://award.tabelog.com/hyakumeiten/ramen_west/2021	The Tabelog Award / 百名店 2021 公式名簿候補
40000488	40000488	博多元気一杯!!	福岡県	ラーメン店	ラーメン	呉服町駅	https://tabelog.com/fukuoka/A4001/A400106/40000488/	https://award.tabelog.com/hyakumeiten/ramen_west/2021	The Tabelog Award / 百名店 2021 公式名簿候補
27017957	27017957	麺屋 えぐち	大阪府	ラーメン店	ラーメン	江坂駅	https://tabelog.com/osaka/A2706/A270602/27017957/	https://award.tabelog.com/hyakumeiten/ramen_west/2021	The Tabelog Award / 百名店 2021 公式名簿候補
29008833	29008833	らぁめん トリカヂ イッパイ	奈良県	ラーメン店	ラーメン	生駒市	https://tabelog.com/nara/A2902/A290201/29008833/	https://award.tabelog.com/hyakumeiten/ramen_west/2021	The Tabelog Award / 百名店 2021 公式名簿候補
27061072	27061072	麺屋 八海山	大阪府	ラーメン店	ラーメン	高槻駅	https://tabelog.com/osaka/A2706/A270604/27061072/	https://award.tabelog.com/hyakumeiten/ramen_west/2021	The Tabelog Award / 百名店 2021 公式名簿候補
27104891	27104891	麦と麺助	大阪府	ラーメン店	ラーメン	中津（大阪メトロ）駅	https://tabelog.com/osaka/A2701/A270101/27104891/	https://award.tabelog.com/hyakumeiten/ramen_west/2021	The Tabelog Award / 百名店 2021 公式名簿候補
26022456	26022456	セアブラノ神 壬生本店	京都府	ラーメン店	ラーメン	四条大宮駅	https://tabelog.com/kyoto/A2601/A260203/26022456/	https://award.tabelog.com/hyakumeiten/ramen_west/2021	The Tabelog Award / 百名店 2021 公式名簿候補
28042762	28042762	らーめん専門 和心 武庫之荘店	兵庫県	ラーメン店	ラーメン	武庫之荘駅	https://tabelog.com/hyogo/A2803/A280304/28042762/	https://award.tabelog.com/hyakumeiten/ramen_west/2021	The Tabelog Award / 百名店 2021 公式名簿候補
27002131	27002131	彩色ラーメン きんせい総本家 夢風	大阪府	ラーメン店	ラーメン	高槻市	https://tabelog.com/osaka/A2706/A270604/27002131/	https://award.tabelog.com/hyakumeiten/ramen_west/2021	The Tabelog Award / 百名店 2021 公式名簿候補
27059500	27059500	麺屋彩々 昭和町本店	大阪府	ラーメン店	ラーメン	昭和町駅	https://tabelog.com/osaka/A2701/A270203/27059500/	https://award.tabelog.com/hyakumeiten/ramen_west/2021	The Tabelog Award / 百名店 2021 公式名簿候補
27092383	27092383	京都 麺屋たけ井 阪急梅田店	大阪府	ラーメン店	ラーメン	大阪梅田（阪急）駅	https://tabelog.com/osaka/A2701/A270101/27092383/	https://award.tabelog.com/hyakumeiten/ramen_west/2021	The Tabelog Award / 百名店 2021 公式名簿候補
40032701	40032701	博多一双 博多駅東本店	福岡県	ラーメン店	ラーメン	博多駅	https://tabelog.com/fukuoka/A4001/A400101/40032701/	https://award.tabelog.com/hyakumeiten/ramen_west/2021	The Tabelog Award / 百名店 2021 公式名簿候補
29009138	29009138	麺～leads～なかの 大和高田本店	奈良県	ラーメン店	ラーメン	大和高田市	https://tabelog.com/nara/A2903/A290302/29009138/	https://award.tabelog.com/hyakumeiten/ramen_west/2021	The Tabelog Award / 百名店 2021 公式名簿候補
27007813	27007813	自己流ラーメン綿麺	大阪府	ラーメン店	ラーメン	松原市	https://tabelog.com/osaka/A2708/A270801/27007813/	https://award.tabelog.com/hyakumeiten/ramen_west/2021	The Tabelog Award / 百名店 2021 公式名簿候補
27079112	27079112	鶏 soba 座銀 本店	大阪府	ラーメン店	ラーメン	肥後橋駅	https://tabelog.com/osaka/A2701/A270102/27079112/	https://award.tabelog.com/hyakumeiten/ramen_west/2021	The Tabelog Award / 百名店 2021 公式名簿候補
13003972	13003972	そば処 和邑	東京都	飲食店	そば	雑司が谷（東京メトロ）駅	https://tabelog.com/tokyo/A1305/A130502/13003972/	https://award.tabelog.com/hyakumeiten/soba/2021	The Tabelog Award / 百名店 2021 公式名簿候補
26002621	26002621	蕎麦の実 よしむら	京都府	飲食店	そば	五条（京都市営）駅	https://tabelog.com/kyoto/A2601/A260201/26002621/	https://award.tabelog.com/hyakumeiten/soba/2021	The Tabelog Award / 百名店 2021 公式名簿候補
28000070	28000070	ろあん松田 篠山店	兵庫県	飲食店	そば	篠山市	https://tabelog.com/hyogo/A2807/A280702/28000070/	https://award.tabelog.com/hyakumeiten/soba/2021	The Tabelog Award / 百名店 2021 公式名簿候補
1000649	1000649	手打蕎麦のたぐと	北海道	飲食店	そば	発寒南駅	https://tabelog.com/hokkaido/A0101/A010204/1000649/	https://award.tabelog.com/hyakumeiten/soba/2021	The Tabelog Award / 百名店 2021 公式名簿候補
32000003	32000003	羽根屋 本店	島根県	飲食店	そば	出雲市	https://tabelog.com/shimane/A3202/A320201/32000003/	https://award.tabelog.com/hyakumeiten/soba/2021	The Tabelog Award / 百名店 2021 公式名簿候補
26000389	26000389	おがわ	京都府	飲食店	そば	北大路駅	https://tabelog.com/kyoto/A2601/A260503/26000389/	https://award.tabelog.com/hyakumeiten/soba/2021	The Tabelog Award / 百名店 2021 公式名簿候補
13002967	13002967	江戸蕎麦ほそ川	東京都	飲食店	そば	両国駅	https://tabelog.com/tokyo/A1312/A131201/13002967/	https://award.tabelog.com/hyakumeiten/soba/2021	The Tabelog Award / 百名店 2021 公式名簿候補
14035065	14035065	蕎房　猪口屋	神奈川県	飲食店	そば	茅ヶ崎市	https://tabelog.com/kanagawa/A1404/A140406/14035065/	https://award.tabelog.com/hyakumeiten/soba/2021	The Tabelog Award / 百名店 2021 公式名簿候補
23005253	23005253	七里庵	愛知県	飲食店	そば	東枇杷島駅	https://tabelog.com/aichi/A2301/A230113/23005253/	https://award.tabelog.com/hyakumeiten/soba/2021	The Tabelog Award / 百名店 2021 公式名簿候補
45000675	45000675	蕎麦處 しみず	宮崎県	飲食店	そば	宮崎市	https://tabelog.com/miyazaki/A4501/A450101/45000675/	https://award.tabelog.com/hyakumeiten/soba/2021	The Tabelog Award / 百名店 2021 公式名簿候補
13005984	13005984	蕎麦懐石 無庵	東京都	飲食店	そば	立川北駅	https://tabelog.com/tokyo/A1329/A132901/13005984/	https://award.tabelog.com/hyakumeiten/soba/2021	The Tabelog Award / 百名店 2021 公式名簿候補
13020841	13020841	眠庵	東京都	飲食店	そば	淡路町駅	https://tabelog.com/tokyo/A1310/A131002/13020841/	https://award.tabelog.com/hyakumeiten/soba/2021	The Tabelog Award / 百名店 2021 公式名簿候補
23004733	23004733	手挽きそば 一心	愛知県	飲食店	そば	名古屋競馬場前駅	https://tabelog.com/aichi/A2301/A230112/23004733/	https://award.tabelog.com/hyakumeiten/soba/2021	The Tabelog Award / 百名店 2021 公式名簿候補
13019153	13019153	木挽町 湯津上屋	東京都	飲食店	そば	新富町駅	https://tabelog.com/tokyo/A1313/A131301/13019153/	https://award.tabelog.com/hyakumeiten/soba/2021	The Tabelog Award / 百名店 2021 公式名簿候補
13018408	13018408	よし房 凛	東京都	飲食店	そば	根津駅	https://tabelog.com/tokyo/A1311/A131106/13018408/	https://award.tabelog.com/hyakumeiten/soba/2021	The Tabelog Award / 百名店 2021 公式名簿候補
13000716	13000716	西荻窪 鞍馬	東京都	飲食店	そば	西荻窪駅	https://tabelog.com/tokyo/A1319/A131907/13000716/	https://award.tabelog.com/hyakumeiten/soba/2021	The Tabelog Award / 百名店 2021 公式名簿候補
13020236	13020236	巽蕎麦 志ま平	東京都	飲食店	そば	牛込神楽坂駅	https://tabelog.com/tokyo/A1309/A130905/13020236/	https://award.tabelog.com/hyakumeiten/soba/2021	The Tabelog Award / 百名店 2021 公式名簿候補
13001587	13001587	利庵	東京都	飲食店	そば	白金台駅	https://tabelog.com/tokyo/A1316/A131602/13001587/	https://award.tabelog.com/hyakumeiten/soba/2021	The Tabelog Award / 百名店 2021 公式名簿候補
13000259	13000259	手打そば 大川や	東京都	飲食店	そば	市ケ谷駅	https://tabelog.com/tokyo/A1309/A130904/13000259/	https://award.tabelog.com/hyakumeiten/soba/2021	The Tabelog Award / 百名店 2021 公式名簿候補
13020154	13020154	蕎麦 たじま	東京都	飲食店	そば	広尾駅	https://tabelog.com/tokyo/A1307/A130703/13020154/	https://award.tabelog.com/hyakumeiten/soba/2021	The Tabelog Award / 百名店 2021 公式名簿候補
13001095	13001095	本むら庵 荻窪本店	東京都	飲食店	そば	荻窪駅	https://tabelog.com/tokyo/A1319/A131906/13001095/	https://award.tabelog.com/hyakumeiten/soba/2021	The Tabelog Award / 百名店 2021 公式名簿候補
27000530	27000530	蕎麦 たかま	大阪府	飲食店	そば	天神橋筋六丁目駅	https://tabelog.com/osaka/A2701/A270103/27000530/	https://award.tabelog.com/hyakumeiten/soba/2021	The Tabelog Award / 百名店 2021 公式名簿候補
13003331	13003331	布恒更科	東京都	飲食店	そば	大森海岸駅	https://tabelog.com/tokyo/A1315/A131502/13003331/	https://award.tabelog.com/hyakumeiten/soba/2021	The Tabelog Award / 百名店 2021 公式名簿候補
13025978	13025978	手打蕎麦 じゆうさん	東京都	飲食店	そば	東長崎駅	https://tabelog.com/tokyo/A1321/A132101/13025978/	https://award.tabelog.com/hyakumeiten/soba/2021	The Tabelog Award / 百名店 2021 公式名簿候補
13111033	13111033	山形田	東京都	飲食店	そば	銀座一丁目駅	https://tabelog.com/tokyo/A1301/A130101/13111033/	https://award.tabelog.com/hyakumeiten/soba/2021	The Tabelog Award / 百名店 2021 公式名簿候補
26001676	26001676	手打ち蕎麦 かね井	京都府	飲食店	そば	京都市北区	https://tabelog.com/kyoto/A2601/A260503/26001676/	https://award.tabelog.com/hyakumeiten/soba/2021	The Tabelog Award / 百名店 2021 公式名簿候補
13000334	13000334	かんだやぶそば	東京都	飲食店	そば	淡路町駅	https://tabelog.com/tokyo/A1310/A131002/13000334/	https://award.tabelog.com/hyakumeiten/soba/2021	The Tabelog Award / 百名店 2021 公式名簿候補
13019925	13019925	手打ち蕎麦 銀杏	東京都	飲食店	そば	西大島駅	https://tabelog.com/tokyo/A1312/A131202/13019925/	https://award.tabelog.com/hyakumeiten/soba/2021	The Tabelog Award / 百名店 2021 公式名簿候補
13003773	13003773	千寿 竹やぶ	東京都	飲食店	そば	千住大橋駅	https://tabelog.com/tokyo/A1324/A132402/13003773/	https://award.tabelog.com/hyakumeiten/soba/2021	The Tabelog Award / 百名店 2021 公式名簿候補
13028732	13028732	打心蕎庵	東京都	飲食店	そば	下北沢駅	https://tabelog.com/tokyo/A1318/A131802/13028732/	https://award.tabelog.com/hyakumeiten/soba/2021	The Tabelog Award / 百名店 2021 公式名簿候補
13023064	13023064	手打ち蕎麦 成冨	東京都	飲食店	そば	築地市場駅	https://tabelog.com/tokyo/A1313/A131301/13023064/	https://award.tabelog.com/hyakumeiten/soba/2021	The Tabelog Award / 百名店 2021 公式名簿候補
23001747	23001747	志蕎庵 江月	愛知県	飲食店	そば	名古屋市名東区	https://tabelog.com/aichi/A2301/A230114/23001747/	https://award.tabelog.com/hyakumeiten/soba/2021	The Tabelog Award / 百名店 2021 公式名簿候補
13009812	13009812	手打ちそば 根津 鷹匠	東京都	飲食店	そば	根津駅	https://tabelog.com/tokyo/A1311/A131106/13009812/	https://award.tabelog.com/hyakumeiten/soba/2021	The Tabelog Award / 百名店 2021 公式名簿候補
13000604	13000604	松翁	東京都	飲食店	そば	神保町駅	https://tabelog.com/tokyo/A1310/A131003/13000604/	https://award.tabelog.com/hyakumeiten/soba/2021	The Tabelog Award / 百名店 2021 公式名簿候補
32000016	32000016	神代そば	島根県	飲食店	そば	松江市	https://tabelog.com/shimane/A3201/A320101/32000016/	https://award.tabelog.com/hyakumeiten/soba/2021	The Tabelog Award / 百名店 2021 公式名簿候補
13006022	13006022	蕎麦 坐忘	東京都	飲食店	そば	西八王子駅	https://tabelog.com/tokyo/A1329/A132904/13006022/	https://award.tabelog.com/hyakumeiten/soba/2021	The Tabelog Award / 百名店 2021 公式名簿候補
12000067	12000067	竹やぶ 柏本店	千葉県	飲食店	そば	柏市	https://tabelog.com/chiba/A1203/A120301/12000067/	https://award.tabelog.com/hyakumeiten/soba/2021	The Tabelog Award / 百名店 2021 公式名簿候補
29000052	29000052	玄	奈良県	飲食店	そば	奈良市	https://tabelog.com/nara/A2901/A290101/29000052/	https://award.tabelog.com/hyakumeiten/soba/2021	The Tabelog Award / 百名店 2021 公式名簿候補
40003973	40003973	赤間茶屋 あ三五	福岡県	飲食店	そば	薬院駅	https://tabelog.com/fukuoka/A4001/A400104/40003973/	https://award.tabelog.com/hyakumeiten/soba/2021	The Tabelog Award / 百名店 2021 公式名簿候補
12003116	12003116	流山 すず季	千葉県	飲食店	そば	初石駅	https://tabelog.com/chiba/A1203/A120305/12003116/	https://award.tabelog.com/hyakumeiten/soba/2021	The Tabelog Award / 百名店 2021 公式名簿候補
13004378	13004378	石臼挽き手打ち蕎麦 高はし	東京都	飲食店	そば	荻窪駅	https://tabelog.com/tokyo/A1319/A131906/13004378/	https://award.tabelog.com/hyakumeiten/soba/2021	The Tabelog Award / 百名店 2021 公式名簿候補
8000966	8000966	鯨荘 塩町館	茨城県	飲食店	そば	常陸太田市	https://tabelog.com/ibaraki/A0805/A080502/8000966/	https://award.tabelog.com/hyakumeiten/soba/2021	The Tabelog Award / 百名店 2021 公式名簿候補
27040266	27040266	そば切り文目堂	大阪府	飲食店	そば	谷町六丁目駅	https://tabelog.com/osaka/A2701/A270204/27040266/	https://award.tabelog.com/hyakumeiten/soba/2021	The Tabelog Award / 百名店 2021 公式名簿候補
13159030	13159030	つきじ 文化人	東京都	飲食店	そば	築地駅	https://tabelog.com/tokyo/A1301/A130101/13159030/	https://award.tabelog.com/hyakumeiten/soba/2021	The Tabelog Award / 百名店 2021 公式名簿候補
13001865	13001865	しながわ翁	東京都	飲食店	そば	北品川駅	https://tabelog.com/tokyo/A1314/A131405/13001865/	https://award.tabelog.com/hyakumeiten/soba/2021	The Tabelog Award / 百名店 2021 公式名簿候補
13003757	13003757	蕎亭 大黒屋	東京都	飲食店	そば	浅草（つくばＥＸＰ）駅	https://tabelog.com/tokyo/A1311/A131102/13003757/	https://award.tabelog.com/hyakumeiten/soba/2021	The Tabelog Award / 百名店 2021 公式名簿候補
13002725	13002725	玄蕎麦 野中	東京都	飲食店	そば	中村橋駅	https://tabelog.com/tokyo/A1321/A132102/13002725/	https://award.tabelog.com/hyakumeiten/soba/2021	The Tabelog Award / 百名店 2021 公式名簿候補
13009588	13009588	そばきり 日曜庵	東京都	飲食店	そば	柴又駅	https://tabelog.com/tokyo/A1324/A132403/13009588/	https://award.tabelog.com/hyakumeiten/soba/2021	The Tabelog Award / 百名店 2021 公式名簿候補
13185027	13185027	浅草じゅうろく	東京都	飲食店	そば	浅草（つくばＥＸＰ）駅	https://tabelog.com/tokyo/A1311/A131102/13185027/	https://award.tabelog.com/hyakumeiten/soba/2021	The Tabelog Award / 百名店 2021 公式名簿候補
13003594	13003594	上野藪そば	東京都	飲食店	そば	京成上野駅	https://tabelog.com/tokyo/A1311/A131101/13003594/	https://award.tabelog.com/hyakumeiten/soba/2021	The Tabelog Award / 百名店 2021 公式名簿候補
27067224	27067224	藤乃	大阪府	飲食店	そば	新福島駅	https://tabelog.com/osaka/A2701/A270108/27067224/	https://award.tabelog.com/hyakumeiten/soba/2021	The Tabelog Award / 百名店 2021 公式名簿候補
14008453	14008453	鎌倉 松原庵	神奈川県	飲食店	そば	由比ケ浜駅	https://tabelog.com/kanagawa/A1404/A140402/14008453/	https://award.tabelog.com/hyakumeiten/soba/2021	The Tabelog Award / 百名店 2021 公式名簿候補
13000479	13000479	石臼挽き手打 蕎楽亭	東京都	飲食店	そば	牛込神楽坂駅	https://tabelog.com/tokyo/A1309/A130905/13000479/	https://award.tabelog.com/hyakumeiten/soba/2021	The Tabelog Award / 百名店 2021 公式名簿候補
13006306	13006306	そばよし 日本橋店	東京都	飲食店	そば	三越前駅	https://tabelog.com/tokyo/A1302/A130202/13006306/	https://award.tabelog.com/hyakumeiten/soba/2021	The Tabelog Award / 百名店 2021 公式名簿候補
13010004	13010004	そば 三休	東京都	飲食店	そば	三鷹駅	https://tabelog.com/tokyo/A1320/A132002/13010004/	https://award.tabelog.com/hyakumeiten/soba/2021	The Tabelog Award / 百名店 2021 公式名簿候補
21000104	21000104	胡蝶庵 仙波	岐阜県	飲食店	そば	岐阜市	https://tabelog.com/gifu/A2101/A210101/21000104/	https://award.tabelog.com/hyakumeiten/soba/2021	The Tabelog Award / 百名店 2021 公式名簿候補
13003650	13003650	並木藪蕎麦	東京都	飲食店	そば	浅草（東武・都営・メトロ）駅	https://tabelog.com/tokyo/A1311/A131102/13003650/	https://award.tabelog.com/hyakumeiten/soba/2021	The Tabelog Award / 百名店 2021 公式名簿候補
13001226	13001226	総本家更科堀井 本店	東京都	飲食店	そば	麻布十番駅	https://tabelog.com/tokyo/A1307/A130702/13001226/	https://award.tabelog.com/hyakumeiten/soba/2021	The Tabelog Award / 百名店 2021 公式名簿候補
13024514	13024514	手打蕎麦 松永	東京都	飲食店	そば	明治神宮前駅	https://tabelog.com/tokyo/A1306/A130601/13024514/	https://award.tabelog.com/hyakumeiten/soba/2021	The Tabelog Award / 百名店 2021 公式名簿候補
13002787	13002787	室町 砂場 赤坂店	東京都	飲食店	そば	赤坂駅	https://tabelog.com/tokyo/A1308/A130801/13002787/	https://award.tabelog.com/hyakumeiten/soba/2021	The Tabelog Award / 百名店 2021 公式名簿候補
13017075	13017075	そば 法師人	東京都	飲食店	そば	桜台駅	https://tabelog.com/tokyo/A1321/A132102/13017075/	https://award.tabelog.com/hyakumeiten/soba/2021	The Tabelog Award / 百名店 2021 公式名簿候補
13000316	13000316	室町砂場 日本橋本店	東京都	飲食店	そば	新日本橋駅	https://tabelog.com/tokyo/A1310/A131002/13000316/	https://award.tabelog.com/hyakumeiten/soba/2021	The Tabelog Award / 百名店 2021 公式名簿候補
13000340	13000340	神田まつや 本店	東京都	飲食店	そば	淡路町駅	https://tabelog.com/tokyo/A1310/A131002/13000340/	https://award.tabelog.com/hyakumeiten/soba/2021	The Tabelog Award / 百名店 2021 公式名簿候補
14001257	14001257	竹やぶ 箱根店	神奈川県	飲食店	そば	足柄下郡箱根町	https://tabelog.com/kanagawa/A1410/A141001/14001257/	https://award.tabelog.com/hyakumeiten/soba/2021	The Tabelog Award / 百名店 2021 公式名簿候補
13002488	13002488	蕎麦 流石	東京都	飲食店	そば	東銀座駅	https://tabelog.com/tokyo/A1301/A130101/13002488/	https://award.tabelog.com/hyakumeiten/soba/2021	The Tabelog Award / 百名店 2021 公式名簿候補
20000397	20000397	石臼挽き蕎麦香房 山の実	長野県	飲食店	そば	下高井郡山ノ内町	https://tabelog.com/nagano/A2001/A200104/20000397/	https://award.tabelog.com/hyakumeiten/soba/2021	The Tabelog Award / 百名店 2021 公式名簿候補
20001575	20001575	そばの実	長野県	飲食店	そば	長野市	https://tabelog.com/nagano/A2001/A200101/20001575/	https://award.tabelog.com/hyakumeiten/soba/2021	The Tabelog Award / 百名店 2021 公式名簿候補
13003083	13003083	吟八亭 やざ和	東京都	飲食店	そば	亀有駅	https://tabelog.com/tokyo/A1324/A132403/13003083/	https://award.tabelog.com/hyakumeiten/soba/2021	The Tabelog Award / 百名店 2021 公式名簿候補
27000217	27000217	そば処 とき	大阪府	飲食店	そば	北新地駅	https://tabelog.com/osaka/A2701/A270101/27000217/	https://award.tabelog.com/hyakumeiten/soba/2021	The Tabelog Award / 百名店 2021 公式名簿候補
13130565	13130565	蕎麦切り 酒 大愚	東京都	飲食店	そば	虎ノ門駅	https://tabelog.com/tokyo/A1308/A130802/13130565/	https://award.tabelog.com/hyakumeiten/soba/2021	The Tabelog Award / 百名店 2021 公式名簿候補
27000029	27000029	なにわ翁	大阪府	飲食店	そば	なにわ橋駅	https://tabelog.com/osaka/A2701/A270102/27000029/	https://award.tabelog.com/hyakumeiten/soba/2021	The Tabelog Award / 百名店 2021 公式名簿候補
13017457	13017457	そばきり すずき	東京都	飲食店	そば	保谷駅	https://tabelog.com/tokyo/A1328/A132801/13017457/	https://award.tabelog.com/hyakumeiten/soba/2021	The Tabelog Award / 百名店 2021 公式名簿候補
13127598	13127598	手打ちそば 菊谷 巣鴨本店	東京都	飲食店	そば	庚申塚駅	https://tabelog.com/tokyo/A1322/A132201/13127598/	https://award.tabelog.com/hyakumeiten/soba/2021	The Tabelog Award / 百名店 2021 公式名簿候補
20000191	20000191	うずら家	長野県	飲食店	そば	長野市	https://tabelog.com/nagano/A2001/A200101/20000191/	https://award.tabelog.com/hyakumeiten/soba/2021	The Tabelog Award / 百名店 2021 公式名簿候補
13006046	13006046	手打そば もり	東京都	飲食店	そば	西早稲田駅	https://tabelog.com/tokyo/A1305/A130503/13006046/	https://award.tabelog.com/hyakumeiten/soba/2021	The Tabelog Award / 百名店 2021 公式名簿候補
20000161	20000161	軽井沢 川上庵 本店	長野県	飲食店	そば	北佐久郡軽井沢町	https://tabelog.com/nagano/A2003/A200301/20000161/	https://award.tabelog.com/hyakumeiten/soba/2021	The Tabelog Award / 百名店 2021 公式名簿候補
13022640	13022640	蕎麦小路 さわらび	東京都	飲食店	そば	半蔵門駅	https://tabelog.com/tokyo/A1308/A130803/13022640/	https://award.tabelog.com/hyakumeiten/soba/2021	The Tabelog Award / 百名店 2021 公式名簿候補
13007659	13007659	築地 布恒更科	東京都	飲食店	そば	築地駅	https://tabelog.com/tokyo/A1313/A131301/13007659/	https://award.tabelog.com/hyakumeiten/soba/2021	The Tabelog Award / 百名店 2021 公式名簿候補
26023992	26023992	蕎麦 ろうじな	京都府	飲食店	そば	京都市役所前駅	https://tabelog.com/kyoto/A2601/A260202/26023992/	https://award.tabelog.com/hyakumeiten/soba/2021	The Tabelog Award / 百名店 2021 公式名簿候補
13038860	13038860	紫仙庵	東京都	飲食店	そば	武蔵小山駅	https://tabelog.com/tokyo/A1317/A131710/13038860/	https://award.tabelog.com/hyakumeiten/soba/2021	The Tabelog Award / 百名店 2021 公式名簿候補
20000282	20000282	せきざわ	長野県	飲食店	そば	上高井郡小布施町	https://tabelog.com/nagano/A2001/A200106/20000282/	https://award.tabelog.com/hyakumeiten/soba/2021	The Tabelog Award / 百名店 2021 公式名簿候補
13007981	13007981	吾妻橋 やぶそば	東京都	飲食店	そば	浅草（東武・都営・メトロ）駅	https://tabelog.com/tokyo/A1311/A131102/13007981/	https://award.tabelog.com/hyakumeiten/soba/2021	The Tabelog Award / 百名店 2021 公式名簿候補
26002288	26002288	蕎麦工房 膳	京都府	飲食店	そば	京都市伏見区	https://tabelog.com/kyoto/A2607/A260702/26002288/	https://award.tabelog.com/hyakumeiten/soba/2021	The Tabelog Award / 百名店 2021 公式名簿候補
13143622	13143622	一東菴	東京都	飲食店	そば	東十条駅	https://tabelog.com/tokyo/A1323/A132304/13143622/	https://award.tabelog.com/hyakumeiten/soba/2021	The Tabelog Award / 百名店 2021 公式名簿候補
17001320	17001320	草庵	石川県	飲食店	そば	白山市	https://tabelog.com/ishikawa/A1702/A170203/17001320/	https://award.tabelog.com/hyakumeiten/soba/2021	The Tabelog Award / 百名店 2021 公式名簿候補
13002872	13002872	観世水	東京都	飲食店	そば	赤坂駅	https://tabelog.com/tokyo/A1308/A130801/13002872/	https://award.tabelog.com/hyakumeiten/soba/2021	The Tabelog Award / 百名店 2021 公式名簿候補
13141774	13141774	ら すとらあだ	東京都	飲食店	そば	中野坂上駅	https://tabelog.com/tokyo/A1319/A131903/13141774/	https://award.tabelog.com/hyakumeiten/soba/2021	The Tabelog Award / 百名店 2021 公式名簿候補
27013548	27013548	手打そば 乃田	大阪府	飲食店	そば	郡津駅	https://tabelog.com/osaka/A2707/A270704/27013548/	https://award.tabelog.com/hyakumeiten/soba/2021	The Tabelog Award / 百名店 2021 公式名簿候補
13096494	13096494	蕎や 月心	東京都	飲食店	そば	祐天寺駅	https://tabelog.com/tokyo/A1317/A131701/13096494/	https://award.tabelog.com/hyakumeiten/soba/2021	The Tabelog Award / 百名店 2021 公式名簿候補
13008590	13008590	おざわ	東京都	飲食店	そば	浅草（つくばＥＸＰ）駅	https://tabelog.com/tokyo/A1311/A131102/13008590/	https://award.tabelog.com/hyakumeiten/soba/2021	The Tabelog Award / 百名店 2021 公式名簿候補
27017751	27017751	守破離 谷町四丁目店	大阪府	飲食店	そば	谷町四丁目駅	https://tabelog.com/osaka/A2701/A270104/27017751/	https://award.tabelog.com/hyakumeiten/soba/2021	The Tabelog Award / 百名店 2021 公式名簿候補
27002682	27002682	まき埜	大阪府	飲食店	そば	福島駅	https://tabelog.com/osaka/A2701/A270108/27002682/	https://award.tabelog.com/hyakumeiten/soba/2021	The Tabelog Award / 百名店 2021 公式名簿候補
13047472	13047472	東京 土山人	東京都	飲食店	そば	池尻大橋駅	https://tabelog.com/tokyo/A1317/A131705/13047472/	https://award.tabelog.com/hyakumeiten/soba/2021	The Tabelog Award / 百名店 2021 公式名簿候補
26002686	26002686	隆兵そば	京都府	飲食店	そば	桂駅	https://tabelog.com/kyoto/A2601/A260401/26002686/	https://award.tabelog.com/hyakumeiten/soba/2021	The Tabelog Award / 百名店 2021 公式名簿候補
4000004	4000004	亀喜寿司	宮城県	飲食店	寿司	塩竈市	https://tabelog.com/miyagi/A0404/A040404/4000004/	https://award.tabelog.com/hyakumeiten/sushi_east/2021	The Tabelog Award / 百名店 2021 公式名簿候補
7000382	7000382	寿司割烹 魚紋	福島県	飲食店	寿司	郡山市	https://tabelog.com/fukushima/A0702/A070201/7000382/	https://award.tabelog.com/hyakumeiten/sushi_east/2021	The Tabelog Award / 百名店 2021 公式名簿候補
1001279	1001279	梅乃寿司	北海道	飲食店	寿司	函館市	https://tabelog.com/hokkaido/A0105/A010501/1001279/	https://award.tabelog.com/hyakumeiten/sushi_east/2021	The Tabelog Award / 百名店 2021 公式名簿候補
23013911	23013911	すし処 睦月	愛知県	飲食店	寿司	知多郡武豊町	https://tabelog.com/aichi/A2304/A230402/23013911/	https://award.tabelog.com/hyakumeiten/sushi_east/2021	The Tabelog Award / 百名店 2021 公式名簿候補
1038659	1038659	鮨処よしな	北海道	飲食店	寿司	資生館小学校前駅	https://tabelog.com/hokkaido/A0101/A010103/1038659/	https://award.tabelog.com/hyakumeiten/sushi_east/2021	The Tabelog Award / 百名店 2021 公式名簿候補
4017428	4017428	塩竈 しらはた 仙台エルパル店	宮城県	飲食店	寿司	仙台駅	https://tabelog.com/miyagi/A0401/A040101/4017428/	https://award.tabelog.com/hyakumeiten/sushi_east/2021	The Tabelog Award / 百名店 2021 公式名簿候補
22007587	22007587	鮨庵さいとう 本店	静岡県	飲食店	寿司	沼津市	https://tabelog.com/shizuoka/A2205/A220501/22007587/	https://award.tabelog.com/hyakumeiten/sushi_east/2021	The Tabelog Award / 百名店 2021 公式名簿候補
4000160	4000160	塩竈 すし哲 S-PAL仙台店	宮城県	飲食店	寿司	仙台駅	https://tabelog.com/miyagi/A0401/A040101/4000160/	https://award.tabelog.com/hyakumeiten/sushi_east/2021	The Tabelog Award / 百名店 2021 公式名簿候補
15011477	15011477	雪家	新潟県	飲食店	寿司	新潟市中央区	https://tabelog.com/niigata/A1501/A150101/15011477/	https://award.tabelog.com/hyakumeiten/sushi_east/2021	The Tabelog Award / 百名店 2021 公式名簿候補
6000127	6000127	いしやま寿司	山形県	飲食店	寿司	山形市	https://tabelog.com/yamagata/A0601/A060101/6000127/	https://award.tabelog.com/hyakumeiten/sushi_east/2021	The Tabelog Award / 百名店 2021 公式名簿候補
23000835	23000835	おけい鮨 本郷店	愛知県	飲食店	寿司	本郷駅	https://tabelog.com/aichi/A2301/A230111/23000835/	https://award.tabelog.com/hyakumeiten/sushi_east/2021	The Tabelog Award / 百名店 2021 公式名簿候補
1010279	1010279	鮨処木はら	北海道	飲食店	寿司	函館市	https://tabelog.com/hokkaido/A0105/A010501/1010279/	https://award.tabelog.com/hyakumeiten/sushi_east/2021	The Tabelog Award / 百名店 2021 公式名簿候補
4000002	4000002	すし哲 本店	宮城県	飲食店	寿司	塩竈市	https://tabelog.com/miyagi/A0404/A040404/4000002/	https://award.tabelog.com/hyakumeiten/sushi_east/2021	The Tabelog Award / 百名店 2021 公式名簿候補
23023439	23023439	鮨旬美西川	愛知県	飲食店	寿司	国際センター駅	https://tabelog.com/aichi/A2301/A230101/23023439/	https://award.tabelog.com/hyakumeiten/sushi_east/2021	The Tabelog Award / 百名店 2021 公式名簿候補
23062275	23062275	鮨屋とんぼ	愛知県	飲食店	寿司	新栄町駅	https://tabelog.com/aichi/A2301/A230104/23062275/	https://award.tabelog.com/hyakumeiten/sushi_east/2021	The Tabelog Award / 百名店 2021 公式名簿候補
4000130	4000130	弘寿司	宮城県	飲食店	寿司	愛宕橋駅	https://tabelog.com/miyagi/A0401/A040105/4000130/	https://award.tabelog.com/hyakumeiten/sushi_east/2021	The Tabelog Award / 百名店 2021 公式名簿候補
14001694	14001694	鮨はま田	神奈川県	飲食店	寿司	日本大通り駅	https://tabelog.com/kanagawa/A1401/A140104/14001694/	https://award.tabelog.com/hyakumeiten/sushi_east/2021	The Tabelog Award / 百名店 2021 公式名簿候補
1002533	1002533	鮨処いちい	北海道	飲食店	寿司	すすきの（市電）駅	https://tabelog.com/hokkaido/A0101/A010103/1002533/	https://award.tabelog.com/hyakumeiten/sushi_east/2021	The Tabelog Award / 百名店 2021 公式名簿候補
1000008	1000008	伊勢鮨	北海道	飲食店	寿司	小樽市	https://tabelog.com/hokkaido/A0106/A010601/1000008/	https://award.tabelog.com/hyakumeiten/sushi_east/2021	The Tabelog Award / 百名店 2021 公式名簿候補
5006548	5006548	すし兆	秋田県	飲食店	寿司	秋田市	https://tabelog.com/akita/A0501/A050101/5006548/	https://award.tabelog.com/hyakumeiten/sushi_east/2021	The Tabelog Award / 百名店 2021 公式名簿候補
1013304	1013304	すし処 ひょうたん	北海道	飲食店	寿司	東本願寺前駅	https://tabelog.com/hokkaido/A0101/A010103/1013304/	https://award.tabelog.com/hyakumeiten/sushi_east/2021	The Tabelog Award / 百名店 2021 公式名簿候補
7000924	7000924	鮨 いとう	福島県	飲食店	寿司	いわき市	https://tabelog.com/fukushima/A0704/A070401/7000924/	https://award.tabelog.com/hyakumeiten/sushi_east/2021	The Tabelog Award / 百名店 2021 公式名簿候補
1000041	1000041	まる鮨	北海道	飲食店	寿司	東本願寺前駅	https://tabelog.com/hokkaido/A0101/A010103/1000041/	https://award.tabelog.com/hyakumeiten/sushi_east/2021	The Tabelog Award / 百名店 2021 公式名簿候補
23059232	23059232	築地青空三代目 大名古屋ビルヂング店	愛知県	飲食店	寿司	名鉄名古屋駅	https://tabelog.com/aichi/A2301/A230101/23059232/	https://award.tabelog.com/hyakumeiten/sushi_east/2021	The Tabelog Award / 百名店 2021 公式名簿候補
1027167	1027167	群来膳	北海道	飲食店	寿司	小樽市	https://tabelog.com/hokkaido/A0106/A010601/1027167/	https://award.tabelog.com/hyakumeiten/sushi_east/2021	The Tabelog Award / 百名店 2021 公式名簿候補
23061465	23061465	すし 弥助	愛知県	飲食店	寿司	桜山駅	https://tabelog.com/aichi/A2301/A230108/23061465/	https://award.tabelog.com/hyakumeiten/sushi_east/2021	The Tabelog Award / 百名店 2021 公式名簿候補
5007025	5007025	すし匠	秋田県	飲食店	寿司	秋田市	https://tabelog.com/akita/A0501/A050101/5007025/	https://award.tabelog.com/hyakumeiten/sushi_east/2021	The Tabelog Award / 百名店 2021 公式名簿候補
11000007	11000007	よし佳	埼玉県	飲食店	寿司	浦和駅	https://tabelog.com/saitama/A1101/A110102/11000007/	https://award.tabelog.com/hyakumeiten/sushi_east/2021	The Tabelog Award / 百名店 2021 公式名簿候補
4000001	4000001	鮨 しらはた	宮城県	飲食店	寿司	塩竈市	https://tabelog.com/miyagi/A0404/A040404/4000001/	https://award.tabelog.com/hyakumeiten/sushi_east/2021	The Tabelog Award / 百名店 2021 公式名簿候補
14030491	14030491	あじわい回転寿司 禅	神奈川県	飲食店	寿司	小田原市	https://tabelog.com/kanagawa/A1409/A140901/14030491/	https://award.tabelog.com/hyakumeiten/sushi_east/2021	The Tabelog Award / 百名店 2021 公式名簿候補
4002612	4002612	鮨 結委	宮城県	飲食店	寿司	あおば通駅	https://tabelog.com/miyagi/A0401/A040101/4002612/	https://award.tabelog.com/hyakumeiten/sushi_east/2021	The Tabelog Award / 百名店 2021 公式名簿候補
14036846	14036846	鮨裕	神奈川県	飲食店	寿司	茅ケ崎駅	https://tabelog.com/kanagawa/A1404/A140406/14036846/	https://award.tabelog.com/hyakumeiten/sushi_east/2021	The Tabelog Award / 百名店 2021 公式名簿候補
1000028	1000028	菊鮨	北海道	飲食店	寿司	すすきの（市営）駅	https://tabelog.com/hokkaido/A0101/A010103/1000028/	https://award.tabelog.com/hyakumeiten/sushi_east/2021	The Tabelog Award / 百名店 2021 公式名簿候補
15011027	15011027	廻転寿司弁慶 新潟ピア万代店	新潟県	飲食店	寿司	新潟市中央区	https://tabelog.com/niigata/A1501/A150101/15011027/	https://award.tabelog.com/hyakumeiten/sushi_east/2021	The Tabelog Award / 百名店 2021 公式名簿候補
1057657	1057657	姫沙羅	北海道	飲食店	寿司	西線９条旭山公園通駅	https://tabelog.com/hokkaido/A0101/A010105/1057657/	https://award.tabelog.com/hyakumeiten/sushi_east/2021	The Tabelog Award / 百名店 2021 公式名簿候補
11011927	11011927	弥助鮨	埼玉県	飲食店	寿司	本庄駅	https://tabelog.com/saitama/A1105/A110504/11011927/	https://award.tabelog.com/hyakumeiten/sushi_east/2021	The Tabelog Award / 百名店 2021 公式名簿候補
4000197	4000197	小判寿司	宮城県	飲食店	寿司	青葉通一番町駅	https://tabelog.com/miyagi/A0401/A040101/4000197/	https://award.tabelog.com/hyakumeiten/sushi_east/2021	The Tabelog Award / 百名店 2021 公式名簿候補
22000057	22000057	末廣鮨	静岡県	飲食店	寿司	静岡市清水区	https://tabelog.com/shizuoka/A2201/A220102/22000057/	https://award.tabelog.com/hyakumeiten/sushi_east/2021	The Tabelog Award / 百名店 2021 公式名簿候補
5000068	5000068	天駒	秋田県	飲食店	寿司	秋田市	https://tabelog.com/akita/A0501/A050101/5000068/	https://award.tabelog.com/hyakumeiten/sushi_east/2021	The Tabelog Award / 百名店 2021 公式名簿候補
1000103	1000103	宝すし	北海道	飲食店	寿司	小樽市	https://tabelog.com/hokkaido/A0106/A010601/1000103/	https://award.tabelog.com/hyakumeiten/sushi_east/2021	The Tabelog Award / 百名店 2021 公式名簿候補
23067631	23067631	築地 男前鮓	愛知県	飲食店	寿司	名鉄名古屋駅	https://tabelog.com/aichi/A2301/A230101/23067631/	https://award.tabelog.com/hyakumeiten/sushi_east/2021	The Tabelog Award / 百名店 2021 公式名簿候補
14000211	14000211	鎌倉 以ず美 鎌倉店	神奈川県	飲食店	寿司	長谷駅	https://tabelog.com/kanagawa/A1404/A140402/14000211/	https://award.tabelog.com/hyakumeiten/sushi_east/2021	The Tabelog Award / 百名店 2021 公式名簿候補
11011507	11011507	三笠鮨	埼玉県	飲食店	寿司	北葛飾郡松伏町	https://tabelog.com/saitama/A1102/A110203/11011507/	https://award.tabelog.com/hyakumeiten/sushi_east/2021	The Tabelog Award / 百名店 2021 公式名簿候補
1013145	1013145	くりや	北海道	飲食店	寿司	南郷７丁目駅	https://tabelog.com/hokkaido/A0101/A010301/1013145/	https://award.tabelog.com/hyakumeiten/sushi_east/2021	The Tabelog Award / 百名店 2021 公式名簿候補
10005841	10005841	鮨 恵三	群馬県	飲食店	寿司	館林市	https://tabelog.com/gunma/A1002/A100204/10005841/	https://award.tabelog.com/hyakumeiten/sushi_east/2021	The Tabelog Award / 百名店 2021 公式名簿候補
23014395	23014395	寿司英	愛知県	飲食店	寿司	築地口駅	https://tabelog.com/aichi/A2301/A230112/23014395/	https://award.tabelog.com/hyakumeiten/sushi_east/2021	The Tabelog Award / 百名店 2021 公式名簿候補
1000094	1000094	たる善 本店	北海道	飲食店	寿司	すすきの（市営）駅	https://tabelog.com/hokkaido/A0101/A010103/1000094/	https://award.tabelog.com/hyakumeiten/sushi_east/2021	The Tabelog Award / 百名店 2021 公式名簿候補
4003018	4003018	廻鮮寿司 塩釜港	宮城県	飲食店	寿司	塩竈市	https://tabelog.com/miyagi/A0404/A040404/4003018/	https://award.tabelog.com/hyakumeiten/sushi_east/2021	The Tabelog Award / 百名店 2021 公式名簿候補
4002402	4002402	鮨 江なみ	宮城県	飲食店	寿司	青葉通一番町駅	https://tabelog.com/miyagi/A0401/A040101/4002402/	https://award.tabelog.com/hyakumeiten/sushi_east/2021	The Tabelog Award / 百名店 2021 公式名簿候補
1003327	1003327	鮨処うえの	北海道	飲食店	寿司	豊水すすきの駅	https://tabelog.com/hokkaido/A0101/A010103/1003327/	https://award.tabelog.com/hyakumeiten/sushi_east/2021	The Tabelog Award / 百名店 2021 公式名簿候補
1030580	1030580	田久鮓	北海道	飲食店	寿司	すすきの（市営）駅	https://tabelog.com/hokkaido/A0101/A010102/1030580/	https://award.tabelog.com/hyakumeiten/sushi_east/2021	The Tabelog Award / 百名店 2021 公式名簿候補
14002771	14002771	廻転寿司 海鮮	神奈川県	飲食店	寿司	三浦海岸駅	https://tabelog.com/kanagawa/A1406/A140603/14002771/	https://award.tabelog.com/hyakumeiten/sushi_east/2021	The Tabelog Award / 百名店 2021 公式名簿候補
14001669	14001669	和さび	神奈川県	飲食店	寿司	鎌倉市	https://tabelog.com/kanagawa/A1404/A140402/14001669/	https://award.tabelog.com/hyakumeiten/sushi_east/2021	The Tabelog Award / 百名店 2021 公式名簿候補
23033357	23033357	龍文支店	愛知県	飲食店	寿司	車道駅	https://tabelog.com/aichi/A2301/A230106/23033357/	https://award.tabelog.com/hyakumeiten/sushi_east/2021	The Tabelog Award / 百名店 2021 公式名簿候補
15001410	15001410	鮨 奈可久 星野	新潟県	飲食店	寿司	新潟市中央区	https://tabelog.com/niigata/A1501/A150101/15001410/	https://award.tabelog.com/hyakumeiten/sushi_east/2021	The Tabelog Award / 百名店 2021 公式名簿候補
14001483	14001483	天史朗寿司	神奈川県	飲食店	寿司	小田原駅	https://tabelog.com/kanagawa/A1409/A140901/14001483/	https://award.tabelog.com/hyakumeiten/sushi_east/2021	The Tabelog Award / 百名店 2021 公式名簿候補
6000012	6000012	こい勢	山形県	飲食店	寿司	酒田市	https://tabelog.com/yamagata/A0603/A060301/6000012/	https://award.tabelog.com/hyakumeiten/sushi_east/2021	The Tabelog Award / 百名店 2021 公式名簿候補
1000969	1000969	すし処 北斎	北海道	飲食店	寿司	札幌（ＪＲ）駅	https://tabelog.com/hokkaido/A0101/A010101/1000969/	https://award.tabelog.com/hyakumeiten/sushi_east/2021	The Tabelog Award / 百名店 2021 公式名簿候補
11003484	11003484	豊鮨	埼玉県	飲食店	寿司	大宮駅	https://tabelog.com/saitama/A1101/A110101/11003484/	https://award.tabelog.com/hyakumeiten/sushi_east/2021	The Tabelog Award / 百名店 2021 公式名簿候補
23014106	23014106	右江田	愛知県	飲食店	寿司	山王駅	https://tabelog.com/aichi/A2301/A230105/23014106/	https://award.tabelog.com/hyakumeiten/sushi_east/2021	The Tabelog Award / 百名店 2021 公式名簿候補
1027174	1027174	鮨おおね田	北海道	飲食店	寿司	茅部郡森町	https://tabelog.com/hokkaido/A0105/A010502/1027174/	https://award.tabelog.com/hyakumeiten/sushi_east/2021	The Tabelog Award / 百名店 2021 公式名簿候補
1045430	1045430	鮨ノ蔵	北海道	飲食店	寿司	狸小路駅	https://tabelog.com/hokkaido/A0101/A010103/1045430/	https://award.tabelog.com/hyakumeiten/sushi_east/2021	The Tabelog Award / 百名店 2021 公式名簿候補
23073726	23073726	すし昇	愛知県	飲食店	寿司	丸の内駅	https://tabelog.com/aichi/A2301/A230102/23073726/	https://award.tabelog.com/hyakumeiten/sushi_east/2021	The Tabelog Award / 百名店 2021 公式名簿候補
1049393	1049393	鮨 田なべ	北海道	飲食店	寿司	さっぽろ（札幌市営）駅	https://tabelog.com/hokkaido/A0101/A010101/1049393/	https://award.tabelog.com/hyakumeiten/sushi_east/2021	The Tabelog Award / 百名店 2021 公式名簿候補
1000021	1000021	鮨一	北海道	飲食店	寿司	新川駅	https://tabelog.com/hokkaido/A0101/A010201/1000021/	https://award.tabelog.com/hyakumeiten/sushi_east/2021	The Tabelog Award / 百名店 2021 公式名簿候補
14001699	14001699	鮨富	神奈川県	飲食店	寿司	藤沢駅	https://tabelog.com/kanagawa/A1404/A140404/14001699/	https://award.tabelog.com/hyakumeiten/sushi_east/2021	The Tabelog Award / 百名店 2021 公式名簿候補
23046955	23046955	鮨 いし黒	愛知県	飲食店	寿司	名古屋駅	https://tabelog.com/aichi/A2301/A230101/23046955/	https://award.tabelog.com/hyakumeiten/sushi_east/2021	The Tabelog Award / 百名店 2021 公式名簿候補
15002565	15002565	はつね寿司 本店	新潟県	飲食店	寿司	新潟市中央区	https://tabelog.com/niigata/A1501/A150101/15002565/	https://award.tabelog.com/hyakumeiten/sushi_east/2021	The Tabelog Award / 百名店 2021 公式名簿候補
4000282	4000282	仙令鮨 JR仙台駅 3階店	宮城県	飲食店	寿司	仙台駅	https://tabelog.com/miyagi/A0401/A040101/4000282/	https://award.tabelog.com/hyakumeiten/sushi_east/2021	The Tabelog Award / 百名店 2021 公式名簿候補
23000634	23000634	浜源	愛知県	飲食店	寿司	御器所駅	https://tabelog.com/aichi/A2301/A230108/23000634/	https://award.tabelog.com/hyakumeiten/sushi_east/2021	The Tabelog Award / 百名店 2021 公式名簿候補
2000497	2000497	一八寿し	青森県	飲食店	寿司	青森市	https://tabelog.com/aomori/A0201/A020101/2000497/	https://award.tabelog.com/hyakumeiten/sushi_east/2021	The Tabelog Award / 百名店 2021 公式名簿候補
1049376	1049376	北の華 はやし	北海道	飲食店	寿司	千歳市	https://tabelog.com/hokkaido/A0107/A010701/1049376/	https://award.tabelog.com/hyakumeiten/sushi_east/2021	The Tabelog Award / 百名店 2021 公式名簿候補
4000281	4000281	仙令鮨 仙台駅店	宮城県	飲食店	寿司	仙台駅	https://tabelog.com/miyagi/A0401/A040101/4000281/	https://award.tabelog.com/hyakumeiten/sushi_east/2021	The Tabelog Award / 百名店 2021 公式名簿候補
15000215	15000215	兄弟寿し	新潟県	飲食店	寿司	新潟市中央区	https://tabelog.com/niigata/A1501/A150101/15000215/	https://award.tabelog.com/hyakumeiten/sushi_east/2021	The Tabelog Award / 百名店 2021 公式名簿候補
1002644	1002644	すゝき野 鮨金	北海道	飲食店	寿司	すすきの（市電）駅	https://tabelog.com/hokkaido/A0101/A010103/1002644/	https://award.tabelog.com/hyakumeiten/sushi_east/2021	The Tabelog Award / 百名店 2021 公式名簿候補
15001390	15001390	鮨 登喜和	新潟県	飲食店	寿司	新発田市	https://tabelog.com/niigata/A1505/A150502/15001390/	https://award.tabelog.com/hyakumeiten/sushi_east/2021	The Tabelog Award / 百名店 2021 公式名簿候補
23058124	23058124	鮨いずみ	愛知県	飲食店	寿司	高岳駅	https://tabelog.com/aichi/A2301/A230104/23058124/	https://award.tabelog.com/hyakumeiten/sushi_east/2021	The Tabelog Award / 百名店 2021 公式名簿候補
15000391	15000391	寿司安	新潟県	飲食店	寿司	新潟市中央区	https://tabelog.com/niigata/A1501/A150101/15000391/	https://award.tabelog.com/hyakumeiten/sushi_east/2021	The Tabelog Award / 百名店 2021 公式名簿候補
1000006	1000006	金寿司	北海道	飲食店	寿司	バスセンター前駅	https://tabelog.com/hokkaido/A0101/A010102/1000006/	https://award.tabelog.com/hyakumeiten/sushi_east/2021	The Tabelog Award / 百名店 2021 公式名簿候補
5006041	5006041	鮨駒	秋田県	飲食店	寿司	由利本荘市	https://tabelog.com/akita/A0506/A050601/5006041/	https://award.tabelog.com/hyakumeiten/sushi_east/2021	The Tabelog Award / 百名店 2021 公式名簿候補
5000861	5000861	鮨 あら田	秋田県	飲食店	寿司	秋田市	https://tabelog.com/akita/A0501/A050101/5000861/	https://award.tabelog.com/hyakumeiten/sushi_east/2021	The Tabelog Award / 百名店 2021 公式名簿候補
1000209	1000209	おたる政寿司 本店	北海道	飲食店	寿司	小樽市	https://tabelog.com/hokkaido/A0106/A010601/1000209/	https://award.tabelog.com/hyakumeiten/sushi_east/2021	The Tabelog Award / 百名店 2021 公式名簿候補
1005395	1005395	鮨の魚政	北海道	飲食店	寿司	二十四軒駅	https://tabelog.com/hokkaido/A0101/A010105/1005395/	https://award.tabelog.com/hyakumeiten/sushi_east/2021	The Tabelog Award / 百名店 2021 公式名簿候補
13019499	13019499	すし処 宮葉	東京都	飲食店	寿司	浜松町駅	https://tabelog.com/tokyo/A1314/A131401/13019499/	https://award.tabelog.com/hyakumeiten/sushi_tokyo/2021	The Tabelog Award / 百名店 2021 公式名簿候補
13148801	13148801	秀徳 2号店	東京都	飲食店	寿司	築地駅	https://tabelog.com/tokyo/A1313/A131301/13148801/	https://award.tabelog.com/hyakumeiten/sushi_tokyo/2021	The Tabelog Award / 百名店 2021 公式名簿候補
13003314	13003314	鮨 なかむら	東京都	飲食店	寿司	六本木駅	https://tabelog.com/tokyo/A1307/A130701/13003314/	https://award.tabelog.com/hyakumeiten/sushi_tokyo/2021	The Tabelog Award / 百名店 2021 公式名簿候補
13166422	13166422	まんてん鮨 日本橋	東京都	飲食店	寿司	三越前駅	https://tabelog.com/tokyo/A1302/A130202/13166422/	https://award.tabelog.com/hyakumeiten/sushi_tokyo/2021	The Tabelog Award / 百名店 2021 公式名簿候補
13008118	13008118	栄寿司	東京都	飲食店	寿司	京成立石駅	https://tabelog.com/tokyo/A1324/A132403/13008118/	https://award.tabelog.com/hyakumeiten/sushi_tokyo/2021	The Tabelog Award / 百名店 2021 公式名簿候補
13096429	13096429	まんてん鮨 丸の内	東京都	飲食店	寿司	二重橋前駅	https://tabelog.com/tokyo/A1302/A130201/13096429/	https://award.tabelog.com/hyakumeiten/sushi_tokyo/2021	The Tabelog Award / 百名店 2021 公式名簿候補
13141133	13141133	鮨 かねさか パレスホテル東京店	東京都	飲食店	寿司	大手町駅	https://tabelog.com/tokyo/A1302/A130201/13141133/	https://award.tabelog.com/hyakumeiten/sushi_tokyo/2021	The Tabelog Award / 百名店 2021 公式名簿候補
13003694	13003694	弁天山美家古寿司	東京都	飲食店	寿司	浅草（東武・都営・メトロ）駅	https://tabelog.com/tokyo/A1311/A131102/13003694/	https://award.tabelog.com/hyakumeiten/sushi_tokyo/2021	The Tabelog Award / 百名店 2021 公式名簿候補
13016512	13016512	すし匠 まさ	東京都	飲食店	寿司	六本木駅	https://tabelog.com/tokyo/A1307/A130703/13016512/	https://award.tabelog.com/hyakumeiten/sushi_tokyo/2021	The Tabelog Award / 百名店 2021 公式名簿候補
13193460	13193460	不動前 すし 岩澤	東京都	飲食店	寿司	不動前駅	https://tabelog.com/tokyo/A1317/A131710/13193460/	https://award.tabelog.com/hyakumeiten/sushi_tokyo/2021	The Tabelog Award / 百名店 2021 公式名簿候補
13205213	13205213	匠 誠	東京都	飲食店	寿司	新宿駅	https://tabelog.com/tokyo/A1304/A130401/13205213/	https://award.tabelog.com/hyakumeiten/sushi_tokyo/2021	The Tabelog Award / 百名店 2021 公式名簿候補
13223846	13223846	冨所	東京都	飲食店	寿司	御成門駅	https://tabelog.com/tokyo/A1314/A131401/13223846/	https://award.tabelog.com/hyakumeiten/sushi_tokyo/2021	The Tabelog Award / 百名店 2021 公式名簿候補
13004789	13004789	鮨 真	東京都	飲食店	寿司	広尾駅	https://tabelog.com/tokyo/A1307/A130701/13004789/	https://award.tabelog.com/hyakumeiten/sushi_tokyo/2021	The Tabelog Award / 百名店 2021 公式名簿候補
13191562	13191562	鮨 一條	東京都	飲食店	寿司	馬喰横山駅	https://tabelog.com/tokyo/A1302/A130204/13191562/	https://award.tabelog.com/hyakumeiten/sushi_tokyo/2021	The Tabelog Award / 百名店 2021 公式名簿候補
13000569	13000569	小笹寿し	東京都	飲食店	寿司	新橋駅	https://tabelog.com/tokyo/A1301/A130103/13000569/	https://award.tabelog.com/hyakumeiten/sushi_tokyo/2021	The Tabelog Award / 百名店 2021 公式名簿候補
13153824	13153824	鮨 銀座 おのでら	東京都	飲食店	寿司	東銀座駅	https://tabelog.com/tokyo/A1301/A130101/13153824/	https://award.tabelog.com/hyakumeiten/sushi_tokyo/2021	The Tabelog Award / 百名店 2021 公式名簿候補
13000407	13000407	九段下 寿司政	東京都	飲食店	寿司	九段下駅	https://tabelog.com/tokyo/A1309/A130906/13000407/	https://award.tabelog.com/hyakumeiten/sushi_tokyo/2021	The Tabelog Award / 百名店 2021 公式名簿候補
13004881	13004881	鮨 銀座 鰤門	東京都	飲食店	寿司	銀座駅	https://tabelog.com/tokyo/A1301/A130101/13004881/	https://award.tabelog.com/hyakumeiten/sushi_tokyo/2021	The Tabelog Award / 百名店 2021 公式名簿候補
13246982	13246982	鮨 あお	東京都	飲食店	寿司	表参道駅	https://tabelog.com/tokyo/A1306/A130602/13246982/	https://award.tabelog.com/hyakumeiten/sushi_tokyo/2021	The Tabelog Award / 百名店 2021 公式名簿候補
13003041	13003041	喜寿司	東京都	飲食店	寿司	人形町駅	https://tabelog.com/tokyo/A1302/A130204/13003041/	https://award.tabelog.com/hyakumeiten/sushi_tokyo/2021	The Tabelog Award / 百名店 2021 公式名簿候補
13060788	13060788	鮨 太一	東京都	飲食店	寿司	銀座駅	https://tabelog.com/tokyo/A1301/A130101/13060788/	https://award.tabelog.com/hyakumeiten/sushi_tokyo/2021	The Tabelog Award / 百名店 2021 公式名簿候補
13004630	13004630	小笹	東京都	飲食店	寿司	神泉駅	https://tabelog.com/tokyo/A1303/A130301/13004630/	https://award.tabelog.com/hyakumeiten/sushi_tokyo/2021	The Tabelog Award / 百名店 2021 公式名簿候補
13000511	13000511	吉野鮨本店	東京都	飲食店	寿司	日本橋駅	https://tabelog.com/tokyo/A1302/A130202/13000511/	https://award.tabelog.com/hyakumeiten/sushi_tokyo/2021	The Tabelog Award / 百名店 2021 公式名簿候補
13221218	13221218	きざ㐂	東京都	飲食店	寿司	赤坂見附駅	https://tabelog.com/tokyo/A1308/A130801/13221218/	https://award.tabelog.com/hyakumeiten/sushi_tokyo/2021	The Tabelog Award / 百名店 2021 公式名簿候補
13169506	13169506	鮨竹	東京都	飲食店	寿司	銀座駅	https://tabelog.com/tokyo/A1301/A130101/13169506/	https://award.tabelog.com/hyakumeiten/sushi_tokyo/2021	The Tabelog Award / 百名店 2021 公式名簿候補
13220742	13220742	鮨 みずかみ	東京都	飲食店	寿司	半蔵門駅	https://tabelog.com/tokyo/A1308/A130803/13220742/	https://award.tabelog.com/hyakumeiten/sushi_tokyo/2021	The Tabelog Award / 百名店 2021 公式名簿候補
13231081	13231081	恵比寿 えんどう	東京都	飲食店	寿司	恵比寿駅	https://tabelog.com/tokyo/A1303/A130302/13231081/	https://award.tabelog.com/hyakumeiten/sushi_tokyo/2021	The Tabelog Award / 百名店 2021 公式名簿候補
13002611	13002611	銀座 久兵衛 銀座本店	東京都	飲食店	寿司	新橋駅	https://tabelog.com/tokyo/A1301/A130103/13002611/	https://award.tabelog.com/hyakumeiten/sushi_tokyo/2021	The Tabelog Award / 百名店 2021 公式名簿候補
13002472	13002472	ほかけ	東京都	飲食店	寿司	東銀座駅	https://tabelog.com/tokyo/A1301/A130101/13002472/	https://award.tabelog.com/hyakumeiten/sushi_tokyo/2021	The Tabelog Award / 百名店 2021 公式名簿候補
13252991	13252991	島津	東京都	飲食店	寿司	白金高輪駅	https://tabelog.com/tokyo/A1316/A131602/13252991/	https://award.tabelog.com/hyakumeiten/sushi_tokyo/2021	The Tabelog Award / 百名店 2021 公式名簿候補
13241432	13241432	すし 良月	東京都	飲食店	寿司	広尾駅	https://tabelog.com/tokyo/A1303/A130302/13241432/	https://award.tabelog.com/hyakumeiten/sushi_tokyo/2021	The Tabelog Award / 百名店 2021 公式名簿候補
13000563	13000563	銀座 鮨青木 銀座本店	東京都	飲食店	寿司	銀座駅	https://tabelog.com/tokyo/A1301/A130101/13000563/	https://award.tabelog.com/hyakumeiten/sushi_tokyo/2021	The Tabelog Award / 百名店 2021 公式名簿候補
13021324	13021324	鮨 久いち	東京都	飲食店	寿司	浅草（つくばＥＸＰ）駅	https://tabelog.com/tokyo/A1311/A131102/13021324/	https://award.tabelog.com/hyakumeiten/sushi_tokyo/2021	The Tabelog Award / 百名店 2021 公式名簿候補
13046671	13046671	すし処 みや古分店	東京都	飲食店	寿司	赤羽駅	https://tabelog.com/tokyo/A1323/A132305/13046671/	https://award.tabelog.com/hyakumeiten/sushi_tokyo/2021	The Tabelog Award / 百名店 2021 公式名簿候補
13173432	13173432	新橋鶴八	東京都	飲食店	寿司	新橋駅	https://tabelog.com/tokyo/A1301/A130103/13173432/	https://award.tabelog.com/hyakumeiten/sushi_tokyo/2021	The Tabelog Award / 百名店 2021 公式名簿候補
13002314	13002314	築地すし大 本館	東京都	飲食店	寿司	築地駅	https://tabelog.com/tokyo/A1313/A131301/13002314/	https://award.tabelog.com/hyakumeiten/sushi_tokyo/2021	The Tabelog Award / 百名店 2021 公式名簿候補
13139640	13139640	蔵六雄山	東京都	飲食店	寿司	六本木駅	https://tabelog.com/tokyo/A1307/A130701/13139640/	https://award.tabelog.com/hyakumeiten/sushi_tokyo/2021	The Tabelog Award / 百名店 2021 公式名簿候補
13174475	13174475	鮓 村瀬	東京都	飲食店	寿司	六本木駅	https://tabelog.com/tokyo/A1307/A130701/13174475/	https://award.tabelog.com/hyakumeiten/sushi_tokyo/2021	The Tabelog Award / 百名店 2021 公式名簿候補
13214167	13214167	鮨 波づき	東京都	飲食店	寿司	下丸子駅	https://tabelog.com/tokyo/A1317/A131716/13214167/	https://award.tabelog.com/hyakumeiten/sushi_tokyo/2021	The Tabelog Award / 百名店 2021 公式名簿候補
13001886	13001886	奈可久	東京都	飲食店	寿司	六本木駅	https://tabelog.com/tokyo/A1307/A130701/13001886/	https://award.tabelog.com/hyakumeiten/sushi_tokyo/2021	The Tabelog Award / 百名店 2021 公式名簿候補
13168140	13168140	鮨 りんだ	東京都	飲食店	寿司	不動前駅	https://tabelog.com/tokyo/A1316/A131601/13168140/	https://award.tabelog.com/hyakumeiten/sushi_tokyo/2021	The Tabelog Award / 百名店 2021 公式名簿候補
13003167	13003167	松栄 恵比寿本店	東京都	飲食店	寿司	恵比寿駅	https://tabelog.com/tokyo/A1303/A130302/13003167/	https://award.tabelog.com/hyakumeiten/sushi_tokyo/2021	The Tabelog Award / 百名店 2021 公式名簿候補
13024464	13024464	寿し処 寿々	東京都	飲食店	寿司	溜池山王駅	https://tabelog.com/tokyo/A1308/A130802/13024464/	https://award.tabelog.com/hyakumeiten/sushi_tokyo/2021	The Tabelog Award / 百名店 2021 公式名簿候補
13000419	13000419	鶴八	東京都	飲食店	寿司	神保町駅	https://tabelog.com/tokyo/A1310/A131003/13000419/	https://award.tabelog.com/hyakumeiten/sushi_tokyo/2021	The Tabelog Award / 百名店 2021 公式名簿候補
13113849	13113849	鮨 石島	東京都	飲食店	寿司	新富町駅	https://tabelog.com/tokyo/A1313/A131301/13113849/	https://award.tabelog.com/hyakumeiten/sushi_tokyo/2021	The Tabelog Award / 百名店 2021 公式名簿候補
13003554	13003554	乃池	東京都	飲食店	寿司	千駄木駅	https://tabelog.com/tokyo/A1311/A131106/13003554/	https://award.tabelog.com/hyakumeiten/sushi_tokyo/2021	The Tabelog Award / 百名店 2021 公式名簿候補
13116806	13116806	鮨 日本橋 鰤門	東京都	飲食店	寿司	三越前駅	https://tabelog.com/tokyo/A1302/A130202/13116806/	https://award.tabelog.com/hyakumeiten/sushi_tokyo/2021	The Tabelog Award / 百名店 2021 公式名簿候補
13144693	13144693	鮨處やまだ	東京都	飲食店	寿司	内幸町駅	https://tabelog.com/tokyo/A1301/A130101/13144693/	https://award.tabelog.com/hyakumeiten/sushi_tokyo/2021	The Tabelog Award / 百名店 2021 公式名簿候補
13213360	13213360	鮨桂太	東京都	飲食店	寿司	築地駅	https://tabelog.com/tokyo/A1313/A131301/13213360/	https://award.tabelog.com/hyakumeiten/sushi_tokyo/2021	The Tabelog Award / 百名店 2021 公式名簿候補
13016811	13016811	紀文寿司	東京都	飲食店	寿司	浅草（東武・都営・メトロ）駅	https://tabelog.com/tokyo/A1311/A131102/13016811/	https://award.tabelog.com/hyakumeiten/sushi_tokyo/2021	The Tabelog Award / 百名店 2021 公式名簿候補
13225073	13225073	鮨 いしやま	東京都	飲食店	寿司	銀座一丁目駅	https://tabelog.com/tokyo/A1301/A130101/13225073/	https://award.tabelog.com/hyakumeiten/sushi_tokyo/2021	The Tabelog Award / 百名店 2021 公式名簿候補
13018559	13018559	寿司 いずみ	東京都	飲食店	寿司	武蔵小山駅	https://tabelog.com/tokyo/A1317/A131702/13018559/	https://award.tabelog.com/hyakumeiten/sushi_tokyo/2021	The Tabelog Award / 百名店 2021 公式名簿候補
13011087	13011087	鮨 魯山 新宿店	東京都	飲食店	寿司	新宿三丁目駅	https://tabelog.com/tokyo/A1304/A130401/13011087/	https://award.tabelog.com/hyakumeiten/sushi_tokyo/2021	The Tabelog Award / 百名店 2021 公式名簿候補
13245540	13245540	波濤	東京都	飲食店	寿司	牛込神楽坂駅	https://tabelog.com/tokyo/A1309/A130905/13245540/	https://award.tabelog.com/hyakumeiten/sushi_tokyo/2021	The Tabelog Award / 百名店 2021 公式名簿候補
13221782	13221782	鮨 つぼみ	東京都	飲食店	寿司	中目黒駅	https://tabelog.com/tokyo/A1317/A131701/13221782/	https://award.tabelog.com/hyakumeiten/sushi_tokyo/2021	The Tabelog Award / 百名店 2021 公式名簿候補
13235258	13235258	鮨 利﨑	東京都	飲食店	寿司	代々木公園駅	https://tabelog.com/tokyo/A1303/A130301/13235258/	https://award.tabelog.com/hyakumeiten/sushi_tokyo/2021	The Tabelog Award / 百名店 2021 公式名簿候補
13086506	13086506	匠　達広	東京都	飲食店	寿司	新宿御苑前駅	https://tabelog.com/tokyo/A1304/A130402/13086506/	https://award.tabelog.com/hyakumeiten/sushi_tokyo/2021	The Tabelog Award / 百名店 2021 公式名簿候補
13024076	13024076	鮨 よしたけ	東京都	飲食店	寿司	新橋駅	https://tabelog.com/tokyo/A1301/A130101/13024076/	https://award.tabelog.com/hyakumeiten/sushi_tokyo/2021	The Tabelog Award / 百名店 2021 公式名簿候補
28040672	28040672	喜一	兵庫県	飲食店	寿司	芦屋（阪神）駅	https://tabelog.com/hyogo/A2803/A280302/28040672/	https://award.tabelog.com/hyakumeiten/sushi_west/2021	The Tabelog Award / 百名店 2021 公式名簿候補
27099496	27099496	墨や	大阪府	飲食店	寿司	大阪難波駅	https://tabelog.com/osaka/A2701/A270202/27099496/	https://award.tabelog.com/hyakumeiten/sushi_west/2021	The Tabelog Award / 百名店 2021 公式名簿候補
40004326	40004326	寿司 竹本	福岡県	飲食店	寿司	北九州市小倉北区	https://tabelog.com/fukuoka/A4004/A400401/40004326/	https://award.tabelog.com/hyakumeiten/sushi_west/2021	The Tabelog Award / 百名店 2021 公式名簿候補
40000768	40000768	江戸前鮨 二鶴	福岡県	飲食店	寿司	北九州市小倉北区	https://tabelog.com/fukuoka/A4004/A400401/40000768/	https://award.tabelog.com/hyakumeiten/sushi_west/2021	The Tabelog Award / 百名店 2021 公式名簿候補
27011309	27011309	千成寿司	大阪府	飲食店	寿司	ＪＲ淡路駅	https://tabelog.com/osaka/A2701/A270307/27011309/	https://award.tabelog.com/hyakumeiten/sushi_west/2021	The Tabelog Award / 百名店 2021 公式名簿候補
38010409	38010409	鮨 いの	愛媛県	飲食店	寿司	松山市	https://tabelog.com/ehime/A3801/A380101/38010409/	https://award.tabelog.com/hyakumeiten/sushi_west/2021	The Tabelog Award / 百名店 2021 公式名簿候補
40043591	40043591	寿司つばさ	福岡県	飲食店	寿司	北九州市小倉北区	https://tabelog.com/fukuoka/A4004/A400401/40043591/	https://award.tabelog.com/hyakumeiten/sushi_west/2021	The Tabelog Award / 百名店 2021 公式名簿候補
27002213	27002213	えんどう寿司 京橋店	大阪府	飲食店	寿司	京橋駅	https://tabelog.com/osaka/A2701/A270107/27002213/	https://award.tabelog.com/hyakumeiten/sushi_west/2021	The Tabelog Award / 百名店 2021 公式名簿候補
17000420	17000420	もりもり寿し 金沢駅前店	石川県	飲食店	寿司	金沢市	https://tabelog.com/ishikawa/A1701/A170101/17000420/	https://award.tabelog.com/hyakumeiten/sushi_west/2021	The Tabelog Award / 百名店 2021 公式名簿候補
42000796	42000796	栄寿司小吉	長崎県	飲食店	寿司	長崎市	https://tabelog.com/nagasaki/A4201/A420101/42000796/	https://award.tabelog.com/hyakumeiten/sushi_west/2021	The Tabelog Award / 百名店 2021 公式名簿候補
17000512	17000512	鮨 八や	石川県	飲食店	寿司	金沢市	https://tabelog.com/ishikawa/A1701/A170101/17000512/	https://award.tabelog.com/hyakumeiten/sushi_west/2021	The Tabelog Award / 百名店 2021 公式名簿候補
17010234	17010234	飛	石川県	飲食店	寿司	金沢市	https://tabelog.com/ishikawa/A1701/A170101/17010234/	https://award.tabelog.com/hyakumeiten/sushi_west/2021	The Tabelog Award / 百名店 2021 公式名簿候補
40000408	40000408	もり田	福岡県	飲食店	寿司	北九州市小倉北区	https://tabelog.com/fukuoka/A4004/A400401/40000408/	https://award.tabelog.com/hyakumeiten/sushi_west/2021	The Tabelog Award / 百名店 2021 公式名簿候補
40000074	40000074	鮨 田可尾	福岡県	飲食店	寿司	天神南駅	https://tabelog.com/fukuoka/A4001/A400103/40000074/	https://award.tabelog.com/hyakumeiten/sushi_west/2021	The Tabelog Award / 百名店 2021 公式名簿候補
27051741	27051741	寿司処 かい原	大阪府	飲食店	寿司	天満駅	https://tabelog.com/osaka/A2701/A270103/27051741/	https://award.tabelog.com/hyakumeiten/sushi_west/2021	The Tabelog Award / 百名店 2021 公式名簿候補
27002205	27002205	春駒	大阪府	飲食店	寿司	天神橋筋六丁目駅	https://tabelog.com/osaka/A2701/A270103/27002205/	https://award.tabelog.com/hyakumeiten/sushi_west/2021	The Tabelog Award / 百名店 2021 公式名簿候補
26034605	26034605	きう	京都府	飲食店	寿司	烏丸駅	https://tabelog.com/kyoto/A2601/A260201/26034605/	https://award.tabelog.com/hyakumeiten/sushi_west/2021	The Tabelog Award / 百名店 2021 公式名簿候補
17000174	17000174	鮨 みつ川 金沢本店	石川県	飲食店	寿司	金沢市	https://tabelog.com/ishikawa/A1701/A170101/17000174/	https://award.tabelog.com/hyakumeiten/sushi_west/2021	The Tabelog Award / 百名店 2021 公式名簿候補
37000358	37000358	鮨舳	香川県	飲食店	寿司	高松市	https://tabelog.com/kagawa/A3701/A370101/37000358/	https://award.tabelog.com/hyakumeiten/sushi_west/2021	The Tabelog Award / 百名店 2021 公式名簿候補
27004965	27004965	鮨 のぐち	大阪府	飲食店	寿司	北新地駅	https://tabelog.com/osaka/A2701/A270101/27004965/	https://award.tabelog.com/hyakumeiten/sushi_west/2021	The Tabelog Award / 百名店 2021 公式名簿候補
27067598	27067598	鮨 ほしやま	大阪府	飲食店	寿司	北新地駅	https://tabelog.com/osaka/A2701/A270101/27067598/	https://award.tabelog.com/hyakumeiten/sushi_west/2021	The Tabelog Award / 百名店 2021 公式名簿候補
27003662	27003662	鮨処 平野	大阪府	飲食店	寿司	北新地駅	https://tabelog.com/osaka/A2701/A270101/27003662/	https://award.tabelog.com/hyakumeiten/sushi_west/2021	The Tabelog Award / 百名店 2021 公式名簿候補
40004475	40004475	江戸心 山ぼうし	福岡県	飲食店	寿司	天神南駅	https://tabelog.com/fukuoka/A4001/A400103/40004475/	https://award.tabelog.com/hyakumeiten/sushi_west/2021	The Tabelog Award / 百名店 2021 公式名簿候補
17000173	17000173	鮨 志の助	石川県	飲食店	寿司	金沢市	https://tabelog.com/ishikawa/A1701/A170101/17000173/	https://award.tabelog.com/hyakumeiten/sushi_west/2021	The Tabelog Award / 百名店 2021 公式名簿候補
24003391	24003391	平和寿司	三重県	飲食店	寿司	桑名市	https://tabelog.com/mie/A2402/A240203/24003391/	https://award.tabelog.com/hyakumeiten/sushi_west/2021	The Tabelog Award / 百名店 2021 公式名簿候補
40001476	40001476	鮨隆	福岡県	飲食店	寿司	博多駅	https://tabelog.com/fukuoka/A4001/A400101/40001476/	https://award.tabelog.com/hyakumeiten/sushi_west/2021	The Tabelog Award / 百名店 2021 公式名簿候補
27015415	27015415	松寿司	大阪府	飲食店	寿司	北畠駅	https://tabelog.com/osaka/A2701/A270203/27015415/	https://award.tabelog.com/hyakumeiten/sushi_west/2021	The Tabelog Award / 百名店 2021 公式名簿候補
16006504	16006504	鮨 大門	富山県	飲食店	寿司	魚津市	https://tabelog.com/toyama/A1602/A160202/16006504/	https://award.tabelog.com/hyakumeiten/sushi_west/2021	The Tabelog Award / 百名店 2021 公式名簿候補
17001116	17001116	鮨処 あいじ	石川県	飲食店	寿司	金沢市	https://tabelog.com/ishikawa/A1701/A170101/17001116/	https://award.tabelog.com/hyakumeiten/sushi_west/2021	The Tabelog Award / 百名店 2021 公式名簿候補
25002045	25002045	京極寿司	滋賀県	飲食店	寿司	長浜市	https://tabelog.com/shiga/A2504/A250402/25002045/	https://award.tabelog.com/hyakumeiten/sushi_west/2021	The Tabelog Award / 百名店 2021 公式名簿候補
40031337	40031337	鮨 麻生 平尾山荘	福岡県	飲食店	寿司	西鉄平尾駅	https://tabelog.com/fukuoka/A4001/A400104/40031337/	https://award.tabelog.com/hyakumeiten/sushi_west/2021	The Tabelog Award / 百名店 2021 公式名簿候補
43001204	43001204	奴寿司	熊本県	飲食店	寿司	天草市	https://tabelog.com/kumamoto/A4305/A430501/43001204/	https://award.tabelog.com/hyakumeiten/sushi_west/2021	The Tabelog Award / 百名店 2021 公式名簿候補
27114022	27114022	寿司 赤酢	大阪府	飲食店	寿司	北新地駅	https://tabelog.com/osaka/A2701/A270101/27114022/	https://award.tabelog.com/hyakumeiten/sushi_west/2021	The Tabelog Award / 百名店 2021 公式名簿候補
40010507	40010507	鮨 よし田	福岡県	飲食店	寿司	久留米市	https://tabelog.com/fukuoka/A4008/A400801/40010507/	https://award.tabelog.com/hyakumeiten/sushi_west/2021	The Tabelog Award / 百名店 2021 公式名簿候補
28031883	28031883	菊水鮓 西店	兵庫県	飲食店	寿司	西明石駅	https://tabelog.com/hyogo/A2804/A280401/28031883/	https://award.tabelog.com/hyakumeiten/sushi_west/2021	The Tabelog Award / 百名店 2021 公式名簿候補
27087204	27087204	髙橋 謙太郎	大阪府	飲食店	寿司	大江橋駅	https://tabelog.com/osaka/A2701/A270101/27087204/	https://award.tabelog.com/hyakumeiten/sushi_west/2021	The Tabelog Award / 百名店 2021 公式名簿候補
28005382	28005382	林屋	兵庫県	飲食店	寿司	淡路市	https://tabelog.com/hyogo/A2806/A280601/28005382/	https://award.tabelog.com/hyakumeiten/sushi_west/2021	The Tabelog Award / 百名店 2021 公式名簿候補
27078821	27078821	鮨 村上二郎	大阪府	飲食店	寿司	北新地駅	https://tabelog.com/osaka/A2701/A270101/27078821/	https://award.tabelog.com/hyakumeiten/sushi_west/2021	The Tabelog Award / 百名店 2021 公式名簿候補
40000892	40000892	たつみ寿司 長浜店	福岡県	飲食店	寿司	赤坂駅	https://tabelog.com/fukuoka/A4001/A400104/40000892/	https://award.tabelog.com/hyakumeiten/sushi_west/2021	The Tabelog Award / 百名店 2021 公式名簿候補
44000628	44000628	大和田鮨	大分県	飲食店	寿司	別府市	https://tabelog.com/oita/A4402/A440202/44000628/	https://award.tabelog.com/hyakumeiten/sushi_west/2021	The Tabelog Award / 百名店 2021 公式名簿候補
28006305	28006305	鮨 生粋	兵庫県	飲食店	寿司	摂津本山駅	https://tabelog.com/hyogo/A2801/A280105/28006305/	https://award.tabelog.com/hyakumeiten/sushi_west/2021	The Tabelog Award / 百名店 2021 公式名簿候補
17010062	17010062	鮨木場谷	石川県	飲食店	寿司	金沢市	https://tabelog.com/ishikawa/A1701/A170101/17010062/	https://award.tabelog.com/hyakumeiten/sushi_west/2021	The Tabelog Award / 百名店 2021 公式名簿候補
27000995	27000995	まさる	大阪府	飲食店	寿司	四天王寺前夕陽ケ丘駅	https://tabelog.com/osaka/A2701/A270203/27000995/	https://award.tabelog.com/hyakumeiten/sushi_west/2021	The Tabelog Award / 百名店 2021 公式名簿候補
40048710	40048710	鮨 唐島	福岡県	飲食店	寿司	桜坂駅	https://tabelog.com/fukuoka/A4001/A400105/40048710/	https://award.tabelog.com/hyakumeiten/sushi_west/2021	The Tabelog Award / 百名店 2021 公式名簿候補
17010028	17010028	すし屋 小桜	石川県	飲食店	寿司	金沢市	https://tabelog.com/ishikawa/A1701/A170101/17010028/	https://award.tabelog.com/hyakumeiten/sushi_west/2021	The Tabelog Award / 百名店 2021 公式名簿候補
17000911	17000911	もりもり寿し 近江町店	石川県	飲食店	寿司	金沢市	https://tabelog.com/ishikawa/A1701/A170101/17000911/	https://award.tabelog.com/hyakumeiten/sushi_west/2021	The Tabelog Award / 百名店 2021 公式名簿候補
40006240	40006240	たつ庄	福岡県	飲食店	寿司	渡辺通駅	https://tabelog.com/fukuoka/A4001/A400104/40006240/	https://award.tabelog.com/hyakumeiten/sushi_west/2021	The Tabelog Award / 百名店 2021 公式名簿候補
27000915	27000915	じねん 鰻谷南通り店	大阪府	飲食店	寿司	長堀橋駅	https://tabelog.com/osaka/A2701/A270201/27000915/	https://award.tabelog.com/hyakumeiten/sushi_west/2021	The Tabelog Award / 百名店 2021 公式名簿候補
17000352	17000352	幸寿し 本店	石川県	飲食店	寿司	七尾市	https://tabelog.com/ishikawa/A1703/A170302/17000352/	https://award.tabelog.com/hyakumeiten/sushi_west/2021	The Tabelog Award / 百名店 2021 公式名簿候補
27077129	27077129	鮨 惣五郎	大阪府	飲食店	寿司	北新地駅	https://tabelog.com/osaka/A2701/A270101/27077129/	https://award.tabelog.com/hyakumeiten/sushi_west/2021	The Tabelog Award / 百名店 2021 公式名簿候補
26002579	26002579	鮨まつもと	京都府	飲食店	寿司	祇園四条駅	https://tabelog.com/kyoto/A2601/A260301/26002579/	https://award.tabelog.com/hyakumeiten/sushi_west/2021	The Tabelog Award / 百名店 2021 公式名簿候補
28053397	28053397	すし うえだ	兵庫県	飲食店	寿司	元町（ＪＲ）駅	https://tabelog.com/hyogo/A2801/A280102/28053397/	https://award.tabelog.com/hyakumeiten/sushi_west/2021	The Tabelog Award / 百名店 2021 公式名簿候補
40005044	40005044	たつみ寿司 総本店	福岡県	飲食店	寿司	中洲川端駅	https://tabelog.com/fukuoka/A4001/A400102/40005044/	https://award.tabelog.com/hyakumeiten/sushi_west/2021	The Tabelog Award / 百名店 2021 公式名簿候補
37000760	37000760	寿司 中川	香川県	飲食店	寿司	高松市	https://tabelog.com/kagawa/A3701/A370101/37000760/	https://award.tabelog.com/hyakumeiten/sushi_west/2021	The Tabelog Award / 百名店 2021 公式名簿候補
27086390	27086390	黒杉	大阪府	飲食店	寿司	大江橋駅	https://tabelog.com/osaka/A2701/A270101/27086390/	https://award.tabelog.com/hyakumeiten/sushi_west/2021	The Tabelog Award / 百名店 2021 公式名簿候補
40000042	40000042	吉冨寿し	福岡県	飲食店	寿司	赤坂駅	https://tabelog.com/fukuoka/A4001/A400104/40000042/	https://award.tabelog.com/hyakumeiten/sushi_west/2021	The Tabelog Award / 百名店 2021 公式名簿候補
40003573	40003573	やま中・本店 鮨と日本料理	福岡県	飲食店	寿司	薬院駅	https://tabelog.com/fukuoka/A4001/A400104/40003573/	https://award.tabelog.com/hyakumeiten/sushi_west/2021	The Tabelog Award / 百名店 2021 公式名簿候補
27015774	27015774	すしぎん	大阪府	飲食店	寿司	鶴橋駅	https://tabelog.com/osaka/A2701/A270205/27015774/	https://award.tabelog.com/hyakumeiten/sushi_west/2021	The Tabelog Award / 百名店 2021 公式名簿候補
40038828	40038828	鮨 かんび	福岡県	飲食店	寿司	呉服町駅	https://tabelog.com/fukuoka/A4001/A400106/40038828/	https://award.tabelog.com/hyakumeiten/sushi_west/2021	The Tabelog Award / 百名店 2021 公式名簿候補
27007945	27007945	すし処 広川	大阪府	飲食店	寿司	京橋駅	https://tabelog.com/osaka/A2701/A270107/27007945/	https://award.tabelog.com/hyakumeiten/sushi_west/2021	The Tabelog Award / 百名店 2021 公式名簿候補
27083232	27083232	鮨 千陽	大阪府	飲食店	寿司	福島駅	https://tabelog.com/osaka/A2701/A270108/27083232/	https://award.tabelog.com/hyakumeiten/sushi_west/2021	The Tabelog Award / 百名店 2021 公式名簿候補
27011689	27011689	寿司 うち田	大阪府	飲食店	寿司	大江橋駅	https://tabelog.com/osaka/A2701/A270101/27011689/	https://award.tabelog.com/hyakumeiten/sushi_west/2021	The Tabelog Award / 百名店 2021 公式名簿候補
27002698	27002698	中央市場 ゑんどう	大阪府	飲食店	寿司	玉川駅	https://tabelog.com/osaka/A2701/A270108/27002698/	https://award.tabelog.com/hyakumeiten/sushi_west/2021	The Tabelog Award / 百名店 2021 公式名簿候補
26029012	26029012	祇園 鮨 忠保	京都府	飲食店	寿司	祇園四条駅	https://tabelog.com/kyoto/A2601/A260301/26029012/	https://award.tabelog.com/hyakumeiten/sushi_west/2021	The Tabelog Award / 百名店 2021 公式名簿候補
27093524	27093524	鮨 Shizuku	大阪府	飲食店	寿司	長堀橋駅	https://tabelog.com/osaka/A2701/A270201/27093524/	https://award.tabelog.com/hyakumeiten/sushi_west/2021	The Tabelog Award / 百名店 2021 公式名簿候補
27091491	27091491	寿司処 しん	大阪府	飲食店	寿司	天神橋筋六丁目駅	https://tabelog.com/osaka/A2701/A270103/27091491/	https://award.tabelog.com/hyakumeiten/sushi_west/2021	The Tabelog Award / 百名店 2021 公式名簿候補
17009145	17009145	鮨 歴々 百番街店	石川県	飲食店	寿司	金沢市	https://tabelog.com/ishikawa/A1701/A170101/17009145/	https://award.tabelog.com/hyakumeiten/sushi_west/2021	The Tabelog Award / 百名店 2021 公式名簿候補
40035158	40035158	鮨 香坂	福岡県	飲食店	寿司	東比恵駅	https://tabelog.com/fukuoka/A4001/A400101/40035158/	https://award.tabelog.com/hyakumeiten/sushi_west/2021	The Tabelog Award / 百名店 2021 公式名簿候補
13049580	13049580	酒処 つがる	東京都	飲食店	定食	品川駅	https://tabelog.com/tokyo/A1314/A131403/13049580/	https://award.tabelog.com/hyakumeiten/teishoku/2021	The Tabelog Award / 百名店 2021 公式名簿候補
13051336	13051336	魚久 イートイン あじみせ 本店	東京都	飲食店	定食	人形町駅	https://tabelog.com/tokyo/A1302/A130204/13051336/	https://award.tabelog.com/hyakumeiten/teishoku/2021	The Tabelog Award / 百名店 2021 公式名簿候補
40018886	40018886	梅山鉄平食堂 本店	福岡県	飲食店	定食	渡辺通駅	https://tabelog.com/fukuoka/A4001/A400103/40018886/	https://award.tabelog.com/hyakumeiten/teishoku/2021	The Tabelog Award / 百名店 2021 公式名簿候補
13006408	13006408	キッチン グラン	東京都	飲食店	定食	神保町駅	https://tabelog.com/tokyo/A1310/A131003/13006408/	https://award.tabelog.com/hyakumeiten/teishoku/2021	The Tabelog Award / 百名店 2021 公式名簿候補
13006415	13006415	キッチン マミー	東京都	飲食店	定食	神保町駅	https://tabelog.com/tokyo/A1310/A131003/13006415/	https://award.tabelog.com/hyakumeiten/teishoku/2021	The Tabelog Award / 百名店 2021 公式名簿候補
27059653	27059653	普通の食堂いわま	大阪府	飲食店	定食	難波（南海）駅	https://tabelog.com/osaka/A2701/A270202/27059653/	https://award.tabelog.com/hyakumeiten/teishoku/2021	The Tabelog Award / 百名店 2021 公式名簿候補
38007391	38007391	愛南 市場食堂	愛媛県	飲食店	定食	南宇和郡愛南町	https://tabelog.com/ehime/A3804/A380404/38007391/	https://award.tabelog.com/hyakumeiten/teishoku/2021	The Tabelog Award / 百名店 2021 公式名簿候補
40033981	40033981	いっかく食堂 本店	福岡県	飲食店	定食	薬院大通駅	https://tabelog.com/fukuoka/A4001/A400104/40033981/	https://award.tabelog.com/hyakumeiten/teishoku/2021	The Tabelog Award / 百名店 2021 公式名簿候補
13025438	13025438	とん金	東京都	飲食店	定食	大崎広小路駅	https://tabelog.com/tokyo/A1316/A131603/13025438/	https://award.tabelog.com/hyakumeiten/teishoku/2021	The Tabelog Award / 百名店 2021 公式名簿候補
22000010	22000010	海幸楽膳 釜つる	静岡県	飲食店	定食	熱海市	https://tabelog.com/shizuoka/A2205/A220502/22000010/	https://award.tabelog.com/hyakumeiten/teishoku/2021	The Tabelog Award / 百名店 2021 公式名簿候補
40000036	40000036	おきよ食堂	福岡県	飲食店	定食	赤坂駅	https://tabelog.com/fukuoka/A4001/A400104/40000036/	https://award.tabelog.com/hyakumeiten/teishoku/2021	The Tabelog Award / 百名店 2021 公式名簿候補
13158606	13158606	ここのつ	東京都	飲食店	定食	北千住駅	https://tabelog.com/tokyo/A1324/A132402/13158606/	https://award.tabelog.com/hyakumeiten/teishoku/2021	The Tabelog Award / 百名店 2021 公式名簿候補
13176997	13176997	あげもんや	東京都	飲食店	定食	高円寺駅	https://tabelog.com/tokyo/A1319/A131904/13176997/	https://award.tabelog.com/hyakumeiten/teishoku/2021	The Tabelog Award / 百名店 2021 公式名簿候補
1005979	1005979	柳ばし	北海道	飲食店	定食	千歳市	https://tabelog.com/hokkaido/A0107/A010701/1005979/	https://award.tabelog.com/hyakumeiten/teishoku/2021	The Tabelog Award / 百名店 2021 公式名簿候補
13014630	13014630	スワチカ	東京都	飲食店	定食	大崎広小路駅	https://tabelog.com/tokyo/A1316/A131603/13014630/	https://award.tabelog.com/hyakumeiten/teishoku/2021	The Tabelog Award / 百名店 2021 公式名簿候補
13240305	13240305	しょうが焼きBaKa 神保町本店	東京都	飲食店	定食	神保町駅	https://tabelog.com/tokyo/A1310/A131003/13240305/	https://award.tabelog.com/hyakumeiten/teishoku/2021	The Tabelog Award / 百名店 2021 公式名簿候補
40000359	40000359	わっぱ定食堂	福岡県	飲食店	定食	赤坂駅	https://tabelog.com/fukuoka/A4001/A400104/40000359/	https://award.tabelog.com/hyakumeiten/teishoku/2021	The Tabelog Award / 百名店 2021 公式名簿候補
13002300	13002300	季節料理 魚竹	東京都	飲食店	定食	築地駅	https://tabelog.com/tokyo/A1313/A131301/13002300/	https://award.tabelog.com/hyakumeiten/teishoku/2021	The Tabelog Award / 百名店 2021 公式名簿候補
40026439	40026439	たんやHAKATA	福岡県	飲食店	定食	博多駅	https://tabelog.com/fukuoka/A4001/A400101/40026439/	https://award.tabelog.com/hyakumeiten/teishoku/2021	The Tabelog Award / 百名店 2021 公式名簿候補
41000157	41000157	大和	佐賀県	飲食店	定食	唐津市	https://tabelog.com/saga/A4102/A410201/41000157/	https://award.tabelog.com/hyakumeiten/teishoku/2021	The Tabelog Award / 百名店 2021 公式名簿候補
1037103	1037103	シロクマ食堂	北海道	飲食店	定食	小樽市	https://tabelog.com/hokkaido/A0106/A010601/1037103/	https://award.tabelog.com/hyakumeiten/teishoku/2021	The Tabelog Award / 百名店 2021 公式名簿候補
14000873	14000873	あらさき亭	神奈川県	飲食店	定食	横須賀市	https://tabelog.com/kanagawa/A1406/A140601/14000873/	https://award.tabelog.com/hyakumeiten/teishoku/2021	The Tabelog Award / 百名店 2021 公式名簿候補
13015764	13015764	ランチハウス ミトヤ	東京都	飲食店	定食	池袋駅	https://tabelog.com/tokyo/A1305/A130501/13015764/	https://award.tabelog.com/hyakumeiten/teishoku/2021	The Tabelog Award / 百名店 2021 公式名簿候補
13047017	13047017	炭火焼専門食処 白銀屋	東京都	飲食店	定食	西新宿駅	https://tabelog.com/tokyo/A1304/A130401/13047017/	https://award.tabelog.com/hyakumeiten/teishoku/2021	The Tabelog Award / 百名店 2021 公式名簿候補
13008505	13008505	動坂食堂	東京都	飲食店	定食	田端駅	https://tabelog.com/tokyo/A1323/A132301/13008505/	https://award.tabelog.com/hyakumeiten/teishoku/2021	The Tabelog Award / 百名店 2021 公式名簿候補
13009906	13009906	味の大番	東京都	飲食店	定食	十条駅	https://tabelog.com/tokyo/A1323/A132304/13009906/	https://award.tabelog.com/hyakumeiten/teishoku/2021	The Tabelog Award / 百名店 2021 公式名簿候補
17000078	17000078	宇宙軒食堂	石川県	飲食店	定食	金沢市	https://tabelog.com/ishikawa/A1701/A170101/17000078/	https://award.tabelog.com/hyakumeiten/teishoku/2021	The Tabelog Award / 百名店 2021 公式名簿候補
47000095	47000095	みかど	沖縄県	飲食店	定食	那覇市	https://tabelog.com/okinawa/A4701/A470101/47000095/	https://award.tabelog.com/hyakumeiten/teishoku/2021	The Tabelog Award / 百名店 2021 公式名簿候補
13021207	13021207	さかな亭	東京都	飲食店	定食	新橋駅	https://tabelog.com/tokyo/A1301/A130103/13021207/	https://award.tabelog.com/hyakumeiten/teishoku/2021	The Tabelog Award / 百名店 2021 公式名簿候補
27003060	27003060	銀シャリ屋 ゲコ亭	大阪府	飲食店	定食	寺地町駅	https://tabelog.com/osaka/A2705/A270501/27003060/	https://award.tabelog.com/hyakumeiten/teishoku/2021	The Tabelog Award / 百名店 2021 公式名簿候補
14023879	14023879	お食事処 大原	神奈川県	飲食店	定食	早川駅	https://tabelog.com/kanagawa/A1409/A140901/14023879/	https://award.tabelog.com/hyakumeiten/teishoku/2021	The Tabelog Award / 百名店 2021 公式名簿候補
26001221	26001221	今井食堂	京都府	飲食店	定食	京都市北区	https://tabelog.com/kyoto/A2601/A260503/26001221/	https://award.tabelog.com/hyakumeiten/teishoku/2021	The Tabelog Award / 百名店 2021 公式名簿候補
13078681	13078681	炭火焼食堂 こがね屋	東京都	飲食店	定食	西武新宿駅	https://tabelog.com/tokyo/A1304/A130401/13078681/	https://award.tabelog.com/hyakumeiten/teishoku/2021	The Tabelog Award / 百名店 2021 公式名簿候補
12006767	12006767	食事処　池田	千葉県	飲食店	定食	鴨川市	https://tabelog.com/chiba/A1207/A120703/12006767/	https://award.tabelog.com/hyakumeiten/teishoku/2021	The Tabelog Award / 百名店 2021 公式名簿候補
40020829	40020829	天神わっぱ定食堂	福岡県	飲食店	定食	天神南駅	https://tabelog.com/fukuoka/A4001/A400103/40020829/	https://award.tabelog.com/hyakumeiten/teishoku/2021	The Tabelog Award / 百名店 2021 公式名簿候補
13101687	13101687	きっちん 浜家	東京都	飲食店	定食	錦糸町駅	https://tabelog.com/tokyo/A1312/A131201/13101687/	https://award.tabelog.com/hyakumeiten/teishoku/2021	The Tabelog Award / 百名店 2021 公式名簿候補
23003101	23003101	一力	愛知県	飲食店	定食	日比野（名古屋市営）駅	https://tabelog.com/aichi/A2301/A230112/23003101/	https://award.tabelog.com/hyakumeiten/teishoku/2021	The Tabelog Award / 百名店 2021 公式名簿候補
1001467	1001467	民宿 青塚食堂	北海道	飲食店	定食	小樽市	https://tabelog.com/hokkaido/A0106/A010601/1001467/	https://award.tabelog.com/hyakumeiten/teishoku/2021	The Tabelog Award / 百名店 2021 公式名簿候補
41000038	41000038	宗庵 よこ長	佐賀県	飲食店	定食	嬉野市	https://tabelog.com/saga/A4104/A410401/41000038/	https://award.tabelog.com/hyakumeiten/teishoku/2021	The Tabelog Award / 百名店 2021 公式名簿候補
40034751	40034751	博多ごまさば屋	福岡県	飲食店	定食	赤坂駅	https://tabelog.com/fukuoka/A4001/A400104/40034751/	https://award.tabelog.com/hyakumeiten/teishoku/2021	The Tabelog Award / 百名店 2021 公式名簿候補
13026535	13026535	とんかつ小田保 場内店	東京都	飲食店	定食	市場前駅	https://tabelog.com/tokyo/A1313/A131307/13026535/	https://award.tabelog.com/hyakumeiten/teishoku/2021	The Tabelog Award / 百名店 2021 公式名簿候補
27050674	27050674	玄三庵 西梅田店	大阪府	飲食店	定食	北新地駅	https://tabelog.com/osaka/A2701/A270101/27050674/	https://award.tabelog.com/hyakumeiten/teishoku/2021	The Tabelog Award / 百名店 2021 公式名簿候補
23026020	23026020	酒津屋 中店	愛知県	飲食店	定食	栄（名古屋）駅	https://tabelog.com/aichi/A2301/A230103/23026020/	https://award.tabelog.com/hyakumeiten/teishoku/2021	The Tabelog Award / 百名店 2021 公式名簿候補
23000872	23000872	まるは食堂 中部国際空港店	愛知県	飲食店	定食	常滑市	https://tabelog.com/aichi/A2304/A230402/23000872/	https://award.tabelog.com/hyakumeiten/teishoku/2021	The Tabelog Award / 百名店 2021 公式名簿候補
13131643	13131643	かつれつ四谷たけだ	東京都	飲食店	定食	四ツ谷駅	https://tabelog.com/tokyo/A1309/A130902/13131643/	https://award.tabelog.com/hyakumeiten/teishoku/2021	The Tabelog Award / 百名店 2021 公式名簿候補
27001293	27001293	大黒	大阪府	飲食店	定食	大阪難波駅	https://tabelog.com/osaka/A2701/A270202/27001293/	https://award.tabelog.com/hyakumeiten/teishoku/2021	The Tabelog Award / 百名店 2021 公式名簿候補
13002439	13002439	大衆割烹 三州屋 銀座一丁目店	東京都	飲食店	定食	銀座一丁目駅	https://tabelog.com/tokyo/A1301/A130101/13002439/	https://award.tabelog.com/hyakumeiten/teishoku/2021	The Tabelog Award / 百名店 2021 公式名簿候補
12001718	12001718	もつ煮 太郎	千葉県	飲食店	定食	柏市	https://tabelog.com/chiba/A1203/A120301/12001718/	https://award.tabelog.com/hyakumeiten/teishoku/2021	The Tabelog Award / 百名店 2021 公式名簿候補
13012336	13012336	ときわ食堂 本店	東京都	飲食店	定食	庚申塚駅	https://tabelog.com/tokyo/A1323/A132301/13012336/	https://award.tabelog.com/hyakumeiten/teishoku/2021	The Tabelog Award / 百名店 2021 公式名簿候補
13001589	13001589	こづち	東京都	飲食店	定食	恵比寿駅	https://tabelog.com/tokyo/A1303/A130302/13001589/	https://award.tabelog.com/hyakumeiten/teishoku/2021	The Tabelog Award / 百名店 2021 公式名簿候補
39000039	39000039	鳥心 本店	高知県	飲食店	定食	高知市	https://tabelog.com/kochi/A3901/A390101/39000039/	https://award.tabelog.com/hyakumeiten/teishoku/2021	The Tabelog Award / 百名店 2021 公式名簿候補
30000271	30000271	かどや食堂	和歌山県	飲食店	定食	有田郡湯浅町	https://tabelog.com/wakayama/A3002/A300203/30000271/	https://award.tabelog.com/hyakumeiten/teishoku/2021	The Tabelog Award / 百名店 2021 公式名簿候補
36000020	36000020	あらし	徳島県	飲食店	定食	鳴門市	https://tabelog.com/tokushima/A3601/A360102/36000020/	https://award.tabelog.com/hyakumeiten/teishoku/2021	The Tabelog Award / 百名店 2021 公式名簿候補
10000040	10000040	永井食堂	群馬県	飲食店	定食	渋川市	https://tabelog.com/gunma/A1004/A100401/10000040/	https://award.tabelog.com/hyakumeiten/teishoku/2021	The Tabelog Award / 百名店 2021 公式名簿候補
45000063	45000063	直ちゃん	宮崎県	飲食店	定食	延岡市	https://tabelog.com/miyazaki/A4505/A450501/45000063/	https://award.tabelog.com/hyakumeiten/teishoku/2021	The Tabelog Award / 百名店 2021 公式名簿候補
13028770	13028770	味楽	東京都	飲食店	定食	大崎駅	https://tabelog.com/tokyo/A1316/A131604/13028770/	https://award.tabelog.com/hyakumeiten/teishoku/2021	The Tabelog Award / 百名店 2021 公式名簿候補
13095793	13095793	しゃけ小島 本店	東京都	飲食店	定食	代田橋駅	https://tabelog.com/tokyo/A1318/A131808/13095793/	https://award.tabelog.com/hyakumeiten/teishoku/2021	The Tabelog Award / 百名店 2021 公式名簿候補
47001361	47001361	とうふの比嘉	沖縄県	飲食店	定食	石垣市	https://tabelog.com/okinawa/A4705/A470501/47001361/	https://award.tabelog.com/hyakumeiten/teishoku/2021	The Tabelog Award / 百名店 2021 公式名簿候補
13002473	13002473	大衆割烹 三州屋 銀座店	東京都	飲食店	定食	銀座一丁目駅	https://tabelog.com/tokyo/A1301/A130101/13002473/	https://award.tabelog.com/hyakumeiten/teishoku/2021	The Tabelog Award / 百名店 2021 公式名簿候補
27012103	27012103	ダイニングステージ 佐海屋	大阪府	飲食店	定食	難波（南海）駅	https://tabelog.com/osaka/A2701/A270202/27012103/	https://award.tabelog.com/hyakumeiten/teishoku/2021	The Tabelog Award / 百名店 2021 公式名簿候補
23000853	23000853	まるは食堂旅館 南知多豊浜本店	愛知県	飲食店	定食	知多郡南知多町	https://tabelog.com/aichi/A2304/A230403/23000853/	https://award.tabelog.com/hyakumeiten/teishoku/2021	The Tabelog Award / 百名店 2021 公式名簿候補
13001331	13001331	西麻布 三河屋	東京都	飲食店	定食	乃木坂駅	https://tabelog.com/tokyo/A1307/A130701/13001331/	https://award.tabelog.com/hyakumeiten/teishoku/2021	The Tabelog Award / 百名店 2021 公式名簿候補
13020182	13020182	食事処 酒肴 浅草 水口	東京都	飲食店	定食	浅草（つくばＥＸＰ）駅	https://tabelog.com/tokyo/A1311/A131102/13020182/	https://award.tabelog.com/hyakumeiten/teishoku/2021	The Tabelog Award / 百名店 2021 公式名簿候補
13001091	13001091	丸子亭	東京都	飲食店	定食	中野駅	https://tabelog.com/tokyo/A1319/A131902/13001091/	https://award.tabelog.com/hyakumeiten/teishoku/2021	The Tabelog Award / 百名店 2021 公式名簿候補
14003565	14003565	三ちゃん食堂	神奈川県	飲食店	定食	新丸子駅	https://tabelog.com/kanagawa/A1405/A140504/14003565/	https://award.tabelog.com/hyakumeiten/teishoku/2021	The Tabelog Award / 百名店 2021 公式名簿候補
20000413	20000413	村民食堂	長野県	飲食店	定食	北佐久郡軽井沢町	https://tabelog.com/nagano/A2003/A200301/20000413/	https://award.tabelog.com/hyakumeiten/teishoku/2021	The Tabelog Award / 百名店 2021 公式名簿候補
13048033	13048033	割烹 三友	東京都	飲食店	定食	人形町駅	https://tabelog.com/tokyo/A1302/A130204/13048033/	https://award.tabelog.com/hyakumeiten/teishoku/2021	The Tabelog Award / 百名店 2021 公式名簿候補
13056496	13056496	一汁三菜	東京都	飲食店	定食	広尾駅	https://tabelog.com/tokyo/A1307/A130703/13056496/	https://award.tabelog.com/hyakumeiten/teishoku/2021	The Tabelog Award / 百名店 2021 公式名簿候補
46000812	46000812	市場食堂 城南店	鹿児島県	飲食店	定食	鹿児島市	https://tabelog.com/kagoshima/A4601/A460101/46000812/	https://award.tabelog.com/hyakumeiten/teishoku/2021	The Tabelog Award / 百名店 2021 公式名簿候補
13007634	13007634	多け乃	東京都	飲食店	定食	築地駅	https://tabelog.com/tokyo/A1313/A131301/13007634/	https://award.tabelog.com/hyakumeiten/teishoku/2021	The Tabelog Award / 百名店 2021 公式名簿候補
13140335	13140335	d47食堂	東京都	飲食店	定食	渋谷駅	https://tabelog.com/tokyo/A1303/A130301/13140335/	https://award.tabelog.com/hyakumeiten/teishoku/2021	The Tabelog Award / 百名店 2021 公式名簿候補
26007917	26007917	ごはん処　矢尾定	京都府	飲食店	定食	四条（京都市営）駅	https://tabelog.com/kyoto/A2601/A260201/26007917/	https://award.tabelog.com/hyakumeiten/teishoku/2021	The Tabelog Award / 百名店 2021 公式名簿候補
14002849	14002849	魚佐	神奈川県	飲食店	定食	三浦郡葉山町	https://tabelog.com/kanagawa/A1406/A140602/14002849/	https://award.tabelog.com/hyakumeiten/teishoku/2021	The Tabelog Award / 百名店 2021 公式名簿候補
13008895	13008895	洋庖丁 板橋店	東京都	飲食店	定食	新板橋駅	https://tabelog.com/tokyo/A1322/A132201/13008895/	https://award.tabelog.com/hyakumeiten/teishoku/2021	The Tabelog Award / 百名店 2021 公式名簿候補
13101028	13101028	kei楽	東京都	飲食店	定食	清瀬駅	https://tabelog.com/tokyo/A1328/A132803/13101028/	https://award.tabelog.com/hyakumeiten/teishoku/2021	The Tabelog Award / 百名店 2021 公式名簿候補
23000411	23000411	まるは食堂 ラシック店	愛知県	飲食店	定食	栄（名古屋）駅	https://tabelog.com/aichi/A2301/A230103/23000411/	https://award.tabelog.com/hyakumeiten/teishoku/2021	The Tabelog Award / 百名店 2021 公式名簿候補
47001385	47001385	なかよし食堂	沖縄県	飲食店	定食	石垣市	https://tabelog.com/okinawa/A4705/A470501/47001385/	https://award.tabelog.com/hyakumeiten/teishoku/2021	The Tabelog Award / 百名店 2021 公式名簿候補
14012378	14012378	まるいち食堂	神奈川県	飲食店	定食	三浦市	https://tabelog.com/kanagawa/A1406/A140603/14012378/	https://award.tabelog.com/hyakumeiten/teishoku/2021	The Tabelog Award / 百名店 2021 公式名簿候補
36000021	36000021	活魚料理 びんび家	徳島県	飲食店	定食	鳴門市	https://tabelog.com/tokushima/A3601/A360102/36000021/	https://award.tabelog.com/hyakumeiten/teishoku/2021	The Tabelog Award / 百名店 2021 公式名簿候補
46000828	46000828	高城庵	鹿児島県	飲食店	定食	南九州市	https://tabelog.com/kagoshima/A4601/A460105/46000828/	https://award.tabelog.com/hyakumeiten/teishoku/2021	The Tabelog Award / 百名店 2021 公式名簿候補
2000071	2000071	お食事処おさない	青森県	飲食店	定食	青森市	https://tabelog.com/aomori/A0201/A020101/2000071/	https://award.tabelog.com/hyakumeiten/teishoku/2021	The Tabelog Award / 百名店 2021 公式名簿候補
13001699	13001699	とりかつ チキン	東京都	飲食店	定食	神泉駅	https://tabelog.com/tokyo/A1303/A130301/13001699/	https://award.tabelog.com/hyakumeiten/teishoku/2021	The Tabelog Award / 百名店 2021 公式名簿候補
12014064	12014064	さすけ食堂	千葉県	飲食店	定食	浜金谷駅	https://tabelog.com/chiba/A1206/A120603/12014064/	https://award.tabelog.com/hyakumeiten/teishoku/2021	The Tabelog Award / 百名店 2021 公式名簿候補
13106652	13106652	キッチン竹乃子	東京都	飲食店	定食	秋葉原駅	https://tabelog.com/tokyo/A1311/A131101/13106652/	https://award.tabelog.com/hyakumeiten/teishoku/2021	The Tabelog Award / 百名店 2021 公式名簿候補
13040797	13040797	九絵	東京都	飲食店	定食	大岡山駅	https://tabelog.com/tokyo/A1317/A131711/13040797/	https://award.tabelog.com/hyakumeiten/teishoku/2021	The Tabelog Award / 百名店 2021 公式名簿候補
10005887	10005887	もつ煮屋 日の出食堂	群馬県	飲食店	定食	伊勢崎市	https://tabelog.com/gunma/A1002/A100202/10005887/	https://award.tabelog.com/hyakumeiten/teishoku/2021	The Tabelog Award / 百名店 2021 公式名簿候補
35000011	35000011	市場食堂 よし	山口県	飲食店	定食	下関市	https://tabelog.com/yamaguchi/A3502/A350201/35000011/	https://award.tabelog.com/hyakumeiten/teishoku/2021	The Tabelog Award / 百名店 2021 公式名簿候補
21001354	21001354	国八食堂	岐阜県	飲食店	定食	高山市	https://tabelog.com/gifu/A2104/A210401/21001354/	https://award.tabelog.com/hyakumeiten/teishoku/2021	The Tabelog Award / 百名店 2021 公式名簿候補
28008023	28008023	みどり食堂	兵庫県	飲食店	定食	山陽明石駅	https://tabelog.com/hyogo/A2804/A280401/28008023/	https://award.tabelog.com/hyakumeiten/teishoku/2021	The Tabelog Award / 百名店 2021 公式名簿候補
13012554	13012554	魚力	東京都	飲食店	定食	代々木公園駅	https://tabelog.com/tokyo/A1318/A131810/13012554/	https://award.tabelog.com/hyakumeiten/teishoku/2021	The Tabelog Award / 百名店 2021 公式名簿候補
40006396	40006396	ボンバーキッチン 薬院本店	福岡県	飲食店	定食	薬院大通駅	https://tabelog.com/fukuoka/A4001/A400104/40006396/	https://award.tabelog.com/hyakumeiten/teishoku/2021	The Tabelog Award / 百名店 2021 公式名簿候補
13114697	13114697	洋庖丁 池袋店	東京都	飲食店	定食	池袋駅	https://tabelog.com/tokyo/A1305/A130501/13114697/	https://award.tabelog.com/hyakumeiten/teishoku/2021	The Tabelog Award / 百名店 2021 公式名簿候補
13029086	13029086	池のや	東京都	飲食店	定食	勝どき駅	https://tabelog.com/tokyo/A1313/A131302/13029086/	https://award.tabelog.com/hyakumeiten/teishoku/2021	The Tabelog Award / 百名店 2021 公式名簿候補
24001729	24001729	ヒモノ食堂 四日市食堂	三重県	飲食店	定食	四日市市	https://tabelog.com/mie/A2402/A240201/24001729/	https://award.tabelog.com/hyakumeiten/teishoku/2021	The Tabelog Award / 百名店 2021 公式名簿候補
13237611	13237611	かつお食堂	東京都	飲食店	定食	渋谷駅	https://tabelog.com/tokyo/A1303/A130301/13237611/	https://award.tabelog.com/hyakumeiten/teishoku/2021	The Tabelog Award / 百名店 2021 公式名簿候補
13010480	13010480	菱田屋	東京都	飲食店	定食	駒場東大前駅	https://tabelog.com/tokyo/A1318/A131801/13010480/	https://award.tabelog.com/hyakumeiten/teishoku/2021	The Tabelog Award / 百名店 2021 公式名簿候補
13026447	13026447	里の宿	東京都	飲食店	定食	吉祥寺駅	https://tabelog.com/tokyo/A1320/A132001/13026447/	https://award.tabelog.com/hyakumeiten/teishoku/2021	The Tabelog Award / 百名店 2021 公式名簿候補
24001360	24001360	はまぐり食道	三重県	飲食店	定食	桑名市	https://tabelog.com/mie/A2402/A240203/24001360/	https://award.tabelog.com/hyakumeiten/teishoku/2021	The Tabelog Award / 百名店 2021 公式名簿候補
13227143	13227143	とんかつ八千代	東京都	飲食店	定食	市場前駅	https://tabelog.com/tokyo/A1313/A131306/13227143/	https://award.tabelog.com/hyakumeiten/teishoku/2021	The Tabelog Award / 百名店 2021 公式名簿候補
47000203	47000203	紀乃川	沖縄県	飲食店	定食	国頭郡本部町	https://tabelog.com/okinawa/A4702/A470202/47000203/	https://award.tabelog.com/hyakumeiten/teishoku/2021	The Tabelog Award / 百名店 2021 公式名簿候補
12038382	12038382	とんかつ瓢	千葉県	飲食店	とんかつ	柏駅	https://tabelog.com/chiba/A1203/A120301/12038382/	https://award.tabelog.com/hyakumeiten/tonkatsu/2021	The Tabelog Award / 百名店 2021 公式名簿候補
13156833	13156833	とんかつ まさむね	東京都	飲食店	とんかつ	溜池山王駅	https://tabelog.com/tokyo/A1308/A130802/13156833/	https://award.tabelog.com/hyakumeiten/tonkatsu/2021	The Tabelog Award / 百名店 2021 公式名簿候補
23000292	23000292	味処 叶	愛知県	飲食店	とんかつ	栄（名古屋）駅	https://tabelog.com/aichi/A2301/A230103/23000292/	https://award.tabelog.com/hyakumeiten/tonkatsu/2021	The Tabelog Award / 百名店 2021 公式名簿候補
13003984	13003984	とん太	東京都	飲食店	とんかつ	高田馬場駅	https://tabelog.com/tokyo/A1305/A130503/13003984/	https://award.tabelog.com/hyakumeiten/tonkatsu/2021	The Tabelog Award / 百名店 2021 公式名簿候補
13024248	13024248	とんかつ武信 代々木上原店	東京都	飲食店	とんかつ	代々木上原駅	https://tabelog.com/tokyo/A1318/A131811/13024248/	https://award.tabelog.com/hyakumeiten/tonkatsu/2021	The Tabelog Award / 百名店 2021 公式名簿候補
13019126	13019126	はせ川	東京都	飲食店	とんかつ	両国駅	https://tabelog.com/tokyo/A1312/A131201/13019126/	https://award.tabelog.com/hyakumeiten/tonkatsu/2021	The Tabelog Award / 百名店 2021 公式名簿候補
7000028	7000028	仁亭	福島県	飲食店	とんかつ	郡山市	https://tabelog.com/fukushima/A0702/A070201/7000028/	https://award.tabelog.com/hyakumeiten/tonkatsu/2021	The Tabelog Award / 百名店 2021 公式名簿候補
23037296	23037296	矢田かつ	愛知県	飲食店	とんかつ	ナゴヤドーム前矢田駅	https://tabelog.com/aichi/A2301/A230110/23037296/	https://award.tabelog.com/hyakumeiten/tonkatsu/2021	The Tabelog Award / 百名店 2021 公式名簿候補
13190933	13190933	とんかつ檍 大門店	東京都	飲食店	とんかつ	大門駅	https://tabelog.com/tokyo/A1314/A131401/13190933/	https://award.tabelog.com/hyakumeiten/tonkatsu/2021	The Tabelog Award / 百名店 2021 公式名簿候補
13159038	13159038	イマカツ 銀座店	東京都	飲食店	とんかつ	東銀座駅	https://tabelog.com/tokyo/A1301/A130101/13159038/	https://award.tabelog.com/hyakumeiten/tonkatsu/2021	The Tabelog Award / 百名店 2021 公式名簿候補
20005756	20005756	とんかつ 力亭	長野県	飲食店	とんかつ	上田市	https://tabelog.com/nagano/A2004/A200401/20005756/	https://award.tabelog.com/hyakumeiten/tonkatsu/2021	The Tabelog Award / 百名店 2021 公式名簿候補
4000211	4000211	とんかつ かつせい	宮城県	飲食店	とんかつ	五橋駅	https://tabelog.com/miyagi/A0401/A040101/4000211/	https://award.tabelog.com/hyakumeiten/tonkatsu/2021	The Tabelog Award / 百名店 2021 公式名簿候補
13241723	13241723	とんかつ けい太	東京都	飲食店	とんかつ	西荻窪駅	https://tabelog.com/tokyo/A1319/A131907/13241723/	https://award.tabelog.com/hyakumeiten/tonkatsu/2021	The Tabelog Award / 百名店 2021 公式名簿候補
27004283	27004283	とんかつ ますいや	大阪府	飲食店	とんかつ	今福鶴見駅	https://tabelog.com/osaka/A2701/A270305/27004283/	https://award.tabelog.com/hyakumeiten/tonkatsu/2021	The Tabelog Award / 百名店 2021 公式名簿候補
13204289	13204289	とんかつひなた	東京都	飲食店	とんかつ	高田馬場駅	https://tabelog.com/tokyo/A1305/A130503/13204289/	https://award.tabelog.com/hyakumeiten/tonkatsu/2021	The Tabelog Award / 百名店 2021 公式名簿候補
14004558	14004558	丸和	神奈川県	飲食店	とんかつ	馬車道駅	https://tabelog.com/kanagawa/A1401/A140104/14004558/	https://award.tabelog.com/hyakumeiten/tonkatsu/2021	The Tabelog Award / 百名店 2021 公式名簿候補
13225476	13225476	銀座かつかみ	東京都	飲食店	とんかつ	銀座駅	https://tabelog.com/tokyo/A1301/A130101/13225476/	https://award.tabelog.com/hyakumeiten/tonkatsu/2021	The Tabelog Award / 百名店 2021 公式名簿候補
13016062	13016062	とんかつ桂	東京都	飲食店	とんかつ	国分寺駅	https://tabelog.com/tokyo/A1325/A132502/13016062/	https://award.tabelog.com/hyakumeiten/tonkatsu/2021	The Tabelog Award / 百名店 2021 公式名簿候補
27002290	27002290	涿屋	大阪府	飲食店	とんかつ	東梅田駅	https://tabelog.com/osaka/A2701/A270101/27002290/	https://award.tabelog.com/hyakumeiten/tonkatsu/2021	The Tabelog Award / 百名店 2021 公式名簿候補
13042246	13042246	とんかつ やまいち	東京都	飲食店	とんかつ	淡路町駅	https://tabelog.com/tokyo/A1310/A131002/13042246/	https://award.tabelog.com/hyakumeiten/tonkatsu/2021	The Tabelog Award / 百名店 2021 公式名簿候補
13204633	13204633	かつ好	東京都	飲食店	とんかつ	人形町駅	https://tabelog.com/tokyo/A1302/A130204/13204633/	https://award.tabelog.com/hyakumeiten/tonkatsu/2021	The Tabelog Award / 百名店 2021 公式名簿候補
13119166	13119166	まるやま食堂	東京都	飲食店	とんかつ	蒲田駅	https://tabelog.com/tokyo/A1315/A131503/13119166/	https://award.tabelog.com/hyakumeiten/tonkatsu/2021	The Tabelog Award / 百名店 2021 公式名簿候補
15000010	15000010	とんかつ太郎	新潟県	飲食店	とんかつ	新潟市中央区	https://tabelog.com/niigata/A1501/A150101/15000010/	https://award.tabelog.com/hyakumeiten/tonkatsu/2021	The Tabelog Award / 百名店 2021 公式名簿候補
13162760	13162760	とんかつ山家 上野店	東京都	飲食店	とんかつ	上野御徒町駅	https://tabelog.com/tokyo/A1311/A131101/13162760/	https://award.tabelog.com/hyakumeiten/tonkatsu/2021	The Tabelog Award / 百名店 2021 公式名簿候補
13000379	13000379	丸五	東京都	飲食店	とんかつ	秋葉原駅	https://tabelog.com/tokyo/A1310/A131001/13000379/	https://award.tabelog.com/hyakumeiten/tonkatsu/2021	The Tabelog Award / 百名店 2021 公式名簿候補
13002627	13002627	とん喜	東京都	飲食店	とんかつ	銀座駅	https://tabelog.com/tokyo/A1301/A130101/13002627/	https://award.tabelog.com/hyakumeiten/tonkatsu/2021	The Tabelog Award / 百名店 2021 公式名簿候補
13013454	13013454	とんかつ 末吉	東京都	飲食店	とんかつ	赤坂駅	https://tabelog.com/tokyo/A1308/A130801/13013454/	https://award.tabelog.com/hyakumeiten/tonkatsu/2021	The Tabelog Award / 百名店 2021 公式名簿候補
13234679	13234679	車力門 ちゃわんぶ	東京都	飲食店	とんかつ	四谷三丁目駅	https://tabelog.com/tokyo/A1309/A130903/13234679/	https://award.tabelog.com/hyakumeiten/tonkatsu/2021	The Tabelog Award / 百名店 2021 公式名簿候補
13003593	13003593	とん八亭	東京都	飲食店	とんかつ	上野御徒町駅	https://tabelog.com/tokyo/A1311/A131101/13003593/	https://award.tabelog.com/hyakumeiten/tonkatsu/2021	The Tabelog Award / 百名店 2021 公式名簿候補
13006321	13006321	かつ平	東京都	飲食店	とんかつ	三越前駅	https://tabelog.com/tokyo/A1302/A130202/13006321/	https://award.tabelog.com/hyakumeiten/tonkatsu/2021	The Tabelog Award / 百名店 2021 公式名簿候補
13038494	13038494	かつ吉 新丸ビル店	東京都	飲食店	とんかつ	大手町駅	https://tabelog.com/tokyo/A1302/A130201/13038494/	https://award.tabelog.com/hyakumeiten/tonkatsu/2021	The Tabelog Award / 百名店 2021 公式名簿候補
13000116	13000116	とん久	東京都	飲食店	とんかつ	高田馬場駅	https://tabelog.com/tokyo/A1305/A130503/13000116/	https://award.tabelog.com/hyakumeiten/tonkatsu/2021	The Tabelog Award / 百名店 2021 公式名簿候補
24001400	24001400	とんかつ野崎	三重県	飲食店	とんかつ	松阪市	https://tabelog.com/mie/A2401/A240102/24001400/	https://award.tabelog.com/hyakumeiten/tonkatsu/2021	The Tabelog Award / 百名店 2021 公式名簿候補
13001134	13001134	坂本屋	東京都	飲食店	とんかつ	西荻窪駅	https://tabelog.com/tokyo/A1319/A131907/13001134/	https://award.tabelog.com/hyakumeiten/tonkatsu/2021	The Tabelog Award / 百名店 2021 公式名簿候補
27072441	27072441	epais	大阪府	飲食店	とんかつ	北新地駅	https://tabelog.com/osaka/A2701/A270101/27072441/	https://award.tabelog.com/hyakumeiten/tonkatsu/2021	The Tabelog Award / 百名店 2021 公式名簿候補
13021829	13021829	とんかつ かつ壱	東京都	飲食店	とんかつ	目黒駅	https://tabelog.com/tokyo/A1316/A131601/13021829/	https://award.tabelog.com/hyakumeiten/tonkatsu/2021	The Tabelog Award / 百名店 2021 公式名簿候補
23001178	23001178	百年亭	愛知県	飲食店	とんかつ	植田（名古屋市営）駅	https://tabelog.com/aichi/A2301/A230111/23001178/	https://award.tabelog.com/hyakumeiten/tonkatsu/2021	The Tabelog Award / 百名店 2021 公式名簿候補
33000185	33000185	かっぱ	岡山県	飲食店	とんかつ	倉敷市	https://tabelog.com/okayama/A3302/A330201/33000185/	https://award.tabelog.com/hyakumeiten/tonkatsu/2021	The Tabelog Award / 百名店 2021 公式名簿候補
13025298	13025298	にし邑	東京都	飲食店	とんかつ	東銀座駅	https://tabelog.com/tokyo/A1301/A130101/13025298/	https://award.tabelog.com/hyakumeiten/tonkatsu/2021	The Tabelog Award / 百名店 2021 公式名簿候補
13040666	13040666	新潟カツ丼 タレカツ 本店	東京都	飲食店	とんかつ	水道橋駅	https://tabelog.com/tokyo/A1310/A131003/13040666/	https://award.tabelog.com/hyakumeiten/tonkatsu/2021	The Tabelog Award / 百名店 2021 公式名簿候補
23043621	23043621	美はる	愛知県	飲食店	とんかつ	尾張旭市	https://tabelog.com/aichi/A2303/A230302/23043621/	https://award.tabelog.com/hyakumeiten/tonkatsu/2021	The Tabelog Award / 百名店 2021 公式名簿候補
13002040	13002040	とんかつ とんき 目黒本店	東京都	飲食店	とんかつ	目黒駅	https://tabelog.com/tokyo/A1316/A131601/13002040/	https://award.tabelog.com/hyakumeiten/tonkatsu/2021	The Tabelog Award / 百名店 2021 公式名簿候補
20000038	20000038	明治亭 駒ヶ根本店	長野県	飲食店	とんかつ	駒ヶ根市	https://tabelog.com/nagano/A2006/A200602/20000038/	https://award.tabelog.com/hyakumeiten/tonkatsu/2021	The Tabelog Award / 百名店 2021 公式名簿候補
13114843	13114843	とんかつ檍 蒲田店	東京都	飲食店	とんかつ	蒲田駅	https://tabelog.com/tokyo/A1315/A131503/13114843/	https://award.tabelog.com/hyakumeiten/tonkatsu/2021	The Tabelog Award / 百名店 2021 公式名簿候補
13001729	13001729	ぽん太	東京都	飲食店	とんかつ	代官山駅	https://tabelog.com/tokyo/A1303/A130303/13001729/	https://award.tabelog.com/hyakumeiten/tonkatsu/2021	The Tabelog Award / 百名店 2021 公式名簿候補
13127752	13127752	とんかつ いちかつ	東京都	飲食店	とんかつ	両国駅	https://tabelog.com/tokyo/A1312/A131201/13127752/	https://award.tabelog.com/hyakumeiten/tonkatsu/2021	The Tabelog Award / 百名店 2021 公式名簿候補
13034183	13034183	とんかつ燕楽	東京都	飲食店	とんかつ	池上駅	https://tabelog.com/tokyo/A1317/A131714/13034183/	https://award.tabelog.com/hyakumeiten/tonkatsu/2021	The Tabelog Award / 百名店 2021 公式名簿候補
13107796	13107796	あげづき	東京都	飲食店	とんかつ	飯田橋駅	https://tabelog.com/tokyo/A1309/A130905/13107796/	https://award.tabelog.com/hyakumeiten/tonkatsu/2021	The Tabelog Award / 百名店 2021 公式名簿候補
13007635	13007635	かつ平	東京都	飲食店	とんかつ	築地駅	https://tabelog.com/tokyo/A1313/A131301/13007635/	https://award.tabelog.com/hyakumeiten/tonkatsu/2021	The Tabelog Award / 百名店 2021 公式名簿候補
13003669	13003669	とんかつ ゆたか	東京都	飲食店	とんかつ	浅草（つくばＥＸＰ）駅	https://tabelog.com/tokyo/A1311/A131102/13003669/	https://award.tabelog.com/hyakumeiten/tonkatsu/2021	The Tabelog Award / 百名店 2021 公式名簿候補
13141456	13141456	ポンチ軒	東京都	飲食店	とんかつ	小川町駅	https://tabelog.com/tokyo/A1310/A131002/13141456/	https://award.tabelog.com/hyakumeiten/tonkatsu/2021	The Tabelog Award / 百名店 2021 公式名簿候補
13033663	13033663	とんかつ 明石	東京都	飲食店	とんかつ	新橋駅	https://tabelog.com/tokyo/A1301/A130103/13033663/	https://award.tabelog.com/hyakumeiten/tonkatsu/2021	The Tabelog Award / 百名店 2021 公式名簿候補
13219635	13219635	とんかつ檍 銀座店	東京都	飲食店	とんかつ	新橋駅	https://tabelog.com/tokyo/A1301/A130101/13219635/	https://award.tabelog.com/hyakumeiten/tonkatsu/2021	The Tabelog Award / 百名店 2021 公式名簿候補
12000061	12000061	塩梅	千葉県	飲食店	とんかつ	柏駅	https://tabelog.com/chiba/A1203/A120301/12000061/	https://award.tabelog.com/hyakumeiten/tonkatsu/2021	The Tabelog Award / 百名店 2021 公式名簿候補
13041484	13041484	くり家	東京都	飲食店	とんかつ	錦糸町駅	https://tabelog.com/tokyo/A1312/A131201/13041484/	https://award.tabelog.com/hyakumeiten/tonkatsu/2021	The Tabelog Award / 百名店 2021 公式名簿候補
23000039	23000039	すゞ家 赤門店	愛知県	飲食店	とんかつ	上前津駅	https://tabelog.com/aichi/A2301/A230105/23000039/	https://award.tabelog.com/hyakumeiten/tonkatsu/2021	The Tabelog Award / 百名店 2021 公式名簿候補
13138428	13138428	とんかつ山家 御徒町店	東京都	飲食店	とんかつ	御徒町駅	https://tabelog.com/tokyo/A1311/A131101/13138428/	https://award.tabelog.com/hyakumeiten/tonkatsu/2021	The Tabelog Award / 百名店 2021 公式名簿候補
13000129	13000129	あけぼの	東京都	飲食店	とんかつ	有楽町駅	https://tabelog.com/tokyo/A1301/A130102/13000129/	https://award.tabelog.com/hyakumeiten/tonkatsu/2021	The Tabelog Award / 百名店 2021 公式名簿候補
13059862	13059862	もち豚とんかつ たいよう	東京都	飲食店	とんかつ	武蔵小山駅	https://tabelog.com/tokyo/A1317/A131710/13059862/	https://award.tabelog.com/hyakumeiten/tonkatsu/2021	The Tabelog Award / 百名店 2021 公式名簿候補
13003524	13003524	かつ吉 水道橋店	東京都	飲食店	とんかつ	水道橋駅	https://tabelog.com/tokyo/A1310/A131003/13003524/	https://award.tabelog.com/hyakumeiten/tonkatsu/2021	The Tabelog Award / 百名店 2021 公式名簿候補
13016898	13016898	いもや	東京都	飲食店	とんかつ	馬喰町駅	https://tabelog.com/tokyo/A1302/A130204/13016898/	https://award.tabelog.com/hyakumeiten/tonkatsu/2021	The Tabelog Award / 百名店 2021 公式名簿候補
13237293	13237293	吉平	東京都	飲食店	とんかつ	岩本町駅	https://tabelog.com/tokyo/A1310/A131002/13237293/	https://award.tabelog.com/hyakumeiten/tonkatsu/2021	The Tabelog Award / 百名店 2021 公式名簿候補
13004791	13004791	豚組	東京都	飲食店	とんかつ	乃木坂駅	https://tabelog.com/tokyo/A1307/A130701/13004791/	https://award.tabelog.com/hyakumeiten/tonkatsu/2021	The Tabelog Award / 百名店 2021 公式名簿候補
27043187	27043187	とんかつ ひろ喜 徳庵本店	大阪府	飲食店	とんかつ	徳庵駅	https://tabelog.com/osaka/A2707/A270703/27043187/	https://award.tabelog.com/hyakumeiten/tonkatsu/2021	The Tabelog Award / 百名店 2021 公式名簿候補
23004729	23004729	焼とんかつ たいら	愛知県	飲食店	とんかつ	今池駅	https://tabelog.com/aichi/A2301/A230106/23004729/	https://award.tabelog.com/hyakumeiten/tonkatsu/2021	The Tabelog Award / 百名店 2021 公式名簿候補
13002004	13002004	とんかつ 椿	東京都	飲食店	とんかつ	成城学園前駅	https://tabelog.com/tokyo/A1318/A131814/13002004/	https://award.tabelog.com/hyakumeiten/tonkatsu/2021	The Tabelog Award / 百名店 2021 公式名簿候補
13218267	13218267	とんかつ目黒こがね	東京都	飲食店	とんかつ	目黒駅	https://tabelog.com/tokyo/A1316/A131601/13218267/	https://award.tabelog.com/hyakumeiten/tonkatsu/2021	The Tabelog Award / 百名店 2021 公式名簿候補
13003587	13003587	ぽん多本家	東京都	飲食店	とんかつ	上野広小路駅	https://tabelog.com/tokyo/A1311/A131101/13003587/	https://award.tabelog.com/hyakumeiten/tonkatsu/2021	The Tabelog Award / 百名店 2021 公式名簿候補
46000246	46000246	とんかつ川久	鹿児島県	飲食店	とんかつ	鹿児島市	https://tabelog.com/kagoshima/A4601/A460101/46000246/	https://award.tabelog.com/hyakumeiten/tonkatsu/2021	The Tabelog Award / 百名店 2021 公式名簿候補
26006075	26006075	とんかつ山本	京都府	飲食店	とんかつ	京都市役所前駅	https://tabelog.com/kyoto/A2601/A260202/26006075/	https://award.tabelog.com/hyakumeiten/tonkatsu/2021	The Tabelog Award / 百名店 2021 公式名簿候補
13027073	13027073	鈴新	東京都	飲食店	とんかつ	四谷三丁目駅	https://tabelog.com/tokyo/A1309/A130903/13027073/	https://award.tabelog.com/hyakumeiten/tonkatsu/2021	The Tabelog Award / 百名店 2021 公式名簿候補
22000181	22000181	幸楽	静岡県	飲食店	とんかつ	浜松市中区	https://tabelog.com/shizuoka/A2202/A220201/22000181/	https://award.tabelog.com/hyakumeiten/tonkatsu/2021	The Tabelog Award / 百名店 2021 公式名簿候補
13012436	13012436	とんかつ おさむ	東京都	飲食店	とんかつ	椎名町駅	https://tabelog.com/tokyo/A1321/A132101/13012436/	https://award.tabelog.com/hyakumeiten/tonkatsu/2021	The Tabelog Award / 百名店 2021 公式名簿候補
23006270	23006270	とんかつ食房 厚○	愛知県	飲食店	とんかつ	名古屋市守山区	https://tabelog.com/aichi/A2301/A230114/23006270/	https://award.tabelog.com/hyakumeiten/tonkatsu/2021	The Tabelog Award / 百名店 2021 公式名簿候補
13170377	13170377	のもと家	東京都	飲食店	とんかつ	大門駅	https://tabelog.com/tokyo/A1314/A131401/13170377/	https://award.tabelog.com/hyakumeiten/tonkatsu/2021	The Tabelog Award / 百名店 2021 公式名簿候補
23003992	23003992	とんかつあさくら	愛知県	飲食店	とんかつ	名古屋市緑区	https://tabelog.com/aichi/A2301/A230112/23003992/	https://award.tabelog.com/hyakumeiten/tonkatsu/2021	The Tabelog Award / 百名店 2021 公式名簿候補
13003332	13003332	丸一	東京都	飲食店	とんかつ	大森駅	https://tabelog.com/tokyo/A1315/A131502/13003332/	https://award.tabelog.com/hyakumeiten/tonkatsu/2021	The Tabelog Award / 百名店 2021 公式名簿候補
14004365	14004365	馬酔木	神奈川県	飲食店	とんかつ	都筑ふれあいの丘駅	https://tabelog.com/kanagawa/A1401/A140203/14004365/	https://award.tabelog.com/hyakumeiten/tonkatsu/2021	The Tabelog Award / 百名店 2021 公式名簿候補
13161530	13161530	瑞兆	東京都	飲食店	とんかつ	神泉駅	https://tabelog.com/tokyo/A1303/A130301/13161530/	https://award.tabelog.com/hyakumeiten/tonkatsu/2021	The Tabelog Award / 百名店 2021 公式名簿候補
13003619	13003619	井泉 本店	東京都	飲食店	とんかつ	上野広小路駅	https://tabelog.com/tokyo/A1311/A131101/13003619/	https://award.tabelog.com/hyakumeiten/tonkatsu/2021	The Tabelog Award / 百名店 2021 公式名簿候補
13096723	13096723	イマカツ 六本木本店	東京都	飲食店	とんかつ	六本木駅	https://tabelog.com/tokyo/A1307/A130701/13096723/	https://award.tabelog.com/hyakumeiten/tonkatsu/2021	The Tabelog Award / 百名店 2021 公式名簿候補
13050184	13050184	とんかつまるや 新橋烏森口店	東京都	飲食店	とんかつ	新橋駅	https://tabelog.com/tokyo/A1301/A130103/13050184/	https://award.tabelog.com/hyakumeiten/tonkatsu/2021	The Tabelog Award / 百名店 2021 公式名簿候補
19000291	19000291	キッチン美味小家	山梨県	飲食店	とんかつ	甲府市	https://tabelog.com/yamanashi/A1901/A190101/19000291/	https://award.tabelog.com/hyakumeiten/tonkatsu/2021	The Tabelog Award / 百名店 2021 公式名簿候補
13019814	13019814	とんかつまるや 新橋駅前本店	東京都	飲食店	とんかつ	新橋駅	https://tabelog.com/tokyo/A1301/A130103/13019814/	https://award.tabelog.com/hyakumeiten/tonkatsu/2021	The Tabelog Award / 百名店 2021 公式名簿候補
13115965	13115965	あんず  銀座店	東京都	飲食店	とんかつ	銀座駅	https://tabelog.com/tokyo/A1301/A130101/13115965/	https://award.tabelog.com/hyakumeiten/tonkatsu/2021	The Tabelog Award / 百名店 2021 公式名簿候補
5008061	5008061	かつ丼多勝	秋田県	飲食店	とんかつ	秋田市	https://tabelog.com/akita/A0501/A050101/5008061/	https://award.tabelog.com/hyakumeiten/tonkatsu/2021	The Tabelog Award / 百名店 2021 公式名簿候補
43000307	43000307	勝烈亭 新市街本店	熊本県	飲食店	とんかつ	熊本市中央区	https://tabelog.com/kumamoto/A4301/A430101/43000307/	https://award.tabelog.com/hyakumeiten/tonkatsu/2021	The Tabelog Award / 百名店 2021 公式名簿候補
13178524	13178524	とんかつ 鉄	東京都	飲食店	とんかつ	大森駅	https://tabelog.com/tokyo/A1315/A131502/13178524/	https://award.tabelog.com/hyakumeiten/tonkatsu/2021	The Tabelog Award / 百名店 2021 公式名簿候補
13017765	13017765	丸一	東京都	飲食店	とんかつ	京急蒲田駅	https://tabelog.com/tokyo/A1315/A131503/13017765/	https://award.tabelog.com/hyakumeiten/tonkatsu/2021	The Tabelog Award / 百名店 2021 公式名簿候補
13007463	13007463	とんかつ大宝	東京都	飲食店	とんかつ	目黒駅	https://tabelog.com/tokyo/A1316/A131601/13007463/	https://award.tabelog.com/hyakumeiten/tonkatsu/2021	The Tabelog Award / 百名店 2021 公式名簿候補
13007363	13007363	丸八とんかつ店 本店	東京都	飲食店	とんかつ	大井町駅	https://tabelog.com/tokyo/A1315/A131501/13007363/	https://award.tabelog.com/hyakumeiten/tonkatsu/2021	The Tabelog Award / 百名店 2021 公式名簿候補
13003707	13003707	すぎ田	東京都	飲食店	とんかつ	蔵前駅	https://tabelog.com/tokyo/A1311/A131103/13003707/	https://award.tabelog.com/hyakumeiten/tonkatsu/2021	The Tabelog Award / 百名店 2021 公式名簿候補
13000860	13000860	王ろじ	東京都	飲食店	とんかつ	新宿三丁目駅	https://tabelog.com/tokyo/A1304/A130401/13000860/	https://award.tabelog.com/hyakumeiten/tonkatsu/2021	The Tabelog Award / 百名店 2021 公式名簿候補
13154272	13154272	あげ福	東京都	飲食店	とんかつ	五反田駅	https://tabelog.com/tokyo/A1316/A131603/13154272/	https://award.tabelog.com/hyakumeiten/tonkatsu/2021	The Tabelog Award / 百名店 2021 公式名簿候補
14004581	14004581	とんＱ	神奈川県	飲食店	とんかつ	京急川崎駅	https://tabelog.com/kanagawa/A1405/A140501/14004581/	https://award.tabelog.com/hyakumeiten/tonkatsu/2021	The Tabelog Award / 百名店 2021 公式名簿候補
27011174	27011174	とん亭	大阪府	飲食店	とんかつ	寺田町駅	https://tabelog.com/osaka/A2701/A270203/27011174/	https://award.tabelog.com/hyakumeiten/tonkatsu/2021	The Tabelog Award / 百名店 2021 公式名簿候補
13004792	13004792	かつ吉 渋谷店	東京都	飲食店	とんかつ	渋谷駅	https://tabelog.com/tokyo/A1303/A130301/13004792/	https://award.tabelog.com/hyakumeiten/tonkatsu/2021	The Tabelog Award / 百名店 2021 公式名簿候補
20002666	20002666	たけだ	長野県	飲食店	とんかつ	伊那市	https://tabelog.com/nagano/A2006/A200601/20002666/	https://award.tabelog.com/hyakumeiten/tonkatsu/2021	The Tabelog Award / 百名店 2021 公式名簿候補
23012280	23012280	昇家 三蔵	愛知県	飲食店	焼肉	伏見駅	https://tabelog.com/aichi/A2301/A230102/23012280/	https://award.tabelog.com/hyakumeiten/yakiniku_east/2021	The Tabelog Award / 百名店 2021 公式名簿候補
14011715	14011715	杏樹亭 岸根店	神奈川県	飲食店	焼肉	岸根公園駅	https://tabelog.com/kanagawa/A1401/A140206/14011715/	https://award.tabelog.com/hyakumeiten/yakiniku_east/2021	The Tabelog Award / 百名店 2021 公式名簿候補
23007039	23007039	昇家 正々堂	愛知県	飲食店	焼肉	栄（名古屋）駅	https://tabelog.com/aichi/A2301/A230103/23007039/	https://award.tabelog.com/hyakumeiten/yakiniku_east/2021	The Tabelog Award / 百名店 2021 公式名簿候補
23062109	23062109	焼肉&手打ち冷麺 二郎 柳橋店	愛知県	飲食店	焼肉	国際センター駅	https://tabelog.com/aichi/A2301/A230101/23062109/	https://award.tabelog.com/hyakumeiten/yakiniku_east/2021	The Tabelog Award / 百名店 2021 公式名簿候補
3000025	3000025	食道園	岩手県	飲食店	焼肉	盛岡市	https://tabelog.com/iwate/A0301/A030101/3000025/	https://award.tabelog.com/hyakumeiten/yakiniku_east/2021	The Tabelog Award / 百名店 2021 公式名簿候補
23046507	23046507	焼肉ホルモン せいご 本店	愛知県	飲食店	焼肉	国際センター駅	https://tabelog.com/aichi/A2301/A230101/23046507/	https://award.tabelog.com/hyakumeiten/yakiniku_east/2021	The Tabelog Award / 百名店 2021 公式名簿候補
23064959	23064959	焼肉 拍手喝采	愛知県	飲食店	焼肉	池下駅	https://tabelog.com/aichi/A2301/A230106/23064959/	https://award.tabelog.com/hyakumeiten/yakiniku_east/2021	The Tabelog Award / 百名店 2021 公式名簿候補
23000042	23000042	昇家 泉店	愛知県	飲食店	焼肉	久屋大通駅	https://tabelog.com/aichi/A2301/A230103/23000042/	https://award.tabelog.com/hyakumeiten/yakiniku_east/2021	The Tabelog Award / 百名店 2021 公式名簿候補
12026157	12026157	肉の匠 将泰庵  船橋本店	千葉県	飲食店	焼肉	京成船橋駅	https://tabelog.com/chiba/A1202/A120201/12026157/	https://award.tabelog.com/hyakumeiten/yakiniku_east/2021	The Tabelog Award / 百名店 2021 公式名簿候補
4008582	4008582	炭火焼 ぐら 塩釜本店	宮城県	飲食店	焼肉	塩竈市	https://tabelog.com/miyagi/A0404/A040404/4008582/	https://award.tabelog.com/hyakumeiten/yakiniku_east/2021	The Tabelog Award / 百名店 2021 公式名簿候補
4003320	4003320	米沢牛焼肉 仔虎 仙台駅前店	宮城県	飲食店	焼肉	仙台駅	https://tabelog.com/miyagi/A0401/A040101/4003320/	https://award.tabelog.com/hyakumeiten/yakiniku_east/2021	The Tabelog Award / 百名店 2021 公式名簿候補
14000856	14000856	つる屋	神奈川県	飲食店	焼肉	関内駅	https://tabelog.com/kanagawa/A1401/A140104/14000856/	https://award.tabelog.com/hyakumeiten/yakiniku_east/2021	The Tabelog Award / 百名店 2021 公式名簿候補
23046007	23046007	焼肉 大河	愛知県	飲食店	焼肉	新栄町駅	https://tabelog.com/aichi/A2301/A230104/23046007/	https://award.tabelog.com/hyakumeiten/yakiniku_east/2021	The Tabelog Award / 百名店 2021 公式名簿候補
23051072	23051072	松庵　韓菜房 栄大津通店	愛知県	飲食店	焼肉	栄町駅	https://tabelog.com/aichi/A2301/A230103/23051072/	https://award.tabelog.com/hyakumeiten/yakiniku_east/2021	The Tabelog Award / 百名店 2021 公式名簿候補
3000819	3000819	肉料理おがた 駅東店	岩手県	飲食店	焼肉	奥州市	https://tabelog.com/iwate/A0303/A030302/3000819/	https://award.tabelog.com/hyakumeiten/yakiniku_east/2021	The Tabelog Award / 百名店 2021 公式名簿候補
23005731	23005731	とんちゃんや ふじ	愛知県	飲食店	焼肉	大須観音駅	https://tabelog.com/aichi/A2301/A230105/23005731/	https://award.tabelog.com/hyakumeiten/yakiniku_east/2021	The Tabelog Award / 百名店 2021 公式名簿候補
23072213	23072213	和牛焼肉 ワンダフィレ	愛知県	飲食店	焼肉	栄（名古屋）駅	https://tabelog.com/aichi/A2301/A230103/23072213/	https://award.tabelog.com/hyakumeiten/yakiniku_east/2021	The Tabelog Award / 百名店 2021 公式名簿候補
1019191	1019191	ホルモン・焼肉 キムチ	北海道	飲食店	焼肉	資生館小学校前駅	https://tabelog.com/hokkaido/A0101/A010103/1019191/	https://award.tabelog.com/hyakumeiten/yakiniku_east/2021	The Tabelog Award / 百名店 2021 公式名簿候補
14014011	14014011	しげ吉 横浜元町店	神奈川県	飲食店	焼肉	石川町駅	https://tabelog.com/kanagawa/A1401/A140105/14014011/	https://award.tabelog.com/hyakumeiten/yakiniku_east/2021	The Tabelog Award / 百名店 2021 公式名簿候補
3000013	3000013	肉の米内	岩手県	飲食店	焼肉	盛岡市	https://tabelog.com/iwate/A0301/A030101/3000013/	https://award.tabelog.com/hyakumeiten/yakiniku_east/2021	The Tabelog Award / 百名店 2021 公式名簿候補
3000006	3000006	龍園	岩手県	飲食店	焼肉	奥州市	https://tabelog.com/iwate/A0303/A030302/3000006/	https://award.tabelog.com/hyakumeiten/yakiniku_east/2021	The Tabelog Award / 百名店 2021 公式名簿候補
1012297	1012297	コサリ	北海道	飲食店	焼肉	東本願寺前駅	https://tabelog.com/hokkaido/A0101/A010103/1012297/	https://award.tabelog.com/hyakumeiten/yakiniku_east/2021	The Tabelog Award / 百名店 2021 公式名簿候補
14037400	14037400	焼肉×ホルモン 溝の口 ひゃくてん	神奈川県	飲食店	焼肉	溝の口駅	https://tabelog.com/kanagawa/A1405/A140505/14037400/	https://award.tabelog.com/hyakumeiten/yakiniku_east/2021	The Tabelog Award / 百名店 2021 公式名簿候補
21000284	21000284	飛騨牛一頭家 馬喰一代 岐阜神田	岐阜県	飲食店	焼肉	岐阜市	https://tabelog.com/gifu/A2101/A210101/21000284/	https://award.tabelog.com/hyakumeiten/yakiniku_east/2021	The Tabelog Award / 百名店 2021 公式名簿候補
23005752	23005752	美奈登	愛知県	飲食店	焼肉	名古屋市瑞穂区	https://tabelog.com/aichi/A2301/A230112/23005752/	https://award.tabelog.com/hyakumeiten/yakiniku_east/2021	The Tabelog Award / 百名店 2021 公式名簿候補
19000066	19000066	但馬家幸之助 小淵沢店	山梨県	飲食店	焼肉	北杜市	https://tabelog.com/yamanashi/A1902/A190201/19000066/	https://award.tabelog.com/hyakumeiten/yakiniku_east/2021	The Tabelog Award / 百名店 2021 公式名簿候補
14018525	14018525	つるや	神奈川県	飲食店	焼肉	八丁畷駅	https://tabelog.com/kanagawa/A1405/A140502/14018525/	https://award.tabelog.com/hyakumeiten/yakiniku_east/2021	The Tabelog Award / 百名店 2021 公式名簿候補
1006514	1006514	白老牛の店いわさき おもてなし亭	北海道	飲食店	焼肉	白老郡白老町	https://tabelog.com/hokkaido/A0108/A010802/1006514/	https://award.tabelog.com/hyakumeiten/yakiniku_east/2021	The Tabelog Award / 百名店 2021 公式名簿候補
23044961	23044961	ホルモンショウヤ	愛知県	飲食店	焼肉	国際センター駅	https://tabelog.com/aichi/A2301/A230101/23044961/	https://award.tabelog.com/hyakumeiten/yakiniku_east/2021	The Tabelog Award / 百名店 2021 公式名簿候補
1028834	1028834	さんか亭	北海道	飲食店	焼肉	札幌市白石区	https://tabelog.com/hokkaido/A0101/A010301/1028834/	https://award.tabelog.com/hyakumeiten/yakiniku_east/2021	The Tabelog Award / 百名店 2021 公式名簿候補
23070620	23070620	肉亭 まぼたん	愛知県	飲食店	焼肉	上前津駅	https://tabelog.com/aichi/A2301/A230105/23070620/	https://award.tabelog.com/hyakumeiten/yakiniku_east/2021	The Tabelog Award / 百名店 2021 公式名簿候補
1005462	1005462	北海道焼肉 プライム	北海道	飲食店	焼肉	さっぽろ（札幌市営）駅	https://tabelog.com/hokkaido/A0101/A010101/1005462/	https://award.tabelog.com/hyakumeiten/yakiniku_east/2021	The Tabelog Award / 百名店 2021 公式名簿候補
23012328	23012328	まんぷく	愛知県	飲食店	焼肉	名古屋市中川区	https://tabelog.com/aichi/A2301/A230113/23012328/	https://award.tabelog.com/hyakumeiten/yakiniku_east/2021	The Tabelog Award / 百名店 2021 公式名簿候補
14003476	14003476	食彩和牛 しげ吉 大和本店	神奈川県	飲食店	焼肉	大和駅	https://tabelog.com/kanagawa/A1407/A140702/14003476/	https://award.tabelog.com/hyakumeiten/yakiniku_east/2021	The Tabelog Award / 百名店 2021 公式名簿候補
1029717	1029717	肉の割烹 田村 大通BISSE店	北海道	飲食店	焼肉	大通駅	https://tabelog.com/hokkaido/A0101/A010102/1029717/	https://award.tabelog.com/hyakumeiten/yakiniku_east/2021	The Tabelog Award / 百名店 2021 公式名簿候補
21000671	21000671	やきにく藤太	岐阜県	飲食店	焼肉	養老郡養老町	https://tabelog.com/gifu/A2101/A210103/21000671/	https://award.tabelog.com/hyakumeiten/yakiniku_east/2021	The Tabelog Award / 百名店 2021 公式名簿候補
5000442	5000442	塩ホルモン 炭楽	秋田県	飲食店	焼肉	大仙市	https://tabelog.com/akita/A0504/A050402/5000442/	https://award.tabelog.com/hyakumeiten/yakiniku_east/2021	The Tabelog Award / 百名店 2021 公式名簿候補
1000928	1000928	焼肉と料理シルクロード	北海道	飲食店	焼肉	桑園駅	https://tabelog.com/hokkaido/A0101/A010105/1000928/	https://award.tabelog.com/hyakumeiten/yakiniku_east/2021	The Tabelog Award / 百名店 2021 公式名簿候補
12006170	12006170	今久 本店	千葉県	飲食店	焼肉	旭市	https://tabelog.com/chiba/A1205/A120502/12006170/	https://award.tabelog.com/hyakumeiten/yakiniku_east/2021	The Tabelog Award / 百名店 2021 公式名簿候補
23009532	23009532	飛騨牛焼肉・韓国料理 丸明 瑞穂店	愛知県	飲食店	焼肉	瑞穂運動場西駅	https://tabelog.com/aichi/A2301/A230112/23009532/	https://award.tabelog.com/hyakumeiten/yakiniku_east/2021	The Tabelog Award / 百名店 2021 公式名簿候補
23004583	23004583	炭火和牛焼肉 じろうや	愛知県	飲食店	焼肉	久屋大通駅	https://tabelog.com/aichi/A2301/A230103/23004583/	https://award.tabelog.com/hyakumeiten/yakiniku_east/2021	The Tabelog Award / 百名店 2021 公式名簿候補
1005323	1005323	肉の割烹 田村  菊水元町店	北海道	飲食店	焼肉	札幌市白石区	https://tabelog.com/hokkaido/A0101/A010301/1005323/	https://award.tabelog.com/hyakumeiten/yakiniku_east/2021	The Tabelog Award / 百名店 2021 公式名簿候補
14013921	14013921	焼肉 東京山	神奈川県	飲食店	焼肉	石川町駅	https://tabelog.com/kanagawa/A1401/A140105/14013921/	https://award.tabelog.com/hyakumeiten/yakiniku_east/2021	The Tabelog Award / 百名店 2021 公式名簿候補
3000011	3000011	髭	岩手県	飲食店	焼肉	盛岡市	https://tabelog.com/iwate/A0301/A030101/3000011/	https://award.tabelog.com/hyakumeiten/yakiniku_east/2021	The Tabelog Award / 百名店 2021 公式名簿候補
21000041	21000041	丸明 飛騨高山店	岐阜県	飲食店	焼肉	高山市	https://tabelog.com/gifu/A2104/A210401/21000041/	https://award.tabelog.com/hyakumeiten/yakiniku_east/2021	The Tabelog Award / 百名店 2021 公式名簿候補
23012457	23012457	龍園	愛知県	飲食店	焼肉	一宮市	https://tabelog.com/aichi/A2302/A230201/23012457/	https://award.tabelog.com/hyakumeiten/yakiniku_east/2021	The Tabelog Award / 百名店 2021 公式名簿候補
23064227	23064227	にくがとう 名古屋店	愛知県	飲食店	焼肉	栄町駅	https://tabelog.com/aichi/A2301/A230103/23064227/	https://award.tabelog.com/hyakumeiten/yakiniku_east/2021	The Tabelog Award / 百名店 2021 公式名簿候補
1033027	1033027	綾屋	北海道	飲食店	焼肉	すすきの（市営）駅	https://tabelog.com/hokkaido/A0101/A010103/1033027/	https://award.tabelog.com/hyakumeiten/yakiniku_east/2021	The Tabelog Award / 百名店 2021 公式名簿候補
4019691	4019691	炭火焼肉ぐら 仙台朝市駅前店	宮城県	飲食店	焼肉	あおば通駅	https://tabelog.com/miyagi/A0401/A040101/4019691/	https://award.tabelog.com/hyakumeiten/yakiniku_east/2021	The Tabelog Award / 百名店 2021 公式名簿候補
23008521	23008521	炭火焼肉 たけのうち 本店	愛知県	飲食店	焼肉	庄内通駅	https://tabelog.com/aichi/A2301/A230113/23008521/	https://award.tabelog.com/hyakumeiten/yakiniku_east/2021	The Tabelog Award / 百名店 2021 公式名簿候補
14002802	14002802	関内苑 本店	神奈川県	飲食店	焼肉	関内駅	https://tabelog.com/kanagawa/A1401/A140104/14002802/	https://award.tabelog.com/hyakumeiten/yakiniku_east/2021	The Tabelog Award / 百名店 2021 公式名簿候補
23002578	23002578	溶岩焼き 黒牛の里 本店	愛知県	飲食店	焼肉	半田市	https://tabelog.com/aichi/A2304/A230402/23002578/	https://award.tabelog.com/hyakumeiten/yakiniku_east/2021	The Tabelog Award / 百名店 2021 公式名簿候補
21009615	21009615	焼肉旬やさい ファンボギ	岐阜県	飲食店	焼肉	岐阜市	https://tabelog.com/gifu/A2101/A210101/21009615/	https://award.tabelog.com/hyakumeiten/yakiniku_east/2021	The Tabelog Award / 百名店 2021 公式名簿候補
14001578	14001578	北京	神奈川県	飲食店	焼肉	平間駅	https://tabelog.com/kanagawa/A1405/A140504/14001578/	https://award.tabelog.com/hyakumeiten/yakiniku_east/2021	The Tabelog Award / 百名店 2021 公式名簿候補
23007886	23007886	李昇 本館	愛知県	飲食店	焼肉	久屋大通駅	https://tabelog.com/aichi/A2301/A230103/23007886/	https://award.tabelog.com/hyakumeiten/yakiniku_east/2021	The Tabelog Award / 百名店 2021 公式名簿候補
7000807	7000807	もうもう亭	福島県	飲食店	焼肉	郡山市	https://tabelog.com/fukushima/A0702/A070201/7000807/	https://award.tabelog.com/hyakumeiten/yakiniku_east/2021	The Tabelog Award / 百名店 2021 公式名簿候補
23067138	23067138	柳橋焼にく わにく	愛知県	飲食店	焼肉	国際センター駅	https://tabelog.com/aichi/A2301/A230101/23067138/	https://award.tabelog.com/hyakumeiten/yakiniku_east/2021	The Tabelog Award / 百名店 2021 公式名簿候補
14000451	14000451	焼肉 大衆	神奈川県	飲食店	焼肉	日ノ出町駅	https://tabelog.com/kanagawa/A1401/A140102/14000451/	https://award.tabelog.com/hyakumeiten/yakiniku_east/2021	The Tabelog Award / 百名店 2021 公式名簿候補
23012332	23012332	太陽園	愛知県	飲食店	焼肉	山王駅	https://tabelog.com/aichi/A2301/A230105/23012332/	https://award.tabelog.com/hyakumeiten/yakiniku_east/2021	The Tabelog Award / 百名店 2021 公式名簿候補
1001340	1001340	馬場ホルモン	北海道	飲食店	焼肉	旭川市	https://tabelog.com/hokkaido/A0104/A010401/1001340/	https://award.tabelog.com/hyakumeiten/yakiniku_east/2021	The Tabelog Award / 百名店 2021 公式名簿候補
3000020	3000020	盛楼閣	岩手県	飲食店	焼肉	盛岡市	https://tabelog.com/iwate/A0301/A030101/3000020/	https://award.tabelog.com/hyakumeiten/yakiniku_east/2021	The Tabelog Award / 百名店 2021 公式名簿候補
23000645	23000645	馬力屋	愛知県	飲食店	焼肉	浅間町駅	https://tabelog.com/aichi/A2301/A230109/23000645/	https://award.tabelog.com/hyakumeiten/yakiniku_east/2021	The Tabelog Award / 百名店 2021 公式名簿候補
21000004	21000004	桔梗苑 本店	岐阜県	飲食店	焼肉	岐阜市	https://tabelog.com/gifu/A2101/A210101/21000004/	https://award.tabelog.com/hyakumeiten/yakiniku_east/2021	The Tabelog Award / 百名店 2021 公式名簿候補
3000337	3000337	焼肉・冷麺 三千里 雫石店	岩手県	飲食店	焼肉	岩手郡雫石町	https://tabelog.com/iwate/A0301/A030102/3000337/	https://award.tabelog.com/hyakumeiten/yakiniku_east/2021	The Tabelog Award / 百名店 2021 公式名簿候補
14033424	14033424	焼肉　はせ川	神奈川県	飲食店	焼肉	小田急相模原駅	https://tabelog.com/kanagawa/A1407/A140701/14033424/	https://award.tabelog.com/hyakumeiten/yakiniku_east/2021	The Tabelog Award / 百名店 2021 公式名簿候補
23056573	23056573	和牛焼肉じろうや　介 wagyu&sake 名古屋駅前本店	愛知県	飲食店	焼肉	名鉄名古屋駅	https://tabelog.com/aichi/A2301/A230101/23056573/	https://award.tabelog.com/hyakumeiten/yakiniku_east/2021	The Tabelog Award / 百名店 2021 公式名簿候補
23009377	23009377	焼肉みずの	愛知県	飲食店	焼肉	長久手市	https://tabelog.com/aichi/A2303/A230302/23009377/	https://award.tabelog.com/hyakumeiten/yakiniku_east/2021	The Tabelog Award / 百名店 2021 公式名簿候補
1000441	1000441	焼肉 たいはーら すすきの本店	北海道	飲食店	焼肉	すすきの（市営）駅	https://tabelog.com/hokkaido/A0101/A010103/1000441/	https://award.tabelog.com/hyakumeiten/yakiniku_east/2021	The Tabelog Award / 百名店 2021 公式名簿候補
23064486	23064486	焼肉みつ星	愛知県	飲食店	焼肉	金山駅	https://tabelog.com/aichi/A2301/A230105/23064486/	https://award.tabelog.com/hyakumeiten/yakiniku_east/2021	The Tabelog Award / 百名店 2021 公式名簿候補
14001884	14001884	炭焼喰人 本店	神奈川県	飲食店	焼肉	センター南駅	https://tabelog.com/kanagawa/A1401/A140203/14001884/	https://award.tabelog.com/hyakumeiten/yakiniku_east/2021	The Tabelog Award / 百名店 2021 公式名簿候補
4000133	4000133	仙台牛焼肉 花牛	宮城県	飲食店	焼肉	あおば通駅	https://tabelog.com/miyagi/A0401/A040101/4000133/	https://award.tabelog.com/hyakumeiten/yakiniku_east/2021	The Tabelog Award / 百名店 2021 公式名簿候補
14014394	14014394	大滝	神奈川県	飲食店	焼肉	馬車道駅	https://tabelog.com/kanagawa/A1401/A140104/14014394/	https://award.tabelog.com/hyakumeiten/yakiniku_east/2021	The Tabelog Award / 百名店 2021 公式名簿候補
23007634	23007634	竹千代	愛知県	飲食店	焼肉	新栄町駅	https://tabelog.com/aichi/A2301/A230104/23007634/	https://award.tabelog.com/hyakumeiten/yakiniku_east/2021	The Tabelog Award / 百名店 2021 公式名簿候補
22003671	22003671	はつかの	静岡県	飲食店	焼肉	伊東市	https://tabelog.com/shizuoka/A2205/A220503/22003671/	https://award.tabelog.com/hyakumeiten/yakiniku_east/2021	The Tabelog Award / 百名店 2021 公式名簿候補
9011956	9011956	焼肉グレート 宇都宮駅前店	栃木県	飲食店	焼肉	宇都宮市	https://tabelog.com/tochigi/A0901/A090101/9011956/	https://award.tabelog.com/hyakumeiten/yakiniku_east/2021	The Tabelog Award / 百名店 2021 公式名簿候補
23052179	23052179	勢太	愛知県	飲食店	焼肉	清水駅	https://tabelog.com/aichi/A2301/A230110/23052179/	https://award.tabelog.com/hyakumeiten/yakiniku_east/2021	The Tabelog Award / 百名店 2021 公式名簿候補
12032975	12032975	肉の匠 将泰庵 船橋駅前 はなれ店	千葉県	飲食店	焼肉	京成船橋駅	https://tabelog.com/chiba/A1202/A120201/12032975/	https://award.tabelog.com/hyakumeiten/yakiniku_east/2021	The Tabelog Award / 百名店 2021 公式名簿候補
21000286	21000286	味蔵天国	岐阜県	飲食店	焼肉	高山市	https://tabelog.com/gifu/A2104/A210401/21000286/	https://award.tabelog.com/hyakumeiten/yakiniku_east/2021	The Tabelog Award / 百名店 2021 公式名簿候補
5004381	5004381	ほるもん猿	秋田県	飲食店	焼肉	秋田市	https://tabelog.com/akita/A0501/A050101/5004381/	https://award.tabelog.com/hyakumeiten/yakiniku_east/2021	The Tabelog Award / 百名店 2021 公式名簿候補
1033828	1033828	焼肉園 花牛 清田本店	北海道	飲食店	焼肉	札幌市清田区	https://tabelog.com/hokkaido/A0101/A010304/1033828/	https://award.tabelog.com/hyakumeiten/yakiniku_east/2021	The Tabelog Award / 百名店 2021 公式名簿候補
14045993	14045993	野毛ホルモンセンター	神奈川県	飲食店	焼肉	桜木町駅	https://tabelog.com/kanagawa/A1401/A140102/14045993/	https://award.tabelog.com/hyakumeiten/yakiniku_east/2021	The Tabelog Award / 百名店 2021 公式名簿候補
5004372	5004372	秋田牛玄亭 駅前本店	秋田県	飲食店	焼肉	秋田市	https://tabelog.com/akita/A0501/A050101/5004372/	https://award.tabelog.com/hyakumeiten/yakiniku_east/2021	The Tabelog Award / 百名店 2021 公式名簿候補
23012283	23012283	炭焼小屋	愛知県	飲食店	焼肉	国際センター駅	https://tabelog.com/aichi/A2301/A230101/23012283/	https://award.tabelog.com/hyakumeiten/yakiniku_east/2021	The Tabelog Award / 百名店 2021 公式名簿候補
14031061	14031061	ビーフキッチン 横浜店	神奈川県	飲食店	焼肉	横浜駅	https://tabelog.com/kanagawa/A1401/A140101/14031061/	https://award.tabelog.com/hyakumeiten/yakiniku_east/2021	The Tabelog Award / 百名店 2021 公式名簿候補
23076335	23076335	焼肉 神宮	愛知県	飲食店	焼肉	金山駅	https://tabelog.com/aichi/A2301/A230105/23076335/	https://award.tabelog.com/hyakumeiten/yakiniku_east/2021	The Tabelog Award / 百名店 2021 公式名簿候補
23003688	23003688	焼肉や 大善	愛知県	飲食店	焼肉	知立市	https://tabelog.com/aichi/A2305/A230503/23003688/	https://award.tabelog.com/hyakumeiten/yakiniku_east/2021	The Tabelog Award / 百名店 2021 公式名簿候補
23039771	23039771	仁 今池店	愛知県	飲食店	焼肉	今池駅	https://tabelog.com/aichi/A2301/A230106/23039771/	https://award.tabelog.com/hyakumeiten/yakiniku_east/2021	The Tabelog Award / 百名店 2021 公式名簿候補
5009110	5009110	炭火焼肉 久	秋田県	飲食店	焼肉	秋田市	https://tabelog.com/akita/A0501/A050101/5009110/	https://award.tabelog.com/hyakumeiten/yakiniku_east/2021	The Tabelog Award / 百名店 2021 公式名簿候補
14057942	14057942	治郎丸 野毛店	神奈川県	飲食店	焼肉	桜木町駅	https://tabelog.com/kanagawa/A1401/A140102/14057942/	https://award.tabelog.com/hyakumeiten/yakiniku_east/2021	The Tabelog Award / 百名店 2021 公式名簿候補
23012215	23012215	牛亭	愛知県	飲食店	焼肉	高岳駅	https://tabelog.com/aichi/A2301/A230104/23012215/	https://award.tabelog.com/hyakumeiten/yakiniku_east/2021	The Tabelog Award / 百名店 2021 公式名簿候補
10012132	10012132	焼肉 炭こう	群馬県	飲食店	焼肉	高崎市	https://tabelog.com/gunma/A1001/A100102/10012132/	https://award.tabelog.com/hyakumeiten/yakiniku_east/2021	The Tabelog Award / 百名店 2021 公式名簿候補
1000023	1000023	トトリ 本店	北海道	飲食店	焼肉	資生館小学校前駅	https://tabelog.com/hokkaido/A0101/A010103/1000023/	https://award.tabelog.com/hyakumeiten/yakiniku_east/2021	The Tabelog Award / 百名店 2021 公式名簿候補
23000966	23000966	新羅館 名東本店	愛知県	飲食店	焼肉	名古屋市名東区	https://tabelog.com/aichi/A2301/A230111/23000966/	https://award.tabelog.com/hyakumeiten/yakiniku_east/2021	The Tabelog Award / 百名店 2021 公式名簿候補
4000693	4000693	焼肉 三水苑 東口店	宮城県	飲食店	焼肉	宮城野通駅	https://tabelog.com/miyagi/A0401/A040102/4000693/	https://award.tabelog.com/hyakumeiten/yakiniku_east/2021	The Tabelog Award / 百名店 2021 公式名簿候補
14001796	14001796	酔笑苑	神奈川県	飲食店	焼肉	本厚木駅	https://tabelog.com/kanagawa/A1408/A140802/14001796/	https://award.tabelog.com/hyakumeiten/yakiniku_east/2021	The Tabelog Award / 百名店 2021 公式名簿候補
14061683	14061683	USHIHACHI 武蔵小杉店	神奈川県	飲食店	焼肉	武蔵小杉駅	https://tabelog.com/kanagawa/A1405/A140504/14061683/	https://award.tabelog.com/hyakumeiten/yakiniku_east/2021	The Tabelog Award / 百名店 2021 公式名簿候補
1004371	1004371	四条ホルモン	北海道	飲食店	焼肉	北見市	https://tabelog.com/hokkaido/A0110/A011003/1004371/	https://award.tabelog.com/hyakumeiten/yakiniku_east/2021	The Tabelog Award / 百名店 2021 公式名簿候補
23007606	23007606	伊勢屋本店	愛知県	飲食店	焼肉	神宮前駅	https://tabelog.com/aichi/A2301/A230112/23007606/	https://award.tabelog.com/hyakumeiten/yakiniku_east/2021	The Tabelog Award / 百名店 2021 公式名簿候補
4017454	4017454	仔虎 エスパル仙台店	宮城県	飲食店	焼肉	仙台駅	https://tabelog.com/miyagi/A0401/A040101/4017454/	https://award.tabelog.com/hyakumeiten/yakiniku_east/2021	The Tabelog Award / 百名店 2021 公式名簿候補
13042753	13042753	おやじ	東京都	飲食店	焼肉	青山一丁目駅	https://tabelog.com/tokyo/A1306/A130603/13042753/	https://award.tabelog.com/hyakumeiten/yakiniku_tokyo/2021	The Tabelog Award / 百名店 2021 公式名簿候補
13019476	13019476	炭火焼肉 あもん	東京都	飲食店	焼肉	池袋駅	https://tabelog.com/tokyo/A1305/A130501/13019476/	https://award.tabelog.com/hyakumeiten/yakiniku_tokyo/2021	The Tabelog Award / 百名店 2021 公式名簿候補
13007842	13007842	焼肉くにもと 本店	東京都	飲食店	焼肉	浜松町駅	https://tabelog.com/tokyo/A1314/A131401/13007842/	https://award.tabelog.com/hyakumeiten/yakiniku_tokyo/2021	The Tabelog Award / 百名店 2021 公式名簿候補
13000222	13000222	焼肉 京城 水道橋店	東京都	飲食店	焼肉	水道橋駅	https://tabelog.com/tokyo/A1310/A131003/13000222/	https://award.tabelog.com/hyakumeiten/yakiniku_tokyo/2021	The Tabelog Award / 百名店 2021 公式名簿候補
13002823	13002823	三幸園	東京都	飲食店	焼肉	麻布十番駅	https://tabelog.com/tokyo/A1307/A130702/13002823/	https://award.tabelog.com/hyakumeiten/yakiniku_tokyo/2021	The Tabelog Award / 百名店 2021 公式名簿候補
13124592	13124592	焼肉うしごろ 西麻布本店	東京都	飲食店	焼肉	乃木坂駅	https://tabelog.com/tokyo/A1307/A130701/13124592/	https://award.tabelog.com/hyakumeiten/yakiniku_tokyo/2021	The Tabelog Award / 百名店 2021 公式名簿候補
13049914	13049914	焼肉 稲田	東京都	飲食店	焼肉	目黒駅	https://tabelog.com/tokyo/A1316/A131601/13049914/	https://award.tabelog.com/hyakumeiten/yakiniku_tokyo/2021	The Tabelog Award / 百名店 2021 公式名簿候補
13004517	13004517	三宿トラジ	東京都	飲食店	焼肉	祐天寺駅	https://tabelog.com/tokyo/A1317/A131701/13004517/	https://award.tabelog.com/hyakumeiten/yakiniku_tokyo/2021	The Tabelog Award / 百名店 2021 公式名簿候補
13003776	13003776	正泰苑 総本店	東京都	飲食店	焼肉	荒川七丁目駅	https://tabelog.com/tokyo/A1324/A132401/13003776/	https://award.tabelog.com/hyakumeiten/yakiniku_tokyo/2021	The Tabelog Award / 百名店 2021 公式名簿候補
13233427	13233427	西麻布 焼肉 X	東京都	飲食店	焼肉	六本木駅	https://tabelog.com/tokyo/A1307/A130701/13233427/	https://award.tabelog.com/hyakumeiten/yakiniku_tokyo/2021	The Tabelog Award / 百名店 2021 公式名簿候補
13005008	13005008	焼肉 銀座コバウ	東京都	飲食店	焼肉	銀座駅	https://tabelog.com/tokyo/A1301/A130101/13005008/	https://award.tabelog.com/hyakumeiten/yakiniku_tokyo/2021	The Tabelog Award / 百名店 2021 公式名簿候補
13160330	13160330	うしごろ 貫 恵比寿本店	東京都	飲食店	焼肉	恵比寿駅	https://tabelog.com/tokyo/A1303/A130302/13160330/	https://award.tabelog.com/hyakumeiten/yakiniku_tokyo/2021	The Tabelog Award / 百名店 2021 公式名簿候補
13054178	13054178	ビーフキッチン 中目黒本店	東京都	飲食店	焼肉	中目黒駅	https://tabelog.com/tokyo/A1317/A131701/13054178/	https://award.tabelog.com/hyakumeiten/yakiniku_tokyo/2021	The Tabelog Award / 百名店 2021 公式名簿候補
13045307	13045307	焼肉 芝浦 駒沢本店	東京都	飲食店	焼肉	世田谷区	https://tabelog.com/tokyo/A1317/A131707/13045307/	https://award.tabelog.com/hyakumeiten/yakiniku_tokyo/2021	The Tabelog Award / 百名店 2021 公式名簿候補
13095890	13095890	みやび 六本木店	東京都	飲食店	焼肉	六本木一丁目駅	https://tabelog.com/tokyo/A1307/A130702/13095890/	https://award.tabelog.com/hyakumeiten/yakiniku_tokyo/2021	The Tabelog Award / 百名店 2021 公式名簿候補
13136905	13136905	焼肉 ぽんが 目黒本店	東京都	飲食店	焼肉	目黒駅	https://tabelog.com/tokyo/A1316/A131601/13136905/	https://award.tabelog.com/hyakumeiten/yakiniku_tokyo/2021	The Tabelog Award / 百名店 2021 公式名簿候補
13177366	13177366	焼肉ヒロミヤ 本店	東京都	飲食店	焼肉	曙橋駅	https://tabelog.com/tokyo/A1309/A130903/13177366/	https://award.tabelog.com/hyakumeiten/yakiniku_tokyo/2021	The Tabelog Award / 百名店 2021 公式名簿候補
13022287	13022287	焼肉酒家 傳々 本店	東京都	飲食店	焼肉	月島駅	https://tabelog.com/tokyo/A1313/A131302/13022287/	https://award.tabelog.com/hyakumeiten/yakiniku_tokyo/2021	The Tabelog Award / 百名店 2021 公式名簿候補
13030762	13030762	好ちゃん 飯田橋本店	東京都	飲食店	焼肉	飯田橋駅	https://tabelog.com/tokyo/A1309/A130905/13030762/	https://award.tabelog.com/hyakumeiten/yakiniku_tokyo/2021	The Tabelog Award / 百名店 2021 公式名簿候補
13002038	13002038	ホルモン道場闇市倶楽部 目黒店	東京都	飲食店	焼肉	目黒駅	https://tabelog.com/tokyo/A1316/A131601/13002038/	https://award.tabelog.com/hyakumeiten/yakiniku_tokyo/2021	The Tabelog Award / 百名店 2021 公式名簿候補
13015197	13015197	赤坂大関 本店	東京都	飲食店	焼肉	赤坂見附駅	https://tabelog.com/tokyo/A1308/A130801/13015197/	https://award.tabelog.com/hyakumeiten/yakiniku_tokyo/2021	The Tabelog Award / 百名店 2021 公式名簿候補
13247485	13247485	焼肉 思食	東京都	飲食店	焼肉	赤坂見附駅	https://tabelog.com/tokyo/A1308/A130801/13247485/	https://award.tabelog.com/hyakumeiten/yakiniku_tokyo/2021	The Tabelog Award / 百名店 2021 公式名簿候補
13003711	13003711	本とさや	東京都	飲食店	焼肉	浅草（つくばＥＸＰ）駅	https://tabelog.com/tokyo/A1311/A131102/13003711/	https://award.tabelog.com/hyakumeiten/yakiniku_tokyo/2021	The Tabelog Award / 百名店 2021 公式名簿候補
13006823	13006823	焼肉 名門	東京都	飲食店	焼肉	曙橋駅	https://tabelog.com/tokyo/A1309/A130903/13006823/	https://award.tabelog.com/hyakumeiten/yakiniku_tokyo/2021	The Tabelog Award / 百名店 2021 公式名簿候補
13026295	13026295	かるびあ～の	東京都	飲食店	焼肉	新橋駅	https://tabelog.com/tokyo/A1301/A130103/13026295/	https://award.tabelog.com/hyakumeiten/yakiniku_tokyo/2021	The Tabelog Award / 百名店 2021 公式名簿候補
13168436	13168436	にくがとう 人形町本店	東京都	飲食店	焼肉	人形町駅	https://tabelog.com/tokyo/A1302/A130204/13168436/	https://award.tabelog.com/hyakumeiten/yakiniku_tokyo/2021	The Tabelog Award / 百名店 2021 公式名簿候補
13003237	13003237	びーふてい 中目黒店	東京都	飲食店	焼肉	中目黒駅	https://tabelog.com/tokyo/A1317/A131701/13003237/	https://award.tabelog.com/hyakumeiten/yakiniku_tokyo/2021	The Tabelog Award / 百名店 2021 公式名簿候補
13096548	13096548	焼肉しみず	東京都	飲食店	焼肉	不動前駅	https://tabelog.com/tokyo/A1317/A131710/13096548/	https://award.tabelog.com/hyakumeiten/yakiniku_tokyo/2021	The Tabelog Award / 百名店 2021 公式名簿候補
13204541	13204541	焼肉 うしみつ 恵比寿本店	東京都	飲食店	焼肉	恵比寿駅	https://tabelog.com/tokyo/A1303/A130302/13204541/	https://award.tabelog.com/hyakumeiten/yakiniku_tokyo/2021	The Tabelog Award / 百名店 2021 公式名簿候補
13000973	13000973	羅生門 四谷本店	東京都	飲食店	焼肉	四谷三丁目駅	https://tabelog.com/tokyo/A1309/A130903/13000973/	https://award.tabelog.com/hyakumeiten/yakiniku_tokyo/2021	The Tabelog Award / 百名店 2021 公式名簿候補
13026377	13026377	焼肉 ジャンボ 白金	東京都	飲食店	焼肉	白金高輪駅	https://tabelog.com/tokyo/A1316/A131602/13026377/	https://award.tabelog.com/hyakumeiten/yakiniku_tokyo/2021	The Tabelog Award / 百名店 2021 公式名簿候補
13208137	13208137	炭火焼肉 ふちおか	東京都	飲食店	焼肉	経堂駅	https://tabelog.com/tokyo/A1318/A131813/13208137/	https://award.tabelog.com/hyakumeiten/yakiniku_tokyo/2021	The Tabelog Award / 百名店 2021 公式名簿候補
13030773	13030773	游玄亭 銀座並木通り店	東京都	飲食店	焼肉	銀座駅	https://tabelog.com/tokyo/A1301/A130101/13030773/	https://award.tabelog.com/hyakumeiten/yakiniku_tokyo/2021	The Tabelog Award / 百名店 2021 公式名簿候補
13002283	13002283	銀座 王十里	東京都	飲食店	焼肉	東銀座駅	https://tabelog.com/tokyo/A1301/A130101/13002283/	https://award.tabelog.com/hyakumeiten/yakiniku_tokyo/2021	The Tabelog Award / 百名店 2021 公式名簿候補
13150755	13150755	ホルモンまさる	東京都	飲食店	焼肉	三田駅	https://tabelog.com/tokyo/A1314/A131402/13150755/	https://award.tabelog.com/hyakumeiten/yakiniku_tokyo/2021	The Tabelog Award / 百名店 2021 公式名簿候補
13003740	13003740	焼肉 京城 北千住店	東京都	飲食店	焼肉	北千住駅	https://tabelog.com/tokyo/A1324/A132402/13003740/	https://award.tabelog.com/hyakumeiten/yakiniku_tokyo/2021	The Tabelog Award / 百名店 2021 公式名簿候補
13002240	13002240	焼肉 凛	東京都	飲食店	焼肉	月島駅	https://tabelog.com/tokyo/A1313/A131302/13002240/	https://award.tabelog.com/hyakumeiten/yakiniku_tokyo/2021	The Tabelog Award / 百名店 2021 公式名簿候補
13022343	13022343	日本橋イタダキ	東京都	飲食店	焼肉	馬喰横山駅	https://tabelog.com/tokyo/A1302/A130204/13022343/	https://award.tabelog.com/hyakumeiten/yakiniku_tokyo/2021	The Tabelog Award / 百名店 2021 公式名簿候補
13003075	13003075	焼肉 ジャンボ 篠崎本店	東京都	飲食店	焼肉	江戸川区	https://tabelog.com/tokyo/A1312/A131205/13003075/	https://award.tabelog.com/hyakumeiten/yakiniku_tokyo/2021	The Tabelog Award / 百名店 2021 公式名簿候補
13002399	13002399	焼肉五鉄 八丁堀本店	東京都	飲食店	焼肉	宝町駅	https://tabelog.com/tokyo/A1302/A130203/13002399/	https://award.tabelog.com/hyakumeiten/yakiniku_tokyo/2021	The Tabelog Award / 百名店 2021 公式名簿候補
13057827	13057827	肉のすずき	東京都	飲食店	焼肉	浅草（つくばＥＸＰ）駅	https://tabelog.com/tokyo/A1311/A131102/13057827/	https://award.tabelog.com/hyakumeiten/yakiniku_tokyo/2021	The Tabelog Award / 百名店 2021 公式名簿候補
13114946	13114946	赤坂 みすじ	東京都	飲食店	焼肉	赤坂見附駅	https://tabelog.com/tokyo/A1308/A130801/13114946/	https://award.tabelog.com/hyakumeiten/yakiniku_tokyo/2021	The Tabelog Award / 百名店 2021 公式名簿候補
13240197	13240197	銀座 山科	東京都	飲食店	焼肉	銀座駅	https://tabelog.com/tokyo/A1301/A130101/13240197/	https://award.tabelog.com/hyakumeiten/yakiniku_tokyo/2021	The Tabelog Award / 百名店 2021 公式名簿候補
13189539	13189539	The INNOCENT CARVERY	東京都	飲食店	焼肉	乃木坂駅	https://tabelog.com/tokyo/A1307/A130701/13189539/	https://award.tabelog.com/hyakumeiten/yakiniku_tokyo/2021	The Tabelog Award / 百名店 2021 公式名簿候補
13178613	13178613	代官山 焼肉かねこ	東京都	飲食店	焼肉	代官山駅	https://tabelog.com/tokyo/A1303/A130303/13178613/	https://award.tabelog.com/hyakumeiten/yakiniku_tokyo/2021	The Tabelog Award / 百名店 2021 公式名簿候補
13183716	13183716	肉匠堀越	東京都	飲食店	焼肉	広尾駅	https://tabelog.com/tokyo/A1307/A130703/13183716/	https://award.tabelog.com/hyakumeiten/yakiniku_tokyo/2021	The Tabelog Award / 百名店 2021 公式名簿候補
13054487	13054487	正泰苑 新橋店	東京都	飲食店	焼肉	新橋駅	https://tabelog.com/tokyo/A1301/A130103/13054487/	https://award.tabelog.com/hyakumeiten/yakiniku_tokyo/2021	The Tabelog Award / 百名店 2021 公式名簿候補
13024281	13024281	神泉ホルモン 三百屋	東京都	飲食店	焼肉	神泉駅	https://tabelog.com/tokyo/A1303/A130301/13024281/	https://award.tabelog.com/hyakumeiten/yakiniku_tokyo/2021	The Tabelog Award / 百名店 2021 公式名簿候補
13157343	13157343	恵比寿焼肉　kintan	東京都	飲食店	焼肉	恵比寿駅	https://tabelog.com/tokyo/A1303/A130302/13157343/	https://award.tabelog.com/hyakumeiten/yakiniku_tokyo/2021	The Tabelog Award / 百名店 2021 公式名簿候補
13007145	13007145	きらく亭	東京都	飲食店	焼肉	白金高輪駅	https://tabelog.com/tokyo/A1307/A130703/13007145/	https://award.tabelog.com/hyakumeiten/yakiniku_tokyo/2021	The Tabelog Award / 百名店 2021 公式名簿候補
13230924	13230924	誇味山	東京都	飲食店	焼肉	乃木坂駅	https://tabelog.com/tokyo/A1307/A130701/13230924/	https://award.tabelog.com/hyakumeiten/yakiniku_tokyo/2021	The Tabelog Award / 百名店 2021 公式名簿候補
13002566	13002566	東京園	東京都	飲食店	焼肉	東銀座駅	https://tabelog.com/tokyo/A1301/A130101/13002566/	https://award.tabelog.com/hyakumeiten/yakiniku_tokyo/2021	The Tabelog Award / 百名店 2021 公式名簿候補
13003488	13003488	游玄亭 西麻布本館	東京都	飲食店	焼肉	六本木駅	https://tabelog.com/tokyo/A1307/A130701/13003488/	https://award.tabelog.com/hyakumeiten/yakiniku_tokyo/2021	The Tabelog Award / 百名店 2021 公式名簿候補
13038804	13038804	焼肉 綾小路	東京都	飲食店	焼肉	乃木坂駅	https://tabelog.com/tokyo/A1307/A130701/13038804/	https://award.tabelog.com/hyakumeiten/yakiniku_tokyo/2021	The Tabelog Award / 百名店 2021 公式名簿候補
13165294	13165294	生粋	東京都	飲食店	焼肉	末広町駅	https://tabelog.com/tokyo/A1311/A131101/13165294/	https://award.tabelog.com/hyakumeiten/yakiniku_tokyo/2021	The Tabelog Award / 百名店 2021 公式名簿候補
13005123	13005123	ら・ぼうふ 用賀本店	東京都	飲食店	焼肉	用賀駅	https://tabelog.com/tokyo/A1317/A131707/13005123/	https://award.tabelog.com/hyakumeiten/yakiniku_tokyo/2021	The Tabelog Award / 百名店 2021 公式名簿候補
13107594	13107594	大幸園 小宮本店	東京都	飲食店	焼肉	小宮駅	https://tabelog.com/tokyo/A1329/A132904/13107594/	https://award.tabelog.com/hyakumeiten/yakiniku_tokyo/2021	The Tabelog Award / 百名店 2021 公式名簿候補
13113717	13113717	ホルモン船　ホールちゃん	東京都	飲食店	焼肉	東新宿駅	https://tabelog.com/tokyo/A1304/A130401/13113717/	https://award.tabelog.com/hyakumeiten/yakiniku_tokyo/2021	The Tabelog Award / 百名店 2021 公式名簿候補
13008910	13008910	焼肉問屋 牛蔵	東京都	飲食店	焼肉	富士見台駅	https://tabelog.com/tokyo/A1321/A132102/13008910/	https://award.tabelog.com/hyakumeiten/yakiniku_tokyo/2021	The Tabelog Award / 百名店 2021 公式名簿候補
13144971	13144971	うしごろバンビーナ 恵比寿本店	東京都	飲食店	焼肉	恵比寿駅	https://tabelog.com/tokyo/A1303/A130302/13144971/	https://award.tabelog.com/hyakumeiten/yakiniku_tokyo/2021	The Tabelog Award / 百名店 2021 公式名簿候補
13208975	13208975	焼肉 うしみつ一門 目黒店	東京都	飲食店	焼肉	目黒駅	https://tabelog.com/tokyo/A1316/A131601/13208975/	https://award.tabelog.com/hyakumeiten/yakiniku_tokyo/2021	The Tabelog Award / 百名店 2021 公式名簿候補
13008099	13008099	亀戸ホルモン 本店	東京都	飲食店	焼肉	亀戸駅	https://tabelog.com/tokyo/A1312/A131202/13008099/	https://award.tabelog.com/hyakumeiten/yakiniku_tokyo/2021	The Tabelog Award / 百名店 2021 公式名簿候補
13230170	13230170	焼肉 冷麺 ユッチャン。	東京都	飲食店	焼肉	六本木駅	https://tabelog.com/tokyo/A1307/A130701/13230170/	https://award.tabelog.com/hyakumeiten/yakiniku_tokyo/2021	The Tabelog Award / 百名店 2021 公式名簿候補
13016578	13016578	正泰苑 銀座店	東京都	飲食店	焼肉	東銀座駅	https://tabelog.com/tokyo/A1301/A130101/13016578/	https://award.tabelog.com/hyakumeiten/yakiniku_tokyo/2021	The Tabelog Award / 百名店 2021 公式名簿候補
13005213	13005213	正泰苑 芝大門店	東京都	飲食店	焼肉	大門駅	https://tabelog.com/tokyo/A1314/A131401/13005213/	https://award.tabelog.com/hyakumeiten/yakiniku_tokyo/2021	The Tabelog Award / 百名店 2021 公式名簿候補
13012243	13012243	焼肉 鶯谷園	東京都	飲食店	焼肉	鶯谷駅	https://tabelog.com/tokyo/A1311/A131104/13012243/	https://award.tabelog.com/hyakumeiten/yakiniku_tokyo/2021	The Tabelog Award / 百名店 2021 公式名簿候補
13005772	13005772	李朝園 吉祥寺店	東京都	飲食店	焼肉	吉祥寺駅	https://tabelog.com/tokyo/A1320/A132001/13005772/	https://award.tabelog.com/hyakumeiten/yakiniku_tokyo/2021	The Tabelog Award / 百名店 2021 公式名簿候補
13184885	13184885	西麻布けんしろう	東京都	飲食店	焼肉	広尾駅	https://tabelog.com/tokyo/A1307/A130703/13184885/	https://award.tabelog.com/hyakumeiten/yakiniku_tokyo/2021	The Tabelog Award / 百名店 2021 公式名簿候補
13000384	13000384	たん清	東京都	飲食店	焼肉	秋葉原駅	https://tabelog.com/tokyo/A1310/A131001/13000384/	https://award.tabelog.com/hyakumeiten/yakiniku_tokyo/2021	The Tabelog Award / 百名店 2021 公式名簿候補
13118245	13118245	焼肉芝浦 三宿店	東京都	飲食店	焼肉	祐天寺駅	https://tabelog.com/tokyo/A1317/A131701/13118245/	https://award.tabelog.com/hyakumeiten/yakiniku_tokyo/2021	The Tabelog Award / 百名店 2021 公式名簿候補
13168322	13168322	焼肉 矢澤 東京	東京都	飲食店	焼肉	日本橋駅	https://tabelog.com/tokyo/A1302/A130202/13168322/	https://award.tabelog.com/hyakumeiten/yakiniku_tokyo/2021	The Tabelog Award / 百名店 2021 公式名簿候補
13035852	13035852	焼肉くにもと 新館	東京都	飲食店	焼肉	浜松町駅	https://tabelog.com/tokyo/A1314/A131401/13035852/	https://award.tabelog.com/hyakumeiten/yakiniku_tokyo/2021	The Tabelog Award / 百名店 2021 公式名簿候補
13038809	13038809	炭火焼肉 牛和鹿 本店	東京都	飲食店	焼肉	門前仲町駅	https://tabelog.com/tokyo/A1313/A131303/13038809/	https://award.tabelog.com/hyakumeiten/yakiniku_tokyo/2021	The Tabelog Award / 百名店 2021 公式名簿候補
13110222	13110222	和牛焼肉KIM 白金本店	東京都	飲食店	焼肉	白金高輪駅	https://tabelog.com/tokyo/A1316/A131602/13110222/	https://award.tabelog.com/hyakumeiten/yakiniku_tokyo/2021	The Tabelog Award / 百名店 2021 公式名簿候補
13045232	13045232	黒牛	東京都	飲食店	焼肉	南新宿駅	https://tabelog.com/tokyo/A1304/A130403/13045232/	https://award.tabelog.com/hyakumeiten/yakiniku_tokyo/2021	The Tabelog Award / 百名店 2021 公式名簿候補
13226719	13226719	焼肉うしごろ 銀座並木通り店	東京都	飲食店	焼肉	銀座駅	https://tabelog.com/tokyo/A1301/A130101/13226719/	https://award.tabelog.com/hyakumeiten/yakiniku_tokyo/2021	The Tabelog Award / 百名店 2021 公式名簿候補
13059962	13059962	ホルモン青木	東京都	飲食店	焼肉	亀戸駅	https://tabelog.com/tokyo/A1312/A131202/13059962/	https://award.tabelog.com/hyakumeiten/yakiniku_tokyo/2021	The Tabelog Award / 百名店 2021 公式名簿候補
13191277	13191277	焼肉 大貫	東京都	飲食店	焼肉	新宿御苑前駅	https://tabelog.com/tokyo/A1304/A130402/13191277/	https://award.tabelog.com/hyakumeiten/yakiniku_tokyo/2021	The Tabelog Award / 百名店 2021 公式名簿候補
13002530	13002530	天空焼肉 星遊山	東京都	飲食店	焼肉	新橋駅	https://tabelog.com/tokyo/A1301/A130103/13002530/	https://award.tabelog.com/hyakumeiten/yakiniku_tokyo/2021	The Tabelog Award / 百名店 2021 公式名簿候補
13041990	13041990	亀戸ホルモン 恵比寿店	東京都	飲食店	焼肉	恵比寿駅	https://tabelog.com/tokyo/A1303/A130302/13041990/	https://award.tabelog.com/hyakumeiten/yakiniku_tokyo/2021	The Tabelog Award / 百名店 2021 公式名簿候補
13104930	13104930	牛和鹿 六本木店	東京都	飲食店	焼肉	六本木駅	https://tabelog.com/tokyo/A1307/A130701/13104930/	https://award.tabelog.com/hyakumeiten/yakiniku_tokyo/2021	The Tabelog Award / 百名店 2021 公式名簿候補
13242515	13242515	うし松	東京都	飲食店	焼肉	広尾駅	https://tabelog.com/tokyo/A1307/A130703/13242515/	https://award.tabelog.com/hyakumeiten/yakiniku_tokyo/2021	The Tabelog Award / 百名店 2021 公式名簿候補
27002226	27002226	カウハウス	大阪府	飲食店	焼肉	桜ノ宮駅	https://tabelog.com/osaka/A2701/A270304/27002226/	https://award.tabelog.com/hyakumeiten/yakiniku_west/2021	The Tabelog Award / 百名店 2021 公式名簿候補
47001010	47001010	炭火焼肉 やまもと	沖縄県	飲食店	焼肉	石垣市	https://tabelog.com/okinawa/A4705/A470501/47001010/	https://award.tabelog.com/hyakumeiten/yakiniku_west/2021	The Tabelog Award / 百名店 2021 公式名簿候補
26000947	26000947	京の焼肉処 弘 三条木屋町店	京都府	飲食店	焼肉	三条駅	https://tabelog.com/kyoto/A2601/A260202/26000947/	https://award.tabelog.com/hyakumeiten/yakiniku_west/2021	The Tabelog Award / 百名店 2021 公式名簿候補
27003470	27003470	和牛処 助春	大阪府	飲食店	焼肉	吉田駅	https://tabelog.com/osaka/A2707/A270703/27003470/	https://award.tabelog.com/hyakumeiten/yakiniku_west/2021	The Tabelog Award / 百名店 2021 公式名簿候補
27011939	27011939	吟味屋 天満店	大阪府	飲食店	焼肉	天満駅	https://tabelog.com/osaka/A2701/A270103/27011939/	https://award.tabelog.com/hyakumeiten/yakiniku_west/2021	The Tabelog Award / 百名店 2021 公式名簿候補
26002138	26002138	京の焼肉処 弘 千本三条本店	京都府	飲食店	焼肉	二条駅	https://tabelog.com/kyoto/A2601/A260203/26002138/	https://award.tabelog.com/hyakumeiten/yakiniku_west/2021	The Tabelog Award / 百名店 2021 公式名簿候補
33010192	33010192	密陽家	岡山県	飲食店	焼肉	岡山市北区	https://tabelog.com/okayama/A3301/A330101/33010192/	https://award.tabelog.com/hyakumeiten/yakiniku_west/2021	The Tabelog Award / 百名店 2021 公式名簿候補
27002500	27002500	茜	大阪府	飲食店	焼肉	中津（大阪メトロ）駅	https://tabelog.com/osaka/A2701/A270101/27002500/	https://award.tabelog.com/hyakumeiten/yakiniku_west/2021	The Tabelog Award / 百名店 2021 公式名簿候補
27023255	27023255	焼肉政ちゃん	大阪府	飲食店	焼肉	津守駅	https://tabelog.com/osaka/A2701/A270406/27023255/	https://award.tabelog.com/hyakumeiten/yakiniku_west/2021	The Tabelog Award / 百名店 2021 公式名簿候補
27003344	27003344	ソウル	大阪府	飲食店	焼肉	ＪＲ難波駅	https://tabelog.com/osaka/A2701/A270202/27003344/	https://award.tabelog.com/hyakumeiten/yakiniku_west/2021	The Tabelog Award / 百名店 2021 公式名簿候補
26004181	26004181	藤むら	京都府	飲食店	焼肉	大宮駅	https://tabelog.com/kyoto/A2601/A260101/26004181/	https://award.tabelog.com/hyakumeiten/yakiniku_west/2021	The Tabelog Award / 百名店 2021 公式名簿候補
27011419	27011419	かまちゃん	大阪府	飲食店	焼肉	瓢箪山駅	https://tabelog.com/osaka/A2707/A270703/27011419/	https://award.tabelog.com/hyakumeiten/yakiniku_west/2021	The Tabelog Award / 百名店 2021 公式名簿候補
40005186	40005186	力飯店	福岡県	飲食店	焼肉	天神南駅	https://tabelog.com/fukuoka/A4001/A400103/40005186/	https://award.tabelog.com/hyakumeiten/yakiniku_west/2021	The Tabelog Award / 百名店 2021 公式名簿候補
28002221	28002221	やきにくポッサムチプ	兵庫県	飲食店	焼肉	兵庫駅	https://tabelog.com/hyogo/A2801/A280109/28002221/	https://award.tabelog.com/hyakumeiten/yakiniku_west/2021	The Tabelog Award / 百名店 2021 公式名簿候補
28000918	28000918	満月	兵庫県	飲食店	焼肉	西元町駅	https://tabelog.com/hyogo/A2801/A280102/28000918/	https://award.tabelog.com/hyakumeiten/yakiniku_west/2021	The Tabelog Award / 百名店 2021 公式名簿候補
27006074	27006074	さつま	大阪府	飲食店	焼肉	大江橋駅	https://tabelog.com/osaka/A2701/A270101/27006074/	https://award.tabelog.com/hyakumeiten/yakiniku_west/2021	The Tabelog Award / 百名店 2021 公式名簿候補
24001944	24001944	焼肉 八廣	三重県	飲食店	焼肉	津市	https://tabelog.com/mie/A2401/A240101/24001944/	https://award.tabelog.com/hyakumeiten/yakiniku_west/2021	The Tabelog Award / 百名店 2021 公式名簿候補
27073864	27073864	すすむ	大阪府	飲食店	焼肉	天神橋筋六丁目駅	https://tabelog.com/osaka/A2701/A270103/27073864/	https://award.tabelog.com/hyakumeiten/yakiniku_west/2021	The Tabelog Award / 百名店 2021 公式名簿候補
27006730	27006730	焼肉 白雲台 鶴橋駅前店	大阪府	飲食店	焼肉	鶴橋駅	https://tabelog.com/osaka/A2701/A270205/27006730/	https://award.tabelog.com/hyakumeiten/yakiniku_west/2021	The Tabelog Award / 百名店 2021 公式名簿候補
27000597	27000597	肉料理とワイン YUZAN 南船場	大阪府	飲食店	焼肉	松屋町駅	https://tabelog.com/osaka/A2701/A270201/27000597/	https://award.tabelog.com/hyakumeiten/yakiniku_west/2021	The Tabelog Award / 百名店 2021 公式名簿候補
40002803	40002803	焼肉 多牛 駅南店	福岡県	飲食店	焼肉	博多駅	https://tabelog.com/fukuoka/A4001/A400101/40002803/	https://award.tabelog.com/hyakumeiten/yakiniku_west/2021	The Tabelog Award / 百名店 2021 公式名簿候補
28043971	28043971	雄三郎	兵庫県	飲食店	焼肉	三ノ宮（ＪＲ）駅	https://tabelog.com/hyogo/A2801/A280101/28043971/	https://award.tabelog.com/hyakumeiten/yakiniku_west/2021	The Tabelog Award / 百名店 2021 公式名簿候補
27009408	27009408	かどやホルモン店	大阪府	飲食店	焼肉	東梅田駅	https://tabelog.com/osaka/A2701/A270101/27009408/	https://award.tabelog.com/hyakumeiten/yakiniku_west/2021	The Tabelog Award / 百名店 2021 公式名簿候補
45000273	45000273	みょうが屋	宮崎県	飲食店	焼肉	宮崎市	https://tabelog.com/miyazaki/A4501/A450101/45000273/	https://award.tabelog.com/hyakumeiten/yakiniku_west/2021	The Tabelog Award / 百名店 2021 公式名簿候補
27083854	27083854	にくや萬野 お初天神裏参道店	大阪府	飲食店	焼肉	東梅田駅	https://tabelog.com/osaka/A2701/A270101/27083854/	https://award.tabelog.com/hyakumeiten/yakiniku_west/2021	The Tabelog Award / 百名店 2021 公式名簿候補
27013294	27013294	電撃ホルモン ツギヱ	大阪府	飲食店	焼肉	天満駅	https://tabelog.com/osaka/A2701/A270103/27013294/	https://award.tabelog.com/hyakumeiten/yakiniku_west/2021	The Tabelog Award / 百名店 2021 公式名簿候補
27015932	27015932	なか田 別邸	大阪府	飲食店	焼肉	福島駅	https://tabelog.com/osaka/A2701/A270108/27015932/	https://award.tabelog.com/hyakumeiten/yakiniku_west/2021	The Tabelog Award / 百名店 2021 公式名簿候補
27000572	27000572	吉田 新館	大阪府	飲食店	焼肉	鶴橋駅	https://tabelog.com/osaka/A2701/A270205/27000572/	https://award.tabelog.com/hyakumeiten/yakiniku_west/2021	The Tabelog Award / 百名店 2021 公式名簿候補
27005087	27005087	多平	大阪府	飲食店	焼肉	難波（南海）駅	https://tabelog.com/osaka/A2701/A270202/27005087/	https://award.tabelog.com/hyakumeiten/yakiniku_west/2021	The Tabelog Award / 百名店 2021 公式名簿候補
27057397	27057397	Matasaburo	大阪府	飲食店	焼肉	長居駅	https://tabelog.com/osaka/A2701/A270404/27057397/	https://award.tabelog.com/hyakumeiten/yakiniku_west/2021	The Tabelog Award / 百名店 2021 公式名簿候補
26002425	26002425	祇園鹿六	京都府	飲食店	焼肉	祇園四条駅	https://tabelog.com/kyoto/A2601/A260301/26002425/	https://award.tabelog.com/hyakumeiten/yakiniku_west/2021	The Tabelog Award / 百名店 2021 公式名簿候補
28001406	28001406	味楽園	兵庫県	飲食店	焼肉	出屋敷駅	https://tabelog.com/hyogo/A2803/A280304/28001406/	https://award.tabelog.com/hyakumeiten/yakiniku_west/2021	The Tabelog Award / 百名店 2021 公式名簿候補
47000296	47000296	華	沖縄県	飲食店	焼肉	那覇市	https://tabelog.com/okinawa/A4701/A470101/47000296/	https://award.tabelog.com/hyakumeiten/yakiniku_west/2021	The Tabelog Award / 百名店 2021 公式名簿候補
27000791	27000791	安兵衛 西九条店	大阪府	飲食店	焼肉	西九条駅	https://tabelog.com/osaka/A2701/A270401/27000791/	https://award.tabelog.com/hyakumeiten/yakiniku_west/2021	The Tabelog Award / 百名店 2021 公式名簿候補
27090232	27090232	京松蘭 本店	大阪府	飲食店	焼肉	京橋駅	https://tabelog.com/osaka/A2701/A270107/27090232/	https://award.tabelog.com/hyakumeiten/yakiniku_west/2021	The Tabelog Award / 百名店 2021 公式名簿候補
27011178	27011178	板前焼肉 一斗 天下茶屋本店	大阪府	飲食店	焼肉	今船駅	https://tabelog.com/osaka/A2701/A270406/27011178/	https://award.tabelog.com/hyakumeiten/yakiniku_west/2021	The Tabelog Award / 百名店 2021 公式名簿候補
27060372	27060372	焼肉萬野 心斎橋店	大阪府	飲食店	焼肉	心斎橋駅	https://tabelog.com/osaka/A2701/A270201/27060372/	https://award.tabelog.com/hyakumeiten/yakiniku_west/2021	The Tabelog Award / 百名店 2021 公式名簿候補
27000561	27000561	万正	大阪府	飲食店	焼肉	鶴橋駅	https://tabelog.com/osaka/A2701/A270205/27000561/	https://award.tabelog.com/hyakumeiten/yakiniku_west/2021	The Tabelog Award / 百名店 2021 公式名簿候補
27055508	27055508	ホルモン 徳いち	大阪府	飲食店	焼肉	京橋駅	https://tabelog.com/osaka/A2701/A270107/27055508/	https://award.tabelog.com/hyakumeiten/yakiniku_west/2021	The Tabelog Award / 百名店 2021 公式名簿候補
25005328	25005328	万葉 八日市店	滋賀県	飲食店	焼肉	東近江市	https://tabelog.com/shiga/A2503/A250302/25005328/	https://award.tabelog.com/hyakumeiten/yakiniku_west/2021	The Tabelog Award / 百名店 2021 公式名簿候補
27000567	27000567	焼肉の吉田 本店	大阪府	飲食店	焼肉	鶴橋駅	https://tabelog.com/osaka/A2701/A270205/27000567/	https://award.tabelog.com/hyakumeiten/yakiniku_west/2021	The Tabelog Award / 百名店 2021 公式名簿候補
27099114	27099114	北新地 はらみ	大阪府	飲食店	焼肉	北新地駅	https://tabelog.com/osaka/A2701/A270101/27099114/	https://award.tabelog.com/hyakumeiten/yakiniku_west/2021	The Tabelog Award / 百名店 2021 公式名簿候補
28003841	28003841	炭焼肉 石田屋。 本店	兵庫県	飲食店	焼肉	三宮（神戸市営）駅	https://tabelog.com/hyogo/A2801/A280101/28003841/	https://award.tabelog.com/hyakumeiten/yakiniku_west/2021	The Tabelog Award / 百名店 2021 公式名簿候補
27019731	27019731	焼肉たきもと	大阪府	飲食店	焼肉	堺市駅	https://tabelog.com/osaka/A2705/A270501/27019731/	https://award.tabelog.com/hyakumeiten/yakiniku_west/2021	The Tabelog Award / 百名店 2021 公式名簿候補
27002291	27002291	万両 南森町店	大阪府	飲食店	焼肉	南森町駅	https://tabelog.com/osaka/A2701/A270103/27002291/	https://award.tabelog.com/hyakumeiten/yakiniku_west/2021	The Tabelog Award / 百名店 2021 公式名簿候補
27005121	27005121	板前焼肉 一斗 京橋支店	大阪府	飲食店	焼肉	京橋駅	https://tabelog.com/osaka/A2701/A270107/27005121/	https://award.tabelog.com/hyakumeiten/yakiniku_west/2021	The Tabelog Award / 百名店 2021 公式名簿候補
27113560	27113560	柘榴 奈良きみや 別邸	大阪府	飲食店	焼肉	大江橋駅	https://tabelog.com/osaka/A2701/A270101/27113560/	https://award.tabelog.com/hyakumeiten/yakiniku_west/2021	The Tabelog Award / 百名店 2021 公式名簿候補
27001288	27001288	本家 とらちゃん 法善寺横丁店	大阪府	飲食店	焼肉	大阪難波駅	https://tabelog.com/osaka/A2701/A270202/27001288/	https://award.tabelog.com/hyakumeiten/yakiniku_west/2021	The Tabelog Award / 百名店 2021 公式名簿候補
27002139	27002139	大番	大阪府	飲食店	焼肉	北新地駅	https://tabelog.com/osaka/A2701/A270101/27002139/	https://award.tabelog.com/hyakumeiten/yakiniku_west/2021	The Tabelog Award / 百名店 2021 公式名簿候補
27000219	27000219	北新地 すがはら	大阪府	飲食店	焼肉	大江橋駅	https://tabelog.com/osaka/A2701/A270101/27000219/	https://award.tabelog.com/hyakumeiten/yakiniku_west/2021	The Tabelog Award / 百名店 2021 公式名簿候補
45000767	45000767	焼肉 初栄	宮崎県	飲食店	焼肉	西臼杵郡高千穂町	https://tabelog.com/miyazaki/A4505/A450502/45000767/	https://award.tabelog.com/hyakumeiten/yakiniku_west/2021	The Tabelog Award / 百名店 2021 公式名簿候補
27018922	27018922	和牛 まつした 本通り店	大阪府	飲食店	焼肉	北新地駅	https://tabelog.com/osaka/A2701/A270101/27018922/	https://award.tabelog.com/hyakumeiten/yakiniku_west/2021	The Tabelog Award / 百名店 2021 公式名簿候補
40043061	40043061	焼肉すどう 春吉	福岡県	飲食店	焼肉	天神南駅	https://tabelog.com/fukuoka/A4001/A400103/40043061/	https://award.tabelog.com/hyakumeiten/yakiniku_west/2021	The Tabelog Award / 百名店 2021 公式名簿候補
27040961	27040961	和牛焼肉 布上 本店	大阪府	飲食店	焼肉	新福島駅	https://tabelog.com/osaka/A2701/A270108/27040961/	https://award.tabelog.com/hyakumeiten/yakiniku_west/2021	The Tabelog Award / 百名店 2021 公式名簿候補
26001035	26001035	江畑	京都府	飲食店	焼肉	京都市上京区	https://tabelog.com/kyoto/A2601/A260501/26001035/	https://award.tabelog.com/hyakumeiten/yakiniku_west/2021	The Tabelog Award / 百名店 2021 公式名簿候補
27088182	27088182	万両 肥後橋店	大阪府	飲食店	焼肉	肥後橋駅	https://tabelog.com/osaka/A2701/A270102/27088182/	https://award.tabelog.com/hyakumeiten/yakiniku_west/2021	The Tabelog Award / 百名店 2021 公式名簿候補
26006045	26006045	はつだ	京都府	飲食店	焼肉	修学院駅	https://tabelog.com/kyoto/A2601/A260303/26006045/	https://award.tabelog.com/hyakumeiten/yakiniku_west/2021	The Tabelog Award / 百名店 2021 公式名簿候補
40000443	40000443	利花苑 大名本店	福岡県	飲食店	焼肉	赤坂駅	https://tabelog.com/fukuoka/A4001/A400104/40000443/	https://award.tabelog.com/hyakumeiten/yakiniku_west/2021	The Tabelog Award / 百名店 2021 公式名簿候補
28005344	28005344	きらく	兵庫県	飲食店	焼肉	春日野道（阪神）駅	https://tabelog.com/hyogo/A2801/A280103/28005344/	https://award.tabelog.com/hyakumeiten/yakiniku_west/2021	The Tabelog Award / 百名店 2021 公式名簿候補
47001554	47001554	石垣島 きたうち牧場 美崎店	沖縄県	飲食店	焼肉	石垣市	https://tabelog.com/okinawa/A4705/A470501/47001554/	https://award.tabelog.com/hyakumeiten/yakiniku_west/2021	The Tabelog Award / 百名店 2021 公式名簿候補
27023459	27023459	焼肉 かっぱ梶岡	大阪府	飲食店	焼肉	庄内駅	https://tabelog.com/osaka/A2706/A270601/27023459/	https://award.tabelog.com/hyakumeiten/yakiniku_west/2021	The Tabelog Award / 百名店 2021 公式名簿候補
28031858	28031858	焼肉&グリル　貴坂	兵庫県	飲食店	焼肉	新開地駅	https://tabelog.com/hyogo/A2801/A280109/28031858/	https://award.tabelog.com/hyakumeiten/yakiniku_west/2021	The Tabelog Award / 百名店 2021 公式名簿候補
28042651	28042651	オカダ食品株式会社	兵庫県	飲食店	焼肉	西元町駅	https://tabelog.com/hyogo/A2801/A280102/28042651/	https://award.tabelog.com/hyakumeiten/yakiniku_west/2021	The Tabelog Award / 百名店 2021 公式名簿候補
27003763	27003763	万両 東天満店	大阪府	飲食店	焼肉	天満橋駅	https://tabelog.com/osaka/A2701/A270103/27003763/	https://award.tabelog.com/hyakumeiten/yakiniku_west/2021	The Tabelog Award / 百名店 2021 公式名簿候補
27111285	27111285	焼肉 きたん	大阪府	飲食店	焼肉	四ツ橋駅	https://tabelog.com/osaka/A2701/A270201/27111285/	https://award.tabelog.com/hyakumeiten/yakiniku_west/2021	The Tabelog Award / 百名店 2021 公式名簿候補
26007977	26007977	ニュー万長	京都府	飲食店	焼肉	京都市上京区	https://tabelog.com/kyoto/A2601/A260501/26007977/	https://award.tabelog.com/hyakumeiten/yakiniku_west/2021	The Tabelog Award / 百名店 2021 公式名簿候補
27086935	27086935	和牛 まつした 上通り店	大阪府	飲食店	焼肉	北新地駅	https://tabelog.com/osaka/A2701/A270101/27086935/	https://award.tabelog.com/hyakumeiten/yakiniku_west/2021	The Tabelog Award / 百名店 2021 公式名簿候補
24000064	24000064	宮本屋	三重県	飲食店	焼肉	松阪市	https://tabelog.com/mie/A2401/A240102/24000064/	https://award.tabelog.com/hyakumeiten/yakiniku_west/2021	The Tabelog Award / 百名店 2021 公式名簿候補
24000073	24000073	一升びん 本店	三重県	飲食店	焼肉	松阪市	https://tabelog.com/mie/A2401/A240102/24000073/	https://award.tabelog.com/hyakumeiten/yakiniku_west/2021	The Tabelog Award / 百名店 2021 公式名簿候補
40001664	40001664	大東園 本店	福岡県	飲食店	焼肉	祇園駅	https://tabelog.com/fukuoka/A4001/A400101/40001664/	https://award.tabelog.com/hyakumeiten/yakiniku_west/2021	The Tabelog Award / 百名店 2021 公式名簿候補
27001294	27001294	空 道頓堀店	大阪府	飲食店	焼肉	大阪難波駅	https://tabelog.com/osaka/A2701/A270202/27001294/	https://award.tabelog.com/hyakumeiten/yakiniku_west/2021	The Tabelog Award / 百名店 2021 公式名簿候補
26002078	26002078	多来多来	京都府	飲食店	焼肉	久世郡久御山町	https://tabelog.com/kyoto/A2607/A260702/26002078/	https://award.tabelog.com/hyakumeiten/yakiniku_west/2021	The Tabelog Award / 百名店 2021 公式名簿候補
47000337	47000337	満味	沖縄県	飲食店	焼肉	名護市	https://tabelog.com/okinawa/A4702/A470201/47000337/	https://award.tabelog.com/hyakumeiten/yakiniku_west/2021	The Tabelog Award / 百名店 2021 公式名簿候補
27004369	27004369	朋苑	大阪府	飲食店	焼肉	西中島南方駅	https://tabelog.com/osaka/A2701/A270301/27004369/	https://award.tabelog.com/hyakumeiten/yakiniku_west/2021	The Tabelog Award / 百名店 2021 公式名簿候補
26008216	26008216	川もり	京都府	飲食店	焼肉	東山駅	https://tabelog.com/kyoto/A2601/A260301/26008216/	https://award.tabelog.com/hyakumeiten/yakiniku_west/2021	The Tabelog Award / 百名店 2021 公式名簿候補
27019684	27019684	哲	大阪府	飲食店	焼肉	江坂駅	https://tabelog.com/osaka/A2706/A270602/27019684/	https://award.tabelog.com/hyakumeiten/yakiniku_west/2021	The Tabelog Award / 百名店 2021 公式名簿候補
28007472	28007472	鶴屋	兵庫県	飲食店	焼肉	三宮（神戸市営）駅	https://tabelog.com/hyogo/A2801/A280101/28007472/	https://award.tabelog.com/hyakumeiten/yakiniku_west/2021	The Tabelog Award / 百名店 2021 公式名簿候補
27010644	27010644	蔓牛	大阪府	飲食店	焼肉	谷町九丁目駅	https://tabelog.com/osaka/A2701/A270202/27010644/	https://award.tabelog.com/hyakumeiten/yakiniku_west/2021	The Tabelog Award / 百名店 2021 公式名簿候補
27013555	27013555	万両 天神橋店	大阪府	飲食店	焼肉	南森町駅	https://tabelog.com/osaka/A2701/A270103/27013555/	https://award.tabelog.com/hyakumeiten/yakiniku_west/2021	The Tabelog Award / 百名店 2021 公式名簿候補
43008422	43008422	焼肉すどう 熊本本店	熊本県	飲食店	焼肉	熊本市中央区	https://tabelog.com/kumamoto/A4301/A430101/43008422/	https://award.tabelog.com/hyakumeiten/yakiniku_west/2021	The Tabelog Award / 百名店 2021 公式名簿候補
27015864	27015864	松蘭	大阪府	飲食店	焼肉	小路（大阪メトロ）駅	https://tabelog.com/osaka/A2701/A270306/27015864/	https://award.tabelog.com/hyakumeiten/yakiniku_west/2021	The Tabelog Award / 百名店 2021 公式名簿候補
26035839	26035839	焼肉やまちゃん	京都府	飲食店	焼肉	京都河原町駅	https://tabelog.com/kyoto/A2601/A260201/26035839/	https://award.tabelog.com/hyakumeiten/yakiniku_west/2021	The Tabelog Award / 百名店 2021 公式名簿候補
27000569	27000569	海南亭 鶴橋店	大阪府	飲食店	焼肉	鶴橋駅	https://tabelog.com/osaka/A2701/A270205/27000569/	https://award.tabelog.com/hyakumeiten/yakiniku_west/2021	The Tabelog Award / 百名店 2021 公式名簿候補
47000310	47000310	炭火焼肉たけさん亭	沖縄県	飲食店	焼肉	石垣市	https://tabelog.com/okinawa/A4705/A470501/47000310/	https://award.tabelog.com/hyakumeiten/yakiniku_west/2021	The Tabelog Award / 百名店 2021 公式名簿候補
28004023	28004023	炭火焼肉屋台 たじま屋	兵庫県	飲食店	焼肉	ハーバーランド駅	https://tabelog.com/hyogo/A2801/A280109/28004023/	https://award.tabelog.com/hyakumeiten/yakiniku_west/2021	The Tabelog Award / 百名店 2021 公式名簿候補
47012014	47012014	喜八	沖縄県	飲食店	焼肉	宮古島市	https://tabelog.com/okinawa/A4705/A470503/47012014/	https://award.tabelog.com/hyakumeiten/yakiniku_west/2021	The Tabelog Award / 百名店 2021 公式名簿候補
26006491	26006491	肉料理　荒川	京都府	飲食店	焼肉	京都河原町駅	https://tabelog.com/kyoto/A2601/A260201/26006491/	https://award.tabelog.com/hyakumeiten/yakiniku_west/2021	The Tabelog Award / 百名店 2021 公式名簿候補
27090794	27090794	焼肉やっちゃん 京橋店	大阪府	飲食店	焼肉	京橋駅	https://tabelog.com/osaka/A2701/A270107/27090794/	https://award.tabelog.com/hyakumeiten/yakiniku_west/2021	The Tabelog Award / 百名店 2021 公式名簿候補
26028368	26028368	焼肉矢澤 京都	京都府	飲食店	焼肉	四条（京都市営）駅	https://tabelog.com/kyoto/A2601/A260201/26028368/	https://award.tabelog.com/hyakumeiten/yakiniku_west/2021	The Tabelog Award / 百名店 2021 公式名簿候補
27002882	27002882	明月館 上本町本店	大阪府	飲食店	焼肉	鶴橋駅	https://tabelog.com/osaka/A2701/A270205/27002882/	https://award.tabelog.com/hyakumeiten/yakiniku_west/2021	The Tabelog Award / 百名店 2021 公式名簿候補
26016840	26016840	焼肉 弘商店 烏丸錦	京都府	飲食店	焼肉	烏丸駅	https://tabelog.com/kyoto/A2601/A260202/26016840/	https://award.tabelog.com/hyakumeiten/yakiniku_west/2021	The Tabelog Award / 百名店 2021 公式名簿候補
26000080	26000080	アジェ 松原本店	京都府	飲食店	焼肉	清水五条駅	https://tabelog.com/kyoto/A2601/A260301/26000080/	https://award.tabelog.com/hyakumeiten/yakiniku_west/2021	The Tabelog Award / 百名店 2021 公式名簿候補
27015353	27015353	焼肉懐石 梅田 但馬屋	大阪府	飲食店	焼肉	東梅田駅	https://tabelog.com/osaka/A2701/A270101/27015353/	https://award.tabelog.com/hyakumeiten/yakiniku_west/2021	The Tabelog Award / 百名店 2021 公式名簿候補
27001305	27001305	肉匠なか田 本店	大阪府	飲食店	焼肉	大阪難波駅	https://tabelog.com/osaka/A2701/A270202/27001305/	https://award.tabelog.com/hyakumeiten/yakiniku_west/2021	The Tabelog Award / 百名店 2021 公式名簿候補
27019581	27019581	焼肉萬野 天王寺店	大阪府	飲食店	焼肉	天王寺駅	https://tabelog.com/osaka/A2701/A270203/27019581/	https://award.tabelog.com/hyakumeiten/yakiniku_west/2021	The Tabelog Award / 百名店 2021 公式名簿候補
27046669	27046669	厳選和牛 焼肉 犇屋 天満本店	大阪府	飲食店	焼肉	天神橋筋六丁目駅	https://tabelog.com/osaka/A2701/A270103/27046669/	https://award.tabelog.com/hyakumeiten/yakiniku_west/2021	The Tabelog Award / 百名店 2021 公式名簿候補
27000564	27000564	空 鶴橋総本店	大阪府	飲食店	焼肉	鶴橋駅	https://tabelog.com/osaka/A2701/A270205/27000564/	https://award.tabelog.com/hyakumeiten/yakiniku_west/2021	The Tabelog Award / 百名店 2021 公式名簿候補
13162562	13162562	遊	東京都	飲食店	焼鳥	飯田橋駅	https://tabelog.com/tokyo/A1309/A130905/13162562/	https://award.tabelog.com/hyakumeiten/yakitori/2021	The Tabelog Award / 百名店 2021 公式名簿候補
13197391	13197391	やきとり阿部	東京都	飲食店	焼鳥	目黒駅	https://tabelog.com/tokyo/A1316/A131601/13197391/	https://award.tabelog.com/hyakumeiten/yakitori/2021	The Tabelog Award / 百名店 2021 公式名簿候補
13002213	13002213	益子	東京都	飲食店	焼鳥	新橋駅	https://tabelog.com/tokyo/A1301/A130103/13002213/	https://award.tabelog.com/hyakumeiten/yakitori/2021	The Tabelog Award / 百名店 2021 公式名簿候補
14000552	14000552	伸喜	神奈川県	飲食店	焼鳥	桜木町駅	https://tabelog.com/kanagawa/A1401/A140102/14000552/	https://award.tabelog.com/hyakumeiten/yakitori/2021	The Tabelog Award / 百名店 2021 公式名簿候補
13171563	13171563	焼き鳥 瀧口	東京都	飲食店	焼鳥	泉岳寺駅	https://tabelog.com/tokyo/A1314/A131403/13171563/	https://award.tabelog.com/hyakumeiten/yakitori/2021	The Tabelog Award / 百名店 2021 公式名簿候補
13128870	13128870	鳥恵 上野広小路店	東京都	飲食店	焼鳥	上野広小路駅	https://tabelog.com/tokyo/A1311/A131101/13128870/	https://award.tabelog.com/hyakumeiten/yakitori/2021	The Tabelog Award / 百名店 2021 公式名簿候補
13059154	13059154	白金 酉玉 神楽坂店	東京都	飲食店	焼鳥	牛込神楽坂駅	https://tabelog.com/tokyo/A1309/A130905/13059154/	https://award.tabelog.com/hyakumeiten/yakitori/2021	The Tabelog Award / 百名店 2021 公式名簿候補
13000127	13000127	伊勢廣 帝劇店	東京都	飲食店	焼鳥	日比谷駅	https://tabelog.com/tokyo/A1301/A130102/13000127/	https://award.tabelog.com/hyakumeiten/yakitori/2021	The Tabelog Award / 百名店 2021 公式名簿候補
26005610	26005610	炭焼創彩鳥家 人見	京都府	飲食店	焼鳥	三条京阪駅	https://tabelog.com/kyoto/A2601/A260301/26005610/	https://award.tabelog.com/hyakumeiten/yakitori/2021	The Tabelog Award / 百名店 2021 公式名簿候補
13092061	13092061	蒼天 南口店	東京都	飲食店	焼鳥	向原駅	https://tabelog.com/tokyo/A1323/A132302/13092061/	https://award.tabelog.com/hyakumeiten/yakitori/2021	The Tabelog Award / 百名店 2021 公式名簿候補
13026225	13026225	阿佐ヶ谷バードランド	東京都	飲食店	焼鳥	阿佐ケ谷駅	https://tabelog.com/tokyo/A1319/A131905/13026225/	https://award.tabelog.com/hyakumeiten/yakitori/2021	The Tabelog Award / 百名店 2021 公式名簿候補
13000174	13000174	伊勢廣 ニューオータニ店	東京都	飲食店	焼鳥	麹町駅	https://tabelog.com/tokyo/A1308/A130803/13000174/	https://award.tabelog.com/hyakumeiten/yakitori/2021	The Tabelog Award / 百名店 2021 公式名簿候補
27011662	27011662	心斎橋かわぐち	大阪府	飲食店	焼鳥	心斎橋駅	https://tabelog.com/osaka/A2701/A270201/27011662/	https://award.tabelog.com/hyakumeiten/yakitori/2021	The Tabelog Award / 百名店 2021 公式名簿候補
27080941	27080941	熊の焼鳥 106	大阪府	飲食店	焼鳥	天神橋筋六丁目駅	https://tabelog.com/osaka/A2701/A270103/27080941/	https://award.tabelog.com/hyakumeiten/yakitori/2021	The Tabelog Award / 百名店 2021 公式名簿候補
13046105	13046105	焼き鳥 丈参	東京都	飲食店	焼鳥	人形町駅	https://tabelog.com/tokyo/A1302/A130204/13046105/	https://award.tabelog.com/hyakumeiten/yakitori/2021	The Tabelog Award / 百名店 2021 公式名簿候補
28051479	28051479	焼鳥 谷口	兵庫県	飲食店	焼鳥	武庫之荘駅	https://tabelog.com/hyogo/A2803/A280304/28051479/	https://award.tabelog.com/hyakumeiten/yakitori/2021	The Tabelog Award / 百名店 2021 公式名簿候補
23005827	23005827	きんぼし 伏見店	愛知県	飲食店	焼鳥	伏見駅	https://tabelog.com/aichi/A2301/A230102/23005827/	https://award.tabelog.com/hyakumeiten/yakitori/2021	The Tabelog Award / 百名店 2021 公式名簿候補
13168868	13168868	晩鶏	東京都	飲食店	焼鳥	乃木坂駅	https://tabelog.com/tokyo/A1307/A130701/13168868/	https://award.tabelog.com/hyakumeiten/yakitori/2021	The Tabelog Award / 百名店 2021 公式名簿候補
23001707	23001707	きんぼし 今池店	愛知県	飲食店	焼鳥	今池駅	https://tabelog.com/aichi/A2301/A230106/23001707/	https://award.tabelog.com/hyakumeiten/yakitori/2021	The Tabelog Award / 百名店 2021 公式名簿候補
13003200	13003200	鳥よし 中目黒本店	東京都	飲食店	焼鳥	中目黒駅	https://tabelog.com/tokyo/A1317/A131701/13003200/	https://award.tabelog.com/hyakumeiten/yakitori/2021	The Tabelog Award / 百名店 2021 公式名簿候補
13144198	13144198	中目黒 いぐち 本店	東京都	飲食店	焼鳥	中目黒駅	https://tabelog.com/tokyo/A1317/A131701/13144198/	https://award.tabelog.com/hyakumeiten/yakitori/2021	The Tabelog Award / 百名店 2021 公式名簿候補
23047581	23047581	大銀杏 栄店	愛知県	飲食店	焼鳥	矢場町駅	https://tabelog.com/aichi/A2301/A230103/23047581/	https://award.tabelog.com/hyakumeiten/yakitori/2021	The Tabelog Award / 百名店 2021 公式名簿候補
13120595	13120595	宮新	東京都	飲食店	焼鳥	銀座駅	https://tabelog.com/tokyo/A1301/A130101/13120595/	https://award.tabelog.com/hyakumeiten/yakitori/2021	The Tabelog Award / 百名店 2021 公式名簿候補
13063782	13063782	おが和	東京都	飲食店	焼鳥	人形町駅	https://tabelog.com/tokyo/A1302/A130204/13063782/	https://award.tabelog.com/hyakumeiten/yakitori/2021	The Tabelog Award / 百名店 2021 公式名簿候補
13002883	13002883	鳥九	東京都	飲食店	焼鳥	新橋駅	https://tabelog.com/tokyo/A1301/A130103/13002883/	https://award.tabelog.com/hyakumeiten/yakitori/2021	The Tabelog Award / 百名店 2021 公式名簿候補
13114433	13114433	床島	東京都	飲食店	焼鳥	西太子堂駅	https://tabelog.com/tokyo/A1317/A131706/13114433/	https://award.tabelog.com/hyakumeiten/yakitori/2021	The Tabelog Award / 百名店 2021 公式名簿候補
13054258	13054258	酉の 荻窪店	東京都	飲食店	焼鳥	荻窪駅	https://tabelog.com/tokyo/A1319/A131906/13054258/	https://award.tabelog.com/hyakumeiten/yakitori/2021	The Tabelog Award / 百名店 2021 公式名簿候補
13116576	13116576	串焼 大助	東京都	飲食店	焼鳥	大門駅	https://tabelog.com/tokyo/A1314/A131401/13116576/	https://award.tabelog.com/hyakumeiten/yakitori/2021	The Tabelog Award / 百名店 2021 公式名簿候補
13008635	13008635	江戸政	東京都	飲食店	焼鳥	東日本橋駅	https://tabelog.com/tokyo/A1302/A130204/13008635/	https://award.tabelog.com/hyakumeiten/yakitori/2021	The Tabelog Award / 百名店 2021 公式名簿候補
13187433	13187433	焼鳥 山もと	東京都	飲食店	焼鳥	三鷹駅	https://tabelog.com/tokyo/A1320/A132002/13187433/	https://award.tabelog.com/hyakumeiten/yakitori/2021	The Tabelog Award / 百名店 2021 公式名簿候補
13196727	13196727	焼鳥 茜	東京都	飲食店	焼鳥	神楽坂駅	https://tabelog.com/tokyo/A1309/A130905/13196727/	https://award.tabelog.com/hyakumeiten/yakitori/2021	The Tabelog Award / 百名店 2021 公式名簿候補
27003697	27003697	炭火焼とり 安喜	大阪府	飲食店	焼鳥	あびこ駅	https://tabelog.com/osaka/A2701/A270404/27003697/	https://award.tabelog.com/hyakumeiten/yakitori/2021	The Tabelog Award / 百名店 2021 公式名簿候補
13024966	13024966	やきとり まさ吉	東京都	飲食店	焼鳥	武蔵小山駅	https://tabelog.com/tokyo/A1317/A131710/13024966/	https://award.tabelog.com/hyakumeiten/yakitori/2021	The Tabelog Award / 百名店 2021 公式名簿候補
13001520	13001520	三政	東京都	飲食店	焼鳥	新橋駅	https://tabelog.com/tokyo/A1301/A130103/13001520/	https://award.tabelog.com/hyakumeiten/yakitori/2021	The Tabelog Award / 百名店 2021 公式名簿候補
13147288	13147288	吾妻家	東京都	飲食店	焼鳥	新日本橋駅	https://tabelog.com/tokyo/A1310/A131002/13147288/	https://award.tabelog.com/hyakumeiten/yakitori/2021	The Tabelog Award / 百名店 2021 公式名簿候補
14000551	14000551	野毛末広	神奈川県	飲食店	焼鳥	桜木町駅	https://tabelog.com/kanagawa/A1401/A140102/14000551/	https://award.tabelog.com/hyakumeiten/yakitori/2021	The Tabelog Award / 百名店 2021 公式名簿候補
14070995	14070995	地葉	神奈川県	飲食店	焼鳥	馬車道駅	https://tabelog.com/kanagawa/A1401/A140104/14070995/	https://award.tabelog.com/hyakumeiten/yakitori/2021	The Tabelog Award / 百名店 2021 公式名簿候補
28007459	28007459	炭火串焼専門店 鶏天	兵庫県	飲食店	焼鳥	さくら夙川駅	https://tabelog.com/hyogo/A2803/A280301/28007459/	https://award.tabelog.com/hyakumeiten/yakitori/2021	The Tabelog Award / 百名店 2021 公式名簿候補
13001702	13001702	鳥竹 総本店	東京都	飲食店	焼鳥	渋谷駅	https://tabelog.com/tokyo/A1303/A130301/13001702/	https://award.tabelog.com/hyakumeiten/yakitori/2021	The Tabelog Award / 百名店 2021 公式名簿候補
27086735	27086735	焼鳥みなみ	大阪府	飲食店	焼鳥	北新地駅	https://tabelog.com/osaka/A2701/A270101/27086735/	https://award.tabelog.com/hyakumeiten/yakitori/2021	The Tabelog Award / 百名店 2021 公式名簿候補
13000055	13000055	焼鳥 はちまん	東京都	飲食店	焼鳥	早稲田（都電）駅	https://tabelog.com/tokyo/A1305/A130504/13000055/	https://award.tabelog.com/hyakumeiten/yakitori/2021	The Tabelog Award / 百名店 2021 公式名簿候補
13101685	13101685	道しるべ	東京都	飲食店	焼鳥	西武新宿駅	https://tabelog.com/tokyo/A1304/A130401/13101685/	https://award.tabelog.com/hyakumeiten/yakitori/2021	The Tabelog Award / 百名店 2021 公式名簿候補
13003769	13003769	バードコート	東京都	飲食店	焼鳥	北千住駅	https://tabelog.com/tokyo/A1324/A132402/13003769/	https://award.tabelog.com/hyakumeiten/yakitori/2021	The Tabelog Award / 百名店 2021 公式名簿候補
13012994	13012994	世良田	東京都	飲食店	焼鳥	麻布十番駅	https://tabelog.com/tokyo/A1307/A130702/13012994/	https://award.tabelog.com/hyakumeiten/yakitori/2021	The Tabelog Award / 百名店 2021 公式名簿候補
23001704	23001704	千亀	愛知県	飲食店	焼鳥	栄（名古屋）駅	https://tabelog.com/aichi/A2301/A230103/23001704/	https://award.tabelog.com/hyakumeiten/yakitori/2021	The Tabelog Award / 百名店 2021 公式名簿候補
13246437	13246437	BLESS	東京都	飲食店	焼鳥	森下駅	https://tabelog.com/tokyo/A1312/A131201/13246437/	https://award.tabelog.com/hyakumeiten/yakitori/2021	The Tabelog Award / 百名店 2021 公式名簿候補
13116757	13116757	どろまみれ	東京都	飲食店	焼鳥	曙橋駅	https://tabelog.com/tokyo/A1309/A130903/13116757/	https://award.tabelog.com/hyakumeiten/yakitori/2021	The Tabelog Award / 百名店 2021 公式名簿候補
21012245	21012245	焼鳥 みずき	岐阜県	飲食店	焼鳥	岐阜市	https://tabelog.com/gifu/A2101/A210101/21012245/	https://award.tabelog.com/hyakumeiten/yakitori/2021	The Tabelog Award / 百名店 2021 公式名簿候補
13011406	13011406	文ちゃん	東京都	飲食店	焼鳥	飯田橋駅	https://tabelog.com/tokyo/A1309/A130905/13011406/	https://award.tabelog.com/hyakumeiten/yakitori/2021	The Tabelog Award / 百名店 2021 公式名簿候補
13202530	13202530	鳥かど	東京都	飲食店	焼鳥	目黒駅	https://tabelog.com/tokyo/A1316/A131601/13202530/	https://award.tabelog.com/hyakumeiten/yakitori/2021	The Tabelog Award / 百名店 2021 公式名簿候補
13005034	13005034	鳥善 瀬尾	東京都	飲食店	焼鳥	麻布十番駅	https://tabelog.com/tokyo/A1307/A130702/13005034/	https://award.tabelog.com/hyakumeiten/yakitori/2021	The Tabelog Award / 百名店 2021 公式名簿候補
13058653	13058653	鳥はな	東京都	飲食店	焼鳥	新宿三丁目駅	https://tabelog.com/tokyo/A1304/A130401/13058653/	https://award.tabelog.com/hyakumeiten/yakitori/2021	The Tabelog Award / 百名店 2021 公式名簿候補
26033122	26033122	鳥さき	京都府	飲食店	焼鳥	烏丸御池駅	https://tabelog.com/kyoto/A2601/A260202/26033122/	https://award.tabelog.com/hyakumeiten/yakitori/2021	The Tabelog Award / 百名店 2021 公式名簿候補
14064998	14064998	焼鳥 美鶏	神奈川県	飲食店	焼鳥	日本大通り駅	https://tabelog.com/kanagawa/A1401/A140104/14064998/	https://award.tabelog.com/hyakumeiten/yakitori/2021	The Tabelog Award / 百名店 2021 公式名簿候補
13002903	13002903	鳥与志	東京都	飲食店	焼鳥	虎ノ門駅	https://tabelog.com/tokyo/A1308/A130802/13002903/	https://award.tabelog.com/hyakumeiten/yakitori/2021	The Tabelog Award / 百名店 2021 公式名簿候補
13005504	13005504	白金 酉玉 本館	東京都	飲食店	焼鳥	広尾駅	https://tabelog.com/tokyo/A1316/A131602/13005504/	https://award.tabelog.com/hyakumeiten/yakitori/2021	The Tabelog Award / 百名店 2021 公式名簿候補
13020372	13020372	ぎたろう軍鶏 炭火焼鳥 たかはし	東京都	飲食店	焼鳥	五反田駅	https://tabelog.com/tokyo/A1316/A131603/13020372/	https://award.tabelog.com/hyakumeiten/yakitori/2021	The Tabelog Award / 百名店 2021 公式名簿候補
13130757	13130757	焼鳥 うの	東京都	飲食店	焼鳥	奥沢駅	https://tabelog.com/tokyo/A1317/A131711/13130757/	https://award.tabelog.com/hyakumeiten/yakitori/2021	The Tabelog Award / 百名店 2021 公式名簿候補
27092024	27092024	炭火焼鳥コクレ	大阪府	飲食店	焼鳥	新福島駅	https://tabelog.com/osaka/A2701/A270108/27092024/	https://award.tabelog.com/hyakumeiten/yakitori/2021	The Tabelog Award / 百名店 2021 公式名簿候補
13158357	13158357	焼鳥 おがわ	東京都	飲食店	焼鳥	四谷三丁目駅	https://tabelog.com/tokyo/A1309/A130903/13158357/	https://award.tabelog.com/hyakumeiten/yakitori/2021	The Tabelog Award / 百名店 2021 公式名簿候補
13157208	13157208	とり茶太郎	東京都	飲食店	焼鳥	渋谷駅	https://tabelog.com/tokyo/A1303/A130301/13157208/	https://award.tabelog.com/hyakumeiten/yakitori/2021	The Tabelog Award / 百名店 2021 公式名簿候補
13025995	13025995	焼鳥今井	東京都	飲食店	焼鳥	外苑前駅	https://tabelog.com/tokyo/A1306/A130603/13025995/	https://award.tabelog.com/hyakumeiten/yakitori/2021	The Tabelog Award / 百名店 2021 公式名簿候補
13034775	13034775	炭焼き よし鳥	東京都	飲食店	焼鳥	五反田駅	https://tabelog.com/tokyo/A1316/A131603/13034775/	https://award.tabelog.com/hyakumeiten/yakitori/2021	The Tabelog Award / 百名店 2021 公式名簿候補
27001234	27001234	あやむ屋	大阪府	飲食店	焼鳥	新福島駅	https://tabelog.com/osaka/A2701/A270108/27001234/	https://award.tabelog.com/hyakumeiten/yakitori/2021	The Tabelog Award / 百名店 2021 公式名簿候補
13000542	13000542	栄一	東京都	飲食店	焼鳥	京橋駅	https://tabelog.com/tokyo/A1302/A130202/13000542/	https://award.tabelog.com/hyakumeiten/yakitori/2021	The Tabelog Award / 百名店 2021 公式名簿候補
13008082	13008082	やき鳥 宮川	東京都	飲食店	焼鳥	茅場町駅	https://tabelog.com/tokyo/A1302/A130203/13008082/	https://award.tabelog.com/hyakumeiten/yakitori/2021	The Tabelog Award / 百名店 2021 公式名簿候補
13014241	13014241	地鶏屋	東京都	飲食店	焼鳥	新橋駅	https://tabelog.com/tokyo/A1301/A130103/13014241/	https://award.tabelog.com/hyakumeiten/yakitori/2021	The Tabelog Award / 百名店 2021 公式名簿候補
27049377	27049377	炭焼巧房 源	大阪府	飲食店	焼鳥	福島駅	https://tabelog.com/osaka/A2701/A270108/27049377/	https://award.tabelog.com/hyakumeiten/yakitori/2021	The Tabelog Award / 百名店 2021 公式名簿候補
40005228	40005228	かわ屋	福岡県	飲食店	焼鳥	薬院駅	https://tabelog.com/fukuoka/A4001/A400104/40005228/	https://award.tabelog.com/hyakumeiten/yakitori/2021	The Tabelog Award / 百名店 2021 公式名簿候補
27060726	27060726	炭火焼鳥 きち蔵	大阪府	飲食店	焼鳥	阿波座駅	https://tabelog.com/osaka/A2701/A270105/27060726/	https://award.tabelog.com/hyakumeiten/yakitori/2021	The Tabelog Award / 百名店 2021 公式名簿候補
23032616	23032616	炭焼 ちきんかばぶ	愛知県	飲食店	焼鳥	矢場町駅	https://tabelog.com/aichi/A2301/A230103/23032616/	https://award.tabelog.com/hyakumeiten/yakitori/2021	The Tabelog Award / 百名店 2021 公式名簿候補
13045529	13045529	鳥焼 笹や	東京都	飲食店	焼鳥	目黒駅	https://tabelog.com/tokyo/A1316/A131601/13045529/	https://award.tabelog.com/hyakumeiten/yakitori/2021	The Tabelog Award / 百名店 2021 公式名簿候補
13147468	13147468	焼鳥 瀬尾	東京都	飲食店	焼鳥	東京駅	https://tabelog.com/tokyo/A1302/A130201/13147468/	https://award.tabelog.com/hyakumeiten/yakitori/2021	The Tabelog Award / 百名店 2021 公式名簿候補
13001787	13001787	渋谷 森本	東京都	飲食店	焼鳥	渋谷駅	https://tabelog.com/tokyo/A1303/A130301/13001787/	https://award.tabelog.com/hyakumeiten/yakitori/2021	The Tabelog Award / 百名店 2021 公式名簿候補
13001258	13001258	鳥政	東京都	飲食店	焼鳥	表参道駅	https://tabelog.com/tokyo/A1306/A130602/13001258/	https://award.tabelog.com/hyakumeiten/yakitori/2021	The Tabelog Award / 百名店 2021 公式名簿候補
13007710	13007710	武ちゃん	東京都	飲食店	焼鳥	東銀座駅	https://tabelog.com/tokyo/A1301/A130101/13007710/	https://award.tabelog.com/hyakumeiten/yakitori/2021	The Tabelog Award / 百名店 2021 公式名簿候補
13281125	13281125	鳥おか	東京都	飲食店	焼鳥	六本木駅	https://tabelog.com/tokyo/A1307/A130701/13281125/	https://award.tabelog.com/hyakumeiten/yakitori/2021	The Tabelog Award / 百名店 2021 公式名簿候補
27112024	27112024	吾一	大阪府	飲食店	焼鳥	肥後橋駅	https://tabelog.com/osaka/A2701/A270102/27112024/	https://award.tabelog.com/hyakumeiten/yakitori/2021	The Tabelog Award / 百名店 2021 公式名簿候補
13016582	13016582	鳥よし 銀座店	東京都	飲食店	焼鳥	内幸町駅	https://tabelog.com/tokyo/A1301/A130101/13016582/	https://award.tabelog.com/hyakumeiten/yakitori/2021	The Tabelog Award / 百名店 2021 公式名簿候補
13111237	13111237	ヒヨク之トリ	東京都	飲食店	焼鳥	麻布十番駅	https://tabelog.com/tokyo/A1307/A130702/13111237/	https://award.tabelog.com/hyakumeiten/yakitori/2021	The Tabelog Award / 百名店 2021 公式名簿候補
13004097	13004097	銀座バードランド	東京都	飲食店	焼鳥	銀座駅	https://tabelog.com/tokyo/A1301/A130101/13004097/	https://award.tabelog.com/hyakumeiten/yakitori/2021	The Tabelog Award / 百名店 2021 公式名簿候補
27052799	27052799	焼鳥YAMATO	大阪府	飲食店	焼鳥	北新地駅	https://tabelog.com/osaka/A2701/A270101/27052799/	https://award.tabelog.com/hyakumeiten/yakitori/2021	The Tabelog Award / 百名店 2021 公式名簿候補
13109775	13109775	Shaji	東京都	飲食店	焼鳥	麻布十番駅	https://tabelog.com/tokyo/A1307/A130702/13109775/	https://award.tabelog.com/hyakumeiten/yakitori/2021	The Tabelog Award / 百名店 2021 公式名簿候補
